Book,Chapter,Verse,Ref,Indonesian,Subheading
Matius,1,1,Matius 1:1,"Inilah silsilah Isa Al-Masih, anak Daud, anak Ibrahim:",Silsilah Isa Al-Masih
Matius,1,2,Matius 1:2,"Ibrahim mempunyai anak, Ishak; Ishak mempunyai anak, Yakub; Yakub mempunyai anak, Yuda dan saudara-saudaranya;",
Matius,1,3,Matius 1:3,"Yuda mempunyai anak, Peres dan Zerah, dari Tamar; Peres mempunyai anak, Hezron; Hezron mempunyai anak, Ram;",
Matius,1,4,Matius 1:4,"Ram mempunyai anak, Aminadab; Aminadab mempunyai anak, Nahason; Nahason mempunyai anak, Salmon;",
Matius,1,5,Matius 1:5,"Salmon mempunyai anak, Boas, dari Rahab; Boas mempunyai anak, Obed, dari Rut; Obed mempunyai anak, Isai;",
Matius,1,6,Matius 1:6,"Isai mempunyai anak, Daud; Daud mempunyai anak, Sulaiman, dari janda Uria;",
Matius,1,7,Matius 1:7,"Sulaiman mempunyai anak, Rehabeam; Rehabeam mempunyai anak, Abia; Abia mempunyai anak, Asa;",
Matius,1,8,Matius 1:8,"Asa mempunyai anak, Yosafat; Yosafat mempunyai anak, Yoram; Yoram mempunyai anak, Uzia;",
Matius,1,9,Matius 1:9,"Uzia mempunyai anak, Yotam; Yotam mempunyai anak, Ahas; Ahas mempunyai anak, Hizkia;",
Matius,1,10,Matius 1:10,"Hizkia mempunyai anak, Manasye; Manasye mempunyai anak, Amon; Amon mempunyai anak, Yosia;",
Matius,1,11,Matius 1:11,"Yosia mempunyai anak, Yekhonya dan saudara-saudaranya, pada masa bani Israil dibuang ke Babel;",
Matius,1,12,Matius 1:12,"Yekhonya mempunyai anak, Sealtiel, setelah pembuangan ke Babel; Sealtiel mempunyai anak, Zerubabel;",
Matius,1,13,Matius 1:13,"Zerubabel mempunyai anak, Abihud; Abihud mempunyai anak, Elyakim; Elyakim mempunyai anak, Azor;",
Matius,1,14,Matius 1:14,"Azor mempunyai anak, Zadok; Zadok mempunyai anak, Akhim; Akhim mempunyai anak, Eliud;",
Matius,1,15,Matius 1:15,"Eliud mempunyai anak, Eleazar; Eleazar mempunyai anak, Matan; Matan mempunyai anak, Yakub;",
Matius,1,16,Matius 1:16,"Yakub mempunyai anak, Yusuf, yaitu suami Maryam; dari Maryam itulah lahir Isa, Sang Al-Masih.",
Matius,1,17,Matius 1:17,"Jadi, dari Nabi Ibrahim sampai Nabi Daud semuanya ada empat belas keturunan, dari Daud sampai masa pembuangan ke Babel juga ada empat belas keturunan, demikian pula dari masa pembuangan ke Babel sampai Al-Masih ada empat belas keturunan.",
Matius,1,18,Matius 1:18,"Inilah riwayat kelahiran Isa Al-Masih. Ketika Maryam, ibu-Nya, masih bertunangan dengan Yusuf, ternyata Maryam telah mengandung karena kuasa Ruh Allah walaupun Maryam dan Yusuf belum melakukan hubungan sebagai suami istri.",Kelahiran Isa Al-Masih
Matius,1,19,Matius 1:19,"Karena Yusuf, tunangannya, adalah orang yang bertakwa dan berakhlak serta tidak berniat mempermalukan Maryam, maka ia bermaksud memutuskan hubungannya dengan Maryam secara diam-diam.",
Matius,1,20,Matius 1:20,"Tetapi, sementara ia memikirkan hal itu, malaikat Tuhan memperlihatkan diri kepadanya dalam mimpi. Malaikat itu berkata, “Hai Yusuf, anak Daud, janganlah engkau takut menerima Maryam sebagai istrimu karena anak yang ada dalam kandungannya itu berasal dari Ruh Allah.",
Matius,1,21,Matius 1:21,Ia akan melahirkan seorang anak laki-laki dan engkau harus menamai-Nya Isa karena Dialah yang akan menyelamatkan umat-Nya dari dosa-dosa mereka.”,
Matius,1,22,Matius 1:22,"Semua itu terjadi supaya genaplah firman yang telah disampaikan Tuhan melalui nabi-Nya,",
Matius,1,23,Matius 1:23,"“Lihatlah! Seorang anak dara akan mengandung dan melahirkan seorang anak laki-laki. Orang akan menyebut-Nya Immanuel,” yang artinya, “Allah beserta kita.”",
Matius,1,24,Matius 1:24,"Yusuf terbangun dari tidurnya, lalu dilakukannya apa yang diperintahkan oleh malaikat Tuhan. Ia menerima Maryam sebagai istrinya.",
Matius,1,25,Matius 1:25,"Meskipun begitu, ia tetap tidak melakukan hubungan sebagai suami istri dengannya sampai Maryam melahirkan. Kemudian, setelah anak itu lahir, Yusuf menamai-Nya Isa.",
Matius,2,1,Matius 2:1,"Isa lahir di Baitlahim, wilayah Yudea, pada masa pemerintahan Raja Herodes. Lalu, datanglah beberapa orang majusi dari Timur ke Kota Yerusalem.",Orang-Orang Majusi dari Timur
Matius,2,2,Matius 2:2,"Mereka bertanya-tanya, “Di manakah raja bani Israil yang baru dilahirkan itu? Kami telah melihat bintang-Nya di Timur, dan kami datang untuk sujud di hadapan-Nya.”",
Matius,2,3,Matius 2:3,"Ketika hal itu didengar oleh Raja Herodes, terkejutlah ia dan juga semua orang yang tinggal di Kota Yerusalem.",
Matius,2,4,Matius 2:4,"Karena itu, Herodes mengumpulkan semua imam kepala dan para ahli Kitab Suci Taurat bani Israil. Lalu, ia menanyakan kepada mereka di mana Al-Masih dilahirkan.",
Matius,2,5,Matius 2:5,"Jawab mereka, “Di Baitlahim, kota di wilayah Yudea. Karena demikianlah telah dikatakan dalam tulisan nabi,",
Matius,2,6,Matius 2:6,"‘Hai Baitlahim, kota di wilayah Yuda, engkau sekali-kali bukanlah yang terkecil dari antara mereka yang memerintah di Yuda. Karena dari padamu akan muncul seorang pemimpin yang akan menggembalakan umat-Ku Israil.’”",
Matius,2,7,Matius 2:7,"Setelah itu, Herodes memanggil orang-orang majusi itu secara diam-diam. Dimintanya keterangan yang rinci dari mereka kapan bintang itu mulai kelihatan.",
Matius,2,8,Matius 2:8,"Lalu, disuruhnya mereka pergi ke Kota Baitlahim. Katanya, “Pergilah kamu, carilah anak itu baik-baik. Apabila kamu telah menemukan-Nya, kabarkanlah kepadaku supaya aku pun dapat pergi untuk sujud di hadapan-Nya.”",
Matius,2,9,Matius 2:9,"Setelah mendengar apa yang dikatakan oleh raja, pergilah mereka. Tiba-tiba bintang yang mereka lihat di Timur itu muncul kembali dan mendahului mereka, lalu berhenti di atas tempat anak itu berada.",
Matius,2,10,Matius 2:10,"Ketika bintang itu terlihat kembali, mereka pun sangat gembira.",
Matius,2,11,Matius 2:11,"Lalu, masuklah mereka ke rumah itu, dan melihat anak itu dengan Maryam, ibu-Nya. Maka, sujudlah mereka di hadapan anak itu. Mereka membuka tempat harta mereka dan mempersembahkan kepada-Nya persembahan berupa emas, sejenis damar yang wangi, dan kemenyan.",
Matius,2,12,Matius 2:12,"Melalui mimpi mereka diperingatkan untuk tidak kembali kepada Herodes. Oleh sebab itu, mereka pulang ke negeri mereka melalui jalan yang lain.",
Matius,2,13,Matius 2:13,"Sesudah orang-orang majusi itu melanjutkan perjalanan mereka, malaikat Tuhan menampakkan diri kepada Yusuf dalam mimpi. Katanya, “Bangunlah, ambillah anak itu serta ibu-Nya, dan larilah ke Mesir. Kemudian, tinggallah di sana sampai aku memberi kabar kepadamu karena Herodes sedang mencari anak itu untuk membinasakan-Nya!”",Hijrah ke Mesir
Matius,2,14,Matius 2:14,"Maka, bangunlah Yusuf dan pada malam itu juga ia membawa anak itu serta ibu-Nya hijrah ke Mesir.",
Matius,2,15,Matius 2:15,"Mereka tinggal di sana sampai Herodes mati. Dengan demikian, genaplah firman yang disampaikan Tuhan melalui nabi-Nya, “Aku memanggil Anak-Ku dari Mesir.”",
Matius,2,16,Matius 2:16,"Setelah Herodes tahu bahwa ia telah diperdaya oleh orang-orang majusi itu, ia menjadi sangat marah. Ia memerintahkan orang-orangnya untuk membunuh semua anak laki-laki yang ada di Kota Baitlahim serta wilayah sekitarnya, yaitu anak-anak yang berumur dua tahun ke bawah, sesuai dengan keterangan mengenai waktu yang telah ia dapatkan dari orang-orang majusi.",Pembunuhan Anak-Anak di Baitlahim
Matius,2,17,Matius 2:17,"Dengan demikian, genaplah firman yang disampaikan melalui Nabi Yeremia,",
Matius,2,18,Matius 2:18,“Di Rama terdengar suara ratap tangis yang memilukan hati. Rahel menangisi anak-anaknya dan tidak mau dihibur sebab mereka telah tiada.”,
Matius,2,19,Matius 2:19,"Ketika Herodes sudah mati, malaikat Tuhan kembali menampakkan dirinya kepada Yusuf dalam mimpi di Mesir.",Kembali dari Mesir
Matius,2,20,Matius 2:20,"Ia berkata, “Bangunlah, ambillah anak itu serta ibu-Nya dan kembalilah ke Israil karena orang-orang yang hendak membunuh anak itu sudah mati.”",
Matius,2,21,Matius 2:21,"Maka, bangunlah Yusuf, diambilnya anak itu serta ibu-Nya dan pergi ke wilayah Israil.",
Matius,2,22,Matius 2:22,"Tetapi, ketika didengarnya bahwa Arkhelaus menjadi raja wilayah di Yudea menggantikan Herodes, ayahnya, ia pun menjadi takut untuk pergi ke sana. Kemudian, setelah diberi petunjuk melalui mimpi, pergilah ia ke wilayah Galilea.",
Matius,2,23,Matius 2:23,"Ia tinggal di kota yang bernama Nazaret. Dengan demikian, genaplah firman yang telah disampaikan melalui para nabi, “Ia akan disebut Orang Nazaret.”",
Matius,3,1,Matius 3:1,"Pada waktu itu tampillah Nabi Yahya. Ia menyampaikan berita kepada orang-orang di Padang Belantara Yudea, serunya,",Nabi Yahya
Matius,3,2,Matius 3:2,"“Bertobatlah, karena Kerajaan Surga sudah dekat!”",
Matius,3,3,Matius 3:3,"Dialah yang dibicarakan oleh Nabi Yesaya ketika ia berkata, “Terdengar suara orang yang berseru-seru di padang belantara, ‘Persiapkanlah jalan bagi Tuhan, luruskanlah jalan yang akan dilalui-Nya!’”",
Matius,3,4,Matius 3:4,Pakaian Yahya terbuat dari bulu unta dan ikat pinggangnya dari kulit. Sedangkan makanannya ialah belalang dan madu hutan.,
Matius,3,5,Matius 3:5,"Kemudian, berdatanganlah orang-orang dari Yerusalem, dari seluruh wilayah Yudea, dan dari seluruh daerah sekitar Sungai Yordan untuk menemuinya.",
Matius,3,6,Matius 3:6,Mereka semua dipermandikan oleh Yahya di Sungai Yordan setelah mereka mengaku dosa masing-masing.,
Matius,3,7,Matius 3:7,"Ketika Yahya melihat sejumlah orang dari mazhab Farisi dan mazhab Saduki datang pula untuk dipermandikan, ia berkata kepada mereka, “Hai kamu, orang-orang yang tabiatnya seperti ular! Siapakah yang mengajarkan kepadamu bahwa kamu dapat lari dari murka Allah yang akan datang?",
Matius,3,8,Matius 3:8,"Hasilkanlah buah yang sepadan dengan pertobatanmu,",
Matius,3,9,Matius 3:9,"dan janganlah mengira bahwa di dalam hatimu kamu dapat berkata, ‘Nabi Ibrahim adalah bapak leluhur kami.’ Aku memberitahukan kepadamu bahwa Allah dapat saja menjadikan anak-anak bagi Ibrahim dari batu-batu ini.",
Matius,3,10,Matius 3:10,Saat ini kapak telah tersedia pada akar pohon. Setiap pohon yang tidak menghasilkan buah yang baik akan ditebang dan dibuang ke dalam api.,
Matius,3,11,Matius 3:11,"Aku mempermandikan kamu dengan air sebagai tanda pertobatan, tetapi setelah aku, akan datang orang yang lebih berkuasa daripadaku. Untuk membawa kasut-Nya saja pun aku tidak layak. Dia akan mempermandikan kamu dengan Ruh Allah Yang Mahasuci dan dengan api.",
Matius,3,12,Matius 3:12,"Alat penampi ada di tangan-Nya, dan Ia akan membersihkan tempat pengirikan-Nya. Gandum akan dikumpulkan-Nya di lumbung, tetapi sekam akan dibakar-Nya dengan api yang tidak pernah padam.”",
Matius,3,13,Matius 3:13,"Kemudian, datanglah Isa dari Galilea ke Sungai Yordan menemui Yahya untuk dipermandikan olehnya.",Isa Dipermandikan oleh Nabi Yahya
Matius,3,14,Matius 3:14,"Tetapi, Yahya berusaha menolak permintaan-Nya dengan berkata, “Seharusnya akulah yang dipermandikan, tetapi mengapa justru Engkau yang datang kepadaku?”",
Matius,3,15,Matius 3:15,"Sabda Isa kepadanya, “Biarlah hal itu terjadi karena kita patut memenuhi semua kehendak Allah.” Sesudah Isa mengatakan hal itu, kemudian barulah Yahya meluluskan permintaan-Nya itu.",
Matius,3,16,Matius 3:16,"Setelah dipermandikan, Isa pun segera keluar dari air. Pada saat itu juga terbukalah langit dan Ia melihat Ruh Allah turun seperti burung merpati ke atas-Nya.",
Matius,3,17,Matius 3:17,"Kemudian, terdengarlah suara dari surga yang mengatakan, “Inilah Sang Anak yang Kukasihi, kepada-Nyalah Aku berkenan.”",
Matius,4,1,Matius 4:1,"Setelah itu, Isa dibawa oleh Ruh Allah ke padang belantara untuk digoda oleh Iblis.",Godaan di Padang Belantara
Matius,4,2,Matius 4:2,"Ia berpuasa selama empat puluh hari empat puluh malam, lalu Ia pun menjadi lapar.",
Matius,4,3,Matius 4:3,"Kemudian, datanglah si penggoda kepada-Nya serta berkata, “Kalau Engkau adalah Sang Anak yang datang dari Allah, suruhlah batu-batu itu menjadi roti.”",
Matius,4,4,Matius 4:4,"Tetapi, Ia menjawab, “Telah tertulis, ‘Manusia hidup bukan dari roti saja, melainkan dari setiap firman yang keluar dari mulut Allah.’”",
Matius,4,5,Matius 4:5,"Kemudian, Isa dibawa oleh Iblis ke kota suci dan ditempatkan di puncak bangunan Bait Allah.",
Matius,4,6,Matius 4:6,"Kata Iblis kepada-Nya, “Kalau Engkau adalah Sang Anak yang datang dari Allah, terjunlah! Karena telah tertulis, ‘Allah akan menyuruh para malaikat-Nya untuk menjaga-Mu, dan mereka akan menatang Engkau dengan tangannya sehingga kaki-Mu tidak terantuk batu.’”",
Matius,4,7,Matius 4:7,"Sabda Isa kepadanya, “Telah tertulis pula, ‘Janganlah engkau mencobai Allah, Tuhanmu.’”",
Matius,4,8,Matius 4:8,"Selanjutnya, Iblis membawa Isa ke atas sebuah gunung yang tinggi sekali dan kepada-Nya diperlihatkan semua kerajaan dunia dengan kemegahannya.",
Matius,4,9,Matius 4:9,"Berkatalah Iblis kepada-Nya, “Semua itu akan kuberikan kepada-Mu jika Engkau sujud di hadapanku.”",
Matius,4,10,Matius 4:10,"Lalu, sabda Isa kepadanya, “Pergilah, hai Iblis! Karena telah tertulis, ‘Sembahlah Allah, Tuhanmu, dan hanya kepada-Nya sajalah kamu harus beribadah!’”",
Matius,4,11,Matius 4:11,"Akhirnya Iblis pun undur dari hadapan-Nya, lalu para malaikat datang untuk melayani Dia.",
Matius,4,12,Matius 4:12,"Ketika Isa mendengar bahwa Yahya telah ditangkap, Ia pergi ke wilayah Galilea.",Isa Tampil di Galilea
Matius,4,13,Matius 4:13,"Ia meninggalkan Kota Nazaret, lalu menetap di Kota Kapernaum yang letaknya di tepi pantai, di Tanah Zebulon dan Naftali.",
Matius,4,14,Matius 4:14,"Dengan demikian, genaplah firman yang disampaikan melalui Nabi Yesaya,",
Matius,4,15,Matius 4:15,"“Hai Tanah Zebulon dan Tanah Naftali, jalan ke laut, di seberang Sungai Yordan, daerah Galilea yang dihuni orang-orang yang tidak termasuk bani Israil—",
Matius,4,16,Matius 4:16,"bangsa yang tinggal dalam kegelapan telah melihat terang yang cemerlang, dan bagi orang-orang yang tinggal di tempat yang dinaungi maut telah terbit terang.”",
Matius,4,17,Matius 4:17,"Sejak saat itu Isa mulai memberitakan, “Bertobatlah, karena Kerajaan Surga sudah dekat!”",
Matius,4,18,Matius 4:18,"Ketika Isa berjalan di tepi Danau Galilea, Ia melihat dua orang bersaudara, yaitu Simon yang disebut Petrus, dan Andreas, saudaranya. Mereka sedang menebarkan jala di danau itu karena mereka adalah penjala ikan.",Isa Memanggil Pengikut-pengikut-Nya yang Pertama
Matius,4,19,Matius 4:19,"Lalu, sabda Isa kepada mereka, “Mari ikutlah Aku, dan Aku akan menjadikan kamu penjala manusia.”",
Matius,4,20,Matius 4:20,"Mereka segera meninggalkan jala mereka, lalu mengikut Dia.",
Matius,4,21,Matius 4:21,"Kemudian, Isa melanjutkan perjalanan-Nya dan Ia melihat dua orang bersaudara lainnya dalam sebuah perahu, yaitu Yakub dan Yahya. Pada waktu itu mereka sedang memperbaiki jala bersama-sama dengan Zabdi, ayah mereka. Lalu, Isa memanggil mereka.",
Matius,4,22,Matius 4:22,"Mereka segera meninggalkan perahu dan ayah mereka, lalu mengikut Dia.",
Matius,4,23,Matius 4:23,"Isa berjalan mengelilingi seluruh wilayah Galilea. Ia mengajar di rumah-rumah ibadah mereka, memberitakan Injil Kerajaan Surga, dan menyembuhkan semua penyakit serta kelemahan di antara mereka.",Isa Mengajar dan Menyembuhkan Banyak Orang
Matius,4,24,Matius 4:24,"Berita mengenai diri-Nya tersiar di seluruh Siria. Lalu, orang-orang yang terkena berbagai macam penyakit serta penderitaan, yang kerasukan, sakit ayan, dan yang lumpuh, dibawa kepada-Nya, dan Ia pun menyembuhkan mereka.",
Matius,4,25,Matius 4:25,"Banyak sekali orang mengikuti Dia. Mereka berasal dari wilayah Galilea, Dekapolis, Yerusalem, Yudea, dan dari seberang Yordan.",
Matius,5,1,Matius 5:1,"Ketika Isa melihat orang banyak itu, naiklah Ia ke bukit. Setelah Ia duduk, datanglah para pengikut-Nya kepada-Nya.",Ucapan Bahagia
Matius,5,2,Matius 5:2,"Lalu, mulailah Ia mengajar mereka, kata-Nya,",
Matius,5,3,Matius 5:3,“Berbahagialah mereka yang tidak punya apa-apa di hadapan Allah karena merekalah yang memiliki Kerajaan Surga.,
Matius,5,4,Matius 5:4,Berbahagialah mereka yang berdukacita karena mereka akan dihibur.,
Matius,5,5,Matius 5:5,Berbahagialah mereka yang lemah lembut karena mereka akan mewarisi bumi.,
Matius,5,6,Matius 5:6,Berbahagialah mereka yang lapar dan haus melakukan kehendak Allah karena mereka akan dipuaskan.,
Matius,5,7,Matius 5:7,Berbahagialah mereka yang berbelaskasihan karena mereka akan menerima belas kasihan juga.,
Matius,5,8,Matius 5:8,Berbahagialah mereka yang suci hatinya karena mereka akan melihat Allah.,
Matius,5,9,Matius 5:9,Berbahagialah para pendamai karena mereka akan disebut anak-anak Allah.,
Matius,5,10,Matius 5:10,Berbahagialah mereka yang dianiaya karena melakukan kehendak Allah karena milik merekalah Kerajaan Surga.,
Matius,5,11,Matius 5:11,"Berbahagialah kamu apabila karena Aku, kamu dicaci maki, dianiaya, serta difitnah orang.",
Matius,5,12,Matius 5:12,Bersukaria serta bergembiralah sebab pahalamu besar di surga. Pada masa lalu pun para nabi telah dianiaya.”,
Matius,5,13,Matius 5:13,"“Kamu adalah garam dunia. Apabila garam menjadi tawar, dengan apakah garam itu dapat diasinkan? Tentunya garam itu menjadi tidak berguna lagi, lalu dibuang dan diinjak-injak orang, bukan?",Garam Dunia dan Terang Dunia
Matius,5,14,Matius 5:14,Kamu adalah terang dunia. Kota yang letaknya di atas gunung tidak dapat disembunyikan.,
Matius,5,15,Matius 5:15,"Lagi pula, tidak ada orang yang menyalakan pelita, kemudian menutupnya dengan tempayan. Sebaliknya, ia akan menaruhnya pada kaki pelita sehingga dapat menerangi semua orang yang ada di rumah itu.",
Matius,5,16,Matius 5:16,"Demikian pula hendaknya terangmu bercahaya di hadapan orang supaya mereka melihat perbuatanmu yang baik, lalu memuliakan Bapamu yang di surga.”",
Matius,5,17,Matius 5:17,"“Jangan menyangka bahwa Aku datang untuk meniadakan hukum Taurat, yaitu hukum yang terdapat dalam Kitab Suci Taurat, atau firman yang telah disampaikan Allah melalui para nabi. Aku datang bukan untuk meniadakannya, melainkan untuk menggenapinya.",Isa dan Hukum Taurat
Matius,5,18,Matius 5:18,"Sesungguhnya, Aku berkata kepadamu, sebelum langit dan bumi lenyap, satu titik atau satu huruf terkecil pun dari hukum Taurat tidak akan ditiadakan sampai semuanya digenapi.",
Matius,5,19,Matius 5:19,"Sebab itu, siapa meniadakan salah satu perintah yang terkecil sekalipun dari hukum ini, lalu mengajarkannya kepada orang lain, ia akan memperoleh kedudukan yang paling rendah dalam Kerajaan Surga. Tetapi, siapa melakukan dan mengajarkannya, ia akan memperoleh kedudukan yang tinggi dalam Kerajaan Surga.",
Matius,5,20,Matius 5:20,"Karena itu, Aku berkata kepadamu, jika kamu tidak melakukan kehendak Allah lebih daripada para ahli Kitab Suci Taurat dan orang-orang dari mazhab Farisi, maka kamu tidak akan masuk ke dalam Kerajaan Surga.",
Matius,5,21,Matius 5:21,"Kamu telah mendengar perkataan yang disampaikan melalui nenek moyang kita, ‘Jangan membunuh! Siapa melakukannya harus dihakimi.’",
Matius,5,22,Matius 5:22,"Tetapi, Aku berkata kepadamu, siapa marah kepada saudaranya harus dihakimi. Siapa memaki saudaranya dengan berkata, ‘Hai kafir,’ harus dihadapkan ke Mahkamah Agama. Siapa berkata, ‘Hai jahil,’ harus dimasukkan ke neraka jahanam.",
Matius,5,23,Matius 5:23,"Sebab itu, jika engkau membawa persembahanmu ke tempat pembakaran kurban, lalu di sana tiba-tiba engkau ingat bahwa saudaramu menganggap engkau bersalah terhadapnya,",
Matius,5,24,Matius 5:24,"tinggalkanlah persembahanmu itu di depan tempat pembakaran kurban, lalu pergilah berdamai dahulu dengan saudaramu. Setelah itu, barulah engkau boleh datang kembali ke tempat pembakaran kurban untuk mempersembahkan persembahanmu.",
Matius,5,25,Matius 5:25,"Segeralah berdamai dengan orang yang mendakwa engkau sewaktu engkau masih dalam perjalanan bersamanya supaya ia tidak menyerahkan engkau ke pengadilan, lalu hakim menyerahkan engkau kepada petugasnya dan engkau dimasukkan ke penjara.",
Matius,5,26,Matius 5:26,"Sesungguhnya, Aku berkata kepadamu, engkau sekali-kali tidak akan dikeluarkan dari tempat itu sebelum engkau melunasi sisa hutangmu.",
Matius,5,27,Matius 5:27,"Kamu telah mendengar perkataan, ‘Jangan berzina.’",
Matius,5,28,Matius 5:28,"Tetapi, Aku berkata kepadamu, siapa memandang perempuan serta menginginkannya, ia telah berbuat zina dengan perempuan itu di dalam hatinya.",
Matius,5,29,Matius 5:29,"Sebab itu, jika mata kananmu menyebabkan engkau bersalah, cungkil dan buanglah! Karena lebih baik engkau kehilangan satu anggota tubuhmu daripada seluruh tubuhmu dimasukkan ke neraka jahanam.",
Matius,5,30,Matius 5:30,"Demikian juga jika tangan kananmu menyebabkan engkau berdosa, potong dan buanglah! Karena lebih baik engkau kehilangan satu anggota tubuhmu daripada seluruh tubuhmu masuk ke neraka jahanam.",
Matius,5,31,Matius 5:31,"Sudah dikatakan pula, ‘Siapa menceraikan istrinya harus memberi surat talak kepadanya.’",
Matius,5,32,Matius 5:32,"Tetapi, Aku berkata kepadamu, siapa menceraikan istrinya, kecuali karena percabulan, ia menyebabkan istrinya itu berzina, dan siapa menikahi istri yang sudah diceraikan itu, ia pun berzina.",
Matius,5,33,Matius 5:33,"Kamu telah mendengar perkataan yang disampaikan kepada nenek moyang kita, ‘Jangan bersumpah palsu, melainkan bayarlah apa yang sudah kamu sumpahkan itu kepada Tuhan.’",
Matius,5,34,Matius 5:34,"Tetapi, Aku berkata kepadamu, jangan engkau bersumpah, baik demi langit karena langit adalah arasy Allah;",
Matius,5,35,Matius 5:35,atau demi bumi karena bumi adalah tempat tumpuan kaki-Nya; atau demi Yerusalem karena Yerusalem adalah kota tempat Raja Agung tinggal;,
Matius,5,36,Matius 5:36,atau pun demi kepalamu karena kamu tidak dapat memutihkan atau menghitamkan sehelai pun dari rambutmu itu.,
Matius,5,37,Matius 5:37,"Jadi, katakanlah ‘Ya’ jika ya, dan ‘Tidak’ jika memang tidak. Selebihnya dari itu berasal dari si jahat.",
Matius,5,38,Matius 5:38,"Kamu juga telah mendengar perkataan, ‘Mata ganti mata dan gigi ganti gigi.’",
Matius,5,39,Matius 5:39,"Tetapi, Aku berkata kepadamu, jangan melawan orang yang berbuat jahat kepadamu, melainkan jika seseorang menampar pipi kananmu, sodorkanlah juga pipi kirimu;",
Matius,5,40,Matius 5:40,"jika orang ingin mendakwa engkau karena ia menghendaki bajumu, biarlah ia mengambil jubahmu juga;",
Matius,5,41,Matius 5:41,"dan jika orang memaksa engkau berjalan satu setengah kilometer, berjalanlah dengannya sejauh tiga kilometer.",
Matius,5,42,Matius 5:42,"Berilah kepada orang yang meminta, dan jika orang hendak meminjam darimu, janganlah menolaknya.",
Matius,5,43,Matius 5:43,"Kamu telah mendengar perkataan, ‘Kasihilah temanmu dan bencilah musuhmu.’",
Matius,5,44,Matius 5:44,"Tetapi, Aku berkata kepadamu, kasihilah mereka yang menyeterui kamu dan doakanlah orang-orang yang menganiaya kamu.",
Matius,5,45,Matius 5:45,"Dengan demikian, kamu bertindak sebagai anak-anak sejati dari Bapamu yang di surga karena Ia menerbitkan matahari-Nya bukan hanya untuk orang yang baik, tetapi juga bagi orang yang jahat. Ia pun menurunkan hujan tidak hanya untuk orang yang saleh, tetapi juga bagi orang yang fasik.",
Matius,5,46,Matius 5:46,"Jika kamu hanya mengasihi orang yang mengasihi kamu, apakah pahalamu? Bukankah pemungut cukai pun melakukan hal yang sama?",
Matius,5,47,Matius 5:47,"Demikian pula jika kamu hanya mengucapkan salam kepada saudaramu, apa istimewanya perbuatanmu itu? Bukankah orang-orang yang tidak mengenal Allah pun berbuat demikian?",
Matius,5,48,Matius 5:48,"Sebab itu, hendaklah kamu sempurna, sama seperti Bapamu yang di surga adalah sempurna.”",
Matius,6,1,Matius 6:1,"“Ingatlah baik-baik, jangan kamu menunaikan ibadahmu di hadapan orang dengan maksud supaya terlihat oleh mereka. Karena jika begitu, kamu tidak akan mendapat pahala dari Bapamu yang di surga.",Hal Memberi Sedekah
Matius,6,2,Matius 6:2,"Pada waktu engkau memberi sedekah, janganlah hal itu kauumumkan dengan tiupan nafiri, seperti dilakukan oleh orang-orang munafik di rumah-rumah ibadah serta di jalan-jalan dengan maksud supaya mereka dipuji orang. Sesungguhnya, Aku berkata kepadamu, mereka sudah mendapatkan pahalanya.",
Matius,6,3,Matius 6:3,"Tetapi, engkau, jangan sampai tangan kirimu tahu apa yang diperbuat oleh tangan kananmu pada waktu engkau memberi sedekah.",
Matius,6,4,Matius 6:4,"Dengan demikian, sedekahmu itu tidak kelihatan, dan Bapamu, yang melihat apa yang tidak kelihatan, akan membalas perbuatanmu.”",
Matius,6,5,Matius 6:5,"“Pada waktu kamu berdoa, janganlah kamu berdoa seperti orang-orang munafik. Mereka suka berdoa dengan berdiri di rumah-rumah ibadah serta di persimpangan-persimpangan jalan dengan maksud supaya mereka dapat dilihat oleh orang-orang. Sesungguhnya, Aku berkata kepadamu, mereka sudah mendapat pahalanya.",Hal Berdoa
Matius,6,6,Matius 6:6,"Tetapi, pada waktu engkau hendak berdoa, masuklah ke dalam kamarmu serta tutuplah pintunya. Lalu, berdoalah kepada Bapamu yang tidak kelihatan itu maka Ia, yang melihat apa yang tidak kelihatan itu, akan membalasnya kepadamu.",
Matius,6,7,Matius 6:7,"Selain itu, pada waktu kamu berdoa, janganlah kamu mengulang-ulang kata-kata yang sama seperti yang biasa dilakukan oleh orang-orang yang tidak mengenal Allah. Mereka menyangka bahwa dengan banyaknya kata-kata yang mereka ucapkan, doa mereka akan dikabulkan.",
Matius,6,8,Matius 6:8,Janganlah kamu seperti mereka sebab Bapamu tahu apa yang kamu perlukan sebelum kamu meminta kepada-Nya.,
Matius,6,9,Matius 6:9,"Jadi, hendaklah kamu berdoa demikian, ‘Ya Bapa kami yang di surga, Dikuduskanlah nama-Mu.",
Matius,6,10,Matius 6:10,Datanglah kerajaan-Mu. Terlaksanalah kehendak-Mu di bumi seperti di surga.,
Matius,6,11,Matius 6:11,Berikanlah kepada kami pada hari ini makanan kami secukupnya.,
Matius,6,12,Matius 6:12,"Ampunilah kami karena kesalahan kami, seperti kami mengampuni orang yang bersalah kepada kami.",
Matius,6,13,Matius 6:13,"Janganlah bawa kami ke dalam pencobaan, melainkan lepaskanlah kami dari yang jahat. Karena milik-Mu sajalah kerajaan, kuasa, dan kemuliaan sampai selama-lamanya. Amin.’",
Matius,6,14,Matius 6:14,"Karena jikalau kamu mengampuni kesalahan, maka Bapamu yang di surga akan mengampuni kesalahanmu juga.",
Matius,6,15,Matius 6:15,"Tetapi, jikalau kamu tidak mengampuni kesalahan orang, maka Bapamu tidak akan mengampuni kesalahanmu juga.”",
Matius,6,16,Matius 6:16,"“Demikian pula halnya pada waktu kamu berpuasa. Janganlah kamu berpuasa seperti orang-orang munafik. Mereka mengubah air muka mereka dan bermuka masam supaya orang-orang dapat mengetahui bahwa mereka sedang berpuasa. Sesungguhnya, Aku berkata kepadamu, mereka sudah mendapat pahalanya.",Hal Berpuasa
Matius,6,17,Matius 6:17,"Tetapi, pada waktu engkau berpuasa, minyakilah kepalamu dan basuhlah mukamu.",
Matius,6,18,Matius 6:18,"Dengan begitu, tidak ada yang dapat melihat bahwa engkau sedang berpuasa, kecuali Bapamu yang tidak kelihatan itu. Ia, yang melihat apa yang tidak kelihatan, akan membalas perbuatanmu.”",
Matius,6,19,Matius 6:19,"“Janganlah kamu menyimpan bagi dirimu harta di bumi, di mana ngengat dan karat dapat merusaknya, dan pencuri dapat membongkar serta mencurinya.",Hal Mengumpulkan Harta
Matius,6,20,Matius 6:20,"Tetapi, simpanlah bagi dirimu harta di surga karena ngengat dan karat tidak dapat merusaknya, dan pencuri pun tidak dapat membongkar serta mencurinya.",
Matius,6,21,Matius 6:21,"Karena di mana hartamu berada, di situlah juga hatimu.",
Matius,6,22,Matius 6:22,"Mata adalah pelita tubuh. Sebab itu, jika matamu baik, maka teranglah seluruh tubuhmu.",
Matius,6,23,Matius 6:23,"Tetapi, jika matamu jahat, maka gelaplah seluruh tubuhmu. Jadi, jika terang yang ada padamu menjadi gelap, betapa gelapnya kegelapan itu.",
Matius,6,24,Matius 6:24,"Tidak seorang pun dapat mengabdi kepada dua tuan karena ia akan membenci yang seorang dan mengasihi yang lain, atau ia akan setia kepada yang seorang dan mengabaikan yang lain. Oleh sebab itu, kamu tidak dapat sekaligus mengabdi kepada Allah dan kepada harta duniawi.”",
Matius,6,25,Matius 6:25,"“Sebab itu, Aku berkata kepadamu, janganlah khawatir tentang hidupmu, yaitu tentang apa yang akan kamu makan atau tentang apa yang akan kamu minum. Demikian juga halnya dengan tubuhmu, yaitu tentang apa yang akan kamu pakai. Bukankah hidup lebih penting daripada makanan dan tubuh lebih penting daripada pakaian?",Hal Kekhawatiran
Matius,6,26,Matius 6:26,"Lihatlah burung-burung di udara. Mereka tidak menabur, tidak menuai, dan tidak mengumpulkan makanannya di lumbung. Namun, mereka dipelihara oleh Bapamu yang di surga. Bukankah kamu lebih bernilai daripada burung-burung itu?",
Matius,6,27,Matius 6:27,"Lagi pula, siapa di antara kamu yang karena kekhawatirannya dapat memperpanjang umurnya sedikit saja?",
Matius,6,28,Matius 6:28,"Kalau begitu, mengapa kamu khawatir tentang pakaian? Perhatikanlah bunga bakung yang tumbuh di padang. Tumbuhan itu tidak bekerja dan juga tidak memintal,",
Matius,6,29,Matius 6:29,"namun Aku berkata kepadamu, Nabi Sulaiman dengan segala kemuliaannya pun tidak pernah berdandan seindah salah satu dari bunga-bunga itu.",
Matius,6,30,Matius 6:30,"Jadi, jika Allah mendandani sedemikian rupa rumput di padang, yang hari ini ada dan esok dicampakkan ke api, bukankah Ia akan lebih lagi memberi pakaian kepadamu, hai orang-orang yang kurang percaya!",
Matius,6,31,Matius 6:31,"Sebab itu, janganlah kamu khawatir dan berkata, ‘Apa yang akan kami makan?’ atau, ‘Apa yang akan kami minum?’ atau, ‘Apa yang akan kami pakai?’",
Matius,6,32,Matius 6:32,"Semua itu dikejar oleh orang-orang yang tidak mengenal Allah, tetapi Bapamu yang di surga tahu bahwa kamu memerlukan semua itu.",
Matius,6,33,Matius 6:33,Carilah dahulu Kerajaan Allah dan kehendak-Nya maka semua itu akan ditambahkan kepadamu.,
Matius,6,34,Matius 6:34,"Janganlah kamu khawatir tentang hari esok karena hari esok mempunyai kesusahannya sendiri. Jadi, kesusahan sehari cukuplah untuk sehari.”",
Matius,7,1,Matius 7:1,“Janganlah kamu menghakimi supaya kamu tidak dihakimi.,Hal Menghakimi
Matius,7,2,Matius 7:2,"Karena sebagaimana kamu menghakimi, demikian pulalah kamu akan dihakimi, dan dengan ukuran apa engkau mengukur, itu pulalah yang akan diukurkan kepadamu.",
Matius,7,3,Matius 7:3,"Mengapa engkau melihat serbuk kayu di dalam mata saudaramu, sedangkan balok kayu di dalam matamu sendiri tidak kausadari?",
Matius,7,4,Matius 7:4,"Bagaimana engkau dapat berkata kepada saudaramu, ‘Izinkan aku mengeluarkan serbuk kayu itu dari matamu,’ padahal di matamu sendiri ada balok kayu?",
Matius,7,5,Matius 7:5,"Hai orang munafik, keluarkanlah dahulu balok kayu yang ada dalam matamu, kemudian barulah engkau dapat melihat dengan jelas untuk mengeluarkan serbuk kayu dari mata saudaramu.”",
Matius,7,6,Matius 7:6,"“Janganlah kamu memberikan barang yang suci kepada anjing atau melemparkan mutiaramu ke hadapan babi supaya barang berharga itu tidak diinjak-injak dengan kakinya, lalu binatang itu berbalik menyerang kamu.”",Hal yang Suci dan Berharga
Matius,7,7,Matius 7:7,“Mintalah maka akan diberikan kepadamu; carilah maka kamu akan mendapat; ketuklah maka pintu akan dibukakan untukmu.,Hal Pengabulan Doa
Matius,7,8,Matius 7:8,"Karena orang yang meminta, akan menerima; orang yang mencari, akan mendapat; dan orang yang mengetuk pintu, baginyalah pintu akan dibukakan.",
Matius,7,9,Matius 7:9,Siapakah di antara kamu yang memberi batu kepada anaknya jika ia meminta roti?,
Matius,7,10,Matius 7:10,Atau memberinya ular jika ia meminta ikan?,
Matius,7,11,Matius 7:11,"Jadi, jika kamu yang jahat tahu memberi pemberian yang baik kepada anak-anakmu, terlebih lagi Bapamu yang di surga! Ia akan memberi pemberian yang baik kepada setiap orang yang memohon kepada-Nya.”",
Matius,7,12,Matius 7:12,“Perbuatlah terhadap orang lain apa yang kamu kehendaki mereka perbuat terhadap kamu karena demikianlah ajaran hukum Taurat dan firman yang disampaikan Allah melalui para nabi.,Jalan yang Benar
Matius,7,13,Matius 7:13,"Masuklah melalui pintu yang sempit karena gerbang yang lebar dan jalan yang luas menuju kebinasaan, dan banyak orang yang melaluinya.",
Matius,7,14,Matius 7:14,"Sedangkan pintu yang sempit dan jalan yang sesak adalah jalan menuju kehidupan, dan hanya sedikit orang yang mendapatkannya.”",
Matius,7,15,Matius 7:15,"“Waspadalah terhadap nabi-nabi palsu karena mereka datang kepadamu dengan menyamar seperti domba, tetapi sesungguhnya hati mereka seperti serigala-serigala buas.",Hal Pengajaran yang Sesat
Matius,7,16,Matius 7:16,Dari buah-buah kehidupannyalah kamu akan mengenali mereka. Pernahkah orang memetik buah anggur dari semak duri? Atau pernahkah buah ara dipetik dari tumbuhan berduri lainnya?,
Matius,7,17,Matius 7:17,"Setiap pohon yang baik akan menghasilkan buah yang baik, tetapi pohon yang tidak baik akan menghasilkan buah yang tidak baik pula.",
Matius,7,18,Matius 7:18,"Pohon yang baik tidak dapat menghasilkan buah yang tidak baik, dan pohon yang tidak baik tidak dapat menghasilkan buah yang baik.",
Matius,7,19,Matius 7:19,Setiap pohon yang tidak menghasilkan buah yang baik akan ditebang dan dibuang ke dalam api.,
Matius,7,20,Matius 7:20,"Jadi, dari buah-buah kehidupannyalah kamu akan mengenali nabi-nabi palsu itu.",
Matius,7,21,Matius 7:21,"Tidak semua orang yang berseru kepada-Ku, ‘Ya Junjungan kami, ya Junjungan kami,’ akan masuk ke Kerajaan Surga, melainkan hanya mereka yang melaksanakan kehendak Bapa-Ku yang di surga.",
Matius,7,22,Matius 7:22,"Pada hari menjelang kiamat akan banyak orang yang berseru, ‘Ya Junjungan kami, ya Junjungan kami, bukankah dengan nama-Mu kami telah mengajar orang, dengan nama-Mu kami telah mengusir setan, dan dengan nama-Mu pula kami telah mengadakan mukjizat?’",
Matius,7,23,Matius 7:23,"Pada saat itu secara terus terang Aku akan berkata kepada mereka, ‘Aku tidak pernah mengenal kamu. Enyahlah dari hadapan-Ku, hai orang-orang yang mungkar!’”",
Matius,7,24,Matius 7:24,"“Setiap orang yang mendengar perkataan-Ku dan melaksanakannya, ia sama dengan orang yang bijaksana, yang membangun rumahnya di atas dasar yang kuat.",Dua Macam Dasar
Matius,7,25,Matius 7:25,"Pada saat hujan turun, banjir datang dan angin kencang menerpa rumah itu, namun rumah itu tidak roboh karena didirikan di atas dasar yang kuat.",
Matius,7,26,Matius 7:26,"Tetapi, siapa mendengar perkataan-Ku dan tidak melaksanakannya, ia sama dengan orang bodoh, yang membangun rumahnya tanpa dasar yang kuat.",
Matius,7,27,Matius 7:27,"Pada saat hujan turun, banjir datang dan angin kencang menerpa rumah itu maka robohlah rumah itu dan besarlah kerusakannya.”",
Matius,7,28,Matius 7:28,"Setelah Isa mengakhiri pengajaran-Nya, orang banyak menjadi heran",Kesan Pendengar
Matius,7,29,Matius 7:29,"karena Ia mengajar mereka sebagai seorang yang berwibawa, tidak seperti para ahli Kitab Suci Taurat.",
Matius,8,1,Matius 8:1,"Setelah Isa turun dari bukit, orang banyak yang jumlahnya besar mengikuti Dia.",Isa Menyembuhkan Seorang yang Sakit Kusta
Matius,8,2,Matius 8:2,"Lalu, datanglah kepada-Nya seorang yang berpenyakit kusta. Ia sujud di hadapan-Nya dan berkata, “Tuan, jika Tuan menghendaki, Tuan dapat menahirkan aku.”",
Matius,8,3,Matius 8:3,"Isa mengulurkan tangan-Nya dan menyentuh orang itu, lalu bersabda, “Aku menghendakinya, tahirlah!” Saat itu juga, orang itu sembuh dari kustanya.",
Matius,8,4,Matius 8:4,"Lalu, sabda Isa kepadanya, “Ingat, jangan kauceritakan hal ini kepada seorang pun, tetapi pergi dan tunjukkanlah dirimu kepada imam, lalu persembahkanlah persembahan yang diperintahkan oleh Musa, sebagai kesaksian bagi mereka.”",
Matius,8,5,Matius 8:5,"Ketika Isa masuk ke Kota Kapernaum, datanglah seorang perwira kepada-Nya dan memohon,",Isa Menyembuhkan Hamba Seorang Perwira di Kapernaum
Matius,8,6,Matius 8:6,"“Ya Junjungan, di rumahku ada seorang hamba yang sedang terbaring karena sakit lumpuh. Ia sangat menderita.”",
Matius,8,7,Matius 8:7,"Sabda Isa kepadanya, “Aku akan datang untuk menyembuhkannya.”",
Matius,8,8,Matius 8:8,"Jawab perwira itu, “Ya Junjungan, aku tidak layak menerima Junjungan di rumahku, tetapi katakanlah sepatah kata saja maka hambaku akan sembuh.",
Matius,8,9,Matius 8:9,"Karena aku adalah seorang bawahan, dan di bawahku pun ada para prajurit. Jika aku berkata kepada seorang dari antara mereka, ‘Pergi,’ ia segera pergi; jika aku berkata kepada yang lainnya, ‘Kemari,’ ia pun segera datang; dan jika aku berkata kepada hambaku, ‘Kerjakan ini,’ ia pun segera mengerjakannya.”",
Matius,8,10,Matius 8:10,"Mendengar hal itu, Isa merasa heran. Lalu, Ia bersabda kepada para pengikut-Nya, “Sesungguhnya, Aku berkata kepadamu, belum pernah Kudapati iman yang demikian ini, bahkan di antara orang Israil sekalipun.",
Matius,8,11,Matius 8:11,"Aku berkata pula kepadamu, banyak orang akan datang dari timur dan barat, lalu mereka duduk makan di dalam Kerajaan Surga bersama-sama dengan Ibrahim, Ishak, dan Yakub.",
Matius,8,12,Matius 8:12,"Tetapi, anak-anak kerajaan itu sendiri akan dicampakkan ke dalam kegelapan yang paling gelap. Di tempat itu akan ada ratapan dan kertak gigi.”",
Matius,8,13,Matius 8:13,"Kemudian, sabda Isa kepada perwira itu, “Pulanglah, jadilah seperti yang kaupercayai.” Maka, sembuhlah hambanya pada saat itu juga.",
Matius,8,14,Matius 8:14,"Ketika Isa masuk ke rumah Petrus, Ia melihat ibu mertua Petrus sedang terbaring karena demam.",Isa Menyembuhkan Ibu Mertua Petrus dan Orang-Orang Lain
Matius,8,15,Matius 8:15,"Isa menyentuh tangannya, lalu demamnya pun hilang. Kemudian, perempuan itu bangun dan menyambut kedatangan-Nya.",
Matius,8,16,Matius 8:16,"Pada waktu magrib banyak orang yang dibelenggu setan dibawa kepada-Nya. Ia mengusir setan-setan itu dengan sepatah kata, dan menyembuhkan semua orang yang menderita sakit.",
Matius,8,17,Matius 8:17,"Dengan demikian, genaplah firman yang disampaikan melalui Nabi Yesaya, “Dialah yang mengangkat kelemahan kita dan yang menanggung penyakit kita.”",
Matius,8,18,Matius 8:18,"Pada waktu Isa melihat orang banyak berkerumun mengelilingi-Nya, Ia menyuruh para pengikut-Nya berlayar ke seberang.",Hal Mengikut Isa
Matius,8,19,Matius 8:19,"Lalu, datanglah seorang ahli Kitab Suci Taurat dan berkata kepada-Nya, “Ya Guru, aku akan mengikut Engkau ke mana pun Engkau pergi.”",
Matius,8,20,Matius 8:20,"Sabda Isa, “Serigala mempunyai liang dan burung mempunyai sarang, tetapi Anak Manusia tidak mempunyai tempat untuk meletakkan kepala-Nya.”",
Matius,8,21,Matius 8:21,"Kemudian, seorang pengikut-Nya yang lain berkata kepada-Nya, “Ya Junjungan, izinkanlah aku pergi memakamkan ayahku terlebih dahulu.”",
Matius,8,22,Matius 8:22,"Tetapi, sabda Isa kepadanya, “Ikutlah Aku, dan biarkanlah orang-orang mati memakamkan mereka yang mati.”",
Matius,8,23,Matius 8:23,"Setelah itu, Isa naik ke perahu dan para pengikut-Nya pun mengikuti Dia.",Angin Ribut Diredakan
Matius,8,24,Matius 8:24,Tiba-tiba danau itu dilanda badai besar sehingga perahu mereka terpukul ombak. Waktu itu Isa sedang tidur.,
Matius,8,25,Matius 8:25,"Lalu, para pengikut-Nya datang membangunkan Dia dan berseru kepada-Nya, “Ya Junjungan, selamatkanlah kami! Kita binasa!”",
Matius,8,26,Matius 8:26,"Sabda Isa kepada mereka, “Mengapa kamu takut, hai kamu yang kurang percaya?” Maka, bangunlah Isa. Dihardik-Nya angin serta danau itu, hingga danau menjadi teduh sekali.",
Matius,8,27,Matius 8:27,"Mereka merasa heran, lalu berkata, “Orang macam apa ini hingga angin dan danau pun menuruti perintah-Nya?”",
Matius,8,28,Matius 8:28,"Kemudian, sampailah Isa di seberang danau, di daerah orang Gadara. Di situ Ia bertemu dengan dua orang yang dikuasai setan-setan. Keduanya datang dari pemakaman. Mereka sangat berbahaya sehingga tidak ada seorang pun yang berani melintasi jalan itu.",Dua Orang yang Dikuasai Setan-Setan Disembuhkan
Matius,8,29,Matius 8:29,"Lalu, berteriaklah mereka, “Apa sangkut paut-Mu dengan kami, hai Sang Anak yang datang dari Allah? Apakah kedatangan-Mu ini untuk mengazab kami sebelum waktunya?”",
Matius,8,30,Matius 8:30,Agak jauh dari tempat mereka itu ada sekawanan babi yang sedang mencari makan.,
Matius,8,31,Matius 8:31,"Kemudian, setan-setan itu memohon kepada Isa, “Jika Engkau hendak mengusir kami, izinkanlah kami memasuki kawanan babi itu.”",
Matius,8,32,Matius 8:32,"Sabda Isa kepada setan-setan itu, “Pergilah!” Maka, setan-setan itu pun keluar dan memasuki babi-babi itu. Kemudian, dengan tiba-tiba seluruh kawanan babi itu terjun dari tepi tebing bukit ke danau, lalu mati di dalam air.",
Matius,8,33,Matius 8:33,"Gembala-gembala dari kawanan babi itu lari ke kota. Mereka menceritakan semuanya, juga tentang dua orang yang dikuasai setan-setan.",
Matius,8,34,Matius 8:34,"Kemudian, keluarlah semua penduduk kota itu untuk menemui Isa. Setelah mereka bertemu dengan-Nya, mereka meminta agar Ia pergi dari daerah mereka.",
Matius,9,1,Matius 9:1,"Setelah naik ke perahu, Isa menyeberang, lalu sampai di kota-Nya sendiri.",Orang Lumpuh Disembuhkan
Matius,9,2,Matius 9:2,"Kemudian, datanglah beberapa orang kepada-Nya membawa seorang lumpuh yang terbaring di tempat tidurnya. Ketika Isa melihat iman mereka, bersabdalah Ia kepada orang lumpuh itu, “Teguhkanlah hatimu, hai anak-Ku, dosamu sudah diampuni.”",
Matius,9,3,Matius 9:3,"Beberapa ahli Kitab Suci Taurat yang ada di situ berkata dalam hati mereka, “Ia menghujah Allah.”",
Matius,9,4,Matius 9:4,"Isa mengetahui pikiran mereka. Oleh karena itu, Ia bersabda, “Apa sebabnya kamu memikirkan hal yang jahat di dalam hatimu?",
Matius,9,5,Matius 9:5,"Manakah lebih mudah dikatakan, ‘Dosamu sudah diampuni,’ atau, ‘Bangun dan berjalanlah?’",
Matius,9,6,Matius 9:6,"Akan tetapi, kamu harus tahu bahwa di bumi ini Anak Manusia mempunyai wewenang untuk mengampuni dosa.” Lalu, Ia bersabda kepada orang lumpuh itu, “Bangun, angkatlah tempat tidurmu dan pulanglah ke rumahmu!”",
Matius,9,7,Matius 9:7,"Orang itu pun bangun, lalu pulang ke rumahnya.",
Matius,9,8,Matius 9:8,"Ketika orang banyak melihat hal itu, mereka menjadi takut, lalu memuliakan Allah yang memberi wewenang sebesar itu kepada manusia.",
Matius,9,9,Matius 9:9,"Dari sana, Isa melanjutkan perjalanan-Nya. Kemudian, Ia melihat seseorang bernama Matius sedang duduk di tempat pembayaran cukai. Sabda Isa kepadanya, “Ikutlah Aku!” Ia berdiri, lalu mengikut Isa.",Matius Pemungut Cukai Mengikut Isa
Matius,9,10,Matius 9:10,"Selanjutnya, ketika Isa makan di rumah Matius, datanglah para pemungut cukai dan para pendosa, lalu mereka turut makan bersama-sama dengan Isa serta para pengikut-Nya.",
Matius,9,11,Matius 9:11,"Pada waktu orang-orang dari mazhab Farisi melihat hal itu, mereka berkata kepada para pengikut-Nya, “Mengapa Gurumu makan dengan para pemungut cukai dan para pendosa?”",
Matius,9,12,Matius 9:12,"Hal itu didengar oleh Isa, lalu bersabdalah Ia, “Orang-orang yang sehat tidak memerlukan tabib, melainkan orang-orang sakitlah yang memerlukannya.",
Matius,9,13,Matius 9:13,"Pergilah dan pelajarilah arti firman ini, ‘Aku menghendaki belas kasihan dan bukan persembahan.’ Kedatangan-Ku pun bukan untuk memanggil orang-orang saleh, melainkan orang-orang berdosa.”",
Matius,9,14,Matius 9:14,"Pada suatu ketika, para pengikut Yahya datang kepada Isa. Mereka bertanya, “Apa sebabnya kami dan juga orang-orang dari mazhab Farisi kerap berpuasa, sedangkan para pengikut-Mu tidak?”",Hal Berpuasa
Matius,9,15,Matius 9:15,"Maka, sabda Isa kepada mereka, “Bolehkah sahabat-sahabat mempelai pria berdukacita selama mempelai itu masih bersama-sama dengan mereka? Tetapi, akan tiba waktunya mempelai pria itu diambil dari antara mereka. Pada saat itu barulah mereka akan berpuasa.",
Matius,9,16,Matius 9:16,Tidak seorang pun akan menambalkan secarik kain baru pada pakaian yang sudah tua karena kain penambal itu akan menyebabkan pakaian itu koyak sehingga semakin besarlah koyaknya.,
Matius,9,17,Matius 9:17,"Demikian pula tidak seorang pun akan menuang air anggur baru ke dalam kirbat-kirbat kulit yang sudah tua karena jika begitu, maka air anggur akan merusak kirbat-kirbat kulit itu. Akibatnya air anggur itu akan tertumpah dan kirbat-kirbat kulitnya pun akan hancur. Jadi, air anggur baru harus disimpan pada kirbat-kirbat kulit yang baru pula sehingga terpeliharalah keduanya.”",
Matius,9,18,Matius 9:18,"Sementara Isa masih berbicara dengan mereka, tiba-tiba datanglah seorang kepala rumah ibadah, lalu sujud dan berkata, “Anakku yang perempuan baru saja meninggal, tetapi datanglah dan tumpangkanlah tangan-Mu ke atasnya maka ia akan hidup.”",Anak Kepala Rumah Ibadah; Perempuan yang Sakit Pendarahan
Matius,9,19,Matius 9:19,"Kemudian, berdirilah Isa, lalu beserta para pengikut-Nya mengikuti kepala rumah ibadah itu.",
Matius,9,20,Matius 9:20,"Sementara itu, di situ ada seorang perempuan yang sudah dua belas tahun menderita sakit pendarahan. Ia mendekati Isa dari arah belakang, lalu menyentuh jumbai jubah-Nya",
Matius,9,21,Matius 9:21,"karena katanya dalam hatinya, “Jika aku dapat memegang jubah-Nya saja, maka aku akan sembuh.”",
Matius,9,22,Matius 9:22,"Kemudian, berpalinglah Isa dan memandang perempuan itu sambil bersabda, “Teguhkanlah hatimu, hai anak-Ku, imanmu telah mendatangkan kesembuhan bagimu.” Pada saat itu juga sembuhlah perempuan itu dari penyakitnya.",
Matius,9,23,Matius 9:23,"Setelah Isa sampai di tempat tinggal kepala rumah ibadah tadi dan melihat para peniup seruling serta orang-orang berkabung yang sedang meratap,",
Matius,9,24,Matius 9:24,"bersabdalah Ia, “Keluarlah, karena anak perempuan ini tidak mati, tetapi tidur.” Mereka lalu menertawakan-Nya.",
Matius,9,25,Matius 9:25,"Setelah orang banyak itu diminta keluar, masuklah Isa. Ia memegang tangan anak perempuan itu, dan anak itu pun bangun.",
Matius,9,26,Matius 9:26,"Kemudian, tersiarlah kabar mengenai hal ini ke seluruh wilayah itu.",
Matius,9,27,Matius 9:27,"Ketika Isa berangkat dari sana, ada dua orang buta yang mengikuti-Nya, dan sambil berteriak-teriak mereka memohon, “Ya Anak Daud, kasihanilah kami!”",Isa Menyembuhkan Mata Dua Orang Buta
Matius,9,28,Matius 9:28,"Setelah Ia masuk ke rumah, kedua orang buta itu datang ke hadapan-Nya. Lalu, sabda Isa kepada mereka, “Apakah kamu percaya bahwa Aku dapat melakukan hal itu?” Jawab mereka, “Ya Junjungan, kami percaya!”",
Matius,9,29,Matius 9:29,"Isa menyentuh mata kedua orang itu sambil bersabda, “Jadilah padamu seperti yang engkau imani!”",
Matius,9,30,Matius 9:30,"Maka, mata mereka pun dapat melihat. Lalu, dengan tegas Isa melarang mereka, “Ingat, jangan sampai hal ini diketahui oleh siapa pun!”",
Matius,9,31,Matius 9:31,"Tetapi, kedua orang itu tetap saja pergi memasyhurkan Dia ke seluruh wilayah itu.",
Matius,9,32,Matius 9:32,"Sesaat setelah kedua orang yang tadinya buta itu pergi, dibawalah kepada Isa seorang yang menjadi bisu karena dibelenggu setan.",Seorang Bisu Disembuhkan
Matius,9,33,Matius 9:33,"Setelah setan itu diusir, orang bisu itu dapat berbicara lagi. Orang banyak pun menjadi heran, lalu mereka berkata, “Belum pernah terlihat hal yang demikian ini di Israil.”",
Matius,9,34,Matius 9:34,"Tetapi, orang-orang dari mazhab Farisi berkata, “Ia mengusir setan dengan kuasa pemimpin para setan.”",
Matius,9,35,Matius 9:35,"Kemudian, Isa pergi ke semua kota dan desa sambil mengajar di rumah-rumah ibadah mereka, memberitakan Injil Kerajaan Surga, dan menyembuhkan segala penyakit serta kelemahan.",Belas Kasihan Isa terhadap Orang Banyak
Matius,9,36,Matius 9:36,"Ketika Isa melihat orang banyak itu, Ia merasa kasihan kepada mereka sebab mereka lelah dan terlantar, seperti domba yang tak bergembala.",
Matius,9,37,Matius 9:37,"Kemudian, Ia bersabda kepada para pengikut-Nya, “Tuaian memang banyak, tetapi penuainya hanya sedikit.",
Matius,9,38,Matius 9:38,"Sebab itu, mintalah kepada Sang Tuan pemilik tuaian supaya Ia mengutus para penuai untuk menuai tuaian-Nya.”",
Matius,10,1,Matius 10:1,"Isa memanggil kedua belas pengikut-Nya, lalu memberikan kepada mereka wewenang untuk mengusir setan-setan dan menyembuhkan segala penyakit serta segala kelemahan.",Isa Memanggil Kedua Belas Rasul
Matius,10,2,Matius 10:2,"Inilah nama kedua belas rasul itu: Simon, yang disebut Petrus, dan Andreas, saudaranya; Yakub bin Zabdi, dan Yahya, saudaranya;",
Matius,10,3,Matius 10:3,"Filipus dan Bartolomeus; Tomas dan Matius, pemungut cukai; Yakub bin Alpius, dan Tadeus;",
Matius,10,4,Matius 10:4,"Simon orang Zelot, dan Yudas Iskariot, yaitu orang yang mengkhianati Isa.",
Matius,10,5,Matius 10:5,"Kemudian, Isa mengutus kedua belas pengikut-Nya itu. Ia berpesan kepada mereka, sabda-Nya, “Jangan pergi ke wilayah orang-orang bukan Yahudi atau ke kota orang Samaria,",Isa Mengutus Kedua Belas Rasul
Matius,10,6,Matius 10:6,tetapi pergilah kepada domba-domba yang hilang dari antara bani Israil.,
Matius,10,7,Matius 10:7,"Pergilah dan beritakanlah kepada mereka, ‘Kerajaan Surga sudah dekat.’",
Matius,10,8,Matius 10:8,"Sembuhkanlah orang sakit, hidupkanlah orang mati, tahirkan orang yang najis karena penyakit kusta, dan usirlah setan-setan. Kamu menerima dengan cuma-cuma karena itu berilah dengan cuma-cuma pula.",
Matius,10,9,Matius 10:9,"Jangan bawa emas, perak, atau tembaga dalam ikat pinggangmu.",
Matius,10,10,Matius 10:10,"Jangan bawa tempat bekal dalam perjalananmu, dan juga jangan kenakan dua rangkap pakaian, alas kaki, atau tongkat karena setiap orang yang bekerja patut mendapatkan nafkahnya.",
Matius,10,11,Matius 10:11,"Jika kamu masuk ke suatu kota atau desa, carilah di sana orang yang mau menerima kamu, lalu tinggallah di situ sampai kamu pergi dari tempat itu.",
Matius,10,12,Matius 10:12,"Ketika kamu masuk ke sebuah rumah, ucapkanlah salam padanya.",
Matius,10,13,Matius 10:13,"Jika penghuni rumah itu mau menerima kamu, maka sejahtera yang berasal darimu akan turun ke atasnya. Tetapi, jika tidak, maka sejahtera itu akan kembali kepadamu.",
Matius,10,14,Matius 10:14,"Jika ada orang yang tidak mau menerima kamu dan tidak mendengarkan perkataanmu, kebaskanlah debu dari kakimu ketika kamu pergi dari rumah atau kota itu.",
Matius,10,15,Matius 10:15,"Sesungguhnya, Aku berkata kepadamu, pada hari kiamat, azab atas Sodom dan Gomora akan lebih ringan daripada azab atas kota itu.”",
Matius,10,16,Matius 10:16,"“Lihat, Aku mengutus kamu seperti domba ke tengah-tengah serigala. Sebab itu, hendaklah kamu cerdik seperti ular dan tulus seperti merpati.",Penganiayaan yang Akan Datang dan Pengakuan akan Isa
Matius,10,17,Matius 10:17,"Waspadalah, karena orang-orang akan menyerahkan kamu ke Mahkamah-mahkamah Agama, dan kamu akan disesah di rumah-rumah ibadah mereka.",
Matius,10,18,Matius 10:18,"Karena Aku, kamu akan digiring ke hadapan para penguasa serta para raja untuk memberi kesaksian di hadapan mereka dan bangsa-bangsa lain.",
Matius,10,19,Matius 10:19,"Apabila mereka menyerahkan kamu, janganlah khawatir mengenai bagaimana atau apa yang akan kamu katakan karena pada waktu itu juga akan dikaruniakan kepadamu apa yang sepatutnya kamu katakan.",
Matius,10,20,Matius 10:20,"Sebab bukan kamu lagi yang berkata-kata, melainkan Ruh Bapamu yang ada di dalam kamu.",
Matius,10,21,Matius 10:21,"Orang akan menyerahkan saudaranya sendiri untuk dibunuh, dan ayah akan menyerahkan anaknya. Anak-anak pun akan melawan orang tuanya, bahkan akan menjatuhkan hukuman mati atas mereka.",
Matius,10,22,Matius 10:22,"Kamu akan dibenci oleh semua orang karena nama-Ku, tetapi siapa yang bertahan sampai kesudahannya akan diselamatkan.",
Matius,10,23,Matius 10:23,"Apabila kamu dianiaya di salah satu kota, larilah ke kota yang lain. Karena sesungguhnya Aku berkata kepadamu, sebelum kamu selesai menjelajahi semua kota lainnya di Israil, Anak Manusia sudah datang.",
Matius,10,24,Matius 10:24,"Seorang murid tidak akan lebih daripada gurunya, dan seorang hamba tidak akan lebih daripada tuannya.",
Matius,10,25,Matius 10:25,"Cukuplah bagi seorang murid apabila ia menjadi sama dengan gurunya, dan bagi seorang hamba apabila ia menjadi sama dengan tuannya. Jadi, jika kepala keluarga mendapat julukan Baalzebul, apalagi anggota-anggota keluarganya!",
Matius,10,26,Matius 10:26,"Sebab itu, janganlah kamu takut kepada mereka. Karena apa yang tertutup akan dinyatakan, dan apa yang tersembunyi akan diketahui orang.",
Matius,10,27,Matius 10:27,"Katakanlah di tempat terang apa yang Kukatakan kepadamu di tempat gelap, dan serukanlah dari sotoh rumahmu apa yang dibisikkan di telingamu.",
Matius,10,28,Matius 10:28,"Janganlah takut kepada mereka yang dapat membunuh tubuh, tetapi tidak mampu membunuh jiwa. Hendaklah kamu lebih takut kepada Dia, yang dapat membinasakan, baik jiwa maupun tubuh, di neraka jahanam.",
Matius,10,29,Matius 10:29,"Bukankah burung pipit dijual orang dengan harga seduit untuk dua ekor? Meskipun demikian, tidak seekor pun dari burung-burung itu akan jatuh ke tanah jika Bapamu tidak menghendakinya.",
Matius,10,30,Matius 10:30,Rambut di kepalamu pun semuanya terhitung.,
Matius,10,31,Matius 10:31,"Sebab itu, janganlah kamu takut karena kamu lebih bernilai daripada banyak burung pipit.",
Matius,10,32,Matius 10:32,"Siapa mengakui Aku di hadapan manusia, Aku pun akan mengakuinya di hadapan Bapa-Ku yang di surga.",
Matius,10,33,Matius 10:33,"Tetapi, siapa menyangkal Aku di hadapan manusia, Aku pun akan menyangkalnya di hadapan Bapa-Ku yang di surga.”",
Matius,10,34,Matius 10:34,"“Jangan menyangka bahwa Aku datang ke bumi untuk membawa damai. Aku datang bukan membawa damai, melainkan pedang.",Isa Membawa Pemisahan; Bagaimana Mengikut Isa
Matius,10,35,Matius 10:35,"Karena kedatangan-Ku ini akan memisahkan anak laki-laki dari ayahnya, anak perempuan dari ibunya, dan menantu perempuan dari mertuanya.",
Matius,10,36,Matius 10:36,Anggota keluarga sendiri akan menjadi musuhnya.,
Matius,10,37,Matius 10:37,"Siapa lebih mengasihi ayahnya atau ibunya daripada Aku, ia tidak layak bagi-Ku. Demikian pula orang yang lebih mengasihi anaknya laki-laki atau anaknya perempuan daripada Aku, ia tidak layak bagi-Ku.",
Matius,10,38,Matius 10:38,"Siapa tidak memikul salibnya serta mengikut Aku, ia tidak layak bagi-Ku.",
Matius,10,39,Matius 10:39,"Siapa berusaha mempertahankan nyawanya, ia akan kehilangan nyawanya, dan siapa kehilangan nyawanya karena Aku, ia akan mendapatkannya.",
Matius,10,40,Matius 10:40,"Siapa menyambut kamu, ia menyambut Aku, dan siapa menyambut Aku, ia menyambut Dia yang mengutus Aku.",
Matius,10,41,Matius 10:41,"Siapa menyambut seorang nabi karena kenabiannya, ia akan mendapat pahala nabi, dan siapa menyambut seorang yang saleh karena kesalehannya, ia akan mendapat pahala orang saleh.",
Matius,10,42,Matius 10:42,"Siapa memberi minum—meskipun hanya secangkir air sejuk—kepada salah seorang yang kecil ini karena ia pengikut-Ku, sesungguhnya Aku berkata kepadamu, sekali-kali ia tidak akan kehilangan pahalanya.”",
Matius,11,1,Matius 11:1,"Setelah Isa selesai menyampaikan pesan-Nya kepada kedua belas pengikut-Nya itu, Ia pergi dari situ untuk mengajar dan mengabarkan Injil di kota-kota lainnya.",Isa dan Nabi Yahya
Matius,11,2,Matius 11:2,"Di dalam penjara, Yahya mendengar segala sesuatu yang dilakukan oleh Al-Masih. Lalu, ia mengutus para pengikutnya",Isa dan Nabi Yahya
Matius,11,3,Matius 11:3,"untuk bertanya kepada Isa, “Engkaukah yang akan datang itu, atau kami masih harus menunggu yang lain?”",
Matius,11,4,Matius 11:4,"Sabda Isa kepada mereka, “Pergi dan beritahukanlah kepada Yahya segala sesuatu yang telah kamu dengar dan kamu lihat:",
Matius,11,5,Matius 11:5,"Orang buta dapat melihat, orang lumpuh dapat berjalan, orang kusta menjadi tahir karena sembuh, orang tuli dapat mendengar, orang mati dihidupkan kembali, dan Injil diberitakan kepada orang-orang miskin.",
Matius,11,6,Matius 11:6,Berbahagialah orang yang tidak meragukan Aku.”,
Matius,11,7,Matius 11:7,"Setelah para utusan Yahya itu pergi, mulailah Isa berbicara tentang Yahya kepada orang banyak itu, sabda-Nya, “Untuk melihat apa kamu pergi ke padang belantara? Untuk melihat serumpun bambu yang bergoyang-goyang karena ditiup angin?",
Matius,11,8,Matius 11:8,"Lalu, untuk melihat apa maksud kepergianmu itu? Untuk melihat orang yang berpakaian indahkah? Orang yang berpakaian demikian itu di istana-istana raja tempatnya.",
Matius,11,9,Matius 11:9,"Jadi, untuk apa kamu pergi ke sana? Untuk melihat seorang nabikah? Benar, dan Aku berkata kepadamu, ia bahkan lebih daripada sekadar seorang nabi.",
Matius,11,10,Matius 11:10,"Mengenai dia tertulis dalam Kitab Suci, ‘Lihat, Aku menyuruh utusan-Ku mendahului Engkau, dialah yang akan mempersiapkan jalan bagi-Mu.’",
Matius,11,11,Matius 11:11,"Sesungguhnya, Aku berkata kepadamu, di antara mereka yang dilahirkan perempuan, belum pernah tampil seorang pun yang lebih besar daripada Yahya. Meskipun demikian, orang yang terkecil dalam Kerajaan Surga lebih besar daripadanya.",
Matius,11,12,Matius 11:12,"Sejak kedatangan Yahya hingga sekarang ini, Kerajaan Surga menjadi sasaran tindak kekerasan, dan orang-orang yang bertindak demikian itu berusaha menguasainya.",
Matius,11,13,Matius 11:13,"Karena para nabi dan Kitab Suci Taurat bernubuat sampai datangnya Yahya,",
Matius,11,14,Matius 11:14,"dan jika kamu mau menerimanya, dialah Ilyas, nabi yang akan datang itu.",
Matius,11,15,Matius 11:15,"Siapa bertelinga, dengarlah!",
Matius,11,16,Matius 11:16,"Dengan apakah generasi ini akan Kusamakan? Mereka ini seperti anak-anak yang duduk-duduk di pasar dan berseru kepada kawan-kawan mereka,",
Matius,11,17,Matius 11:17,"‘Kami meniup seruling untukmu, tetapi kamu tidak menari; kami melantunkan nyanyian ratapan, tetapi kamu tidak berduka.’",
Matius,11,18,Matius 11:18,"Karena Yahya datang, ia tidak makan dan minum, lalu kata mereka, ‘Ia kerasukan setan.’",
Matius,11,19,Matius 11:19,"Datang pula Anak Manusia, Ia makan dan minum, lalu kata mereka, ‘Lihatlah si rakus, peminum anggur, sahabat para pemungut cukai serta para pendosa.’ Namun, hikmah terbukti benar melalui perbuatan-perbuatannya.”",
Matius,11,20,Matius 11:20,"Kemudian, mulailah Isa mencela kota-kota yang tidak bertobat, padahal di tempat-tempat itu Ia banyak melakukan mukjizat,",Isa Mengecam Beberapa Kota
Matius,11,21,Matius 11:21,"“Celakalah engkau, hai Khorazim! Celakalah engkau, hai Baitsaida! Karena seandainya mukjizat yang terjadi di antaramu terjadi juga di Tirus dan Sidon, maka sudah sejak lama penduduk kota itu bertobat serta berkabung dengan memakai kain karung dan duduk dalam debu.",
Matius,11,22,Matius 11:22,"Sebab itu, Aku berkata kepadamu, pada hari kiamat, azab untuk Kota Tirus dan Sidon akan lebih ringan daripada azab yang akan kamu terima.",
Matius,11,23,Matius 11:23,"Demikian pula engkau, hai Kapernaum! Akankah engkau ditinggikan sampai ke langit? Tidak, engkau bahkan akan diturunkan sampai ke alam maut. Karena apabila mukjizat yang terjadi di antaramu terjadi pula di Sodom, tentu kota itu akan tetap ada sampai hari ini.",
Matius,11,24,Matius 11:24,"Sebab itu, Aku berkata kepadamu, pada hari kiamat, azab untuk Kota Sodom akan lebih ringan daripada azab yang akan kamu terima.”",
Matius,11,25,Matius 11:25,"Pada waktu itu Isa memanjatkan syukur, “Ya Bapa, ya Penguasa langit dan bumi, Aku memuji Engkau sebab Engkau menyembunyikan semua ini dari orang-orang yang berakal dan bijaksana, tetapi menyatakannya kepada orang-orang kecil.",Ajakan Penyelamat
Matius,11,26,Matius 11:26,"Memang itulah yang berkenan kepada-Mu, Ya Bapa.",
Matius,11,27,Matius 11:27,"Segala sesuatu telah diserahkan kepada-Ku oleh Bapa-Ku. Tidak seorang pun yang mengenal siapa Sang Anak, kecuali Sang Bapa, dan tidak ada seorang pun yang mengenal siapa Sang Bapa, kecuali Sang Anak dan orang-orang yang kepadanya Sang Anak berkenan menyatakannya.",
Matius,11,28,Matius 11:28,"Marilah kepada-Ku, hai kamu semua yang lelah dan menanggung beban berat, Aku akan memberikan kelegaan bagimu.",
Matius,11,29,Matius 11:29,"Terimalah kuk dari-Ku dan belajarlah pada-Ku karena Aku lemah lembut serta rendah hati, dan jiwamu pun akan mendapat kelegaan.",
Matius,11,30,Matius 11:30,Karena kuk dari-Ku menyenangkan dan beban-Ku pun ringan.”,
Matius,12,1,Matius 12:1,"Pada suatu hari, yaitu hari Sabat, Isa dan para pengikut-Nya melewati ladang-ladang gandum. Karena merasa lapar, para pengikut-Nya memetik bulir-bulir gandum serta memakannya.",Pengikut-Pengikut Isa Memetik Gandum pada Hari Sabat
Matius,12,2,Matius 12:2,"Hal itu terlihat oleh orang-orang dari mazhab Farisi. Lalu, kata mereka kepada-Nya, “Lihat, para pengikut-Mu berbuat sesuatu yang haram dilakukan pada hari Sabat.”",
Matius,12,3,Matius 12:3,"Sabda Isa kepada mereka, “Belum pernahkah kamu baca apa yang dilakukan oleh Daud ketika ia dan orang-orang yang menyertainya kelaparan?",
Matius,12,4,Matius 12:4,"Ia masuk ke dalam Kemah Suci Allah, lalu memakan roti persembahan yang haram hukumnya jika dimakan, baik olehnya maupun oleh orang-orang yang menyertainya, karena hanya para imam sajalah yang diperbolehkan makan roti itu.",
Matius,12,5,Matius 12:5,"Belum pernah jugakah kamu baca dalam Kitab Suci bahwa pada hari Sabat para imam di Bait Allah senantiasa melanggar kesucian Sabat, tetapi tidak dipersalahkan?",
Matius,12,6,Matius 12:6,"Aku berkata kepadamu, di sini ada yang lebih akbar daripada Bait Allah.",
Matius,12,7,Matius 12:7,"Lagi pula, jika kamu mengerti arti firman ini, ‘Aku menghendaki belas kasihan dan bukan persembahan,’ tentu kamu tidak akan menyalahkan orang-orang yang tidak bersalah.",
Matius,12,8,Matius 12:8,Karena Anak Manusia adalah Tuan atas hari Sabat.”,
Matius,12,9,Matius 12:9,"Setelah pergi dari sana, masuklah Isa ke salah satu rumah ibadah mereka.",Isa Menyembuhkan Orang pada Hari Sabat
Matius,12,10,Matius 12:10,"Di situ ada seorang laki-laki yang salah satu tangannya lumpuh. Lalu, mereka bertanya kepada-Nya, “Bolehkah menyembuhkan orang pada hari Sabat?” Mereka bermaksud hendak mempersalahkan-Nya.",
Matius,12,11,Matius 12:11,"Bersabdalah Isa kepada mereka, “Jikalau salah seorang dari antara kamu ada yang memelihara seekor domba, lalu pada hari Sabat binatang itu jatuh ke dalam lubang, tentu ia akan berusaha untuk menangkap binatang itu dan mengangkatnya, bukan?",
Matius,12,12,Matius 12:12,"Apalagi manusia, yang lebih berharga daripada domba! Sebab itu, tidaklah haram hukumnya jika kamu berbuat kebaikan pada hari Sabat.”",
Matius,12,13,Matius 12:13,"Kemudian, Ia bersabda kepada orang itu, “Ulurkanlah tanganmu!” Orang itu mengulurkan tangannya dan sembuhlah tangannya, sama seperti tangannya yang satu lagi.",
Matius,12,14,Matius 12:14,"Orang-orang dari mazhab Farisi itu keluar, lalu mereka bermufakat untuk mengadakan perlawanan terhadap Isa dan mencari cara untuk dapat membinasakan-Nya.",
Matius,12,15,Matius 12:15,"Tetapi, karena Isa mengetahui hal itu, menyingkirlah Ia dari situ.",
Matius,12,16,Matius 12:16,(12-15b) Banyak orang mengikuti Dia dan semuanya disembuhkan oleh-Nya. (12-16) Kepada mereka Isa berpesan supaya mereka tidak memberitahukan siapa diri-Nya.,Isa Hamba Allah
Matius,12,17,Matius 12:17,"Dengan demikian, genaplah firman yang disampaikan melalui Nabi Yesaya,",
Matius,12,18,Matius 12:18,"“Inilah Hamba pilihan-Ku, yaitu orang yang Kukasihi, yang berkenan di hati-Ku. Aku akan menaruh Ruh-Ku pada-Nya, dan Ia akan mengabarkan hukum kepada bangsa-bangsa.",
Matius,12,19,Matius 12:19,Ia tidak akan bertengkar atau berteriak; bahkan suara-Nya pun tidak akan terdengar di jalan-jalan.,
Matius,12,20,Matius 12:20,"Buluh yang terkulai tidak akan dipatahkan-Nya, dan sumbu yang hampir padam pun tidak akan dipadamkan-Nya, sampai keadilan dapat Ia tegakkan.",
Matius,12,21,Matius 12:21,Kepada nama-Nyalah bangsa-bangsa akan berharap.”,
Matius,12,22,Matius 12:22,"Kemudian, dibawalah kepada Isa seorang yang bisu dan buta karena dibelenggu setan, lalu disembuhkan-Nya sehingga orang bisu itu dapat berbicara serta melihat.",Isa dan Baalzebul
Matius,12,23,Matius 12:23,"Orang banyak itu tercengang, lalu berkata, “Diakah Anak Daud itu?”",
Matius,12,24,Matius 12:24,"Tetapi, ketika orang-orang dari mazhab Farisi mendengar hal itu, mereka berkata, “Orang ini mengusir setan-setan dengan kuasa Baalzebul, pemimpin para setan.”",
Matius,12,25,Matius 12:25,"Isa mengetahui pikiran mereka. Oleh karena itu, bersabdalah Ia kepada mereka, “Setiap kerajaan yang warganya saling berselisih tentunya akan runtuh, dan setiap kota atau rumah tangga yang penduduk atau anggotanya saling berselisih tentu tidak akan berdiri kokoh.",
Matius,12,26,Matius 12:26,"Jika setan mengusir setan, berarti mereka saling berselisih; bagaimana mungkin kerajaannya akan berdiri kokoh?",
Matius,12,27,Matius 12:27,"Lagi pula, jika Aku mengusir setan-setan dengan kuasa Baalzebul, dengan kuasa siapakah para pengikutmu mengusirnya? Sebab itu, merekalah yang akan menjadi hakim bagimu.",
Matius,12,28,Matius 12:28,"Tetapi, jika Aku mengusir setan-setan dengan kuasa Ruh Allah, itu berarti bahwa Kerajaan Allah sudah datang di tengah-tengah kamu.",
Matius,12,29,Matius 12:29,"Bagaimana mungkin orang dapat masuk ke dalam rumah seorang yang kuat serta merampas hartanya kalau orang yang kuat itu belum diikatnya terlebih dahulu? Setelah itu, barulah hartanya dapat dirampas.",
Matius,12,30,Matius 12:30,"Orang yang tidak bersama-sama dengan Aku, ia melawan Aku, dan orang yang tidak mengumpulkan bersama-sama dengan Aku, ia mencerai-beraikan.",
Matius,12,31,Matius 12:31,"Sebab itu, Aku berkata kepadamu, segala dosa dan hujah manusia akan diampuni, tetapi hujah atas Ruh Allah tidak akan diampuni.",
Matius,12,32,Matius 12:32,"Siapa mengucapkan perkataan yang melawan Anak Manusia, ia akan diampuni. Tetapi, siapa mengucapkan perkataan yang melawan Ruh Allah Yang Mahasuci, ia tidak akan diampuni, baik pada zaman ini maupun pada zaman yang akan datang.",
Matius,12,33,Matius 12:33,"Pohon yang baik menghasilkan buah yang baik. Sebaliknya, pohon yang buruk akan menghasilkan buah yang buruk pula karena pohon dapat dikenali dari buahnya.",
Matius,12,34,Matius 12:34,"Hai orang-orang yang bertabiat seperti ular, bagaimana mungkin kamu yang jahat dapat mengatakan hal-hal yang baik? Karena apa yang diucapkan mulut meluap dari hati.",
Matius,12,35,Matius 12:35,"Orang yang baik akan mengeluarkan hal-hal yang baik dari perbendaharaannya yang baik. Sebaliknya, orang yang jahat mengeluarkan hal-hal yang jahat dari perbendaharaannya yang jahat.",
Matius,12,36,Matius 12:36,"Lagi pula, Aku berkata kepadamu, pada hari kiamat setiap orang akan dimintai pertanggungjawaban atas setiap kata sia-sia yang pernah diucapkannya.",
Matius,12,37,Matius 12:37,"Karena ucapanmu engkau akan dibenarkan, dan karena ucapanmu pula engkau akan dihukum.”",
Matius,12,38,Matius 12:38,"Kemudian, beberapa ahli Kitab Suci Taurat dan orang-orang dari mazhab Farisi berkata, “Wahai Guru, kami ingin melihat suatu tanda dari-Mu.”",Tanda Nabi Yunus
Matius,12,39,Matius 12:39,"Tetapi, Isa bersabda kepada mereka, “Generasi yang jahat dan tidak setia ini mencari suatu tanda ajaib, tetapi kepada mereka tidak akan diberikan tanda, selain tanda Nabi Yunus.",
Matius,12,40,Matius 12:40,"Karena seperti Yunus berada di perut makhluk laut yang besar itu selama tiga hari tiga malam, begitu juga dengan Anak Manusia. Ia akan berada dalam perut bumi selama tiga hari tiga malam.",
Matius,12,41,Matius 12:41,"Pada hari kiamat, orang-orang Niniwe akan bangkit bersama-sama dengan generasi ini dan akan menghukumnya. Karena orang-orang Niniwe itu segera bertobat setelah mendengar pemberitaan Yunus, sedangkan di sini ada yang lebih besar daripada Yunus.",
Matius,12,42,Matius 12:42,"Pada hari kiamat juga, Ratu Sheba dari Selatan itu akan dibangkitkan bersama-sama dengan generasi ini dan akan menghakiminya. Karena Ratu dari ujung bumi itu dengan sengaja datang untuk mendengarkan kebijaksanaan Sulaiman, sedangkan di sini ada yang lebih besar daripada Sulaiman.”",
Matius,12,43,Matius 12:43,"“Apabila setan keluar dari diri seseorang, ia akan mengembara ke tempat-tempat yang gersang untuk mencari tempat peristirahatannya, tetapi tidak menemukannya.",Kembalinya Ruh Jahat
Matius,12,44,Matius 12:44,"Lalu, kata setan itu, ‘Aku akan kembali ke rumahku yang kutinggalkan.’ Ketika setan itu kembali, didapatinya tempat itu kosong, bersih tersapu, dan rapi teratur.",
Matius,12,45,Matius 12:45,"Lalu, pergilah setan itu dan mengajak tujuh setan lainnya yang lebih jahat daripadanya. Kemudian, mereka masuk dan tinggal di situ. Akhirnya keadaan orang itu menjadi lebih parah daripada keadaannya yang semula. Hal yang sama akan terjadi pula dengan generasi yang jahat ini.”",
Matius,12,46,Matius 12:46,"Pada saat Isa masih berbicara dengan orang banyak itu, ibu dan saudara-saudara-Nya datang. Mereka berdiri di luar dan bermaksud hendak berbicara dengan-Nya.",Isa dan Sanak Saudara-Nya
Matius,12,47,Matius 12:47,"Kemudian, seseorang memberitahukan kepada-Nya, “Lihatlah, ibu-Mu dan saudara-saudara-Mu ada di luar. Mereka mencari Engkau dan hendak berbicara dengan Engkau.”",
Matius,12,48,Matius 12:48,"Sabda Isa, “Siapakah ibu-Ku? Siapakah saudara-saudara-Ku?”",
Matius,12,49,Matius 12:49,"Lalu, sambil menunjuk kepada para pengikut-Nya, Isa bersabda, “Lihat, inilah ibu-Ku dan saudara-saudara-Ku.",
Matius,12,50,Matius 12:50,"Siapa melakukan kehendak Bapa-Ku di surga, dialah saudara-Ku laki-laki, saudara-Ku perempuan, dan ibu-Ku.”",
Matius,13,1,Matius 13:1,"Pada hari itu juga Isa keluar dari rumah itu, lalu duduk di tepi danau.",Ibarat tentang Seorang Penabur
Matius,13,2,Matius 13:2,"Kemudian, sejumlah besar orang datang mengerumuni-Nya. Oleh sebab itu, naiklah Ia ke sebuah perahu. Ia duduk di situ, sedangkan orang banyak tetap berdiri di tepi danau.",
Matius,13,3,Matius 13:3,"Banyak hal yang disampaikan-Nya kepada mereka melalui ibarat. Sabda-Nya, “Dengarlah! Ada seorang penabur yang keluar untuk menabur benih.",
Matius,13,4,Matius 13:4,"Pada waktu benih itu ditabur, sebagian jatuh di tepi jalan. Lalu, datanglah burung-burung dan memakan benih itu sampai habis.",
Matius,13,5,Matius 13:5,"Kemudian, sebagian lagi jatuh di tempat berbatu-batu yang tidak banyak tanahnya. Benih itu pun segera tumbuh karena tanahnya tidak dalam.",
Matius,13,6,Matius 13:6,"Tetapi, setelah matahari terbit dan panasnya semakin terik, layulah tumbuhan itu karena tidak berakar.",
Matius,13,7,Matius 13:7,"Sebagian lagi jatuh ke tengah-tengah semak duri. Semak-semak itu bertambah besar, lalu mengimpitnya.",
Matius,13,8,Matius 13:8,"Sedangkan benih-benih lainnya jatuh di tanah yang baik, lalu menghasilkan banyak buah, ada yang seratus kali lipat, ada yang enam puluh kali lipat, dan ada pula yang tiga puluh kali lipat.",
Matius,13,9,Matius 13:9,"Siapa bertelinga, dengarlah!”",
Matius,13,10,Matius 13:10,"Kemudian, para pengikut Isa datang dan bertanya kepada-Nya, “Ya Junjungan, mengapa Engkau mengajar mereka melalui ibarat?”",
Matius,13,11,Matius 13:11,"Sabda Isa, “Kepadamu diberikan anugerah untuk mengetahui rahasia-rahasia Kerajaan Surga, tetapi kepada mereka tidak.",
Matius,13,12,Matius 13:12,"Karena setiap orang yang mempunyai, kepadanya akan ditambahkan sehingga ia mempunyainya berlimpah-limpah. Tetapi, setiap orang yang tidak mempunyai, apa yang dipunyainya pun akan diambil darinya.",
Matius,13,13,Matius 13:13,"Itulah sebabnya, Aku mengajar mereka dengan ibarat. Karena ketika mereka memandang, mereka tidak melihat, dan ketika mereka mendengar, mereka tidak menyimak, apalagi mengerti.",
Matius,13,14,Matius 13:14,"Dengan demikian, bagi mereka genaplah firman yang disampaikan melalui Nabi Yesaya, ‘Kamu akan mendengar dan mendengar lagi, tetapi tidak mengerti. Kamu pun akan melihat dan melihat lagi, tetapi tidak memahami.",
Matius,13,15,Matius 13:15,"Karena hati bangsa ini sudah menjadi tegar, telinganya berat mendengar, dan matanya tertutup rapat. Kalau tidak demikian, mereka tentu melihat dengan matanya, mendengar dengan telinganya, dan mengerti dengan hatinya, lalu berbalik kepada-Ku sehingga Aku menyembuhkan mereka.’",
Matius,13,16,Matius 13:16,"Tetapi, berbahagialah kamu karena matamu melihat dan telingamu mendengar.",
Matius,13,17,Matius 13:17,"Karena sesungguhnya Aku berkata kepadamu, banyak nabi dan orang-orang saleh ingin melihat apa yang kamu lihat, tetapi mereka tidak melihatnya. Mereka ingin mendengar apa yang kamu dengar, tetapi mereka tidak mendengarnya.",
Matius,13,18,Matius 13:18,"Sebab itu, dengarlah arti ibarat tentang orang yang menabur benih itu.",
Matius,13,19,Matius 13:19,"Ketika seseorang mendengar firman mengenai Kerajaan Surga, tetapi tidak memahaminya, maka si jahat datang dan merampas apa yang telah tertabur di hatinya. Ini adalah benih yang tertabur di tepi jalan.",
Matius,13,20,Matius 13:20,"Kemudian, benih yang tertabur di tempat berbatu-batu menceritakan tentang orang yang menerima firman dan segera menerimanya dengan senang hati.",
Matius,13,21,Matius 13:21,"Meskipun begitu, firman itu tidak berakar di hatinya dan hanya bertahan sebentar. Ketika kesusahan atau aniaya yang disebabkan oleh firman itu datang menimpanya, ia pun segera murtad.",
Matius,13,22,Matius 13:22,"Lalu, benih yang tertabur di antara semak duri menceritakan tentang orang yang menerima firman, tetapi kekhawatiran tentang perkara dunia dan tipu daya kekayaan mengimpit firman itu sehingga tidak berbuah.",
Matius,13,23,Matius 13:23,"Sedangkan benih yang tertabur di tanah yang baik menceritakan tentang orang yang menerima firman dan memahaminya, lalu menghasilkan buah berlipat ganda, ada yang seratus kali lipat, ada yang enam puluh kali lipat, dan ada yang tiga puluh kali lipat.”",
Matius,13,24,Matius 13:24,"Ada satu ibarat lain lagi yang disampaikan Isa kepada mereka. Sabda-Nya, “Kerajaan Surga itu dapat diibaratkan dengan orang yang menabur benih yang baik di ladangnya.",Ibarat tentang Lalang di Antara Gandum
Matius,13,25,Matius 13:25,"Tetapi, pada saat semua orang tidur, datanglah musuhnya untuk menaburkan benih lalang di antara benih gandum itu, kemudian pergi.",
Matius,13,26,Matius 13:26,"Ketika benih gandum itu tumbuh dan mulai menghasilkan buah, barulah lalang itu kelihatan.",
Matius,13,27,Matius 13:27,"Lalu, hamba-hamba pemilik ladang itu datang dan bertanya kepadanya, ‘Tuan, bukankah Tuan menabur benih yang baik di ladang ini? Dari manakah lalang-lalang itu?’",
Matius,13,28,Matius 13:28,"Jawab tuan itu, ‘Itu perbuatan musuh.’ Kemudian, kata hamba-hamba itu, ‘Apakah Tuan menghendaki agar kami mencabut lalang-lalang itu?’",
Matius,13,29,Matius 13:29,"Jawabnya, ‘Tidak perlu! Karena jangan-jangan gandum-gandum pun turut tercabut ketika kamu mencabut lalang-lalang itu.",
Matius,13,30,Matius 13:30,"Biarkanlah keduanya tumbuh bersama sampai musim menuai. Pada waktu musim tuai, aku akan berkata kepada para penuai: Cabutlah lalang itu lebih dahulu dan ikatlah menjadi beberapa berkas untuk dibakar, setelah itu bawalah gandum-gandum itu ke lumbungku.’”",
Matius,13,31,Matius 13:31,"Isa pun menyampaikan ibarat yang lain lagi kepada mereka. Sabda-Nya, “Kerajaan Surga itu dapat diibaratkan dengan benih sesawi yang diambil seseorang untuk ditabur di ladangnya.",Ibarat tentang Biji Sesawi dan Ragi
Matius,13,32,Matius 13:32,"Benih ini adalah benih yang terkecil di antara semua benih yang ditabur. Tetapi, apabila benih itu telah tumbuh, besarnya melebihi tumbuhan yang lain, bahkan kemudian menjadi pohon sehingga burung-burung pun berdatangan dan hinggap pada cabang-cabangnya.”",
Matius,13,33,Matius 13:33,"Isa pun menyampaikan ibarat lainnya kepada mereka. Sabda-Nya, “Kerajaan Surga itu dapat diibaratkan dengan ragi yang diambil oleh seorang perempuan untuk kemudian dicampurkan dengan empat puluh liter tepung sampai semuanya menjadi khamir.”",
Matius,13,34,Matius 13:34,Semua hal tentang Kerajaan Surga itu disampaikan oleh Isa kepada orang banyak melalui ibarat. Tidak satu pun yang diajarkan-Nya kepada mereka tanpa ibarat.,
Matius,13,35,Matius 13:35,"Dengan demikian, terbuktilah kebenaran firman yang disampaikan Allah melalui nabi-Nya, “Aku akan membuka mulut-Ku menyampaikan ibarat. Aku akan mengatakan hal-hal yang tersembunyi sejak dunia diciptakan.”",
Matius,13,36,Matius 13:36,"Setelah itu, Isa pergi meninggalkan orang banyak, lalu masuk ke sebuah rumah. Kemudian, datanglah para pengikut-Nya dan berkata kepada-Nya, “Jelaskanlah kepada kami ibarat tentang lalang yang di ladang itu.”",Penjelasan Ibarat tentang Lalang di Antara Gandum
Matius,13,37,Matius 13:37,"Sabda Isa kepada mereka, “Orang yang menabur benih yang baik itu adalah Anak Manusia,",
Matius,13,38,Matius 13:38,"dan ladang itu adalah dunia ini. Benih yang baik itu adalah anak-anak Kerajaan, dan lalang itu adalah anak-anak si jahat.",
Matius,13,39,Matius 13:39,"Sedangkan musuh yang menabur benih lalang itu adalah Iblis. Musim menuai adalah hari kiamat, dan orang-orang yang menuai itu adalah para malaikat.",
Matius,13,40,Matius 13:40,"Jadi, ibarat lalang-lalang dikumpulkan, kemudian dibakar dengan api, demikian jugalah akan terjadi pada hari kiamat nanti.",
Matius,13,41,Matius 13:41,"Anak Manusia akan menyuruh semua malaikat-Nya untuk mengumpulkan segala sesuatu yang menyesatkan serta semua orang durhaka, mengeluarkan mereka dari dalam Kerajaan-Nya,",
Matius,13,42,Matius 13:42,dan melemparkan mereka ke dapur api. Di tempat itu ada ratapan dan kertak gigi.,
Matius,13,43,Matius 13:43,"Pada waktu itu, orang-orang saleh akan bercahaya seperti matahari di dalam Kerajaan Sang Bapa. Siapa bertelinga, dengarlah!”",
Matius,13,44,Matius 13:44,"“Kerajaan Surga itu ibarat harta karun yang terpendam di ladang. Seseorang menemukannya, lalu menyembunyikannya kembali. Karena sedemikian senangnya, pergilah ia menjual segala miliknya, lalu membeli ladang itu.",Ibarat tentang Harta Terpendam dan Mutiara yang Berharga
Matius,13,45,Matius 13:45,Kerajaan Surga pun ibarat seorang saudagar yang mencari mutiara yang indah.,
Matius,13,46,Matius 13:46,"Ketika ia mendapatkan sebutir mutiara yang bernilai tinggi, maka ia pun menjual segala miliknya, lalu membeli mutiara itu.”",
Matius,13,47,Matius 13:47,“Kerajaan Surga itu dapat pula diibaratkan dengan pukat yang ditebarkan di laut untuk menjaring berbagai jenis ikan.,Ibarat tentang Pukat
Matius,13,48,Matius 13:48,"Setelah penuh, pukat itu ditarik ke pantai, lalu ikan-ikan yang didapat dipisah-pisahkan. Ikan-ikan yang baik disimpan dalam keranjang, sedangkan yang tidak baik dibuang.",
Matius,13,49,Matius 13:49,Demikianlah yang akan terjadi pada hari kiamat. Para malaikat akan keluar untuk memisahkan orang-orang durhaka dari orang-orang saleh.,
Matius,13,50,Matius 13:50,"Kemudian, orang-orang durhaka itu akan dimasukkan ke dapur api. Di tempat itu akan ada ratapan dan kertak gigi.",
Matius,13,51,Matius 13:51,"Sudahkah kamu mengerti semua hal itu?” Jawab mereka kepada Isa, “Mengerti!”",
Matius,13,52,Matius 13:52,"Lebih lanjut Ia bersabda kepada mereka, “Sebab itu, semua ahli Kitab Suci Taurat yang mempelajari Kerajaan Surga dapat diibaratkan dengan seorang tuan rumah yang mengeluarkan harta yang baru maupun yang lama dari perbendaharaannya.”",
Matius,13,53,Matius 13:53,"Setelah Isa selesai menyampaikan semua ibarat itu, pergilah Ia dari situ,",Isa Ditolak di Nazaret
Matius,13,54,Matius 13:54,"lalu kembali ke kota asal-Nya. Di sana Ia mengajar orang-orang di rumah ibadah mereka. Mereka pun merasa heran dan berkata, “Dari mana orang ini memperoleh hikmah dan kuasa untuk mengadakan mukjizat-mukjizat itu?",
Matius,13,55,Matius 13:55,"Bukankah Ia adalah anak seorang tukang kayu? Bukankah ibu-Nya bernama Maryam dan saudara-saudara-Nya adalah Yakub, Yusuf, Simon, dan Yuda?",
Matius,13,56,Matius 13:56,"Bukankah semua saudara-Nya yang perempuan ada bersama kita? Jadi, dari manakah Ia memperoleh semua itu?”",
Matius,13,57,Matius 13:57,"Mereka semua meragukan-Nya. Lalu, sabda Isa kepada mereka, “Seorang nabi dihormati di mana-mana, kecuali di kota asalnya dan di rumahnya.”",
Matius,13,58,Matius 13:58,"Karena ketidakpercayaan mereka, Isa tidak membuat banyak mukjizat di situ.",
Matius,14,1,Matius 14:1,"Pada waktu itu kabar mengenai Isa didengar oleh Herodes, raja wilayah.",Nabi Yahya Dibunuh
Matius,14,2,Matius 14:2,"Kemudian, ia berkata kepada para hambanya, “Orang ini tentunya Nabi Yahya yang hidup kembali dari antara orang mati. Itulah sebabnya, Ia dapat mengadakan mukjizat-mukjizat itu.”",
Matius,14,3,Matius 14:3,"Herodes memang pernah menyuruh orang-orangnya untuk menangkap Yahya. Yahya kemudian diikat, dimasukkan ke dalam penjara. Hal itu dilakukannya berkenaan dengan Herodiah, istri Filipus, saudaranya.",
Matius,14,4,Matius 14:4,"Sebab Yahya telah menegurnya, “Haram hukumnya engkau memperistri dia.”",
Matius,14,5,Matius 14:5,"Herodes berkehendak membunuhnya, tetapi ia takut kepada orang banyak karena mereka menganggap Yahya sebagai seorang nabi.",
Matius,14,6,Matius 14:6,"Tetapi kemudian, ketika diadakan perjamuan berkenaan dengan hari kelahiran Herodes, anak perempuan Herodiah menari di tengah-tengah orang-orang yang hadir, dan hal itu menyukakan hati Herodes.",
Matius,14,7,Matius 14:7,"Lalu, dengan sumpah Herodes berjanji untuk memberikan apa saja yang dimintanya.",
Matius,14,8,Matius 14:8,"Akibat bujukan ibunya, anak perempuan itu berkata, “Berikanlah kepadaku kepala Nabi Yahya di sini, pada sebuah talam.”",
Matius,14,9,Matius 14:9,"Maka, sedihlah hati raja. Tetapi, karena sumpahnya, dan juga karena orang-orang yang sedang makan bersamanya itu, ia pun memerintahkan agar permintaan itu dipenuhi.",
Matius,14,10,Matius 14:10,Disuruhnya orang memenggal kepala Yahya dalam penjara.,
Matius,14,11,Matius 14:11,"Lalu, kepala itu dibawa pada sebuah talam dan diberikan kepada anak perempuan itu. Kemudian, anak perempuan itu membawanya kepada ibunya.",
Matius,14,12,Matius 14:12,"Setelah itu, para pengikut Yahya datang untuk mengambil jenazahnya dan memakamkannya. Kemudian, mereka pergi untuk memberitahukan hal itu kepada Isa.",
Matius,14,13,Matius 14:13,"Setelah Isa menerima kabar tentang Yahya, pergilah Ia dengan perahu ke tempat yang sunyi untuk mengasingkan diri. Tetapi, ketika orang banyak mendengar hal itu, mereka meninggalkan kota mereka masing-masing, lalu mengikuti-Nya dengan mengambil jalan darat.",Isa Memberi Makan Lima Ribu Orang
Matius,14,14,Matius 14:14,"Setelah menepi, Isa melihat sejumlah besar orang yang sedang menanti-Nya. Ia pun merasa kasihan terhadap mereka, lalu menyembuhkan orang-orang sakit yang ada di antara mereka.",
Matius,14,15,Matius 14:15,"Pada waktu magrib para pengikut Isa datang kepada-Nya dan berkata, “Tempat ini sepi dan sekarang sudah magrib. Suruhlah orang banyak ini pulang supaya mereka pergi ke desa-desa dan membeli makanan bagi diri mereka sendiri.”",
Matius,14,16,Matius 14:16,"Sabda Isa kepada mereka, “Tidak perlu mereka pergi. Kamu harus memberi mereka makan!”",
Matius,14,17,Matius 14:17,"Jawab para pengikut-Nya, “Kami tidak mempunyai sesuatu pun di sini, kecuali lima roti dan dua ikan.”",
Matius,14,18,Matius 14:18,"Sabda Isa, “Bawalah kemari!”",
Matius,14,19,Matius 14:19,"Disuruh-Nya orang banyak itu duduk di rerumputan, lalu diambil-Nya lima roti dan dua ikan itu. Setelah itu, dengan menengadah ke langit Ia mengucap syukur. Selanjutnya, roti itu dipecah-pecahkan-Nya dan diberikan kepada para pengikut-Nya yang kemudian membagi-bagikannya kepada orang banyak itu.",
Matius,14,20,Matius 14:20,"Mereka semua makan sampai kenyang. Lalu, sisa-sisa kelebihannya itu mereka kumpulkan, kira-kira dua belas keranjang penuh banyaknya.",
Matius,14,21,Matius 14:21,"Jumlah orang yang makan roti itu lima ribu laki-laki, tidak termasuk anak-anak dan perempuan.",
Matius,14,22,Matius 14:22,"Sesudah itu, Isa segera menyuruh para pengikut-Nya naik ke perahu untuk menyeberang mendahului-Nya. Bersamaan dengan itu Ia pun menyuruh orang banyak itu pulang.",Isa Berjalan di Atas Air
Matius,14,23,Matius 14:23,"Setelah mereka disuruh-Nya pulang, naiklah Ia ke atas gunung seorang diri untuk berdoa. Saat malam hari tiba, Ia ada di sana sendirian.",
Matius,14,24,Matius 14:24,"Sementara itu, perahu para pengikut-Nya telah berada agak jauh dari pantai dan sedang diombang-ambingkan ombak karena angin kencang menerpa mereka dari arah yang berlawanan.",
Matius,14,25,Matius 14:25,Menjelang subuh Isa mendatangi mereka dengan berjalan di atas air danau itu.,
Matius,14,26,Matius 14:26,"Ketika para pengikut-Nya melihat Ia berjalan di atas air danau itu, mereka sangat terkejut dan berseru, “Itu hantu!” Kemudian, mereka berteriak-teriak karena mereka merasa takut.",
Matius,14,27,Matius 14:27,"Dengan segera Isa bersabda kepada mereka, “Tenanglah! Ini Aku, jangan takut!”",
Matius,14,28,Matius 14:28,"Jawab Petrus kepada-Nya, “Jika benar Engkau, ya Junjungan, suruhlah aku datang kepada-Mu dengan berjalan di atas air juga.”",
Matius,14,29,Matius 14:29,"Sabda Isa, “Kemarilah!” Petrus pun turun dari perahu, lalu berjalan di atas air mendekati Isa.",
Matius,14,30,Matius 14:30,"Tetapi, ketika ia merasakan tiupan angin, ia menjadi takut, lalu mulai tenggelam. Kemudian, berteriaklah ia, “Ya Junjungan, selamatkanlah aku!”",
Matius,14,31,Matius 14:31,"Isa pun segera mengulurkan tangan dan memegangnya. Setelah itu, Ia bersabda kepadanya, “Hai engkau orang yang kurang percaya, mengapa hatimu bimbang?”",
Matius,14,32,Matius 14:32,"Setelah keduanya naik ke perahu, angin pun menjadi teduh.",
Matius,14,33,Matius 14:33,"Semua orang yang ada di perahu itu sujud di hadapan Isa. Mereka berkata, “Sesungguhnya, Junjunganlah Al-Masih, Sang Anak yang datang dari Allah.”",
Matius,14,34,Matius 14:34,"Setibanya di seberang, Isa dan para pengikut-Nya mendarat di Genesarat.",Isa Menyembuhkan Orang-Orang Sakit di Genesarat
Matius,14,35,Matius 14:35,"Ketika orang-orang di tempat itu mengenali Isa, mereka menyebarkan berita ke seluruh daerah sekelilingnya, lalu dibawalah kepada-Nya semua orang yang sakit.",
Matius,14,36,Matius 14:36,"Mereka meminta kepada-Nya agar mereka diperbolehkan menyentuh jumbai jubah-Nya saja, dan semua orang yang menyentuh-Nya menjadi sembuh.",
Matius,15,1,Matius 15:1,"Kemudian, orang-orang dari mazhab Farisi dan para ahli Kitab Suci Taurat dari Yerusalem datang menemui Isa.",Perintah Allah dan Adat Istiadat Bani Israil
Matius,15,2,Matius 15:2,"Mereka berkata kepada Isa, “Mengapa para pengikut-Mu melanggar ajaran yang diwariskan para tua-tua terdahulu? Mereka tidak membasuh tangan ketika hendak makan.”",
Matius,15,3,Matius 15:3,"Sabda Isa kepada mereka, “Mengapa kamu juga mengabaikan perintah-perintah Allah demi ajaranmu?",
Matius,15,4,Matius 15:4,"Karena Allah berfirman, ‘Hormatilah ayah dan ibumu,’ dan, ‘Siapa mengucapkan hal yang buruk kepada ayah atau ibunya, ia patut dihukum mati.’",
Matius,15,5,Matius 15:5,"Tetapi, kamu mengajarkan: Siapa berkata kepada ayah atau ibunya, ‘Nafkah yang seharusnya ayah atau ibu terima dariku telah kupersembahkan kepada Allah,’",
Matius,15,6,Matius 15:6,"orang itu tidak wajib lagi menghormati ayahnya. Dengan demikian, melalui pengajaranmu itu firman Allah kamu anggap tidak berlaku lagi.",
Matius,15,7,Matius 15:7,"Hai orang-orang munafik, memang pantas apa yang telah dinubuatkan Yesaya mengenai kamu,",
Matius,15,8,Matius 15:8,"‘Bangsa ini menghormati Aku dengan ucapan mulutnya, tetapi hatinya jauh daripada-Ku.",
Matius,15,9,Matius 15:9,"Sia-sia saja mereka menyembah Aku karena mereka mengajarkan ajarannya sendiri, yaitu perintah-perintah manusia.’”",
Matius,15,10,Matius 15:10,"Kemudian, Isa memanggil orang banyak dan bersabda kepada mereka, “Dengarlah dan pahamilah.",
Matius,15,11,Matius 15:11,"Bukan apa yang masuk ke dalam mulut yang menajiskan orang, melainkan apa yang keluar dari mulutlah yang menajiskan orang.”",
Matius,15,12,Matius 15:12,"Para pengikut-Nya datang mendekat serta berkata kepada-Nya, “Tahukah Engkau, ya Junjungan, bahwa orang-orang dari mazhab Farisi itu sakit hati ketika mereka mendengar perkataan tadi?”",
Matius,15,13,Matius 15:13,"Sabda Isa, “Setiap tanaman yang tidak ditanam oleh Bapa-Ku yang di surga akan dicabut.",
Matius,15,14,Matius 15:14,"Biarkanlah mereka itu. Mereka adalah pemimpin-pemimpin yang buta. Jika orang buta menuntun orang buta, pastilah keduanya akan jatuh ke dalam lubang.”",
Matius,15,15,Matius 15:15,"Kata Petrus kepada-Nya, “Jelaskanlah kepada kami maksud dari ibarat itu.”",
Matius,15,16,Matius 15:16,"Sabda Isa, “Masih belum mengertikah kamu?",
Matius,15,17,Matius 15:17,Tidakkah kamu paham bahwa segala sesuatu yang masuk melalui mulut akan masuk ke perut dan akan dibuang di jamban?,
Matius,15,18,Matius 15:18,"Tetapi, segala sesuatu yang keluar dari mulut berasal dari hati, dan itulah yang menajiskan orang.",
Matius,15,19,Matius 15:19,"Karena dari dalam hati keluar pikiran-pikiran yang jahat, seperti pembunuhan, percabulan, perzinaan, pencurian, saksi dusta, dan hujahan.",
Matius,15,20,Matius 15:20,"Hal-hal itulah yang menajiskan orang. Tetapi, makan dengan tangan yang tidak dibasuh tidak menajiskan orang.”",
Matius,15,21,Matius 15:21,"Setelah meninggalkan tempat itu, pergilah Isa ke daerah Tirus dan Sidon.",Perempuan Kanaan yang Percaya
Matius,15,22,Matius 15:22,"Kemudian, ada seorang perempuan keturunan Kanaan, penduduk daerah itu, mendatangi Isa sambil berseru, “Ya Tuan, ya Anak Daud, kasihanilah aku. Anakku yang perempuan kerasukan setan dan sangat menderita.”",
Matius,15,23,Matius 15:23,"Tetapi, Isa tidak menjawabnya sepatah kata pun. Lalu, para pengikut-Nya mendekati Isa dan meminta kepada-Nya, “Suruhlah perempuan itu pergi karena ia mengikuti kita sambil berteriak-teriak.”",
Matius,15,24,Matius 15:24,"Bersabdalah Isa, “Aku hanya diutus kepada domba-domba yang hilang dari antara bani Israil.”",
Matius,15,25,Matius 15:25,"Kemudian, perempuan itu datang dan sujud di hadapan-Nya, katanya, “Ya Tuan, tolonglah aku.”",
Matius,15,26,Matius 15:26,"Tetapi, sabda Isa, “Tidak patut mengambil makanan anak-anak, lalu melemparkannya kepada anjing.”",
Matius,15,27,Matius 15:27,"Kata perempuan itu, “Benar, ya Tuan, tetapi anjing-anjing itu pun makan remah-remah yang jatuh dari meja tuannya.”",
Matius,15,28,Matius 15:28,"Mendengar jawaban dari perempuan itu, bersabdalah Isa kepadanya, “Hai Ibu, engkau sangat beriman. Jadilah padamu menurut apa yang kauinginkan.” Pada saat itu juga sembuhlah anaknya.",
Matius,15,29,Matius 15:29,"Setelah meninggalkan daerah Tirus dan Sidon, Isa kembali menyusuri Danau Galilea. Ia naik ke sebuah bukit, lalu duduk di situ.",Isa Menyembuhkan Banyak Orang Sakit
Matius,15,30,Matius 15:30,"Sejumlah besar orang datang kepada Isa. Mereka membawa orang yang lumpuh, timpang, buta, bisu, dan banyak lagi yang lain. Kemudian, para penderita itu mereka letakkan di dekat kaki-Nya dan Ia menyembuhkan mereka semua.",
Matius,15,31,Matius 15:31,"Orang banyak itu menjadi heran karena orang bisu dapat berbicara, orang timpang disembuhkan, orang lumpuh dapat berjalan, dan orang buta dapat melihat. Lalu, mereka memuliakan Tuhan bani Israil.",
Matius,15,32,Matius 15:32,"Kemudian, Isa memanggil para pengikut-Nya dan bersabda, “Aku merasa kasihan kepada orang banyak ini. Sudah tiga hari lamanya mereka bersama-sama dengan Aku, tetapi tidak ada sesuatu pun yang dapat mereka makan. Aku tidak sampai hati menyuruh mereka pulang dalam keadaan lapar. Jangan-jangan mereka pingsan di jalan.”",Isa Memberi Makan Empat Ribu Orang
Matius,15,33,Matius 15:33,"Jawab para pengikut-Nya, “Di tempat sesepi ini di mana kita dapat memperoleh sedemikian banyak roti untuk mengenyangkan orang sebanyak ini?”",
Matius,15,34,Matius 15:34,"Sabda Isa, “Berapa roti ada padamu?” Jawab mereka, “Ada tujuh roti dan beberapa ikan kecil.”",
Matius,15,35,Matius 15:35,"Kemudian, disuruh-Nya orang banyak itu duduk di tanah.",
Matius,15,36,Matius 15:36,"Ia mengambil ketujuh roti dan ikan-ikan itu, lalu mengucap syukur atasnya. Setelah roti-roti itu dipecah-pecahkan, Ia memberikannya kepada para pengikut-Nya, lalu para pengikut-Nya membagi-bagikannya kepada orang banyak itu.",
Matius,15,37,Matius 15:37,"Mereka semua makan sampai kenyang, kemudian ketika sisa-sisa kelebihannya dikumpulkan, ternyata tujuh keranjang penuh banyaknya.",
Matius,15,38,Matius 15:38,"Jumlah orang yang turut makan adalah empat ribu orang laki-laki, belum terhitung perempuan dan anak-anak.",
Matius,15,39,Matius 15:39,"Akhirnya setelah Isa menyuruh orang banyak itu pulang, Ia naik ke sebuah perahu, lalu pergi ke daerah Magadan.",
Matius,16,1,Matius 16:1,Datanglah orang-orang dari mazhab Farisi dan mazhab Saduki untuk mencobai Isa. Mereka meminta agar Ia menunjukkan suatu tanda ajaib dari langit.,Orang-Orang dari Mazhab Farisi dan Mazhab Saduki Meminta Tanda
Matius,16,2,Matius 16:2,"Tetapi, Isa bersabda kepada mereka, “Ketika magrib tiba kamu berkata, ‘Cuaca baik,’ karena langit kelihatan merah.",
Matius,16,3,Matius 16:3,"Sedangkan pada waktu subuh kamu berkata, ‘Hari ini buruk,’ karena langit kelihatan merah redup. Kamu tahu membedakan rupa langit, tetapi kamu tidak dapat mengetahui tanda-tanda zaman.",
Matius,16,4,Matius 16:4,"Generasi yang jahat dan tidak setia ini mencari suatu tanda ajaib, tetapi tanda itu tidak akan diberikan kepada mereka, selain tanda Yunus.” Kemudian, Isa pergi meninggalkan mereka.",
Matius,16,5,Matius 16:5,"Ketika Isa dan para pengikut-Nya sampai di seberang, ternyata para pengikut-Nya lupa membawa roti.",Tentang Ragi Orang-Orang dari Mazhab Farisi dan Mazhab Saduki
Matius,16,6,Matius 16:6,"Isa bersabda kepada mereka, “Ingat baik-baik, jagalah dirimu terhadap ragi orang-orang dari mazhab Farisi dan mazhab Saduki.”",
Matius,16,7,Matius 16:7,"Kemudian, mereka membicarakannya antara satu dengan yang lain dan berkata, “Ia berkata begitu karena kita tidak membawa roti.”",
Matius,16,8,Matius 16:8,"Hal itu diketahui oleh Isa, lalu sabda-Nya, “Hai orang-orang yang kurang percaya, mengapa kamu membicarakan soal tidak ada roti?",
Matius,16,9,Matius 16:9,"Belum jugakah kamu mengerti? Tidakkah kamu ingat perihal lima roti yang dibagi-bagikan untuk lima ribu orang? Setelah kamu kumpulkan, ada berapa keranjangkah kelebihannya?",
Matius,16,10,Matius 16:10,"Atau perihal tujuh roti yang dibagi-bagikan untuk empat ribu orang. Setelah kamu kumpulkan, ada berapa keranjangkah kelebihannya?",
Matius,16,11,Matius 16:11,Mengapa kamu tidak mengerti bahwa bukan soal roti yang Aku bicarakan kepadamu itu? Jagalah dirimu terhadap ragi orang-orang dari mazhab Farisi dan mazhab Saduki.”,
Matius,16,12,Matius 16:12,"Kemudian, barulah mereka mengerti bahwa Ia tidak menyuruh mereka untuk menjaga diri terhadap ragi roti, melainkan terhadap ajaran orang-orang dari mazhab Farisi dan mazhab Saduki.",
Matius,16,13,Matius 16:13,"Kemudian, sampailah Isa di wilayah Kaisarea Filipi. Ia bertanya kepada para pengikut-Nya, “Menurut pendapat orang, siapakah Anak Manusia itu?”",Pengakuan Petrus
Matius,16,14,Matius 16:14,"Jawab mereka, “Ada yang mengatakan ‘Yahya,’ dan ada pula yang mengatakan, ‘Ilyas.’ Sedangkan yang lain lagi berkata, ‘Yeremia atau salah seorang dari nabi-nabi lainnya.’”",
Matius,16,15,Matius 16:15,"Isa bertanya kepada mereka, “Tetapi, menurut kamu, siapakah Aku ini?”",
Matius,16,16,Matius 16:16,"Jawab Simon Petrus, “Ya Junjungan, Engkaulah Al-Masih, Sang Anak yang datang dari Allah Yang Hidup.”",
Matius,16,17,Matius 16:17,"Sabda Isa kepadanya, “Berbahagialah engkau, hai Simon bin Yunus karena bukan manusia yang menyatakan itu kepadamu, melainkan Bapa-Ku yang di surga.",
Matius,16,18,Matius 16:18,"Aku pun berkata kepadamu, engkau adalah Petrus, dan di atas batu ini Aku akan membangun jemaah-Ku, dan pintu-pintu alam maut pun tidak akan menguasainya.",
Matius,16,19,Matius 16:19,"Selain itu, Aku akan memberikan kepadamu anak kunci Kerajaan Surga. Apa yang engkau ikat di bumi akan terikat di surga, dan apa yang engkau lepaskan di bumi akan terlepas pula di surga.”",
Matius,16,20,Matius 16:20,"Setelah itu, Ia memperingatkan para pengikut-Nya supaya mereka jangan menceritakan kepada siapa pun bahwa Ia adalah Al-Masih.",
Matius,16,21,Matius 16:21,"Sejak saat itu Isa Al-Masih mulai menyatakan kepada para pengikut-Nya bahwa Ia harus pergi ke Yerusalem, dan akan mengalami banyak kesengsaraan karena perlakuan para tua-tua bani Israil, para imam kepala, serta para ahli Kitab Suci Taurat. Ia akan mati, tetapi pada hari yang ketiga Ia akan dibangkitkan.",Pemberitahuan Pertama tentang Penderitaan Isa dan Syarat-Syarat Mengikut Dia
Matius,16,22,Matius 16:22,"Lalu, Petrus menarik Isa ke samping dan mulai menegur-Nya dengan berkata, “Allah berkenan kepada-Mu, ya Junjungan. Hal itu sekali-kali tidak akan terjadi pada-Mu.”",
Matius,16,23,Matius 16:23,"Tetapi, Isa berpaling, lalu bersabda kepada Petrus, “Pergilah dari hadapan-Ku, hai penggoda! Engkau menjadi batu sandungan bagi-Ku. Pikiranmu tidak berasal dari Allah, melainkan dari manusia.”",
Matius,16,24,Matius 16:24,"Kemudian, sabda Isa kepada para pengikut-Nya, “Siapa mau mengikut Aku, ia harus menyangkal dirinya, memikul salibnya, dan mengikut Aku.",
Matius,16,25,Matius 16:25,"Karena siapa hendak menyelamatkan nyawanya, ia akan kehilangan nyawanya, tetapi siapa kehilangan nyawanya karena Aku, ia akan mendapatkannya kembali.",
Matius,16,26,Matius 16:26,"Apa untungnya seseorang memperoleh seluruh dunia, tetapi kehilangan nyawanya? Atau apa yang dapat diberikan seseorang sebagai penukar nyawanya?",
Matius,16,27,Matius 16:27,Karena Anak Manusia akan datang dalam kemuliaan Bapa-Nya dengan disertai para malaikat-Nya. Pada saat itu Ia akan membalas masing-masing orang sesuai dengan amalnya.,
Matius,16,28,Matius 16:28,"Sesungguhnya, Aku berkata kepadamu, di antara orang-orang yang hadir di sini, ada yang tidak akan menghadap maut sebelum mereka melihat Anak Manusia datang sebagai raja dalam kerajaan-Nya.”",
Matius,17,1,Matius 17:1,"Enam hari kemudian Isa membawa Petrus, Yakub, dan Yahya, saudara Yakub, mendaki sebuah gunung yang tinggi untuk menyendiri di sana.",Isa Dimuliakan di Atas Gunung
Matius,17,2,Matius 17:2,Di tempat itu Ia berubah rupa di hadapan ketiga pengikut-Nya itu. Muka-Nya bersinar seperti matahari dan pakaian-Nya menjadi putih berkilau-kilau.,
Matius,17,3,Matius 17:3,Tiba-tiba mereka melihat Musa dan Ilyas sedang bercakap-cakap dengan Isa.,
Matius,17,4,Matius 17:4,"Lalu, berkatalah Petrus kepada-Nya, “Ya Junjungan, baik juga kami di sini. Jika Engkau mengizinkan, aku akan membuat tiga kemah di sini, satu untuk Junjungan, satu untuk Nabi Musa, dan yang satu lagi untuk Nabi Ilyas.”",
Matius,17,5,Matius 17:5,"Sementara Petrus masih berbicara, tiba-tiba turunlah awan yang bercahaya menaungi mereka. Lalu, terdengarlah suara dari awan itu yang berkata, “Inilah Sang Anak yang Kukasihi, kepada-Nyalah Aku berkenan. Dengarkanlah Dia!”",
Matius,17,6,Matius 17:6,"Ketika ketiga pengikut-Nya mendengar suara itu, tersungkurlah mereka dan sangat ketakutan.",
Matius,17,7,Matius 17:7,"Kemudian, Isa mendatangi mereka. Disentuh-Nya mereka, lalu bersabda, “Bangunlah, jangan takut!”",
Matius,17,8,Matius 17:8,"Ketika mereka mengangkat wajah mereka, mereka tidak melihat seorang pun, kecuali Isa.",
Matius,17,9,Matius 17:9,"Pada waktu Isa dan ketiga pengikut-Nya menuruni gunung itu, Ia bersabda kepada mereka, “Jangan kamu ceritakan apa yang telah kamu lihat itu kepada seorang pun sampai Anak Manusia bangkit dari antara orang mati.”",
Matius,17,10,Matius 17:10,"Kemudian, para pengikut-Nya bertanya kepada-Nya, “Jika demikian, mengapa para ahli Kitab Suci Taurat mengatakan bahwa Ilyas harus datang terlebih dahulu?”",
Matius,17,11,Matius 17:11,"Sabda-Nya, “Memang benar, Ilyas datang dan memperbaharui segala sesuatunya.",
Matius,17,12,Matius 17:12,"Aku berkata kepadamu bahwa Ilyas sudah datang, hanya saja mereka tidak mengenalinya. Itulah sebabnya, mereka berbuat sekehendak hati mereka. Begitu pulalah halnya dengan Anak Manusia, Ia akan menderita di tangan mereka.”",
Matius,17,13,Matius 17:13,"Kemudian, barulah para pengikut-Nya paham bahwa yang dimaksudkan Isa adalah Nabi Yahya.",
Matius,17,14,Matius 17:14,"Ketika Isa dan ketiga pengikut-Nya itu sampai di tempat orang banyak yang sedang berkumpul, datanglah seseorang dan sujud di hadapan Isa. Ia berkata,",Isa Menyembuhkan Seorang Anak Muda yang Sakit Ayan
Matius,17,15,Matius 17:15,"“Ya Tuan, kasihanilah anakku yang laki-laki sebab ia sakit ayan dan keadaannya sangat buruk. Kerap kali ia jatuh ke dalam api atau ke dalam air.",
Matius,17,16,Matius 17:16,"Aku sudah membawanya kepada para pengikut-Mu, tetapi mereka tidak dapat menyembuhkannya.”",
Matius,17,17,Matius 17:17,"Sabda Isa, “Hai kamu, generasi yang tidak percaya dan yang sesat, berapa lama lagi Aku harus bersama-sama dengan kamu? Berapa lama lagi Aku harus sabar terhadap kamu? Bawalah anak itu kemari!”",
Matius,17,18,Matius 17:18,"Isa menghardik setan itu, lalu keluarlah setan itu dari anak laki-laki itu, dan saat itu juga anak itu sembuh.",
Matius,17,19,Matius 17:19,"Kemudian, para pengikut-Nya datang sendirian kepada-Nya dan bertanya, “Mengapa kami tidak dapat mengusir setan itu?”",
Matius,17,20,Matius 17:20,"Sabda Isa kepada mereka, “Karena kamu kurang beriman. Aku berkata kepadamu, jika kamu memiliki iman sebesar biji sesawi, maka kamu dapat berkata kepada gunung itu, ‘Pindahlah dari sini ke sana,’ dan gunung itu akan berpindah. Tidak akan ada sesuatu pun yang mustahil bagimu.",
Matius,17,21,Matius 17:21,"Jenis ini tidak dapat diusir, kecuali dengan berdoa dan berpuasa.”",
Matius,17,22,Matius 17:22,"Saat Isa dan para pengikut-Nya berkumpul di wilayah Galilea, bersabdalah Ia kepada mereka, “Anak Manusia akan diserahkan ke tangan manusia.",Pemberitahuan Kedua tentang Penderitaan Isa
Matius,17,23,Matius 17:23,"Mereka akan menjatuhkan hukuman mati atas diri-Nya, tetapi pada hari yang ketiga setelah Ia mati, Ia akan dibangkitkan.” Kemudian, para pengikut-Nya pun menjadi sangat sedih.",
Matius,17,24,Matius 17:24,"Ketika Isa dan para pengikut-Nya sampai di Kota Kapernaum, datanglah seorang pemungut pajak Bait Allah. Ia menemui Petrus dan berkata, “Tidakkah gurumu membayar pajak yang besarnya dua dirham itu?”",Isa Membayar Pajak untuk Bait Allah
Matius,17,25,Matius 17:25,"Jawab Petrus, “Ia membayar!” Ketika Petrus masuk ke rumah, Isa bertanya mendahuluinya, “Hai Simon, bagaimanakah pendapatmu? Dari siapa raja-raja dunia ini memungut pajak? Dari anak-anaknya atau dari orang lain?”",
Matius,17,26,Matius 17:26,"Jawab Petrus, “Dari orang lain.” Lalu, sabda Isa, “Jika begitu, bebaslah anak-anaknya.",
Matius,17,27,Matius 17:27,"Tetapi, supaya kita tidak menyebabkan mereka tersandung, pergilah engkau dan mengaillah di danau. Ambillah ikan pertama yang kaudapatkan dan bukalah mulutnya. Di dalamnya akan kautemukan uang sebesar empat dirham. Ambillah uang itu, lalu berikan kepada mereka, untuk-Ku dan untukmu.”",
Matius,18,1,Matius 18:1,"Pada waktu itu datanglah para pengikut-Nya kepada Isa dan bertanya, “Siapakah yang terbesar dalam Kerajaan Surga?”",Siapa yang Terbesar dalam Kerajaan Surga
Matius,18,2,Matius 18:2,"Kemudian, Ia memanggil anak kecil dan menempatkannya di tengah-tengah mereka.",
Matius,18,3,Matius 18:3,"Sabda-Nya, “Sesungguhnya, Aku berkata kepadamu, jika kamu semua tidak berubah dan menjadi seperti anak-anak, kamu tidak akan masuk dalam Kerajaan Surga.",
Matius,18,4,Matius 18:4,"Sebab itu, siapa merendahkan dirinya seperti anak ini, dialah yang terbesar dalam Kerajaan Surga,",
Matius,18,5,Matius 18:5,"dan siapa menyambut anak kecil seperti ini atas nama-Ku, ia menyambut Aku.”",
Matius,18,6,Matius 18:6,"“Siapa menyebabkan salah satu dari anak-anak kecil yang percaya kepada-Ku ini berdosa, maka lebih baik sebuah batu kisaran digantungkan pada lehernya, lalu ia ditenggelamkan di laut yang dalam.",Hati-hatilah terhadap Penyebab Dosa
Matius,18,7,Matius 18:7,"Celakalah dunia ini! Sebab dari dunia ini muncul berbagai hal yang menyebabkan orang berdosa! Memang akan muncul berbagai hal yang menyebabkan orang berdosa, tetapi celakalah orang yang menjadi penyebabnya.",
Matius,18,8,Matius 18:8,"Jika tangan atau kakimu menyebabkan kamu berdosa, potong dan buanglah! Karena lebih baik bagimu masuk ke dalam hidup dengan tangan kudung atau kaki timpang daripada kamu mempunyai dua tangan atau dua kaki, tetapi dicampakkan ke dalam api neraka jahanam.",
Matius,18,9,Matius 18:9,"Jika matamu menyebabkan kamu berdosa, cungkil dan buanglah! Karena lebih baik bagimu masuk ke dalam hidup dengan hanya sebelah mata daripada kamu mempunyai dua mata, tetapi dicampakkan ke dalam api neraka jahanam.",
Matius,18,10,Matius 18:10,"Ingatlah, jangan kamu menganggap hina seorang pun dari anak-anak yang kecil ini. Karena Aku berkata kepadamu bahwa di surga, malaikat-malaikat mereka selalu memandang wajah Bapa-Ku yang di surga.",
Matius,18,11,Matius 18:11,Karena Anak Manusia datang untuk menyelamatkan yang hilang.”,
Matius,18,12,Matius 18:12,"Sabda Isa, “Bagaimanakah pendapatmu? Jika seseorang mempunyai seratus ekor domba, lalu seekor di antaranya tersesat, bukankah yang sembilan puluh sembilan ekor itu akan ditinggalkannya di perbukitan untuk mencari yang seekor yang tersesat itu?",Ibarat tentang Domba yang Hilang
Matius,18,13,Matius 18:13,"Lalu, jika ia telah mendapatkannya kembali, Aku berkata kepadamu, ia akan lebih bergembira atas yang seekor itu daripada atas sembilan puluh sembilan ekor yang tidak tersesat.",
Matius,18,14,Matius 18:14,Begitu juga Bapamu yang di surga. Ia tidak menghendaki seorang pun dari anak-anak yang kecil ini binasa.”,
Matius,18,15,Matius 18:15,"“Karena itu, jika saudaramu berbuat dosa, tegurlah dia secara pribadi. Jika ia mau mendengarkanmu, maka engkau telah mendapatkannya kembali.",Tentang Menasihati Sesama Saudara
Matius,18,16,Matius 18:16,"Tetapi, jika ia tidak mau mendengarkanmu, ajaklah bersamamu seorang atau dua orang lagi supaya dengan dua atau tiga orang saksi hal itu menjadi sah.",
Matius,18,17,Matius 18:17,"Jika ia tidak mendengarkan mereka, ajukanlah hal itu kepada jemaah. Jika ia masih juga tidak mau mendengarkan jemaah, anggaplah ia sebagai orang yang tidak mengenal Allah atau sebagai pemungut cukai.",
Matius,18,18,Matius 18:18,"Sesungguhnya, Aku berkata kepadamu, segala sesuatu yang kamu ikat di bumi akan terikat di surga, dan segala sesuatu yang kamu lepaskan di bumi akan terlepas juga di surga.",
Matius,18,19,Matius 18:19,"Aku berkata pula kepadamu, jika dua orang di antara kamu di bumi ini bersepakat untuk meminta sesuatu, maka permintaan itu akan dikabulkan oleh Bapa-Ku yang di surga.",
Matius,18,20,Matius 18:20,"Karena di mana dua atau tiga orang berhimpun dalam nama-Ku, di situ Aku ada di tengah-tengah mereka.”",
Matius,18,21,Matius 18:21,"Kemudian, Petrus mendekati Isa dan bertanya, “Ya Junjungan, berapa kalikah aku harus mengampuni saudaraku yang bersalah kepadaku? Sampai tujuh kalikah?”",Ibarat tentang Pengampunan
Matius,18,22,Matius 18:22,"Sabda Isa kepadanya, “Aku berkata kepadamu, bukan hanya tujuh kali, tetapi sampai tujuh puluh kali tujuh.",
Matius,18,23,Matius 18:23,Sebab Kerajaan Surga itu dapat diibaratkan dengan seorang raja yang hendak mengadakan perhitungan dengan para hambanya.,
Matius,18,24,Matius 18:24,"Ketika ia memulainya, dibawalah ke hadapannya seorang hamba yang berutang sebanyak enam puluh juta dinar.",
Matius,18,25,Matius 18:25,"Karena hamba itu tidak dapat membayar utangnya, maka sang tuan memerintahkan agar ia beserta anak-anaknya, istrinya, dan segala miliknya dijual untuk membayar utang-utangnya itu.",
Matius,18,26,Matius 18:26,"Maka, sujudlah hamba itu di hadapannya dan berkata, ‘Sabarlah ya Tuan, aku akan membayar semuanya.’",
Matius,18,27,Matius 18:27,"Melihat hal itu, ibalah hati sang tuan terhadap hambanya itu sehingga ia membebaskan hamba itu dari semua utangnya.",
Matius,18,28,Matius 18:28,"Tetapi, ketika hamba itu keluar dan bertemu dengan kawannya yang berutang kepadanya sebanyak seratus dinar, ia menangkap dan mencekik kawannya itu serta berkata, ‘Bayarlah utangmu!’",
Matius,18,29,Matius 18:29,"Maka, sujudlah kawannya itu serta meminta kepadanya, ‘Sabarlah, aku akan membayarnya.’",
Matius,18,30,Matius 18:30,"Tetapi, ia menolaknya, bahkan kawannya itu dijebloskannya ke dalam penjara sampai utangnya lunas.",
Matius,18,31,Matius 18:31,"Melihat hal itu, kawan-kawannya yang lain menjadi sangat sedih, lalu menceritakan semua hal yang terjadi kepada tuan mereka.",
Matius,18,32,Matius 18:32,"Mendengar hal itu, tuan itu pun segera memanggil hamba yang telah dibebaskan utangnya itu dan berkata, ‘Hai hamba yang jahat, seluruh utangmu sudah kuhapuskan karena engkau memintanya kepadaku.",
Matius,18,33,Matius 18:33,Bukankah engkau pun harus mengasihani kawanmu itu seperti aku sudah mengasihanimu?’,
Matius,18,34,Matius 18:34,"Tuannya itu menjadi sangat marah, lalu menyerahkan hamba yang jahat itu kepada algojo-algojonya sampai ia membayar semua utangnya.",
Matius,18,35,Matius 18:35,"Maka, begitu jugalah akan dilakukan oleh Bapa-Ku yang di surga jika kamu tidak mengampuni saudaramu dengan segenap hatimu.”",
Matius,19,1,Matius 19:1,"Setelah Isa selesai menyampaikan perkataan itu, pergilah Ia dari wilayah Galilea ke wilayah Yudea, yang terletak di seberang Sungai Yordan.",Perceraian
Matius,19,2,Matius 19:2,"Sejumlah besar orang mengikuti-Nya, dan Ia menyembuhkan mereka di sana.",
Matius,19,3,Matius 19:3,"Kemudian, datanglah orang-orang dari mazhab Farisi kepada-Nya dengan maksud hendak mencobai-Nya. Mereka bertanya, “Bolehkah seseorang menceraikan istrinya karena berbagai alasan?”",
Matius,19,4,Matius 19:4,"Sabda Isa, “Tidakkah kamu baca bahwa Dia, yang menciptakan manusia, dari mulanya menjadikan laki-laki dan perempuan?",
Matius,19,5,Matius 19:5,"Firman-Nya, ‘Oleh sebab itu, seorang laki-laki akan meninggalkan ayah serta ibunya dan hidup bersama-sama dengan istrinya sehingga keduanya akan menjadi satu.’",
Matius,19,6,Matius 19:6,"Dengan demikian, mereka bukan lagi dua, melainkan satu. Sebab itu, apa yang sudah dipersatukan oleh Allah janganlah dipisahkan oleh manusia.”",
Matius,19,7,Matius 19:7,"Jawab mereka, “Kalau begitu, mengapa Musa memerintahkan untuk memberi surat talak dan menceraikannya?”",
Matius,19,8,Matius 19:8,"Sabda Isa, “Sebab sikapmu yang keras kepala itulah, maka Musa meluluskan permintaanmu untuk menceraikan istrimu, tetapi sejak mulanya tidaklah demikian.",
Matius,19,9,Matius 19:9,"Aku berkata kepadamu, siapa menceraikan istrinya, kecuali karena percabulan, lalu menikah dengan perempuan lain, ia melakukan perzinaan.”",
Matius,19,10,Matius 19:10,"Kata para pengikut-Nya, “Jika hal tentang suami istri itu demikian adanya, maka lebih baik tidak menikah.”",
Matius,19,11,Matius 19:11,"Tetapi, sabda-Nya kepada mereka, “Tidak semua orang dapat menerima ajaran ini, melainkan hanya mereka yang dikaruniai pengertian.",
Matius,19,12,Matius 19:12,"Ada orang yang tidak dapat menikah karena begitulah keadaannya sejak dari rahim ibunya. Ada juga yang dibuat demikian oleh orang lain, tetapi ada pula yang tidak menikah karena ia sendiri memutuskan demikian demi Kerajaan Surga. Jadi, orang yang dapat menerima ajaran ini, hendaklah ia menerimanya.”",
Matius,19,13,Matius 19:13,"Kemudian, beberapa orang membawa anak-anaknya kepada Isa dengan maksud supaya Ia menumpangkan tangan ke atas mereka serta mendoakan mereka. Akan tetapi, para pengikut-Nya menegur mereka.",Isa Memohonkan Berkah bagi Anak-Anak
Matius,19,14,Matius 19:14,"Lalu, Isa bersabda, “Biarkanlah anak-anak itu, jangan halangi mereka datang kepada-Ku karena orang-orang yang demikianlah yang memiliki Kerajaan Surga.”",
Matius,19,15,Matius 19:15,"Kemudian, Ia menumpangkan tangan-Nya atas anak-anak itu, lalu pergi dari sana.",
Matius,19,16,Matius 19:16,"Tiba-tiba datanglah seseorang kepada Isa. Ia berkata, “Ya Guru, perbuatan baik apa yang patut kulakukan supaya aku mendapatkan hidup yang kekal?”",Orang Muda yang Kaya
Matius,19,17,Matius 19:17,"Sabda Isa, “Mengapa engkau bertanya kepada-Ku tentang apa yang baik? Hanya ada Satu yang baik. Tetapi, apabila engkau ingin masuk ke dalam hidup, taatilah perintah-perintah-Nya.”",
Matius,19,18,Matius 19:18,"Lalu, bertanyalah ia kepada-Nya, “Perintah-perintah yang mana?” Sabda Isa, “Jangan membunuh, jangan berzina, jangan mencuri, jangan menjadi saksi dusta,",
Matius,19,19,Matius 19:19,"hormatilah ayah serta ibumu, dan kasihilah sesamamu manusia seperti dirimu sendiri.”",
Matius,19,20,Matius 19:20,"Jawab orang muda itu, “Semua itu sudah kuturuti, apa lagi yang masih kurang?”",
Matius,19,21,Matius 19:21,"Sabda Isa, “Jika engkau ingin sempurna, pergilah, juallah segala sesuatu yang kamu miliki, kemudian berikanlah hasil penjualannya kepada fakir miskin maka engkau akan memperoleh harta di surga. Setelah itu, ikutlah Aku.”",
Matius,19,22,Matius 19:22,"Tetapi, ketika orang muda itu mendengar sabda-Nya, pergilah ia dengan hati sedih karena ia memiliki banyak harta.",
Matius,19,23,Matius 19:23,"Kemudian, Isa bersabda kepada para pengikut-Nya, “Sesungguhnya, Aku berkata kepadamu, orang kaya sulit masuk Kerajaan Surga.",
Matius,19,24,Matius 19:24,"Sekali lagi Aku berkata kepadamu, lebih mudah seekor unta melewati lubang jarum daripada seorang kaya masuk Kerajaan Allah.”",
Matius,19,25,Matius 19:25,"Mendengar hal itu, para pengikut-Nya merasa sangat heran. Lalu, tanya mereka, “Kalau begitu, siapakah yang dapat diselamatkan?”",
Matius,19,26,Matius 19:26,"Isa memandang mereka dan bersabda, “Memang bagi manusia hal itu mustahil, tetapi bagi Allah tidak ada satu pun yang mustahil.”",
Matius,19,27,Matius 19:27,"Setelah itu, bertanyalah Petrus kepada Isa, “Kami sudah meninggalkan segala-galanya dan mengikut Engkau, ya Junjungan. Jadi, apa yang akan kami peroleh?”",Upah Mengikut Isa
Matius,19,28,Matius 19:28,"Sabda Isa kepada mereka, “Sesungguhnya, Aku berkata kepadamu, di dunia yang baru, pada waktu Anak Manusia duduk di Takhta Kemuliaan-Nya, kamu akan menempati dua belas takhta untuk menghakimi kedua belas suku bani Israil.",
Matius,19,29,Matius 19:29,"Siapa meninggalkan rumahnya, saudaranya laki-laki, saudaranya perempuan, ayahnya, ibunya, anak-anaknya, atau ladangnya karena nama-Ku, ia akan mendapatkannya kembali seratus kali lipat serta akan mewarisi hidup yang kekal.",
Matius,19,30,Matius 19:30,"Tetapi, banyak orang yang pertama menjadi yang terakhir, dan orang-orang yang terakhir menjadi yang pertama.”",
Matius,20,1,Matius 20:1,“Kerajaan Surga itu seperti seorang tuan rumah yang pergi keluar ketika hari masih pagi. Ia hendak mengupah orang-orang yang mau bekerja di kebun anggurnya.,Ibarat tentang Orang-Orang Upahan di Kebun Anggur
Matius,20,2,Matius 20:2,"Setelah ia membuat perjanjian dengan para pekerja, yaitu bahwa mereka akan memperoleh gaji satu dinar sehari, disuruhnya mereka pergi ke kebunnya.",
Matius,20,3,Matius 20:3,"Kira-kira pukul sembilan ia keluar lagi. Dilihatnya beberapa orang lain sedang berdiam diri saja di pasar, tidak bekerja.",
Matius,20,4,Matius 20:4,"Lalu, ia berkata kepada mereka, ‘Pergilah ke kebun anggurku, dan aku akan memberikan kepadamu upah yang pantas.’ Maka, mereka pun pergilah.",
Matius,20,5,Matius 20:5,"Setelah itu, ia keluar lagi, yaitu kira-kira pukul dua belas siang dan pukul tiga sore, dan melakukan hal yang sama.",
Matius,20,6,Matius 20:6,"Kira-kira sampai pukul lima sore, ia masih juga keluar. Lalu, didapatinya beberapa orang lainnya yang sedang berdiam diri, dan bertanyalah ia kepada mereka, ‘Mengapa seharian kamu berdiam diri di sini dan tidak bekerja?’",
Matius,20,7,Matius 20:7,"Jawab mereka, ‘Sebab tidak ada seorang pun yang mengupah kami.’ Lalu, berkatalah ia kepada mereka, ‘Pergilah ke kebun anggurku.’",
Matius,20,8,Matius 20:8,"Setelah magrib, tuan si pemilik kebun anggur itu berkata kepada mandornya, ‘Panggillah para pekerja itu dan bayarlah upahnya, mulai dari orang yang datang paling akhir sampai yang datang paling awal.’",
Matius,20,9,Matius 20:9,"Lalu, datanglah para pekerja yang masuk pukul lima petang, dan masing-masing menerima upah satu dinar.",
Matius,20,10,Matius 20:10,"Ketika orang-orang yang masuk paling awal datang, mereka menyangka bahwa mereka akan menerima upah lebih banyak. Tetapi, ternyata mereka masing-masing juga menerima upah satu dinar.",
Matius,20,11,Matius 20:11,"Setelah mereka menerimanya, mereka bersungut-sungut kepada tuan pemilik kebun anggur itu.",
Matius,20,12,Matius 20:12,"Kata mereka, ‘Orang yang masuk paling akhir hanya bekerja selama satu jam, tetapi Tuan menyamakan upah mereka dengan upah kami, yang sudah menanggung lelah seharian penuh di bawah panas matahari.’",
Matius,20,13,Matius 20:13,"Tetapi, jawab tuan itu kepada salah seorang dari antara mereka, ‘Hai sahabat, aku tidak bersalah terhadapmu. Bukankah upah satu dinar itu merupakan kesepakatan kita bersama?",
Matius,20,14,Matius 20:14,"Sekarang ambillah bagianmu dan pergilah. Kepada orang yang datang paling akhir ini, aku hendak memberikan upah yang sama dengan upahmu.",
Matius,20,15,Matius 20:15,Tidak bolehkah aku memutuskan apa yang hendak kuperbuat dengan hartaku sendiri? Atau irikah engkau karena kemurahan hatiku?’,
Matius,20,16,Matius 20:16,"Demikianlah jadinya, orang-orang yang terakhir akan menjadi yang pertama, dan yang pertama akan menjadi yang terakhir.”",
Matius,20,17,Matius 20:17,"Ketika Isa sedang dalam perjalanan ke Yerusalem, Ia memanggil kedua belas pengikut-Nya secara tersendiri. Lalu, Ia bersabda kepada mereka,",Pemberitahuan Ketiga tentang Penderitaan Isa
Matius,20,18,Matius 20:18,“Sekarang kita sedang menuju ke Yerusalem. Di sana Anak Manusia akan diserahkan ke tangan para imam kepala dan para ahli Kitab Suci Taurat. Mereka akan menjatuhkan hukuman mati atas diri-Nya.,
Matius,20,19,Matius 20:19,"Mereka akan menyerahkan Dia ke tangan bangsa-bangsa yang tidak mengenal Allah, dan orang-orang itu akan memperolokkan-Nya, menyesah-Nya, serta menyalibkan-Nya. Tetapi, pada hari yang ketiga Ia akan dibangkitkan.”",
Matius,20,20,Matius 20:20,"Kemudian, ibu dari kedua anak Zabdi datang kepada Isa bersama dengan anak-anaknya. Sambil sujud di hadapan Isa, ia memohon sesuatu kepada-Nya.","Permintaan Ibu Yakub dan Yahya; Bukan Memerintah, melainkan Melayani"
Matius,20,21,Matius 20:21,"Sabda Isa kepada ibu itu, “Apa yang menjadi kehendakmu?” Jawab ibu itu kepada-Nya, “Ya Junjungan, perintahkanlah supaya kedua anakku ini dapat duduk dalam kerajaan-Mu, yang seorang di sebelah kanan dan yang seorang lagi di sebelah kiri-Mu.”",
Matius,20,22,Matius 20:22,"Sabda Isa, “Kamu tidak tahu apa yang kamu minta. Dapatkah kamu meminum isi cawan yang akan Kuminum?” Jawab mereka, “Kami dapat.”",
Matius,20,23,Matius 20:23,"Sabda Isa kepada mereka, “Memang cawan berisi minuman yang akan Kuminum itu akan kamu minum juga. Akan tetapi, perihal duduk di sebelah kanan dan di sebelah kiri-Ku, bukan Aku yang berwenang memberikannya karena tempat itu dipersiapkan Bapa-Ku bagi mereka yang akan menempatinya.”",
Matius,20,24,Matius 20:24,"Ketika kesepuluh pengikut lainnya mendengar hal itu, gusarlah mereka kepada dua bersaudara itu.",
Matius,20,25,Matius 20:25,"Isa memanggil mereka semua, lalu bersabda, “Kamu tahu bahwa para penguasa bangsa yang tidak mengenal Allah memerintah rakyat mereka dengan tangan besi, dan para pembesarnya mempunyai wewenang penuh atas mereka.",
Matius,20,26,Matius 20:26,"Tetapi, janganlah begitu di antara kamu. Siapa ingin menjadi besar di antara kamu, ia harus menjadi abdimu,",
Matius,20,27,Matius 20:27,"dan siapa ingin menjadi yang pertama di antara kamu, ia harus menjadi hambamu.",
Matius,20,28,Matius 20:28,"Seperti Anak Manusia juga datang bukan untuk dilayani, melainkan untuk melayani dan memberikan nyawa-Nya menjadi tebusan bagi banyak orang.”",
Matius,20,29,Matius 20:29,"Ketika Isa dan para pengikut-Nya keluar dari Kota Yerikho, sejumlah besar orang mengikuti-Nya.",Isa Menyembuhkan Dua Orang Buta
Matius,20,30,Matius 20:30,"Di sana ada dua orang buta yang duduk di tepi jalan. Setelah mereka mendengar bahwa Isa melewati tempat itu, berteriaklah mereka, “Ya Junjungan, ya Anak Daud, kasihanilah kami!”",
Matius,20,31,Matius 20:31,"Orang banyak menegur mereka supaya mereka diam. Tetapi, malah semakin keras saja mereka berteriak, “Ya Junjungan, ya Anak Daud, kasihanilah kami!”",
Matius,20,32,Matius 20:32,"Kemudian, Isa berhenti dan memanggil keduanya. Sabda-Nya, “Apa yang kamu kehendaki Aku perbuat bagimu?”",
Matius,20,33,Matius 20:33,"Jawab mereka, “Ya Junjungan, supaya mata kami dapat melihat.”",
Matius,20,34,Matius 20:34,"Isa merasa iba pada keduanya, lalu menyentuh mata mereka, dan pada saat itu juga mereka dapat melihat. Kemudian, mereka pun mengikut Dia.",
Matius,21,1,Matius 21:1,"Isa dan para pengikut-Nya hampir mendekati Yerusalem. Mereka tiba di Baitfagi, yang terletak di Bukit Zaitun. Kemudian, Ia menyuruh dua orang pengikut-Nya,",Isa Dielu-elukan di Yerusalem
Matius,21,2,Matius 21:2,"sabda-Nya kepada mereka, “Pergilah ke desa yang ada di hadapanmu itu. Di sana kamu segera akan mendapati seekor keledai betina yang tertambat beserta dengan anaknya. Lepaskanlah keledai-keledai itu dan bawalah kepada-Ku.",
Matius,21,3,Matius 21:3,"Jika ada orang yang bertanya kepadamu, katakanlah, ‘Sang Junjungan memerlukannya,’ maka orang itu akan segera menyuruhmu membawa kedua keledai itu.”",
Matius,21,4,Matius 21:4,"Hal itu terjadi supaya genaplah firman yang telah disampaikan Allah melalui nabi-Nya,",
Matius,21,5,Matius 21:5,"“Katakanlah kepada putri Sion, ‘Lihatlah! Rajamu datang kepadamu. Ia rendah hati dan menunggang seekor keledai serta seekor anak keledai beban yang muda.’”",
Matius,21,6,Matius 21:6,"Kemudian, pergilah kedua pengikut-Nya itu dan melaksanakan apa yang disuruh oleh Isa kepada mereka.",
Matius,21,7,Matius 21:7,"Mereka membawa keledai itu dan juga anaknya. Mereka membentangkan pakaian mereka di punggung keledai itu, lalu Isa duduk di atasnya.",
Matius,21,8,Matius 21:8,"Sejumlah besar orang menghamparkan pakaian mereka di jalan, sedangkan yang lain memotong beberapa ranting dari pepohonan, kemudian menyerakkannya di jalan.",
Matius,21,9,Matius 21:9,"Sebagian dari orang banyak itu berjalan mendahului Isa, sedangkan sebagian lagi mengiringi-Nya dari belakang. Sambil berjalan mereka berseru-seru, “Segala puji bagi Anak Daud, mubaraklah Dia yang datang atas nama Tuhan! Segala puji di Tempat Yang Mahatinggi!”",
Matius,21,10,Matius 21:10,"Ketika Isa masuk ke Kota Yerusalem, gemparlah seluruh penduduk kota itu, lalu mereka bertanya, “Siapakah gerangan orang ini?”",
Matius,21,11,Matius 21:11,"Jawab orang banyak yang mengiringi Isa, “Dialah Isa, nabi dari Kota Nazaret, di wilayah Galilea.”",
Matius,21,12,Matius 21:12,"Kemudian, Isa masuk ke Bait Allah dan mengusir semua orang yang sedang berjual beli di halaman Bait Allah. Ia menjungkirbalikkan meja-meja penukar uang dan kursi-kursi penjual burung merpati.",Isa Menyucikan Bait Allah
Matius,21,13,Matius 21:13,"Sabda-Nya kepada mereka, “Telah tertulis, ‘Rumah-Ku akan disebut rumah doa,’ tetapi kamu menjadikannya sarang penyamun.”",
Matius,21,14,Matius 21:14,"Orang-orang buta dan timpang datang kepada Isa di Bait Allah, lalu Ia menyembuhkan mereka.",
Matius,21,15,Matius 21:15,"Tetapi, ketika imam-imam kepala dan para ahli Kitab Suci Taurat melihat perbuatan ajaib yang dilakukan Isa dan mendengar anak-anak yang mengelu-elukan-Nya di Bait Allah, “Segala puji bagi Anak Daud,” mereka menjadi sangat marah.",
Matius,21,16,Matius 21:16,"Kemudian, mereka berkata kepada Isa, “Engkau dengar apa yang diserukan oleh anak-anak itu?” Sabda Isa, “Ya, Aku mendengarnya! Belum pernahkah kamu baca, ‘Dari mulut anak-anak, bahkan bayi-bayi yang sedang menyusu, Tuhan telah menyediakan puji-pujian?’”",
Matius,21,17,Matius 21:17,"Setelah mengatakan hal itu Isa meninggalkan mereka, lalu pergi menuju ke Baitani untuk bermalam di sana.",
Matius,21,18,Matius 21:18,"Esok paginya, ketika Isa hendak kembali ke Kota Yerusalem, Ia merasa lapar.",Isa Mengutuk Pohon Ara
Matius,21,19,Matius 21:19,"Dilihat-Nya sebatang pohon ara di tepi jalan, lalu didekati-Nya pohon itu. Ternyata Ia tidak mendapati apa pun, selain dedaunan. Lalu, sabda-Nya kepada pohon itu, “Jangan berbuah lagi sampai selama-lamanya.” Seketika itu juga keringlah pohon itu.",
Matius,21,20,Matius 21:20,"Melihat hal itu para pengikut-Nya menjadi heran dan bertanya, “Bagaimana mungkin pohon ara ini menjadi kering dalam sekejap?”",
Matius,21,21,Matius 21:21,"Sabda Isa, “Sesungguhnya, Aku berkata kepadamu, jika kamu percaya dan tidak bimbang, maka kamu tidak hanya dapat melakukan apa yang telah Kulakukan terhadap pohon ara ini, tetapi kamu pun dapat berkata kepada gunung itu, ‘Terangkatlah dan tercampaklah ke laut,’ dan hal itu akan terjadi.",
Matius,21,22,Matius 21:22,Segala sesuatu yang kamu minta melalui doa akan kamu peroleh jika kamu percaya.”,
Matius,21,23,Matius 21:23,"Setelah Isa masuk ke Bait Allah, datanglah para imam kepala dan para tua-tua kepada-Nya sementara Ia sedang mengajar. Lalu, mereka berkata, “Apa wewenang-Mu melakukan semua itu? Siapakah yang memberikan wewenang itu kepada-Mu?”",Pertanyaan mengenai Wewenang Isa
Matius,21,24,Matius 21:24,"Jawab Isa kepada mereka, “Aku pun hendak menanyakan kepadamu satu hal. Jika kamu dapat memberitahukan jawabannya kepada-Ku, maka Aku akan memberitahukan juga kepadamu wewenang yang Kumiliki untuk melakukan semua itu.",
Matius,21,25,Matius 21:25,"Dari manakah asalnya permandian Yahya? Dari surga atau dari manusia?” Lalu, mereka membicarakannya di antara mereka, “Jika kita katakan, ‘dari surga,’ maka Ia akan berkata, ‘Kalau begitu, mengapa kamu tidak percaya kepadanya?’",
Matius,21,26,Matius 21:26,"Tetapi, jika kita katakan, ‘dari manusia,’ kita takut kepada orang banyak yang mengakui bahwa Yahya adalah seorang nabi.”",
Matius,21,27,Matius 21:27,"Itulah sebabnya, mereka menjawab, “Kami tidak tahu.” Kemudian, sabda Isa kepada mereka, “Kalau begitu, Aku pun tidak akan mengatakan kepadamu dari mana wewenang yang Kumiliki untuk melakukan semua itu.”",
Matius,21,28,Matius 21:28,"“Apakah pendapatmu mengenai hal ini? Ada seorang bapak yang mempunyai dua anak laki-laki. Kepada anak yang pertama ia berkata, ‘Hai anakku, pergilah dan bekerjalah hari ini di kebun anggur kita.’",Ibarat tentang Dua Orang Anak
Matius,21,29,Matius 21:29,"Jawabnya, ‘Tidak mau!’ Tetapi kemudian, ia menyesal dan akhirnya pergi juga ke kebun anggur itu.",
Matius,21,30,Matius 21:30,"Bapak itu pun menemui anak bungsunya dan mengatakan hal yang sama. Lalu, jawab si bungsu, ‘Ya, Bapa!’ Tetapi, ia tidak pergi.",
Matius,21,31,Matius 21:31,"Jadi, dari antara kedua anak itu, siapakah yang melakukan kehendak bapaknya?” Jawab mereka, “Yang pertama.” Sabda Isa kepada mereka, “Sesungguhnya, Aku berkata kepadamu, para pemungut cukai dan perempuan-perempuan sundal akan mendahului kamu masuk ke dalam Kerajaan Allah.",
Matius,21,32,Matius 21:32,"Karena ketika Yahya datang kepadamu untuk menunjukkan jalan yang benar, kamu tidak mau percaya kepadanya. Sedangkan para pemungut cukai dan perempuan-perempuan sundal mau percaya kepadanya. Bahkan setelah melihat hal itu pun kamu tidak mau berubah dan percaya kepadanya.”",
Matius,21,33,Matius 21:33,"“Dengarkanlah juga ibarat lainnya. Ada seorang tuan yang membuat kebun anggur, lalu memagari sekelilingnya. Digalinya juga tempat untuk memeras anggur. Selain itu, didirikannya pula menara jaga. Kemudian, ia menyewakannya kepada para penggarap sementara ia sendiri pergi ke negeri lain.",Ibarat tentang Penggarap-Penggarap Kebun Anggur
Matius,21,34,Matius 21:34,"Ketika hampir tiba musim memetik buah, ia mengutus hamba-hambanya kepada para penggarap itu untuk menerima hasil buah yang menjadi bagiannya.",
Matius,21,35,Matius 21:35,"Tetapi, para penggarap itu menangkap hamba-hamba yang datang itu. Mereka memukul yang satu, membunuh yang lain, dan merajam yang lainnya lagi.",
Matius,21,36,Matius 21:36,"Kemudian, tuan itu mengutus lagi hamba-hambanya yang lain lebih banyak dari semula. Meskipun begitu, mereka pun mendapat perlakuan yang sama dengan hamba-hamba yang terdahulu.",
Matius,21,37,Matius 21:37,"Akhirnya tuan itu mengutus anaknya kepada mereka, pikirnya, ‘Mereka tentu akan menghormati anakku.’",
Matius,21,38,Matius 21:38,"Tetapi, ketika para penggarap itu melihat anak tuan mereka, berkatalah mereka satu kepada lainnya, ‘Dia adalah ahli warisnya. Mari kita bunuh dia dan kita ambil warisannya!’",
Matius,21,39,Matius 21:39,"Lalu, mereka menangkapnya, mengeluarkannya dari kebun anggur itu, dan membunuhnya.",
Matius,21,40,Matius 21:40,"Ketika pemilik kebun anggur itu datang, apa yang akan ia perbuat terhadap para penggarap itu?”",
Matius,21,41,Matius 21:41,"Jawab orang-orang yang ada di situ, “Celakalah mereka karena ia akan membinasakan orang-orang yang jahat itu, lalu kebun anggur itu akan dipercayakannya kepada para penggarap lain yang akan menyerahkan hasilnya pada setiap musimnya.”",
Matius,21,42,Matius 21:42,"Kemudian, sabda Isa, “Belum pernahkah kamu baca dalam Kitab Suci, ‘Batu yang dibuang oleh tukang-tukang bangunan, telah menjadi batu penjuru. Hal ini terjadi dari pihak Tuhan, dan merupakan hal yang ajaib di mata kita.’?",
Matius,21,43,Matius 21:43,"Sebab itu, Aku berkata padamu, Kerajaan Allah akan diambil darimu dan dipercayakan kepada suatu bangsa yang akan menghasilkan buah.",
Matius,21,44,Matius 21:44,"Siapa jatuh ke atas batu itu akan remuk, dan siapa ditimpa oleh batu itu akan hancur luluh.”",
Matius,21,45,Matius 21:45,"Ketika para imam kepala dan orang-orang dari mazhab Farisi mendengar semua ibarat itu, mereka tahu bahwa diri merekalah yang dibicarakan-Nya.",
Matius,21,46,Matius 21:46,"Kemudian, mereka mencari jalan untuk menangkap-Nya, tetapi mereka takut kepada orang banyak yang menganggap Isa seorang nabi.",
Matius,22,1,Matius 22:1,"Kembali Isa bersabda kepada mereka melalui ibarat,",Ibarat tentang Perjamuan Nikah
Matius,22,2,Matius 22:2,“Kerajaan Surga itu dapat diibaratkan dengan seorang raja yang mengadakan perjamuan nikah bagi anaknya.,
Matius,22,3,Matius 22:3,"Ia menyuruh hamba-hambanya menjemput orang-orang yang sudah diundangnya, tetapi para undangan itu tidak mau datang.",
Matius,22,4,Matius 22:4,"Sang raja kembali menyuruh hamba-hambanya yang lain dengan pesan, ‘Katakanlah kepada para undangan itu: Lihatlah, jamuan sudah kusediakan, lembu-lembu dan ternak peliharaan lain yang tambun-tambun pun sudah disembelih, dan semuanya sudah tersedia. Jadi, hadirlah pada perjamuan nikah itu.’",
Matius,22,5,Matius 22:5,"Tetapi, tetap saja mereka tidak mempedulikannya. Ada yang pergi ke ladangnya dan ada pula yang mengurus usahanya.",
Matius,22,6,Matius 22:6,"Bahkan ada yang menangkap hamba-hamba itu, lalu menganiaya dan membunuh mereka.",
Matius,22,7,Matius 22:7,"Sang raja pun menjadi sangat murka, lalu ia mengerahkan bala tentaranya untuk membinasakan para pembunuh itu dan membakar kota mereka.",
Matius,22,8,Matius 22:8,"Selanjutnya, sabda raja kepada hamba-hambanya, ‘Jamuan pernikahan sudah tersedia, tetapi mereka yang telah diundang itu memang tidak layak diundang.",
Matius,22,9,Matius 22:9,"Sebab itu, pergilah ke setiap persimpangan jalan dan ajaklah setiap orang yang kamu jumpai untuk hadir di perjamuan nikah ini.’",
Matius,22,10,Matius 22:10,"Kemudian, hamba-hamba itu pergi ke jalan-jalan untuk mengundang setiap orang yang dijumpainya di sana, yang jahat dan juga yang baik. Akhirnya penuhlah tempat perjamuan nikah itu dengan para tamu.",
Matius,22,11,Matius 22:11,"Lalu, sang raja pun masuk untuk melihat para tamu. Ia melihat seorang yang tidak mengenakan pakaian yang layak dipakai untuk hadir di perjamuan nikah.",
Matius,22,12,Matius 22:12,"Lalu, kata sang raja kepada orang itu, ‘Hai Saudara, mengapa engkau masuk kemari dengan tidak mengenakan pakaian perjamuan?’ Tetapi, orang itu diam saja.",
Matius,22,13,Matius 22:13,"Maka, berkatalah raja itu kepada para hambanya, ‘Ikatlah tangan dan kakinya, lalu campakkanlah ia ke tempat yang paling gelap. Di tempat itu ada ratapan dan kertak gigi.’",
Matius,22,14,Matius 22:14,"Karena banyak orang yang dipanggil, tetapi hanya sedikit yang dipilih.”",
Matius,22,15,Matius 22:15,"Setelah itu, orang-orang dari mazhab Farisi itu pergi dan bermufakat tentang bagaimana cara menjerat Isa dari perkataan-Nya.",Tentang Membayar Pajak kepada Kaisar
Matius,22,16,Matius 22:16,"Kemudian, mereka menyuruh para pengikut mereka beserta orang-orang Herodian bertanya kepada Isa, “Wahai Guru, kami tahu bahwa Engkau adalah orang yang jujur. Engkau mengajarkan jalan Allah dengan jujur, dan Engkau tidak merasa takut kepada siapa pun karena Engkau tidak memandang muka.",
Matius,22,17,Matius 22:17,"Karena itu, katakanlah kepada kami bagaimana pendapat-Mu. Bolehkah membayar pajak kepada Kaisar atau tidak?”",
Matius,22,18,Matius 22:18,"Tetapi, Isa mengetahui kejahatan hati mereka. Lalu, sabda-Nya kepada mereka, “Hai orang-orang munafik, mengapa kamu mencobai Aku?",
Matius,22,19,Matius 22:19,Tunjukkanlah kepada-Ku uang yang kamu pakai untuk membayar pajak.” Mereka pun membawa sekeping uang dinar kepada-Nya.,
Matius,22,20,Matius 22:20,"Lalu, sabda-Nya kepada mereka, “Gambar dan cap siapakah ini?”",
Matius,22,21,Matius 22:21,"Jawab mereka, “Gambar dan cap Kaisar.” Kemudian, sabda Isa kepada mereka, “Serahkanlah kepada Kaisar apa yang seharusnya diserahkan kepada Kaisar, dan serahkanlah kepada Allah apa yang seharusnya diserahkan kepada Allah.”",
Matius,22,22,Matius 22:22,"Mendengar jawaban itu mereka pun merasa heran, kemudian pergi meninggalkan Isa.",
Matius,22,23,Matius 22:23,"Pada hari itu juga datanglah kepada Isa orang-orang dari mazhab Saduki yang berpendapat bahwa kebangkitan orang mati itu tidak ada. Kemudian, mereka bertanya kepada-Nya,",Pertanyaan Orang-Orang dari Mazhab Saduki tentang Kebangkitan
Matius,22,24,Matius 22:24,"“Wahai Guru, menurut firman yang disampaikan melalui Musa, jika seorang suami meninggal tanpa meninggalkan anak, maka saudaranya yang laki-laki harus memperistri janda almarhum itu supaya diperolehnya keturunan bagi almarhum.",
Matius,22,25,Matius 22:25,"Di antara kami ada tujuh orang bersaudara. Saudara yang pertama meninggal setelah menikah. Karena ia tidak mempunyai keturunan, maka janda almarhum itu dinikahi oleh saudaranya.",
Matius,22,26,Matius 22:26,"Begitu juga dengan saudaranya yang kedua, yang ketiga, bahkan sampai yang ketujuh.",
Matius,22,27,Matius 22:27,"Pada akhirnya, sesudah semuanya meninggal, perempuan itu meninggal juga.",
Matius,22,28,Matius 22:28,"Pada hari kebangkitan nanti, siapa dari ketujuh saudara itu yang akan menjadi suami dari perempuan itu? Karena semuanya sudah menikahinya.”",
Matius,22,29,Matius 22:29,"Sabda Isa kepada mereka, “Kamu sesat sebab kamu tidak mengerti isi Kitab Suci maupun kuasa Allah.",
Matius,22,30,Matius 22:30,"Pada hari kebangkitan, orang-orang tidak akan menikah dan tidak akan dinikahkan. Keadaan mereka di surga akan seperti para malaikat.",
Matius,22,31,Matius 22:31,"Sedangkan mengenai kebangkitan orang-orang mati, belum pernahkah kamu baca apa yang telah disabdakan Allah kepadamu?",
Matius,22,32,Matius 22:32,"‘Akulah Tuhan Ibrahim, Ishak, dan Yakub.’ Ia bukan Tuhan yang disembah oleh orang mati, melainkan oleh orang hidup.”",
Matius,22,33,Matius 22:33,"Ketika orang banyak mendengar hal itu, mereka merasa heran atas ajaran-Nya.",
Matius,22,34,Matius 22:34,"Ketika orang-orang dari mazhab Farisi mendengar kabar bahwa Isa telah membungkam orang-orang dari mazhab Saduki, berkumpullah mereka.",Hukum yang Terutama
Matius,22,35,Matius 22:35,"Kemudian, salah seorang dari mereka, yakni seorang ahli Kitab Suci Taurat, datang dan bertanya kepada Isa untuk mencobai-Nya. Ia bertanya,",
Matius,22,36,Matius 22:36,"“Wahai Guru, perintah manakah yang paling utama dalam hukum Taurat?”",
Matius,22,37,Matius 22:37,"Sabda Isa kepadanya, “‘Kasihilah Allah, Tuhanmu, dengan segenap hatimu, dengan segenap jiwamu, dan dengan segenap akal budimu.’",
Matius,22,38,Matius 22:38,Itulah perintah yang terutama dan yang pertama.,
Matius,22,39,Matius 22:39,"Sedangkan perintah yang kedua, yang sama dengan itu, ‘Kasihilah sesamamu manusia seperti dirimu sendiri.’",
Matius,22,40,Matius 22:40,Pada kedua perintah inilah terhimpun seluruh hukum Taurat dan juga semua wahyu Allah yang dituliskan oleh para nabi.”,
Matius,22,41,Matius 22:41,"Pada waktu orang-orang dari mazhab Farisi sedang berkerumun, bersabdalah Isa kepada mereka,",Hubungan antara Isa dan Daud
Matius,22,42,Matius 22:42,"“Bagaimanakah pendapatmu tentang Al-Masih? Anak siapakah Dia?” Jawab mereka, “Anak Daud!”",
Matius,22,43,Matius 22:43,"Sabda Isa, “Kalau begitu, bagaimana mungkin Daud dengan kuasa Ruh Allah menyebut-Nya ‘Junjungan’ ketika ia berkata,",
Matius,22,44,Matius 22:44,‘Tuhan bersabda kepada Junjungan: Duduklah di sebelah kanan-Ku sampai Aku menaruh musuh-musuh-Mu di bawah kaki-Mu.’,
Matius,22,45,Matius 22:45,"Jadi, kalau Daud sendiri menyebut-Nya ‘Junjungan,’ bagaimana mungkin Dia adalah anaknya?”",
Matius,22,46,Matius 22:46,"Tidak seorang pun yang dapat menjawab-Nya, dan sejak hari itu tidak seorang pun yang berani mengajukan pertanyaan kepada-Nya.",
Matius,23,1,Matius 23:1,"Kemudian, bersabdalah Isa kepada orang banyak dan para pengikut-Nya,",Isa Mengecam Ahli-Ahli Kitab Suci Taurat dan Orang-Orang dari Mazhab Farisi
Matius,23,2,Matius 23:2,“Para ahli Kitab Suci Taurat dan orang-orang dari mazhab Farisi telah menduduki kursi Musa.,
Matius,23,3,Matius 23:3,"Sebab itu, turuti dan amalkan segala sesuatu yang mereka ajarkan, tetapi jangan turuti akhlak mereka karena ajaran mereka tidak selaras dengan perbuatan mereka sendiri.",
Matius,23,4,Matius 23:4,"Mereka mengikat beban yang berat-berat, lalu meletakkannya di atas bahu orang-orang, padahal mereka sendiri sama sekali tidak mau menyentuhnya.",
Matius,23,5,Matius 23:5,"Semua yang mereka lakukan, mereka buat sedemikian rupa supaya dilihat orang. Mereka memakai tali sembahyang yang lebar dan juga memanjangkan rumbai-rumbai yang ada pada jubah mereka.",
Matius,23,6,Matius 23:6,"Mereka menyukai tempat-tempat terhormat, baik di tempat-tempat perjamuan maupun di rumah-rumah ibadah.",
Matius,23,7,Matius 23:7,Mereka senang menerima salam dari orang di pasar-pasar dan menyukai sebutan ‘Guru’.,
Matius,23,8,Matius 23:8,"Tetapi, janganlah kamu mau disebut ‘Guru’ karena Gurumu hanya satu dan kamu semua adalah saudara.",
Matius,23,9,Matius 23:9,"Lagi pula, janganlah kamu menyebut ‘Bapa’ siapa pun di dunia ini karena Bapamu hanya satu, yaitu Dia yang di surga.",
Matius,23,10,Matius 23:10,"Selain itu, janganlah kamu mau disebut ‘pemimpin’ karena hanya satu Pemimpinmu, yaitu Al-Masih.",
Matius,23,11,Matius 23:11,"Sedangkan yang terbesar di antara kamu, hendaklah ia menjadi abdi dari semuanya.",
Matius,23,12,Matius 23:12,"Siapa meninggikan dirinya, ia akan direndahkan. Tetapi, siapa merendahkan dirinya, ia akan ditinggikan.",
Matius,23,13,Matius 23:13,"Celakalah kamu, hai para ahli Kitab Suci Taurat dan orang-orang dari mazhab Farisi, hai orang-orang yang munafik! Kamu mengunci pintu-pintu Kerajaan Surga di hadapan orang-orang. Kamu sendiri tidak mau masuk, dan orang yang hendak masuk pun kamu halangi.",
Matius,23,14,Matius 23:14,"Celakalah kamu, hai para ahli Kitab Suci Taurat dan orang-orang dari mazhab Farisi, hai orang-orang yang munafik! Kamu merampas rumah para janda dan berpura-pura suci dengan memanjang-manjangkan doamu. Sebab itu, kamu akan menerima hukuman yang lebih berat.",
Matius,23,15,Matius 23:15,"Celakalah kamu, hai para ahli Kitab Suci Taurat dan orang-orang dari mazhab Farisi, hai orang-orang yang munafik! Kamu menjelajahi laut dan daratan hanya untuk membawa satu orang saja menjadi pemeluk agamamu, tetapi setelah itu kamu menjadikan dia calon penghuni neraka yang dua kali lebih jahat daripada dirimu.",
Matius,23,16,Matius 23:16,"Celakalah kamu, hai para pemimpin buta yang berkata, ‘Siapa bersumpah demi Bait Allah, maka sumpahnya itu tidak sah. Tetapi, siapa bersumpah demi emas Bait Allah, maka sumpahnya itu mengikatnya.’",
Matius,23,17,Matius 23:17,"Hai kamu, orang-orang bodoh dan buta! Mana yang lebih berarti, emaskah atau Bait Allah yang menyucikan emas itu?",
Matius,23,18,Matius 23:18,"Kamu juga berkata, ‘Siapa bersumpah demi tempat pembakaran kurban, maka sumpahnya itu tidak sah. Tetapi, siapa bersumpah demi kurban yang ada di atasnya, maka sumpahnya itu mengikat.’",
Matius,23,19,Matius 23:19,"Hai kamu, orang-orang buta! Mana yang lebih berarti, kurbankah atau tempat pembakaran kurban yang menyucikan kurban itu?",
Matius,23,20,Matius 23:20,"Ketahuilah bahwa orang yang bersumpah demi tempat pembakaran kurban, berarti juga bersumpah demi tempat pembakaran kurban itu dan segala sesuatu yang ada di atasnya.",
Matius,23,21,Matius 23:21,"Orang yang bersumpah demi Bait Allah, berarti juga bersumpah demi Bait Allah itu dan demi Tuhan yang bersemayam di situ,",
Matius,23,22,Matius 23:22,"dan orang yang bersumpah demi surga, berarti juga bersumpah demi arasy Allah dan demi Dia yang bersemayam di atasnya.",
Matius,23,23,Matius 23:23,"Celakalah kamu, hai para ahli Kitab Suci Taurat dan orang-orang dari mazhab Farisi, hai orang-orang yang munafik! Kamu membayar sepersepuluh dari selasih, adas manis, dan jintan, tetapi segala sesuatu yang lebih penting yang juga tertulis dalam hukum Taurat seperti keadilan, belas kasihan, dan kesetiaan, kamu abaikan. Hal-hal itu memang patut kamu kerjakan, tetapi yang lainnya jangan ditinggalkan.",
Matius,23,24,Matius 23:24,"Hai kamu, para pemimpin buta! Nyamuk kamu tapis, tetapi unta kamu telan.",
Matius,23,25,Matius 23:25,"Celakalah kamu, hai para ahli Kitab Suci Taurat dan orang-orang dari mazhab Farisi, hai orang-orang yang munafik! Kamu hanya membersihkan bagian luar dari cawan dan pinggan, sedangkan bagian dalamnya penuh dengan rampasan dan ketamakan.",
Matius,23,26,Matius 23:26,"Hai kamu, orang-orang dari mazhab Farisi yang buta! Bersihkanlah lebih dahulu bagian dalam dari cawan itu maka luarnya pun akan menjadi bersih.",
Matius,23,27,Matius 23:27,"Celakalah kamu, hai para ahli Kitab Suci Taurat dan orang-orang dari mazhab Farisi, hai orang-orang yang munafik! Kamu sama seperti makam yang dikapur putih, luarnya tampak indah, tetapi bagian dalamnya penuh dengan tulang-belulang orang mati dan semua yang najis.",
Matius,23,28,Matius 23:28,"Begitu jugalah kamu! Di hadapan orang, kamu kelihatan seperti orang yang bertakwa dan berakhlak, tetapi di balik apa yang nampak, kamu penuh dengan kemunafikan dan kejahatan.",
Matius,23,29,Matius 23:29,"Celakalah kamu, hai para ahli Kitab Suci Taurat dan orang-orang dari mazhab Farisi, hai orang-orang yang munafik! Kamu membangun makam para nabi dan menghiasi nisan-nisan orang saleh,",
Matius,23,30,Matius 23:30,"lalu kamu berkata, ‘Jika kami hidup pada zaman nenek moyang kami, maka kami tidak akan turut serta dengan orang-orang yang menumpahkan darah para nabi ini.’",
Matius,23,31,Matius 23:31,"Dengan demikian, kamu sendiri memberi kesaksian bahwa kamu adalah anak cucu dari orang-orang yang telah membunuh nabi-nabi itu.",
Matius,23,32,Matius 23:32,"Jadi, genapilah apa yang telah diperbuat oleh nenek moyangmu itu!",
Matius,23,33,Matius 23:33,"Hai kamu yang berperilaku seperti ular, bahkan seperti ular berbisa! Bagaimana kamu dapat melepaskan diri dari hukuman neraka?",
Matius,23,34,Matius 23:34,"Lihat! Aku akan mengutus kepadamu nabi-nabi, orang-orang bijaksana, dan para ahli kitab. Tetapi, sebagian dari mereka akan kamu jatuhi hukuman mati dan kamu salibkan, sedangkan sebagian lagi akan kamu sesah di rumah-rumah ibadahmu dan akan kamu kejar-kejar dari satu kota ke kota lainnya.",
Matius,23,35,Matius 23:35,"Dengan demikian, darah semua orang saleh yang tertumpah di bumi ini akan ditanggungkan kepada kamu, mulai dari darah Habil, yang tidak bersalah itu, sampai darah Zakharia bin Berekhya, yang telah kamu bunuh di antara bangunan Bait Allah dan tempat pembakaran kurban.",
Matius,23,36,Matius 23:36,"Sesungguhnya, Aku berkata kepadamu, semuanya itu akan ditanggungkan kepada generasi ini.”",
Matius,23,37,Matius 23:37,"“Hai Yerusalem, Yerusalem! Kota yang menjatuhkan hukuman mati bagi para nabi dan yang merajam semua orang yang diutus kepadamu! Berulangkali Aku hendak mengumpulkan anak-anakmu seperti seekor induk ayam yang mengumpulkan anak-anaknya di bawah kepaknya, tetapi kamu tidak mau!",Keluhan terhadap Yerusalem
Matius,23,38,Matius 23:38,"Karena itu, rumahmu akan ditinggalkan dan menjadi sunyi.",
Matius,23,39,Matius 23:39,"Aku berkata kepadamu, mulai saat ini kamu tidak akan melihat Aku lagi sampai suatu saat kamu berkata, ‘Mubaraklah Dia yang datang dalam nama Tuhan.’”",
Matius,24,1,Matius 24:1,"Kemudian, Isa keluar dari Bait Allah, lalu pergi. Setelah itu, para pengikut-Nya datang kepada-Nya dan menunjuk ke arah bangunan-bangunan Bait Allah.",Bait Allah Akan Diruntuhkan
Matius,24,2,Matius 24:2,"Sabda Isa kepada mereka, “Kamu lihat semua itu? Sesungguhnya, Aku berkata kepadamu, tidak satu batu pun yang akan tinggal tersusun di atas batu lainnya. Semuanya akan diruntuhkan.”",
Matius,24,3,Matius 24:3,"Ketika Isa sedang duduk di Bukit Zaitun, para pengikut-Nya datang kepada-Nya untuk bercakap-cakap sendirian dengan-Nya. Kata mereka, “Katakanlah kepada kami, kapan hal-hal itu akan terjadi dan apa tanda kedatangan Junjungan serta kesudahan zaman ini?”",Permulaan Penderitaan
Matius,24,4,Matius 24:4,"Sabda Isa kepada mereka, “Perhatikan, jangan sampai kamu disesatkan orang.",
Matius,24,5,Matius 24:5,"Karena banyak orang akan datang dengan nama-Ku dan berkata, ‘Akulah Al-Masih,’ sehingga banyak orang akan mereka sesatkan.",
Matius,24,6,Matius 24:6,"Kamu akan mendengar peperangan dan berita-berita tentang peperangan. Namun ingatlah, jangan kamu gelisah. Karena hal-hal itu harus terjadi, tetapi itu belum kesudahannya.",
Matius,24,7,Matius 24:7,"Bangsa yang satu akan bangkit melawan bangsa lainnya, dan kerajaan yang satu melawan kerajaan lainnya. Selain itu, akan terjadi kelaparan dan gempa bumi di berbagai tempat,",
Matius,24,8,Matius 24:8,tetapi semua itu barulah permulaan penderitaan.,
Matius,24,9,Matius 24:9,"Pada masa itu kamu akan diserahkan untuk disiksa dan dihukum mati. Karena nama-Ku, kamu akan dibenci oleh semua orang.",
Matius,24,10,Matius 24:10,Banyak orang akan goyah imannya karena apa yang terjadi sehingga mereka akan saling menyerahkan dan saling membenci.,
Matius,24,11,Matius 24:11,Nabi-nabi palsu akan bermunculan dan banyak orang akan mereka sesatkan.,
Matius,24,12,Matius 24:12,"Karena kejahatan semakin bertambah, maka kasih kebanyakan orang akan menjadi tawar.",
Matius,24,13,Matius 24:13,"Tetapi, orang yang tetap bertahan sampai kesudahannya akan diselamatkan.",
Matius,24,14,Matius 24:14,"Selain itu, Injil Kerajaan akan diberitakan ke seluruh dunia menjadi kesaksian bagi semua suku bangsa, kemudian barulah tiba masa kesudahannya.”",
Matius,24,15,Matius 24:15,"“Sebab itu, apabila kamu melihat Pembinasa Keji berdiri di tempat suci sesuai dengan firman yang telah disampaikan Allah kepada Nabi Daniel—hendaklah para pembaca memperhatikannya—",Siksaan yang Berat dan Al-Masih-Al-Masih Palsu
Matius,24,16,Matius 24:16,"maka pada saat itu, orang-orang yang berada di wilayah Yudea harus melarikan diri ke pegunungan,",
Matius,24,17,Matius 24:17,"orang yang berada di sotoh rumah jangan turun untuk mengambil barang-barang yang ada di rumahnya,",
Matius,24,18,Matius 24:18,dan orang yang berada di ladang jangan pulang untuk mengambil bajunya.,
Matius,24,19,Matius 24:19,Celakalah para ibu yang pada masa itu sedang mengandung dan yang sedang menyusui anaknya!,
Matius,24,20,Matius 24:20,Berdoalah supaya saat kamu melarikan diri itu tidak jatuh pada musim dingin atau pada hari Sabat.,
Matius,24,21,Matius 24:21,"Karena pada waktu itu akan terjadi kesusahan besar yang belum pernah terjadi sejak permulaan dunia sampai sekarang, dan yang tidak akan pernah terjadi lagi.",
Matius,24,22,Matius 24:22,"Jika masa itu tidak dipersingkat, maka tidak ada seorang pun yang akan selamat. Tetapi, karena orang-orang pilihan-Nya, maka masa itu akan dipersingkat.",
Matius,24,23,Matius 24:23,"Pada masa itu jika ada orang berkata kepadamu, ‘Lihat, Al-Masih ada di sini,’ atau, ‘Lihat, Al-Masih ada di sana,’ jangan kamu percaya.",
Matius,24,24,Matius 24:24,"Karena akan datang banyak al-masih dan nabi yang palsu. Mereka akan memberikan tanda-tanda ajaib yang dahsyat serta juga berbagai mukjizat supaya kalau bisa, mereka menyesatkan orang-orang pilihan-Nya juga.",
Matius,24,25,Matius 24:25,"Sebab itu, perhatikanlah, Aku sudah lebih dahulu mengatakannya kepadamu.",
Matius,24,26,Matius 24:26,"Jadi, jika ada orang yang berkata kepadamu, ‘Lihatlah, Ia ada di padang belantara,’ jangan kamu ke sana! Atau, ‘Lihatlah, Ia ada di kamar-Nya,’ jangan kamu percaya!",
Matius,24,27,Matius 24:27,"Karena sama seperti kilat memancarkan cahayanya dari timur ke barat, demikianlah pula kedatangan Anak Manusia kelak.",
Matius,24,28,Matius 24:28,"Di mana ada bangkai, di situlah burung nasar berkumpul.”",
Matius,24,29,Matius 24:29,"“Segera setelah masa kesusahan itu, matahari akan menjadi gelap, bulan tidak akan bercahaya, bintang-bintang di langit akan berguguran, dan semua kuasa langit akan diguncangkan.",Kedatangan Anak Manusia; Ibarat tentang Pohon Ara
Matius,24,30,Matius 24:30,"Lalu, akan terlihat tanda Anak Manusia di langit. Semua suku bangsa di bumi ini akan meratap, dan mereka akan melihat Anak Manusia datang di awan-awan dengan kuasa serta kemuliaan-Nya yang besar.",
Matius,24,31,Matius 24:31,"Ia akan menyuruh para malaikat-Nya meniup nafiri dengan bunyi yang dahsyat, lalu para malaikat itu akan mengumpulkan orang-orang pilihan-Nya dari keempat penjuru bumi, dari ujung langit yang satu sampai ke ujung langit lainnya.",
Matius,24,32,Matius 24:32,"Kamu dapat menarik pelajaran melalui ibarat tentang pohon ara. Apabila ranting-rantingnya melembut dan bertunas, kamu tahu bahwa musim panas hampir tiba.",
Matius,24,33,Matius 24:33,"Begitu juga apabila kamu melihat semua hal itu terjadi, ketahuilah bahwa waktunya sudah dekat, sudah di ambang pintu.",
Matius,24,34,Matius 24:34,"Sesungguhnya, Aku berkata kepadamu, semua itu akan terjadi sebelum generasi ini lenyap.",
Matius,24,35,Matius 24:35,"Langit dan bumi akan lenyap, tetapi perkataan-Ku tidak akan lenyap.",
Matius,24,36,Matius 24:36,"Tetapi, mengenai kapan hari dan waktunya, tidak seorang pun yang tahu, malaikat-malaikat yang di surga tidak, Sang Anak pun tidak, hanya Sang Bapa saja.”",
Matius,24,37,Matius 24:37,"“Sama seperti telah terjadi pada zaman Nabi Nuh, demikianlah juga akan terjadi pada saat kedatangan Anak Manusia nanti.",Nasihat supaya Berjaga-jaga
Matius,24,38,Matius 24:38,"Karena pada zaman itu, yakni sebelum air bah melanda, mereka makan, minum, menikah dan menikahkan sampai pada hari Nuh masuk ke dalam bahtera.",
Matius,24,39,Matius 24:39,Mereka tidak peduli dengan apa yang akan terjadi sampai saatnya air bah itu datang dan membinasakan semuanya. Begitu jugalah halnya dengan kedatangan Anak Manusia nanti.,
Matius,24,40,Matius 24:40,"Pada waktu itu jika ada dua orang sedang berada di ladangnya, yang seorang akan diambil dan yang lain akan ditinggalkan.",
Matius,24,41,Matius 24:41,"Demikian pula jika ada dua orang perempuan sedang menggiling di penggilingan, yang seorang akan diambil dan yang lain ditinggalkan.",
Matius,24,42,Matius 24:42,"Sebab itu, berjaga-jagalah, karena kamu tidak tahu kapan Junjunganmu datang.",
Matius,24,43,Matius 24:43,"Tetapi, ketahuilah juga jika tuan rumah sudah tahu kapan saatnya pencuri akan datang, tentu ia akan berjaga-jaga dan tidak akan membiarkan rumahnya dimasuki.",
Matius,24,44,Matius 24:44,"Jadi, kamu harus selalu siap sedia karena Anak Manusia akan datang pada waktu yang tidak kamu sangka.”",
Matius,24,45,Matius 24:45,"“Hamba seperti apakah yang akan disebut setia dan bijak, yang dipercaya oleh tuannya untuk mengatur seisi rumahnya serta menyediakan makanan pada waktunya?",Ibarat tentang Hamba yang Setia dan Hamba yang Jahat
Matius,24,46,Matius 24:46,Berbahagialah hamba yang kedapatan sedang melakukan tugasnya pada waktu tuannya datang.,
Matius,24,47,Matius 24:47,"Sesungguhnya, Aku berkata kepadamu, ia akan mempercayakan seluruh harta miliknya kepada hamba itu.",
Matius,24,48,Matius 24:48,"Tetapi, jika seorang hamba yang jahat berkata dalam hatinya, ‘Tuanku masih lama baru kembali,’",
Matius,24,49,Matius 24:49,"lalu mulai memukuli semua hamba yang lain, dan makan minum dengan para pemabuk,",
Matius,24,50,Matius 24:50,maka tiba-tiba tuannya datang pada hari yang tidak ia sangka-sangka dan pada waktu yang tidak ia ketahui.,
Matius,24,51,Matius 24:51,"Kemudian, ia akan disesah oleh tuannya dan ditempatkan bersama-sama dengan orang-orang munafik. Di tempat itu ada ratapan dan kertak gigi.”",
Matius,25,1,Matius 25:1,"“Pada waktu itu Kerajaan Surga dapat diibaratkan dengan sepuluh gadis yang mengambil pelita mereka, lalu pergi untuk menyongsong mempelai pria.",Gadis-Gadis yang Bijaksana dan Gadis-Gadis yang Bodoh
Matius,25,2,Matius 25:2,Lima orang di antaranya bodoh dan lima orang lainnya bijaksana.,
Matius,25,3,Matius 25:3,"Gadis-gadis yang bodoh membawa pelita mereka, tetapi tidak membawa minyak.",
Matius,25,4,Matius 25:4,Sedangkan gadis-gadis yang bijaksana membawa minyak persediaan dalam suatu tempat bersama-sama dengan pelita mereka.,
Matius,25,5,Matius 25:5,"Karena sang mempelai terlambat datang, maka mengantuklah mereka dan kemudian tertidur.",
Matius,25,6,Matius 25:6,"Pada tengah malam terdengarlah suara orang berseru, ‘Lihat, sang mempelai datang! Pergilah kamu untuk menyongsongnya.’",
Matius,25,7,Matius 25:7,"Lalu, para gadis itu pun bangun dan mempersiapkan pelita mereka masing-masing.",
Matius,25,8,Matius 25:8,"Kemudian, kata gadis-gadis yang bodoh itu kepada gadis-gadis yang bijaksana, ‘Bagikanlah minyakmu itu kepada kami karena pelita kami akan padam.’",
Matius,25,9,Matius 25:9,"Jawab gadis-gadis yang bijaksana itu, ‘Tidak, sebab mungkin tidak akan cukup untuk kami dan untuk kamu. Lebih baik kamu pergi ke penjual minyak dan membelinya untuk dirimu sendiri.’",
Matius,25,10,Matius 25:10,"Sementara gadis-gadis yang bodoh itu pergi untuk membeli minyak, datanglah mempelai itu, dan gadis-gadis yang telah siap sedia, masuk bersama-sama dengan sang mempelai ke perjamuan nikah. Setelah itu, pintunya pun dikunci.",
Matius,25,11,Matius 25:11,"Tidak lama kemudian gadis-gadis yang bodoh itu datang dan berkata, ‘Tuan, Tuan, bukakan kami pintu!’",
Matius,25,12,Matius 25:12,"Jawab tuan itu, ‘Sesungguhnya, Aku berkata kepadamu, aku tidak mengenal kamu.’",
Matius,25,13,Matius 25:13,"Sebab itu, berjaga-jagalah, karena kamu tidak tahu kapan hari atau waktunya tiba.”",
Matius,25,14,Matius 25:14,"“Hal itu pun dapat digambarkan dengan seseorang yang hendak bepergian, lalu memanggil para hambanya dan mempercayakan hartanya kepada mereka.",Ibarat tentang Talenta
Matius,25,15,Matius 25:15,"Kepada yang seorang dipercayakan lima talenta, kepada yang lain dua talenta, dan kepada yang lainnya lagi satu talenta sesuai dengan kadar kemampuan masing-masing. Setelah itu, pergilah tuan itu.",
Matius,25,16,Matius 25:16,"Hamba yang menerima lima talenta segera pergi dan menjalankan uangnya, lalu ia mendapatkan keuntungan sebanyak lima talenta.",
Matius,25,17,Matius 25:17,Begitu juga halnya dengan hamba yang menerima dua talenta. Ia memperoleh keuntungan sebanyak dua talenta.,
Matius,25,18,Matius 25:18,"Sedangkan hamba yang menerima satu talenta pergi menggali lubang, lalu menyembunyikan uang perak milik tuannya itu.",
Matius,25,19,Matius 25:19,"Setelah sekian lama, tuan dari hamba-hamba itu pulang dan mengadakan perhitungan dengan mereka.",
Matius,25,20,Matius 25:20,"Kemudian, datanglah hamba yang menerima lima talenta dengan membawa serta lima talenta hasil usahanya, katanya, ‘Tuan, inilah lima talenta yang pernah Tuan percayakan kepadaku. Lihatlah, aku sudah memperoleh keuntungan sebanyak lima talenta juga.’",
Matius,25,21,Matius 25:21,"Jawab sang tuan kepadanya, ‘Baik sekali ikhtiarmu itu, hai hamba yang baik dan setia! Engkau telah memperlihatkan kesetiaanmu dalam hal yang kecil. Oleh karena itu, aku akan mempercayakan kepadamu hal yang besar. Masuklah engkau ke dalam kebahagiaan Tuanmu.’",
Matius,25,22,Matius 25:22,"Lalu, datanglah hamba yang menerima dua talenta. Ia berkata, ‘Tuan, inilah dua talenta yang pernah Tuan percayakan kepadaku. Lihatlah, aku sudah memperoleh keuntungan sebanyak dua talenta juga.’",
Matius,25,23,Matius 25:23,"Kata tuannya itu, ‘Baik sekali ikhtiarmu itu, hai hamba yang baik dan setia! Engkau telah memperlihatkan kesetiaanmu dalam hal yang kecil. Oleh karena itu, aku akan mempercayakan kepadamu hal yang besar. Masuklah engkau ke dalam kebahagiaan Tuanmu.’",
Matius,25,24,Matius 25:24,"Setelah itu, datanglah pula hamba yang hanya menerima satu talenta, lalu berkata, ‘Tuan, aku mengenal Tuan sebagai seorang yang keras tabiatnya. Tuan menuai di tempat yang tidak pernah Tuan taburi dan memungut di tempat yang tidak pernah Tuan tebari.",
Matius,25,25,Matius 25:25,"Itulah sebabnya, aku merasa takut sehingga aku pergi mengubur talenta Tuan. Lihatlah, aku mengembalikan milik Tuan.’",
Matius,25,26,Matius 25:26,"Jawab tuan itu kepadanya, ‘Hai hamba yang jahat dan malas! Engkau tahu bahwa aku menuai di tempat yang tidak pernah aku taburi dan mengumpulkan sesuatu di tempat yang tidak pernah aku tebari.",
Matius,25,27,Matius 25:27,"Seharusnya engkau menyerahkan uangku itu pada orang-orang yang dapat menjalankannya sehingga jika aku datang, aku dapat menerima uangku beserta dengan bunganya.",
Matius,25,28,Matius 25:28,"Jadi, ambillah talenta itu dari dia dan berikanlah kepada hamba yang mempunyai sepuluh talenta.",
Matius,25,29,Matius 25:29,"Karena siapa mempunyai, kepadanya akan ditambahkan sehingga ia mempunyainya berlimpah-limpah. Tetapi, siapa tidak mempunyai, maka apa yang ada padanya pun akan diambil kembali.",
Matius,25,30,Matius 25:30,"Setelah itu, campakkanlah hamba yang tidak berguna ini ke tempat yang paling gelap. Di tempat itu ada ratapan dan kertak gigi.’”",
Matius,25,31,Matius 25:31,"“Pada saatnya nanti apabila Anak Manusia datang kembali dengan kemuliaan-Nya disertai para malaikat-Nya, Ia akan duduk di takhta kemuliaan-Nya.",Penghakiman Terakhir
Matius,25,32,Matius 25:32,"Kemudian, semua suku bangsa akan dikumpulkan dan dibawa ke hadapan-Nya. Ia akan memisahkan mereka satu demi satu, seperti seorang gembala yang memisahkan domba-domba dari kambing-kambing.",
Matius,25,33,Matius 25:33,"Domba-domba akan Ia tempatkan di sebelah kanan-Nya, tetapi kambing-kambing di sebelah kiri-Nya.",
Matius,25,34,Matius 25:34,"Setelah itu, Sang Raja akan bersabda kepada mereka yang ada di sebelah kanan-Nya, ‘Marilah, hai kamu yang mendapat berkah dari Bapa-Ku. Terimalah warisanmu, yaitu kerajaan yang disediakan bagimu sejak dunia dijadikan.",
Matius,25,35,Matius 25:35,"Karena ketika Aku lapar, kamu memberi Aku makan. Ketika Aku haus, kamu memberi Aku minum. Ketika Aku datang sebagai orang asing, kamu memberi Aku tumpangan.",
Matius,25,36,Matius 25:36,"Ketika Aku telanjang, kamu memberi Aku pakaian. Ketika Aku sakit, kamu menengok Aku, dan ketika Aku di penjara, kamu mengunjungi Aku.’",
Matius,25,37,Matius 25:37,"Lalu, orang-orang saleh itu akan menjawab, ‘Ya Junjungan, kapankah kami melihat Sang Junjungan dalam keadaan lapar sehingga kami memberi Junjungan makan, atau kapankah kami melihat Sang Junjungan dalam keadaan haus sehingga kami memberi Junjungan minum?",
Matius,25,38,Matius 25:38,"Kapankah kami melihat Sang Junjungan datang sebagai orang asing sehingga kami memberi Junjungan tempat untuk menumpang, atau kapankah kami melihat Sang Junjungan dalam keadaan telanjang sehingga kami memberi Junjungan pakaian?",
Matius,25,39,Matius 25:39,Kapan pulakah kami melihat Sang Junjungan dalam keadaan sakit atau di penjara sehingga kami menjenguk Junjungan?’,
Matius,25,40,Matius 25:40,"Kemudian, sabda Sang Raja kepada mereka, ‘Sesungguhnya, Aku berkata kepadamu, ketika kamu melakukan hal-hal itu untuk salah seorang saudara-Ku yang hina ini, kamu telah melakukannya untuk-Ku.’",
Matius,25,41,Matius 25:41,"Lalu, Ia akan berkata pula kepada orang-orang yang ada di sebelah kiri-Nya, ‘Hai orang-orang yang terkutuk, enyahlah kamu dari hadapan-Ku dan masuklah ke api yang kekal, yang telah disediakan bagi Iblis dan para utusannya.",
Matius,25,42,Matius 25:42,"Karena ketika Aku lapar, kamu tidak memberi Aku makan. Ketika Aku haus, kamu tidak memberi Aku minum.",
Matius,25,43,Matius 25:43,"Ketika Aku datang sebagai orang asing, kamu tidak memberi Aku tempat untuk menumpang. Ketika Aku telanjang, kamu tidak memberi Aku pakaian. Ketika Aku sakit dan di penjara, kamu tidak mengunjungi Aku.’",
Matius,25,44,Matius 25:44,"Lalu, mereka pun akan bertanya, ‘Ya Junjungan kami, kapankah kami melihat Sang Junjungan dalam keadaan lapar, kehausan, datang sebagai orang asing, telanjang, sakit, atau di penjara, dan kami tidak memperhatikan Junjungan?’",
Matius,25,45,Matius 25:45,"Sabda Sang Raja kepada mereka, ‘Sesungguhnya, Aku berkata kepadamu, ketika kamu tidak melakukan hal-hal itu untuk salah seorang saudara-Ku yang paling hina ini, kamu pun tidak melakukannya untuk-Ku.’",
Matius,25,46,Matius 25:46,"Mereka ini akan dimasukkan ke tempat siksaan yang kekal, tetapi orang-orang saleh itu akan masuk ke dalam hidup yang kekal.”",
Matius,26,1,Matius 26:1,"Setelah Isa selesai menyampaikan semua ajaran-Nya itu, bersabdalah Ia kepada para pengikut-Nya,",Pemberitahuan Keempat tentang Penderitaan Isa; Rencana untuk Menjatuhkan Hukuman Mati atas Isa
Matius,26,2,Matius 26:2,“Kamu tahu bahwa dua hari lagi perayaan Paskah akan dimulai dan Anak Manusia akan diserahkan untuk disalibkan.”,
Matius,26,3,Matius 26:3,Pada waktu itu imam-imam kepala dan para tua-tua berhimpun di balai Imam Besar Kayafas.,
Matius,26,4,Matius 26:4,Mereka bermufakat untuk menangkap Isa dan menjatuhkan hukuman mati atas diri-Nya dengan tipu daya.,
Matius,26,5,Matius 26:5,"Tetapi, mereka berkata, “Jangan pada saat perayaan supaya rakyat tidak menjadi gempar.”",
Matius,26,6,Matius 26:6,"Ketika Isa berada di Baitani, di rumah Simon yang mendapat julukan si kusta,",Isa Diurapi
Matius,26,7,Matius 26:7,"datanglah kepada-Nya seorang perempuan dengan membawa buli-buli pualam berisi minyak wangi yang mahal. Lalu, dituangkannya minyak itu pada kepala Isa yang sedang duduk makan.",
Matius,26,8,Matius 26:8,"Melihat hal itu para pengikut-Nya menjadi gusar dan berkata, “Apa gunanya menghambur-hamburkan minyak wangi itu?",
Matius,26,9,Matius 26:9,Minyak itu dapat dijual dengan harga yang mahal dan uangnya dapat disedekahkan kepada orang-orang miskin.”,
Matius,26,10,Matius 26:10,"Tetapi, Isa mengetahui hal itu, lalu bersabdalah Ia kepada mereka, “Mengapa kamu menyusahkan perempuan ini? Ia telah melakukan suatu hal yang baik bagi-Ku.",
Matius,26,11,Matius 26:11,"Orang-orang miskin selalu ada di antara kamu, tetapi Aku tidak akan selalu ada di antara kamu.",
Matius,26,12,Matius 26:12,"Dengan menuangkan minyak ke tubuh-Ku ini, ia sedang membuat persiapan bagi pemakaman-Ku.",
Matius,26,13,Matius 26:13,"Sesungguhnya, Aku berkata kepadamu, di mana pun Injil dikabarkan di seluruh dunia, apa yang diperbuatnya ini akan disebut-sebut juga untuk mengingatnya.”",
Matius,26,14,Matius 26:14,"Setelah itu, Yudas Iskariot, salah seorang dari kedua belas pengikut itu, pergi menemui imam-imam kepala.",Yudas Mengkhianati Isa
Matius,26,15,Matius 26:15,"Katanya kepada mereka, “Apa yang hendak kamu berikan kepadaku jika aku menyerahkan Isa kepadamu?” Kemudian, mereka menimbang tiga puluh keping uang perak bagi Yudas.",
Matius,26,16,Matius 26:16,Sejak saat itu Yudas mencari waktu yang baik untuk menyerahkan Isa.,
Matius,26,17,Matius 26:17,"Pada hari pertama dari hari raya Roti Tidak Beragi, datanglah para pengikut Isa kepada-Nya dan berkata, “Ya Junjungan, tempat manakah yang Engkau kehendaki supaya kami mempersiapkan makanan Paskah bagi-Mu?”",Isa Makan Paskah dengan Para Pengikut-Nya
Matius,26,18,Matius 26:18,"Sabda Isa, “Pergilah ke kota. Di sana temuilah si Anu dan katakan kepadanya, ‘Sabda Guru: Waktu-Ku hampir tiba, dan di rumahmulah Aku hendak makan Paskah bersama-sama dengan para pengikut-Ku.’”",
Matius,26,19,Matius 26:19,"Kedua pengikut itu melakukan apa yang disabdakan Isa kepada mereka. Lalu, mereka pun mempersiapkan Paskah.",
Matius,26,20,Matius 26:20,Menjelang malam Isa duduk makan bersama-sama dengan kedua belas pengikut-Nya.,
Matius,26,21,Matius 26:21,"Sementara mereka makan, Isa bersabda, “Sesungguhnya, Aku berkata kepadamu, salah satu dari antara kamu ada yang akan menyerahkan Aku.”",
Matius,26,22,Matius 26:22,"Mereka semua menjadi sangat sedih. Lalu, satu demi satu dari antara mereka mulai bertanya kepada-Nya, “Bukan aku, ya Junjungan?”",
Matius,26,23,Matius 26:23,"Sabda Isa, “Orang yang mencelupkan tangannya ke dalam pinggan bersama-sama dengan Aku, dialah yang akan menyerahkan Aku.",
Matius,26,24,Matius 26:24,"Memang Anak Manusia akan pergi sebagaimana telah tertulis tentang Dia, tetapi celakalah orang yang menyerahkan-Nya. Alangkah baiknya bagi orang itu jika ia tidak dilahirkan.”",
Matius,26,25,Matius 26:25,"Jawab Yudas, yang akan menyerahkan Dia itu, “Bukan aku, ya Guru?” Sabda Isa kepadanya, “Engkau sudah mengatakannya sendiri.”",
Matius,26,26,Matius 26:26,"Pada waktu Isa dan para pengikut-Nya makan, Ia mengambil roti dan mengucap syukur atasnya. Kemudian, Ia memecah-mecahkan roti itu dan memberikannya kepada para pengikut-Nya sambil bersabda, “Ambil dan makanlah, inilah tubuh-Ku!”",Penetapan Perjamuan Malam
Matius,26,27,Matius 26:27,"Setelah itu, diambil-Nya sebuah cawan, lalu Ia mengucap syukur. Kemudian, Ia memberikannya kepada mereka sambil bersabda, “Minumlah kamu semua dari cawan ini,",
Matius,26,28,Matius 26:28,"karena inilah darah-Ku, darah perjanjian yang ditumpahkan bagi banyak orang untuk pengampunan dosa.",
Matius,26,29,Matius 26:29,Aku juga berkata kepadamu bahwa Aku tidak akan minum air anggur ini lagi sampai pada hari Aku meminum yang baru bersama-sama dengan kamu dalam Kerajaan Bapa-Ku.”,
Matius,26,30,Matius 26:30,"Setelah Isa dan para pengikut-Nya menyanyikan nyanyian pujian, mereka pergi ke Bukit Zaitun.",Petrus Akan Menyangkal Isa
Matius,26,31,Matius 26:31,"Kemudian, sabda Isa kepada mereka, “Malam ini kamu semua akan goyah imannya oleh apa yang akan terjadi atas diri-Ku karena telah tertulis, ‘Aku akan memukul Sang Gembala dan domba-domba dari kawanan itu akan tercerai-berai.’",
Matius,26,32,Matius 26:32,"Tetapi, setelah Aku dibangkitkan, Aku akan mendahuluimu ke Galilea.”",
Matius,26,33,Matius 26:33,"Jawab Petrus kepada-Nya, “Meskipun mereka semua goyah imannya karena apa yang akan terjadi atas-Mu, ya Junjungan, aku sekali-kali tidak!”",
Matius,26,34,Matius 26:34,"Sabda Isa kepadanya, “Sesungguhnya, Aku berkata kepadamu, malam ini juga, sebelum ayam berkokok, engkau akan menyangkal Aku tiga kali.”",
Matius,26,35,Matius 26:35,"Tetapi, jawab Petrus kepada-Nya, “Sekalipun aku harus mati bersama-sama dengan-Mu, aku tidak akan menyangkal Engkau, ya Junjungan.” Begitu juga kata semua pengikut lainnya.",
Matius,26,36,Matius 26:36,"Isa dan para pengikut-Nya sampai di suatu tempat yang disebut Getsemani. Lalu, sabda-Nya kepada para pengikut-Nya, “Duduklah di sini sementara Aku pergi ke sana untuk berdoa.”",Di Taman Getsemani
Matius,26,37,Matius 26:37,"Kemudian, Isa mengajak Petrus dan kedua anak Zabdi. Ia mulai merasa sedih dan sangat gundah.",
Matius,26,38,Matius 26:38,"Lalu, sabda Isa kepada mereka, “Hati-Ku sangat sedih, seperti akan mati rasanya. Tinggallah di sini dan berjaga-jagalah bersama-sama dengan Aku.”",
Matius,26,39,Matius 26:39,"Setelah maju sedikit ke depan, Ia sujud dan berdoa, “Ya Bapa-Ku, jika boleh, biarlah cawan minuman ini lalu dari-Ku. Meskipun demikian, janganlah terjadi menurut kehendak-Ku, melainkan menurut kehendak-Mu.”",
Matius,26,40,Matius 26:40,"Ketika Ia kembali kepada ketiga pengikut-Nya, didapati-Nya mereka sedang tidur. Lalu, sabda-Nya kepada Petrus, “Bagaimana, tidak sanggupkah engkau berjaga-jaga dengan Aku selama satu jam saja?",
Matius,26,41,Matius 26:41,"Berjaga-jagalah dan berdoalah supaya kamu tidak terkena pencobaan karena ruh berkehendak baik, tetapi badan lemah.”",
Matius,26,42,Matius 26:42,"Kemudian, Ia pergi lagi untuk kedua kalinya dan berdoa, “Ya Bapa-Ku, jika cawan ini tidak dapat lalu, kecuali Aku meminumnya, maka biarlah hal itu terjadi sesuai dengan kehendak-Mu.”",
Matius,26,43,Matius 26:43,"Lalu, ketika Ia kembali lagi, didapati-Nya mereka sedang tidur karena mata mereka terasa berat.",
Matius,26,44,Matius 26:44,"Ia pergi meninggalkan mereka, lalu kembali berdoa untuk ketiga kalinya dan mengucapkan kata-kata yang sama.",
Matius,26,45,Matius 26:45,"Sesudah itu, Ia kembali kepada ketiga pengikut-Nya dan bersabda, “Masih jugakah kamu tidur dan beristirahat? Lihat, sudah tiba waktunya Anak Manusia akan diserahkan ke tangan para pendosa.",
Matius,26,46,Matius 26:46,"Bangunlah, marilah kita pergi. Lihat, orang yang menyerahkan Aku sudah dekat.”",
Matius,26,47,Matius 26:47,"Sementara Isa masih bersabda datanglah Yudas, salah seorang dari kedua belas pengikut-Nya. Ia datang disertai serombongan besar orang yang membawa pedang dan pentungan. Mereka adalah orang-orang suruhan dari imam-imam kepala dan para tua-tua bangsa itu.",Isa Ditangkap
Matius,26,48,Matius 26:48,"Orang yang menyerahkan Isa itu sudah menyiapkan tanda bagi orang-orang yang dibawanya, katanya, “Orang yang kusalami dengan ciuman, itulah Dia dan tangkaplah!”",
Matius,26,49,Matius 26:49,"Ia segera mendekati Isa dan menyapa-Nya, “Salam bagimu, ya Guru.” Lalu, diciumnya Isa.",
Matius,26,50,Matius 26:50,"Sabda Isa kepadanya, “Hai sahabat, lakukanlah apa yang menjadi tujuanmu datang kemari.” Kemudian, majulah orang-orang itu memegang Isa dan menangkap-Nya.",
Matius,26,51,Matius 26:51,"Tiba-tiba salah seorang dari orang-orang yang menyertai Isa mengulurkan tangannya, menghunus pedangnya, dan menyerang seorang hamba Imam Besar sampai salah satu telinganya putus.",
Matius,26,52,Matius 26:52,"Lalu, sabda Isa kepada orang itu, “Sarungkanlah pedangmu karena semua orang yang mempergunakan pedang akan binasa oleh pedang juga.",
Matius,26,53,Matius 26:53,Apakah kausangka Aku tidak dapat meminta kepada Bapa-Ku supaya pada saat ini juga Ia mengirimkan kepada-Ku para malaikat-Nya lebih dari dua belas pasukan banyaknya?,
Matius,26,54,Matius 26:54,"Tetapi, kalau begitu, bagaimana mungkin akan digenapi apa yang telah tertulis dalam Kitab Suci yang mengatakan bahwa hal ini harus terjadi?”",
Matius,26,55,Matius 26:55,"Saat itu juga bersabdalah Isa kepada orang banyak itu, “Mengapa kamu datang seperti hendak menangkap penyamun? Kamu membawa pedang dan pentungan untuk menangkap Aku, padahal setiap hari Aku duduk mengajar di Bait Allah, dan kamu tidak menangkap Aku.",
Matius,26,56,Matius 26:56,"Tetapi, semua ini terjadi supaya genaplah apa yang telah dituliskan oleh para nabi.” Kemudian, semua pengikut-Nya melarikan diri, meninggalkan Dia.",
Matius,26,57,Matius 26:57,Orang-orang yang menangkap Isa membawa Dia kepada Imam Besar Kayafas. Di situ telah berkumpul para ahli Kitab Suci Taurat dan para tua-tua.,Isa di Hadapan Mahkamah Agama
Matius,26,58,Matius 26:58,"Petrus mengikuti-Nya dari jauh sampai ke pelataran tempat Imam Besar itu. Setelah masuk, ia pun duduk di antara para pengawal untuk mengetahui kesudahannya.",
Matius,26,59,Matius 26:59,Para imam kepala dan seluruh anggota Mahkamah Agama mencari kesaksian palsu untuk mendakwa Isa dengan maksud supaya mereka dapat menjatuhkan hukuman mati atas diri-Nya.,
Matius,26,60,Matius 26:60,"Namun, satu pun tidak mereka dapatkan sekalipun banyak orang tampil dengan kesaksian-kesaksian mereka yang palsu. Kemudian, tampillah dua orang",
Matius,26,61,Matius 26:61,"yang berkata, “Orang ini pernah berkata, ‘Aku dapat meruntuhkan Bait Allah dan membangunnya kembali dalam tiga hari.’”",
Matius,26,62,Matius 26:62,"Kemudian, berdirilah Imam Besar itu dan berkata kepada-Nya, “Tidak maukah Engkau menjawab satu saja dari semua yang mereka tuduhkan kepada-Mu?”",
Matius,26,63,Matius 26:63,"Tetapi, Isa diam saja. Lalu, kata Imam Besar itu kepada-Nya, “Demi Tuhan yang hidup, katakanlah kepada kami, benarkah Engkau Al-Masih, Sang Anak yang datang dari Allah?”",
Matius,26,64,Matius 26:64,"Sabda Isa kepadanya, “Engkau sudah mengatakannya. Aku berkata kepadamu bahwa mulai saat ini kamu semua akan melihat Anak Manusia duduk di sebelah kanan Yang Mahakuasa dan datang di atas awan-awan di langit.”",
Matius,26,65,Matius 26:65,"Lalu, Imam Besar itu mengoyakkan pakaiannya dan berkata, “Ia menghujah Allah! Perlukah ada kesaksian lagi? Sekarang kamu semua sudah mendengar hujahan-Nya.",
Matius,26,66,Matius 26:66,"Bagaimana pendapatmu?” Kata mereka, “Ia patut dihukum mati!”",
Matius,26,67,Matius 26:67,"Kemudian, mereka meludahi muka-Nya dan memukul-Nya. Ada juga yang menampar-Nya",
Matius,26,68,Matius 26:68,"seraya berkata, “Katakanlah kepada kami, hai Al-Masih, siapa yang memukul Engkau?”",
Matius,26,69,Matius 26:69,"Sementara itu, Petrus duduk di luar, di pelataran. Kemudian, datanglah seorang hamba perempuan kepadanya dan berkata, “Engkau juga orang yang selalu bersama-sama dengan Isa, orang Galilea itu.”",Petrus Menyangkal Isa
Matius,26,70,Matius 26:70,"Tetapi, di hadapan semua orang yang ada di situ ia menyangkal, “Aku tidak tahu apa yang kaumaksudkan.”",
Matius,26,71,Matius 26:71,"Kemudian, pergilah Petrus ke serambi. Di sini pun seorang hamba perempuan lainnya melihat dia, lalu kata perempuan itu kepada orang-orang yang ada di situ, “Orang ini selalu bersama-sama dengan Isa, orang Nazaret itu.”",
Matius,26,72,Matius 26:72,"Petrus pun kembali menyangkal sambil bersumpah, “Aku tidak kenal orang itu!”",
Matius,26,73,Matius 26:73,"Sesaat kemudian, beberapa orang yang berdiri di situ mendekatinya dan berkata, “Engkau pasti salah seorang dari antara mereka karena dialek bahasamu sama.”",
Matius,26,74,Matius 26:74,"Petrus pun mulai mengucapkan kutuk dan sumpah, “Aku tidak kenal orang itu!” Segera setelah ia berkata begitu, berkokoklah ayam.",
Matius,26,75,Matius 26:75,"Lalu, teringatlah Petrus pada sabda yang telah disampaikan Isa kepadanya, “Sebelum ayam berkokok, engkau akan menyangkali Aku tiga kali.” Akhirnya Petrus pun pergi dari situ sambil menangis tersedu-sedu.",
Matius,27,1,Matius 27:1,"Pada waktu hari mulai siang, berembuklah semua imam kepala dan tua-tua bangsa itu mengenai Isa, tentang bagaimana cara untuk dapat menjatuhkan hukuman mati atas diri-Nya.",Isa Diserahkan kepada Pilatus; Kematian Yudas
Matius,27,2,Matius 27:2,"Mereka mengikat Dia, lalu membawa-Nya dan menyerahkan-Nya kepada Pilatus, penguasa setempat.",
Matius,27,3,Matius 27:3,"Ketika Yudas, yang menyerahkan Isa itu, tahu bahwa Isa telah dijatuhi hukuman mati, ia sangat menyesal. Dikembalikannya tiga puluh keping uang perak itu kepada imam-imam kepala dan para tua-tua,",
Matius,27,4,Matius 27:4,"katanya, “Aku telah berdosa sebab aku telah menyerahkan darah orang yang tidak bersalah.” Tetapi, jawab mereka, “Peduli apa kami? Itu urusanmu!”",
Matius,27,5,Matius 27:5,"Ia pun mencampakkan uang perak itu ke dalam Bait Allah, lalu pergi menggantung dirinya.",
Matius,27,6,Matius 27:6,"Selanjutnya, imam-imam kepala mengambil uang itu dan berkata, “Haram hukumnya jika uang ini dimasukkan ke dalam peti persembahan karena uang ini adalah uang darah.”",
Matius,27,7,Matius 27:7,"Setelah mereka berembuk, uang itu mereka pergunakan untuk membeli tanah tukang periuk yang kemudian dijadikan tempat pemakaman bagi orang asing.",
Matius,27,8,Matius 27:8,"Itulah sebabnya, sampai hari ini tanah itu disebut Tanah Darah.",
Matius,27,9,Matius 27:9,"Dengan demikian, genaplah apa yang telah disampaikan oleh Nabi Yeremia, “Mereka mengambil tiga puluh keping uang perak itu, yaitu harga yang ditetapkan oleh orang-orang Israil bagi-Nya,",
Matius,27,10,Matius 27:10,"lalu mereka gunakan untuk membayar tanah tukang periuk, seperti telah diperintahkan Tuhan kepadaku.”",
Matius,27,11,Matius 27:11,"Pada waktu Isa diperhadapkan pada Pilatus, penguasa setempat, bertanyalah Pilatus kepada-Nya, “Engkaukah raja bani Israil?” Sabda Isa, “Engkau mengatakannya.”",Isa di Hadapan Pilatus
Matius,27,12,Matius 27:12,"Tetapi, ketika imam-imam kepala dan para tua-tua melemparkan tuduhan kepada Isa, tidak ada satu pun yang dijawab-Nya.",
Matius,27,13,Matius 27:13,"Lalu, kata Pilatus kepada-Nya, “Tidakkah Kaudengar betapa banyaknya perkara yang mereka tuduhkan kepada-Mu?”",
Matius,27,14,Matius 27:14,"Tetapi, Isa tidak memberi jawab sepatah kata pun kepada Pilatus sehingga penguasa setempat itu merasa heran.",
Matius,27,15,Matius 27:15,"Sudah menjadi kebiasaan bahwa pada hari raya Paskah, penguasa setempat membebaskan bagi orang banyak seorang yang dipenjarakan.",
Matius,27,16,Matius 27:16,Pada waktu itu di dalam penjara ada seorang terhukum yang sangat terkenal kejahatannya. Orang itu bernama Barabas.,
Matius,27,17,Matius 27:17,"Oleh sebab itu, ketika semua orang sudah berkumpul, berkatalah Pilatus kepada mereka, “Siapa yang kamu pilih untuk kubebaskan, Barabaskah atau Isa yang disebut Al-Masih ini?”",
Matius,27,18,Matius 27:18,Sebab Pilatus tahu bahwa mereka menyerahkan Isa karena rasa dengki.,
Matius,27,19,Matius 27:19,"Sementara ia duduk di kursi pengadilan, datanglah pesuruh istrinya kepadanya dengan pesan, “Janganlah kaucampuri perkara orang benar itu! Sebab karena Dia, aku sangat menderita dalam mimpiku tadi malam.”",
Matius,27,20,Matius 27:20,"Akan tetapi, imam-imam kepala dan para tua-tua menghasut orang banyak agar mereka meminta supaya Barabas dibebaskan dan Isa dihukum mati.",
Matius,27,21,Matius 27:21,"Itulah sebabnya, ketika penguasa setempat bertanya kepada mereka, “Dari kedua orang ini, mana yang kamu pilih supaya kubebaskan bagimu?” Mereka berkata, “Barabas!”",
Matius,27,22,Matius 27:22,"Lalu, kata Pilatus kepada mereka, “Kalau begitu, apa yang harus kuperbuat terhadap Isa yang disebut Al-Masih ini?” Jawab mereka semua, “Salibkan Dia!”",
Matius,27,23,Matius 27:23,"Kata Pilatus, “Kejahatan apa yang telah dilakukan-Nya?” Tetapi, mereka malah semakin keras berteriak, “Salibkan Dia!”",
Matius,27,24,Matius 27:24,"Ketika Pilatus melihat bahwa semua usahanya tidak lagi berguna, malah membuat semakin gempar, ia mengambil air, membasuh tangannya di hadapan orang banyak itu dan berkata, “Aku tidak bersalah atas darah orang ini! Kamu semualah yang menanggungnya!”",
Matius,27,25,Matius 27:25,"Kemudian, semua orang yang ada di situ menjawab, “Darah-Nya adalah tanggungan kami dan anak-anak kami!”",
Matius,27,26,Matius 27:26,"Kemudian, dibebaskannya Barabas bagi mereka, tetapi Isa disesah dan diserahkannya untuk disalibkan.",
Matius,27,27,Matius 27:27,"Setelah itu, para prajurit dari penguasa setempat membawa Isa ke markas, lalu seluruh pasukan itu berkumpul mengelilingi-Nya.",Isa Diolok-olok
Matius,27,28,Matius 27:28,"Mereka membuka pakaian Isa, lalu mengenakan kepada-Nya jubah berwarna ungu.",
Matius,27,29,Matius 27:29,"Kemudian, mereka menganyam sebuah mahkota dari duri dan memasangkannya di kepala Isa. Setelah itu, mereka memberikan sebatang buluh pada tangan kanan-Nya. Lalu, mereka sujud di hadapan-Nya dan mengolok-olok Dia dengan berkata, “Daulat, hai raja bani Israil!”",
Matius,27,30,Matius 27:30,"Mereka pun meludahi-Nya, mengambil buluh yang dipegang-Nya, lalu memukulkannya ke kepala-Nya.",
Matius,27,31,Matius 27:31,"Setelah mengolok-olok Dia, mereka menanggalkan jubah ungu itu dan memakaikan kembali pakaian-Nya, lalu membawa-Nya pergi untuk disalibkan.",
Matius,27,32,Matius 27:32,"Sementara mereka berjalan ke luar kota, mereka bertemu dengan seorang Kirene bernama Simon. Kemudian, mereka memaksanya untuk memikul kayu salib Isa.",Isa Disalibkan
Matius,27,33,Matius 27:33,"Sampailah mereka ke tempat yang bernama Golgota, artinya Tempat Tengkorak.",
Matius,27,34,Matius 27:34,"Lalu, mereka memberi Isa air anggur yang dicampur dengan empedu. Setelah anggur itu dikecap-Nya, Ia tidak mau meminumnya.",
Matius,27,35,Matius 27:35,"Setelah Isa disalibkan, mereka membagi-bagi pakaian-Nya dengan cara melempar undi.",
Matius,27,36,Matius 27:36,"Lalu, mereka duduk di situ untuk menjaga-Nya.",
Matius,27,37,Matius 27:37,"Di sebelah atas dekat kepala-Nya dilekatkan tulisan berisi tuduhan, “Inilah Isa, Raja bani Israil.”",
Matius,27,38,Matius 27:38,"Pada waktu itu ada dua orang penyamun yang disalibkan bersama-sama dengan Isa, yang seorang di sebelah kanan-Nya dan yang seorang lagi di sebelah kiri-Nya.",
Matius,27,39,Matius 27:39,"Orang-orang yang lalu-lalang di tempat itu menghujah Isa, bahkan sambil menggeleng-gelengkan kepala",
Matius,27,40,Matius 27:40,"mereka berkata, “Hai Engkau yang dapat meruntuhkan Bait Allah dan membangunnya kembali dalam tiga hari, selamatkanlah diri-Mu! Jika Engkau benar-benar Sang Anak yang datang dari Allah, turunlah dari salib itu!”",
Matius,27,41,Matius 27:41,"Imam-imam kepala, para ahli Kitab Suci Taurat, dan para tua-tua pun mengolok-olok Isa seraya berkata,",
Matius,27,42,Matius 27:42,"“Orang lain Ia selamatkan, tetapi diri-Nya sendiri tidak dapat Ia selamatkan. Diakah raja Israil? Biarlah sekarang Ia turun dari salib itu maka kita akan percaya kepada-Nya.",
Matius,27,43,Matius 27:43,"Ia berharap kepada Allah, jadi biarlah Allah menyelamatkan-Nya sekarang juga jika Tuhan memang berkenan kepada-Nya karena Ia pernah berkata, ‘Akulah Sang Anak yang datang dari Allah.’”",
Matius,27,44,Matius 27:44,Bahkan penyamun-penyamun yang disalibkan bersama-sama dengan Dia pun mencela-Nya.,
Matius,27,45,Matius 27:45,"Sejak pukul dua belas siang, seluruh wilayah itu menjadi gelap hingga pukul tiga sore.",Isa Wafat
Matius,27,46,Matius 27:46,"Kemudian, kira-kira pukul tiga sore, berserulah Isa dengan suara nyaring, “Eli, Eli, lama sabakhtani?” Artinya, “Ya Allah, ya Allah, mengapa Engkau meninggalkan Aku?”",
Matius,27,47,Matius 27:47,"Mendengar seruan itu, beberapa orang yang berdiri di situ berkata, “Ia memanggil Ilyas.”",
Matius,27,48,Matius 27:48,"Sesaat kemudian, berlarilah salah seorang dari mereka mengambil bunga karang dan mencelupkannya ke dalam air anggur asam. Lalu, ditaruhnya bunga karang itu pada ujung sebatang buluh untuk memberi Dia minum.",
Matius,27,49,Matius 27:49,"Tetapi, orang-orang yang lain berkata, “Mari kita lihat apakah Ilyas akan datang untuk menyelamatkan-Nya.”",
Matius,27,50,Matius 27:50,"Kemudian, Isa kembali berseru dengan suara nyaring, lalu menyerahkan ruh-Nya.",
Matius,27,51,Matius 27:51,"Tiba-tiba tabir Bait Allah pun robek dari atas ke bawah. Bumi dilanda gempa, gunung-gunung batu terbelah,",
Matius,27,52,Matius 27:52,"makam-makam terbuka, dan beberapa jenazah orang saleh hidup kembali,",
Matius,27,53,Matius 27:53,"lalu keluar dari tempat mereka dimakamkan. Selanjutnya, setelah Isa bangkit, mereka pun masuk ke kota suci dan memperlihatkan diri mereka kepada orang banyak.",
Matius,27,54,Matius 27:54,"Ketika kepala pasukan dan para prajurit yang menjaga Isa melihat gempa bumi serta semua yang telah terjadi, mereka menjadi sangat takut serta berkata, “Sesungguhnya, orang ini adalah Sang Anak yang datang dari Allah.”",
Matius,27,55,Matius 27:55,Di sana ada pula beberapa perempuan yang menyaksikan semua itu dari jauh. Mereka adalah perempuan-perempuan yang mengikut Isa dari Galilea demi membantu Dia.,
Matius,27,56,Matius 27:56,"Di antara mereka terdapat Maryam dari Magdala, Maryam ibu Yakub dan Yusuf, dan ibu dari anak-anak Zabdi.",
Matius,27,57,Matius 27:57,"Menjelang magrib datanglah Yusuf, orang kaya yang berasal dari Arimatea, salah seorang pengikut Isa juga.",Isa Dimakamkan
Matius,27,58,Matius 27:58,"Ia menghadap Pilatus untuk meminta jenazah Isa. Kemudian, Pilatus memberi perintah kepada orang-orangnya supaya jenazah itu diberikan kepadanya.",
Matius,27,59,Matius 27:59,"Setelah Yusuf mengambil jenazah Isa, ia mengafaninya dengan kain yang bersih.",
Matius,27,60,Matius 27:60,"Selanjutnya, ia membaringkan jenazah itu dalam makam baru kepunyaannya sendiri yang digali pada bukit batu. Digulingkannya sebuah batu besar ke pintu makam itu, lalu ia pulang.",
Matius,27,61,Matius 27:61,"Tetapi, Maryam dari Magdala dan Maryam yang lain tetap tinggal di situ, duduk di depan makam itu.",
Matius,27,62,Matius 27:62,"Esoknya, yaitu setelah hari persiapan, berhimpunlah imam-imam kepala dan orang-orang dari mazhab Farisi untuk menghadap Pilatus.",Makam Isa Dijaga
Matius,27,63,Matius 27:63,"Kata mereka, “Ya Tuanku, kami ingat sewaktu si penipu itu masih hidup, Ia pernah berkata, ‘Pada hari yang ketiga, Aku akan bangkit kembali.’",
Matius,27,64,Matius 27:64,"Sebab itu, sebaiknya Tuanku menyuruh orang untuk menjaga makam itu sampai hari yang ketiga supaya jangan sampai para pengikut-Nya datang mencuri-Nya, lalu berkata kepada bangsa ini, ‘Ia telah bangkit dari antara orang mati.’ Dengan demikian, tipu muslihat yang terakhir itu akan berakibat lebih buruk daripada yang pertama.”",
Matius,27,65,Matius 27:65,"Kata Pilatus kepada mereka, “Para pengawal disediakan bagimu. Pergi dan jagalah makam itu sebisa-bisanya.”",
Matius,27,66,Matius 27:66,"Lalu, pergilah mereka bersama-sama dengan para pengawal untuk menyegel batu penutup makam itu dan menjaganya.",
Matius,28,1,Matius 28:1,"Setelah lewat hari Sabat, yaitu hari pertama minggu itu, Maryam dari Magdala dan Maryam yang lain datang untuk melihat makam itu, saat hari hampir siang.",Kebangkitan Isa
Matius,28,2,Matius 28:2,"Tiba-tiba terjadilah gempa bumi yang amat dahsyat. Malaikat Tuhan turun dari surga untuk menggulingkan batu penutup makam itu, lalu duduk di atasnya.",
Matius,28,3,Matius 28:3,Rupa malaikat itu berkilauan seperti kilat dan pakaiannya putih seperti salju.,
Matius,28,4,Matius 28:4,"Karena takutnya, para pengawal gemetar dan menjadi seperti orang-orang mati.",
Matius,28,5,Matius 28:5,"Kemudian, malaikat itu berkata kepada perempuan-perempuan itu, “Janganlah takut! Aku tahu, kamu mencari Isa yang telah disalibkan itu.",
Matius,28,6,Matius 28:6,"Ia tidak ada di sini karena Ia sudah bangkit, seperti yang telah disabdakan-Nya. Mari, lihatlah tempat bekas Ia dibaringkan.",
Matius,28,7,Matius 28:7,"Karena itu, pergilah segera dan katakan kepada para pengikut-Nya bahwa Ia sudah bangkit dari antara orang mati dan bahwa Ia akan mendahului kamu ke Galilea. Di sana kamu akan melihat Dia. Ingatlah, aku sudah mengatakannya kepadamu.”",
Matius,28,8,Matius 28:8,"Lalu, mereka cepat-cepat pergi meninggalkan makam itu dengan perasaan takut bercampur gembira. Mereka lari untuk memberitahukan hal itu kepada para pengikut-Nya.",
Matius,28,9,Matius 28:9,"Tiba-tiba Isa menjumpai mereka serta berkata, “Salam bagimu.” Lalu, perempuan-perempuan itu mendekati Isa, menyentuh kaki-Nya, serta sujud di hadapan-Nya.",
Matius,28,10,Matius 28:10,"Sabda Isa kepada mereka, “Jangan takut! Pergi dan beritahukanlah kepada saudara-saudara-Ku supaya mereka pergi ke Galilea. Di sana mereka akan melihat Aku.”",
Matius,28,11,Matius 28:11,"Sementara kedua perempuan itu masih dalam perjalanan, para penjaga makam telah sampai di kota dan memberitahukan segala sesuatu yang terjadi kepada imam-imam kepala.",Dusta Mahkamah Agama
Matius,28,12,Matius 28:12,"Setelah mereka berkumpul dengan para tua-tua dan membicarakan hal itu, mereka memberikan uang perak secukupnya kepada para pengawal itu",
Matius,28,13,Matius 28:13,"serta berpesan, “Kamu harus mengatakan bahwa ketika kamu sedang tidur, para pengikut-Nya datang pada malam hari dan mencuri jenazah-Nya.",
Matius,28,14,Matius 28:14,"Jika hal ini sampai terdengar oleh penguasa setempat, kami akan meyakinkan dia supaya kamu tidak mendapat kesulitan.”",
Matius,28,15,Matius 28:15,"Mereka mengambil uang itu, lalu melakukan seperti yang dipesankan kepada mereka. Cerita itu kemudian tersebar di antara orang Israil, bahkan sampai sekarang ini.",
Matius,28,16,Matius 28:16,"Kemudian, kesebelas pengikut Isa pergi ke salah satu bukit di wilayah Galilea sesuai dengan yang telah ditunjuk oleh Isa sebelumnya.",Perintah untuk Memberitakan Kabar Baik
Matius,28,17,Matius 28:17,"Ketika mereka melihat Dia, mereka pun sujud di hadapan-Nya walaupun ada juga yang masih ragu-ragu.",
Matius,28,18,Matius 28:18,"Isa mendekati mereka dan bersabda, “Segala wewenang dan kuasa, baik di surga maupun di bumi, sudah diserahkan kepada-Ku.",
Matius,28,19,Matius 28:19,"Sebab itu, pergilah, jadikanlah semua suku bangsa pengikut-Ku dan permandikanlah mereka dalam nama Sang Bapa, Sang Anak, dan Ruh Allah Yang Mahasuci.",
Matius,28,20,Matius 28:20,"Ajarlah mereka menaati segala sesuatu yang telah Kuperintahkan kepadamu dan ingatlah, Aku menyertai kamu sampai kesudahan zaman.”",
