Book,Chapter,Verse,Ref,Indonesian,Subheading
Lukas,1,1,Lukas 1:1,"Sesungguhnya, banyak orang telah berusaha menulis kisah tentang peristiwa-peristiwa yang terjadi di antara kita.",Pendahuluan
Lukas,1,2,Lukas 1:2,Kisah itu disampaikan kepada kita oleh orang-orang yang sejak semula melihat dengan mata kepala sendiri peristiwa-peristiwa itu dan yang juga menjadi pemberita firman.,
Lukas,1,3,Lukas 1:3,"Aku sendiri telah memeriksa semuanya dengan teliti dari awal. Maka sekarang, Tuan Teofilus yang mulia, aku berkenan menulisnya lagi dengan teratur untuk Tuan.",
Lukas,1,4,Lukas 1:4,"Dengan demikian, Tuan dapat mengetahui dengan tepat kebenaran dari semua yang diajarkan kepada Tuan.",
Lukas,1,5,Lukas 1:5,"Pada waktu Herodes menjadi raja wilayah Yudea, ada seorang imam bernama Zakharia. Ia termasuk rombongan imam Abia. Istrinya berasal dari keturunan Harun, namanya Elisabet.",Pemberitahuan tentang Kelahiran Nabi Yahya
Lukas,1,6,Lukas 1:6,Keduanya adalah orang yang saleh di hadapan Allah. Mereka hidup menurut segala perintah dan hukum Tuhan dengan tidak bercacat.,
Lukas,1,7,Lukas 1:7,"Namun, mereka tidak mempunyai anak karena Elisabet mandul. Selain itu, keduanya pun sudah lanjut usia.",
Lukas,1,8,Lukas 1:8,"Pada suatu kali, ketika tiba giliran rombongan imam Abia, Zakharia menjalankan pekerjaan keimaman di hadapan Allah.",
Lukas,1,9,Lukas 1:9,"Menurut adat istiadat pekerjaan imam, undian dilaksanakan untuk menentukan siapa imam yang bertugas masuk ke dalam Bait Allah dan membakar dupa di situ. Kali itu, Zakharialah yang terkena undian.",
Lukas,1,10,Lukas 1:10,"Pada saat pembakaran dupa itu dilakukan, seluruh umat yang berada di luar memanjatkan doa.",
Lukas,1,11,Lukas 1:11,"Lalu, malaikat Tuhan memperlihatkan diri kepada Zakharia. Malaikat itu berdiri di sebelah kanan meja tempat pembakaran dupa.",
Lukas,1,12,Lukas 1:12,"Ketika Zakharia melihat malaikat itu, ia terkejut dan menjadi sangat takut.",
Lukas,1,13,Lukas 1:13,"Lalu, kata malaikat itu kepadanya, “Jangan takut, hai Zakharia. Permintaanmu telah didengar dan istrimu, Elisabet, akan melahirkan seorang anak laki-laki untukmu. Engkau harus menamainya Yahya.",
Lukas,1,14,Lukas 1:14,"Engkau akan berbahagia dan gembira, dan banyak orang pun akan senang dengan kelahiran anak itu.",
Lukas,1,15,Lukas 1:15,"Ia akan menjadi orang yang besar di mata Tuhan. Ia tidak akan minum anggur atau minuman keras, dan ia akan dikuasai oleh Ruh Allah sejak dalam rahim ibunya.",
Lukas,1,16,Lukas 1:16,"Ia akan memimpin banyak orang dari bani Israil kembali kepada Allah, Tuhan mereka.",
Lukas,1,17,Lukas 1:17,"Dengan ruh dan kuasa Nabi Ilyas, ia akan berjalan mendahului Tuhan untuk membuat hati bapak-bapak kembali kepada anak-anaknya dan orang-orang durhaka kembali kepada hikmah orang-orang benar. Dengan demikian, ia menyiapkan bagi Tuhan suatu umat yang layak bagi-Nya.”",
Lukas,1,18,Lukas 1:18,"Maka, kata Zakharia kepada malaikat itu, “Bagaimana hamba dapat meyakininya? Hamba sudah tua dan istri hamba pun sudah lanjut usia.”",
Lukas,1,19,Lukas 1:19,"Maka, jawab malaikat itu, “Aku ini Jibrail, yang selalu siap sedia di hadapan Allah. Aku diutus untuk berbicara kepadamu dan memberitakan kabar baik ini kepadamu.",
Lukas,1,20,Lukas 1:20,"Sesungguhnya, semua itu akan menjadi kenyataan pada waktunya. Akan tetapi, karena engkau tidak percaya pada kata-kataku, maka engkau akan menjadi bisu dan tidak dapat berbicara sampai saatnya semua itu terjadi.”",
Lukas,1,21,Lukas 1:21,Orang banyak yang berada di luar menunggu Zakharia. Mereka heran sebab ia begitu lama di dalam Bait Allah.,
Lukas,1,22,Lukas 1:22,"Maka, ketika ia keluar dan tidak lagi dapat berbicara kepada mereka, mereka pun tahu bahwa di dalam Bait Allah ia telah mendapat suatu penglihatan dari surga. Dengan bahasa isyarat ia berbicara kepada mereka sebab ia menjadi bisu.",
Lukas,1,23,Lukas 1:23,"Setelah hari kerjanya berakhir, pulanglah ia ke rumahnya.",
Lukas,1,24,Lukas 1:24,"Tak lama kemudian, mengandunglah Elisabet, istrinya. Lima bulan lamanya Elisabet tidak memperlihatkan dirinya kepada orang-orang. Ia berkata,",
Lukas,1,25,Lukas 1:25,“Ini adalah pekerjaan Tuhan bagi diriku. Akhirnya Ia memperhatikan aku dan menghapuskan aibku di depan orang.”,
Lukas,1,26,Lukas 1:26,"Dalam bulan yang keenam, malaikat Jibrail diutus Allah ke sebuah kota yang bernama Nazaret di Galilea.",Pemberitahuan tentang Kelahiran Isa
Lukas,1,27,Lukas 1:27,"Ia diutus kepada seorang gadis perawan, tunangan seorang laki-laki yang bernama Yusuf, keturunan Nabi Daud. Nama gadis itu Maryam.",
Lukas,1,28,Lukas 1:28,"Malaikat itu datang menemui Maryam dan berkata, “Salam, hai engkau, yang memperoleh anugerah. Tuhan besertamu.”",
Lukas,1,29,Lukas 1:29,"Maryam terkejut mendengar perkataan itu dan berpikir, “Salam apakah ini?”",
Lukas,1,30,Lukas 1:30,"Kata malaikat itu kepadanya, “Jangan takut, Maryam, karena engkau memperoleh anugerah Allah.",
Lukas,1,31,Lukas 1:31,"Engkau akan mengandung dan melahirkan seorang anak laki-laki, dan engkau harus menamai-Nya Isa.",
Lukas,1,32,Lukas 1:32,"Ia akan menjadi besar dan akan disebut Sang Anak yang datang dari Allah Yang Mahatinggi. Allah, Tuhan kita, akan memberikan kepada-Nya takhta Daud, nenek moyang-Nya.",
Lukas,1,33,Lukas 1:33,Ia akan memerintah keturunan Yakub untuk selama-lamanya dan kerajaan-Nya tidak akan berkesudahan.”,
Lukas,1,34,Lukas 1:34,"Maka, kata Maryam kepada malaikat itu, “Bagaimana hal ini akan terjadi? Karena bukankah hamba belum pernah disentuh oleh seorang laki-laki pun?”",
Lukas,1,35,Lukas 1:35,"Jawab malaikat itu, “Ruh Allah akan datang atasmu dan kuasa Allah Yang Mahatinggi akan meliputi engkau. Sebab itu, anak yang akan dilahirkan itu akan disebut suci, Sang Anak yang datang dari Allah.",
Lukas,1,36,Lukas 1:36,"Sesungguhnya, Elisabet, sanak saudaramu itu, sedang mengandung seorang anak laki-laki pada masa tuanya ini. Memang dahulu ia dikatakan mandul, tetapi sekarang usia kandungannya sudah enam bulan.",
Lukas,1,37,Lukas 1:37,Sebab bagi Allah tidak ada satu pun yang mustahil.”,
Lukas,1,38,Lukas 1:38,"Maryam berkata, “Sesungguhnya, aku ini hamba Tuhan, terjadilah pada hamba seperti yang Tuan katakan.” Lalu, malaikat itu pergi meninggalkannya.",
Lukas,1,39,Lukas 1:39,"Segera setelah itu, Maryam bersiap-siap, lalu bergegas pergi ke pegunungan, ke sebuah kota di Yudea.",Maryam dan Elisabet
Lukas,1,40,Lukas 1:40,Ia masuk ke rumah Zakharia dan memberi salam kepada Elisabet.,
Lukas,1,41,Lukas 1:41,"Ketika Elisabet mendengar salam Maryam, bayi yang ada dalam rahimnya bergerak-gerak dengan kuat, lalu Elisabet dikuasai oleh Ruh Allah.",
Lukas,1,42,Lukas 1:42,"Dengan suara yang nyaring ia berseru kepada Maryam, “Engkau paling dilimpahi berkah di antara semua perempuan. Diberkahi pula bayi yang ada dalam kandunganmu.",
Lukas,1,43,Lukas 1:43,Siapakah aku ini sehingga ibu dari Junjunganku datang mengunjungiku?,
Lukas,1,44,Lukas 1:44,"Sebab ketika salammu itu terdengar oleh telingaku, bayi yang ada dalam kandunganku tiba-tiba melonjak kegirangan.",
Lukas,1,45,Lukas 1:45,"Berbahagialah engkau, Maryam, karena engkau percaya bahwa apa yang dikatakan Tuhan kepadamu akan terjadi.”",
Lukas,1,46,Lukas 1:46,"Lalu, Maryam berkata, “Jiwaku memuliakan Tuhan",Nyanyian Pujian Maryam
Lukas,1,47,Lukas 1:47,dan ruhku bergembira karena Allah Penyelamatku.,
Lukas,1,48,Lukas 1:48,Ia memperhatikan kerendahan hamba-Nya. Mulai sekarang ini hingga zaman ke zaman semua orang akan menyebut aku berbahagia,
Lukas,1,49,Lukas 1:49,sebab Yang Mahakuasa telah melakukan hal-hal yang besar bagiku. Mahasuci nama-Nya.,
Lukas,1,50,Lukas 1:50,Rahmat-Nya berlaku turun-temurun bagi orang yang bertakwa kepada-Nya.,
Lukas,1,51,Lukas 1:51,"Ditunjukkan-Nya kekuatan-Nya melalui pekerjaan tangan-Nya, dan dicerai-beraikan-Nya orang yang sombong hatinya.",
Lukas,1,52,Lukas 1:52,Raja-raja diturunkan-Nya dari takhta kerajaannya dan orang-orang yang rendah ditinggikan kedudukannya.,
Lukas,1,53,Lukas 1:53,Orang yang lapar dikenyangkan-Nya dengan hal-hal yang baik dan orang kaya disuruhnya pergi dengan tangan hampa.,
Lukas,1,54,Lukas 1:54,"Ditolong-Nya Israil, hamba-Nya,",
Lukas,1,55,Lukas 1:55,"karena Ia ingat akan rahmat-Nya yang dijanjikan-Nya kepada nenek moyang kita, kepada Nabi Ibrahim dan keturunannya untuk selama-lamanya.”",
Lukas,1,56,Lukas 1:56,"Maryam tinggal di rumah Elisabet kira-kira tiga bulan lamanya, kemudian ia pulang ke rumahnya.",
Lukas,1,57,Lukas 1:57,"Setelah genap bulannya bagi Elisabet untuk bersalin, ia melahirkan seorang anak laki-laki.",Kelahiran Nabi Yahya
Lukas,1,58,Lukas 1:58,"Tetangga-tetangganya dan kaum keluarganya mendengar bahwa Tuhan telah melimpahkan rahmat-Nya kepada Elisabet. Maka, mereka pun bergembira bersama-sama dengannya.",
Lukas,1,59,Lukas 1:59,"Pada hari yang kedelapan datanglah mereka untuk mengkhitankan anak itu. Mereka hendak menamainya Zakharia, seperti nama ayahnya,",
Lukas,1,60,Lukas 1:60,"tetapi ibunya berkata, “Jangan, ia harus diberi nama Yahya.”",
Lukas,1,61,Lukas 1:61,"Mereka berkata, “Dalam keluargamu tidak ada seorang pun yang namanya begitu.”",
Lukas,1,62,Lukas 1:62,"Lalu, dengan isyarat mereka bertanya kepada Zakharia, ayahnya, apa nama yang hendak diberikannya kepada anaknya itu.",
Lukas,1,63,Lukas 1:63,"Zakharia meminta sebuah batu tulis dari mereka, lalu menulis demikian, “Namanya Yahya.” Mereka semua heran.",
Lukas,1,64,Lukas 1:64,"Seketika itu juga mulut Zakharia dapat berbicara lagi dan lidahnya tidak lagi kaku, lalu ia memuliakan Allah.",
Lukas,1,65,Lukas 1:65,Orang-orang yang tinggal di sekitarnya menjadi takut. Semua peristiwa yang terjadi dibicarakan orang di seluruh daerah pegunungan Yudea.,
Lukas,1,66,Lukas 1:66,"Setiap orang yang mendengar tentang hal itu berkata dalam hatinya, “Apa gerangan yang akan terjadi dengan anak itu nanti?” Karena tangan Tuhan menyertai dia.",
Lukas,1,67,Lukas 1:67,"Zakharia, ayah anak itu, dikuasai oleh Ruh Allah, lalu bernubuat,",Nyanyian Pujian Zakharia
Lukas,1,68,Lukas 1:68,"“Segala puji bagi Allah, Tuhan bani Israil. Ia telah melawat umat-Nya dan membebaskan mereka.",
Lukas,1,69,Lukas 1:69,"Ia menetapkan bagi kita Penyelamat yang berkuasa dari antara keturunan Daud, hamba-Nya,",
Lukas,1,70,Lukas 1:70,seperti yang telah difirmankan-Nya melalui nabi-nabi-Nya yang suci sejak dahulu kala.,
Lukas,1,71,Lukas 1:71,Dialah yang menyelamatkan kita dari musuh-musuh kita dan dari tangan semua orang yang membenci kita.,
Lukas,1,72,Lukas 1:72,"Hal itu dilakukan-Nya untuk menunjukkan belas kasihan-Nya kepada nenek moyang kita dan untuk mengingat perjanjian-Nya yang suci,",
Lukas,1,73,Lukas 1:73,"yaitu sumpah yang diucapkan-Nya kepada Ibrahim, nenek moyang kita,",
Lukas,1,74,Lukas 1:74,untuk melepaskan kita dari tangan musuh-musuh kita supaya tanpa takut kita dapat beribadah kepada-Nya,
Lukas,1,75,Lukas 1:75,dalam kesucian dan kesalehan di hadapan-Nya seumur hidup kita.,
Lukas,1,76,Lukas 1:76,"Engkau, anakku, akan disebut nabi Allah Yang Mahatinggi karena engkau akan mendahului Tuhan untuk mempersiapkan jalan bagi-Nya",
Lukas,1,77,Lukas 1:77,dan untuk memberi pengertian kepada umat-Nya mengenai keselamatan yang didasarkan atas pengampunan dosa-dosa mereka,
Lukas,1,78,Lukas 1:78,"karena kemurahan hati Tuhan kita. Bagaikan sinar surya di pagi hari dari tempat yang tinggi, demikian Ia datang melawat kita",
Lukas,1,79,Lukas 1:79,"untuk menyinari orang yang hidup dalam kegelapan dan yang berada dalam bayang-bayang maut, serta mengarahkan langkah kita kepada jalan kesentosaan.”",
Lukas,1,80,Lukas 1:80,Anak Zakharia itu bertambah besar dan ruhnya semakin kuat. Ia tinggal di padang belantara sampai pada saatnya ia harus tampil di depan bani Israil.,
Lukas,2,1,Lukas 2:1,"Pada waktu itu, Kaisar Agustus mengeluarkan perintah supaya diadakan sensus di seluruh dunia.",Kelahiran Isa
Lukas,2,2,Lukas 2:2,Itulah sensus yang pertama kali diadakan ketika Kirenius menjadi penguasa di Siria.,
Lukas,2,3,Lukas 2:3,"Karena itu, semua orang yang akan disensus kembali ke kotanya masing-masing.",
Lukas,2,4,Lukas 2:4,"Yusuf pun berangkat dari Kota Nazaret di Galilea ke Baitlahim, kota Daud, di wilayah Yudea sebab ia dari keluarga dan keturunan Daud.",
Lukas,2,5,Lukas 2:5,"Ia pergi mendaftarkan diri bersama Maryam, tunangannya, yang pada waktu itu sedang mengandung.",
Lukas,2,6,Lukas 2:6,"Ketika mereka di sana, tibalah waktunya bagi Maryam untuk melahirkan.",
Lukas,2,7,Lukas 2:7,"Ia melahirkan seorang anak laki-laki, anaknya yang sulung. Maryam membungkus-Nya dengan kain bedung, lalu membaringkan-Nya di dalam palungan karena tidak ada tempat bagi mereka untuk menginap.",
Lukas,2,8,Lukas 2:8,Di daerah itu ada beberapa orang gembala yang sedang menjaga kawanan ternak mereka di padang pada waktu malam.,Gembala-Gembala
Lukas,2,9,Lukas 2:9,Tiba-tiba malaikat Tuhan berdiri di dekat mereka dan cahaya kemuliaan Tuhan menyinari mereka. Mereka pun sangat ketakutan.,
Lukas,2,10,Lukas 2:10,"Malaikat itu berkata, “Jangan takut. Aku membawa kabar baik bagimu, yaitu kabar yang mendatangkan kesukaan besar bagi seluruh bangsa.",
Lukas,2,11,Lukas 2:11,"Hari ini telah lahir bagimu di kota Daud seorang Penyelamat, yaitu Al-Masih, Junjungan kita.",
Lukas,2,12,Lukas 2:12,Inilah tandanya: Kamu akan menjumpai bayi yang dibungkus dengan kain bedung dan berbaring di palungan.”,
Lukas,2,13,Lukas 2:13,"Tiba-tiba bersama-sama dengan malaikat itu hadir banyak sekali tentara surgawi. Mereka memuji Allah dan berkata,",
Lukas,2,14,Lukas 2:14,"“Kemuliaan bagi Allah di tempat yang mahatinggi, sejahtera di bumi bagi orang yang berkenan di hati Allah.”",
Lukas,2,15,Lukas 2:15,"Kemudian, malaikat-malaikat itu meninggalkan gembala-gembala itu dan kembali ke surga. Lalu, gembala-gembala itu berkata satu sama lain, “Mari kita ke Baitlahim melihat semua yang terjadi, seperti yang diberitahukan Tuhan kepada kita.”",
Lukas,2,16,Lukas 2:16,"Mereka pun segera pergi, lalu mendapati Maryam, Yusuf, dan bayi itu, yang sedang berbaring di palungan.",
Lukas,2,17,Lukas 2:17,"Setelah mereka melihat bayi itu, mereka memberitakan kepada orang-orang, apa yang dikatakan oleh malaikat mengenai anak itu.",
Lukas,2,18,Lukas 2:18,Semua orang yang mendengar apa yang diceritakan oleh gembala-gembala itu merasa heran.,
Lukas,2,19,Lukas 2:19,"Akan tetapi, Maryam menyimpan semua hal itu di dalam hatinya dan merenungkannya.",
Lukas,2,20,Lukas 2:20,"Lalu, gembala-gembala itu pulang sambil memuji dan memuliakan Allah sebab semua yang mereka dengar dan mereka lihat, sama seperti apa yang telah disampaikan malaikat itu kepada mereka.",
Lukas,2,21,Lukas 2:21,"Setelah delapan hari, tibalah waktunya bagi bayi itu untuk dikhitan. Mereka menamai-Nya Isa, seperti yang dikatakan oleh malaikat kepada mereka sebelum Ia ada di dalam kandungan.",Isa Dikhitan dan Diserahkan kepada Tuhan; Simeon dan Hana
Lukas,2,22,Lukas 2:22,"Ketika sudah genap hari penyucian menurut hukum Nabi Musa, mereka membawa anak itu ke Yerusalem untuk diserahkan kepada Tuhan",
Lukas,2,23,Lukas 2:23,"sebab dalam hukum Allah tertulis, “Setiap anak laki-laki sulung akan disucikan bagi Tuhan.”",
Lukas,2,24,Lukas 2:24,"Selain itu, mereka pun hendak mempersembahkan kurban sebagaimana ditentukan dalam hukum Tuhan, yaitu sepasang burung tekukur atau dua ekor anak burung merpati.",
Lukas,2,25,Lukas 2:25,Di Yerusalem ada seorang laki-laki bernama Simeon. Ia seorang saleh dan bertakwa serta sedang menantikan penghiburan dari Allah untuk bani Israil. Ruh Allah ada padanya.,
Lukas,2,26,Lukas 2:26,"Ia telah menerima wahyu dari Ruh bahwa ia tidak akan meninggal sebelum ia melihat Al-Masih, yang datang dari Tuhan.",
Lukas,2,27,Lukas 2:27,"Atas pimpinan Ruh, ia masuk ke Bait Allah. Ketika anak itu, yaitu Isa, dibawa masuk oleh ibu bapak-Nya yang hendak memenuhi tuntutan hukum Taurat, yaitu hukum yang terdapat dalam Kitab Suci Taurat,",
Lukas,2,28,Lukas 2:28,"Simeon menyambut anak itu dan menggendong-Nya. Ia lalu memuji Allah, katanya,",
Lukas,2,29,Lukas 2:29,"“Ya Tuhan, biarlah sekarang hamba-Mu ini pergi dengan sejahtera sesuai dengan firman-Mu.",
Lukas,2,30,Lukas 2:30,"Sebab sudah kulihat sendiri keselamatan yang berasal dari-Mu,",
Lukas,2,31,Lukas 2:31,"yaitu keselamatan yang telah Engkau sediakan di hadapan segala bangsa,",
Lukas,2,32,Lukas 2:32,"terang yang menyatakan kebenaran kepada bangsa-bangsa lain dan mendatangkan kemuliaan bagi umat-Mu, Israil.”",
Lukas,2,33,Lukas 2:33,Bapak dan ibu anak itu heran mendengar semua yang dikatakan mengenai anak mereka.,
Lukas,2,34,Lukas 2:34,"Lalu, Simeon memohonkan berkah untuk ibu bapak anak itu, dan berkata kepada Maryam, ibu anak itu, “Anak ini ditentukan untuk menjatuhkan dan membangunkan kembali banyak orang dari bani Israil. Ia juga akan menjadi suatu tanda yang menimbulkan pertentangan",
Lukas,2,35,Lukas 2:35,sehingga pikiran dan hati banyak orang menjadi nyata. Jiwamu sendiri pun akan seperti ditikam pedang.”,
Lukas,2,36,Lukas 2:36,"Di situ ada juga seorang nabiah yang sudah tua sekali, namanya Hana, anak Fanuel dari suku Asyer. Ia menikah pada waktu muda dan hidup dengan suaminya tujuh tahun lamanya,",
Lukas,2,37,Lukas 2:37,kemudian setelah itu ia menjadi janda. Sekarang umurnya delapan puluh empat tahun. Ia selalu ada di Bait Allah dan beribadah di situ siang malam dengan berpuasa dan berdoa.,
Lukas,2,38,Lukas 2:38,"Pada saat itu ia pun datang ke situ dan mengucap syukur kepada Allah. Lalu, ia berbicara mengenai anak itu kepada semua orang yang sedang menantikan pembebasan bagi Yerusalem.",
Lukas,2,39,Lukas 2:39,"Setelah Yusuf dan Maryam selesai melakukan semua yang harus dijalankan menurut hukum Tuhan, mereka kembali ke Kota Nazaret, kota kediaman mereka di Galilea.",
Lukas,2,40,Lukas 2:40,"Anak itu semakin besar dan bertambah kuat, serta penuh dengan hikmah. Rahmat Allah ada pada-Nya.",
Lukas,2,41,Lukas 2:41,"Setiap tahun pada hari raya Paskah, bapak dan ibu Isa selalu pergi ke Yerusalem untuk merayakan hari raya Paskah.",Isa pada Umur Dua Belas Tahun dalam Bait Allah
Lukas,2,42,Lukas 2:42,"Pada waktu Isa berumur dua belas tahun, mereka pergi ke Yerusalem seperti yang biasa mereka lakukan pada hari raya.",
Lukas,2,43,Lukas 2:43,"Setelah hari-hari raya itu berakhir, mereka pun berjalan pulang. Tetapi, Isa, anak mereka itu, masih tinggal di Yerusalem. Bapak dan ibu-Nya tidak mengetahui hal itu",
Lukas,2,44,Lukas 2:44,karena mereka berpikir bahwa Ia ada di antara orang-orang seperjalanan. Setelah berjalan sehari lamanya mereka mencari Dia di antara kaum keluarga dan kenalan-kenalan mereka.,
Lukas,2,45,Lukas 2:45,"Tetapi, karena mereka tidak menemukan Isa di situ, kembalilah mereka ke Yerusalem sambil terus mencari Dia.",
Lukas,2,46,Lukas 2:46,"Setelah tiga hari, mereka menemukan Isa di dalam Bait Allah. Ia sedang duduk di situ, di tengah-tengah para alim ulama bani Israil sambil mendengarkan mereka dan mengajukan pertanyaan-pertanyaan kepada mereka.",
Lukas,2,47,Lukas 2:47,Semua orang yang mendengarkan kata-kata Isa merasa heran akan pengertian yang dimiliki-Nya serta jawaban-jawaban yang dilontarkan-Nya.,
Lukas,2,48,Lukas 2:48,"Begitu bapak dan ibu-Nya melihat Dia, tercenganglah mereka. Lalu, ibu-Nya berkata, “Anakku, mengapa Kaulakukan hal ini terhadap kami? Aku dan bapak-Mu cemas mencari Engkau!”",
Lukas,2,49,Lukas 2:49,"Jawab Isa, “Mengapa Bapak dan Ibu mencari Aku? Tidakkah Bapak dan Ibu tahu bahwa Aku harus berada dalam rumah Bapa-Ku?”",
Lukas,2,50,Lukas 2:50,"Tetapi, mereka tidak mengerti apa yang dimaksudkan-Nya.",
Lukas,2,51,Lukas 2:51,"Maka, pulanglah Isa bersama mereka ke Nazaret, dan hidup taat pada mereka. Ibu-Nya menyimpan semua kejadian itu di dalam hatinya.",
Lukas,2,52,Lukas 2:52,Isa semakin besar dan bertambah-tambah kebijaksanaan-Nya. Ia semakin berkenan di hadapan Allah dan juga manusia.,
Lukas,3,1,Lukas 3:1,"Pada tahun kelima belas pemerintahan Kaisar Tiberius, yang menjadi penguasa di Yudea adalah Pontius Pilatus. Pada waktu itu Herodes adalah raja di Galilea, dan Filipus, saudaranya, adalah raja di Iturea dan Trakhonitis. Lisanias adalah raja di Abilene,",Nabi Yahya
Lukas,3,2,Lukas 3:2,"sedangkan yang menjadi Imam Besar adalah Hanas dan Kayafas. Pada masa itu Allah menurunkan firman-Nya kepada Nabi Yahya, anak Zakharia, di padang belantara.",
Lukas,3,3,Lukas 3:3,"Lalu, Yahya pergi ke seluruh daerah Sungai Yordan dan mengabarkan permandian sebagai tanda pertobatan demi pengampunan dosa.",
Lukas,3,4,Lukas 3:4,"Hal itu telah tersurat dalam tulisan Nabi Yesaya yang berkata, “Terdengar suara orang yang berseru-seru di padang belantara, ‘Persiapkanlah jalan bagi Tuhan, luruskanlah jalan yang akan dilalui-Nya!’",
Lukas,3,5,Lukas 3:5,"Setiap lembah akan ditimbun, setiap gunung dan bukit akan diratakan. Yang berliku-liku akan diluruskan dan jalan yang berbatu-batu akan menjadi jalan yang rata.",
Lukas,3,6,Lukas 3:6,Semua orang akan melihat keselamatan yang datang dari Allah.”,
Lukas,3,7,Lukas 3:7,"Kepada orang banyak yang datang untuk dipermandikan, Yahya berkata, “Hai kamu, orang-orang yang bertabiat ular! Siapakah yang mengingatkan kamu untuk lari dari murka Allah yang akan datang?",
Lukas,3,8,Lukas 3:8,"Hasilkanlah buah yang sepadan dengan pertobatanmu, dan jangan berkata dalam hatimu, ‘Ibrahim adalah bapa leluhur kami.’ Aku berkata kepadamu, Allah dapat saja menjadikan anak-anak bagi Ibrahim dari batu-batu ini.",
Lukas,3,9,Lukas 3:9,Kapak telah tersedia pada akar pohon. Setiap pohon yang tidak menghasilkan buah yang baik akan ditebang dan dibuang ke dalam api.”,
Lukas,3,10,Lukas 3:10,"Lalu, orang banyak itu bertanya kepadanya, “Kalau begitu, apa yang harus kami lakukan?”",
Lukas,3,11,Lukas 3:11,"Yahya menjawab, “Orang yang punya dua helai baju harus berbagi dengan orang yang tidak punya, begitu juga orang yang mempunyai makanan.”",
Lukas,3,12,Lukas 3:12,"Pemungut-pemungut cukai pun datang kepada Yahya untuk dipermandikan. Mereka bertanya kepadanya, “Guru, apa yang harus kami lakukan?”",
Lukas,3,13,Lukas 3:13,"Yahya menjawab, “Jangan mengambil lebih daripada yang sudah ditentukan.”",
Lukas,3,14,Lukas 3:14,"Prajurit-prajurit juga bertanya, “Bagaimana dengan kami? Apa yang harus kami lakukan?” Yahya menjawab, “Jangan memeras atau menipu siapa pun untuk merampas hartanya. Cukupkanlah dirimu dengan gajimu.”",
Lukas,3,15,Lukas 3:15,"Pada waktu itu orang-orang sedang menunggu-nunggu dan berharap sehingga mereka semua bertanya-tanya dalam hati mengenai Yahya, apakah dia Al-Masih.",
Lukas,3,16,Lukas 3:16,"Yahya berkata kepada mereka, “Aku mempermandikan kamu dengan air, tetapi akan datang seorang yang lebih berkuasa daripada aku. Membuka tali kasut-Nya pun aku tidak layak. Dialah yang akan mempermandikan kamu dengan Ruh Allah Yang Mahasuci dan dengan api.",
Lukas,3,17,Lukas 3:17,"Alat penampi ada di tangan-Nya, dan Ia akan membersihkan tempat pengirikan-Nya. Gandum akan dikumpulkan-Nya dalam lumbung, tetapi sekam akan dibakar dengan api yang tak pernah padam.”",
Lukas,3,18,Lukas 3:18,Dengan banyak nasihat lain Yahya memberitakan Injil kepada orang banyak itu.,
Lukas,3,19,Lukas 3:19,"Tetapi, Herodes, raja wilayah itu, setelah ditegur oleh Yahya sehubungan dengan Herodiah, istri saudaranya, dan mengenai segala kejahatannya yang lain,",
Lukas,3,20,Lukas 3:20,malah menambah kejahatannya dengan memasukkan Yahya ke penjara.,
Lukas,3,21,Lukas 3:21,"Pada waktu semua orang dipermandikan, Isa juga dipermandikan. Ketika Isa sedang berdoa, langit terbuka",Isa Dipermandikan
Lukas,3,22,Lukas 3:22,"dan Ruh Allah turun ke atas-Nya dalam rupa burung merpati. Kemudian, terdengarlah suara dari surga, “Engkaulah Sang Anak yang Kukasihi. Kepada-Mulah Aku berkenan.”",
Lukas,3,23,Lukas 3:23,"Isa mulai mengajar orang-orang. Umur-Nya kurang lebih tiga puluh tahun. Menurut pendapat orang, Ia adalah anak Yusuf, anak Eli,",Silsilah Isa
Lukas,3,24,Lukas 3:24,"anak Matat, anak Lewi, anak Malkhi, anak Yanai, anak Yusuf,",
Lukas,3,25,Lukas 3:25,"anak Matica, anak Amos, anak Nahum, anak Hesli, anak Nagai,",
Lukas,3,26,Lukas 3:26,"anak Maat, anak Matica, anak Simei, anak Yosekh, anak Yoda,",
Lukas,3,27,Lukas 3:27,"anak Yohanan, anak Resa, anak Zerubabel, anak Sealtiel, anak Neri,",
Lukas,3,28,Lukas 3:28,"anak Malkhi, anak Adi, anak Kosam, anak Elmodam, anak Er,",
Lukas,3,29,Lukas 3:29,"anak Yesua, anak Eliezer, anak Yorim, anak Matat, anak Lewi,",
Lukas,3,30,Lukas 3:30,"anak Simeon, anak Yuda, anak Yusuf, anak Yonam, anak Elyakim,",
Lukas,3,31,Lukas 3:31,"anak Melea, anak Mina, anak Matata, anak Natan, anak Daud,",
Lukas,3,32,Lukas 3:32,"anak Isai, anak Obed, anak Boas, anak Salmon, anak Nahason,",
Lukas,3,33,Lukas 3:33,"anak Aminadab, anak Admin, anak Arni, anak Hezron, anak Peres, anak Yuda,",
Lukas,3,34,Lukas 3:34,"anak Yakub, anak Ishak, anak Ibrahim, anak Terah, anak Nahor,",
Lukas,3,35,Lukas 3:35,"anak Serug, anak Rehu, anak Peleg, anak Eber, anak Salmon,",
Lukas,3,36,Lukas 3:36,"anak Kenan, anak Arpakhsad, anak Sem, anak Nuh, anak Lamekh,",
Lukas,3,37,Lukas 3:37,"anak Metusalah, anak Henokh, anak Yared, anak Mahalaleel, anak Kenan,",
Lukas,3,38,Lukas 3:38,"anak Enos, anak Set, anak Adam, anak Allah.",
Lukas,4,1,Lukas 4:1,"Isa, yang penuh dengan Ruh Allah, meninggalkan Sungai Yordan. Kemudian, Ia dibawa oleh Ruh itu ke padang belantara.",Isa Digoda di Padang Belantara
Lukas,4,2,Lukas 4:2,"Di situ Ia tinggal empat puluh hari lamanya, digoda oleh Iblis. Selama itu Ia tidak makan sama sekali, dan akhirnya Ia pun lapar.",
Lukas,4,3,Lukas 4:3,"Iblis berkata kepada-Nya, “Kalau Engkau adalah Sang Anak yang datang dari Allah, suruhlah supaya batu-batu ini menjadi roti.”",
Lukas,4,4,Lukas 4:4,"Isa menjawab, “Telah tertulis, ‘Manusia hidup bukan dari roti saja.’”",
Lukas,4,5,Lukas 4:5,"Lalu, Iblis membawa Isa ke suatu tempat yang tinggi. Dalam sekejap diperlihatkannya kepada Isa semua kerajaan dunia,",
Lukas,4,6,Lukas 4:6,"lalu berkata, “Semua kuasa dan kemuliaan ini akan kuberikan kepada-Mu karena semuanya sudah diserahkan kepadaku dan aku berhak memberikannya kepada siapa saja yang kukehendaki.",
Lukas,4,7,Lukas 4:7,"Jadi, jika Engkau sujud menyembah aku, maka semuanya itu akan menjadi milik-Mu.”",
Lukas,4,8,Lukas 4:8,"Isa menjawab, “Telah tertulis, ‘Sembahlah Allah, Tuhanmu, dan hanya kepada-Nya sajalah kamu harus beribadah!’”",
Lukas,4,9,Lukas 4:9,"Lalu, Iblis membawa Isa ke Yerusalem dan menempatkan Dia di puncak Bait Allah. Kata Iblis kepada-Nya, “Kalau Engkau adalah Sang Anak yang datang dari Allah, terjunlah dari sini!",
Lukas,4,10,Lukas 4:10,"Karena telah tertulis, ‘Allah akan menyuruh malaikat-malaikat-Nya untuk melindungi Engkau.",
Lukas,4,11,Lukas 4:11,Mereka pun akan menatang Engkau dengan tangannya sehingga kaki-Mu tidak terantuk batu.’”,
Lukas,4,12,Lukas 4:12,"Isa menjawab, “Telah tertulis, ‘Jangan mencobai Allah, Tuhanmu.’”",
Lukas,4,13,Lukas 4:13,"Setelah Iblis selesai menggoda Isa, undurlah ia dari hadapan-Nya untuk sementara waktu.",
Lukas,4,14,Lukas 4:14,"Dengan kekuatan dari Ruh Allah, Isa kembali ke Galilea. Lalu, tersiarlah kabar tentang Dia di seluruh wilayah itu.",Isa Kembali ke Galilea
Lukas,4,15,Lukas 4:15,Ia mengajar orang di rumah-rumah ibadah dan semua orang memuji Dia.,
Lukas,4,16,Lukas 4:16,"Kemudian, Isa kembali ke Nazaret, tempat Ia dibesarkan. Seperti biasanya pada hari Sabat Ia masuk ke rumah ibadah. Di situ Ia berdiri untuk membacakan Kitab Suci.",Isa Tidak Diterima di Nazaret
Lukas,4,17,Lukas 4:17,"Lalu, orang memberikan kepada-Nya kitab Nabi Yesaya. Isa membuka kitab itu dan mendapatkan ayat yang tertulis begini,",
Lukas,4,18,Lukas 4:18,"“Ruh Tuhan ada pada-Ku sebab Ia sudah melantik Aku supaya Aku memberitakan kabar baik kepada orang-orang miskin. Ia mengutus Aku untuk mengumumkan kepada orang yang tertawan bahwa mereka akan dibebaskan, kepada orang yang buta bahwa mereka akan melihat lagi, dan kepada orang yang tertindas bahwa akan ada kelepasan bagi mereka,",
Lukas,4,19,Lukas 4:19,serta mengumumkan bahwa tahun rahmat Tuhan telah tiba.”,
Lukas,4,20,Lukas 4:20,"Isa menutup kitab itu dan mengembalikannya kepada khadam, lalu duduk. Mata semua orang yang ada di rumah ibadah itu terpaku menatap Dia.",
Lukas,4,21,Lukas 4:21,"Ia mulai mengajar mereka, sabda-Nya, “Hari ini, apa yang tertulis di situ sudah terjadi, yaitu pada waktu kamu mendengarnya.”",
Lukas,4,22,Lukas 4:22,"Mereka semua memuji Dia dan heran akan ucapan-ucapan-Nya yang begitu bagus. Kata mereka, “Bukankah Ia ini anak Yusuf?”",
Lukas,4,23,Lukas 4:23,"Lalu, Isa bersabda kepada mereka, “Pasti kamu akan mengutip kata-kata ini bagi-Ku, ‘Hai tabib, sembuhkanlah diri-Mu sendiri. Lakukanlah di sini juga, di kota asal-Mu sendiri, apa yang kami dengar terjadi di Kapernaum!’”",
Lukas,4,24,Lukas 4:24,"Lalu, Ia bersabda lagi, “Sesungguhnya, Aku berkata kepadamu, tidak ada nabi yang dihargai di kota asalnya.",
Lukas,4,25,Lukas 4:25,"Sesungguhnya, Aku berkata kepadamu, pernah pada zaman Nabi Ilyas seluruh negeri Israil ditimpa bahaya kelaparan karena hujan tidak turun-turun selama tiga tahun enam bulan. Pada waktu itu ada banyak janda di sana.",
Lukas,4,26,Lukas 4:26,"Namun, Ilyas tidak diutus kepada seorang pun di antara mereka, melainkan kepada seorang janda di Sarfat, di negeri Sidon.",
Lukas,4,27,Lukas 4:27,"Begitu juga pada zaman Nabi Ilyasa ada banyak orang yang berpenyakit kusta di Israil. Namun, tidak seorang pun di antara mereka yang disembuhkan, melainkan Naaman orang Sirialah yang disembuhkan.”",
Lukas,4,28,Lukas 4:28,Semua orang yang ada di rumah ibadah itu marah sekali mendengar Isa berkata begitu.,
Lukas,4,29,Lukas 4:29,"Mereka bangkit berdiri, lalu mengusir Dia keluar kota dan membawa-Nya ke tebing gunung tempat kota itu dibangun untuk melemparkan-Nya ke bawah.",
Lukas,4,30,Lukas 4:30,"Akan tetapi, Ia berjalan di tengah-tengah mereka, lalu pergi.",
Lukas,4,31,Lukas 4:31,"Kemudian, Isa pergi ke Kapernaum, sebuah kota di Galilea. Di situ Ia mengajar orang pada hari-hari Sabat.",Isa di Rumah Ibadah di Kapernaum
Lukas,4,32,Lukas 4:32,Orang-orang merasa heran atas pengajaran-Nya karena kata-kata-Nya penuh dengan wibawa.,
Lukas,4,33,Lukas 4:33,"Di rumah ibadah itu ada seorang yang kerasukan setan. Orang itu berteriak dengan suara yang nyaring,",
Lukas,4,34,Lukas 4:34,"“Apa sangkut paut-Mu dengan kami, hai Isa orang Nazaret? Apakah Engkau datang hendak membinasakan kami? Aku tahu siapa Engkau, yaitu Yang Suci, yang datang dari Allah.”",
Lukas,4,35,Lukas 4:35,"Isa menghardiknya, “Diam, keluar dari orang ini!” Kemudian, setan itu membanting orang itu ke tengah-tengah orang banyak, lalu keluar tanpa menyakitinya.",
Lukas,4,36,Lukas 4:36,"Semua orang tercengang. Mereka berkata seorang kepada yang lain, “Hebat sekali perkataan-Nya! Dengan wibawa dan dengan kuasa yang besar Ia memerintahkan setan-setan itu keluar, dan mereka pun keluar!”",
Lukas,4,37,Lukas 4:37,"Lalu, tersebarlah berita tentang Dia ke mana-mana di sekitar wilayah itu.",
Lukas,4,38,Lukas 4:38,"Kemudian, Isa meninggalkan rumah ibadah itu dan pergi ke rumah Simon. Ibu mertua Simon sedang sakit demam tinggi. Mereka meminta kepada Isa agar Ia menolongnya.",Isa Menyembuhkan Ibu Mertua Simon Petrus dan Orang-Orang Lain
Lukas,4,39,Lukas 4:39,"Lalu, Isa berdiri di sebelah ibu itu, kemudian dihardik-Nyalah demam itu. Demam itu hilang, lalu saat itu juga ibu itu bangun dan menyambut kedatangan mereka.",
Lukas,4,40,Lukas 4:40,"Setelah matahari terbenam, dibawalah kepada Isa orang-orang yang menderita berbagai penyakit. Isa menjamah mereka masing-masing dan menyembuhkan mereka.",
Lukas,4,41,Lukas 4:41,"Setan-setan juga keluar dari banyak orang sambil berteriak, “Engkau adalah Sang Anak yang datang dari Allah.” Isa menghardik setan-setan itu dan tidak memperbolehkan mereka berbicara sebab mereka mengenal bahwa Dia adalah Al-Masih.",
Lukas,4,42,Lukas 4:42,"Ketika hari sudah siang, Isa berangkat, lalu pergi ke tempat yang sunyi. Tetapi, orang banyak mencari Dia, dan ketika mereka menemukan Dia, mereka berusaha menahan-Nya supaya Ia jangan meninggalkan mereka.",Isa Mengajar di Kota-Kota Lain
Lukas,4,43,Lukas 4:43,"Akan tetapi, Ia bersabda kepada mereka, “Aku harus memberitakan Injil Kerajaan Allah kepada orang-orang di daerah-daerah lain juga karena untuk itulah Aku diutus oleh Allah.”",
Lukas,4,44,Lukas 4:44,Demikianlah Isa memberitakan Injil di rumah-rumah ibadah di Yudea.,
Lukas,5,1,Lukas 5:1,"Pada suatu hari, Isa berdiri di tepi Danau Galilea dan orang banyak berdesak-desakan mengerumuni-Nya untuk mendengarkan firman Allah.",Penjala Ikan Menjadi Penjala Manusia
Lukas,5,2,Lukas 5:2,"Isa melihat dua perahu yang ditambatkan di tepi danau, tetapi para nelayannya sudah turun dan sedang membersihkan jala mereka.",
Lukas,5,3,Lukas 5:3,"Isa naik ke salah satu perahu itu, yaitu perahu milik Simon, lalu meminta Simon untuk mendorong perahu itu sedikit jauh dari pantai. Setelah duduk, Ia pun mengajar orang banyak itu dari perahu.",
Lukas,5,4,Lukas 5:4,"Setelah selesai berbicara, Isa bersabda kepada Simon, “Bertolaklah ke tempat yang dalam dan tebarkanlah jalamu untuk menangkap ikan.”",
Lukas,5,5,Lukas 5:5,"Simon menjawab, “Tuan, kami sudah bekerja keras sepanjang malam dan tak satu ikan pun didapat. Akan tetapi, karena Tuan yang menyuruh, maka hamba akan menebarkan jala juga.”",
Lukas,5,6,Lukas 5:6,"Lalu, mereka menebarkan jala mereka dan menangkap banyak sekali ikan sehingga jala itu mulai koyak.",
Lukas,5,7,Lukas 5:7,"Maka, mereka memanggil teman-teman mereka yang di perahu lain supaya datang membantu, lalu teman-teman mereka itu datang dan mengisi kedua perahu itu penuh dengan ikan hingga hampir tenggelam.",
Lukas,5,8,Lukas 5:8,"Setelah Simon Petrus melihat hal itu, sujudlah ia di depan Isa dan berkata, “Ya Junjungan, pergilah dariku karena aku orang berdosa.”",
Lukas,5,9,Lukas 5:9,Simon berkata begitu sebab ia dan semua orang yang bersama-sama dengannya takjub akan banyaknya ikan yang mereka dapat.,
Lukas,5,10,Lukas 5:10,"Teman-teman Simon, yaitu Yakub dan Yahya, anak-anak Zabdi, juga heran. Lalu, sabda Isa kepada Simon, “Jangan takut. Mulai saat ini engkau akan menjala orang.”",
Lukas,5,11,Lukas 5:11,"Setelah perahu-perahu itu dibawa ke darat, mereka meninggalkan semuanya, lalu mengikut Isa.",
Lukas,5,12,Lukas 5:12,"Pada suatu hari Isa berada di sebuah kota. Di situ ada seorang yang berpenyakit kusta. Ketika ia melihat Isa, sujudlah ia di hadapan-Nya dan berkata, “Tuan, jika Tuan menghendaki, Tuan dapat menahirkan aku.”",Isa Menyembuhkan Seorang yang Berpenyakit Kusta
Lukas,5,13,Lukas 5:13,"Isa mengulurkan tangan-Nya dan menyentuh dia, lalu bersabda, “Aku menghendakinya, tahirlah!” Saat itu juga lenyaplah kustanya.",
Lukas,5,14,Lukas 5:14,"Lalu, Isa bersabda kepadanya, “Jangan ceritakan hal ini kepada seorang pun, tetapi pergi dan tunjukkanlah dirimu kepada imam. Setelah itu, persembahkanlah persembahan bagi ketahiranmu seperti diperintahkan Musa supaya menjadi kesaksian bagi mereka.”",
Lukas,5,15,Lukas 5:15,"Meskipun begitu, berita mengenai Isa semakin tersebar luas ke mana-mana sehingga orang datang berbondong-bondong untuk mendengarkan Dia dan minta disembuhkan dari penyakit mereka.",
Lukas,5,16,Lukas 5:16,"Tetapi, seperti biasanya, Isa mengundurkan diri ke tempat-tempat yang sunyi dan berdoa di situ.",
Lukas,5,17,Lukas 5:17,"Pada suatu hari ketika Isa sedang mengajar, beberapa orang dari mazhab Farisi dan para ahli Kitab Suci Taurat hadir juga di situ mendengarkan Dia. Mereka datang dari semua desa di Galilea dan Yudea, serta dari Kota Yerusalem. Kuasa Tuhan ada pada-Nya sehingga Ia dapat menyembuhkan orang.",Orang Lumpuh Disembuhkan
Lukas,5,18,Lukas 5:18,Beberapa orang datang kepada-Nya membawa seorang lumpuh dengan usungan. Mereka mencari jalan untuk membawa dia masuk supaya dapat diletakkan di hadapan Isa.,
Lukas,5,19,Lukas 5:19,"Tetapi, mereka tidak dapat membawanya masuk karena begitu banyak orang di situ. Jadi, mereka naik ke atas rumah dan menurunkan dia dengan tempat tidurnya melalui atap rumah itu ke tengah-tengah orang banyak tepat di depan Isa.",
Lukas,5,20,Lukas 5:20,"Ketika Isa melihat iman mereka, bersabdalah Ia, “Saudara, dosa-dosamu sudah diampuni.”",
Lukas,5,21,Lukas 5:21,"Ahli-ahli Kitab Suci Taurat dan orang-orang dari mazhab Farisi mulai bertanya-tanya, “Siapakah orang ini? Ia menghujah Allah! Siapa yang berhak mengampuni dosa, selain Allah?”",
Lukas,5,22,Lukas 5:22,"Tetapi, ketika Isa tahu apa yang sedang mereka pertanyakan, bersabdalah Ia, “Mengapa kamu mempertanyakan soal itu di dalam hatimu?",
Lukas,5,23,Lukas 5:23,"Manakah lebih mudah dikatakan, ‘Dosamu sudah diampuni,’ atau, ‘Bangunlah dan berjalanlah’?",
Lukas,5,24,Lukas 5:24,"Akan tetapi, supaya kamu tahu bahwa di bumi ini Anak Manusia mempunyai wewenang untuk mengampuni dosa”—lalu sabda-Nya kepada orang lumpuh itu—“Aku berkata kepadamu, bangun, angkatlah tempat tidurmu dan pulanglah ke rumahmu!”",
Lukas,5,25,Lukas 5:25,"Saat itu juga, di depan mereka semua, orang itu bangun dan mengangkat tempat tidurnya, lalu pulang ke rumahnya sambil memuliakan Allah.",
Lukas,5,26,Lukas 5:26,"Semua orang heran sekali, lalu memuliakan Allah. Mereka merasa takut dan berkata, “Hari ini kita menyaksikan peristiwa-peristiwa yang ajaib!”",
Lukas,5,27,Lukas 5:27,"Setelah itu, Isa keluar dari situ dan pergi. Dilihat-Nya seorang pemungut cukai bernama Lewi duduk di tempat pembayaran cukai. Sabda Isa kepadanya, “Ikutlah Aku.”",Lewi Pemungut Cukai Mengikut Isa
Lukas,5,28,Lukas 5:28,"Lewi pun berdiri dan meninggalkan semuanya, lalu mengikut Dia.",
Lukas,5,29,Lukas 5:29,"Kemudian, Lewi membuat suatu perjamuan besar di rumahnya untuk Isa. Ada banyak pemungut cukai dan orang-orang lain yang turut makan di situ.",
Lukas,5,30,Lukas 5:30,"Orang-orang dari mazhab Farisi dan para ahli Kitab Suci Taurat melihat hal itu. Mereka bersungut-sungut dan berkata kepada para pengikut-Nya, “Mengapa kamu makan dan minum dengan para pemungut cukai dan para pendosa?”",
Lukas,5,31,Lukas 5:31,"Sabda Isa kepada mereka, “Orang-orang sehat tidak memerlukan tabib, melainkan orang-orang sakitlah yang memerlukannya.",
Lukas,5,32,Lukas 5:32,"Aku datang bukan untuk memanggil orang-orang saleh, melainkan orang-orang berdosa supaya mereka bertobat.”",
Lukas,5,33,Lukas 5:33,"Orang-orang berkata kepada Isa, “Para pengikut Yahya kerap berpuasa dan berdoa, demikian pula dengan para pengikut dari mazhab Farisi. Tetapi, para pengikut-Mu makan dan minum!”",Hal Berpuasa
Lukas,5,34,Lukas 5:34,"Sabda Isa kepada mereka, “Bolehkah sahabat-sahabat mempelai pria berpuasa selama mempelai itu masih bersama-sama dengan mereka?",
Lukas,5,35,Lukas 5:35,"Tetapi, akan tiba waktunya mempelai pria itu diambil dari antara mereka. Pada saat itu barulah mereka akan berpuasa.”",
Lukas,5,36,Lukas 5:36,"Lalu, Isa menyampaikan pula kepada mereka suatu ibarat, sabda-Nya, “Tidak seorang pun menyobek secarik kain dari baju yang baru, lalu menambalkannya pada baju yang sudah tua. Karena kalau begitu, maka baju yang baru itu akan sobek dan kain penambal dari baju itu pun tidak akan sesuai dengan baju yang sudah tua.",
Lukas,5,37,Lukas 5:37,"Demikian pula tidak seorang pun menuang air anggur yang baru ke dalam kirbat-kirbat kulit yang sudah tua. Karena kalau begitu, maka air anggur yang baru akan memecahkan kirbat-kirbat kulit yang sudah tua itu. Dengan demikian, air anggur itu akan tertumpah dan kirbat-kirbat kulitnya pun hancur.",
Lukas,5,38,Lukas 5:38,"Jadi, air anggur yang baru harus ditaruh dalam kirbat-kirbat kulit yang baru pula.",
Lukas,5,39,Lukas 5:39,"Tidak seorang pun menyukai anggur yang baru setelah ia meminum anggur yang lama karena katanya, ‘Anggur yang lama itu lebih enak.’”",
Lukas,6,1,Lukas 6:1,"Suatu kali pada hari Sabat, Isa dan para pengikut-Nya melewati ladang-ladang gandum. Para pengikut-Nya memetik bulir-bulir gandum, menggosoknya dengan tangan, lalu memakannya.",Perdebatan mengenai Hari Sabat
Lukas,6,2,Lukas 6:2,"Kemudian, orang-orang dari mazhab Farisi berkata, “Mengapa kamu berbuat sesuatu yang haram dilakukan pada hari Sabat?”",
Lukas,6,3,Lukas 6:3,"Sabda Isa kepada mereka, “Belum pernahkah kamu baca apa yang dilakukan Daud ketika ia dan orang-orang yang menyertainya kelaparan?",
Lukas,6,4,Lukas 6:4,"Ia masuk ke dalam Kemah Suci Allah dan mengambil roti sajian. Dimakannya roti itu dan diberikannya juga kepada orang-orang yang menyertainya, padahal roti itu haram bagi setiap orang, kecuali bagi imam-imam.”",
Lukas,6,5,Lukas 6:5,"Isa bersabda lagi kepada mereka, “Anak Manusia adalah Tuan atas hari Sabat.”",
Lukas,6,6,Lukas 6:6,"Pada hari Sabat yang lain, Isa masuk ke sebuah rumah ibadah, lalu mengajar. Di situ ada seorang laki-laki yang tangan kanannya lumpuh.",Isa Menyembuhkan Orang pada Hari Sabat
Lukas,6,7,Lukas 6:7,Para ahli Kitab Suci Taurat dan orang-orang dari mazhab Farisi terus saja mengintai Isa kalau-kalau Ia akan menyembuhkan orang pada hari Sabat supaya mereka dapat menemukan alasan untuk mempersalahkan-Nya.,
Lukas,6,8,Lukas 6:8,"Tetapi, Isa tahu apa yang ada dalam pikiran mereka. Karena itu, bersabdalah Isa kepada orang yang lumpuh tangannya, “Bangunlah dan berdirilah di tengah, di sini.” Maka, orang itu pun bangun dan berdiri.",
Lukas,6,9,Lukas 6:9,"Lalu, sabda Isa kepada semua orang yang ada di situ, “Aku bertanya kepadamu, mana yang diperbolehkan pada hari Sabat, berbuat baik atau berbuat jahat? Menyelamatkan nyawa orang atau membunuhnya?”",
Lukas,6,10,Lukas 6:10,"Isa memandang mereka yang ada di sekeliling-Nya, lalu bersabda kepada orang itu, “Ulurkan tanganmu.” Orang itu mengulurkan tangannya dan sembuhlah tangannya.",
Lukas,6,11,Lukas 6:11,Orang-orang di tempat itu marah sekali. Mereka berunding apa yang harus mereka lakukan terhadap Isa.,
Lukas,6,12,Lukas 6:12,Pada hari-hari itu Isa pergi ke sebuah bukit hendak memanjatkan doa. Semalam-malaman Ia berdoa di situ kepada Allah.,Isa Memilih Dua Belas Orang Pengikut-Nya
Lukas,6,13,Lukas 6:13,Keesokan paginya Ia memanggil para pengikut-Nya dan memilih dari antara mereka dua belas orang yang kemudian disebut-Nya rasul.,
Lukas,6,14,Lukas 6:14,"Mereka adalah Simon, yang digelari Petrus, Andreas saudaranya, Yakub, Yahya, Filipus, Bartolomeus,",
Lukas,6,15,Lukas 6:15,"Matius, Tomas, Yakub anak Alpius, Simon yang juga disebut orang Zelot,",
Lukas,6,16,Lukas 6:16,"Yuda saudara Yakub, dan Yudas Iskariot yang kemudian menjadi pengkhianat.",
Lukas,6,17,Lukas 6:17,"Kemudian, Isa turun bersama-sama dengan mereka dan berhenti di sebuah tempat yang rata. Di situ ada sejumlah besar pengikut-Nya dan juga banyak orang lain yang datang dari seluruh Yudea, Yerusalem, serta daerah pesisir Tirus dan Sidon.",Isa Mengajar dan Menyembuhkan Banyak Orang
Lukas,6,18,Lukas 6:18,Mereka datang untuk mendengarkan Dia dan untuk minta disembuhkan dari penyakit mereka. Orang-orang yang diganggu oleh setan-setan juga datang dan disembuhkan.,
Lukas,6,19,Lukas 6:19,Semua orang berusaha menyentuh-Nya sebab dari diri-Nya keluar kuasa yang menyembuhkan mereka semua.,
Lukas,6,20,Lukas 6:20,"Isa memandang para pengikut-Nya dan bersabda, “Berbahagialah, hai kamu yang miskin, karena kamu memiliki Kerajaan Allah.",Berkah dan Peringatan
Lukas,6,21,Lukas 6:21,"Berbahagialah, hai kamu yang sekarang ini lapar, karena kamu akan dikenyangkan. Berbahagialah, hai kamu yang sekarang ini menangis, karena kamu akan tertawa.",
Lukas,6,22,Lukas 6:22,"Berbahagialah kamu jika karena Anak Manusia, orang membenci kamu, mengucilkan kamu, mencemooh kamu, dan berkata bahwa kamu jahat.",
Lukas,6,23,Lukas 6:23,Bersukaria dan bergembiralah pada waktu itu sebab pahalamu besar di surga. Demikian jugalah nenek moyang mereka memperlakukan para nabi.,
Lukas,6,24,Lukas 6:24,"Tetapi, celakalah, hai kamu yang kaya, karena kamu sudah mendapat penghiburan.",
Lukas,6,25,Lukas 6:25,"Celakalah, hai kamu yang sekarang ini kenyang, karena kamu akan lapar. Celakalah, hai kamu yang sekarang ini tertawa, karena kamu akan berduka dan menangis.",
Lukas,6,26,Lukas 6:26,Celakalah kamu apabila semua orang memuji kamu karena demikian jugalah nenek moyang mereka memperlakukan nabi-nabi palsu.”,
Lukas,6,27,Lukas 6:27,"“Tetapi, kepada kamu yang mendengarkan kata-kata-Ku, Aku berkata: Kasihilah orang yang menyeterui kamu dan berbuatlah baik kepada orang yang membenci kamu.",Kasihilah Musuhmu
Lukas,6,28,Lukas 6:28,Mintalah berkah dari Allah untuk orang yang mengutuk kamu dan berdoalah bagi orang yang menganiaya kamu.,
Lukas,6,29,Lukas 6:29,"Kalau orang menampar pipimu yang satu, berikanlah juga pipimu yang sebelah lagi. Kalau orang mengambil bajumu, biarkanlah dia mengambil juga jubahmu.",
Lukas,6,30,Lukas 6:30,Berilah kepada semua orang yang meminta kepadamu dan jangan meminta kembali barang-barang kepunyaanmu yang diambil orang.,
Lukas,6,31,Lukas 6:31,Perbuatlah terhadap orang lain apa yang kamu kehendaki mereka perbuat terhadapmu.,
Lukas,6,32,Lukas 6:32,"Jika kamu hanya mengasihi orang yang mengasihi kamu, apa kelebihanmu? Orang-orang berdosa pun mengasihi orang-orang yang mengasihi mereka.",
Lukas,6,33,Lukas 6:33,"Jika kamu berbuat baik hanya kepada orang yang berbuat baik kepadamu, apa kelebihanmu? Orang-orang berdosa pun melakukan hal yang sama.",
Lukas,6,34,Lukas 6:34,"Jika kamu memberi pinjaman kepada orang dan kamu berharap mendapatkannya kembali, apa kelebihanmu? Orang-orang berdosa pun memberikan pinjaman kepada orang-orang berdosa, dan berharap mendapatkan kembali sebanyak yang mereka pinjamkan.",
Lukas,6,35,Lukas 6:35,"Tetapi sebaliknya, kasihilah orang-orang yang menyeterui kamu. Berbuat baiklah kepada mereka dan pinjamkanlah tanpa mengharapkan balasan maka pahalamu akan besar dan kamu akan menjadi anak-anak Tuhan Yang Mahatinggi. Karena Ia murah hati terhadap orang yang tidak tahu berterima kasih, juga terhadap orang yang jahat.",
Lukas,6,36,Lukas 6:36,"Jadi, hendaklah kamu pun berbelaskasihan, seperti Bapamu juga berbelaskasihan.”",
Lukas,6,37,Lukas 6:37,“Jangan menghakimi maka kamu pun tidak akan dihakimi. Jangan menghukum orang maka kamu pun tidak akan dihukum. Ampunilah maka kamu pun akan diampuni.,Hal Menghakimi
Lukas,6,38,Lukas 6:38,"Berilah maka kamu pun akan diberi. Kamu akan menerima takaran yang baik, yang digoncang-goncangkan sampai padat betul, bahkan melimpah keluar sampai jatuh ke dalam kain gendonganmu. Demikianlah yang akan kamu terima. Sebab takaran yang kamu pakai untuk orang lain, itulah yang akan dipakaikan bagimu.”",
Lukas,6,39,Lukas 6:39,"Kemudian, Isa menyampaikan lagi sebuah ibarat yang lain kepada mereka, sabda-Nya, “Dapatkah orang buta menuntun orang buta? Bukankah keduanya akan jatuh ke dalam lubang?",
Lukas,6,40,Lukas 6:40,"Seorang murid tidak akan lebih daripada gurunya, tetapi orang yang sudah menyelesaikan pelajarannya akan menjadi sama dengan gurunya.",
Lukas,6,41,Lukas 6:41,"Mengapa engkau melihat serbuk kayu dalam mata saudaramu, padahal balok kayu dalam matamu sendiri tidak kausadari?",
Lukas,6,42,Lukas 6:42,"Mana mungkin engkau dapat berkata kepada saudaramu itu, ‘Mari, Saudara, aku keluarkan serbuk kayu dari matamu,’ padahal balok kayu yang ada dalam matamu sendiri tidak kaulihat? Hai orang munafik, keluarkanlah dahulu balok kayu itu dari matamu, kemudian barulah engkau dapat melihat dengan jelas untuk mengeluarkan serbuk kayu dari mata saudaramu itu.”",
Lukas,6,43,Lukas 6:43,"“Pohon yang baik tidak mungkin menghasilkan buah yang tidak baik. Sebaliknya, pohon yang tidak baik tidak mungkin menghasilkan buah yang baik.",Pohon dan Buahnya
Lukas,6,44,Lukas 6:44,Setiap pohon dikenal dari buahnya. Orang tidak memetik buah ara dari semak duri atau memetik buah anggur dari tumbuhan berduri lainnya.,
Lukas,6,45,Lukas 6:45,Orang baik mengeluarkan hal-hal yang baik dari dalam perbendaharaan hatinya yang baik. Orang jahat mengeluarkan hal-hal yang jahat dari perbendaharaan hatinya yang jahat. Sebab apa yang diucapkan oleh mulut meluap dari hati.”,
Lukas,6,46,Lukas 6:46,"“Mengapa kamu memanggil Aku, ‘Ya Junjungan kami, ya Junjungan kami,’ tetapi tidak melakukan apa yang Kukatakan?",Dua Macam Dasar
Lukas,6,47,Lukas 6:47,"Setiap orang yang datang kepada-Ku serta mendengarkan perkataan-Ku dan melakukannya, Aku akan mengatakan kepadamu dengan apakah ia dapat disamakan.",
Lukas,6,48,Lukas 6:48,"Ia seperti orang yang membangun rumah. Digalinya tanahnya dalam-dalam dan diletakkannya alasnya di atas dasar yang kuat. Ketika banjir datang dan menerpa rumah itu, rumah itu tidak bisa digoyahkan sebab dibangun di atas dasar yang kuat.",
Lukas,6,49,Lukas 6:49,"Tetapi, orang yang mendengar perkataan-Ku dan tidak melakukannya, sama seperti orang yang membangun rumahnya tanpa dasar yang kuat. Ketika banjir datang dan menerpa rumah itu, rumah itu langsung roboh dan kerusakannya besar sekali.”",
Lukas,7,1,Lukas 7:1,"Setelah Isa selesai berbicara di hadapan orang banyak yang mendengarkan-Nya, pergilah Ia ke Kapernaum.",Isa Menyembuhkan Hamba Seorang Perwira di Kapernaum
Lukas,7,2,Lukas 7:2,Di situ ada seorang perwira yang mempunyai hamba yang sangat dihargainya. Hamba itu sedang sakit keras dan hampir mati.,
Lukas,7,3,Lukas 7:3,"Ketika perwira itu mendengar tentang Isa, ia mengutus beberapa tua-tua bani Israil kepada-Nya. Mereka diutus untuk meminta agar Isa datang dan menyembuhkan hambanya.",
Lukas,7,4,Lukas 7:4,"Setelah tua-tua bani Israil itu bertemu dengan Isa, mereka minta dengan sangat supaya Ia mau menolong perwira itu. Kata mereka, “Ya Junjungan, perwira itu patut ditolong.",
Lukas,7,5,Lukas 7:5,Ia mengasihi bangsa kita. Dialah yang membangun rumah ibadah kami.”,
Lukas,7,6,Lukas 7:6,"Lalu, Isa pun pergi dengan mereka. Ketika mereka sudah tidak seberapa jauh lagi dari rumah itu, perwira itu mengutus beberapa orang sahabatnya kepada Isa dengan pesan, “Ya Junjungan, tidak perlu Junjungan menyusahkan diri. Lagi pula, aku tidak layak menerima Junjungan di rumahku.",
Lukas,7,7,Lukas 7:7,"Bahkan aku sendiri pun tidak layak menghadap Junjungan. Tetapi, katakanlah sepatah kata saja demi kesembuhan hambaku itu.",
Lukas,7,8,Lukas 7:8,"Karena aku pun seorang bawahan, dan di bawahku pun ada prajurit-prajurit. Jika aku berkata kepada salah satu dari mereka, ‘Pergi,’ ia segera pergi; jika aku berkata kepada yang lainnya, ‘Kemari,’ ia segera datang; dan jika aku berkata kepada hambaku, ‘Kerjakan ini,’ ia segera mengerjakannya.”",
Lukas,7,9,Lukas 7:9,"Mendengar hal itu Isa merasa heran. Ia menoleh kepada orang banyak yang sedang mengikuti-Nya, lalu bersabda, “Aku berkata kepadamu, belum pernah Kutemukan iman yang demikian ini, bahkan di antara bani Israil sekalipun.”",
Lukas,7,10,Lukas 7:10,Orang-orang yang diutus itu kembali ke rumah perwira itu dan mendapati hamba itu sudah sembuh.,
Lukas,7,11,Lukas 7:11,"Tidak lama kemudian, Isa pergi ke sebuah kota yang bernama Nain, disertai para pengikut-Nya dan banyak sekali orang.",Isa Menghidupkan Kembali Seorang Anak Muda di Nain
Lukas,7,12,Lukas 7:12,"Ketika sudah dekat gerbang kota itu, ada iring-iringan orang yang sedang keluar mengusung jenazah seorang anak laki-laki, anak tunggal seorang janda. Banyak orang dari kota itu turut mengantar janda itu.",
Lukas,7,13,Lukas 7:13,"Ketika Isa, Sang Junjungan, melihat ibu itu, Ia merasa iba terhadapnya. Sabda-Nya, “Jangan menangis.”",
Lukas,7,14,Lukas 7:14,"Lalu, Ia mendekati usungan itu dan menyentuhnya. Maka, orang-orang yang membawa usungan itu pun berhenti. Isa bersabda, “Hai orang muda, Aku berkata kepadamu, bangunlah!”",
Lukas,7,15,Lukas 7:15,"Orang mati itu hidup kembali, lalu duduk dan berbicara. Kemudian, Isa menyerahkan dia kepada ibunya.",
Lukas,7,16,Lukas 7:16,"Semua yang ada di situ menjadi takut dan memuliakan Allah. Mereka berkata, “Seorang nabi besar telah muncul di antara kita.” Mereka juga berkata, “Allah telah datang melawat umat-Nya.”",
Lukas,7,17,Lukas 7:17,"Maka, berita mengenai Isa pun tersebar ke mana-mana di seluruh wilayah Yudea dan daerah-daerah sekitarnya.",
Lukas,7,18,Lukas 7:18,"Ketika para pengikut Yahya menceritakan kepadanya semua peristiwa itu,",Nabi Yahya Mengutus Orang kepada Isa
Lukas,7,19,Lukas 7:19,"ia memanggil dua orang di antara mereka dan mengutus mereka kepada Isa, Sang Junjungan, untuk bertanya, “Engkaukah yang akan datang itu atau kami masih harus menunggu yang lain?”",
Lukas,7,20,Lukas 7:20,"Setelah kedua orang itu sampai kepada Isa, mereka berkata, “Yahya mengutus kami kepada Tuan untuk bertanya, ‘Engkaukah yang akan datang itu atau kami masih harus menunggu yang lain?’”",
Lukas,7,21,Lukas 7:21,Pada waktu itu Isa sedang menyembuhkan banyak orang dari segala macam penyakit dan penderitaan. Ia juga menyembuhkan orang-orang yang kerasukan setan-setan dan membuat banyak orang buta dapat melihat.,
Lukas,7,22,Lukas 7:22,"Kemudian, sabda Isa kepada utusan-utusan Yahya itu, “Pergi dan beritahukan kepada Yahya segala sesuatu yang telah kamu lihat dan kamu dengar: Orang buta melihat, orang lumpuh berjalan, orang kusta menjadi tahir karena sembuh, orang tuli mendengar, orang mati dihidupkan kembali, dan Injil diberitakan kepada orang-orang miskin.",
Lukas,7,23,Lukas 7:23,Berbahagialah orang yang tidak meragukan Aku.”,
Lukas,7,24,Lukas 7:24,"Setelah utusan-utusan Nabi Yahya itu pergi, mulailah Isa berbicara tentang Yahya kepada orang banyak itu. Sabda-Nya, “Untuk apakah kamu pergi ke padang belantara? Untuk melihat serumpun buluh yang bergoyang-goyang karena ditiup angin?",
Lukas,7,25,Lukas 7:25,"Lalu, apa maksud kepergianmu itu? Untuk melihat orang yang memakai pakaian indahkah? Orang yang berpakaian demikian dan yang hidup mewah tinggal di istana-istana raja.",
Lukas,7,26,Lukas 7:26,"Jadi, untuk apa kamu pergi ke sana? Untuk melihat seorang nabikah? Benar, dan Aku berkata kepadamu, ia bahkan lebih daripada sekadar seorang nabi.",
Lukas,7,27,Lukas 7:27,"Mengenai dia telah tertulis dalam Kitab Suci, ‘Lihat, Aku menyuruh utusan-Ku mendahului Engkau. Dialah yang akan mempersiapkan jalan bagi-Mu.’",
Lukas,7,28,Lukas 7:28,"Aku berkata kepadamu, di antara mereka yang dilahirkan perempuan, tidak ada seorang pun yang lebih besar daripada Yahya. Meskipun demikian, orang yang terkecil dalam Kerajaan Allah lebih besar daripada dia.”",
Lukas,7,29,Lukas 7:29,(Semua orang yang ada di situ termasuk para pemungut cukai yang mendengar sabda Isa itu mengakui kebenaran Allah karena mereka sudah dipermandikan oleh Yahya.,
Lukas,7,30,Lukas 7:30,"Tetapi, orang-orang dari mazhab Farisi dan para ahli Kitab Suci Taurat menolak apa yang Allah kehendaki bagi mereka karena sebelumnya mereka tidak mau dipermandikan oleh Yahya.)",
Lukas,7,31,Lukas 7:31,"Isa bersabda lagi, “Dengan apakah generasi ini akan Kusamakan dan siapakah yang sama dengan mereka?",
Lukas,7,32,Lukas 7:32,"Mereka ini seperti anak-anak yang duduk-duduk di pasar dan berseru kepada kawan-kawan mereka, ‘Kami meniup seruling untukmu, tetapi kamu tidak menari. Kami melantunkan nyanyian ratapan, tetapi kamu tidak berduka.’",
Lukas,7,33,Lukas 7:33,"Karena Yahya datang, ia tidak makan roti dan minum anggur, lalu kamu berkata, ‘Ia kerasukan setan.’",
Lukas,7,34,Lukas 7:34,"Datang pula Anak Manusia, Ia makan dan minum, lalu kamu berkata, ‘Lihatlah, si rakus, peminum anggur, sahabat para pemungut cukai dan para pendosa.’",
Lukas,7,35,Lukas 7:35,"Namun, hikmah terbukti benar melalui orang-orang yang menerimanya.”",
Lukas,7,36,Lukas 7:36,"Seorang dari mazhab Farisi mengundang Isa makan di rumahnya. Maka, pergilah Isa ke rumah orang itu dan makan di situ.","Isa di Rumah Simon, Seorang dari Mazhab Farisi"
Lukas,7,37,Lukas 7:37,"Di kota itu ada seorang perempuan yang terkenal karena perbuatannya yang berdosa. Ia mendengar bahwa Isa sedang makan di rumah orang dari mazhab Farisi itu. Lalu, datanglah ia ke rumah itu dengan membawa sebuah buli-buli pualam berisi minyak wangi.",
Lukas,7,38,Lukas 7:38,"Sambil menangis ia berdiri di belakang Isa, dekat kaki-Nya. Air matanya jatuh membasahi kaki Isa, lalu ia menyekanya dengan rambutnya dan menciumnya, serta meminyakinya dengan minyak wangi.",
Lukas,7,39,Lukas 7:39,"Melihat hal itu, orang dari mazhab Farisi yang mengundang Isa makan di rumahnya itu berkata dalam hatinya, “Kalau orang ini sungguh-sungguh nabi, pasti Ia tahu siapa perempuan itu dan perempuan macam apa dia sebab perempuan itu orang berdosa.”",
Lukas,7,40,Lukas 7:40,"Lalu, Isa bersabda kepada orang dari mazhab Farisi itu, “Simon, aku ingin mengatakan sesuatu kepadamu.” Jawab Simon, “Katakanlah, ya Guru.”",
Lukas,7,41,Lukas 7:41,"Sabda Isa, “Ada dua orang berutang kepada seseorang yang biasa meminjamkan uangnya. Yang seorang berutang lima ratus uang dinar, dan yang satu lagi berutang lima puluh.",
Lukas,7,42,Lukas 7:42,"Karena kedua orang itu tidak mempunyai sesuatu untuk membayar utang mereka, maka orang yang memberi pinjaman itu membebaskan mereka dari utang-utang mereka. Manakah dari antara kedua orang yang berutang itu yang lebih mengasihi orang yang menghapuskan utang mereka itu?”",
Lukas,7,43,Lukas 7:43,"Simon menjawab, “Menurut pendapatku, orang yang lebih banyak dihapuskan utangnya.” Sabda Isa, “Benar sekali jawabanmu itu.”",
Lukas,7,44,Lukas 7:44,"Lalu, Ia menoleh kepada perempuan itu sambil bersabda kepada Simon, “Simon, engkau lihat apa yang dilakukan perempuan ini? Ketika Aku masuk ke rumahmu, engkau tidak memberikan air untuk membasuh kaki-Ku, tetapi perempuan ini membasuh kaki-Ku dengan air matanya dan menyekanya dengan rambutnya.",
Lukas,7,45,Lukas 7:45,"Engkau tidak menyambut Aku dengan ciuman, tetapi sejak Aku masuk di sini perempuan ini tidak henti-hentinya mencium kaki-Ku.",
Lukas,7,46,Lukas 7:46,"Engkau pun tidak meminyaki kepala-Ku, tetapi ia meminyaki kaki-Ku dengan minyak wangi.",
Lukas,7,47,Lukas 7:47,"Oleh karena itu, Aku berkata kepadamu, karena dosa-dosanya yang banyak itu sudah diampuni, maka banyak pula ia berbuat kasih. Akan tetapi, orang yang diampuni dari dosanya yang sedikit, sedikit pula ia berbuat kasih.”",
Lukas,7,48,Lukas 7:48,"Lalu, bersabdalah Isa kepada perempuan itu, “Dosa-dosamu sudah diampuni.”",
Lukas,7,49,Lukas 7:49,"Semua yang makan di situ bersama Isa berkata dalam hati mereka, “Siapakah orang ini sehingga Ia dapat mengampuni dosa-dosa?”",
Lukas,7,50,Lukas 7:50,"Lalu, bersabdalah Isa kepada perempuan itu, “Imanmu telah menyelamatkan engkau. Pergilah dengan sejahtera.”",
Lukas,8,1,Lukas 8:1,"Tidak lama kemudian, Isa pergi ke kota-kota dan desa-desa untuk memberitakan Injil tentang Kerajaan Allah. Kedua belas pengikut-Nya turut bersama-sama dengan-Nya,",Perempuan-Perempuan yang Membantu Isa dalam Pelayanan-Nya
Lukas,8,2,Lukas 8:2,"begitu juga beberapa perempuan yang sudah dilepaskan dari kuasa ruh-ruh jahat dan dari berbagai penyakit. Perempuan-perempuan itu ialah Maryam yang disebut orang Magdala (dari dalam dirinya pernah dikeluarkan tujuh setan),",
Lukas,8,3,Lukas 8:3,"Yohanah, istri Khuza (pengurus keuangan Herodes), Susana, dan banyak perempuan lain. Dengan harta mereka, perempuan-perempuan ini membantu rombongan Isa dan pengikut-pengikut-Nya.",
Lukas,8,4,Lukas 8:4,"Banyak orang berbondong-bondong datang kepada Isa dari berbagai kota. Ketika sejumlah besar orang berkumpul di sekeliling-Nya, Ia menyampaikan kepada mereka ibarat yang berikut ini.",Ibarat tentang Seorang Penabur
Lukas,8,5,Lukas 8:5,"“Ada seorang penabur yang pergi untuk menabur benihnya. Pada waktu benih itu ditabur, sebagian jatuh di tepi jalan, lalu dipijak-pijak orang dan burung-burung pun memakannya sampai habis.",
Lukas,8,6,Lukas 8:6,"Kemudian, sebagian lagi jatuh di tempat yang berbatu-batu. Benih itu pun tumbuh, tetapi kemudian menjadi kering karena tanahnya kurang mengandung air.",
Lukas,8,7,Lukas 8:7,"Lalu, yang sebagian lagi jatuh ke tengah-tengah semak duri. Semak-semak itu tumbuh bersama-sama dengan benih itu, lalu mengimpitnya.",
Lukas,8,8,Lukas 8:8,"Sedangkan benih-benih lainnya jatuh di tanah yang baik, lalu tumbuh dan menghasilkan buah seratus kali lipat.” Setelah Isa bersabda demikian, berserulah Ia dengan suara nyaring, “Siapa bertelinga, dengarlah!”",
Lukas,8,9,Lukas 8:9,"Para pengikut Isa bertanya kepada-Nya, “Apa arti dari ibarat itu?”",
Lukas,8,10,Lukas 8:10,"Sabda Isa, “Kepadamu diberikan anugerah untuk mengetahui rahasia-rahasia Kerajaan Allah. Tetapi sebaliknya, kepada orang-orang lain hal itu disampaikan hanya melalui ibarat. Maksudnya ialah supaya meskipun mereka melihat, mereka tidak memperhatikan, dan meskipun mereka mendengar, mereka tidak memahami.”",
Lukas,8,11,Lukas 8:11,"Isa bersabda, “Inilah arti dari ibarat itu. Benih itu adalah firman Allah.",Isa Menjelaskan Arti dari Ibarat-Nya
Lukas,8,12,Lukas 8:12,"Benih-benih yang jatuh di tepi jalan menceritakan tentang orang-orang yang mendengar firman, tetapi kemudian Iblis datang dan mengambil firman itu dari dalam hati mereka supaya mereka jangan percaya dan diselamatkan.",
Lukas,8,13,Lukas 8:13,"Kemudian, benih-benih yang jatuh di tempat berbatu-batu menceritakan tentang orang-orang yang mendengar firman dan menerimanya dengan gembira, tetapi firman itu tidak berakar di hati mereka. Mereka hanya percaya untuk sementara waktu, dan pada waktu kesusahan datang, mereka pun segera murtad.",
Lukas,8,14,Lukas 8:14,"Lalu, benih-benih yang jatuh di antara semak duri menceritakan tentang orang-orang yang mendengar firman, tetapi dalam menjalani kehidupannya mereka terimpit oleh kekhawatiran, kekayaan, dan kenikmatan hidup sehingga mereka tidak menghasilkan buah yang matang.",
Lukas,8,15,Lukas 8:15,"Sedangkan benih-benih yang jatuh di tanah yang baik menceritakan tentang orang-orang yang mendengar firman, lalu menyimpannya di dalam hati secara layak dan baik sehingga dalam ketekunan mereka menghasilkan buah.”",
Lukas,8,16,Lukas 8:16,"“Tidak ada orang yang menyalakan pelita, kemudian menutupnya dengan tempayan atau menaruhnya di bawah tempat tidur. Tetapi sebaliknya, orang akan menaruhnya pada kaki pelita supaya mereka yang masuk ke dalam rumah dapat melihat terangnya.",Ibarat tentang Pelita
Lukas,8,17,Lukas 8:17,"Karena tidak ada sesuatu yang tersembunyi yang tidak akan dinyatakan, dan tidak ada satu rahasia pun yang tidak akan diketahui dan dinyatakan.",
Lukas,8,18,Lukas 8:18,"Sebab itu, perhatikanlah baik-baik bagaimana cara kamu mendengar. Karena siapa mempunyai, kepadanya akan ditambahkan, tetapi siapa tidak mempunyai, apa yang menurutnya dimilikinya pun akan diambil kembali.”",
Lukas,8,19,Lukas 8:19,"Kemudian, ibu dan saudara-saudara Isa datang untuk menemui-Nya, tetapi mereka tidak dapat bertemu dengan Dia karena begitu banyak orang di situ.",Isa dengan Ibu dan Saudara-saudara-Nya
Lukas,8,20,Lukas 8:20,"Lalu, orang memberitahukan kepada Isa, “Ibu-Mu dan saudara-saudara-Mu ada di luar, ingin menemui Engkau.”",
Lukas,8,21,Lukas 8:21,"Sabda Isa, “Ibu-Ku dan saudara-saudara-Ku adalah mereka yang mendengarkan firman Allah dan melakukannya.”",
Lukas,8,22,Lukas 8:22,"Pada suatu hari, Isa bersama para pengikut-Nya naik ke sebuah perahu. Isa bersabda, “Mari kita pergi ke seberang danau.” Mereka pun berlayar ke seberang.",Isa Meredakan Angin Ribut
Lukas,8,23,Lukas 8:23,"Sementara mereka berlayar, Isa tertidur. Tiba-tiba datang angin ribut yang kencang sekali. Air masuk membanjiri perahu itu dan mereka semua berada dalam bahaya.",
Lukas,8,24,Lukas 8:24,"Lalu, para pengikut-Nya datang membangunkan Dia. Kata mereka kepada-Nya, “Ya Junjungan, ya Junjungan, kita binasa!” Isa pun bangun. Dihardik-Nya angin dan gelombang air danau itu, lalu angin dan gelombang pun reda, dan danau menjadi teduh.",
Lukas,8,25,Lukas 8:25,"Isa bersabda kepada mereka, “Di manakah imanmu?” Mereka semua merasa heran dan takut, lalu kata yang satu kepada lainnya, “Siapakah orang ini sehingga angin dan air pun menuruti perintah-Nya?”",
Lukas,8,26,Lukas 8:26,"Setelah Isa dan pengikut-pengikut-Nya berlayar, sampailah mereka di daerah orang Gerasa yang terletak di seberang Galilea.",Isa Menyembuhkan Seorang yang Dikuasai Setan
Lukas,8,27,Lukas 8:27,"Pada waktu Isa turun ke darat, Ia didatangi oleh seorang laki-laki dari kota itu yang dikuasai oleh setan-setan. Sudah lama orang itu tidak berpakaian dan tidak tinggal di dalam rumah, melainkan di pemakaman.",
Lukas,8,28,Lukas 8:28,"Ketika orang itu melihat Isa, berteriaklah ia, lalu sujud di hadapan-Nya. Dengan suara yang nyaring ia berkata, “Apa sangkut paut-Mu dengan aku, hai Isa, Sang Anak yang datang dari Allah Yang Mahatinggi? Aku mohon kepada-Mu, jangan mengazab aku!”",
Lukas,8,29,Lukas 8:29,"Ia berkata begitu karena sebelumnya Isa memerintahkan agar setan itu keluar dari dirinya. Sering sekali setan itu menguasai dia sehingga untuk menjaganya ia dipasung dan dirantai. Namun, rantai-rantai itu diputuskannya, lalu di bawah pengaruh setan ia pergi ke tempat-tempat sunyi.",
Lukas,8,30,Lukas 8:30,"Sabda Isa kepadanya, “Siapa namamu?” Jawabnya, “Legiun,” sebab banyak sekali setan yang masuk ke dalam diri orang itu.",
Lukas,8,31,Lukas 8:31,Setan-setan itu minta dengan sangat supaya Isa tidak memerintahkan mereka masuk ke jurang maut.,
Lukas,8,32,Lukas 8:32,Tidak jauh dari tempat itu ada sekawanan besar babi yang sedang mencari makan di lereng gunung. Setan-setan itu meminta kepada Isa supaya mereka diizinkan memasuki babi-babi itu dan Isa pun meluluskan permintaan mereka.,
Lukas,8,33,Lukas 8:33,"Lalu, setan-setan itu keluar dari orang itu dan memasuki babi-babi itu. Kawanan babi itu terjun dari tepi tebing bukit ke dalam danau, lalu mati lemas.",
Lukas,8,34,Lukas 8:34,"Pada waktu para gembala babi-babi itu melihat apa yang telah terjadi, mereka lari dan memberitahukan hal itu ke kota dan ke desa-desa di sekitarnya.",
Lukas,8,35,Lukas 8:35,Orang-orang pun berdatangan untuk melihat apa yang terjadi. Mereka mendatangi Isa dan mereka mendapati orang yang sudah ditinggalkan oleh setan-setan itu duduk di dekat kaki Isa. Ia sudah berpakaian dan sudah waras. Mereka pun menjadi takut.,
Lukas,8,36,Lukas 8:36,Orang-orang yang menyaksikan peristiwa itu menceritakan kepada mereka bagaimana orang yang tadinya dikuasai setan itu disembuhkan.,
Lukas,8,37,Lukas 8:37,"Lalu, masyarakat di seluruh daerah Gerasa meminta kepada Isa supaya Ia meninggalkan tempat mereka itu sebab mereka dicekam oleh rasa takut. Oleh karena itu, Isa naik ke dalam perahu dan meninggalkan tempat itu.",
Lukas,8,38,Lukas 8:38,"Orang yang sudah dibebaskan dari setan-setan itu meminta dengan sangat kepada Isa supaya ia diperbolehkan ikut, tetapi Isa menyuruhnya pulang. Sabda Isa kepadanya,",
Lukas,8,39,Lukas 8:39,"“Pulanglah ke rumahmu dan beritakanlah apa yang telah dilakukan Allah kepadamu.” Jadi, orang itu pulang dan menceritakan di mana-mana di seluruh kota itu segala hal yang telah dilakukan Isa kepadanya.",
Lukas,8,40,Lukas 8:40,"Pada waktu Isa sampai di seberang danau, orang banyak menyambut Dia sebab mereka sudah menunggu-nunggu kedatangan-Nya.",Anak Perempuan Yairus dan Perempuan yang Sakit Pendarahan
Lukas,8,41,Lukas 8:41,"Lalu, datanglah seorang laki-laki bernama Yairus, kepala rumah ibadah. Ia sujud di hadapan Isa dan meminta dengan sangat supaya Isa mau datang ke rumahnya",
Lukas,8,42,Lukas 8:42,"sebab anaknya yang perempuan sakit keras dan hampir mati. Anak itu adalah anak perempuan satu-satunya, umurnya kurang lebih dua belas tahun. Dalam perjalanan menuju ke rumah Yairus, Isa dikerumuni oleh banyak sekali orang yang berdesak-desakan.",
Lukas,8,43,Lukas 8:43,"Di antara orang banyak itu ada seorang perempuan yang sudah dua belas tahun menderita sakit pendarahan. Ia sudah menghabiskan biaya dan semua hartanya untuk berobat ke tabib-tabib, tetapi tidak seorang pun dapat menyembuhkan penyakitnya.",
Lukas,8,44,Lukas 8:44,"Didekatinya Isa dari arah belakang, lalu disentuhnyalah jumbai jubah-Nya, dan saat itu juga pendarahannya berhenti.",
Lukas,8,45,Lukas 8:45,"Sabda Isa, “Siapa yang menyentuh jubah-Ku?” Ketika tidak seorang pun mengaku, Petrus berkata, “Ya Junjungan, bukankah orang banyak ini berdesak-desakan mengerumuni Engkau?”",
Lukas,8,46,Lukas 8:46,"Sabda Isa, “Ada orang yang telah menyentuh Aku sebab Aku merasa ada kekuatan yang keluar dari diri-Ku.”",
Lukas,8,47,Lukas 8:47,"Perempuan itu melihat bahwa apa yang dilakukannya tidak dapat disembunyikan. Jadi, dengan gemetar ia maju dan sujud di hadapan-Nya. Lalu, di depan semua orang yang ada di situ ia menceritakan kepada Isa mengapa ia menyentuh jubah-Nya dan bahwa ia menjadi sembuh saat itu juga.",
Lukas,8,48,Lukas 8:48,"Sabda Isa kepadanya, “Hai anak-Ku, imanmu telah menyembuhkanmu. Pulanglah dengan sejahtera!”",
Lukas,8,49,Lukas 8:49,"Sementara Isa berbicara, datanglah orang-orang suruhan dari keluarga kepala rumah ibadah itu. Mereka berkata, “Anakmu sudah meninggal. Tidak usah lagi menyusahkan Guru.”",
Lukas,8,50,Lukas 8:50,"Perkataan itu didengar oleh Isa. Lalu, sabda-Nya kepada kepala rumah ibadah itu, “Jangan takut. Percayalah, anakmu akan sembuh!”",
Lukas,8,51,Lukas 8:51,"Setelah tiba di rumah Yairus, Isa tidak mengizinkan orang-orang masuk bersama-Nya, kecuali Petrus, Yahya, Yakub, dan ayah ibu dari anak itu.",
Lukas,8,52,Lukas 8:52,"Semua orang menangis dan meratapi anak itu. Akan tetapi, Isa bersabda kepada mereka, “Jangan meratapinya. Anak ini tidak mati, tetapi tidur.”",
Lukas,8,53,Lukas 8:53,Mereka menertawakan-Nya karena mereka tahu anak itu sudah meninggal.,
Lukas,8,54,Lukas 8:54,"Kemudian, Ia memegang tangan anak itu dan bersabda, “Hai anak, bangunlah!”",
Lukas,8,55,Lukas 8:55,"Maka, kembalilah nyawa anak itu dan pada saat itu juga ia bangun. Isa menyuruh mereka memberi makan kepadanya.",
Lukas,8,56,Lukas 8:56,"Ayah dan ibu anak itu heran, tetapi Isa bersabda, “Jangan beritahukan hal ini kepada siapa pun.”",
Lukas,9,1,Lukas 9:1,"Isa memanggil kedua belas pengikut-Nya, lalu memberikan kepada mereka kuasa dan wewenang atas semua setan dan untuk menyembuhkan berbagai penyakit.",Isa Mengutus Dua Belas Pengikut-Nya
Lukas,9,2,Lukas 9:2,Diutus-Nya mereka pergi untuk memberitakan Kerajaan Allah serta menyembuhkan orang sakit.,
Lukas,9,3,Lukas 9:3,"Sabda-Nya kepada mereka, “Jangan bawa apa pun dalam perjalananmu. Jangan bawa tongkat, tempat bekal, makanan, uang, atau dua rangkap pakaian.",
Lukas,9,4,Lukas 9:4,"Apabila kamu masuk ke rumah seseorang, tinggallah di situ sampai kamu pergi dari tempat itu.",
Lukas,9,5,Lukas 9:5,"Jika ada orang yang tidak menerima kamu, pergilah dari kota itu dan kebaskanlah debu dari kakimu untuk menjadi kesaksian bagi mereka.”",
Lukas,9,6,Lukas 9:6,"Lalu, pengikut-pengikut Isa berangkat dan pergi ke semua desa. Mereka memberitakan Injil dan menyembuhkan orang sakit di mana-mana.",
Lukas,9,7,Lukas 9:7,"Herodes, raja wilayah, mendengar tentang semua yang sudah terjadi. Lalu, ia merasa bingung sebab orang berkata bahwa Yahya hidup kembali dari antara orang mati.",Herodes Bingung tentang Isa
Lukas,9,8,Lukas 9:8,"Ada juga yang berkata, “Ilyas menampakkan diri,” sedangkan yang lain berkata, “Salah satu nabi dari nabi-nabi zaman dahulu hidup lagi.”",
Lukas,9,9,Lukas 9:9,"Herodes berkata, “Yahya telah kupenggal kepalanya, tetapi siapakah sebenarnya orang ini, yang melakukan hal-hal yang kudengar itu?” Lalu, Herodes berusaha supaya dapat bertemu dengan Isa.",
Lukas,9,10,Lukas 9:10,"Setelah rasul-rasul itu kembali, mereka menceritakan kepada Isa hal-hal yang telah mereka lakukan. Lalu, Ia membawa mereka untuk menyendiri ke sebuah kota yang bernama Baitsaida.",Isa Memberi Makan Lima Ribu Orang
Lukas,9,11,Lukas 9:11,"Tetapi, orang banyak mengetahui hal itu, lalu mereka pun mengikuti-Nya. Isa menyambut mereka dan berbicara kepada mereka tentang Kerajaan Allah. Ia juga menyembuhkan banyak orang sakit yang memerlukan kesembuhan.",
Lukas,9,12,Lukas 9:12,"Pada waktu hari mulai gelap, kedua belas pengikut-Nya datang kepada-Nya dan berkata, “Suruhlah orang banyak ini pulang supaya mereka pergi ke desa-desa dan kampung-kampung di sekitar sini untuk mendapatkan makanan dan tempat menginap sebab tempat ini sepi.”",
Lukas,9,13,Lukas 9:13,"Tetapi, Isa bersabda kepada mereka, “Kamu saja yang memberi mereka makan!” Jawab mereka, “Kamikah yang harus pergi membeli makanan untuk orang sebanyak ini? Kami hanya mempunyai lima roti dan dua ikan.”",
Lukas,9,14,Lukas 9:14,"Mereka berkata demikian karena jumlah laki-laki saja kira-kira lima ribu orang di situ. Kemudian, Isa bersabda kepada para pengikut-Nya, “Suruhlah mereka duduk berkelompok, kira-kira lima puluh orang sekelompok.”",
Lukas,9,15,Lukas 9:15,Pengikut-pengikut-Nya melakukan apa yang diperintahkan-Nya. Mereka menyuruh orang banyak itu duduk.,
Lukas,9,16,Lukas 9:16,"Lalu, Isa mengambil kelima roti dan dua ikan itu. Setelah itu, sambil menengadah ke langit, Ia mengucap syukur. Selanjutnya, roti itu dipecah-pecahkan-Nya, kemudian diberikan kepada para pengikut-Nya untuk dihidangkan bagi orang banyak itu.",
Lukas,9,17,Lukas 9:17,"Mereka semua makan sampai kenyang. Lalu, dikumpulkanlah sisa-sisa kelebihannya, ternyata ada dua belas keranjang.",
Lukas,9,18,Lukas 9:18,"Pada suatu hari, ketika Isa sedang berdoa sendirian, pengikut-pengikut-Nya datang kepada-Nya. Lalu, Ia bertanya kepada mereka, “Menurut pendapat orang banyak, siapakah Aku ini?”",Pengakuan Petrus
Lukas,9,19,Lukas 9:19,"Mereka menjawab, “Ada yang mengatakan, ‘Nabi,’ tetapi yang lainnya berkata, ‘Ilyas,’ sedangkan yang lain lagi berkata, ‘Salah seorang nabi dari zaman dahulu yang hidup kembali.’”",
Lukas,9,20,Lukas 9:20,"Tanya Isa lagi kepada mereka, “Tetapi, menurut kamu, siapakah Aku ini?” Jawab Petrus, “Al-Masih yang datang dari Allah.”",
Lukas,9,21,Lukas 9:21,"Lalu, Ia mengingatkan mereka supaya mereka jangan memberitahukan hal itu kepada siapa pun.",
Lukas,9,22,Lukas 9:22,"Isa bersabda, “Anak Manusia harus mengalami banyak kesengsaraan. Ia akan ditolak oleh para tua-tua bani Israil, imam-imam kepala, dan para ahli Kitab Suci Taurat. Ia juga akan membiarkan diri-Nya dijatuhi hukuman mati, tetapi pada hari yang ketiga Ia akan dibangkitkan.”",Isa Memberitahukan tentang Penderitaan dan Kematian-Nya
Lukas,9,23,Lukas 9:23,"Lalu, Isa bersabda kepada semua yang ada di situ, “Siapa mau mengikut Aku, ia harus menyangkal dirinya, memikul salibnya setiap hari, dan mengikut Aku.",
Lukas,9,24,Lukas 9:24,"Sebab siapa hendak menyelamatkan nyawanya, ia akan kehilangan nyawanya, tetapi siapa kehilangan nyawanya karena Aku, ia akan menyelamatkan nyawanya.",
Lukas,9,25,Lukas 9:25,"Apa untungnya bagi seseorang kalau ia memperoleh seluruh dunia ini, tetapi dirinya sendiri rugi dan binasa?",
Lukas,9,26,Lukas 9:26,"Karena siapa malu terhadap Aku dan terhadap perkataan-Ku, Anak Manusia pun akan malu mengakui dia pada waktu Ia datang nanti dalam kemuliaan-Nya dan dalam kemuliaan Bapa-Nya serta dalam kemuliaan para malaikat-Nya yang suci.",
Lukas,9,27,Lukas 9:27,"Sesungguhnya, Aku berkata kepadamu, di antara orang-orang yang hadir di sini ada yang tidak akan menghadap maut sebelum mereka melihat Kerajaan Allah.”",
Lukas,9,28,Lukas 9:28,"Kira-kira delapan hari setelah Isa mengatakan semua itu, Ia mengajak Petrus, Yahya, dan Yakub naik ke sebuah gunung untuk berdoa.",Isa Dimuliakan di Atas Gunung
Lukas,9,29,Lukas 9:29,"Sementara Ia berdoa, tiba-tiba wajah-Nya berubah dan pakaian-Nya menjadi putih berkilauan.",
Lukas,9,30,Lukas 9:30,"Lalu, tampak dua orang berbicara dengan-Nya, yaitu Musa dan Ilyas.",
Lukas,9,31,Lukas 9:31,Keduanya tampak dalam kemuliaan. Mereka berbicara mengenai kematian Isa yang akan terjadi di Yerusalem.,
Lukas,9,32,Lukas 9:32,"Pada waktu itu, Petrus dan teman-temannya yang bersama-sama dengan dia di situ sedang tertidur. Ketika mereka terbangun, mereka melihat Isa di dalam kemuliaan dan juga kedua orang yang berdiri di dekat-Nya.",
Lukas,9,33,Lukas 9:33,"Ketika kedua orang itu meninggalkan Isa, Petrus berkata kepada-Nya, “Ya Junjungan, baik sekali kita berada di sini. Biarkanlah kami mendirikan tiga kemah: Satu untuk Junjungan, satu untuk Musa, dan yang satu lagi untuk Ilyas.” Tetapi, Petrus sendiri tidak menyadari apa yang dikatakannya itu.",
Lukas,9,34,Lukas 9:34,"Sementara Petrus berbicara, turunlah awan menaungi mereka. Ketika awan itu meliputi mereka, mereka pun menjadi takut.",
Lukas,9,35,Lukas 9:35,"Lalu, dari awan itu terdengar suara yang mengatakan, “Inilah Sang Anak yang Kupilih. Dengarkanlah Dia!”",
Lukas,9,36,Lukas 9:36,"Ketika suara itu terdengar, yang tampak hanyalah Isa seorang diri. Para pengikut-Nya merahasiakan hal itu. Pada waktu itu mereka tidak memberitahukan kepada siapa pun apa yang telah mereka lihat.",
Lukas,9,37,Lukas 9:37,"Esok harinya, setelah Isa dan para pengikut-Nya turun dari bukit, banyak sekali orang datang menemui-Nya.",Isa Mengusir Setan dari Seorang Anak Laki-Laki
Lukas,9,38,Lukas 9:38,"Di antara orang banyak itu ada seorang laki-laki yang berseru, “Guru, aku mohon Engkau datang menengok anakku. Dia anakku satu-satunya.",
Lukas,9,39,Lukas 9:39,Ada setan yang sewaktu-waktu menyerangnya sehingga ia tiba-tiba berteriak. Setan itu menggoncang-goncangkan anak itu sehingga dari mulutnya keluar buih. Ia menyiksa anakku terus-menerus dan hampir-hampir tidak mau meninggalkannya.,
Lukas,9,40,Lukas 9:40,"Aku sudah meminta kepada para pengikut-Mu untuk mengusir setan itu, tetapi mereka tidak dapat.”",
Lukas,9,41,Lukas 9:41,"Sabda Isa, “Hai kamu, generasi yang tidak percaya dan yang sesat, berapa lama lagi Aku harus bersama-sama dengan kamu dan sabar terhadap kamu? Bawalah anak itu kemari!”",
Lukas,9,42,Lukas 9:42,"Pada waktu anak itu dibawa kepada Isa, setan itu membantingnya ke tanah dan membuatnya kejang-kejang. Isa menghardik setan itu dan menyembuhkan anak itu, kemudian menyerahkannya kembali kepada ayahnya.",
Lukas,9,43,Lukas 9:43,Semua orang yang ada di situ takjub akan kemahabesaran Allah.,
Lukas,9,44,Lukas 9:44,"(9-43b) Sementara semua orang di situ masih terheran-heran akan apa yang telah dilakukan Isa, bersabdalah Ia kepada para pengikut-Nya, (9-44) “Camkanlah perkataan-Ku ini: Anak Manusia akan diserahkan ke tangan manusia.”",Isa Berbicara Lagi mengenai Kematian-Nya
Lukas,9,45,Lukas 9:45,"Tetapi, mereka tidak mengerti apa maksud dari perkataan Isa sebab hal itu tersembunyi bagi mereka sehingga mereka tidak dapat memahaminya. Meskipun begitu, mereka takut menanyakan kepada-Nya apa maksud dari perkataan itu.",
Lukas,9,46,Lukas 9:46,Di antara para pengikut Isa timbul selisih pendapat mengenai siapa yang terbesar di antara mereka.,Siapa yang Terbesar di Antara Para Pengikut Isa
Lukas,9,47,Lukas 9:47,"Hal itu diketahui oleh Isa. Karena itu, Ia mengambil anak kecil dan menempatkan anak kecil itu di samping-Nya.",
Lukas,9,48,Lukas 9:48,"Lalu, sabda-Nya kepada mereka, “Siapa menyambut anak kecil ini atas nama-Ku, ia menyambut Aku, dan siapa menyambut Aku, ia menyambut Dia yang mengutus Aku. Karena yang terkecil di antara kamu semua, dialah yang besar.”",
Lukas,9,49,Lukas 9:49,"Yahya berkata, “Ya Junjungan, kami melihat seseorang mengusir setan dengan nama-Mu. Kami melarangnya karena ia bukan pengikut kita.”",Yang Tidak Melawan Berarti Kawan
Lukas,9,50,Lukas 9:50,"Tetapi, sabda Isa kepada Yahya dan pengikut-pengikut yang lainnya, “Jangan larang dia karena siapa tidak melawan kita, ia ada di pihak kita.”",
Lukas,9,51,Lukas 9:51,"Ketika hampir tiba waktunya bagi Isa untuk diangkat ke surga, Ia mengarahkan pandangan-Nya untuk pergi ke Yerusalem.",Isa dan Orang Samaria
Lukas,9,52,Lukas 9:52,"Diutus-Nya beberapa orang mendahului Dia untuk menyiapkan segalanya bagi-Nya. Maka, pergilah mereka dan ketika mereka masuk ke sebuah desa di Samaria,",
Lukas,9,53,Lukas 9:53,orang-orang di desa itu tidak mau menerima Isa karena mereka melihat bahwa Ia sedang menuju Yerusalem.,
Lukas,9,54,Lukas 9:54,"Ketika pengikut-pengikut-Nya, yaitu Yakub dan Yahya, melihat hal itu, mereka berkata, “Ya Junjungan, apakah Junjungan mau supaya kami meminta api turun dari langit untuk membinasakan mereka?”",
Lukas,9,55,Lukas 9:55,"Tetapi, Isa menoleh dan menegur mereka.",
Lukas,9,56,Lukas 9:56,"Lalu, Isa dan pengikut-pengikut-Nya pergi melalui desa lain.",
Lukas,9,57,Lukas 9:57,"Sementara mereka di tengah perjalanan, ada orang berkata kepada Isa, “Aku akan mengikut Engkau ke mana pun Engkau pergi.”",Syarat-Syarat Menjadi Pengikut Isa
Lukas,9,58,Lukas 9:58,"Sabda Isa, “Rubah-rubah memiliki liang dan burung-burung memiliki sarang, tetapi Anak Manusia tidak memiliki tempat untuk meletakkan kepala-Nya.”",
Lukas,9,59,Lukas 9:59,"Kepada yang lain Isa bersabda, “Ikutlah Aku.” Tetapi, orang itu menjawab, “Izinkanlah aku pergi dahulu untuk memakamkan ayahku.”",
Lukas,9,60,Lukas 9:60,"Isa bersabda kepadanya, “Biarkanlah orang-orang mati memakamkan mereka yang mati; tetapi engkau, pergilah, beritakanlah Kerajaan Allah.”",
Lukas,9,61,Lukas 9:61,"Ada lagi orang lain yang berkata, “Aku mau ikut Tuan, tetapi izinkanlah aku berpamitan dahulu kepada orang-orang di rumah.”",
Lukas,9,62,Lukas 9:62,"Maka, kata Isa kepadanya, “Orang yang sudah siap membajak, tetapi terus saja menoleh ke belakang, tidak layak untuk Kerajaan Allah.”",
Lukas,10,1,Lukas 10:1,"Setelah itu, Isa, Sang Junjungan, memilih tujuh puluh orang yang lain, lalu mengutus mereka pergi berdua-dua mendahului Dia ke setiap kota dan tempat yang akan dikunjungi-Nya sendiri.",Isa Mengutus Tujuh Puluh Pengikut-Nya
Lukas,10,2,Lukas 10:2,"Sabda-Nya kepada mereka, “Tuaian memang banyak, tetapi penuainya hanya sedikit. Sebab itu, mintalah kepada Sang Tuan pemilik tuaian supaya Ia mengutus para penuai untuk menuai tuaian-Nya.",
Lukas,10,3,Lukas 10:3,Sekarang pergilah kamu. Aku mengutus kamu seperti anak domba ke tengah-tengah serigala.,
Lukas,10,4,Lukas 10:4,"Jangan membawa pundi-pundi atau bekal atau kasut. Selama dalam perjalanan, jangan memberi salam kepada siapa pun.",
Lukas,10,5,Lukas 10:5,"Apabila kamu masuk ke sebuah rumah, terlebih dahulu ucapkanlah salam bagi rumah itu!",
Lukas,10,6,Lukas 10:6,"Jika di dalam rumah itu ada orang yang layak menerima salammu itu, maka sejahtera yang berasal darimu akan tetap di situ. Tetapi, kalau tidak ada, maka sejahtera itu akan kembali kepadamu.",
Lukas,10,7,Lukas 10:7,Tinggallah di rumah itu dan terimalah setiap makanan dan minuman yang disajikan untukmu karena orang yang bekerja patut mendapat upahnya. Jangan berpindah-pindah rumah.,
Lukas,10,8,Lukas 10:8,"Kalau kamu masuk ke sebuah kota dan di situ kamu diterima, makanlah apa saja yang diberikan kepadamu.",
Lukas,10,9,Lukas 10:9,"Sembuhkanlah orang sakit yang ada di situ dan katakan kepada mereka, ‘Kerajaan Allah sudah dekat kepadamu.’",
Lukas,10,10,Lukas 10:10,"Tetapi, kalau kamu masuk ke sebuah kota dan orang-orang di situ tidak menerima kamu, pergilah ke jalan-jalan kota itu dan katakanlah,",
Lukas,10,11,Lukas 10:11,"‘Debu kotamu yang melekat pada kaki kami pun kami kebaskan di hadapanmu, tetapi ingatlah bahwa Kerajaan Allah sudah dekat.’",
Lukas,10,12,Lukas 10:12,"Aku berkata kepadamu, pada hari kiamat, azab atas Kota Sodom akan lebih ringan daripada azab atas kota-kota itu.”",
Lukas,10,13,Lukas 10:13,"“Celakalah engkau, hai Khorazim! Celakalah engkau, hai Baitsaida! Karena seandainya di Tirus dan Sidon terjadi mukjizat seperti yang terjadi di tempatmu, maka sudah sejak lama penduduk kota itu bertobat dan berkabung dengan memakai kain karung dan duduk dalam debu.",Isa Mengecam Beberapa Kota
Lukas,10,14,Lukas 10:14,"Karena itu, pada hari kiamat, azab untuk Kota Tirus dan Sidon akan lebih ringan daripada azab yang akan kamu terima.",
Lukas,10,15,Lukas 10:15,"Demikian pula engkau, hai Kapernaum. Akankah engkau ditinggikan sampai ke langit? Tidak, engkau bahkan akan diturunkan sampai ke alam kubur.",
Lukas,10,16,Lukas 10:16,"Orang yang mendengarkan kamu berarti mendengarkan Aku, dan orang yang menolak kamu berarti menolak Aku juga. Orang yang menolak Aku berarti menolak Dia yang mengutus Aku.”",
Lukas,10,17,Lukas 10:17,"Ketujuh puluh orang itu kembali dengan gembira. Mereka berkata, “Ya Junjungan, dalam nama-Mu setan-setan pun takluk dan menuruti perintah kami.”",Kembalinya Ketujuh Puluh Pengikut Isa
Lukas,10,18,Lukas 10:18,"Sabda Isa, “Aku melihat Iblis jatuh seperti kilat dari langit.",
Lukas,10,19,Lukas 10:19,"Sesungguhnya, Aku telah memberi wewenang kepadamu untuk menginjak ular dan kalajengking, serta wewenang untuk menghancurkan segala kuasa musuh sehingga tidak ada yang akan mencelakakan kamu.",
Lukas,10,20,Lukas 10:20,"Meskipun begitu, jangan gembira karena setan-setan menuruti perintahmu, tetapi bergembiralah karena namamu tercatat di surga.”",
Lukas,10,21,Lukas 10:21,"Pada waktu itu juga Isa menjadi gembira sekali di dalam Ruh Allah. Kemudian, Isa memanjatkan syukur, “Ya Bapa, Penguasa langit dan bumi, Aku memuji Engkau sebab Engkau menyembunyikan semua ini dari orang-orang yang pandai dan bijaksana, tetapi Engkau menyatakannya kepada orang-orang kecil. Memang itulah yang berkenan kepada-Mu, ya Bapa.",Ucapan Syukur dan Bahagia
Lukas,10,22,Lukas 10:22,"Segala sesuatu telah diserahkan kepada-Ku oleh Bapa-Ku, dan tak seorang pun mengenal siapa Sang Anak, kecuali Sang Bapa. Tidak ada seorang pun yang mengenal siapa Sang Bapa, kecuali Sang Anak dan orang-orang yang kepadanya Sang Anak berkenan menyatakannya.”",
Lukas,10,23,Lukas 10:23,"Isa menoleh kepada para pengikut-Nya, lalu berbicara dengan mereka secara tersendiri. Sabda-Nya, “Berbahagialah mata yang melihat apa yang sudah kamu lihat.",
Lukas,10,24,Lukas 10:24,"Aku berkata kepadamu, banyak nabi dan raja ingin melihat apa yang kamu lihat, tetapi mereka tidak melihatnya. Mereka ingin mendengar apa yang kamu dengar, tetapi mereka tidak mendengarnya.”",
Lukas,10,25,Lukas 10:25,"Pada suatu kali, seorang ahli Kitab Suci Taurat berdiri untuk mencobai Isa. Ia berkata, “Wahai Guru, apa yang harus kulakukan supaya aku mendapatkan hidup yang kekal?”",Orang Samaria yang Baik Hati
Lukas,10,26,Lukas 10:26,"Sabda Isa, “Apa yang tertulis di dalam Kitab Suci Taurat? Apa yang kaubaca di situ?”",
Lukas,10,27,Lukas 10:27,"Orang itu berkata, “Kasihilah Allah, Tuhanmu, dengan segenap hatimu, dengan segenap jiwamu, dengan segenap kekuatanmu, dan dengan segenap akal budimu. Selain itu, kasihilah sesamamu manusia seperti dirimu sendiri.”",
Lukas,10,28,Lukas 10:28,"Sabda Isa kepadanya, “Jawabanmu benar. Lakukanlah itu maka engkau akan hidup.”",
Lukas,10,29,Lukas 10:29,"Tetapi, karena orang itu mau membenarkan dirinya, maka berkatalah ia kepada Isa, “Siapakah sesamaku manusia?”",
Lukas,10,30,Lukas 10:30,"Sabda Isa, “Ada seorang laki-laki yang turun dari Yerusalem ke Yerikho. Di tengah jalan, ia diserang oleh penyamun-penyamun. Mereka merampok pakaiannya dan memukulinya, kemudian pergi meninggalkannya dalam keadaan setengah mati.",
Lukas,10,31,Lukas 10:31,"Pada waktu itu ada juga seorang imam turun melalui jalan itu. Ia melihat orang itu, tetapi ia menyingkir ke seberang jalan, lalu membiarkannya.",
Lukas,10,32,Lukas 10:32,Begitu juga dengan seorang Lewi yang lewat di situ dan melihat orang yang dirampok itu. Ia pun menyingkir ke seberang jalan dan membiarkan orang itu.,
Lukas,10,33,Lukas 10:33,"Kemudian, seorang Samaria yang sedang dalam perjalanan sampai pula ke tempat itu. Ketika ia melihat orang yang dirampok itu, ia merasa kasihan terhadapnya.",
Lukas,10,34,Lukas 10:34,"Didekatinya orang itu, dibalutnya luka-lukanya, lalu dituangkannya minyak dan air anggur ke atas luka-luka itu. Sesudah itu, ia menaikkan orang itu ke atas keledainya sendiri, lalu membawanya ke rumah penginapan untuk dirawat di situ.",
Lukas,10,35,Lukas 10:35,"Esok harinya ia mengambil dua dinar dan memberikannya kepada pemilik penginapan itu sambil berkata, ‘Rawatlah orang ini. Kalau aku kembali, akan kubayar semua yang kaupakai untuk keperluannya.’",
Lukas,10,36,Lukas 10:36,"Dari antara ketiga orang itu, menurut pendapatmu, manakah sesama manusia dari orang yang dirampok oleh para penyamun itu?”",
Lukas,10,37,Lukas 10:37,"Jawab ahli Kitab Suci Taurat itu, “Orang yang menunjukkan belas kasihan terhadap orang yang dirampok itu.” Sabda Isa, “Pergilah dan lakukanlah begitu juga.”",
Lukas,10,38,Lukas 10:38,"Ketika sedang dalam perjalanan, Isa dan pengikut-pengikut-Nya tiba di sebuah kampung. Seorang perempuan bernama Marta menerima Dia di rumahnya.",Maryam dan Marta
Lukas,10,39,Lukas 10:39,Marta mempunyai seorang saudara perempuan bernama Maryam. Saudaranya itu duduk di dekat kaki Isa sambil mendengarkan Isa berbicara.,
Lukas,10,40,Lukas 10:40,"Tetapi, Marta sibuk sekali melayani. Ia datang kepada Isa dan berkata, “Ya Junjungan, mengapa Junjungan tidak peduli kalau saudaraku itu membiarkan aku melayani seorang diri? Tolong, suruh dia membantu aku.”",
Lukas,10,41,Lukas 10:41,"Isa, Sang Junjungan, menjawab, “Marta, Marta, engkau khawatir dan menyibukkan diri dengan banyak hal.",
Lukas,10,42,Lukas 10:42,"Tetapi, hanya satu hal yang perlu, dan Maryam telah memilih yang terbaik, yang tidak akan diambil darinya.”",
Lukas,11,1,Lukas 11:1,"Pada suatu kali, Isa sedang berdoa di suatu tempat. Setelah Ia selesai berdoa, salah seorang pengikut-Nya berkata kepada-Nya, “Ya Junjungan, ajarilah kami berdoa seperti Yahya mengajari pengikut-pengikutnya.”",Bagaimana Berdoa
Lukas,11,2,Lukas 11:2,"Sabda Isa kepadanya, “Jikalau kamu berdoa, katakanlah begini, ‘Ya Bapa, sucilah nama-Mu. Datanglah kerajaan-Mu.",
Lukas,11,3,Lukas 11:3,Berikanlah kepada kami setiap harinya makanan secukupnya.,
Lukas,11,4,Lukas 11:4,"Ampunilah kami karena dosa-dosa kami seperti kami pun mengampuni orang yang bersalah kepada kami, dan janganlah bawa kami ke dalam pencobaan.’”",
Lukas,11,5,Lukas 11:5,"Lalu, Isa bersabda kepada mereka, “Seandainya salah satu di antaramu mempunyai seorang sahabat. Pada tengah malam ia pergi kepada sahabatnya itu dan berkata, ‘Sahabat, tolong pinjamkan kepadaku tiga roti.",
Lukas,11,6,Lukas 11:6,Aku kedatangan seorang kawan yang sedang dalam perjalanan dan aku tidak mempunyai apa-apa untuk dihidangkan kepadanya.’,
Lukas,11,7,Lukas 11:7,"Lalu, sahabatnya itu menjawab dari dalam rumahnya, ‘Tolonglah, jangan menyusahkan aku. Pintu sudah terkunci dan aku bersama anak-anakku sudah tidur. Aku tak dapat bangun untuk memberikan roti itu kepadamu.’",
Lukas,11,8,Lukas 11:8,"Aku berkata kepadamu, sekalipun ia tidak mau bangun untuk memberikan roti itu kepadanya karena orang itu adalah sahabatnya, pada akhirnya ia akan bangun juga dan memberikan kepadanya sebanyak yang diperlukannya karena orang itu terus saja merengek-rengek meminta.",
Lukas,11,9,Lukas 11:9,"Oleh karena itu, aku berkata kepadamu: Mintalah maka akan diberikan kepadamu; carilah maka kamu akan mendapat; ketuklah pintu maka pintu akan dibukakan untukmu.",
Lukas,11,10,Lukas 11:10,"Karena setiap orang yang meminta akan menerima, orang yang mencari akan mendapat, dan orang yang mengetuk pintu, baginya pintu akan dibukakan.",
Lukas,11,11,Lukas 11:11,Adakah seorang bapak di antara kamu yang memberikan batu kepada anaknya jika ia meminta roti? Atau memberinya ular jika ia meminta ikan?,
Lukas,11,12,Lukas 11:12,Atau memberinya kalajengking jika ia meminta telur?,
Lukas,11,13,Lukas 11:13,"Jadi, jika kamu yang jahat tahu memberi apa yang baik kepada anak-anakmu, terlebih lagi Bapamu yang di surga! Ia akan memberikan Ruh Yang Mahasuci kepada setiap orang yang memohon kepada-Nya.”",
Lukas,11,14,Lukas 11:14,"Pada suatu kali, Isa mengusir setan bisu dari seseorang. Setelah setan itu keluar, orang itu dapat berbicara lagi. Orang banyak pun menjadi heran melihat hal itu.",Isa dan Baalzebul
Lukas,11,15,Lukas 11:15,"Tetapi, salah seorang dari antara mereka berkata, “Dengan kuasa Baalzebul, pemimpin para setan, Ia mengusir setan-setan itu.”",
Lukas,11,16,Lukas 11:16,Ada juga yang berusaha menjebak Isa dengan meminta kepada-Nya suatu tanda dari surga.,
Lukas,11,17,Lukas 11:17,"Tetapi, Isa mengetahui pikiran mereka. Maka, bersabdalah Ia kepada mereka, “Jika dalam suatu kerajaan terjadi perselisihan, maka kerajaan itu akan runtuh, dan jika anggota-anggota keluarga saling berselisih, maka keluarga itu pun akan berantakan.",
Lukas,11,18,Lukas 11:18,"Kalau kerajaan Iblis terpecah-belah dalam kelompok-kelompok dan saling berperang, masakan kerajaan itu dapat bertahan? Kamu berkata bahwa Aku mengusir setan dengan kuasa Baalzebul.",
Lukas,11,19,Lukas 11:19,"Lagi pula, jika Aku mengusir setan-setan dengan kuasa Baalzebul, dengan kuasa siapakah para pengikutmu mengusirnya? Sebab itu, merekalah yang akan menjadi hakim bagimu.",
Lukas,11,20,Lukas 11:20,"Tetapi, jika Aku mengusir setan-setan dengan kuasa dari Allah, itu berarti bahwa Kerajaan Allah sudah datang menaungimu.",
Lukas,11,21,Lukas 11:21,"Jikalau seorang yang kuat menjaga rumahnya dengan bersenjata lengkap, harta miliknya akan aman.",
Lukas,11,22,Lukas 11:22,"Tetapi, kalau seorang yang lebih kuat dari dia datang menyerang dan mengalahkannya, maka semua senjata yang diandalkannya itu akan diambil dan harta miliknya dirampas, lalu dibagi-bagikan.",
Lukas,11,23,Lukas 11:23,"Orang yang tidak bersama Aku berarti melawan Aku, dan orang yang tidak mengumpulkan bersama Aku berarti mencerai-beraikan.”",
Lukas,11,24,Lukas 11:24,"“Apabila setan keluar dari seseorang, setan itu akan mengembara ke tempat-tempat yang gersang untuk mencari tempat peristirahatannya; dan karena ia tidak menemukannya juga, maka setan itu berkata, ‘Aku akan kembali ke rumahku yang pernah kutinggalkan.’",Kembalinya Setan
Lukas,11,25,Lukas 11:25,"Tetapi, ketika ia kembali, didapatinya tempat itu sudah bersih tersapu dan rapi teratur.",
Lukas,11,26,Lukas 11:26,"Karena itu, pergilah setan itu dan mengajak tujuh setan lainnya yang lebih jahat daripadanya. Kemudian, setan-setan itu masuk dan tinggal di situ. Akhirnya keadaan orang itu akan lebih parah daripada keadaannya yang semula.”",
Lukas,11,27,Lukas 11:27,"Sementara Isa masih berbicara, seorang perempuan dari antara orang banyak itu berseru kepada-Nya, “Berbahagialah ibu yang melahirkan dan menyusui Engkau.”",Siapa yang Berbahagia
Lukas,11,28,Lukas 11:28,"Tetapi, Isa bersabda, “Lebih berbahagia lagi orang yang mendengarkan firman Allah dan melakukannya.”",
Lukas,11,29,Lukas 11:29,"Ketika semakin banyak orang yang datang mengerumuni Isa, bersabdalah Ia, “Orang-orang zaman ini adalah generasi yang jahat. Mereka mencari suatu tanda ajaib, tetapi tanda itu tidak akan diberikan kepada mereka, selain tanda Nabi Yunus.",Orang-Orang Meminta Isa Melakukan Keajaiban
Lukas,11,30,Lukas 11:30,"Karena sama seperti Yunus menjadi tanda bagi orang-orang Niniwe, begitu juga Anak Manusia menjadi tanda bagi orang-orang zaman ini.",
Lukas,11,31,Lukas 11:31,"Pada hari kiamat, Ratu Sheba dari Selatan itu akan dibangkitkan bersama-sama dengan orang-orang dalam generasi ini dan akan menghakimi mereka. Karena ratu dari ujung bumi itu dengan sengaja datang untuk mendengarkan hikmah Nabi Sulaiman. Sedangkan di sini ada yang lebih agung daripada Sulaiman.",
Lukas,11,32,Lukas 11:32,"Pada hari kiamat orang-orang Niniwe akan bangkit bersama-sama dengan orang-orang zaman ini dan mereka akan mempersalahkan orang-orang zaman ini. Karena setelah mendengar ajaran-ajaran Yunus, orang-orang Niniwe itu bertobat, sedangkan di sini ada yang lebih agung daripada Yunus!”",
Lukas,11,33,Lukas 11:33,"“Tidak ada orang yang menyalakan pelita, lalu menyembunyikannya di kolong rumah atau di bawah gantang yang tertelungkup. Sebaliknya, ia akan menaruhnya pada kaki pelita supaya orang yang masuk ke dalam rumah itu dapat melihat terangnya.",Pelita Tubuh
Lukas,11,34,Lukas 11:34,"Mata adalah pelita tubuh. Sebab itu, jika matamu baik, maka teranglah seluruh tubuhmu. Tetapi, jika matamu jahat, maka gelaplah tubuhmu.",
Lukas,11,35,Lukas 11:35,"Sebab itu, jagalah baik-baik supaya terang yang ada padamu jangan menjadi gelap.",
Lukas,11,36,Lukas 11:36,"Kalau seluruh tubuhmu terang dan tidak ada bagian-bagian yang gelap, maka keseluruhannya akan terang sama seperti pada waktu pelita menyinarimu dengan cahayanya.”",
Lukas,11,37,Lukas 11:37,"Setelah Isa selesai mengajar, seorang dari mazhab Farisi mengajak Dia makan di rumahnya. Maka, masuklah Isa ke rumah itu, lalu duduk makan di situ.",Isa Mengecam Orang-Orang dari Mazhab Farisi dan Ahli-Ahli Kitab Suci Taurat
Lukas,11,38,Lukas 11:38,Orang dari mazhab Farisi itu heran ketika melihat Isa tidak membasuh tangan-Nya terlebih dahulu sebelum makan.,
Lukas,11,39,Lukas 11:39,"Oleh karena itu, Isa, Sang Junjungan, bersabda kepadanya, “Hai orang-orang dari mazhab Farisi, kamu membersihkan bagian luar dari cawan dan pingganmu, tetapi di dalam dirimu, kamu penuh dengan rampasan dan kejahatan.",
Lukas,11,40,Lukas 11:40,"Hai kamu, orang-orang yang bodoh! Bukankah dia yang membuat bagian luar membuat juga bagian dalamnya?",
Lukas,11,41,Lukas 11:41,Sedekahkanlah apa yang ada di dalamnya kepada orang-orang miskin maka semuanya akan menjadi bersih bagimu.,
Lukas,11,42,Lukas 11:42,"Akan tetapi, celakalah kamu, hai orang-orang dari mazhab Farisi! Kamu membayar kepada Allah sepersepuluh dari selasih, inggu, serta segala jenis sayuran, tetapi keadilan dan kasih kepada Allah tidak kamu hiraukan sama sekali. Hal-hal itu memang patut kamu kerjakan, tetapi yang lainnya jangan sampai dilalaikan.",
Lukas,11,43,Lukas 11:43,"Celakalah kamu, hai orang-orang dari mazhab Farisi! Karena kamu menyukai tempat terhormat di rumah-rumah ibadah dan kamu menyukai ucapan salam dari orang di pasar-pasar.",
Lukas,11,44,Lukas 11:44,Celakalah kamu! Kamu seperti kuburan tanpa tanda sehingga orang yang berjalan di atasnya tidak menyadari bahwa mereka berjalan di atas kuburan.”,
Lukas,11,45,Lukas 11:45,"Seorang ahli Kitab Suci Taurat menjawab, “Guru, dengan berkata seperti itu Guru mencela kami juga!”",
Lukas,11,46,Lukas 11:46,"Isa bersabda, “Celakalah kamu juga, hai ahli-ahli Kitab Suci Taurat! Kamu menaruh tanggungan berat yang sukar dipikul di pundak orang, padahal kamu tidak mau menyentuh tanggungan itu dengan satu jari pun.",
Lukas,11,47,Lukas 11:47,"Celakalah kamu! Kamu membangun makam-makam untuk nabi-nabi, padahal nenek moyangmulah yang membunuh nabi-nabi itu.",
Lukas,11,48,Lukas 11:48,"Dengan demikian, kamu sendiri mengaku bahwa kamu setuju dengan apa yang diperbuat oleh nenek moyangmu itu sebab mereka membunuh nabi-nabi itu dan kamu membangun makam mereka.",
Lukas,11,49,Lukas 11:49,"Oleh karena itu, Allah dengan hikmah-Nya bersabda, ‘Aku akan mengutus nabi-nabi dan rasul-rasul kepada mereka, tetapi sebagian dari nabi-nabi dan rasul-rasul itu akan dibunuh dan dianiaya oleh mereka.’",
Lukas,11,50,Lukas 11:50,"Hal itu terjadi supaya darah semua nabi sejak dunia ini diciptakan akan dituntut dari orang-orang zaman ini,",
Lukas,11,51,Lukas 11:51,"mulai dari darah Habil sampai darah Zakharia yang mati di antara tempat pembakaran kurban dan bangunan Bait Allah. Aku berkata kepadamu, hal itu akan dituntut dari orang-orang dalam generasi ini.",
Lukas,11,52,Lukas 11:52,"Celakalah kamu, hai ahli-ahli Kitab Suci Taurat! Karena kamu telah mengambil kunci pengetahuan, tetapi kamu sendiri tidak mau masuk dan orang yang hendak masuk pun kamu halangi.”",
Lukas,11,53,Lukas 11:53,"Setelah Isa meninggalkan tempat itu, para ahli Kitab Suci Taurat dan orang-orang dari mazhab Farisi mulai berusaha memojokkan Dia serta membanjiri-Nya dengan bermacam-macam pertanyaan.",
Lukas,11,54,Lukas 11:54,Mereka memancing-Nya supaya dapat menjebak Dia berdasarkan ucapan-ucapan-Nya.,
Lukas,12,1,Lukas 12:1,"Sementara itu, ribuan orang sudah berkerumun dan berdesak-desakan. Lalu, Isa mulai mengajar, pertama-tama kepada para pengikut-Nya, sabda-Nya, “Jagalah dirimu terhadap ragi orang-orang dari mazhab Farisi, yaitu terhadap kemunafikan mereka.",Pengajaran Khusus untuk Pengikut-Pengikut Isa
Lukas,12,2,Lukas 12:2,Karena apa yang tertutup akan dinyatakan dan apa yang tersembunyi akan diketahui orang.,
Lukas,12,3,Lukas 12:3,"Sebab itu, apa yang kamu ucapkan di tempat yang gelap akan didengar orang di tempat yang terang, dan apa yang kamu ucapkan dengan berbisik-bisik di ruangan tertutup, akan diteriakkan dari sotoh rumah.",
Lukas,12,4,Lukas 12:4,"Sahabat-sahabat-Ku, Aku berkata kepadamu, jangan takut kepada orang-orang yang dapat membunuh tubuh, tetapi setelah itu tidak dapat berbuat apa-apa lagi.",
Lukas,12,5,Lukas 12:5,"Aku akan mengatakan kepadamu siapa yang patut kamu takuti. Kamu harus takut kepada Dia yang setelah membunuh tubuh, mempunyai wewenang pula untuk melemparkan orang ke dalam neraka jahanam. Sesungguhnya, Aku berkata kepadamu, Dialah yang harus kamu takuti.",
Lukas,12,6,Lukas 12:6,"Bukankah burung pipit dijual orang dengan harga dua duit untuk lima ekor? Meskipun demikian, tak seekor pun luput dari perhatian Allah.",
Lukas,12,7,Lukas 12:7,"Rambut di kepalamu pun semuanya terhitung. Sebab itu, jangan takut karena kamu lebih berharga daripada banyak burung pipit.",
Lukas,12,8,Lukas 12:8,"Aku berkata kepadamu, siapa mengakui Aku di hadapan manusia, maka Anak Manusia pun akan mengakuinya di hadapan malaikat-malaikat Allah.",
Lukas,12,9,Lukas 12:9,"Tetapi, orang yang menyangkal Aku di hadapan manusia, maka Anak Manusia pun akan menyangkalnya di hadapan malaikat-malaikat Allah.",
Lukas,12,10,Lukas 12:10,"Setiap orang yang mengucapkan perkataan melawan Anak Manusia akan diampuni. Tetapi, orang yang menghujah Ruh Allah Yang Mahasuci tidak akan diampuni.",
Lukas,12,11,Lukas 12:11,"Apabila mereka membawa kamu ke rumah-rumah ibadah atau memperhadapkan kamu kepada para penguasa dan para pemegang wewenang, janganlah khawatir mengenai bagaimana atau apa yang harus kamu jawab atau katakan.",
Lukas,12,12,Lukas 12:12,Ruh Allah akan memberitahukan kepadamu pada saat itu juga apa yang patut kamu katakan.”,
Lukas,12,13,Lukas 12:13,"Salah seorang di antara orang banyak itu berkata, “Guru, suruhlah saudaraku berbagi warisan dengan aku.”",Orang Kaya yang Bodoh
Lukas,12,14,Lukas 12:14,"Tetapi, sabda Isa kepadanya, “Saudara, siapakah yang mengangkat Aku menjadi hakim atau pembagi warisan di antara kamu?”",
Lukas,12,15,Lukas 12:15,"Lalu, Isa bersabda kepada mereka, “Ingat! Jagalah dirimu dari segala ketamakan karena hidup orang tidak bergantung pada hartanya yang berlimpah-limpah.”",
Lukas,12,16,Lukas 12:16,"Kemudian, Isa menyampaikan suatu ibarat kepada mereka, sabda-Nya, “Ada seorang kaya. Ia mempunyai tanah yang memberi hasil berlimpah-limpah.",
Lukas,12,17,Lukas 12:17,"Dalam hatinya ia berpikir, ‘Apa yang harus kulakukan? Tidak ada lagi tempat bagiku untuk menyimpan semua hasil tanahku.’",
Lukas,12,18,Lukas 12:18,"Lalu, ia berkata, ‘Inilah yang hendak kulakukan. Aku akan membongkar semua lumbungku dan membangun yang lebih besar. Di situlah akan kusimpan semua gandum dan barang-barangku yang lain.",
Lukas,12,19,Lukas 12:19,"Aku akan berkata kepada jiwaku: Hai jiwaku, padamu ada banyak harta, cukup untuk bertahun-tahun lamanya. Bersenang-senanglah, makan, minum, dan bersukarialah.’",
Lukas,12,20,Lukas 12:20,"Tetapi, Allah bersabda kepadanya, ‘Hai orang bodoh! Malam ini juga nyawamu akan diambil darimu. Lalu, menjadi hak siapakah semua yang sudah kaukumpulkan itu?’",
Lukas,12,21,Lukas 12:21,"Demikianlah jadinya orang-orang yang menghimpun harta di bumi bagi dirinya sendiri, tetapi sama sekali tidak kaya di hadapan Allah.”",
Lukas,12,22,Lukas 12:22,"Lalu, Isa bersabda kepada pengikut-pengikut-Nya, “Karena itu, Aku berkata kepadamu, janganlah khawatir tentang hidupmu, apa yang akan kamu makan. Demikian juga tentang tubuhmu, apa yang akan kamu pakai.",Hal Kekhawatiran
Lukas,12,23,Lukas 12:23,Hidup lebih penting daripada makanan dan tubuh lebih penting daripada pakaian.,
Lukas,12,24,Lukas 12:24,"Perhatikanlah burung gagak yang tidak menabur, tidak menuai, bahkan tidak mempunyai lumbung atau gudang, tetapi diberi makan oleh Allah. Terlebih lagi kamu, yang lebih berharga daripada burung-burung!",
Lukas,12,25,Lukas 12:25,"Lagi pula, siapa di antara kamu yang karena kekhawatirannya dapat memperpanjang sedikit saja umurnya?",
Lukas,12,26,Lukas 12:26,"Jadi, kalau kamu tidak sanggup membuat sesuatu yang terkecil sekalipun, mengapa kamu harus khawatir mengenai hal-hal lain?",
Lukas,12,27,Lukas 12:27,"Perhatikanlah bunga bakung yang tidak memintal dan juga tidak menenun. Namun, Aku berkata kepadamu, Sulaiman dengan segala kemuliaannya pun tidak pernah berdandankan seperti salah satu dari antara bunga-bunga itu.",
Lukas,12,28,Lukas 12:28,"Jadi, jika Allah sedemikian rupa mendandani rumput di padang, yang hari ini ada dan esok dicampakkan ke api, terlebih lagi kamu, hai orang-orang yang kurang percaya!",
Lukas,12,29,Lukas 12:29,Janganlah khawatir mengenai apa yang akan kamu makan atau apa yang akan kamu minum.,
Lukas,12,30,Lukas 12:30,Semua itu dikejar oleh semua orang yang tidak mengenal Allah. Bapamu yang di surga tahu bahwa kamu memerlukan hal-hal itu.,
Lukas,12,31,Lukas 12:31,"Tetapi, carilah kerajaan-Nya maka semua itu akan ditambahkan kepadamu.”",
Lukas,12,32,Lukas 12:32,"“Janganlah takut, hai kamu kawanan kecil. Bapamu berkenan memberikan kerajaan itu kepadamu.",Harta yang di Surga
Lukas,12,33,Lukas 12:33,"Juallah apa yang ada padamu dan sedekahkanlah itu kepada orang-orang miskin. Buatlah bagi dirimu pundi-pundi yang tidak akan rusak, yaitu harta yang kekal yang tersimpan di surga. Di situ pencuri tidak dapat datang dan ngengat tidak dapat merusaknya.",
Lukas,12,34,Lukas 12:34,"Karena di mana hartamu berada, di situlah juga hatimu.”",
Lukas,12,35,Lukas 12:35,“Hendaklah pinggangmu tetap berikat dan pelitamu tetap menyala.,Hamba yang Berjaga-jaga
Lukas,12,36,Lukas 12:36,"Hendaklah kamu seperti orang-orang yang sedang menunggu tuannya kembali dari pesta pernikahan supaya apabila ia datang dan mengetuk pintu, mereka dapat segera membukakan pintu untuknya.",
Lukas,12,37,Lukas 12:37,"Berbahagialah hamba-hamba yang didapati tuannya sedang berjaga-jaga pada waktu ia datang. Sesungguhnya, Aku berkata kepadamu, tuannya itu akan bersiap-siap dan mempersilakan hamba-hamba itu duduk, lalu ia akan melayani mereka.",
Lukas,12,38,Lukas 12:38,Berbahagialah hamba-hamba yang didapati tuannya sedang berjaga-jaga ketika ia datang sekalipun ia datang pada tengah malam atau pada waktu subuh.,
Lukas,12,39,Lukas 12:39,"Ketahuilah juga hal ini jika tuan rumah tahu kapan saatnya pencuri akan datang, tentu ia akan berjaga-jaga dan tidak akan membiarkan rumahnya kebongkaran.",
Lukas,12,40,Lukas 12:40,"Jadi, kamu harus selalu siap sedia karena Anak Manusia akan datang pada waktu yang tidak kamu sangka.”",
Lukas,12,41,Lukas 12:41,"Petrus berkata, “Ya Junjungan, apakah ibarat itu ditujukan kepada kami atau kepada yang lain juga?”",
Lukas,12,42,Lukas 12:42,"Sabda Isa, Sang Junjungan, kepada Petrus, “Siapakah pengurus rumah yang setia dan bijaksana, yang dipercaya oleh tuannya untuk membagikan makanan kepada hamba-hambanya yang lain pada waktunya?",
Lukas,12,43,Lukas 12:43,Berbahagialah hamba yang didapati tuannya sedang melakukan tugasnya pada waktu tuannya itu datang.,
Lukas,12,44,Lukas 12:44,"Sejujurnya Aku berkata kepadamu, ia akan mempercayakan seluruh harta miliknya kepada hamba itu.",
Lukas,12,45,Lukas 12:45,"Sebaliknya, jika hamba itu berkata di dalam hatinya, ‘Tuanku tidak datang-datang,’ kemudian ia pun mulai memukuli hamba-hamba lainnya, baik laki-laki maupun perempuan, lalu makan dan minum-minum sampai mabuk,",
Lukas,12,46,Lukas 12:46,"maka tuannya akan datang dengan tiba-tiba, pada hari yang tidak ia sangka-sangka dan pada waktu yang tidak diketahui olehnya. Selanjutnya, tuan itu akan menyesahnya serta menjadikannya senasib dengan orang-orang yang tidak percaya.",
Lukas,12,47,Lukas 12:47,"Hamba yang tahu kehendak tuannya, tetapi tidak mempersiapkan diri dan tidak melakukan kehendak tuannya akan dihukum berat.",
Lukas,12,48,Lukas 12:48,"Hamba yang tidak tahu kehendak tuannya dan melakukan hal-hal yang patut mendapat hukuman akan dihukum juga, tetapi hukumannya ringan. Orang yang telah diberi banyak, dari dirinya akan dituntut banyak, dan orang yang telah dipercayakan banyak, dari dirinya akan dituntut lebih banyak pula.”",
Lukas,12,49,Lukas 12:49,“Aku datang untuk melemparkan api ke atas bumi dan alangkah baiknya kalau api itu sudah menyala!,Isa Menjadi Sebab Perpecahan
Lukas,12,50,Lukas 12:50,Ada permandian tertentu yang harus Kujalani dan betapa susahnya hati-Ku kalau itu belum terlaksana!,
Lukas,12,51,Lukas 12:51,"Apakah kamu menyangka bahwa Aku datang ke bumi untuk membawa damai? Aku berkata kepadamu, tidak, melainkan perlawanan!",
Lukas,12,52,Lukas 12:52,"Sebab mulai sekarang, seandainya ada lima orang dalam sebuah keluarga, maka tiga akan melawan dua dan dua akan melawan tiga.",
Lukas,12,53,Lukas 12:53,"Mereka akan saling melawan, bapak melawan anaknya yang laki-laki dan anak laki-laki melawan bapaknya, ibu akan melawan anaknya yang perempuan dan anak perempuan akan melawan ibunya, ibu mertua akan melawan menantunya dan menantu perempuan melawan ibu mertuanya.”",
Lukas,12,54,Lukas 12:54,"Lalu, Isa bersabda kepada orang banyak itu, “Kalau kamu melihat awan muncul di sebelah barat, dengan segera kamu berkata, ‘Akan turun hujan,’ dan hal itu memang terjadi.",Menilai Zaman
Lukas,12,55,Lukas 12:55,"Demikian juga kalau kamu melihat ada angin bertiup dari selatan, kamu berkata, ‘Hari akan panas terik,’ dan hal itu pun terjadi.",
Lukas,12,56,Lukas 12:56,"Hai kamu, orang-orang munafik! Kamu tahu membedakan rupa bumi dan langit. Tetapi, mengapa kamu tidak dapat membedakan zaman ini?”",
Lukas,12,57,Lukas 12:57,“Mengapa engkau tidak memutuskan sendiri apa yang benar?,Memecahkan Masalah Perselisihan
Lukas,12,58,Lukas 12:58,"Kalau engkau pergi menghadap penguasa bersama orang yang mendakwamu, berusahalah supaya engkau terbebas dari dia sewaktu engkau masih dalam perjalanan. Kalau tidak, maka ia akan menyeretmu ke pengadilan, lalu hakim akan menyerahkan engkau kepada petugasnya dan orang itu akan menjebloskanmu ke penjara.",
Lukas,12,59,Lukas 12:59,"Aku berkata kepadamu, sekali-kali kamu tidak akan keluar dari situ sebelum kamu melunasi semua yang harus kamu bayar.”",
Lukas,13,1,Lukas 13:1,Pada waktu itu juga beberapa orang memberitahukan kepada Isa mengenai orang-orang Galilea yang darahnya dicampurkan Pilatus dengan darah kurban yang mereka persembahkan.,Dosa dan Penderitaan
Lukas,13,2,Lukas 13:2,"Isa bersabda kepada mereka, “Menurut pendapatmu, apakah orang-orang Galilea itu lebih berdosa daripada semua orang Galilea lainnya karena mereka mengalami hal yang demikian itu?",
Lukas,13,3,Lukas 13:3,"Aku berkata kepadamu, tidak! Tetapi, jika kamu tidak bertobat, maka kamu semua pun akan binasa.",
Lukas,13,4,Lukas 13:4,"Atau mengenai delapan belas orang yang mati ditimpa sebuah bangunan tinggi di Siloam itu, menurut pendapatmu apakah mereka lebih berdosa daripada semua orang di Yerusalem?",
Lukas,13,5,Lukas 13:5,"Aku berkata kepadamu, tidak! Tetapi, jika kamu tidak bertobat, kamu pun akan binasa.”",
Lukas,13,6,Lukas 13:6,"Lalu, Isa menyampaikan kepada mereka ibarat berikut ini. “Ada seorang laki-laki menanam sebatang pohon ara di kebun anggurnya. Suatu hari ia datang untuk mencari buah di pohon itu, tetapi tidak satu buah pun ditemukannya.",Ibarat tentang Pohon yang Tidak Berbuah
Lukas,13,7,Lukas 13:7,"Maka, berkatalah ia kepada tukang kebunnya, ‘Lihat, sudah tiga tahun lamanya aku datang ke sini untuk mencari buah pada pohon ara ini, tetapi tidak kutemukan satu buah pun. Tebanglah pohon itu! Apa gunanya pohon itu tertanam di tanah ini!’",
Lukas,13,8,Lukas 13:8,"Tukang kebun itu menjawab, ‘Biarkanlah satu tahun lagi, Tuan. Aku akan menggemburkan tanah di sekelilingnya dan menaruh pupuk.",
Lukas,13,9,Lukas 13:9,"Mudah-mudahan tahun depan ia berbuah. Kalau tidak, bolehlah Tuan menebangnya.’”",
Lukas,13,10,Lukas 13:10,"Suatu kali pada hari Sabat, Isa mengajar di sebuah rumah ibadah.",Menyembuhkan Orang Sakit pada Hari Sabat
Lukas,13,11,Lukas 13:11,Di situ ada seorang ibu yang sudah delapan belas tahun dibelenggu oleh setan yang mendatangkan penyakit. Akibatnya punggungnya bungkuk dan ia tidak dapat berdiri tegak.,
Lukas,13,12,Lukas 13:12,"Ketika Isa melihatnya, dipanggil-Nyalah ibu itu, lalu bersabda, “Ibu, sekarang bebaslah engkau dari penyakitmu.”",
Lukas,13,13,Lukas 13:13,"Isa meletakkan tangan-Nya atas ibu itu, dan saat itu juga sembuhlah ia, lalu memuliakan Allah.",
Lukas,13,14,Lukas 13:14,"Kepala rumah ibadah di situ marah melihat Isa menyembuhkan orang pada hari Sabat. Lalu, katanya kepada orang banyak yang ada di situ, “Ada enam hari untuk bekerja. Kalau kalian mau disembuhkan, datanglah pada hari-hari itu, jangan pada hari Sabat.”",
Lukas,13,15,Lukas 13:15,"Tetapi, Isa, Sang Junjungan, bersabda, “Hai, kamu orang munafik! Bukankah pada hari Sabat kamu masing-masing melepaskan lembu atau keledaimu dari kandang dan membawanya untuk minum?",
Lukas,13,16,Lukas 13:16,Ibu ini adalah keturunan Ibrahim. Sudah delapan belas tahun lamanya ia diikat oleh kuasa setan. Tidak bolehkah ia dilepaskan dari ikatan itu pada hari Sabat?”,
Lukas,13,17,Lukas 13:17,"Karena Isa bersabda seperti itu, maka orang-orang yang menentang Dia menjadi malu sekali. Tetapi, orang banyak yang berada di situ gembira melihat semua perbuatan mulia yang telah dilakukan oleh-Nya.",
Lukas,13,18,Lukas 13:18,"Lalu, Isa bersabda, “Seperti apakah Kerajaan Allah itu dan dengan apakah Aku akan mengibaratkannya?",Ibarat tentang Biji Sesawi dan Ragi
Lukas,13,19,Lukas 13:19,"Kerajaan Allah itu dapat diibaratkan dengan benih sesawi yang diambil orang untuk ditanam di ladangnya. Biji sesawi itu kemudian tumbuh menjadi pohon, lalu burung-burung pun membuat sarang pada cabang-cabangnya.”",
Lukas,13,20,Lukas 13:20,"Isa bersabda lagi, “Dengan apa pula Aku dapat mengibaratkan Kerajaan Allah itu?",
Lukas,13,21,Lukas 13:21,"Kerajaan Allah dapat diibaratkan dengan ragi yang diambil oleh seorang perempuan, lalu dibubuhkan pada empat puluh liter tepung sampai semuanya menjadi khamir.”",
Lukas,13,22,Lukas 13:22,"Isa melanjutkan perjalanan-Nya menuju Yerusalem lewat beberapa kota dan desa, lalu di kota-kota dan desa-desa itu Ia mengajar orang-orang.",Siapa yang Diselamatkan
Lukas,13,23,Lukas 13:23,"Ada orang yang bertanya kepada-Nya, “Ya Junjungan, sedikit sajakah orang yang diselamatkan nanti?”",
Lukas,13,24,Lukas 13:24,"Sabda Isa kepada orang-orang yang ada di situ, “Berusahalah untuk masuk melalui pintu yang sempit. Aku berkata kepadamu, banyak orang akan berusaha untuk masuk, tetapi tidak dapat.",
Lukas,13,25,Lukas 13:25,"Akan tiba waktunya tuan rumah bangkit dan menutup pintu. Apabila kamu masih berdiri di luar, lalu kamu mengetuk pintu serta berkata, ‘Tuan, tolong bukakan pintu untuk kami,’ maka tuan rumah itu akan menjawab, ‘Aku tidak mengenal kamu dan tidak tahu dari mana kamu datang.’",
Lukas,13,26,Lukas 13:26,"Lalu, kamu akan berkata, ‘Kami makan dan minum bersama Tuan, dan Tuan pun mengajar di lorong-lorong kami.’",
Lukas,13,27,Lukas 13:27,"Ia akan menjawab, ‘Aku berkata kepadamu, aku tidak tahu dari mana kamu datang. Pergilah dari sini, hai kamu semua yang melakukan kejahatan!’",
Lukas,13,28,Lukas 13:28,"Di sana kamu akan menangis dan menderita karena kamu melihat Ibrahim, Ishak, Yakub, dan semua nabi yang lain berada di dalam Kerajaan Allah, sedangkan kamu sendiri diusir keluar.",
Lukas,13,29,Lukas 13:29,"Orang-orang akan datang dari timur, barat, utara, dan selatan, lalu mereka duduk makan di dalam Kerajaan Allah.",
Lukas,13,30,Lukas 13:30,"Sesungguhnya, orang-orang yang terakhir menjadi yang pertama, dan orang-orang yang pertama menjadi yang terakhir.”",
Lukas,13,31,Lukas 13:31,"Pada waktu itu, beberapa orang dari mazhab Farisi datang kepada Isa dan berkata, “Pergilah dari sini ke tempat yang lain karena Herodes hendak membunuh-Mu.”",Isa Harus Mati di Yerusalem; Keluhan terhadap Yerusalem
Lukas,13,32,Lukas 13:32,"Sabda Isa, “Pergilah kepada si rubah itu dan katakan kepadanya, ‘Hari ini dan besok Aku mengusir setan serta menyembuhkan orang sakit, sedangkan pada hari yang ketiga tugas-Ku selesai.’",
Lukas,13,33,Lukas 13:33,"Tetapi, hari ini, besok, dan lusa, Aku harus melanjutkan perjalanan-Ku karena seorang nabi tidak boleh mati di luar Kota Yerusalem.",
Lukas,13,34,Lukas 13:34,"Hai Yerusalem, Yerusalem! Kota yang menjatuhkan hukuman mati bagi nabi-nabi dan yang merajam semua orang yang diutus kepadamu! Berulang kali Aku hendak mengumpulkan anak-anakmu seperti seekor induk ayam yang mengumpulkan anak-anaknya di bawah kepaknya, tetapi kamu tidak mau!",
Lukas,13,35,Lukas 13:35,"Sesungguhnya, rumahmu ini akan ditinggalkan sehingga menjadi sunyi. Aku pun berkata kepadamu, mulai saat ini kamu tidak akan melihat Aku lagi sampai suatu saat kamu berkata, ‘Mubaraklah Dia yang datang dalam nama Tuhan!’”",
Lukas,14,1,Lukas 14:1,"Suatu kali pada hari Sabat, Isa pergi ke rumah seorang pemimpin dari mazhab Farisi untuk makan. Orang-orang terus memperhatikan Dia.",Penyembuhan pada Hari Sabat
Lukas,14,2,Lukas 14:2,"Kemudian, datanglah kepada-Nya seorang laki-laki yang sakit busung.",
Lukas,14,3,Lukas 14:3,"Lalu, Isa bersabda kepada ahli-ahli Kitab Suci Taurat dan orang-orang dari mazhab Farisi yang ada di situ, “Bolehkah menyembuhkan orang pada hari Sabat atau tidak?”",
Lukas,14,4,Lukas 14:4,"Tetapi, mereka diam saja. Isa memegang tangan orang itu, menyembuhkan dia, kemudian menyuruhnya pergi.",
Lukas,14,5,Lukas 14:5,"Sabda Isa lagi kepada mereka, “Seandainya keledai atau lembumu jatuh ke dalam sumur pada hari Sabat, apakah ada di antaramu yang tidak segera menariknya keluar?”",
Lukas,14,6,Lukas 14:6,Mereka tidak dapat menjawab hal itu.,
Lukas,14,7,Lukas 14:7,"Isa melihat bagaimana orang-orang yang diundang ke perjamuan memilih tempat-tempat terhormat. Oleh karena itu, bersabdalah Ia kepada mereka,",Tempat yang Paling Utama dan yang Paling Rendah
Lukas,14,8,Lukas 14:8,"“Apabila seseorang mengundang engkau ke pesta pernikahan, jangan duduk di tempat terhormat sebab mungkin orang itu sudah mengundang tamu lain yang lebih terhormat daripadamu,",
Lukas,14,9,Lukas 14:9,"lalu orang yang mengundang engkau datang bersama tamu itu dan berkata kepadamu, ‘Berilah tempat ini kepada orang ini.’ Akibatnya dengan rasa malu engkau harus pindah ke tempat yang paling rendah.",
Lukas,14,10,Lukas 14:10,"Sebaliknya, apabila seseorang mengundangmu, duduklah di tempat yang paling rendah. Mungkin orang yang mengundangmu itu akan datang kepadamu dan berkata, ‘Kawan, silakan duduk di sana, di depan.’ Dengan demikian, engkau akan dihormati di hadapan semua tamu yang ada di situ.",
Lukas,14,11,Lukas 14:11,Sebab orang yang meninggikan dirinya akan direndahkan dan orang yang merendahkan dirinya akan ditinggikan.”,
Lukas,14,12,Lukas 14:12,"Lalu, Isa bersabda kepada orang yang mengundang-Nya, “Apabila engkau mengadakan pesta, entah itu siang hari atau malam hari, jangan undang sahabat-sahabatmu, saudara-saudaramu, kaum keluargamu, atau orang sekampungmu yang kaya-kaya sebab mereka akan balik mengundangmu dan dengan demikian engkau sudah menerima balasannya.",Siapa yang Harus Diundang
Lukas,14,13,Lukas 14:13,"Sebaliknya, apabila engkau mengadakan pesta, undanglah orang-orang yang miskin, cacat, lumpuh, dan buta.",
Lukas,14,14,Lukas 14:14,Engkau akan berbahagia sebab mereka tidak mempunyai apa-apa untuk membalas undanganmu. Engkau akan memperoleh balasannya pada waktu orang-orang benar dihidupkan kembali.”,
Lukas,14,15,Lukas 14:15,"Ketika salah seorang tamu yang duduk makan di situ mendengar Isa bersabda begitu, berkatalah ia, “Berbahagialah orang yang kelak akan dijamu dalam Kerajaan Allah.”",Ibarat tentang Orang-Orang yang Suka Mencari-cari Alasan
Lukas,14,16,Lukas 14:16,"Sabda Isa kepada orang itu, “Ada seorang yang mengadakan pesta besar dan mengundang banyak orang.",
Lukas,14,17,Lukas 14:17,"Ketika pesta akan dimulai, ia menyuruh hambanya pergi kepada para undangan untuk berkata, ‘Silakan datang! Semuanya sudah siap.’",
Lukas,14,18,Lukas 14:18,"Tetapi, mereka semua sama-sama meminta maaf. Yang seorang berkata, ‘Aku baru membeli ladang dan aku harus pergi memeriksanya. Aku minta maaf.’",
Lukas,14,19,Lukas 14:19,"Sedangkan yang lain berkata, ‘Aku sudah membeli lima pasang lembu. Aku perlu pergi untuk mencobanya. Aku minta maaf.’",
Lukas,14,20,Lukas 14:20,"Yang lain lagi berkata, ‘Aku baru menikah, jadi aku tidak dapat datang.’",
Lukas,14,21,Lukas 14:21,"Hamba itu kembali dan memberitahukan hal itu kepada tuannya. Tuan itu marah sekali, lalu berkata kepada hambanya, ‘Cepat, pergilah ke jalan-jalan dan lorong-lorong di kota. Ajaklah kemari orang-orang miskin, cacat, buta, dan lumpuh.’",
Lukas,14,22,Lukas 14:22,"Hamba itu menjawab, ‘Perintah Tuan sudah dilaksanakan, tetapi masih ada tempat yang kosong, Tuan.’",
Lukas,14,23,Lukas 14:23,"Maka, tuan itu berkata kepada hambanya, ‘Pergilah sekarang ke jalan-jalan raya dan kampung-kampung. Ajaklah orang-orang di situ untuk datang supaya rumahku terisi penuh.’",
Lukas,14,24,Lukas 14:24,"Lalu, tuan itu berkata lagi, ‘Aku berkata kepadamu, tak seorang pun dari antara orang-orang yang pertama diundang itu boleh menikmati perjamuanku ini.’”",
Lukas,14,25,Lukas 14:25,"Banyak orang sedang turut berjalan bersama Isa. Kemudian, Isa menoleh dan bersabda kepada mereka,",Segala Sesuatu Harus Dilepaskan untuk Mengikut Isa
Lukas,14,26,Lukas 14:26,"“Siapa datang kepada-Ku, tetapi tidak membenci ayahnya, ibunya, istrinya, anak-anaknya, saudara-saudaranya laki-laki, saudara-saudaranya perempuan, bahkan dirinya sendiri, ia tidak dapat menjadi pengikut-Ku.",
Lukas,14,27,Lukas 14:27,"Siapa tidak memikul salibnya sendiri dan mengikut Aku, ia tidak dapat menjadi pengikut-Ku.",
Lukas,14,28,Lukas 14:28,"Jika seorang di antaramu hendak membangun sebuah menara, masakan ia tidak duduk dahulu menghitung anggarannya untuk mengetahui apakah uangnya cukup untuk menyelesaikannya?",
Lukas,14,29,Lukas 14:29,"Jika demikian halnya, maka mungkin ia dapat mulai membangun dasarnya, tetapi kemudian tidak dapat menyelesaikan pekerjaannya sehingga semua orang yang melihat hal itu akan mengejeknya.",
Lukas,14,30,Lukas 14:30,"Mereka akan berkata, ‘Orang ini membangun, tetapi tidak mampu menyelesaikannya.’",
Lukas,14,31,Lukas 14:31,"Atau jika seorang raja hendak berperang melawan raja lainnya, masakan ia tidak duduk dahulu untuk mempertimbangkan apakah dengan sepuluh ribu prajurit ia sanggup menghadapi raja lain dengan dua puluh ribu prajurit?",
Lukas,14,32,Lukas 14:32,"Jika ia merasa tidak sanggup, tentu sementara lawannya itu masih jauh, ia akan mengirim utusan untuk membicarakan syarat-syarat perdamaian.",
Lukas,14,33,Lukas 14:33,"Demikian pula setiap orang di antaramu yang tidak meninggalkan segala miliknya, ia tidak dapat menjadi pengikut-Ku.",
Lukas,14,34,Lukas 14:34,"Garam memang baik, tetapi apabila garam menjadi tawar, dengan apakah garam itu dapat diasinkan?",
Lukas,14,35,Lukas 14:35,"Garam itu tidak lagi berguna, baik untuk ladang maupun untuk pupuk, dan orang pun akan membuangnya. Siapa bertelinga, dengarlah!”",
Lukas,15,1,Lukas 15:1,Banyak pemungut cukai dan orang berdosa yang datang kepada Isa untuk mendengarkan ajaran-ajaran-Nya.,Ibarat tentang Domba yang Hilang
Lukas,15,2,Lukas 15:2,"Melihat hal itu, orang-orang dari mazhab Farisi dan ahli-ahli Kitab Suci Taurat bersungut-sungut. Mereka berkata, “Orang ini menerima orang-orang berdosa, bahkan duduk makan dengan mereka.”",
Lukas,15,3,Lukas 15:3,"Karena itu, Isa menyampaikan suatu ibarat kepada mereka.",
Lukas,15,4,Lukas 15:4,"Sabda-Nya, “Jika di antaramu ada seorang yang mempunyai seratus ekor domba, lalu seekor di antaranya hilang, apakah ia tidak akan meninggalkan yang sembilan puluh sembilan itu di padang, lalu cepat-cepat pergi mencari seekor yang hilang itu sampai ia menemukannya?",
Lukas,15,5,Lukas 15:5,"Setelah domba itu ditemukan, ia akan bergembira, lalu mengangkat domba itu dan menaruhnya di atas pundaknya.",
Lukas,15,6,Lukas 15:6,"Sesampainya di rumah, ia akan memanggil sahabat-sahabatnya dan tetangga-tetangganya serta berkata, ‘Bergembiralah bersama-sama dengan aku sebab aku sudah menemukan dombaku yang hilang!’",
Lukas,15,7,Lukas 15:7,"Aku berkata kepadamu, demikian pula akan ada kesukaan yang lebih besar di surga atas satu orang berdosa yang bertobat daripada atas sembilan puluh sembilan orang benar yang tidak memerlukan pertobatan.”",
Lukas,15,8,Lukas 15:8,"“Jika seorang perempuan mempunyai sepuluh dirham, lalu satu keping di antaranya hilang, masakan ia tidak menyalakan pelita dan menyapu lantai rumahnya serta mencari uang itu dengan sungguh-sungguh sampai ia mendapatkannya kembali?",Ibarat tentang Uang Perak yang Hilang
Lukas,15,9,Lukas 15:9,"Setelah uang itu ditemukan, ia akan memanggil sahabat-sahabatnya dan tetangga-tetangganya serta berkata, ‘Bergembiralah bersama-sama dengan aku karena aku sudah menemukan kembali uangku yang hilang!’",
Lukas,15,10,Lukas 15:10,"Aku berkata kepadamu, demikian pula akan ada kesukaan di antara malaikat-malaikat Allah karena satu orang berdosa bertobat.”",
Lukas,15,11,Lukas 15:11,"Lalu, Isa bersabda lagi, “Ada seorang bapak yang mempunyai dua orang anak laki-laki.",Ibarat tentang Anak yang Hilang
Lukas,15,12,Lukas 15:12,"Anak yang bungsu berkata kepada ayahnya, ‘Ayah, berikanlah kepadaku harta yang menjadi bagianku.’ Maka, ayahnya membagikan hartanya kepada kedua anaknya itu.",
Lukas,15,13,Lukas 15:13,"Beberapa hari kemudian, anak yang bungsu itu berkemas-kemas, lalu pergi ke negeri yang jauh. Di sana ia memboroskan hartanya dengan hidup berfoya-foya.",
Lukas,15,14,Lukas 15:14,"Setelah semuanya habis, terjadilah kelaparan besar di seluruh negeri itu sehingga ia mulai berkekurangan.",
Lukas,15,15,Lukas 15:15,"Jadi, pergilah ia bekerja pada salah seorang penduduk negeri itu, yang kemudian menyuruhnya menjaga babi-babinya di ladang.",
Lukas,15,16,Lukas 15:16,"Ia ingin sekali bisa mengisi perutnya dengan ampas kacang yang menjadi makanan babi-babi itu, tetapi tak seorang pun memberikannya kepadanya.",
Lukas,15,17,Lukas 15:17,"Setelah ia menyadari keadaannya, berkatalah ia, ‘Orang-orang upahan di rumah ayahku diberi makan berlimpah-limpah, sedangkan aku di sini setengah mati kelaparan!",
Lukas,15,18,Lukas 15:18,"Aku akan berangkat dan pergi kepada ayahku. Aku akan berkata kepadanya: Ayah, aku sudah berdosa terhadap Allah dan juga terhadap Ayah!",
Lukas,15,19,Lukas 15:19,"Aku tidak layak lagi disebut anak Ayah. Terimalah aku sebagai seorang upahan saja, Ayah!’",
Lukas,15,20,Lukas 15:20,"Maka, ia pun berangkat dan pergi kepada ayahnya. Ketika ia masih di kejauhan, ayahnya sudah melihat dia, lalu tergeraklah hatinya oleh belas kasihan. Ia berlari menemui anaknya, lalu dirangkulnya anak itu dan diciumnya.",
Lukas,15,21,Lukas 15:21,"Anaknya berkata kepadanya, ‘Ayah, aku berdosa terhadap Allah dan terhadap Ayah. Aku tidak layak disebut anak Ayah lagi.’",
Lukas,15,22,Lukas 15:22,"Tetapi, ayahnya itu berkata kepada hamba-hambanya, ‘Segeralah ambil pakaian yang terbaik, lalu pakaikan kepadanya. Masukkan cincin pada jarinya dan pakaikan dia kasut.",
Lukas,15,23,Lukas 15:23,Ambillah anak lembu yang gemuk dan sembelihlah lembu itu. Mari kita makan dan bersukaria,
Lukas,15,24,Lukas 15:24,"karena anakku ini dulu mati, tetapi sekarang hidup kembali. Ia dulu hilang, tetapi sekarang aku mendapatkannya kembali.’ Maka, mereka semua bersukaria.",
Lukas,15,25,Lukas 15:25,"Pada waktu itu anaknya yang sulung sedang berada di ladang. Ketika ia pulang dan sudah dekat rumah, ia mendengar bunyi musik dan orang menari.",
Lukas,15,26,Lukas 15:26,"Lalu, ia memanggil seorang hamba dan bertanya, ‘Ada apa ini di rumah?’",
Lukas,15,27,Lukas 15:27,"Hamba itu menjawab, ‘Adik Tuan kembali. Ayah Tuan menyembelih anak lembu yang gemuk sebab ia sudah mendapatkan anaknya kembali dengan selamat di rumah.’",
Lukas,15,28,Lukas 15:28,"Anak yang sulung itu menjadi sangat marah. Ia tidak mau masuk ke rumah. Kemudian, ayahnya keluar untuk membujuknya.",
Lukas,15,29,Lukas 15:29,"Tetapi, ia berkata, ‘Ayah, lihatlah. Bertahun-tahun lamanya aku bekerja untuk Ayah dan belum pernah aku melanggar perintah Ayah. Meskipun begitu, Ayah belum pernah memberikan kepadaku seekor anak kambing pun supaya aku dapat bersukaria dengan sahabat-sahabatku.",
Lukas,15,30,Lukas 15:30,"Tetapi sekarang, ketika datang anak Ayah yang sudah menghabiskan harta Ayah dengan perempuan-perempuan pelacur, Ayah menyembelih anak lembu yang gemuk baginya.’",
Lukas,15,31,Lukas 15:31,"Lalu, sang ayah berkata, ‘Hai anakku, engkau ada selalu bersama-sama dengan aku. Semua kepunyaanku adalah kepunyaanmu juga.",
Lukas,15,32,Lukas 15:32,"Kita patut bersukaria karena adikmu itu tadinya mati, tetapi sekarang hidup lagi. Ia dahulu hilang, tetapi sekarang ia kembali lagi.’”",
Lukas,16,1,Lukas 16:1,"Isa bersabda kepada pengikut-pengikut-Nya, “Ada seorang kaya yang mempunyai seorang pegawai pengurus keuangan. Kepadanya disampaikan tuduhan bahwa pegawainya itu memboroskan harta miliknya.",Ibarat tentang Bendahara yang Tidak Jujur
Lukas,16,2,Lukas 16:2,"Maka, ia memanggil pegawainya itu dan berkata, ‘Apa ini yang kudengar mengenai perilakumu? Aku meminta pertanggungjawabanmu. Engkau tidak boleh menjadi pengurus keuanganku lagi!’",
Lukas,16,3,Lukas 16:3,"Pegawai keuangan itu berpikir dalam hatinya, ‘Tuanku akan memecat aku dari jabatanku sebagai pengurus keuangan. Apa yang harus kulakukan? Aku tidak dapat mencangkul, dan mengemis aku malu.",
Lukas,16,4,Lukas 16:4,"Aku tahu sekarang apa yang harus kulakukan supaya setelah aku dipecat, ada orang yang mau menerimaku di rumahnya.’",
Lukas,16,5,Lukas 16:5,"Dipanggilnya setiap orang yang berutang pada tuannya. Kepada yang pertama ia berkata, ‘Berapa utangmu kepada Tuanku?’",
Lukas,16,6,Lukas 16:6,"Orang itu menjawab, ‘Seratus tempayan minyak.’ Pegawai keuangan itu berkata, ‘Ini suratnya. Duduk dan tulislah lima puluh.’",
Lukas,16,7,Lukas 16:7,"Kepada yang berikutnya ia berkata, ‘Engkau, berapa utangmu?’ Orang itu menjawab, ‘Seratus pikul gandum.’ Pegawai keuangan itu berkata, ‘Ini suratnya, tulislah delapan puluh.’",
Lukas,16,8,Lukas 16:8,Tuannya memuji tindakan pegawainya yang tidak jujur itu sebagai tindakan yang cerdik. Memang anak-anak dunia ini lebih cerdik dalam urusan-urusan dengan sesamanya daripada orang-orang yang hidup di dalam terang.,
Lukas,16,9,Lukas 16:9,"Aku berkata kepadamu, pakailah harta duniawi untuk mendapatkan sahabat supaya kalau harta itu sudah tidak dapat menolong lagi, kamu akan diterima di rumah yang kekal.”",
Lukas,16,10,Lukas 16:10,"“Orang yang dapat dipercaya dalam hal-hal kecil, akan dapat dipercaya pula dalam hal-hal besar. Orang yang tidak jujur dalam hal-hal kecil akan tidak jujur pula dalam hal-hal besar.",Setia dalam Hal yang Kecil; Nasihat
Lukas,16,11,Lukas 16:11,"Jadi, kalau kamu tidak setia dalam mengurus harta duniawi, mana mungkin kamu dipercaya untuk mengurus harta yang sejati?",
Lukas,16,12,Lukas 16:12,"Jika kamu tidak dapat dipercaya untuk mengurus milik orang lain, siapakah yang akan memberikan kepadamu sesuatu untuk menjadi milikmu sendiri?",
Lukas,16,13,Lukas 16:13,"Seorang hamba tidak mungkin melayani dua tuan. Sebab pasti ia akan meremehkan yang seorang dan mengasihi yang lain, atau ia akan menghargai yang seorang dan menyepelekan yang lain. Kamu tidak mungkin mengabdi kepada Allah sekaligus kepada harta duniawi.”",
Lukas,16,14,Lukas 16:14,"Ketika orang-orang dari mazhab Farisi mendengar semua yang disabdakan oleh Isa, mereka mencemoohkan Dia sebab mereka memang suka akan uang.",
Lukas,16,15,Lukas 16:15,"Isa bersabda kepada mereka, “Kamu sendirilah yang membuat dirimu seolah-olah benar di hadapan orang, tetapi Allah tahu apa yang ada dalam hatimu. Sebab hal-hal yang diagung-agungkan oleh manusia, dibenci oleh Allah.",
Lukas,16,16,Lukas 16:16,"Hukum Taurat dan tulisan para nabi berlaku sampai pada masa Yahya. Sejak kehadiran Yahya, Kerajaan Allah diberitakan ke mana-mana dan setiap orang berusaha keras untuk masuk ke dalamnya.",
Lukas,16,17,Lukas 16:17,Lebih mudah langit dan bumi lenyap daripada satu titik dari hukum Taurat batal.,
Lukas,16,18,Lukas 16:18,"Siapa menceraikan istrinya, lalu menikah dengan perempuan lain, ia berbuat zina. Demikian juga orang yang menikah dengan istri yang sudah diceraikan oleh suaminya, ia pun berbuat zina.”",
Lukas,16,19,Lukas 16:19,"“Ada seorang kaya. Ia selalu memakai pakaian jubah ungu serta kain lenan halus, dan setiap hari ia bersukaria dalam kemewahan.",Orang Kaya dan Lazarus yang Miskin
Lukas,16,20,Lukas 16:20,"Ada juga seorang pengemis bernama Lazarus. Badannya penuh borok. Ia berbaring dekat pintu rumah orang kaya itu,",
Lukas,16,21,Lukas 16:21,sambil berharap dapat makan dari remah-remah makanan yang jatuh dari meja orang kaya itu. Anjing pun datang dan menjilat boroknya.,
Lukas,16,22,Lukas 16:22,"Kemudian, pengemis itu meninggal, lalu ia diantar oleh malaikat ke pangkuan Nabi Ibrahim. Orang kaya itu meninggal juga, lalu dikuburkan.",
Lukas,16,23,Lukas 16:23,"Sementara ia menderita di alam maut, ia memandang ke atas. Dari jauh dilihatnya Ibrahim, dan Lazarus duduk di pangkuan Ibrahim.",
Lukas,16,24,Lukas 16:24,"Lalu, berserulah ia kepada Ibrahim, katanya, ‘Ya Bapa, kasihanilah aku. Suruhlah Lazarus mencelupkan ujung jarinya ke dalam air dan datang kepadaku untuk menyejukkan lidahku karena aku menderita sekali di sini, di dalam nyala api ini.’",
Lukas,16,25,Lukas 16:25,"Tetapi, Ibrahim menjawab, ‘Ingatlah, anakku, dalam hidupmu engkau sudah menerima semua yang baik, sedangkan Lazarus hanya menerima yang tidak baik. Sekarang di sini ia dihibur dan engkau sengsara.",
Lukas,16,26,Lukas 16:26,"Selain itu, di antara kita ada jurang yang besar sehingga orang yang hendak pergi dari sini ke tempatmu, dan orang yang hendak pergi dari sana ke tempat kami, tidak dapat menyeberang.’",
Lukas,16,27,Lukas 16:27,"Lalu, orang kaya itu berkata, ‘Kalau begitu, aku mohon sudilah Nabi menyuruh Lazarus ke rumah orang tuaku",
Lukas,16,28,Lukas 16:28,karena aku masih mempunyai lima saudara laki-laki. Suruhlah Lazarus pergi untuk mengingatkan mereka supaya jangan sampai mereka masuk juga ke tempat yang penuh penderitaan ini.’,
Lukas,16,29,Lukas 16:29,"Tetapi, jawab Ibrahim, ‘Pada mereka sudah ada Kitab Suci yang telah disampaikan melalui Musa dan nabi-nabi lainnya. Seharusnya mereka memperhatikan apa yang dikatakan dalam kitab-kitab itu.’",
Lukas,16,30,Lukas 16:30,"Orang itu berkata, ‘Itu tidak cukup, ya Bapa! Tetapi, jika ada seorang dari antara orang mati pergi kepada mereka, pastilah mereka akan bertobat.’",
Lukas,16,31,Lukas 16:31,"Ibrahim menjawab, ‘Jika mereka tidak mau memperhatikan apa yang dikatakan dalam tulisan-tulisan suci yang disampaikan melalui Musa serta nabi-nabi lainnya, pasti mereka juga tidak dapat diyakinkan sekalipun ada orang mati yang hidup kembali.’”",
Lukas,17,1,Lukas 17:1,"Isa bersabda kepada para pengikut-Nya, “Mustahil tidak ada hal yang menyebabkan orang berbuat dosa, tetapi celakalah orang yang menjadi penyebabnya.",Beberapa Nasihat
Lukas,17,2,Lukas 17:2,"Lebih baik baginya jika sebuah batu kisaran diikatkan pada lehernya, lalu ia dilemparkan ke laut daripada ia menyebabkan salah satu dari orang-orang kecil ini berdosa.",
Lukas,17,3,Lukas 17:3,"Karena itu, jagalah dirimu baik-baik. Jika saudaramu berbuat dosa, tegurlah dia. Jika ia menyesal, ampunilah dia.",
Lukas,17,4,Lukas 17:4,"Jika ia bersalah kepadamu tujuh kali sehari dan tujuh kali juga ia kembali kepadamu serta berkata, ‘Aku menyesal,’ engkau harus mengampuninya.”",
Lukas,17,5,Lukas 17:5,"Maka, kata rasul-rasul itu kepada Isa, Sang Junjungan, “Tambahkanlah iman kami!”",
Lukas,17,6,Lukas 17:6,"Sabda Sang Junjungan, “Jika kamu mempunyai iman sebesar biji sesawi, kamu dapat berkata kepada pohon ara ini, ‘Tercabutlah kau dan tertanamlah di laut!’ Maka, pohon itu akan menuruti perintahmu.”",
Lukas,17,7,Lukas 17:7,"“Jikalau kamu mempunyai seorang hamba yang bekerja sebagai pembajak atau penggembala domba, apakah ada di antaramu yang akan berkata kepada hambanya itu ketika ia pulang dari ladang, ‘Silakan duduk dan makan!’?",Tuan dan Hamba
Lukas,17,8,Lukas 17:8,"Bukankah sebaliknya kamu akan berkata kepadanya, ‘Sediakan makanan, ikatlah pinggangmu dan layanilah aku sampai aku selesai makan dan minum, setelah itu baru engkau boleh makan dan minum’?",
Lukas,17,9,Lukas 17:9,Apakah kamu akan mengucapkan terima kasih kepadanya karena ia sudah melaksanakan perintahmu?,
Lukas,17,10,Lukas 17:10,"Begitu juga dengan kamu. Apabila kamu sudah melakukan semua yang harus kamu kerjakan, katakanlah, ‘Kami hanyalah pelayan biasa. Kami hanya melakukan apa yang sudah menjadi tugas kami.’”",
Lukas,17,11,Lukas 17:11,"Dalam perjalanan-Nya ke Yerusalem, Isa menyusuri wilayah perbatasan Samaria dan Galilea.",Sepuluh Orang yang Berpenyakit Kusta
Lukas,17,12,Lukas 17:12,"Ketika Isa memasuki sebuah desa, Ia didatangi sepuluh orang berpenyakit kusta. Mereka berdiri jauh-jauh",
Lukas,17,13,Lukas 17:13,"dan berseru, “Ya Isa, ya Junjungan! Kasihanilah kami!”",
Lukas,17,14,Lukas 17:14,"Isa melihat mereka, lalu bersabda, “Pergilah, tunjukkanlah dirimu kepada imam-imam.” Maka, mereka pun pergi dan di tengah jalan mereka sembuh.",
Lukas,17,15,Lukas 17:15,"Ketika salah seorang dari antara mereka menyadari bahwa dirinya sudah sembuh, ia kembali sambil memuliakan Allah dengan suara keras.",
Lukas,17,16,Lukas 17:16,Di depan Isa sujudlah ia sampai ke tanah dan mengucapkan terima kasih. Orang itu adalah orang Samaria.,
Lukas,17,17,Lukas 17:17,"Isa bersabda, “Bukankah ada sepuluh orang yang disembuhkan? Manakah yang sembilan orang?",
Lukas,17,18,Lukas 17:18,Mengapa hanya orang asing ini saja yang kembali untuk memuliakan Allah?”,
Lukas,17,19,Lukas 17:19,"Lalu, Isa bersabda kepadanya, “Berdirilah dan pergilah. Imanmu telah menyembuhkan engkau.”",
Lukas,17,20,Lukas 17:20,"Ada orang-orang dari mazhab Farisi yang bertanya kepada Isa mengenai kapan Kerajaan Allah akan datang. Sabda Isa, “Kerajaan Allah bukanlah kerajaan yang dinanti-nantikan kedatangannya.",Kedatangan Kerajaan Allah
Lukas,17,21,Lukas 17:21,"Lagi pula, tidak ada orang yang dapat berkata, ‘Lihat, Kerajaan Allah ada di sini atau di sana!’ Sebab Kerajaan Allah sudah ada di antara kamu.”",
Lukas,17,22,Lukas 17:22,"Kemudian, Isa bersabda kepada pengikut-pengikut-Nya, “Akan datang saatnya kamu ingin melihat satu dari antara hari-hari Anak Manusia, tetapi kamu tidak akan melihatnya.",
Lukas,17,23,Lukas 17:23,"Orang akan berkata kepadamu, ‘Lihat, Ia ada di sana!’ Atau, ‘Lihat, Ia ada di sini!’ Jangan kamu pergi atau mengikutinya.",
Lukas,17,24,Lukas 17:24,"Karena sama seperti kilat memancar dari ujung langit yang satu ke ujung yang lainnya, demikianlah kedatangan Anak Manusia itu nanti.",
Lukas,17,25,Lukas 17:25,"Tetapi, sebelum hal itu terjadi, tak dapat tidak Anak Manusia harus mengalami banyak penderitaan dan ditolak oleh orang-orang dari generasi ini.",
Lukas,17,26,Lukas 17:26,"Sama seperti telah terjadi pada zaman Nabi Nuh, demikian jugalah akan terjadi pada zaman Anak Manusia.",
Lukas,17,27,Lukas 17:27,"Mereka makan, minum, menikah, dan dinikahkan sampai pada hari Nuh masuk ke dalam bahtera. Lalu, air bah datang dan membinasakan semuanya.",
Lukas,17,28,Lukas 17:28,"Demikian pula yang terjadi pada zaman Lut. Orang-orang makan, minum, berjual beli, bercocok tanam, dan membangun rumah,",
Lukas,17,29,Lukas 17:29,"tetapi pada hari Lut keluar dari Kota Sodom, api dan belerang turun dari langit seperti hujan, lalu membinasakan mereka semua.",
Lukas,17,30,Lukas 17:30,Begitu jugalah yang akan terjadi pada waktu Anak Manusia dinyatakan.,
Lukas,17,31,Lukas 17:31,"Pada hari itu jika orang ada di sotoh rumah dan barang-barangnya ada di bawah, di dalam rumahnya, jangan ia turun untuk mengambil barang-barangnya itu. Demikian pula jika orang ada di ladang, jangan ia pulang ke rumahnya.",
Lukas,17,32,Lukas 17:32,Ingatlah apa yang terjadi pada istri Lut.,
Lukas,17,33,Lukas 17:33,"Orang yang berusaha memelihara nyawanya akan kehilangan nyawanya, dan orang yang kehilangan nyawanya justru akan menyelamatkan nyawanya.",
Lukas,17,34,Lukas 17:34,"Aku berkata kepadamu, pada malam itu dua orang akan berbaring di atas satu tempat tidur; yang seorang akan dibawa pergi dan yang lainnya ditinggalkan.",
Lukas,17,35,Lukas 17:35,Dua orang perempuan akan bersama-sama menggiling gandum; yang seorang akan dibawa pergi dan yang lainnya ditinggalkan.,
Lukas,17,36,Lukas 17:36,Dua orang akan bekerja bersama-sama di ladang; yang satu akan dibawa pergi dan yang lainnya ditinggalkan.”,
Lukas,17,37,Lukas 17:37,"Pengikut-pengikut Isa bertanya kepada-Nya, “Di mana, Junjungan?” Isa menjawab, “Di tempat ada mayat, di situ juga ada burung nasar.”",
Lukas,18,1,Lukas 18:1,Isa menyampaikan suatu ibarat kepada pengikut-pengikut-Nya untuk mengajar mereka bahwa mereka harus selalu berdoa tanpa menyerah.,Ibarat tentang Hakim yang Tidak Benar
Lukas,18,2,Lukas 18:2,"Sabda-Nya, “Di sebuah kota ada seorang hakim yang tidak takut kepada Allah dan juga tidak mempedulikan siapa pun.",
Lukas,18,3,Lukas 18:3,"Di kota itu juga ada seorang janda. Janda itu berkali-kali menghadap hakim itu dan berkata, ‘Belalah perkaraku terhadap orang yang mendakwa aku.’",
Lukas,18,4,Lukas 18:4,"Untuk beberapa waktu lamanya hakim itu menolak permintaan janda itu. Tetapi kemudian, ia berkata dalam hatinya, ‘Aku tidak takut kepada Allah dan tidak peduli dengan siapa pun.",
Lukas,18,5,Lukas 18:5,"Meskipun begitu, karena janda ini terus-menerus menyusahkan aku, sebaiknya kubela saja perkaranya supaya jangan aku menjadi penat karena ia selalu datang kepadaku.’”",
Lukas,18,6,Lukas 18:6,"Lalu, Isa, Sang Junjungan, bersabda, “Perhatikanlah apa yang dikatakan oleh hakim yang tidak benar itu!",
Lukas,18,7,Lukas 18:7,Apakah Allah tidak akan membela perkara orang-orang pilihan-Nya yang siang malam terus-menerus berseru kepada-Nya? Apakah Ia akan berlambat-lambat untuk menolong mereka?,
Lukas,18,8,Lukas 18:8,"Aku berkata kepadamu, Ia akan segera membela mereka. Tetapi, apabila Anak Manusia datang, masihkah Ia mendapati iman di bumi?”",
Lukas,18,9,Lukas 18:9,"Lalu, Isa menyampaikan lagi suatu ibarat kepada orang-orang yang merasa diri benar dan menganggap rendah orang lain.",Ibarat tentang Orang dari Mazhab Farisi dengan Pemungut Cukai
Lukas,18,10,Lukas 18:10,"Sabda-Nya, “Ada dua orang pergi ke Bait Allah untuk berdoa. Seorang di antaranya adalah orang dari mazhab Farisi dan yang lainnya adalah pemungut cukai.",
Lukas,18,11,Lukas 18:11,"Orang dari mazhab Farisi itu berdiri dan berdoa begini di dalam hatinya, ‘Ya Allah, aku mengucap syukur kepada-Mu karena aku tidak seperti orang lain. Aku bukan perampas, bukan orang yang tidak adil, bukan pezina, dan bukan pula seperti pemungut cukai ini.",
Lukas,18,12,Lukas 18:12,Aku berpuasa dua kali seminggu dan aku pun mempersembahkan kepada Tuhan sepersepuluh dari penghasilanku.’,
Lukas,18,13,Lukas 18:13,"Akan tetapi, pemungut cukai itu berdiri jauh-jauh dan tidak berani menengadah ke langit. Sambil memukul-mukul dada tanda menyesal ia berkata, ‘Ya Allah, kasihanilah aku, orang yang berdosa!’",
Lukas,18,14,Lukas 18:14,"Aku berkata kepadamu, pemungut cukai itu pulang ke rumahnya sebagai orang yang dibenarkan oleh Allah, bukan orang dari mazhab Farisi itu. Sebab siapa meninggikan diri, ia akan direndahkan. Tetapi sebaliknya, siapa merendahkan diri, ia akan ditinggikan.”",
Lukas,18,15,Lukas 18:15,"Kemudian, beberapa orang membawa anak-anak mereka yang masih kecil kepada Isa dengan maksud supaya Ia menyentuh mereka. Ketika para pengikut-Nya melihat hal itu, mereka menegur orang-orang itu.",Isa Memohonkan Berkah bagi Anak-Anak
Lukas,18,16,Lukas 18:16,"Tetapi, Isa memanggil anak-anak itu untuk datang kepada-Nya, lalu bersabda, “Biarkanlah anak-anak itu datang kepada-Ku. Jangan halangi mereka karena orang-orang yang demikianlah yang memiliki Kerajaan Allah.",
Lukas,18,17,Lukas 18:17,"Sesungguhnya, Aku berkata kepadamu, siapa tidak menerima Kerajaan Allah seperti anak-anak, ia tidak akan masuk ke dalamnya.”",
Lukas,18,18,Lukas 18:18,"Seorang pemimpin bertanya kepada Isa, “Ya Guru yang baik, apa yang harus kulakukan supaya aku mendapatkan hidup yang kekal?”",Orang Kaya Sukar Masuk Kerajaan Allah
Lukas,18,19,Lukas 18:19,"Sabda Isa, “Mengapa engkau menyebut Aku baik? Tidak ada seorang pun yang baik, kecuali Allah.",
Lukas,18,20,Lukas 18:20,"Engkau tahu perintah-perintah Allah: Jangan berzina, jangan membunuh, jangan mencuri, jangan menjadi saksi dusta, hormatilah ayah serta ibumu.”",
Lukas,18,21,Lukas 18:21,"Orang itu menjawab, “Semua perintah itu sudah kuturuti sejak aku kecil.”",
Lukas,18,22,Lukas 18:22,"Mendengar orang itu berkata begitu, bersabdalah Isa kepadanya, “Masih ada satu yang kurang padamu: Juallah semua yang kaumiliki, kemudian berikanlah hasil penjualannya kepada fakir miskin maka engkau akan memperoleh harta di surga. Kemudian, datanglah, ikutlah Aku.”",
Lukas,18,23,Lukas 18:23,"Setelah didengarnya Isa bersabda demikian, orang itu menjadi sedih sekali karena ia sangat kaya.",
Lukas,18,24,Lukas 18:24,"Ketika Isa melihat hal itu, bersabdalah Ia, “Betapa sulitnya orang kaya masuk ke dalam Kerajaan Allah!",
Lukas,18,25,Lukas 18:25,Lebih mudah seekor unta melewati lubang jarum daripada seorang kaya masuk Kerajaan Allah.”,
Lukas,18,26,Lukas 18:26,"Orang-orang yang mendengar hal itu berkata, “Kalau begitu, siapakah yang dapat diselamatkan?”",
Lukas,18,27,Lukas 18:27,"Sabda-Nya, “Apa yang mustahil bagi manusia, tidak mustahil bagi Allah.”",
Lukas,18,28,Lukas 18:28,"Petrus berkata, “Ya Junjungan, kami sudah meninggalkan semua yang kami miliki dan mengikut Engkau.”",Upah Mengikut Isa
Lukas,18,29,Lukas 18:29,"Sabda Isa, “Sesungguhnya, Aku berkata kepadamu, setiap orang yang meninggalkan rumahnya, istrinya, saudaranya, orang tuanya, atau anak-anaknya karena Kerajaan Allah,",
Lukas,18,30,Lukas 18:30,"maka pada saat ini juga, ia akan menerima kembali berlipat ganda. Sedangkan pada masa yang akan datang, ia akan memperoleh hidup yang kekal.”",
Lukas,18,31,Lukas 18:31,"Isa memanggil kedua belas pengikut-Nya, lalu bersabda kepada mereka, “Sekarang kita sedang menuju Yerusalem. Semua yang ditulis oleh para nabi mengenai Anak Manusia akan terjadi.",Pemberitahuan Ketiga tentang Penderitaan Isa
Lukas,18,32,Lukas 18:32,"Ia akan diserahkan ke tangan bangsa-bangsa yang tidak mengenal Allah, lalu diolok-olok, dicaci maki, dan diludahi.",
Lukas,18,33,Lukas 18:33,"Mereka akan menyiksa Dia, lalu menjatuhkan hukuman mati atas diri-Nya, tetapi pada hari yang ketiga Ia akan bangkit.”",
Lukas,18,34,Lukas 18:34,Pengikut-pengikut-Nya tidak mengerti apa yang dimaksudkan-Nya. Arti dari kata-kata-Nya tersembunyi bagi mereka. Mereka tidak menangkap apa maksud perkataan-Nya.,
Lukas,18,35,Lukas 18:35,"Ketika Isa hampir sampai di Yerikho, ada seorang buta yang duduk di tepi jalan sambil meminta-minta.",Isa Menyembuhkan Seorang Buta Dekat Yerikho
Lukas,18,36,Lukas 18:36,"Karena didengarnya orang banyak lewat di situ, bertanyalah ia, “Ada apa?”",
Lukas,18,37,Lukas 18:37,Kepadanya diberitahukan bahwa Isa orang Nazaret lewat di situ.,
Lukas,18,38,Lukas 18:38,"Karena itu, ia berseru keras-keras, “Ya Isa, ya Anak Daud, kasihanilah aku!”",
Lukas,18,39,Lukas 18:39,"Orang-orang yang berjalan di depan menegurnya supaya ia diam. Tetapi, malah semakin keras saja ia berteriak, “Ya Anak Daud, kasihanilah aku!”",
Lukas,18,40,Lukas 18:40,"Kemudian, Isa berhenti dan menyuruh seseorang agar orang buta itu dibawa kepada-Nya. Ketika orang buta itu mendekat, Isa bertanya kepadanya,",
Lukas,18,41,Lukas 18:41,"“Apa yang kaukehendaki Kulakukan bagimu?” Ia menjawab, “Ya Junjungan, kiranya aku dapat melihat!”",
Lukas,18,42,Lukas 18:42,"Sabda Isa kepadanya, “Melihatlah engkau! Imanmu telah menyembuhkan engkau.”",
Lukas,18,43,Lukas 18:43,"Saat itu juga ia dapat melihat, lalu ia mengikut Isa sambil memuliakan Allah. Orang banyak yang melihat hal itu memuji-muji Allah juga.",
Lukas,19,1,Lukas 19:1,Isa memasuki Kota Yerikho dan berjalan terus melintasi kota itu.,Zakheus
Lukas,19,2,Lukas 19:2,"Di situ ada seorang kepala pemungut cukai yang kaya, namanya Zakheus.",
Lukas,19,3,Lukas 19:3,"Orang itu berusaha untuk mencari tahu manakah Isa di antara orang banyak itu. Akan tetapi, ia tidak dapat melihat-Nya sebab terlalu banyak orang dan ia sendiri pendek.",
Lukas,19,4,Lukas 19:4,"Oleh karena itu, ia berlari mendahului orang banyak itu, lalu memanjat sebatang pohon ara untuk dapat melihat Isa sebab Isa akan lewat di situ.",
Lukas,19,5,Lukas 19:5,"Ketika Isa tiba di tempat itu, Ia melihat ke atas dan berkata kepada Zakheus, “Zakheus, cepatlah turun! Karena pada hari ini Aku harus menginap di rumahmu!”",
Lukas,19,6,Lukas 19:6,Zakheus cepat-cepat turun dan menyambut Isa dengan gembira.,
Lukas,19,7,Lukas 19:7,"Ketika orang-orang melihat hal itu, bersungut-sungutlah mereka semua, lalu berkata, “Ia hendak menginap di rumah orang berdosa.”",
Lukas,19,8,Lukas 19:8,"Kemudian, Zakheus berdiri dan berkata kepada Isa, Sang Junjungan, “Ya Junjungan, separuh dari harta milik hamba akan hamba berikan kepada orang miskin dan apa pun yang telah hamba ambil dari orang dengan cara yang tidak jujur akan hamba kembalikan empat kali lipat.”",
Lukas,19,9,Lukas 19:9,"Lalu, Isa bersabda kepadanya, “Hari ini keselamatan telah datang pada seisi rumah ini sebab ia juga keturunan Ibrahim.",
Lukas,19,10,Lukas 19:10,Karena Anak Manusia datang untuk mencari dan menyelamatkan yang hilang.”,
Lukas,19,11,Lukas 19:11,"Sementara orang-orang mendengarkan semua yang disabdakan-Nya, Isa menyampaikan kepada mereka suatu ibarat lagi karena Ia sudah mendekati Yerusalem dan mereka menyangka bahwa Kerajaan Allah akan segera nampak.",Ibarat tentang Hamba yang Setia dan yang Kurang Setia
Lukas,19,12,Lukas 19:12,"Sabda-Nya, “Ada seorang bangsawan. Ia hendak pergi ke suatu negeri yang jauh untuk dinobatkan menjadi raja, lalu segera kembali.",
Lukas,19,13,Lukas 19:13,"Maka, ia memanggil sepuluh orang hambanya dan memberikan kepada mereka uang sebesar sepuluh mina. Lalu, katanya, ‘Jalankanlah uang ini sampai aku kembali.’",
Lukas,19,14,Lukas 19:14,"Akan tetapi, rakyat di negerinya itu membenci dia. Setelah ia pergi, mereka mengirim utusan untuk berkata, ‘Kami tidak menghendaki orang ini menjadi raja atas kami.’",
Lukas,19,15,Lukas 19:15,"Setelah dinobatkan menjadi raja, ia kembali dan langsung memerintahkan supaya hamba-hamba yang sudah diberinya uang itu segera datang menghadap. Ia ingin tahu berapa keuntungan yang mereka dapat dari usaha mereka.",
Lukas,19,16,Lukas 19:16,"Hamba yang pertama datang menghadap dan berkata, ‘Tuan, uang satu mina yang Tuan berikan sudah menghasilkan sepuluh mina.’",
Lukas,19,17,Lukas 19:17,"Tuan itu berkata, ‘Baik sekali pekerjaanmu itu, hai hamba yang baik! Karena engkau setia dengan yang sedikit, maka engkau diberi wewenang untuk memerintah sepuluh kota.’",
Lukas,19,18,Lukas 19:18,"Lalu, hamba yang kedua datang. Ia berkata, ‘Tuan, uang satu mina yang Tuan berikan sudah menghasilkan lima mina.’",
Lukas,19,19,Lukas 19:19,"Kepada hamba ini Tuan itu berkata, ‘Engkau diberi wewenang untuk memerintah lima kota.’",
Lukas,19,20,Lukas 19:20,"Kemudian, datang hamba yang lain. Ia berkata, ‘Tuan, ini uang satu mina yang Tuan berikan kepadaku. Aku menyimpannya di dalam sapu tangan.",
Lukas,19,21,Lukas 19:21,Aku takut kepada Tuan sebab Tuan adalah orang yang keras. Tuan mengambil apa yang tidak Tuan taruh dan menuai apa yang tidak Tuan tabur.’,
Lukas,19,22,Lukas 19:22,"Maka, kata tuan itu, ‘Hai hamba yang jahat! Aku akan menghukum engkau berdasarkan ucapan mulutmu sendiri. Engkau sudah tahu bahwa aku ini orang yang keras yang mengambil apa yang tidak kutaruh dan menuai apa yang tidak kutabur.",
Lukas,19,23,Lukas 19:23,"Kalau begitu, mengapa engkau tidak menaruh uangku pada orang yang menjalankan uang? Bukankah dengan begitu aku dapat mengambilnya bersama-sama dengan bunganya jika aku datang?’",
Lukas,19,24,Lukas 19:24,"Lalu, tuan itu berkata kepada orang-orang yang berdiri di situ, ‘Ambillah uang yang satu mina itu dari dia dan berikanlah kepada hamba yang mempunyai sepuluh mina itu!’",
Lukas,19,25,Lukas 19:25,"Kata orang-orang itu kepada tuan itu, ‘Tuan, dia sudah mempunyai sepuluh mina.’",
Lukas,19,26,Lukas 19:26,"Tuan itu berkata, ‘Aku berkata kepadamu, siapa mempunyai, kepadanya akan ditambahkan. Tetapi, siapa tidak mempunyai, maka yang ada padanya pun akan diambil kembali.",
Lukas,19,27,Lukas 19:27,"Sekarang mengenai orang-orang yang tidak menginginkan aku menjadi raja atas mereka, bawalah mereka kemari dan bunuhlah mereka di hadapanku.’”",
Lukas,19,28,Lukas 19:28,"Setelah bersabda begitu, Isa meneruskan perjalanan-Nya menuju Yerusalem diiringi banyak orang.",Isa Diarak di Yerusalem
Lukas,19,29,Lukas 19:29,"Ketika Isa hampir sampai ke Baitfagi dan Baitani, di bukit yang bernama Bukit Zaitun, Ia menyuruh dua orang pengikut-Nya,",
Lukas,19,30,Lukas 19:30,"sabda-Nya, “Pergilah ke desa yang ada di hadapanmu itu. Ketika kamu memasukinya, kamu akan mendapati seekor keledai muda yang tertambat dan belum pernah ditunggangi oleh seorang pun. Lepaskanlah keledai itu dan bawalah kemari.",
Lukas,19,31,Lukas 19:31,"Jika ada orang yang bertanya kepadamu, ‘Mengapa kamu melepaskannya?’ Katakanlah, ‘Junjungan memerlukannya.’”",
Lukas,19,32,Lukas 19:32,"Kedua orang itu pun pergi, lalu mereka mendapati seperti apa yang telah disabdakan-Nya kepada mereka.",
Lukas,19,33,Lukas 19:33,"Sementara mereka berdua melepaskan keledai itu, pemiliknya berkata kepada mereka, “Mengapa kamu melepaskan keledai itu?”",
Lukas,19,34,Lukas 19:34,"Mereka berkata, “Junjungan memerlukannya.”",
Lukas,19,35,Lukas 19:35,"Kemudian, mereka membawa keledai itu kepada Isa. Punggung keledai itu mereka alasi dengan pakaian mereka, lalu mereka membantu Isa naik ke atasnya.",
Lukas,19,36,Lukas 19:36,"Sementara Isa mengendarai keledai itu, orang-orang menghamparkan pakaian mereka di jalan.",
Lukas,19,37,Lukas 19:37,"Ketika hampir sampai di Yerusalem, pada jalan menurun di Bukit Zaitun, pengikut-pengikut-Nya yang jumlahnya banyak itu mulai bersukaria. Mereka memuji Allah dengan suara nyaring karena mereka telah melihat mukjizat-mukjizat yang telah dilakukan-Nya.",
Lukas,19,38,Lukas 19:38,"Mereka berseru, “Mubaraklah Dia yang datang sebagai raja atas nama Tuhan! Sejahteralah di surga dan kemuliaan di Tempat Yang Mahatinggi!”",
Lukas,19,39,Lukas 19:39,"Di antara orang banyak itu ada beberapa orang dari mazhab Farisi. Mereka berkata kepada-Nya, “Guru, suruhlah pengikut-pengikut-Mu itu diam.”",
Lukas,19,40,Lukas 19:40,"Sabda Isa, “Aku berkata kepadamu, jikalau mereka diam, maka batu-batu ini akan bersorak.”",
Lukas,19,41,Lukas 19:41,"Ketika Isa semakin dekat dengan Yerusalem dan melihat kota itu, Ia menangisinya.",
Lukas,19,42,Lukas 19:42,"Sabda-Nya, “Wahai, alangkah baiknya jikalau pada hari ini juga engkau mengetahui hal-hal yang dapat mendatangkan kesejahteraan bagimu! Tetapi, sayang sekali karena hal itu tersembunyi dari matamu.",
Lukas,19,43,Lukas 19:43,"Akan tiba harinya, musuh-musuhmu membangun kubu pertahanan di sekelilingmu, mengepungmu, dan mengimpitmu dari segala jurusan.",
Lukas,19,44,Lukas 19:44,Mereka akan menghancurkan engkau sampai rata dengan tanah dan membunuh pendudukmu. Tak akan ada satu batu pun yang tinggal tersusun satu di atas yang lain sebab engkau tidak mengenali saat Allah datang melawat engkau.”,
Lukas,19,45,Lukas 19:45,"Kemudian, Isa masuk ke Bait Allah. Ia mengusir semua orang yang berjual beli di situ",Isa Menyucikan Bait Allah
Lukas,19,46,Lukas 19:46,"dan bersabda kepada mereka, “Telah tertulis, ‘Rumah-Ku akan disebut rumah doa,’ tetapi kamu menjadikannya sarang penyamun.”",
Lukas,19,47,Lukas 19:47,"Setiap hari Isa mengajar di Bait Allah. Imam-imam kepala, para ahli Kitab Suci Taurat, dan para pemimpin bangsa itu mencari jalan untuk membinasakan-Nya,",
Lukas,19,48,Lukas 19:48,tetapi mereka tidak menemukan cara untuk melakukannya karena semua orang ingin sekali mendengarkan sabda-Nya.,
Lukas,20,1,Lukas 20:1,"Pada suatu hari, ketika Isa sedang mengajar di Bait Allah dan memberitakan Injil kepada orang banyak, datanglah kepada-Nya imam-imam kepala, para ahli Kitab Suci Taurat, dan para tua-tua.",Pertanyaan mengenai Kuasa Isa
Lukas,20,2,Lukas 20:2,"Kemudian, mereka berkata kepada-Nya, “Katakanlah kepada kami, apa wewenang-Mu melakukan semua itu? Selain itu, siapakah yang memberikan wewenang itu kepada-Mu?”",
Lukas,20,3,Lukas 20:3,"Sabda Isa kepada mereka, “Aku pun hendak bertanya kepadamu dan kamu harus memberikan jawabannya kepada-Ku.",
Lukas,20,4,Lukas 20:4,Dari manakah asalnya permandian Yahya? Dari surga atau dari manusia?”,
Lukas,20,5,Lukas 20:5,"Lalu, mereka membicarakan hal itu di antara mereka sendiri, “Jika kita katakan, ‘dari surga,’ maka Ia akan berkata, ‘Kalau begitu, mengapa kamu tidak percaya kepadanya?’",
Lukas,20,6,Lukas 20:6,"Tetapi, jika kita katakan, ‘dari manusia,’ maka orang banyak ini akan merajam kita karena mereka yakin bahwa Yahya adalah seorang nabi.”",
Lukas,20,7,Lukas 20:7,"Oleh sebab itu, mereka menjawab bahwa mereka tidak tahu dari mana asalnya permandian itu.",
Lukas,20,8,Lukas 20:8,"Kemudian, sabda Isa kepada mereka, “Kalau begitu, Aku pun tidak akan mengatakan dari mana wewenang yang Kumiliki untuk melakukan semua itu.”",
Lukas,20,9,Lukas 20:9,"Lalu, Isa mulai menyampaikan ibarat ini kepada orang-orang yang ada di situ. Sabda-Nya, “Ada seorang yang membuat kebun anggur. Kemudian, ia menyewakannya kepada beberapa penggarap, sedangkan ia sendiri pergi ke negeri lain untuk beberapa waktu lamanya.",Ibarat tentang Penggarap-Penggarap Kebun Anggur
Lukas,20,10,Lukas 20:10,"Ketika tiba musimnya, ia menyuruh seorang hamba menemui penggarap-penggarap itu dengan maksud supaya mereka menyerahkan kepadanya hasil buah dari kebun anggur itu. Tetapi, penggarap-penggarap itu memukuli hamba itu dan menyuruhnya pergi dengan tangan hampa.",
Lukas,20,11,Lukas 20:11,"Kemudian, pemilik kebun anggur itu menyuruh lagi hamba yang lain, tetapi hamba ini pun dipukuli, dipermalukan, dan disuruh pergi dengan tangan hampa oleh mereka.",
Lukas,20,12,Lukas 20:12,"Untuk ketiga kalinya pemilik kebun itu mengutus hamba yang lain lagi, tetapi hamba ini pun dianiaya dan dilempar oleh penggarap-penggarap itu ke luar kebun anggur.",
Lukas,20,13,Lukas 20:13,"Lalu, kata pemilik kebun anggur itu, ‘Apa lagi yang harus kulakukan? Aku akan mengutus anakku yang kukasihi, barangkali mereka akan menghormatinya.’",
Lukas,20,14,Lukas 20:14,"Tetapi, ketika penggarap-penggarap itu melihat dia, mereka berkata satu kepada lainnya, ‘Dia adalah ahli warisnya. Mari kita bunuh dia supaya warisan itu menjadi milik kita.’",
Lukas,20,15,Lukas 20:15,"Lalu, mereka membuangnya ke luar kebun anggur dan membunuhnya. Kira-kira apa yang akan diperbuat oleh pemilik kebun anggur itu terhadap mereka?",
Lukas,20,16,Lukas 20:16,"Tentu ia akan datang dan membinasakan penggarap-penggarap itu, lalu ia akan mempercayakan kebun anggur itu kepada penggarap-penggarap lainnya.” Ketika orang-orang yang ada di situ mendengar apa yang disabdakan-Nya, mereka berkata, “Jangan sekali-kali terjadi yang demikian!”",
Lukas,20,17,Lukas 20:17,"Lalu, Isa memandang kepada mereka dan bersabda, “Kalau begitu, apa maksud dari tulisan ini, ‘Batu yang dibuang oleh tukang-tukang bangunan telah menjadi batu penjuru’?",
Lukas,20,18,Lukas 20:18,"Siapa jatuh ke atas batu itu, ia akan remuk, dan siapa ditimpa oleh batu itu, ia akan hancur luluh.”",
Lukas,20,19,Lukas 20:19,"Kemudian, para ahli Kitab Suci Taurat dan imam-imam kepala itu mencari jalan untuk menangkap Isa karena mereka tahu bahwa kepada diri merekalah ibarat itu ditujukan. Akan tetapi, mereka takut kepada orang banyak.",
Lukas,20,20,Lukas 20:20,"Jadi, para ahli Kitab Suci Taurat dan imam-imam kepala itu terus saja mengamat-amati Isa. Mereka mengirim mata-mata yang berlaku sebagai orang yang tulus supaya mereka dapat menjebak Dia melalui kata-kata-Nya. Dengan demikian, mereka dapat menyerahkan Dia kepada penguasa pemerintah yang berwenang.",Tentang Membayar Pajak kepada Kaisar
Lukas,20,21,Lukas 20:21,"Mereka berkata kepada-Nya, “Wahai Guru, kami tahu bahwa apa yang Engkau katakan dan ajarkan semuanya benar. Engkau menerima orang tanpa pandang muka, dan Engkau mengajarkan Jalan Allah dengan jujur.",
Lukas,20,22,Lukas 20:22,Bolehkah kita membayar pajak kepada Kaisar atau tidak?”,
Lukas,20,23,Lukas 20:23,"Tetapi, Isa tahu bahwa mereka mempunyai maksud yang licik. Lalu, sabda-Nya kepada mereka,",
Lukas,20,24,Lukas 20:24,"“Tunjukkanlah kepada-Ku sekeping uang dinar. Gambar dan cap siapakah yang ada pada dinar ini?” Jawab mereka, “Gambar dan cap Kaisar.”",
Lukas,20,25,Lukas 20:25,"Sabda-Nya kepada mereka, “Kalau begitu, serahkanlah kepada Kaisar apa yang seharusnya diserahkan kepada Kaisar, dan serahkanlah kepada Allah apa yang seharusnya diserahkan kepada Allah.”",
Lukas,20,26,Lukas 20:26,"Mereka tidak dapat menjebak Dia melalui kata-kata-Nya di depan orang banyak itu. Mereka heran akan jawaban-Nya, jadi mereka diam.",
Lukas,20,27,Lukas 20:27,"Kemudian, datanglah kepada Isa beberapa orang dari mazhab Saduki yang berpendapat bahwa kebangkitan orang mati itu tidak ada. Mereka bertanya kepada-Nya,",Pertanyaan Orang-Orang dari Mazhab Saduki tentang Kebangkitan Orang Mati
Lukas,20,28,Lukas 20:28,"“Wahai Guru, Musa telah menuliskan bagi kita bahwa jika seorang saudara laki-laki meninggal, dan ia mempunyai istri, tetapi tidak mempunyai anak, maka saudaranya yang laki-laki harus memperistri janda almarhum itu supaya diperoleh keturunan bagi almarhum.",
Lukas,20,29,Lukas 20:29,"Ada tujuh orang laki-laki bersaudara. Saudara yang pertama menikah, tetapi kemudian ia meninggal tanpa mempunyai anak.",
Lukas,20,30,Lukas 20:30,"Kemudian, janda almarhum itu dinikahi oleh saudaranya yang kedua,",
Lukas,20,31,Lukas 20:31,"yang ketiga, dan seterusnya sampai yang ketujuh, tetapi mereka semua meninggal tanpa mempunyai anak.",
Lukas,20,32,Lukas 20:32,Pada akhirnya perempuan itu pun meninggal.,
Lukas,20,33,Lukas 20:33,"Pada waktu kebangkitan orang mati nanti, istri siapakah perempuan itu? Karena ketujuh laki-laki itu sudah menikahinya.”",
Lukas,20,34,Lukas 20:34,"Sabda Isa kepada mereka, “Orang-orang zaman ini menikah dan dinikahkan,",
Lukas,20,35,Lukas 20:35,sedangkan mereka yang dianggap layak untuk memperoleh kehidupan di akhirat dan dibangkitkan dari antara orang mati tidak akan menikah atau dinikahkan.,
Lukas,20,36,Lukas 20:36,Mereka pun tidak dapat mati lagi karena mereka setara dengan para malaikat. Mereka adalah anak-anak Allah karena mereka telah dibangkitkan.,
Lukas,20,37,Lukas 20:37,"Sedangkan mengenai orang-orang mati yang akan dibangkitkan kembali, bahkan Nabi Musa pun telah menyatakannya dalam tulisannya tentang semak duri yang menyala, yaitu ketika ia menyebut Allah sebagai Tuhan Ibrahim, Ishak, dan Yakub.",
Lukas,20,38,Lukas 20:38,"Ia bukanlah Tuhan yang disembah oleh orang yang mati, melainkan oleh orang yang hidup sebab di hadapan Allah semua orang hidup.”",
Lukas,20,39,Lukas 20:39,"Beberapa ahli Kitab Suci Taurat berkata, “Ya Guru, baik sekali jawaban-Mu itu!”",
Lukas,20,40,Lukas 20:40,"Karena itu, mereka tidak berani lagi mengajukan pertanyaan apa pun kepada-Nya.",
Lukas,20,41,Lukas 20:41,"Isa bersabda kepada mereka, “Bagaimana mungkin orang berkata bahwa Al-Masih adalah anak Daud?",Hubungan antara Isa dan Nabi Daud
Lukas,20,42,Lukas 20:42,"Sebab dalam Kitab Zabur yang disampaikan oleh Daud telah tertulis, ‘Tuhan bersabda kepada Junjunganku: Duduklah di sebelah kanan-Ku",
Lukas,20,43,Lukas 20:43,sampai Aku menaruh musuh-musuh-Mu di bawah kaki-Mu.’,
Lukas,20,44,Lukas 20:44,"Jadi, jika Daud menyebut-Nya ‘Junjungan,’ bagaimana mungkin Dia adalah anaknya?”",
Lukas,20,45,Lukas 20:45,"Ketika semua orang masih mendengarkan Isa, bersabdalah Ia kepada para pengikut-Nya,",Isa Menasihatkan supaya Waspada terhadap Ahli-Ahli Kitab Suci Taurat
Lukas,20,46,Lukas 20:46,"“Jagalah dirimu dari para ahli Kitab Suci Taurat yang suka berjalan-jalan dengan memakai jubah panjang, suka menerima penghormatan di pasar-pasar, dan suka duduk di tempat-tempat terhormat, baik di rumah-rumah ibadah maupun di tempat-tempat perjamuan.",
Lukas,20,47,Lukas 20:47,Mereka merampas isi rumah para janda dan berpura-pura dengan memanjang-manjangkan doa mereka. Pastilah mereka akan menerima hukuman yang lebih berat.”,
Lukas,21,1,Lukas 21:1,"Ketika Isa mengamat-amati orang-orang kaya yang sedang memasukkan persembahan mereka ke dalam peti persembahan,",Persembahan Seorang Janda Miskin
Lukas,21,2,Lukas 21:2,Ia melihat juga seorang janda miskin memasukkan uang dua peser.,
Lukas,21,3,Lukas 21:3,"Lalu, Ia bersabda, “Sesungguhnya, Aku berkata kepadamu, janda miskin itu memasukkan uang lebih banyak daripada semuanya.",
Lukas,21,4,Lukas 21:4,"Karena mereka semua memasukkan persembahan dari kelimpahan mereka, tetapi janda itu dari kekurangannya, yaitu semua yang ada padanya, yang diperlukan untuk biaya hidupnya.”",
Lukas,21,5,Lukas 21:5,"Orang-orang berbicara mengenai Bait Allah. Mereka mengagumi batu-batu yang indah serta barang-barang persembahan lainnya yang menghiasi bangunan itu. Lalu, bersabdalah Isa,",Bait Allah Akan Diruntuhkan
Lukas,21,6,Lukas 21:6,“Kamu lihat semua itu? Akan datang harinya kelak semua itu akan diruntuhkan. Tak akan ada satu batu pun yang tinggal tersusun di atas yang lainnya.”,
Lukas,21,7,Lukas 21:7,"Pengikut-pengikut Isa bertanya, “Ya Guru, kapankah hal itu akan terjadi? Apakah tandanya bahwa sudah waktunya hal itu akan terjadi?”",Permulaan Penderitaan
Lukas,21,8,Lukas 21:8,"Isa bersabda, “Waspadalah, jangan sampai kamu disesatkan orang. Karena banyak orang akan datang dengan nama-Ku dan berkata, ‘Akulah Dia,’ dan, ‘Sudah tiba waktunya.’ Jangan ikuti mereka.",
Lukas,21,9,Lukas 21:9,"Apabila kamu mendengar berita-berita tentang peperangan dan huru-hara, jangan kamu terkejut. Karena semua itu harus terjadi terlebih dahulu, tetapi bukan berarti bahwa kesudahannya segera tiba.”",
Lukas,21,10,Lukas 21:10,"Lalu, Isa bersabda lagi, “Bangsa yang satu akan bangkit melawan bangsa lainnya dan kerajaan yang satu melawan kerajaan lainnya.",
Lukas,21,11,Lukas 21:11,"Selain itu, akan terjadi juga berbagai gempa bumi yang dahsyat, kelaparan di berbagai tempat, wabah penyakit, hal-hal yang menakutkan, dan tanda-tanda ajaib yang dahsyat di langit.",
Lukas,21,12,Lukas 21:12,"Akan tetapi, sebelum semua itu terjadi, kamu akan ditangkap dan dianiaya. Kamu akan diserahkan ke rumah-rumah ibadah dan dimasukkan ke penjara. Kamu akan digiring ke hadapan raja-raja dan penguasa-penguasa karena nama-Ku.",
Lukas,21,13,Lukas 21:13,Itulah kesempatan bagimu untuk memberi kesaksian.,
Lukas,21,14,Lukas 21:14,"Karena itu, tetapkanlah hatimu bahwa kamu tidak akan memikirkan terlebih dahulu apa yang harus kamu katakan",
Lukas,21,15,Lukas 21:15,karena Aku sendirilah yang akan memberikan kepadamu kemampuan untuk berbicara dengan bijaksana sehingga kamu tidak dapat dilawan atau dibantah oleh semua orang yang memusuhimu.,
Lukas,21,16,Lukas 21:16,"Kamu akan diserahkan oleh orang tuamu, saudara-saudaramu, kaum keluargamu, dan juga sahabat-sahabatmu, bahkan ada di antara kamu yang akan mereka bunuh.",
Lukas,21,17,Lukas 21:17,Kamu akan dibenci oleh semua orang karena nama-Ku.,
Lukas,21,18,Lukas 21:18,"Meskipun begitu, sehelai rambut pun dari kepalamu tidak akan ada yang hilang.",
Lukas,21,19,Lukas 21:19,"Jika kamu tetap bertahan, kamu akan memperoleh hidupmu.”",
Lukas,21,20,Lukas 21:20,"“Apabila kamu melihat Yerusalem dikepung oleh tentara, ketahuilah bahwa kebinasaannya sudah dekat.",Tentang Runtuhnya Yerusalem
Lukas,21,21,Lukas 21:21,"Pada waktu itu, orang-orang yang berada di wilayah Yudea harus melarikan diri ke pegunungan. Orang yang berada di dalam kota harus keluar dari situ, dan orang yang berada di luar kota jangan masuk ke dalam kota.",
Lukas,21,22,Lukas 21:22,"Karena pada masa itulah Allah akan menghukum bangsa ini, dan semua yang tertulis mengenai hal itu akan menjadi kenyataan.",
Lukas,21,23,Lukas 21:23,Celakalah ibu-ibu yang pada saat itu sedang mengandung dan sedang menyusui anak! Karena kesusahan besar akan menimpa negeri ini dan penduduknya akan menghadapi murka.,
Lukas,21,24,Lukas 21:24,Mereka akan mati dibunuh dengan pedang dan digiring sebagai tawanan ke tengah-tengah bangsa-bangsa. Kota Yerusalem akan diinjak-injak oleh bangsa-bangsa yang tidak mengenal Allah dan hal itu akan terus berlangsung sampai masa yang ditentukan bagi bangsa-bangsa itu untuk berkuasa menjadi genap.”,
Lukas,21,25,Lukas 21:25,"“Pada matahari, bulan, dan bintang-bintang akan terjadi tanda-tanda. Di bumi, bangsa-bangsa akan ketakutan dan bingung menghadapi deru laut serta ombak.",Kedatangan Anak Manusia; Ibarat tentang Pohon Ara
Lukas,21,26,Lukas 21:26,Orang-orang akan pingsan dilanda kecemasan. Mereka ketakutan menghadapi segala sesuatu yang menimpa bumi ini sebab semua kuasa langit akan diguncangkan.,
Lukas,21,27,Lukas 21:27,"Kemudian, mereka akan melihat Anak Manusia datang dalam awan dengan kuasa dan kemuliaan yang besar.",
Lukas,21,28,Lukas 21:28,"Apabila hal-hal itu mulai terjadi, bangkitlah dan angkatlah wajahmu karena tidak lama lagi kamu akan ditebus.”",
Lukas,21,29,Lukas 21:29,"Lalu, Isa menyampaikan ibarat ini kepada mereka, “Perhatikanlah pohon ara atau pohon-pohon lainnya.",
Lukas,21,30,Lukas 21:30,"Apabila kamu melihat pohon-pohon itu mulai bertunas, maka kamu tahu bahwa musim panas hampir tiba.",
Lukas,21,31,Lukas 21:31,"Begitu juga apabila kamu melihat hal-hal itu terjadi, ketahuilah bahwa Kerajaan Allah sudah dekat.",
Lukas,21,32,Lukas 21:32,"Sesungguhnya, Aku berkata kepadamu, semua itu akan terjadi sebelum generasi ini lenyap.",
Lukas,21,33,Lukas 21:33,"Langit dan bumi akan lenyap, tetapi perkataan-Ku tidak akan lenyap.”",
Lukas,21,34,Lukas 21:34,"“Jagalah dirimu, jangan sampai hatimu penuh dengan keinginan untuk berpesta pora dan bermabuk-mabukan serta penuh dengan kekhawatiran akan kehidupan sehari-hari sehingga hari Tuhan datang menimpa dirimu seperti jerat.",Nasihat supaya Berjaga-jaga
Lukas,21,35,Lukas 21:35,Sebab hari itu akan menimpa semua orang di muka bumi ini.,
Lukas,21,36,Lukas 21:36,Berjagalah dan berdoalah selalu supaya kamu dapat luput dari semua yang akan terjadi itu dan dapat berdiri di hadapan Anak Manusia.”,
Lukas,21,37,Lukas 21:37,"Setiap hari Isa mengajar di Bait Allah, sedangkan pada waktu malam Ia keluar dan pergi bermalam di Bukit Zaitun.",
Lukas,21,38,Lukas 21:38,Pagi-pagi semua orang datang kepada-Nya di Bait Allah untuk mendengarkan pengajaran-Nya.,
Lukas,22,1,Lukas 22:1,"Hari raya Roti Tidak Beragi, yang disebut juga hari raya Paskah, sudah dekat.",Rencana untuk Membunuh Isa
Lukas,22,2,Lukas 22:2,Imam-imam kepala dan para ahli Kitab Suci Taurat mencari jalan bagaimana melenyapkan Isa sebab mereka takut kepada orang banyak.,
Lukas,22,3,Lukas 22:3,"Lalu, masuklah Iblis ke dalam diri Yudas yang disebut juga Iskariot. Ia adalah salah seorang dari kedua belas pengikut Isa.",Yudas Mengkhianati Isa
Lukas,22,4,Lukas 22:4,Ia pergi kepada imam-imam kepala dan kepala-kepala pengawal Bait Allah serta berbicara dengan mereka mengenai bagaimana ia akan menyerahkan Isa kepada mereka.,
Lukas,22,5,Lukas 22:5,Mereka gembira dan berjanji hendak memberikan sejumlah uang perak kepadanya.,
Lukas,22,6,Lukas 22:6,"Yudas menyetujuinya, kemudian ia mencari waktu yang baik untuk menyerahkan Isa tanpa diketahui orang banyak.",
Lukas,22,7,Lukas 22:7,Tibalah hari raya Roti Tidak Beragi. Pada hari itulah domba Paskah harus disembelih.,Persiapan untuk Makan Paskah
Lukas,22,8,Lukas 22:8,"Lalu, Isa menyuruh Petrus dan Yahya pergi menyediakan perjamuan Paskah untuk mereka. Sabda-Nya kepada mereka, “Pergilah kamu menyediakan makanan Paskah untuk kita.”",
Lukas,22,9,Lukas 22:9,"Mereka menjawab, “Ya Junjungan, di manakah Engkau kehendaki kami menyediakannya?”",
Lukas,22,10,Lukas 22:10,"Isa bersabda kepada mereka, “Begitu kamu masuk ke dalam kota, kamu akan bertemu dengan seorang laki-laki yang sedang membawa buyung air. Ikutilah dia sampai ke rumah yang dimasukinya.",
Lukas,22,11,Lukas 22:11,"Lalu, katakanlah kepada pemilik rumah itu, ‘Sabda Guru, “Di manakah ruangan yang disediakan bagi-Ku, yaitu tempat Aku dapat makan Paskah bersama-sama dengan para pengikut-Ku?”’",
Lukas,22,12,Lukas 22:12,Ia akan menunjukkan kepadamu ruangan atas yang besar dengan perabotan lengkap. Di situlah kamu sediakan makanan Paskah bagi kita!”,
Lukas,22,13,Lukas 22:13,"Maka, kedua pengikut Isa itu pun pergi dan mereka mendapati semuanya seperti yang telah disabdakan Isa kepada mereka. Lalu, mereka pun mempersiapkan semua keperluan Paskah.",
Lukas,22,14,Lukas 22:14,"Ketika waktunya tiba, Isa pun duduk makan bersama para pengikut-Nya.",Penetapan Perjamuan Paskah
Lukas,22,15,Lukas 22:15,"Sabda-Nya kepada mereka, “Aku sangat rindu makan makanan Paskah ini dengan kamu sebelum Aku menghadapi maut.",
Lukas,22,16,Lukas 22:16,"Sebab Aku berkata kepadamu, Aku tidak akan lagi memakannya sampai Paskah itu digenapi di dalam Kerajaan Allah.”",
Lukas,22,17,Lukas 22:17,"Isa mengambil sebuah cawan berisi anggur, kemudian mengucap syukur kepada Allah. Setelah itu, Ia bersabda, “Ambillah ini dan bagikanlah di antaramu.",
Lukas,22,18,Lukas 22:18,"Aku berkata kepadamu, mulai saat ini Aku tidak akan minum air anggur ini lagi sampai Kerajaan Allah datang.”",
Lukas,22,19,Lukas 22:19,"Lalu, Isa mengambil roti, mengucap syukur, memecah-mecahkannya, dan memberikannya kepada para pengikut-Nya. Sabda-Nya, “Inilah tubuh-Ku yang Kuserahkan untuk kamu. Lakukanlah ini untuk mengingat Aku.”",
Lukas,22,20,Lukas 22:20,"Setelah itu, Isa melakukan hal yang sama dengan cawan yang berisi anggur. Sabda-Nya, “Cawan ini adalah perjanjian baru yang disahkan oleh darah-Ku dan yang ditumpahkan bagimu.",
Lukas,22,21,Lukas 22:21,"Namun, sesungguhnya tangan orang yang menyerahkan Aku ada di sini. Ia duduk makan bersama-sama dengan Aku.",
Lukas,22,22,Lukas 22:22,"Memang Anak Manusia akan pergi seperti yang sudah ditentukan Allah, tetapi celakalah orang yang menyerahkan Dia!”",
Lukas,22,23,Lukas 22:23,"Maka, pengikut-pengikut Isa mulai bertanya-tanya satu sama lain mengenai siapa kira-kira dari antara mereka yang akan berbuat demikian.",
Lukas,22,24,Lukas 22:24,Di antara para pengikut Isa timbul pertengkaran mengenai siapa di antara mereka yang dianggap terbesar.,Percakapan mengenai Siapa yang Terbesar
Lukas,22,25,Lukas 22:25,"Karena itu, Isa bersabda kepada mereka, “Raja-raja bangsa-bangsa memperhamba rakyat mereka dan orang-orang yang memerintah bangsa-bangsa disebut pelindung-pelindung rakyat.",
Lukas,22,26,Lukas 22:26,"Namun, kamu janganlah begitu. Sebaliknya, hendaklah yang terbesar di antaramu seolah-olah menjadi yang terendah, dan orang yang memimpin seolah-olah menjadi pelayan.",
Lukas,22,27,Lukas 22:27,"Karena siapakah yang lebih besar, orang yang duduk makan atau orang yang melayani? Bukankah orang yang duduk makan? Tetapi, di antara kamu, Akulah yang melayani.",
Lukas,22,28,Lukas 22:28,Kamu selalu setia menyertai Aku pada waktu Aku dicobai.,
Lukas,22,29,Lukas 22:29,"Maka, Aku menentukan bagimu kerajaan, seperti Bapa-Ku telah menentukan hal itu bagi-Ku.",
Lukas,22,30,Lukas 22:30,Kamu akan duduk makan dan minum semeja dengan Aku dalam kerajaan-Ku. Kamu juga akan duduk di atas takhta-takhta untuk menghakimi kedua belas suku bani Israil.”,
Lukas,22,31,Lukas 22:31,"Isa bersabda, “Simon, Simon, lihatlah! Iblis telah menuntut untuk menampi kamu seperti orang menampi gandum dengan nyiru.",Ramalan bahwa Petrus Akan Menyangkali Isa
Lukas,22,32,Lukas 22:32,"Akan tetapi, Aku sudah berdoa untukmu supaya imanmu jangan gugur, dan nanti apabila engkau sudah berbalik, engkau harus menguatkan iman saudara-saudaramu juga.”",
Lukas,22,33,Lukas 22:33,"Petrus menjawab, “Ya Junjungan, bersama-Mu aku rela masuk penjara atau dibunuh sekalipun.”",
Lukas,22,34,Lukas 22:34,"Sabda Isa, “Petrus, Aku berkata kepadamu, ayam tidak akan berkokok hari ini sebelum engkau berkata tiga kali bahwa engkau tidak mengenal Aku.”",
Lukas,22,35,Lukas 22:35,"Kemudian, Isa bersabda kepada mereka, “Ketika Aku menyuruh kamu pergi tanpa membawa pundi-pundi atau tempat bekal atau kasut, adakah kamu kekurangan sesuatu?” Mereka menjawab, “Tidak satu pun.”",Peringatan kepada Pengikut-Pengikut Isa
Lukas,22,36,Lukas 22:36,"Lalu, Isa bersabda kepada mereka, “Tetapi sekarang, jika kamu mempunyai pundi-pundi atau tempat bekal, bawalah, dan jika kamu tidak mempunyai pedang, juallah bajumu dan belilah pedang.",
Lukas,22,37,Lukas 22:37,"Aku berkata kepadamu, apa yang tertulis ini haruslah terjadi pada diri-Ku, ‘Ia akan digolongkan pada orang-orang durhaka.’ Sebab semua yang tertulis mengenai diri-Ku sedang digenapi.”",
Lukas,22,38,Lukas 22:38,"Mereka berkata, “Ya Junjungan, lihatlah, di sini ada dua pedang.” Sabda-Nya kepada mereka, “Cukuplah.”",
Lukas,22,39,Lukas 22:39,"Isa meninggalkan kota itu, lalu pergi ke Bukit Zaitun seperti yang biasa dilakukan-Nya. Pengikut-pengikut-Nya pergi juga bersama-Nya.",Di Taman Getsemani
Lukas,22,40,Lukas 22:40,"Setelah sampai di tempat itu bersabdalah Ia, “Kamu harus berdoa supaya jangan terkena pencobaan.”",
Lukas,22,41,Lukas 22:41,"Lalu, Ia meninggalkan mereka di situ dan pergi kira-kira sejauh lemparan batu. Di situ Ia sujud dan berdoa,",
Lukas,22,42,Lukas 22:42,"“Ya Bapa, kalau Engkau berkenan, jauhkanlah cawan minuman ini dari Aku. Tetapi, janganlah kehendak-Ku yang jadi, melainkan kehendak-Mu saja.”",
Lukas,22,43,Lukas 22:43,"Kemudian, tampak malaikat dari langit datang kepada-Nya dan menguatkan Dia.",
Lukas,22,44,Lukas 22:44,"Isa merasa sangat gelisah dan takut. Oleh karena itu, Ia berdoa lebih sungguh-sungguh. Peluh-Nya menjadi seperti titik-titik darah yang menetes ke tanah.",
Lukas,22,45,Lukas 22:45,"Setelah berdoa, Ia kembali kepada pengikut-pengikut-Nya dan mendapati mereka sudah tertidur karena terlalu sedih.",
Lukas,22,46,Lukas 22:46,"Lalu, sabda-Nya kepada mereka, “Mengapa kamu tidur? Bangun dan berdoalah supaya kamu tidak terkena pencobaan.”",
Lukas,22,47,Lukas 22:47,"Sementara Isa masih bersabda, datanglah serombongan orang yang dipimpin oleh Yudas, yaitu salah seorang dari kedua belas pengikut-Nya. Yudas maju mendekati Isa untuk mencium-Nya.",Isa Ditangkap
Lukas,22,48,Lukas 22:48,"Tetapi, Isa bersabda kepadanya, “Yudas, dengan ciumankah hendak kauserahkan Anak Manusia?”",
Lukas,22,49,Lukas 22:49,"Ketika orang-orang yang bersama-sama dengan Isa melihat apa yang terjadi, mereka berkata, “Ya Junjungan, haruskah kami menyerang mereka dengan pedang?”",
Lukas,22,50,Lukas 22:50,"Lalu, salah seorang dari mereka menyerang seorang hamba Imam Besar dan menetak telinga kanannya sampai putus.",
Lukas,22,51,Lukas 22:51,"Tetapi, Isa bersabda, “Sudahlah, jangan lagi!” Lalu, Ia menyentuh telinga orang itu dan menyembuhkannya.",
Lukas,22,52,Lukas 22:52,"Kemudian, sabda Isa kepada imam-imam kepala, kepala-kepala pengawal Bait Allah, dan para tua-tua yang datang untuk menangkap Dia, “Mengapa kamu datang seperti hendak menangkap penyamun karena kamu membawa pedang dan pentungan?",
Lukas,22,53,Lukas 22:53,"Padahal setiap hari Aku ada di tengah-tengahmu di Bait Allah dan kamu tidak menangkap Aku. Tetapi, inilah saatnya bagi kamu dan inilah pula saatnya bagi penguasa kegelapan untuk bertindak.”",
Lukas,22,54,Lukas 22:54,"Orang-orang itu menangkap Isa, lalu membawa-Nya pergi ke rumah Imam Besar, sedangkan Petrus mengikuti-Nya dari jauh.",Petrus Menyangkal bahwa Ia Mengenal Isa
Lukas,22,55,Lukas 22:55,Di tengah-tengah halaman rumah itu orang menyalakan api dan mereka duduk mengelilinginya. Petrus juga duduk di situ di antara mereka.,
Lukas,22,56,Lukas 22:56,"Seorang hamba perempuan melihat Petrus duduk di situ, di depan api. Ia mengamat-amati Petrus, lalu berkata, “Orang ini juga termasuk salah satu pengikut-Nya.”",
Lukas,22,57,Lukas 22:57,"Tetapi, Petrus menyangkalnya, “Aku tidak kenal Dia.”",
Lukas,22,58,Lukas 22:58,"Tidak lama setelah itu, seorang yang lain lagi melihat Petrus, lalu berkata, “Engkau juga salah seorang dari mereka.” Tetapi, Petrus berkata, “Tidak, bukan aku!”",
Lukas,22,59,Lukas 22:59,"Kira-kira satu jam kemudian, seorang yang lain lagi berkata dengan tegas, “Sungguh, orang ini adalah pengikut-Nya karena ia pun orang Galilea.”",
Lukas,22,60,Lukas 22:60,"Tetapi, Petrus berkata, “Aku tidak mengerti apa yang kaumaksudkan!” Saat itu juga, sementara ia masih berbicara, ayam pun berkokok.",
Lukas,22,61,Lukas 22:61,"Kemudian, Isa, Sang Junjungan, menoleh dan memandang kepada Petrus. Lalu, teringatlah Petrus pada sabda yang telah disampaikan Sang Junjungan kepadanya, “Sebelum ayam berkokok pada hari ini, engkau akan menyangkal Aku tiga kali.”",
Lukas,22,62,Lukas 22:62,Petrus pun keluar dan menangis dengan sedih sekali.,
Lukas,22,63,Lukas 22:63,"Orang-orang yang menahan Isa, mengejek dan memukuli-Nya.",Isa di Hadapan Mahkamah Agama
Lukas,22,64,Lukas 22:64,"Mereka menutupi mata-Nya, lalu bertanya kepada-Nya, “Katakanlah siapa yang memukul Engkau!”",
Lukas,22,65,Lukas 22:65,Mereka memakai banyak kata-kata lain untuk menghujah Dia.,
Lukas,22,66,Lukas 22:66,"Ketika hari sudah siang, berkumpullah para tua-tua bangsa, imam-imam kepala, dan para ahli Kitab Suci Taurat. Lalu, mereka membawa Isa menghadap Mahkamah Agama mereka. Mereka berkata,",
Lukas,22,67,Lukas 22:67,"“Engkau Al-Masih, bukan? Katakanlah kepada kami!” Isa bersabda, “Jika Aku mengatakannya kepadamu, kamu tidak akan mempercayainya",
Lukas,22,68,Lukas 22:68,"dan sekalipun Aku bertanya kepadamu, kamu tidak akan menjawab.",
Lukas,22,69,Lukas 22:69,"Tetapi, mulai saat ini, Anak Manusia akan duduk di sebelah kanan Allah Yang Mahakuasa.”",
Lukas,22,70,Lukas 22:70,"Mereka semua berkata, “Kalau begitu, Engkaukah Sang Anak yang datang dari Allah?” Sabda Isa kepada mereka, “Kamu sendiri mengatakan bahwa Aku adalah Sang Anak yang datang dari Allah.”",
Lukas,22,71,Lukas 22:71,"Mereka berkata, “Perlukah ada kesaksian lagi? Kita sudah mendengar dari mulut-Nya sendiri!”",
Lukas,23,1,Lukas 23:1,"Maka, berdirilah seluruh anggota majelis Mahkamah Agama itu, lalu membawa Isa menghadap Pilatus.",Isa di Hadapan Pilatus
Lukas,23,2,Lukas 23:2,"Di situ mereka semua mulai menuduh Dia. Mereka berkata, “Orang ini menyesatkan bangsa kami dan melarang orang membayar pajak kepada Kaisar. Ia juga berkata bahwa Ia adalah Al-Masih, raja.”",
Lukas,23,3,Lukas 23:3,"Pilatus bertanya kepada Isa, “Engkaukah raja bani Israil?” Sabda Isa, “Engkau mengatakannya.”",
Lukas,23,4,Lukas 23:4,"Lalu, Pilatus berkata kepada imam-imam kepala dan kepada orang banyak itu, “Aku tidak mendapati satu kesalahan pun pada orang ini.”",
Lukas,23,5,Lukas 23:5,"Tetapi, mereka semakin berkeras, kata mereka, “Ia menghasut rakyat dengan ajaran-Nya di seluruh negeri, mulai dari Galilea dan sekarang sudah sampai di sini.”",
Lukas,23,6,Lukas 23:6,"Ketika Pilatus mendengar itu, bertanyalah ia, “Apakah orang ini orang Galilea?”",
Lukas,23,7,Lukas 23:7,"Setelah diketahuinya bahwa Isa berasal dari wilayah kekuasaan Herodes, ia menyuruh orang untuk membawa Isa kepada Herodes, yang pada waktu itu ada di Yerusalem.",
Lukas,23,8,Lukas 23:8,"Ketika Herodes melihat Isa, ia senang sekali. Sudah lama ia ingin melihat-Nya sebab telah banyak yang didengarnya tentang Isa. Ia berharap dapat melihat Isa melakukan mukjizat.",Isa di Hadapan Herodes
Lukas,23,9,Lukas 23:9,"Herodes mengajukan banyak pertanyaan, tetapi tidak satu pun dijawab oleh Isa.",
Lukas,23,10,Lukas 23:10,Imam-imam kepala dan ahli-ahli Kitab Suci Taurat berdiri dan melontarkan tuduhan-tuduhan yang berat terhadap-Nya.,
Lukas,23,11,Lukas 23:11,"Setelah Herodes bersama semua tentaranya menghina dan mencemooh Dia, ia menyuruh mereka untuk memakaikan kepada-Nya jubah yang indah dan membawa-Nya kembali kepada Pilatus.",
Lukas,23,12,Lukas 23:12,"Pada hari itu juga, Herodes dan Pilatus menjadi sahabat, padahal sebelumnya mereka bermusuhan.",
Lukas,23,13,Lukas 23:13,"Lalu, Pilatus mengumpulkan imam-imam kepala, pemimpin-pemimpin bangsa, dan rakyat.",Isa Dibawa Menghadap Pilatus Lagi
Lukas,23,14,Lukas 23:14,"Ia berkata kepada mereka, “Kamu membawa orang ini kepadaku seolah-olah Ia telah menyesatkan bangsa ini. Aku sudah memeriksa-Nya di hadapan kamu, tetapi aku tidak mendapati kesalahan apa pun pada-Nya sehubungan dengan semua hal yang kamu tuduhkan terhadap diri-Nya.",
Lukas,23,15,Lukas 23:15,"Demikian juga Herodes, karena ia sudah mengirimnya kembali kepada kami. Sesungguhnya, tidak ada satu pun dari perbuatan-Nya yang menyebabkan Ia patut dihukum mati.",
Lukas,23,16,Lukas 23:16,"Jadi, aku akan menyesah Dia dan kemudian melepaskan-Nya.”",
Lukas,23,17,Lukas 23:17,Sebab Pilatus wajib membebaskan seseorang untuk mereka pada setiap hari raya Paskah.,
Lukas,23,18,Lukas 23:18,"Akan tetapi, mereka semua sama-sama berteriak, “Lenyapkan Dia! Lepaskan Barabas untuk kami!”",
Lukas,23,19,Lukas 23:19,Barabas adalah orang yang dimasukkan ke dalam penjara karena ia membuat huru-hara di kota dan melakukan pembunuhan.,
Lukas,23,20,Lukas 23:20,Pilatus berbicara sekali lagi kepada mereka karena ia ingin melepaskan Isa.,
Lukas,23,21,Lukas 23:21,"Tetapi, orang-orang itu berteriak, “Salibkan Dia, salibkan Dia!”",
Lukas,23,22,Lukas 23:22,"Untuk ketiga kalinya Pilatus berkata kepada mereka, “Kejahatan apa yang telah dilakukan oleh-Nya? Aku tidak menemukan satu kesalahan pun pada-Nya sehingga Ia patut diganjar dengan hukuman mati! Jadi, aku akan menyesah Dia dan kemudian melepaskan-Nya.”",
Lukas,23,23,Lukas 23:23,"Tetapi, orang banyak itu semakin keras berteriak menuntut supaya Isa disalibkan. Akhirnya teriakan merekalah yang menang.",
Lukas,23,24,Lukas 23:24,Pilatus pun memutuskan untuk mengabulkan permintaan mereka.,
Lukas,23,25,Lukas 23:25,"Ia membebaskan orang yang dipenjarakan karena membuat huru-hara dan melakukan pembunuhan itu, lalu Isa diserahkannya sesuai dengan tuntutan mereka.",
Lukas,23,26,Lukas 23:26,"Ketika mereka membawa Isa pergi untuk disalibkan, mereka menangkap Simon, orang Kirene, yang baru datang dari desa. Kemudian, mereka memaksa Simon untuk memikul kayu salib itu dan berjalan di belakang Isa.",Isa Dibawa untuk Disalibkan
Lukas,23,27,Lukas 23:27,"Banyak sekali orang mengikuti Isa, termasuk beberapa perempuan. Perempuan-perempuan itu menangisi dan meratapi Dia.",
Lukas,23,28,Lukas 23:28,"Isa menoleh dan bersabda kepada mereka, “Hai putri-putri Yerusalem, jangan tangisi Aku. Tangisilah dirimu sendiri dan anak-anakmu.",
Lukas,23,29,Lukas 23:29,"Karena akan tiba harinya orang akan berkata, ‘Berbahagialah perempuan yang mandul, dan rahim yang tidak pernah mengandung serta buah dada yang tidak pernah menyusui anak!’",
Lukas,23,30,Lukas 23:30,"Pada waktu itu, orang akan mulai berkata kepada gunung-gunung, ‘Runtuhlah menimpa kami,’ dan kepada bukit-bukit, ‘Timbunilah kami!’",
Lukas,23,31,Lukas 23:31,"Karena kalau terhadap kayu yang hidup mereka melakukan hal yang demikian, apalagi terhadap kayu yang sudah kering!”",
Lukas,23,32,Lukas 23:32,Mereka juga membawa dua orang penjahat untuk dihukum mati bersama-sama dengan Isa.,
Lukas,23,33,Lukas 23:33,"Setelah sampai di tempat yang bernama Tengkorak, mereka menyalibkan Isa di sana bersama kedua penjahat, seorang di sebelah kanan-Nya dan seorang lagi di sebelah kiri-Nya.",Isa Disalibkan
Lukas,23,34,Lukas 23:34,"Kemudian, Isa bersabda, “Ya Bapa, ampunilah mereka karena mereka tidak tahu apa yang mereka lakukan.” Lalu, mereka membagi-bagi pakaian-Nya dengan cara melempar undi.",
Lukas,23,35,Lukas 23:35,"Orang banyak berdiri di situ dan melihat semuanya. Para pemimpin bangsa mengolok-olok Dia. Mereka berkata, “Orang lain Ia selamatkan, sekarang biarlah Ia menyelamatkan diri-Nya sendiri. Bukankah Ia Al-Masih, yang dipilih oleh Allah?”",
Lukas,23,36,Lukas 23:36,Prajurit-prajurit yang ada di situ juga mengolok-olok Dia. Mereka datang kepada-Nya membawa anggur asam,
Lukas,23,37,Lukas 23:37,"dan berkata, “Engkau raja bani Israil, bukan? Jadi, selamatkanlah diri-Mu!”",
Lukas,23,38,Lukas 23:38,"Pada bagian atas salib itu, yaitu di atas kepala Isa, dilekatkan tulisan: “Inilah Raja bani Israil.”",
Lukas,23,39,Lukas 23:39,"Salah seorang dari kedua penjahat yang juga disalibkan di situ menghina Dia, katanya, “Engkau Al-Masih, bukan? Selamatkanlah diri-Mu sendiri dan kami juga!”",
Lukas,23,40,Lukas 23:40,"Tetapi, penjahat lainnya menegur dia, katanya, “Tidakkah engkau takut kepada Allah karena engkau pun dihukum mati sama seperti Dia?",
Lukas,23,41,Lukas 23:41,"Kita ini memang patut dihukum sebab kita mendapat balasan yang sepadan dengan perbuatan kita, tetapi orang ini tidak melakukan sesuatu pun yang salah.”",
Lukas,23,42,Lukas 23:42,"Lalu, ia berkata, “Ya Isa, ingatlah kepadaku apabila Engkau masuk ke dalam kerajaan-Mu.”",
Lukas,23,43,Lukas 23:43,"Sabda Isa, “Aku berkata kepadamu, hari ini juga engkau akan bersama Aku di dalam Firdaus.”",
Lukas,23,44,Lukas 23:44,"Pada waktu itu, kira-kira pukul dua belas siang, seluruh wilayah itu menjadi gelap sampai pukul tiga sore",Isa Wafat
Lukas,23,45,Lukas 23:45,sebab matahari tidak bersinar. Tirai di dalam Bait Allah sobek di tengah-tengah hingga terbagi dua.,
Lukas,23,46,Lukas 23:46,"Kemudian, dengan suara nyaring Isa berseru, “Ya Bapa, ke dalam tangan-Mu Kuserahkan nyawa-Ku.” Sesudah bersabda demikian, Ia menghembuskan nafas terakhir.",
Lukas,23,47,Lukas 23:47,"Ketika kepala pasukan yang ada di situ melihat apa yang terjadi, ia memuliakan Allah, katanya, “Sungguh, orang ini adalah orang benar.”",
Lukas,23,48,Lukas 23:48,"Orang banyak yang berkerumun di situ untuk menonton, melihat semua yang terjadi. Maka, mereka pulang dengan memukul-mukul dada.",
Lukas,23,49,Lukas 23:49,"Semua yang mengenal Isa, termasuk perempuan-perempuan yang mengikuti-Nya dari Galilea, berdiri dari jauh menyaksikan semuanya.",
Lukas,23,50,Lukas 23:50,"Ada seorang laki-laki bernama Yusuf, anggota Majelis Besar. Ia adalah seorang yang baik dan benar,",Isa Dimakamkan
Lukas,23,51,Lukas 23:51,serta yang menanti-nantikan Kerajaan Allah. Ia berasal dari Kota Arimatea di wilayah Yudea. Yusuf ini tidak setuju dengan keputusan dan tindakan Mahkamah Agama itu.,
Lukas,23,52,Lukas 23:52,Ia pergi kepada Pilatus untuk meminta jenazah Isa.,
Lukas,23,53,Lukas 23:53,"Setelah jenazah Isa diturunkan, ia mengafaninya dengan kain lenan, lalu membaringkan jenazah itu dalam makam yang digali pada bukit batu dan yang belum pernah digunakan.",
Lukas,23,54,Lukas 23:54,Hari itu adalah hari persiapan karena hari Sabat akan segera dimulai.,
Lukas,23,55,Lukas 23:55,"Perempuan-perempuan yang datang bersama-sama dengan Isa dari Galilea, mengikuti Yusuf dan melihat makam itu. Mereka juga melihat bagaimana jenazah Isa diletakkan di situ.",
Lukas,23,56,Lukas 23:56,"Kemudian, mereka pulang, lalu menyiapkan rempah-rempah wangi dan minyak mur.",
Lukas,24,1,Lukas 24:1,"(23-56b) Pada hari Sabat, perempuan-perempuan itu beristirahat untuk menaati hukum Allah. (24-1) Pagi-pagi benar pada hari pertama minggu itu, mereka pergi ke makam membawa rempah-rempah wangi yang sudah disiapkan.",Isa Hidup Kembali
Lukas,24,2,Lukas 24:2,"Lalu, mereka mendapati batu penutup makam itu sudah terguling.",
Lukas,24,3,Lukas 24:3,"Setelah mereka masuk, mereka tidak menemukan jenazah Isa, Junjungan Yang Ilahi.",
Lukas,24,4,Lukas 24:4,"Sementara perempuan-perempuan itu masih kebingungan karena hal itu, tiba-tiba ada dua orang yang berpakaian berkilau-kilau berdiri di dekat mereka.",
Lukas,24,5,Lukas 24:5,"Mereka takut sekali sehingga mereka menundukkan kepala. Kedua orang itu lalu berkata kepada mereka, “Mengapa kamu mencari orang yang hidup di tempat orang mati?",
Lukas,24,6,Lukas 24:6,"Ia tidak ada di sini, tetapi sudah bangkit! Ingatlah akan apa yang telah disabdakan-Nya kepadamu ketika Ia masih di Galilea,",
Lukas,24,7,Lukas 24:7,"yaitu saat Ia bersabda bahwa Anak Manusia harus diserahkan ke tangan orang-orang berdosa, disalibkan, dan akan bangkit pada hari yang ketiga.”",
Lukas,24,8,Lukas 24:8,Mereka pun teringat akan apa yang telah disabdakan oleh Isa.,
Lukas,24,9,Lukas 24:9,"Kemudian, mereka meninggalkan makam itu dan pergi untuk memberitahukan semuanya kepada kesebelas pengikut Isa dan kepada yang lainnya juga.",
Lukas,24,10,Lukas 24:10,"Perempuan-perempuan itu ialah Maryam dari Magdala, Yohanah, dan Maryam, ibu Yakub. Mereka dan perempuan-perempuan lain yang bersama-sama dengan mereka memberitahukan hal itu kepada para rasul.",
Lukas,24,11,Lukas 24:11,"Tetapi, rasul-rasul itu menganggap berita itu omong kosong belaka. Mereka tidak percaya kepada perempuan-perempuan itu.",
Lukas,24,12,Lukas 24:12,"Meskipun begitu, Petrus bangkit juga dan berlari ke makam. Ketika ia menjenguk ke dalam makam, ia melihat hanya ada kain kafan di situ. Jadi, ia pulang dan merasa heran akan semua yang terjadi.",
Lukas,24,13,Lukas 24:13,"Pada hari itu juga, dua orang dari antara para pengikut Isa sedang dalam perjalanan menuju sebuah kampung bernama Emaus, yang letaknya sekitar sebelas kilometer dari Yerusalem.",Isa Menampakkan Diri-Nya di Jalan Menuju Emaus
Lukas,24,14,Lukas 24:14,Sambil berjalan mereka bercakap-cakap tentang semua yang telah terjadi.,
Lukas,24,15,Lukas 24:15,"Sementara mereka berbicara dan bertukar pikiran mengenai hal-hal itu, Isa sendiri datang mendekati mereka dan berjalan bersama mereka.",
Lukas,24,16,Lukas 24:16,"Meskipun demikian, ada sesuatu yang membuat mereka tidak mengenali-Nya.",
Lukas,24,17,Lukas 24:17,"Isa bersabda kepada mereka, “Apa yang kamu perbincangkan sementara kamu berjalan?” Mereka pun berhenti dengan muka yang sedih.",
Lukas,24,18,Lukas 24:18,"Salah seorang dari mereka yang bernama Kleopas menjawab, “Apakah Engkau satu-satunya pendatang di Yerusalem yang tidak mengetahui semua hal yang terjadi beberapa hari terakhir ini di situ?”",
Lukas,24,19,Lukas 24:19,"Sabda Isa, “Hal-hal apakah itu?” Jawab mereka, “Mengenai Isa, orang Nazaret itu. Ia adalah seorang nabi. Perkataan dan perbuatan-Nya penuh kuasa, baik di hadapan Allah maupun di hadapan seluruh bangsa.",
Lukas,24,20,Lukas 24:20,"Imam-imam kepala dan para pemimpin bangsa kita menyerahkan Dia untuk dihukum mati, lalu Ia disalibkan.",
Lukas,24,21,Lukas 24:21,Padahal sebelumnya kami berharap bahwa Dia itulah yang akan membebaskan bangsa Israil. Hari ini adalah hari yang ketiga sejak semua itu terjadi.,
Lukas,24,22,Lukas 24:22,"Akan tetapi, beberapa perempuan di antara kami mengejutkan kami. Pagi-pagi sekali ketika mereka pergi ke makam,",
Lukas,24,23,Lukas 24:23,mereka tidak melihat jenazah Isa di situ. Mereka kembali dan mengatakan kepada kami bahwa malaikat telah menampakkan diri kepada mereka dan berkata bahwa Isa hidup.,
Lukas,24,24,Lukas 24:24,"Beberapa di antara teman-teman kami pergi ke makam dan mendapati bahwa apa yang dikatakan oleh perempuan-perempuan itu benar. Tetapi, mereka tidak melihat Isa.”",
Lukas,24,25,Lukas 24:25,"Lalu, Isa bersabda kepada mereka berdua, “Hai kamu orang yang bodoh! Betapa lambannya kamu mempercayai semua yang sudah dikatakan oleh nabi-nabi!",
Lukas,24,26,Lukas 24:26,"Bukankah untuk masuk ke dalam kemuliaan-Nya, Al-Masih harus terlebih dahulu mengalami semua penderitaan itu?”",
Lukas,24,27,Lukas 24:27,"Kemudian, Ia menjelaskan kepada mereka, semua yang telah tertulis di dalam Kitab Suci mengenai diri-Nya, mulai dari kitab-kitab yang disampaikan melalui Nabi Musa sampai kepada kitab-kitab yang disampaikan melalui nabi-nabi lainnya.",
Lukas,24,28,Lukas 24:28,"Pada waktu mereka bertiga hampir tiba di kampung tujuan mereka, Isa berbuat seolah-olah Ia akan berjalan terus.",
Lukas,24,29,Lukas 24:29,"Akan tetapi, kedua pengikut Isa itu mencegah Dia. Mereka berkata, “Tinggallah di sini dengan kami. Sebentar lagi malam dan hari sudah mulai gelap.” Maka, Isa pun masuk dan hendak bermalam di situ dengan mereka.",
Lukas,24,30,Lukas 24:30,"Ketika Ia duduk makan dengan mereka, Ia mengambil roti, lalu mengucap syukur atasnya. Kemudian, roti itu dipecah-pecahkan-Nya dan diberikan kepada mereka.",
Lukas,24,31,Lukas 24:31,"Pada waktu itu, mata mereka terbuka sepenuhnya sehingga mereka mengenal bahwa Dialah Isa. Tetapi, pada saat itu juga lenyaplah Ia dari pandangan mereka.",
Lukas,24,32,Lukas 24:32,"Mereka berkata satu sama lain, “Bukankah hati kita berkobar-kobar di tengah jalan sementara Ia berbicara dengan kita dan menerangkan isi Kitab Suci kepada kita?”",
Lukas,24,33,Lukas 24:33,"Saat itu juga mereka bangkit berdiri, lalu kembali ke Yerusalem. Di sana mereka mendapati kesebelas pengikut Isa sedang berkumpul bersama yang lainnya.",
Lukas,24,34,Lukas 24:34,"Mereka yang di Yerusalem itu berkata kepada keduanya, “Sungguh, Junjungan kita Yang Ilahi sudah bangkit! Ia sudah menampakkan diri-Nya kepada Simon!”",
Lukas,24,35,Lukas 24:35,"Lalu, keduanya menceritakan juga kepada mereka semua apa yang terjadi di tengah jalan dan bagaimana mereka mengenali Isa ketika Ia memecah-mecahkan roti dengan tangan-Nya.",
Lukas,24,36,Lukas 24:36,"Sementara mereka masih berbicara mengenai hal itu, tiba-tiba Isa berdiri di tengah-tengah mereka dan bersabda kepada mereka, “Damai bagimu!”",Isa Menampakkan Diri kepada Semua Pengikut-Nya
Lukas,24,37,Lukas 24:37,Mereka terkejut dan takut sebab mereka menyangka bahwa mereka sedang melihat hantu.,
Lukas,24,38,Lukas 24:38,"Sabda Isa kepada mereka, “Mengapa kamu terkejut? Mengapa timbul keragu-raguan di dalam hatimu?",
Lukas,24,39,Lukas 24:39,"Lihatlah tangan-Ku dan lihatlah kaki-Ku. Aku sendirilah ini! Sentuhlah Aku dan lihatlah sebab hantu tidak berdaging dan tidak bertulang, seperti yang kamu lihat ada pada-Ku.”",
Lukas,24,40,Lukas 24:40,"Setelah bersabda demikian, Isa menunjukkan tangan-Nya dan kaki-Nya kepada mereka semua.",
Lukas,24,41,Lukas 24:41,"Mereka masih belum dapat mempercayainya sebab mereka terlalu gembira dan heran. Oleh karena itu, bersabdalah Isa kepada mereka, “Apakah kamu punya makanan di sini?”",
Lukas,24,42,Lukas 24:42,"Lalu, mereka memberikan kepada-Nya sepotong ikan goreng.",
Lukas,24,43,Lukas 24:43,Ia menerimanya dan memakannya di depan mereka.,
Lukas,24,44,Lukas 24:44,"Lalu, sabda-Nya kepada mereka, “Inilah yang Kukatakan kepadamu ketika Aku masih bersama-sama dengan kamu. Aku berkata bahwa semua yang telah tertulis mengenai Aku harus digenapi, baik dalam Kitab Suci Taurat yang disampaikan melalui Musa, dalam kitab tulisan nabi-nabi, dan dalam Kitab Zabur.”",
Lukas,24,45,Lukas 24:45,"Lalu, Ia membuat pikiran mereka menjadi terang sehingga mereka dapat mengerti isi Kitab Suci.",
Lukas,24,46,Lukas 24:46,"Kemudian, Ia bersabda kepada mereka, “Telah tertulis, ‘Al-Masih harus mati, tetapi Ia akan hidup lagi pada hari yang ketiga.’",
Lukas,24,47,Lukas 24:47,"Telah tertulis pula bahwa atas nama Al-Masih itu berita tentang pertobatan dan pengampunan dosa harus disampaikan kepada segala suku bangsa, mulai dari Yerusalem.",
Lukas,24,48,Lukas 24:48,Kamulah yang menjadi saksi atas semuanya itu.,
Lukas,24,49,Lukas 24:49,"Aku akan mengirim kepadamu apa yang dijanjikan oleh Bapa-Ku. Akan tetapi, kamu harus tetap tinggal di kota ini sampai kamu diperlengkapi dengan kuasa dari tempat tinggi.”",
Lukas,24,50,Lukas 24:50,"Lalu, Isa membawa mereka keluar kota sampai dekat Baitani. Di situ Ia mengangkat tangan-Nya dan memohonkan berkah bagi mereka.",Isa Naik ke Surga
Lukas,24,51,Lukas 24:51,"Sementara Ia memohonkan berkah bagi mereka, terpisahlah Ia dari mereka, lalu terangkat ke surga.",
Lukas,24,52,Lukas 24:52,"Mereka semua sujud dihadapan-Nya, lalu kembali ke Yerusalem dengan hati yang penuh kegembiraan.",
Lukas,24,53,Lukas 24:53,Mereka senantiasa pergi ke Bait Allah dan memuliakan Allah di sana.,
