Book,Chapter,Verse,Ref,Indonesian,Subheading
Yahya,1,1,Yahya 1:1,"Kalam telah ada dari mulanya. Kalam itu bersama Allah, dan Kalam itu adalah Allah.",Kalam yang Telah Menjadi Manusia
Yahya,1,2,Yahya 1:2,Sejak semula Kalam itu bersama Allah.,
Yahya,1,3,Yahya 1:3,"Segala sesuatu dijadikan oleh-Nya dan dari segala yang ada, tidak ada sesuatu pun yang dijadikan tanpa Dia.",
Yahya,1,4,Yahya 1:4,"Hidup itu ada di dalam Dia, dan hidup itu adalah terang manusia.",
Yahya,1,5,Yahya 1:5,Terang itu bercahaya di dalam kegelapan dan kegelapan tidak dapat mengalahkannya.,
Yahya,1,6,Yahya 1:6,Ada seorang utusan Allah bernama Yahya.,
Yahya,1,7,Yahya 1:7,Ia datang untuk memberi kesaksian mengenai terang itu supaya melalui kehadirannya semua orang dapat percaya.,
Yahya,1,8,Yahya 1:8,"Ia bukan terang itu, tetapi ia harus memberi kesaksian mengenai terang itu.",
Yahya,1,9,Yahya 1:9,"Terang yang benar, yang menerangi setiap orang, datang ke dalam dunia.",
Yahya,1,10,Yahya 1:10,"Ia ada di dalam dunia, bahkan dunia ini dijadikan oleh-Nya, tetapi dunia tidak mengenal-Nya.",
Yahya,1,11,Yahya 1:11,"Ia datang kepada milik-Nya sendiri, tetapi orang-orang milik-Nya itu tidak menerima-Nya.",
Yahya,1,12,Yahya 1:12,"Tetapi, orang-orang yang menerima-Nya diberi-Nya hak untuk menjadi anak-anak Allah, yaitu mereka yang percaya kepada nama-Nya.",
Yahya,1,13,Yahya 1:13,"Kelahiran mereka bukan dari darah, bukan dari keinginan daging, dan bukan dari keinginan seorang laki-laki, melainkan dari Allah.",
Yahya,1,14,Yahya 1:14,"Kalam itu telah menjadi manusia, lalu tinggal di antara kita, dan kita telah melihat kemuliaan-Nya, yaitu kemuliaan yang diterima-Nya sebagai Sang Anak Tunggal yang datang dari Sang Bapa, penuh dengan anugerah dan kebenaran.",
Yahya,1,15,Yahya 1:15,"Nabi Yahya pun memberi kesaksian tentang Dia, katanya, “Inilah orang yang kukatakan, ‘Dia, yang datang kemudian setelah aku, melebihi aku karena Dia sudah ada lebih dahulu sebelum aku.’”",
Yahya,1,16,Yahya 1:16,"Dari kelimpahan-Nya, kita semua sudah menerima anugerah demi anugerah.",
Yahya,1,17,Yahya 1:17,"Karena hukum Taurat, yaitu hukum yang terdapat dalam Kitab Suci Taurat, disampaikan melalui Nabi Musa, tetapi anugerah dan kebenaran datang melalui Isa Al-Masih.",
Yahya,1,18,Yahya 1:18,"Tak seorang pun pernah melihat Allah; Sang Anak Tunggal, yang ada di pangkuan Sang Bapa, Dialah yang telah menyatakan-Nya.",
Yahya,1,19,Yahya 1:19,"Inilah kesaksian Yahya pada waktu orang-orang Israil dari Yerusalem mengutus beberapa imam dan orang Lewi untuk bertanya kepadanya, “Siapakah engkau?”",Kesaksian Nabi Yahya tentang Dirinya Sendiri
Yahya,1,20,Yahya 1:20,"Ia mengaku dan tidak menyangkal, demikian pengakuannya, “Aku bukanlah Al-Masih.”",
Yahya,1,21,Yahya 1:21,"Mereka bertanya kepadanya, “Kalau begitu, siapakah engkau? Nabi Ilyaskah?” Jawabnya, “Bukan!” “Engkaukah nabi yang akan datang?” Jawabnya, “Bukan!”",
Yahya,1,22,Yahya 1:22,"Lalu, kata mereka kepadanya, “Siapakah engkau? Kami harus memberikan jawaban kepada orang-orang yang mengutus kami. Apa katamu tentang dirimu sendiri?”",
Yahya,1,23,Yahya 1:23,"Kata Yahya, “Akulah orang yang menyeru-nyerukan suaraku di padang belantara, ‘Luruskanlah jalan bagi Tuhan,’ seperti telah disampaikan melalui Nabi Yesaya.”",
Yahya,1,24,Yahya 1:24,Di antara mereka ada pula beberapa orang utusan dari mazhab Farisi.,
Yahya,1,25,Yahya 1:25,"Mereka bertanya kepadanya, “Jika engkau bukan Al-Masih, bukan Ilyas, dan juga bukan nabi yang akan datang, mengapa engkau mempermandikan orang?”",
Yahya,1,26,Yahya 1:26,"Jawab Yahya kepada mereka, “Aku mempermandikan dengan air. Tetapi, di antaramu berdiri Dia, yang datang setelah aku, dan yang tidak kamu kenal.",
Yahya,1,27,Yahya 1:27,Aku sendiri pun tidak layak untuk membuka tali kasut-Nya.”,
Yahya,1,28,Yahya 1:28,"Hal itu terjadi di Baitani, di seberang Sungai Yordan, tempat Yahya mempermandikan orang.",
Yahya,1,29,Yahya 1:29,"Esoknya, Yahya melihat Isa datang kepadanya. Lalu, Yahya berkata, “Lihatlah, Anak Domba Allah yang mengangkat dosa dunia.",Nabi Yahya Menunjuk kepada Isa
Yahya,1,30,Yahya 1:30,"Dialah yang kumaksudkan ketika aku berkata, ‘Setelah aku akan datang seseorang yang melebihi aku karena Ia sudah ada lebih dahulu sebelum aku.’",
Yahya,1,31,Yahya 1:31,"Sebelumnya, aku pun tidak mengenal-Nya, tetapi untuk itulah aku datang dan mempermandikan dengan air supaya Ia dinyatakan kepada Israil.”",
Yahya,1,32,Yahya 1:32,"Yahya pun memberi kesaksian, katanya, “Aku telah melihat Ruh Allah turun dari surga seperti burung merpati dan berdiam di atas-Nya.",
Yahya,1,33,Yahya 1:33,"Sebelumnya, aku sendiri pun tidak mengenal-Nya, tetapi Dia, yang menyuruh aku supaya aku mempermandikan dengan air, telah bersabda kepadaku, ‘Apabila engkau melihat Ruh Allah turun ke atas seseorang dan berdiam di atas-Nya, Dia itulah yang akan mempermandikan dengan Ruh Allah Yang Mahasuci.’",
Yahya,1,34,Yahya 1:34,Sekarang aku sudah melihat-Nya dan aku pun memberi kesaksian bahwa Dialah Sang Anak yang datang dari Allah.”,
Yahya,1,35,Yahya 1:35,"Esoknya, ketika Yahya sedang berdiri bersama kedua pengikutnya,",Pengikut-Pengikut Isa yang Pertama
Yahya,1,36,Yahya 1:36,"dilihatnya Isa lewat. Lalu, katanya, “Lihat, Anak Domba Allah!”",
Yahya,1,37,Yahya 1:37,"Mendengar ia berkata begitu, pergilah kedua pengikutnya itu mengikuti Isa.",
Yahya,1,38,Yahya 1:38,"Isa berpaling, lalu melihat mereka yang sedang mengikuti-Nya. Sabda-Nya kepada mereka, “Apa yang kamu cari?” Kata mereka kepada-Nya, “Rabi (artinya: Guru), di manakah Engkau tinggal?”",
Yahya,1,39,Yahya 1:39,"Sabda-Nya kepada mereka, “Marilah dan lihatlah.” Keduanya pun pergi dan melihat tempat tinggal-Nya. Kemudian, pada hari itu mereka tinggal bersama-Nya. Waktu itu kira-kira jam yang kesepuluh.",
Yahya,1,40,Yahya 1:40,"Andreas, saudara Simon Petrus, adalah salah satu dari kedua orang yang mendengar perkataan Yahya, lalu mengikut Isa.",
Yahya,1,41,Yahya 1:41,"Mula-mula ia menemui Simon, saudaranya, dan kepadanya ia berkata, “Kami telah bertemu dengan Mesias (artinya: Al-Masih).”",
Yahya,1,42,Yahya 1:42,"Kemudian, dibawanya Simon kepada Isa. Isa memandang Simon, lalu bersabda, “Simon bin Yahya, engkau akan dinamai Kefas (artinya: Petrus).”",
Yahya,1,43,Yahya 1:43,"Esoknya, ketika Isa hendak pergi ke Galilea, Ia bertemu dengan Filipus. Lalu, sabda Isa kepadanya, “Ikutlah Aku!”",
Yahya,1,44,Yahya 1:44,"Filipus berasal dari Baitsaida, satu kota dengan Andreas dan Petrus.",
Yahya,1,45,Yahya 1:45,"Kemudian, Filipus menemui Natanael dan berkata kepadanya, “Kami sudah bertemu dengan Dia yang dituliskan oleh Musa dalam Kitab Suci Taurat dan juga nabi-nabi, yaitu Isa bin Yusuf dari Nazaret.”",
Yahya,1,46,Yahya 1:46,"Kata Natanael kepadanya, “Dapatkah sesuatu yang baik datang dari Nazaret?” Kata Filipus kepadanya, “Marilah dan lihatlah.”",
Yahya,1,47,Yahya 1:47,"Ketika Isa melihat Natanael datang, bersabdalah Isa mengenai dia, “Lihat, dialah orang Israil sejati, padanya tidak terdapat tipu daya!”",
Yahya,1,48,Yahya 1:48,"Kata Natanael kepada-Nya, “Bagaimana Guru mengenal aku?” Sabda Isa kepadanya, “Sebelum Filipus memanggilmu, Aku sudah melihat engkau di bawah pohon ara itu.”",
Yahya,1,49,Yahya 1:49,"Kata Natanael kepada-Nya, “Ya Guru, Engkaulah Sang Anak yang datang dari Allah, Raja Israil.”",
Yahya,1,50,Yahya 1:50,"Sabda Isa kepadanya, “Apakah engkau percaya karena Aku berkata kepadamu bahwa Aku sudah melihat engkau di bawah pohon ara? Engkau akan melihat hal-hal yang lebih besar daripada itu.”",
Yahya,1,51,Yahya 1:51,"Sabda Isa pula kepadanya, “Sesungguhnya, Aku berkata kepadamu, kamu akan melihat langit terbuka dan malaikat-malaikat Allah naik turun di atas Anak Manusia.”",
Yahya,2,1,Yahya 2:1,"Pada hari yang ketiga ada pernikahan di Kota Kana, di wilayah Galilea, dan ibu Isa ada di situ.",Pernikahan di Kana
Yahya,2,2,Yahya 2:2,Isa dan para pengikut-Nya diundang juga ke pernikahan itu.,
Yahya,2,3,Yahya 2:3,"Ketika air anggur kurang, ibu Isa berkata kepada-Nya, “Mereka kehabisan anggur.”",
Yahya,2,4,Yahya 2:4,"Sabda Isa kepadanya, “Wahai Ibu, janganlah Ibu menyuruh Aku. Waktu-Ku belum tiba.”",
Yahya,2,5,Yahya 2:5,"Kata ibu Isa kepada para pelayan, “Lakukanlah apa yang dikatakan-Nya kepadamu.”",
Yahya,2,6,Yahya 2:6,Di situ ada enam buah tempayan yang disediakan untuk pembasuhan menurut adat bani Israil. Tiap-tiap tempayan dapat memuat kira-kira seratus liter air.,
Yahya,2,7,Yahya 2:7,"Sabda Isa kepada para pelayan itu, “Isilah tempayan-tempayan ini dengan air.” Lalu, mereka mengisi tempayan-tempayan itu dengan air sampai penuh.",
Yahya,2,8,Yahya 2:8,"Kemudian, sabda-Nya kepada mereka, “Sekarang ambillah sedikit dan bawalah kepada pemimpin perjamuan.” Lalu, mereka pun membawanya.",
Yahya,2,9,Yahya 2:9,"Setelah pemimpin perjamuan mengecap air yang telah dijadikan air anggur itu, ia pun memanggil mempelai laki-laki. Ia tidak tahu dari mana air anggur itu berasal, tetapi para pelayan yang mengambil dan membawa air itu tahu.",
Yahya,2,10,Yahya 2:10,"Lalu, katanya kepada mempelai laki-laki itu, “Semua orang menghidangkan air anggur yang baik lebih dahulu dan apabila orang sudah puas minum, barulah dihidangkan yang kurang baik. Tetapi, engkau menyimpan anggur yang baik sampai sekarang.”",
Yahya,2,11,Yahya 2:11,"Hal itu dilakukan Isa di Kota Kana, wilayah Galilea, sebagai permulaan dari tanda-tanda ajaib-Nya. Melalui hal itu, Ia telah menyatakan kemuliaan-Nya, dan para pengikut-Nya pun menjadi percaya kepada-Nya.",
Yahya,2,12,Yahya 2:12,"Sesudah itu, Isa pergi ke Kapernaum bersama-sama dengan ibu-Nya, saudara-saudara-Nya, dan para pengikut-Nya. Mereka tinggal di sana selama beberapa hari saja.",Isa di Kapernaum
Yahya,2,13,Yahya 2:13,"Ketika hari raya Paskah bani Israil hampir tiba, Isa pergi ke Yerusalem.",Isa Menyucikan Bait Allah
Yahya,2,14,Yahya 2:14,"Di Bait Allah didapati-Nya beberapa orang yang sedang menjual lembu, domba, dan merpati. Beberapa penukar uang pun sedang duduk di situ.",
Yahya,2,15,Yahya 2:15,"Lalu, Ia membuat cemeti dari tali dan menghalau mereka semua dari Bait Allah itu bersama-sama dengan domba dan lembu mereka. Ia juga menyerakkan uang milik para penukar uang itu dan menjungkirbalikkan meja-meja mereka.",
Yahya,2,16,Yahya 2:16,"Kemudian, sabda-Nya kepada mereka yang menjual burung merpati, “Bawa pergi semua ini, jangan kamu jadikan rumah Bapa-Ku sebagai tempat berjualan.”",
Yahya,2,17,Yahya 2:17,"Teringatlah para pengikut-Nya bahwa telah tertulis, “Cinta terhadap bait-Mu membakar hati-Ku.”",
Yahya,2,18,Yahya 2:18,"Jawab orang-orang Israil itu kepada-Nya, “Tanda ajaib apakah yang dapat Engkau tunjukkan kepada kami bahwa Engkau berhak berbuat demikian?”",
Yahya,2,19,Yahya 2:19,"Sabda Isa kepada mereka, “Runtuhkanlah Bait Allah ini dan Aku akan membangunnya kembali dalam tiga hari.”",
Yahya,2,20,Yahya 2:20,"Lalu, kata orang-orang Israil itu, “Empat puluh enam tahun lamanya Bait Allah ini dibangun, dan Engkau akan membangunnya dalam tiga hari?”",
Yahya,2,21,Yahya 2:21,"Namun, Bait Allah yang dimaksudkan oleh Isa adalah tubuh-Nya sendiri.",
Yahya,2,22,Yahya 2:22,"Setelah Isa hidup kembali dari antara orang mati, barulah para pengikut-Nya ingat bahwa Ia telah bersabda demikian. Lalu, mereka pun percaya pada Kitab Suci dan pada apa yang disabdakan Isa.",
Yahya,2,23,Yahya 2:23,"Ketika Isa ada di Yerusalem, yaitu selama hari raya Paskah, banyak orang yang menjadi percaya dalam nama-Nya sebab mereka melihat semua tanda ajaib yang diadakan-Nya.",
Yahya,2,24,Yahya 2:24,"Tetapi, Isa sendiri tidak mempercayakan diri-Nya kepada mereka sebab Ia mengenal mereka semua,",
Yahya,2,25,Yahya 2:25,dan Ia tidak membutuhkan seorang pun untuk memberi kesaksian tentang manusia karena Ia tahu apa yang ada di dalam hati manusia.,
Yahya,3,1,Yahya 3:1,"Ada seorang dari mazhab Farisi bernama Nikodemus, pemimpin bani Israil.",Percakapan dengan Nikodemus
Yahya,3,2,Yahya 3:2,"Pada malam hari ia datang kepada Isa, lalu berkata kepada-Nya, “Guru, kami tahu bahwa Engkau adalah guru yang datang dari Allah karena tak seorang pun dapat mengadakan tanda-tanda ajaib seperti yang Engkau lakukan jika Allah tidak menyertainya.”",
Yahya,3,3,Yahya 3:3,"Sabda Isa kepadanya, “Sesungguhnya, Aku berkata kepadamu, jikalau seseorang tidak dilahirkan kembali, ia tidak dapat melihat Kerajaan Allah.”",
Yahya,3,4,Yahya 3:4,"Kata Nikodemus kepada-Nya, “Bagaimana mungkin seseorang dilahirkan kembali pada masa tuanya? Dapatkah ia masuk untuk kedua kalinya ke dalam rahim ibunya, lalu dilahirkan kembali?”",
Yahya,3,5,Yahya 3:5,"Sabda Isa, “Sesungguhnya, Aku berkata kepadamu, jikalau seseorang tidak dilahirkan dari air dan Ruh, ia tidak dapat masuk ke dalam Kerajaan Allah.",
Yahya,3,6,Yahya 3:6,"Apa yang dilahirkan dari daging adalah daging, dan apa yang dilahirkan dari Ruh adalah ruh.",
Yahya,3,7,Yahya 3:7,Jangan engkau heran kalau Aku berkata kepadamu bahwa engkau harus dilahirkan kembali.,
Yahya,3,8,Yahya 3:8,"Angin bertiup ke mana dikehendakinya dan engkau mendengar bunyinya, tetapi engkau tidak tahu dari mana datangnya dan ke mana perginya. Demikianlah halnya dengan tiap-tiap orang yang lahir dari Ruh.”",
Yahya,3,9,Yahya 3:9,"Jawab Nikodemus kepada-Nya, “Bagaimana hal itu dapat terjadi?”",
Yahya,3,10,Yahya 3:10,"Sabda Isa kepadanya, “Engkau pengajar orang Israil. Tidakkah engkau mengerti hal-hal itu?",
Yahya,3,11,Yahya 3:11,"Sesungguhnya, Aku berkata kepadamu, kami berbicara tentang apa yang kami ketahui, dan kami memberi kesaksian tentang apa yang telah kami lihat, tetapi kamu tidak menerima kesaksian kami.",
Yahya,3,12,Yahya 3:12,"Jika kamu tidak percaya ketika Aku berbicara tentang hal-hal duniawi, bagaimana kamu dapat percaya jika Aku berbicara tentang hal-hal surgawi?",
Yahya,3,13,Yahya 3:13,"Belum pernah ada seorang pun yang naik ke surga, selain Dia yang telah turun dari surga, yaitu Anak Manusia.",
Yahya,3,14,Yahya 3:14,"Sama seperti Musa meninggikan ular tembaga di padang belantara, begitu jugalah Anak Manusia harus ditinggikan",
Yahya,3,15,Yahya 3:15,supaya setiap orang yang percaya memperoleh hidup yang kekal.,
Yahya,3,16,Yahya 3:16,"Allah begitu mengasihi dunia ini sehingga Ia menganugerahkan Sang Anak yang tunggal itu supaya setiap orang yang percaya kepada Sang Anak tidak binasa, melainkan memperoleh hidup yang kekal.",
Yahya,3,17,Yahya 3:17,"Sebab Allah mengutus Sang Anak ke dalam dunia ini bukan untuk menghakimi dunia, melainkan supaya melalui Dia, dunia ini diselamatkan.",
Yahya,3,18,Yahya 3:18,"Orang yang percaya kepada-Nya tidak akan dihukum, tetapi orang yang tidak percaya telah berada di bawah hukuman sebab ia tidak percaya dalam nama Sang Anak Tunggal yang datang dari Allah itu.",
Yahya,3,19,Yahya 3:19,"Inilah hukuman itu: Terang telah datang ke dalam dunia, tetapi manusia lebih menyukai kegelapan daripada terang itu sebab perbuatan-perbuatan mereka jahat.",
Yahya,3,20,Yahya 3:20,Setiap orang yang berbuat jahat membenci terang dan menghindar dari terang itu supaya perbuatan-perbuatannya tidak kelihatan.,
Yahya,3,21,Yahya 3:21,"Tetapi, orang yang berbuat benar datang kepada terang itu supaya menjadi nyata bahwa perbuatan-perbuatannya dilakukan di dalam Allah.”",
Yahya,3,22,Yahya 3:22,"Setelah itu, Isa dan para pengikut-Nya pergi ke wilayah Yudea. Lalu, tinggallah Ia di sana bersama mereka sambil mempermandikan para petobat.",Kesaksian Nabi Yahya tentang Isa
Yahya,3,23,Yahya 3:23,"Yahya pun mempermandikan para petobat di Ainon, dekat Salim, karena di situ banyak air. Orang-orang berdatangan untuk dipermandikan olehnya.",
Yahya,3,24,Yahya 3:24,"Pada waktu itu, Yahya belum dipenjarakan.",
Yahya,3,25,Yahya 3:25,"Lalu, terjadilah perselisihan di antara para pengikut Yahya dengan seorang Israil tentang tata cara pembasuhan.",
Yahya,3,26,Yahya 3:26,"Mereka pun datang menemui Yahya dan berkata, “Guru, orang yang bersama-sama dengan Guru di seberang Sungai Yordan, yaitu yang Guru ceritakan dahulu, Ia mempermandikan para petobat juga dan semua orang datang kepada-Nya.”",
Yahya,3,27,Yahya 3:27,"Jawab Yahya, “Orang tidak akan menerima sesuatu jika hal itu tidak diberikan kepadanya dari surga.",
Yahya,3,28,Yahya 3:28,"Kamu sendiri bersaksi bahwa aku telah berkata, ‘Aku bukanlah Al-Masih, tetapi aku diutus untuk mendahului-Nya.’",
Yahya,3,29,Yahya 3:29,"Orang yang mendapatkan mempelai perempuan adalah mempelai laki-laki. Sedangkan sahabat mempelai laki-laki, yang berdiri di dekatnya dan mendengarkannya, sangat gembira mendengar suara mempelai laki-laki itu. Begitulah halnya dengan aku, dan sekarang lengkaplah kegembiraanku.",
Yahya,3,30,Yahya 3:30,"Ia harus semakin bertambah, tetapi aku harus semakin berkurang.",
Yahya,3,31,Yahya 3:31,"Siapa yang datang dari atas adalah di atas segalanya, siapa berasal dari bumi adalah manusia penghuni bumi dan berkata-kata tentang hal-hal di bumi. Siapa yang datang dari surga adalah di atas segalanya.",
Yahya,3,32,Yahya 3:32,"Ia memberi kesaksian tentang apa yang dilihat-Nya dan didengar-Nya, namun tak seorang pun menerima kesaksian-Nya.",
Yahya,3,33,Yahya 3:33,"Siapa menerima kesaksian-Nya, ia mengakui bahwa Allah itu benar",
Yahya,3,34,Yahya 3:34,sebab Dialah yang diutus oleh Allah untuk menyampaikan firman Allah. Kepada-Nya Ruh Allah dianugerahkan tanpa batas.,
Yahya,3,35,Yahya 3:35,Sang Bapa mengasihi Sang Anak dan segala sesuatunya sudah diserahkan ke dalam tangan-Nya.,
Yahya,3,36,Yahya 3:36,"Siapa percaya kepada Sang Anak, ia memperoleh hidup yang kekal. Sebaliknya, siapa tidak taat kepada Anak, ia tidak akan melihat hidup, melainkan murka Allah tetap tinggal di atasnya.”",
Yahya,4,1,Yahya 4:1,Orang-orang dari mazhab Farisi mendengar bahwa Isa memperoleh dan mempermandikan lebih banyak pengikut daripada Yahya,Percakapan dengan Perempuan Samaria
Yahya,4,2,Yahya 4:2,"(meskipun Isa sendiri tidak mempermandikan orang-orang, melainkan para pengikut-Nya).",
Yahya,4,3,Yahya 4:3,"Ketika Isa mengetahui bahwa mereka sudah mendengar tentang hal itu, Ia pun meninggalkan wilayah Yudea dan kembali lagi ke Galilea.",
Yahya,4,4,Yahya 4:4,"Dalam perjalanan-Nya ke Galilea, Ia harus melintasi wilayah Samaria.",
Yahya,4,5,Yahya 4:5,"Lalu, sampailah Ia ke salah satu kota di Samaria yang bernama Sikhar, dekat tempat yang dahulu diberikan oleh Yakub kepada anaknya, Yusuf.",
Yahya,4,6,Yahya 4:6,"Di situlah perigi Yakub berada. Isa telah penat berjalan, karena itu duduklah Ia di tepi perigi itu. Waktu itu kira-kira jam yang keenam.",
Yahya,4,7,Yahya 4:7,"Kemudian, seorang perempuan Samaria datang hendak menimba air. Isa bersabda kepadanya, “Berilah Aku minum.”",
Yahya,4,8,Yahya 4:8,"Pada waktu itu, para pengikut-Nya sudah pergi ke kota untuk membeli makanan.",
Yahya,4,9,Yahya 4:9,"Kata perempuan Samaria itu kepada-Nya, “Tuan ini bagaimana? Masakan orang Israil meminta minum kepadaku, orang Samaria?” (Sebab orang Israil tidak bergaul dengan orang Samaria.)",
Yahya,4,10,Yahya 4:10,"Jawab Isa kepadanya, “Jika engkau tahu anugerah Allah dan siapa yang berkata kepadamu, ‘Berilah Aku minum,’ tentulah engkau akan meminta kepada-Nya dan Ia akan memberikan kepadamu air hidup.”",
Yahya,4,11,Yahya 4:11,"Lalu, kata perempuan itu kepada-Nya, “Tuan tidak mempunyai timba dan perigi ini pun amat dalam. Jadi, dari manakah Tuan dapat memperoleh air hidup itu?",
Yahya,4,12,Yahya 4:12,"Apakah Tuan lebih besar daripada nenek moyang kami, Yakub, yang telah memberikan perigi ini kepada kami dan yang telah meminumnya juga bersama anak-anaknya serta ternak-ternaknya?”",
Yahya,4,13,Yahya 4:13,"Sabda Isa kepadanya, “Siapa meminum air ini, ia akan dahaga lagi.",
Yahya,4,14,Yahya 4:14,"Tetapi, siapa meminum air yang akan Kuberikan kepadanya, ia tidak akan merasa dahaga lagi sampai selama-lamanya. Air yang akan Kuberikan itu akan menjadi mata air di dalam dirinya yang terus-menerus memancar sampai hidup yang kekal.”",
Yahya,4,15,Yahya 4:15,"Lalu, kata perempuan itu kepada-Nya, “Tuan, berilah aku air itu supaya aku tidak merasa dahaga dan tidak perlu datang lagi kemari untuk menimba air.”",
Yahya,4,16,Yahya 4:16,"Sabda Isa kepadanya, “Pergilah, panggillah suamimu kemari.”",
Yahya,4,17,Yahya 4:17,"Jawab perempuan itu kepada-Nya, “Aku tidak bersuami.” Sabda Isa kepadanya, “Engkau benar ketika engkau berkata, ‘Aku tidak bersuami,’",
Yahya,4,18,Yahya 4:18,"karena engkau sudah pernah mempunyai lima suami dan yang sekarang ada padamu bukanlah suamimu. Dalam hal ini, engkau berkata jujur.”",
Yahya,4,19,Yahya 4:19,"Kata perempuan itu kepada-Nya, “Ya Tuan, tentunya Engkau adalah seorang nabi.",
Yahya,4,20,Yahya 4:20,"Nenek moyang kami menyembah Allah di atas bukit ini, tetapi bangsa Tuan berkata bahwa Yerusalemlah tempat yang patut untuk menyembah Allah.”",
Yahya,4,21,Yahya 4:21,"Sabda Isa kepadanya, “Hai perempuan, percayalah kepada-Ku, akan tiba waktunya kamu akan menyembah Sang Bapa bukan lagi di atas bukit ini atau di Yerusalem.",
Yahya,4,22,Yahya 4:22,"Kamu menyembah apa yang tidak kamu kenal, sedangkan kami menyembah apa yang kami kenal karena keselamatan itu datang dari bani Israil.",
Yahya,4,23,Yahya 4:23,"Tetapi, waktunya akan tiba dan sedang tiba bahwa penyembah-penyembah sejati akan menyembah Sang Bapa dalam ruh dan kebenaran karena Sang Bapa mencari penyembah-penyembah yang demikian.",
Yahya,4,24,Yahya 4:24,"Allah itu Ruh, dan siapa menyembah Dia, ia harus menyembah-Nya dalam ruh dan kebenaran.”",
Yahya,4,25,Yahya 4:25,"Kata perempuan itu kepada-Nya, “Aku tahu bahwa Mesias, yang disebut Al-Masih itu, akan datang. Apabila Ia datang, Ia akan memberitahukan segala sesuatu kepada kami.”",
Yahya,4,26,Yahya 4:26,"Sabda Isa kepada perempuan itu, “Akulah Dia, yang sedang bertutur kata denganmu.”",
Yahya,4,27,Yahya 4:27,"Setelah para pengikut-Nya kembali, mereka merasa heran sebab Isa bercakap-cakap dengan seorang perempuan. Namun, tak seorang pun dari antara mereka bertanya kepada perempuan itu, “Apa yang kaukehendaki?” Atau kepada Isa, “Mengapa Guru berbicara dengan perempuan itu?”",
Yahya,4,28,Yahya 4:28,"Perempuan itu meninggalkan buyungnya, lalu pergi ke kota dan berkata kepada orang-orang,",
Yahya,4,29,Yahya 4:29,"“Mari lihatlah, ada seseorang yang memberitahukan kepadaku segala sesuatu yang telah kuperbuat! Mungkinkah Dia itu Al-Masih?”",
Yahya,4,30,Yahya 4:30,"Mereka pun segera keluar dari kota, lalu menemui Isa.",
Yahya,4,31,Yahya 4:31,"Sementara itu, para pengikut-Nya meminta Isa untuk makan. Kata mereka, “Ya Guru, makanlah.”",
Yahya,4,32,Yahya 4:32,"Tetapi, sabda-Nya kepada mereka, “Pada-Ku ada makanan yang tidak kamu ketahui.”",
Yahya,4,33,Yahya 4:33,"Lalu, para pengikut-Nya bertanya-tanya satu kepada yang lain, “Apakah ada orang yang telah membawakan makanan untuk-Nya?”",
Yahya,4,34,Yahya 4:34,"Sabda Isa kepada mereka, “Makanan-Ku adalah melakukan kehendak Allah yang mengutus Aku dan menyelesaikan pekerjaan-Nya.",
Yahya,4,35,Yahya 4:35,"Bukankah kamu berkata bahwa empat bulan lagi baru akan tiba musim menuai? Tetapi, Aku berkata kepadamu, bukalah matamu dan pandanglah ladang-ladang yang sudah menguning dan siap untuk dituai.",
Yahya,4,36,Yahya 4:36,"Sekarang ini, orang yang menuai sudah mendapat upahnya dan mengumpulkan hasil bagi kehidupan yang kekal sehingga orang yang menabur dan yang menuai sama-sama bergembira.",
Yahya,4,37,Yahya 4:37,"Dengan demikian, benarlah ungkapan ini: Ada yang menabur, ada pula yang menuai.",
Yahya,4,38,Yahya 4:38,Aku mengutus kamu untuk menuai apa yang tidak kamu kerjakan. Orang lain mengerjakannya dan kamu memetik keuntungan dari hasil pekerjaan mereka.”,
Yahya,4,39,Yahya 4:39,"Banyak orang Samaria di kota itu menjadi percaya kepada Isa karena perkataan perempuan itu yang memberi kesaksian demikian, “Ia memberitahukan kepadaku segala sesuatu yang telah kuperbuat.”",
Yahya,4,40,Yahya 4:40,"Setelah orang-orang Samaria itu bertemu dengan Isa, mereka meminta kepada-Nya supaya Ia tinggal bersama mereka. Lalu, tinggallah Ia di situ dua hari lamanya.",
Yahya,4,41,Yahya 4:41,"Dengan demikian, lebih banyak lagi orang yang menjadi percaya setelah mereka mendengar sendiri perkataan Isa.",
Yahya,4,42,Yahya 4:42,"Lalu, kata mereka kepada perempuan itu, “Kami percaya bukan karena perkataanmu semata-mata, tetapi karena kami sendiri sudah mendengar dan mengetahui bahwa Dia benar-benar Penyelamat dunia ini.”",
Yahya,4,43,Yahya 4:43,"Setelah dua hari tinggal di Samaria, Isa pergi ke Galilea",Kembali ke Galilea
Yahya,4,44,Yahya 4:44,karena Ia sendiri telah memberi kesaksian bahwa seorang nabi tidak dihormati di tempatnya sendiri.,
Yahya,4,45,Yahya 4:45,"Sesampai-Nya di Galilea, Ia disambut oleh orang-orang Galilea sebab mereka telah melihat segala sesuatu yang diperbuat-Nya di Yerusalem pada hari raya karena pada hari raya itu mereka pun ada di sana.",
Yahya,4,46,Yahya 4:46,"Kemudian, Isa datang lagi ke Kota Kana, di wilayah Galilea, yaitu tempat Ia pernah mengubah air menjadi air anggur. Di situ ada seorang pegawai kerajaan yang anak laki-lakinya menderita sakit di Kapernaum.",Isa Menyembuhkan Anak Pegawai Istana
Yahya,4,47,Yahya 4:47,"Ketika ia mendengar bahwa Isa sudah datang dari Yudea ke Galilea, pergilah ia menemui-Nya dan meminta supaya Ia datang menyembuhkan anaknya karena anaknya itu hampir mati.",
Yahya,4,48,Yahya 4:48,"Kemudian, sabda Isa kepadanya, “Jika kamu tidak melihat tanda ajaib dan mukjizat, tentu kamu tidak percaya.”",
Yahya,4,49,Yahya 4:49,"Kata pegawai kerajaan itu kepada-Nya, “Ya Junjungan, datanglah segera sebelum anakku meninggal.”",
Yahya,4,50,Yahya 4:50,"Lalu, sabda Isa kepadanya, “Pergilah, anakmu hidup!” Ia percaya pada perkataan yang disabdakan Isa kepadanya, lalu ia pun pergilah.",
Yahya,4,51,Yahya 4:51,Dalam perjalanan pulang ia bertemu dengan hamba-hambanya yang mengatakan bahwa anaknya itu hidup.,
Yahya,4,52,Yahya 4:52,"Lalu, bertanyalah ia kepada mereka, “Pukul berapa anak itu mulai sembuh?” Kata mereka kepadanya, “Kemarin, pada jam yang ketujuh, demamnya hilang.”",
Yahya,4,53,Yahya 4:53,"Orang tua anak itu pun segera tahu bahwa pada jam itu juga Isa bersabda kepadanya, “Anakmu hidup.” Lalu, ia pun menjadi percaya, demikian pula semua orang yang tinggal di rumahnya.",
Yahya,4,54,Yahya 4:54,"Itulah tanda ajaib kedua yang dilakukan Isa, setelah Ia kembali dari Yudea ke Galilea.",
Yahya,5,1,Yahya 5:1,"Setelah itu, tibalah hari raya bani Israil, Isa pun pergi ke Yerusalem.",Penyembuhan pada Hari Sabat di Kolam Baitesda
Yahya,5,2,Yahya 5:2,"Di Yerusalem, dekat gerbang domba, ada sebuah kolam yang dalam bahasa Ibrani disebut Baitesda. Kolam itu memiliki lima serambi,",
Yahya,5,3,Yahya 5:3,"dan di serambi-serambi itu berbaring sejumlah besar orang sakit. Ada yang buta, yang timpang, dan yang lumpuh. Mereka semua menantikan air kolam itu berguncang.",
Yahya,5,4,Yahya 5:4,"Sebab sewaktu-waktu malaikat Tuhan turun ke kolam itu dan mengguncangkan air di dalamnya. Siapa lebih dahulu masuk ke dalamnya sesudah air itu berguncang, ia menjadi sembuh apa pun penyakitnya.",
Yahya,5,5,Yahya 5:5,Di situ ada seorang yang sudah tiga puluh delapan tahun lamanya menderita sakit.,
Yahya,5,6,Yahya 5:6,"Isa melihat orang itu berbaring dan Ia pun tahu bahwa orang itu sudah lama berada dalam keadaan begitu. Lalu, sabda-Nya, “Maukah engkau disembuhkan?”",
Yahya,5,7,Yahya 5:7,"Jawab orang sakit itu, “Tuan, tidak ada orang yang dapat menurunkan aku ke dalam kolam ini apabila airnya berguncang. Jadi, sementara aku bergerak menuju kolam itu, orang lain sudah turun mendahului aku.”",
Yahya,5,8,Yahya 5:8,"Sabda Isa kepadanya, “Bangun, angkatlah alas tidurmu dan berjalanlah.”",
Yahya,5,9,Yahya 5:9,"Pada saat itu juga sembuhlah orang itu, lalu ia mengangkat alas tidurnya dan berjalan. Hari itu adalah hari Sabat.",
Yahya,5,10,Yahya 5:10,"Sebab itu, orang-orang Israil berkata kepada orang yang disembuhkan itu, “Hari ini adalah hari Sabat, engkau tidak boleh mengangkat alas tidurmu.”",
Yahya,5,11,Yahya 5:11,"Tetapi, jawabnya kepada mereka, “Orang yang menyembuhkan aku itulah yang berkata kepadaku, ‘Angkatlah alas tidurmu dan berjalanlah.’”",
Yahya,5,12,Yahya 5:12,"Lalu, bertanyalah mereka kepadanya, “Siapakah orang yang berkata kepadamu, ‘Angkatlah dan berjalanlah’?”",
Yahya,5,13,Yahya 5:13,"Tetapi, orang yang telah disembuhkan itu tidak tahu siapa Isa karena Isa telah menghilang di antara orang banyak yang ada di tempat itu.",
Yahya,5,14,Yahya 5:14,"Tak lama kemudian, Isa bertemu dengan orang itu di Bait Allah, lalu bersabda kepadanya, “Ingatlah baik-baik, engkau sudah sembuh. Jangan berbuat dosa lagi supaya jangan sampai hal yang lebih buruk menimpamu.”",
Yahya,5,15,Yahya 5:15,"Lalu, pergilah orang itu dan memberitahukan orang-orang Israil bahwa Isalah yang telah menyembuhkannya.",
Yahya,5,16,Yahya 5:16,"Itulah sebabnya, orang-orang Israil kemudian berusaha menganiaya Isa karena hal-hal itu dilakukan-Nya pada hari Sabat.",
Yahya,5,17,Yahya 5:17,"Sabda Isa kepada mereka itu, “Bapa-Ku masih bekerja sampai sekarang maka Aku bekerja juga.”",
Yahya,5,18,Yahya 5:18,"Hal itu justru membuat orang Israil semakin berusaha mencari jalan untuk membunuh Dia, bukan saja karena Ia melanggar hukum Sabat, melainkan karena Ia pun mengatakan bahwa Allah adalah Bapa-Nya. Dengan demikian, Ia menyamakan diri-Nya dengan Allah.",
Yahya,5,19,Yahya 5:19,"Kemudian, Isa menjawab mereka, sabda-Nya, “Sesungguhnya, Aku berkata kepadamu, tidak ada sesuatu pun yang dapat dilakukan oleh Sang Anak dari diri-Nya sendiri. Apa yang dilakukan-Nya dilihat-Nya dari apa yang dilakukan oleh Sang Bapa, dan apa pun yang dilakukan oleh Sang Bapa, itu jugalah yang dilakukan oleh Sang Anak.",Kesaksian Isa tentang Diri-Nya
Yahya,5,20,Yahya 5:20,Karena Sang Bapa mengasihi Sang Anak. Ia menunjukkan kepada Sang Anak segala sesuatu yang dilakukan oleh diri-Nya sendiri. Bahkan Ia akan menunjukkan kepada Sang Anak perbuatan yang lebih besar lagi sehingga kamu menjadi heran.,
Yahya,5,21,Yahya 5:21,"Sama seperti Sang Bapa membangkitkan orang-orang mati serta menghidupkannya, begitu jugalah Sang Anak, Ia menghidupkan siapa saja yang dikehendaki-Nya.",
Yahya,5,22,Yahya 5:22,"Sang Bapa tidak menghakimi siapa pun, tetapi segala hal yang berkenaan dengan penghakiman sudah diserahkan kepada Sang Anak.",
Yahya,5,23,Yahya 5:23,"Maksudnya ialah supaya semua orang menghormati Sang Anak, sama seperti mereka menghormati Sang Bapa. Orang yang tidak menghormati Sang Anak berarti tidak menghormati Sang Bapa yang mengutus Dia.",
Yahya,5,24,Yahya 5:24,"Sesungguhnya, Aku berkata kepadamu, orang yang mendengarkan perkataan-Ku serta percaya kepada Dia yang mengutus Aku memperoleh hidup yang kekal dan tidak akan dihukum. Ia sudah berpindah dari dalam maut ke dalam hidup.",
Yahya,5,25,Yahya 5:25,"Sesungguhnya, Aku berkata kepadamu, akan tiba waktunya dan sudah tiba bahwa orang-orang mati akan mendengar suara Sang Anak yang datang dari Allah, dan mereka yang mendengarnya akan hidup.",
Yahya,5,26,Yahya 5:26,"Karena sama seperti Sang Bapa adalah sumber hidup, Ia juga menjadikan Sang Anak sumber hidup.",
Yahya,5,27,Yahya 5:27,"Selain itu, karena Sang Anak adalah Anak Manusia, maka Sang Bapa pun telah memberikan kepada-Nya wewenang untuk menjalankan penghakiman.",
Yahya,5,28,Yahya 5:28,"Janganlah kamu heran akan hal ini karena akan tiba waktunya bahwa semua orang yang ada di alam kubur akan mendengar suara-Nya,",
Yahya,5,29,Yahya 5:29,"lalu keluar. Mereka yang sudah berbuat baik bangkit untuk menerima hidup kekal, sedangkan mereka yang telah berbuat jahat bangkit untuk dihukum.",
Yahya,5,30,Yahya 5:30,"Aku tidak dapat berbuat satu hal pun atas wewenang-Ku sendiri. Aku menghakimi sebagaimana diperintahkan oleh Sang Bapa, dan penghakiman-Ku itu adil karena Aku tidak menuruti kehendak-Ku sendiri, melainkan kehendak Dia yang mengutus Aku.",
Yahya,5,31,Yahya 5:31,"Jikalau Aku memberi kesaksian tentang diri-Ku sendiri, maka kesaksian-Ku itu tidak benar.",
Yahya,5,32,Yahya 5:32,"Ada yang lain yang memberi kesaksian tentang Aku, dan Aku tahu bahwa kesaksian yang disampaikan-Nya tentang Aku itu benar.",
Yahya,5,33,Yahya 5:33,"Kamu sudah mengutus orang untuk datang kepada Yahya, dan ia telah memberi kesaksian tentang kebenaran.",
Yahya,5,34,Yahya 5:34,"Namun, Aku tidak bergantung pada kesaksian dari manusia. Semua ini Kukatakan supaya kamu diselamatkan.",
Yahya,5,35,Yahya 5:35,Yahya adalah ibarat sebuah pelita yang menyala dan bercahaya. Kamu senang menikmati cahaya itu untuk seketika lamanya.,
Yahya,5,36,Yahya 5:36,"Tetapi, Aku memiliki kesaksian yang lebih besar daripada kesaksian Yahya, yaitu pekerjaan-pekerjaan yang telah diserahkan oleh Sang Bapa kepada-Ku untuk Kuselesaikan. Pekerjaan-pekerjaan yang Kulakukan itulah yang memberi kesaksian tentang Aku bahwa Sang Bapa telah mengutus Aku.",
Yahya,5,37,Yahya 5:37,"Dia sendiri pun, yaitu Sang Bapa yang mengutus Aku, telah memberi kesaksian tentang Aku. Kamu belum pernah mendengar suara-Nya atau melihat rupa-Nya,",
Yahya,5,38,Yahya 5:38,bahkan firman-Nya pun tidak tinggal di dalam dirimu karena kamu tidak percaya kepada Dia yang diutus oleh-Nya.,
Yahya,5,39,Yahya 5:39,"Memang kamu menyelidiki Kitab-kitab Suci karena kamu menyangka bahwa di dalamnya terdapat hidup yang kekal. Kitab-kitab Suci itu memberi kesaksian tentang Aku,",
Yahya,5,40,Yahya 5:40,namun kamu tidak mau datang kepada-Ku untuk memperoleh hidup.,
Yahya,5,41,Yahya 5:41,"Aku tidak memerlukan penghormatan dari manusia,",
Yahya,5,42,Yahya 5:42,"tetapi Aku mengenal kamu, yaitu bahwa kasih Allah tidak ada di dalam dirimu.",
Yahya,5,43,Yahya 5:43,"Aku datang atas nama Bapa-Ku, tetapi kamu tidak menerima Aku. Padahal jika ada orang lain datang atas namanya sendiri, kamu menerimanya.",
Yahya,5,44,Yahya 5:44,Bagaimana kamu dapat percaya kalau kamu mencari hormat dari sesamamu dan tidak mencari hormat dari Allah Yang Esa?,
Yahya,5,45,Yahya 5:45,Jangan kamu menyangka bahwa Aku akan mendakwa kamu di hadapan Sang Bapa. Musalah yang akan mendakwa kamu karena kepadanyalah kamu berharap.,
Yahya,5,46,Yahya 5:46,"Jika kamu percaya kepada Musa, tentu kamu akan percaya juga kepada-Ku karena Musa telah menulis tentang Aku.",
Yahya,5,47,Yahya 5:47,"Tetapi, jika kamu tidak percaya pada apa yang telah ditulis oleh Musa, bagaimanakah kamu akan percaya pada apa yang Kukatakan?”",
Yahya,6,1,Yahya 6:1,"Sesudah itu, Isa pergi ke seberang Danau Galilea, yaitu Danau Tiberias.",Isa Memberi Makan Lima Ribu Orang
Yahya,6,2,Yahya 6:2,Sejumlah besar orang mengikuti Dia sebab mereka telah melihat semua tanda ajaib yang dibuat-Nya terhadap orang-orang sakit.,
Yahya,6,3,Yahya 6:3,Isa naik ke sebuah bukit dan duduk di situ bersama para pengikut-Nya.,
Yahya,6,4,Yahya 6:4,"Pada waktu itu Paskah, yaitu hari raya bani Israil, hampir tiba.",
Yahya,6,5,Yahya 6:5,"Ketika Isa melayangkan pandangan-Nya dan melihat sejumlah besar orang datang kepada-Nya, bersabdalah Ia kepada Filipus, “Di manakah kita dapat membeli roti supaya mereka semua dapat makan?”",
Yahya,6,6,Yahya 6:6,Maksud Isa bersabda begitu adalah untuk menguji Filipus karena Ia sendiri tahu apa yang hendak dilakukan-Nya.,
Yahya,6,7,Yahya 6:7,"Jawab Filipus kepada-Nya, “Roti seharga dua ratus dinar tidak akan cukup bagi mereka sekalipun masing-masing hanya mendapat sedikit.”",
Yahya,6,8,Yahya 6:8,"Salah seorang pengikut-Nya, yaitu Andreas, saudara Simon Petrus, berkata kepada-Nya,",
Yahya,6,9,Yahya 6:9,"“Di sini ada seorang anak laki-laki yang membawa lima roti dan dua ikan, tetapi apa artinya untuk orang sebanyak ini?”",
Yahya,6,10,Yahya 6:10,"Sabda Isa, “Suruhlah mereka duduk.” Di tempat itu ada banyak rumput. Lalu, duduklah mereka di situ. Jumlah mereka kira-kira lima ribu orang laki-laki.",
Yahya,6,11,Yahya 6:11,"Lalu, Isa mengambil roti, mengucap syukur, dan membagikannya kepada orang-orang yang duduk di situ. Hal yang sama dilakukan-Nya pula dengan ikan itu, Ia membagikannya kepada mereka sebanyak yang mereka kehendaki.",
Yahya,6,12,Yahya 6:12,"Setelah semuanya kenyang, bersabdalah Isa kepada pengikut-pengikut-Nya, “Kumpulkanlah potongan-potongan kelebihannya supaya jangan ada satu pun yang terbuang.”",
Yahya,6,13,Yahya 6:13,"Lalu, mereka mengumpulkannya, dan ternyata setelah semua orang makan dari potongan lima roti itu, ada dua belas bakul kelebihannya.",
Yahya,6,14,Yahya 6:14,"Ketika mereka melihat tanda ajaib yang dilakukan oleh Isa, berkatalah mereka, “Dia benar-benar nabi yang akan datang ke dunia ini.”",
Yahya,6,15,Yahya 6:15,"Isa pun tahu bahwa mereka akan datang dan membawa Dia untuk menjadikan-Nya raja. Oleh karena itu, menyingkirlah Isa ke bukit seorang diri saja.",
Yahya,6,16,Yahya 6:16,"Setelah magrib, para pengikut Isa turun ke danau,",Isa Berjalan di Atas Air
Yahya,6,17,Yahya 6:17,"lalu naik perahu, hendak menyeberang ke Kapernaum. Hari sudah gelap, tetapi Isa belum juga datang menemui mereka.",
Yahya,6,18,Yahya 6:18,Pada waktu itu air danau mulai berombak sebab angin bertiup dengan kencang.,
Yahya,6,19,Yahya 6:19,"Setelah mendayung perahu kira-kira lima atau enam kilometer, mereka melihat Isa berjalan di atas air danau itu, datang mendekati perahu mereka. Mereka menjadi takut.",
Yahya,6,20,Yahya 6:20,"Tetapi, sabda Isa kepada mereka, “Jangan takut, ini Aku!”",
Yahya,6,21,Yahya 6:21,"Baru saja mereka mau menyambut Dia naik ke perahu, seketika itu juga perahu sampai di seberang, di tempat yang mereka tuju.",
Yahya,6,22,Yahya 6:22,"Esoknya, orang banyak yang berdiri di seberang danau itu menyadari bahwa tadinya hanya ada satu perahu di situ, dan bahwa Isa tidak naik perahu itu bersama para pengikut-Nya, melainkan para pengikut-Nya saja yang berangkat.",Orang Banyak Mencari Isa
Yahya,6,23,Yahya 6:23,"Tetapi, ada juga perahu-perahu lain dari Tiberias yang datang ke dekat tempat itu, yaitu tempat mereka makan roti setelah Sang Junjungan mengucap syukur.",
Yahya,6,24,Yahya 6:24,"Oleh karena itu, ketika orang banyak itu menyadari bahwa Isa tidak ada di situ demikian juga para pengikut-Nya, mereka pun naik ke perahu-perahu yang ada, lalu pergi ke Kapernaum untuk mencari Isa.",
Yahya,6,25,Yahya 6:25,"Setelah orang banyak itu mendapati Isa di seberang danau, mereka bertanya kepada-Nya, “Wahai Guru, sejak kapan Engkau berada di sini?”",Roti Hidup
Yahya,6,26,Yahya 6:26,"Sabda Isa kepada mereka, “Sesungguhnya, Aku berkata kepadamu, kamu mencari Aku bukan karena kamu telah melihat tanda-tanda ajaib, melainkan karena kamu telah makan roti hingga kenyang.",
Yahya,6,27,Yahya 6:27,"Jangan bekerja demi makanan yang akan binasa, tetapi bekerjalah demi makanan yang tetap bertahan sampai kehidupan yang kekal, yang akan diberikan oleh Anak Manusia karena Dialah yang ditetapkan oleh Sang Bapa, yaitu Allah.”",
Yahya,6,28,Yahya 6:28,"Lalu, mereka bertanya kepada-Nya, “Apa yang harus kami lakukan untuk melaksanakan pekerjaan yang dikehendaki Allah?”",
Yahya,6,29,Yahya 6:29,"Sabda Isa kepada mereka, “Inilah pekerjaan yang dikehendaki Allah, yaitu supaya kamu percaya kepada Dia yang diutus oleh-Nya.”",
Yahya,6,30,Yahya 6:30,"Lalu, kata mereka kepada Isa, “Tanda ajaib apa yang Engkau adakan supaya kami dapat melihat dan percaya kepada-Mu? Apa yang Engkau kerjakan?",
Yahya,6,31,Yahya 6:31,"Nenek moyang kami makan manna pada waktu di padang belantara, seperti telah tertulis, ‘Mereka diberi-Nya makan roti dari surga.’”",
Yahya,6,32,Yahya 6:32,"Lalu, sabda Isa kepada mereka, “Sesungguhnya, Aku berkata kepadamu, bukan Musa yang memberi kamu roti dari surga itu, melainkan Bapa-Ku yang memberikan kepadamu roti yang sesungguhnya dari surga.",
Yahya,6,33,Yahya 6:33,Karena roti yang berasal dari Allah adalah Dia yang turun dari surga dan yang memberi hidup kepada dunia.”,
Yahya,6,34,Yahya 6:34,"Lalu, kata mereka kepada-Nya, “Tuan, berilah kami roti itu senantiasa.”",
Yahya,6,35,Yahya 6:35,"Sabda Isa kepada mereka, “Akulah roti hidup itu. Siapa datang kepada-Ku, ia tidak akan lapar lagi, dan siapa percaya kepada-Ku, ia tidak akan haus lagi.",
Yahya,6,36,Yahya 6:36,"Tetapi, Kukatakan kepadamu bahwa walaupun kamu sudah melihat Aku, kamu tidak percaya juga.",
Yahya,6,37,Yahya 6:37,"Semua yang diberikan Sang Bapa kepada-Ku akan datang kepada-Ku, dan orang yang datang kepada-Ku tidak akan pernah Kutolak.",
Yahya,6,38,Yahya 6:38,"Karena Aku turun dari surga bukan untuk melakukan kehendak-Ku sendiri, melainkan kehendak Dia yang mengutus Aku.",
Yahya,6,39,Yahya 6:39,"Inilah kehendak Sang Bapa yang mengutus Aku, yaitu supaya semua yang diberikan-Nya kepada-Ku jangan satu pun hilang, melainkan supaya Kuhidupkan kembali pada hari kiamat.",
Yahya,6,40,Yahya 6:40,"Sebab demikianlah kehendak Bapa-Ku, yaitu supaya setiap orang yang memandang Sang Anak serta percaya kepada-Nya mempunyai hidup kekal, dan Kuhidupkan kembali pada hari kiamat.”",
Yahya,6,41,Yahya 6:41,"Lalu, bersungut-sungutlah orang Israil terhadap Isa sebab Ia bersabda, “Akulah roti yang turun dari surga.”",
Yahya,6,42,Yahya 6:42,"Kemudian, kata mereka, “Bukankah Dia ini Isa bin Yusuf, yang ayah dan ibu-Nya kita kenal? Bagaimana Ia dapat berkata, ‘Aku telah turun dari surga’?”",
Yahya,6,43,Yahya 6:43,"Lalu, sabda Isa kepada mereka, “Jangan kamu bersungut-sungut.",
Yahya,6,44,Yahya 6:44,"Tak seorang pun dapat datang kepada-Ku jika hatinya tidak digerakkan oleh Sang Bapa yang mengutus Aku, dan Aku akan menghidupkannya kembali pada hari kiamat.",
Yahya,6,45,Yahya 6:45,"Hal itu telah tertulis dalam tulisan para nabi, ‘Semua orang akan diajar oleh Allah.’ Jadi, setiap orang yang telah mendengar dan belajar dari Sang Bapa akan datang kepada-Ku.",
Yahya,6,46,Yahya 6:46,"Tak seorang pun pernah melihat Sang Bapa, selain Dia yang datang dari Allah. Dia itulah yang pernah melihat Sang Bapa.",
Yahya,6,47,Yahya 6:47,"Sesungguhnya, Aku berkata kepadamu, siapa percaya, ia mempunyai hidup kekal.",
Yahya,6,48,Yahya 6:48,Akulah roti hidup.,
Yahya,6,49,Yahya 6:49,Nenek moyangmu makan manna di padang belantara dan mereka mati juga.,
Yahya,6,50,Yahya 6:50,Sedangkan roti ini adalah roti yang turun dari surga. Orang yang makan roti ini tidak akan mati.,
Yahya,6,51,Yahya 6:51,"Akulah roti hidup yang turun dari surga. Jika seseorang makan roti ini, ia akan hidup sampai selama-lamanya. Roti yang akan Kuberikan ialah tubuh-Ku, demi kehidupan manusia seisi dunia.”",
Yahya,6,52,Yahya 6:52,"Sebab itu, orang-orang Israil itu bertengkar satu sama lain, “Bagaimana mungkin orang ini memberikan tubuh-Nya untuk kita makan?”",
Yahya,6,53,Yahya 6:53,"Sabda Isa kepada mereka, “Sesungguhnya, Aku berkata kepadamu, jikalau kamu tidak makan tubuh Anak Manusia dan minum darah-Nya, maka kamu tidak mempunyai kehidupan di dalam dirimu.",
Yahya,6,54,Yahya 6:54,"Siapa makan tubuh-Ku dan minum darah-Ku, ia mempunyai hidup kekal, dan Aku akan membangkitkannya pada hari kiamat.",
Yahya,6,55,Yahya 6:55,"Karena tubuh-Ku adalah makanan yang sesungguhnya, dan darah-Ku adalah minuman yang sesungguhnya.",
Yahya,6,56,Yahya 6:56,"Siapa makan tubuh-Ku dan minum darah-Ku, ia tinggal di dalam Aku dan Aku pun tinggal di dalam dia.",
Yahya,6,57,Yahya 6:57,"Seperti Sang Bapa yang hidup itu mengutus Aku dan Aku hidup karena Sang Bapa, demikian juga orang yang memakan Aku akan hidup karena Aku.",
Yahya,6,58,Yahya 6:58,"Ini adalah roti yang turun dari surga, tidak seperti roti yang dimakan oleh nenek moyangmu, yang akhirnya mati juga. Orang yang makan roti ini akan hidup sampai selama-lamanya.”",
Yahya,6,59,Yahya 6:59,Semua itu disabdakan-Nya di Kapernaum ketika Ia mengajar di rumah ibadah.,
Yahya,6,60,Yahya 6:60,"Setelah mendengar ajaran Isa, banyak dari antara para pengikut-Nya berkata, “Perkataan ini sulit diterima. Siapa yang tahan mendengarkannya?”",Pengikut-Pengikut yang Mengundurkan Diri di Galilea
Yahya,6,61,Yahya 6:61,"Di dalam hati-Nya Isa tahu bahwa pengikut-pengikut-Nya bersungut-sungut karena hal itu. Lalu, sabda-Nya kepada mereka, “Apakah hal itu membuat kamu menjadi ragu?",
Yahya,6,62,Yahya 6:62,Bagaimana jika kamu melihat Anak Manusia naik ke tempat asal-Nya?,
Yahya,6,63,Yahya 6:63,"Ruhlah yang menghidupkan, sedangkan tubuh tidak ada faedahnya sama sekali. Perkataan-perkataan yang Kukatakan kepadamu sifatnya rohani dan hidup.",
Yahya,6,64,Yahya 6:64,"Namun, ada juga di antara kamu yang tidak percaya.” Karena sejak semula Isa mengetahui siapa yang tidak percaya dan siapa pula yang akan menyerahkan-Nya.",
Yahya,6,65,Yahya 6:65,"Sabda-Nya selanjutnya, “Itulah sebabnya, Aku berkata kepadamu bahwa tidak seorang pun dapat datang kepada-Ku jika tidak dianugerahkan kepadanya oleh Sang Bapa.”",
Yahya,6,66,Yahya 6:66,"Setelah itu, banyak pengikut-Nya yang mengundurkan diri dan tidak lagi mengikut Dia.",
Yahya,6,67,Yahya 6:67,"Lalu, sabda Isa kepada kedua belas pengikut-Nya, “Kamu juga hendak pergi?”",Pengakuan Petrus
Yahya,6,68,Yahya 6:68,"Jawab Simon Petrus kepada-Nya, “Ya Junjungan, kepada siapakah kami akan pergi? Engkaulah yang memiliki perkataan hidup yang kekal.",
Yahya,6,69,Yahya 6:69,"Lagi pula, kami percaya dan tahu bahwa Junjungan adalah Yang Suci, yang datang dari Allah.”",
Yahya,6,70,Yahya 6:70,"Sabda Isa kepada mereka, “Bukankah Aku telah memilih kamu, kedua belas orang ini? Akan tetapi, salah satu dari antara kamu serupa dengan Iblis.”",
Yahya,6,71,Yahya 6:71,Orang yang dimaksudkan-Nya ialah Yudas bin Simon Iskariot karena dialah yang akan menyerahkan Isa. Yudas termasuk salah satu dari antara kedua belas pengikut itu.,
Yahya,7,1,Yahya 7:1,"Setelah itu, Isa melakukan perjalanan di wilayah Galilea. Ia tidak mau tinggal di wilayah Yudea sebab orang-orang Israil berupaya untuk membunuh-Nya.",Isa Pergi ke Yerusalem untuk Hari Raya Pondok Daun
Yahya,7,2,Yahya 7:2,"Waktu itu hari raya orang Israil, yaitu hari raya Pondok Daun, hampir tiba.",
Yahya,7,3,Yahya 7:3,"Saudara-saudara Isa berkata kepada-Nya, “Pindahlah dari sini dan kembalilah ke wilayah Yudea supaya pengikut-pengikut-Mu dapat melihat segala pekerjaan yang Kaulakukan.",
Yahya,7,4,Yahya 7:4,"Tak seorang pun melakukan sesuatu secara sembunyi-sembunyi jika ia ingin menjadi masyhur. Jika Engkau melakukan hal-hal yang demikian itu, nyatakanlah diri-Mu kepada dunia ini.”",
Yahya,7,5,Yahya 7:5,Bahkan saudara-saudara-Nya pun tidak percaya kepada-Nya.,
Yahya,7,6,Yahya 7:6,"Sabda Isa kepada mereka, “Waktu-Ku belum tiba, tetapi bagi kamu selalu ada waktu.",
Yahya,7,7,Yahya 7:7,"Dunia ini tidak dapat membenci kamu, tetapi Aku dibenci oleh dunia sebab Aku memberi kesaksian bahwa semua perbuatannya jahat.",
Yahya,7,8,Yahya 7:8,Pergilah kamu ke perayaan itu. Aku belum pergi ke perayaan itu sebab waktu-Ku belum tiba.”,
Yahya,7,9,Yahya 7:9,"Setelah Isa bersabda demikian kepada mereka, tinggallah Ia di Galilea.",
Yahya,7,10,Yahya 7:10,"Tetapi, ketika saudara-saudara-Nya telah berangkat ke perayaan itu, Isa pun pergi ke situ secara sembunyi-sembunyi, tidak terang-terangan.",
Yahya,7,11,Yahya 7:11,"Orang-orang Israil mencari Dia pada perayaan itu, kata mereka, “Di manakah orang itu?”",
Yahya,7,12,Yahya 7:12,"Banyak orang berbisik-bisik mengenai Isa. Ada yang berkata, “Ia orang baik,” tetapi ada pula yang berkata, “Tidak, Ia menyesatkan orang banyak.”",
Yahya,7,13,Yahya 7:13,"Tetapi, tidak seorang pun berbicara secara bebas mengenai Isa sebab mereka takut terhadap orang-orang Israil.",
Yahya,7,14,Yahya 7:14,"Tengah perayaan masih berlangsung, Isa masuk ke Bait Allah, lalu mengajar.",Kesaksian Isa tentang Diri-Nya
Yahya,7,15,Yahya 7:15,"Orang-orang Israil pun menjadi heran, lalu kata mereka, “Bagaimana orang ini tahu tentang kitab-kitab, padahal Ia belum pernah mempelajarinya?”",
Yahya,7,16,Yahya 7:16,"Lalu, sabda Isa kepada mereka, “Ajaran-Ku bukan dari diri-Ku sendiri, melainkan dari Dia yang telah mengutus Aku.",
Yahya,7,17,Yahya 7:17,"Jika seseorang mau melakukan kehendak-Nya, maka ia akan tahu apakah ajaran ini berasal dari Allah atau dari diri-Ku sendiri.",
Yahya,7,18,Yahya 7:18,"Orang yang berbicara atas namanya sendiri mencari kemuliaan bagi dirinya sendiri. Tetapi, orang yang mencari kemuliaan bagi Dia yang mengutusnya adalah orang yang jujur, dan dalam dirinya tidak ada ketidakbenaran.",
Yahya,7,19,Yahya 7:19,"Bukankah Musa telah memberikan kepadamu hukum Taurat? Tetapi, tak seorang pun di antara kamu yang melaksanakannya. Mengapa kamu mencari jalan untuk membunuh Aku?”",
Yahya,7,20,Yahya 7:20,"Jawab orang banyak itu, “Engkau kerasukan setan! Siapa yang mencari jalan untuk membunuh-Mu?”",
Yahya,7,21,Yahya 7:21,"Sabda Isa kepada mereka, “Aku melakukan satu mukjizat dan kamu semua merasa heran.",
Yahya,7,22,Yahya 7:22,"Musa memberikan kepadamu peraturan tentang khitan (peraturan itu bukan dari Musa asalnya, melainkan dari para leluhur), dan kamu mengkhitan orang pada hari Sabat.",
Yahya,7,23,Yahya 7:23,"Jikalau seseorang dikhitan pada hari Sabat supaya tidak melanggar hukum Musa, mengapa kamu marah kepada-Ku karena Aku menyembuhkan seluruh tubuh seseorang pada hari Sabat?",
Yahya,7,24,Yahya 7:24,"Jangan kamu menghakimi menurut apa yang kelihatan saja, melainkan hakimilah dengan adil.”",
Yahya,7,25,Yahya 7:25,"Lalu, beberapa orang penduduk Kota Yerusalem berkata, “Bukankah Dia adalah orang yang hendak mereka bunuh?",Pertentangan tentang Asal Isa
Yahya,7,26,Yahya 7:26,"Lihatlah, Ia berbicara dengan bebasnya dan tidak ada satu hal pun yang mereka katakan kepada-Nya. Mungkinkah para pemimpin itu benar-benar telah mengakui bahwa Dia adalah Al-Masih?",
Yahya,7,27,Yahya 7:27,"Kita tahu dari mana asal orang ini. Sedangkan apabila Al-Masih datang nanti, tidak seorang pun tahu dari mana asal-Nya.”",
Yahya,7,28,Yahya 7:28,"Sebab itu, pada waktu Isa mengajar di Bait Allah, Ia berseru, “Kamu memang mengenal siapa Aku serta tahu pula dari mana asal-Ku. Namun, Aku datang bukan atas kehendak-Ku sendiri. Dialah yang mengutus Aku, yaitu Yang Mahabenar. Kamu tidak mengenal Dia,",
Yahya,7,29,Yahya 7:29,"tetapi Aku mengenal Dia karena Aku datang daripada-Nya, dan Dia pula yang mengutus Aku.”",
Yahya,7,30,Yahya 7:30,"Mereka mencari jalan untuk menangkap Isa, tetapi tidak ada seorang pun yang berani memegang-Nya sebab waktu-Nya belum tiba.",
Yahya,7,31,Yahya 7:31,"Meskipun demikian, banyak pula dari antara khalayak ramai itu yang percaya kepada-Nya. Mereka berkata, “Apabila Al-Masih datang, akankah Ia mengadakan lebih banyak tanda ajaib daripada orang ini?”",
Yahya,7,32,Yahya 7:32,"Orang-orang dari mazhab Farisi mendengar bahwa orang banyak berbisik-bisik begitu tentang Isa. Maka, imam-imam kepala dan orang-orang dari mazhab Farisi pun menyuruh para pengawal untuk menangkap-Nya.",
Yahya,7,33,Yahya 7:33,"Lalu, sabda Isa, “Tinggal sesaat saja lamanya Aku bersama-sama dengan kamu, kemudian Aku akan kembali kepada Dia yang telah mengutus Aku.",
Yahya,7,34,Yahya 7:34,"Kamu akan mencari Aku, tetapi kamu tidak akan menemukan Aku, dan kamu tidak akan dapat mendatangi tempat di mana Aku berada.”",
Yahya,7,35,Yahya 7:35,"Sebab itu, orang-orang Israil berkata seorang kepada yang lain, “Ke manakah orang ini hendak pergi sehingga kita tidak akan menemukan-Nya? Apakah Ia hendak pergi kepada orang-orang Israil yang tersebar di antara orang Yunani, lalu mengajar orang Yunani juga?",
Yahya,7,36,Yahya 7:36,"Apakah maksud dari perkataan yang diucapkan-Nya, ‘Kamu akan mencari Aku, tetapi kamu tidak akan menemukan Aku dan kamu tidak dapat mendatangi tempat di mana Aku berada’?”",
Yahya,7,37,Yahya 7:37,"Pada hari terakhir, hari yang paling utama pada perayaan itu, Isa berdiri dan berseru, “Siapa dahaga, hendaklah ia datang kepada-Ku dan minum!",Air Sumber Hidup
Yahya,7,38,Yahya 7:38,"Siapa percaya kepada-Ku, seperti telah tertulis dalam Kitab Suci, ‘Aliran sungai-sungai air hidup akan mengalir di dalam hatinya.’”",
Yahya,7,39,Yahya 7:39,Isa berbicara perihal Ruh Allah yang akan diterima oleh orang-orang yang percaya kepada-Nya. Pada waktu itu Ruh belum dicurahkan sebab Isa belum dimuliakan.,
Yahya,7,40,Yahya 7:40,"Setelah mereka mendengar apa yang disabdakan-Nya itu, beberapa orang di antara mereka berkata, “Orang ini benar-benar nabi yang akan datang.”",
Yahya,7,41,Yahya 7:41,"Sedangkan yang lain berkata, “Dialah Al-Masih.” Tetapi, ada pula yang berkata, “Masakan Al-Masih berasal dari Galilea?",
Yahya,7,42,Yahya 7:42,"Bukankah telah tertulis di dalam Kitab Suci bahwa Al-Masih itu berasal dari keturunan Daud dan dari Baitlahim, yaitu desa tempat Daud lahir?”",
Yahya,7,43,Yahya 7:43,"Lalu, terjadilah perselisihan di antara orang banyak itu mengenai Isa.",
Yahya,7,44,Yahya 7:44,"Sebagian dari mereka ingin menangkap Isa, tetapi tak seorang pun berani memegang-Nya.",
Yahya,7,45,Yahya 7:45,"Para pengawal itu kembali kepada imam-imam kepala dan orang-orang dari mazhab Farisi. Lalu, bertanyalah mereka kepada para pengawal itu, “Mengapa kamu tidak membawa Dia?”",Isa Dibela oleh Nikodemus
Yahya,7,46,Yahya 7:46,"Jawab para pengawal itu, “Belum pernah ada seorang pun yang berbicara seperti Dia.”",
Yahya,7,47,Yahya 7:47,"Lalu, jawab orang-orang dari mazhab Farisi, “Apakah kamu juga sudah disesatkan?",
Yahya,7,48,Yahya 7:48,Adakah salah satu di antara para pemimpin yang percaya kepada-Nya? Atau salah satu di antara orang-orang dari mazhab Farisi?,
Yahya,7,49,Yahya 7:49,"Tetapi, orang banyak yang tidak mengenal hukum Taurat itu, terkutuklah mereka!”",
Yahya,7,50,Yahya 7:50,"Kemudian, Nikodemus, salah seorang dari mereka yang dahulu pernah datang menemui Isa, berkata kepada mereka,",
Yahya,7,51,Yahya 7:51,“Apakah hukum Taurat kita menghukum seseorang tanpa mendengarkannya terlebih dahulu serta mencari tahu apa yang telah dilakukan olehnya?”,
Yahya,7,52,Yahya 7:52,"Lalu, jawab mereka kepadanya, “Apakah engkau juga berasal dari Galilea? Selidikilah dan perhatikanlah, tidak ada seorang nabi yang berasal dari Galilea.”",
Yahya,7,53,Yahya 7:53,"Setelah itu, pulanglah mereka semua ke rumah masing-masing,",Perempuan yang Berzina
Yahya,8,1,Yahya 8:1,tetapi Isa pergi ke bukit Zaitun.,Isa adalah Terang Dunia
Yahya,8,2,Yahya 8:2,"Pada waktu hari masih pagi sekali, Isa sudah tiba kembali di Bait Allah. Semua orang datang kepada-Nya, lalu Ia duduk dan mengajar mereka.",
Yahya,8,3,Yahya 8:3,"Kemudian, para ahli Kitab Suci Taurat dan orang-orang dari mazhab Farisi membawa seorang perempuan yang kedapatan berbuat zina.",
Yahya,8,4,Yahya 8:4,"Mereka menempatkan perempuan itu di tengah-tengah, lalu mereka berkata kepada Isa, “Ya Guru, perempuan ini kedapatan sedang berbuat zina.",
Yahya,8,5,Yahya 8:5,"Dalam hukum Taurat, Nabi Musa menyampaikan pesan supaya kita merajam orang yang demikian. Apakah pendapat Guru mengenai hal ini?”",
Yahya,8,6,Yahya 8:6,"Hal itu mereka katakan untuk mencobai Dia supaya mereka dapat menyalahkan-Nya. Tetapi, Isa membungkuk dan menulis di tanah dengan jari-Nya.",
Yahya,8,7,Yahya 8:7,"Ketika mereka tidak juga berhenti bertanya kepada-Nya, Isa berdiri dan bersabda kepada mereka, “Siapa di antara kamu yang tidak berdosa, hendaklah ia yang mula-mula melemparkan batu kepada perempuan itu.”",
Yahya,8,8,Yahya 8:8,"Lalu, Ia kembali membungkuk dan menulis di tanah dengan jari-Nya.",
Yahya,8,9,Yahya 8:9,"Setelah mereka mendengar hal itu, pergilah mereka seorang demi seorang mulai dari yang paling tua, hingga akhirnya tinggal Isa seorang diri dengan perempuan itu, yang masih berdiri di situ.",
Yahya,8,10,Yahya 8:10,"Kemudian, Isa berdiri dan bersabda kepadanya, “Hai perempuan, ke manakah mereka? Tidak adakah orang yang menghukum engkau?”",
Yahya,8,11,Yahya 8:11,"Jawabnya, “Tidak ada, ya Junjungan.” Lalu, sabda Isa, “Aku pun tidak akan menghukum engkau. Pergilah, dan mulai saat ini jangan berbuat dosa lagi.”",
Yahya,8,12,Yahya 8:12,"Isa kembali bersabda kepada orang banyak itu, “Akulah terang dunia. Orang yang mengikut Aku tidak akan berjalan dalam kegelapan, melainkan akan mempunyai terang hidup.”",Isa adalah Terang Dunia
Yahya,8,13,Yahya 8:13,"Lalu, kata orang-orang dari mazhab Farisi kepada-Nya, “Engkau memberi kesaksian mengenai diri-Mu sendiri. Kesaksian-Mu itu tidak benar.”",
Yahya,8,14,Yahya 8:14,"Sabda Isa kepada mereka, “Kendatipun Aku memberi kesaksian mengenai diri-Ku sendiri, kesaksian-Ku itu benar karena Aku tahu dari mana Aku datang dan ke mana Aku pergi. Sebaliknya, kamu tidak tahu dari mana Aku datang dan ke mana Aku pergi.",
Yahya,8,15,Yahya 8:15,"Kamu menghakimi dengan ukuran manusia, sedangkan Aku tidak menghakimi seorang pun.",
Yahya,8,16,Yahya 8:16,"Tetapi, kendatipun Aku menghakimi, penghakiman-Ku itu adil karena Aku tidak seorang diri, melainkan bersama-sama dengan Sang Bapa yang mengutus Aku.",
Yahya,8,17,Yahya 8:17,Sudah tertulis juga dalam Kitab Suci Tauratmu bahwa kesaksian dua orang adalah sah.,
Yahya,8,18,Yahya 8:18,"Aku memberi kesaksian mengenai diri-Ku sendiri, dan Sang Bapa yang mengutus Aku pun memberi kesaksian mengenai Aku.”",
Yahya,8,19,Yahya 8:19,"Lalu, kata mereka kepada-Nya, “Di manakah Bapa-Mu itu?” Sabda Isa, “Kamu tidak mengenal Aku dan juga Bapa-Ku. Jika kamu mengenal Aku, tentu kamu mengenal juga Bapa-Ku.”",
Yahya,8,20,Yahya 8:20,"Perkataan itu disampaikan Isa di tempat perbendaharaan ketika Ia sedang mengajar di Bait Allah. Tetapi, tidak ada seorang pun yang berani menangkap Dia sebab waktu-Nya belum tiba.",
Yahya,8,21,Yahya 8:21,"Kemudian, Isa bersabda lagi kepada orang banyak itu, “Aku pergi dan kamu akan mencari Aku, tetapi kamu akan mati dalam dosamu. Ke tempat Aku pergi, kamu tidak dapat datang.”",Isa Bukan dari Dunia Ini
Yahya,8,22,Yahya 8:22,"Lalu, kata para pemimpin Israil itu, “Apakah Ia hendak bunuh diri? Sebab Ia berkata, ‘Ke tempat Aku pergi, kamu tidak dapat datang.’”",
Yahya,8,23,Yahya 8:23,"Sabda Isa kepada mereka, “Kamu berasal dari bawah, sedangkan Aku dari atas. Kamu dari dunia ini, sedangkan Aku bukan dari dunia ini.",
Yahya,8,24,Yahya 8:24,"Tadi Aku mengatakan kepadamu bahwa kamu akan mati dalam dosamu karena jika kamu tidak percaya bahwa Aku adalah Dia, maka kamu akan mati dalam dosamu.”",
Yahya,8,25,Yahya 8:25,"Lalu, kata mereka kepada-Nya, “Siapakah Engkau ini?” Sabda Isa kepada mereka, “Seperti telah Kukatakan kepadamu sejak semula.",
Yahya,8,26,Yahya 8:26,"Banyak yang hendak Kukatakan dan Kuhakimi mengenai kamu, tetapi Dia yang mengutus Aku itu benar. Apa yang Kudengar dari Dia, itu pulalah yang Kukatakan kepada dunia ini.”",
Yahya,8,27,Yahya 8:27,Mereka tidak mengerti bahwa apa yang dikatakan-Nya kepada mereka adalah mengenai Sang Bapa.,
Yahya,8,28,Yahya 8:28,"Lalu, sabda Isa, “Apabila kamu sudah meninggikan Anak Manusia, pada saat itulah kamu akan tahu bahwa Akulah Dia. Kamu pun akan tahu bahwa tidak ada satu pun yang Kulakukan atas kehendak diri-Ku sendiri. Seperti diajarkan Sang Bapa kepada-Ku, demikianlah hal-hal itu Kukatakan.",
Yahya,8,29,Yahya 8:29,"Dia yang mengutus Aku, menyertai Aku. Ia tidak meninggalkan Aku seorang diri sebab Aku senantiasa melakukan apa yang berkenan kepada-Nya.”",
Yahya,8,30,Yahya 8:30,Sabda Isa itu membuat banyak orang percaya kepada-Nya.,Kebenaran yang Memerdekakan
Yahya,8,31,Yahya 8:31,"Kemudian, Isa bersabda kepada orang-orang Israil yang percaya itu, “Jika kamu tetap tinggal dalam perkataan-Ku, kamu adalah pengikut-Ku yang sesungguhnya.",
Yahya,8,32,Yahya 8:32,"Kamu akan mengenal kebenaran, dan kebenaran itu akan memerdekakan kamu.”",
Yahya,8,33,Yahya 8:33,"Jawab mereka kepada-Nya, “Kami adalah keturunan Nabi Ibrahim. Belum pernah kami menjadi hamba siapa pun. Apa maksud perkataan-Mu, ‘Kamu akan merdeka’?”",
Yahya,8,34,Yahya 8:34,"Sabda Isa kepada mereka, “Sesungguhnya, Aku berkata kepadamu, siapa berbuat dosa, ia adalah hamba dosa.",
Yahya,8,35,Yahya 8:35,"Seorang hamba tidak akan tinggal dalam rumah tuannya untuk selamanya, tetapi seorang anak akan tinggal untuk selamanya.",
Yahya,8,36,Yahya 8:36,"Jika Sang Anak memerdekakan kamu, maka kamu akan benar-benar merdeka.”",
Yahya,8,37,Yahya 8:37,"“Aku tahu bahwa kamu adalah keturunan Ibrahim. Tetapi, kamu mencari jalan untuk membunuh Aku karena perkataan-Ku tidak mendapat tempat dalam dirimu.",Keturunan Nabi Ibrahim yang Tidak Berasal dari Allah
Yahya,8,38,Yahya 8:38,Aku berkata-kata tentang apa yang Aku lihat pada Sang Bapa. Kamu pun demikian. Kamu melakukan apa yang kamu dengar dari bapamu.”,
Yahya,8,39,Yahya 8:39,"Jawab mereka kepada-Nya, “Ibrahim adalah bapak kami.” Sabda Isa kepada mereka, “Jika kamu adalah anak-anak Ibrahim, tentunya kamu melakukan apa yang dilakukan oleh Ibrahim.",
Yahya,8,40,Yahya 8:40,"Tetapi sebaliknya, apa yang kamu lakukan sekarang adalah berusaha membunuh Aku, padahal Aku mengatakan kebenaran kepadamu, yaitu kebenaran yang Kudengar dari Allah sendiri. Ibrahim tidak melakukan perbuatan yang demikian.",
Yahya,8,41,Yahya 8:41,"Kamu melakukan apa yang dilakukan oleh bapamu.” Kata mereka kepada-Nya, “Kami lahir bukan dari zina. Kami hanya mempunyai satu Bapa, yaitu Allah.”",
Yahya,8,42,Yahya 8:42,"Lalu, Isa bersabda kepada mereka, “Jika Allah adalah Bapamu, kamu akan mengasihi Aku karena Aku datang dan hadir dari Allah. Aku datang bukan atas kehendak-Ku sendiri. Dialah yang mengutus Aku.",
Yahya,8,43,Yahya 8:43,Mengapa kamu tidak mengerti apa yang Kukatakan? Sebab kamu tidak tahan mendengar perkataan-Ku.,
Yahya,8,44,Yahya 8:44,"Kamu berasal dari bapamu, yaitu Iblis, dan kamu ingin melakukan kehendak bapamu. Dia adalah pembunuh dari mulanya dan tidak tinggal dalam kebenaran karena memang kebenaran itu tidak ada di dalam dirinya. Ketika ia berkata bohong, ia berbicara dari nalurinya sendiri karena ia adalah pembohong dan bapa dari semua pembohong.",
Yahya,8,45,Yahya 8:45,"Tetapi sebaliknya, karena Aku mengatakan kebenaran, kamu tidak percaya kepada-Ku.",
Yahya,8,46,Yahya 8:46,"Siapa di antara kamu yang dapat menunjukkan bahwa Aku berdosa? Jika Aku mengatakan kebenaran, mengapa kamu tidak percaya kepada-Ku?",
Yahya,8,47,Yahya 8:47,"Siapa berasal dari Allah, ia mendengarkan firman Allah. Kamu tidak mendengarkannya karena kamu tidak berasal dari Allah.”",
Yahya,8,48,Yahya 8:48,"Kata para pemimpin Israil kepada Isa, “Benar bukan apa kata kami? Engkau adalah seorang Samaria yang kerasukan setan!”",Isa Sudah Ada sebelum Nabi Ibrahim
Yahya,8,49,Yahya 8:49,"Sabda Isa, “Aku tidak kerasukan setan. Aku menghormati Bapa-Ku, tetapi kamu menghina Aku.",
Yahya,8,50,Yahya 8:50,"Aku tidak mencari kemuliaan untuk diri sendiri. Ada Satu yang mengusahakannya, yaitu Dia yang akan menghakimi.",
Yahya,8,51,Yahya 8:51,"Sesungguhnya, Aku berkata kepadamu, jika seseorang menaati perkataan-Ku, ia tidak akan melihat maut sampai selama-lamanya.”",
Yahya,8,52,Yahya 8:52,"Kata para pemimpin Israil kepada-Nya, “Sekarang kami tahu bahwa Engkau kerasukan setan. Ibrahim dan semua nabi sudah meninggal, tetapi Engkau berkata, ‘Jikalau seseorang menaati perkataan-Ku, ia tidak akan merasakan maut sampai selama-lamanya.’",
Yahya,8,53,Yahya 8:53,"Apakah Engkau lebih besar daripada Ibrahim, bapak kami yang sudah meninggal itu? Nabi-nabi pun sudah meninggal. Jadi, menurut anggapan-Mu, siapakah diri-Mu?”",
Yahya,8,54,Yahya 8:54,"Sabda Isa, “Jika Aku memuliakan diri-Ku sendiri, maka kemuliaan-Ku itu tidak ada artinya. Bapa-Kulah yang memuliakan Aku. Kamu berkata bahwa Ia adalah Tuhanmu,",
Yahya,8,55,Yahya 8:55,"padahal kamu tidak mengenal Dia. Tetapi, Aku mengenal Dia. Jika Aku berkata bahwa Aku tidak mengenal Dia, Aku pun menjadi pembohong sama seperti kamu, tetapi Aku mengenal Dia dan Aku menaati firman-Nya.",
Yahya,8,56,Yahya 8:56,"Bapakmu, Ibrahim, gembira karena ia akan melihat hari-Ku. Ia bahkan telah melihatnya dan merasa gembira.”",
Yahya,8,57,Yahya 8:57,"Kemudian, kata para pemimpin Israil kepada-Nya, “Umur-Mu belum mencapai lima puluh tahun, tetapi Engkau sudah melihat Ibrahim?”",
Yahya,8,58,Yahya 8:58,"Sabda Isa kepada mereka, “Sesungguhnya, Aku berkata kepadamu, sebelum Ibrahim ada, Aku ada.”",
Yahya,8,59,Yahya 8:59,"Lalu, mereka semua memungut batu hendak merajam Dia, tetapi Isa bersembunyi, lalu keluar dari Bait Allah.",
Yahya,9,1,Yahya 9:1,"Pada waktu Isa sedang dalam perjalanan, Ia melihat seorang yang buta sejak lahirnya.",Orang yang Buta sejak Lahirnya
Yahya,9,2,Yahya 9:2,"Para pengikut-Nya bertanya kepada-Nya, “Ya Guru, siapa yang berdosa sehingga ia dilahirkan buta? Orang inikah? Atau ibu dan bapaknya?”",
Yahya,9,3,Yahya 9:3,"Sabda Isa, “Orang ini dilahirkan buta bukan karena dosanya atau dosa ibu dan bapaknya, melainkan supaya pekerjaan Allah dinyatakan di dalam dirinya.",
Yahya,9,4,Yahya 9:4,"Selagi masih siang, kita harus mengerjakan pekerjaan Allah yang mengutus Aku karena malam segera datang dan tak seorang pun dapat bekerja.",
Yahya,9,5,Yahya 9:5,"Selagi Aku ada di dunia ini, Akulah terang dunia.”",
Yahya,9,6,Yahya 9:6,"Setelah bersabda demikian, Ia meludah ke tanah, lalu membuat tanah lembek dengan ludah-Nya itu. Kemudian, dioleskan-Nya tanah lembek itu pada mata orang buta itu",
Yahya,9,7,Yahya 9:7,"serta bersabda kepadanya, “Pergi, basuhlah di kolam Siloam.” (Siloam artinya “diutus”.) Orang itu pun pergi membasuhnya, lalu kembali dengan mata yang dapat melihat.",
Yahya,9,8,Yahya 9:8,"Tetangga-tetangganya dan orang-orang yang sebelumnya mengenali dia sebagai peminta-minta berkata, “Bukankah dia adalah orang yang biasanya duduk sambil meminta-minta?”",
Yahya,9,9,Yahya 9:9,"Lalu, kata yang lainnya, “Ya, dialah orangnya.” Sedangkan yang lain lagi berkata, “Bukan, dia adalah orang yang mirip dengan orang buta itu.” Kemudian, orang yang tadinya buta itu berkata, “Akulah orang buta itu.”",
Yahya,9,10,Yahya 9:10,"Lalu, kata mereka kepadanya, “Apa yang terjadi sehingga matamu dapat melihat?”",
Yahya,9,11,Yahya 9:11,"Jawabnya, “Orang yang bernama Isa itu membuat tanah menjadi lembek, lalu Ia mengoleskannya pada mataku dan bersabda kepadaku, ‘Pergilah ke Siloam dan basuhlah.’ Maka, pergilah aku untuk membasuh, lalu aku dapat melihat.”",
Yahya,9,12,Yahya 9:12,"Kata mereka kepadanya, “Di manakah orang itu?” Jawabnya, “Aku tidak tahu.”",
Yahya,9,13,Yahya 9:13,"Lalu, orang yang tadinya buta itu dibawa kepada orang-orang dari mazhab Farisi.",
Yahya,9,14,Yahya 9:14,Hari ketika Isa membuat tanah lembek dan membuat mata orang itu dapat melihat adalah hari Sabat.,
Yahya,9,15,Yahya 9:15,"Orang-orang dari mazhab Farisi pun bertanya kepadanya bagaimana ia dapat melihat. Lalu, katanya kepada mereka, “Dia mengoleskan tanah lembek pada mataku, lalu aku membasuhnya. Setelah itu, aku dapat melihat.”",
Yahya,9,16,Yahya 9:16,"Kata beberapa orang dari mazhab Farisi itu, “Orang itu tidak datang dari Allah sebab Ia tidak berpegang pada hukum Sabat.” Tetapi, kata yang lainnya, “Bagaimana mungkin orang berdosa mengadakan tanda ajaib yang demikian?” Kemudian, terjadilah perselisihan di antara mereka.",
Yahya,9,17,Yahya 9:17,"Mereka pun kembali bertanya kepada orang yang tadinya buta itu, “Apa pendapatmu mengenai orang itu sebab Ia telah membuat matamu dapat melihat?” Katanya, “Ia seorang nabi.”",
Yahya,9,18,Yahya 9:18,"Para pemimpin Israil itu tidak yakin bahwa orang itu tadinya buta, tetapi sekarang dapat melihat. Oleh karena itu, mereka memanggil orang tuanya,",
Yahya,9,19,Yahya 9:19,"lalu bertanya kepada mereka, “Benarkah ia ini anakmu, yang kamu katakan lahir dalam keadaan buta? Bagaimana ia dapat melihat sekarang?”",
Yahya,9,20,Yahya 9:20,"Jawabnya, “Kami tahu bahwa ia adalah anak kami dan lahir dalam keadaan buta,",
Yahya,9,21,Yahya 9:21,"tetapi mengenai bagaimana ia dapat melihat, kami tidak tahu. Bahkan siapa yang telah membuat matanya dapat melihat pun kami tidak tahu. Tanyakanlah sendiri kepadanya. Ia sudah dewasa dan dapat menjelaskannya sendiri.”",
Yahya,9,22,Yahya 9:22,"Mereka berkata begitu sebab mereka takut kepada para pemimpin Israil yang sudah bersepakat bahwa jika seseorang mengaku bahwa Isa adalah Al-Masih, maka ia akan dikucilkan dari rumah ibadah.",
Yahya,9,23,Yahya 9:23,"Itulah sebabnya, mereka berkata bahwa ia sudah dewasa dan dapat menjelaskannya sendiri.",
Yahya,9,24,Yahya 9:24,"Kemudian, orang yang tadinya buta itu dipanggil oleh orang-orang dari mazhab Farisi untuk kedua kalinya. Mereka berkata kepadanya, “Muliakanlah Allah! Kami tahu bahwa orang itu adalah orang berdosa.”",
Yahya,9,25,Yahya 9:25,"Jawab orang itu, “Apakah Ia orang berdosa aku tidak tahu, tetapi hanya satu hal yang aku tahu, yaitu bahwa tadinya aku buta, tetapi sekarang dapat melihat.”",
Yahya,9,26,Yahya 9:26,"Lalu, kata mereka kepadanya, “Apa yang dilakukan-Nya terhadap kamu? Bagaimana Ia membuat matamu dapat melihat?”",
Yahya,9,27,Yahya 9:27,"Jawabnya kepada mereka, “Tadi sudah kujelaskan kepadamu, tetapi kamu tidak menyimaknya. Mengapa kamu mau mendengarkannya lagi? Apakah kamu mau menjadi pengikut-Nya juga?”",
Yahya,9,28,Yahya 9:28,"Mereka mencaci maki dia dan berkata, “Engkaulah pengikut orang itu, tetapi kami adalah pengikut-pengikut Nabi Musa.",
Yahya,9,29,Yahya 9:29,"Kami tahu bahwa Allah telah menyampaikan firman-Nya melalui Nabi Musa, tetapi mengenai orang itu, kami tidak tahu dari mana asal-Nya.”",
Yahya,9,30,Yahya 9:30,"Jawab orang itu, “Itulah yang mengherankan, kamu tidak tahu dari mana Ia berasal, padahal Ia telah membuat mataku dapat melihat.",
Yahya,9,31,Yahya 9:31,"Kita semua tahu bahwa Allah tidak mendengarkan orang-orang berdosa, melainkan orang-orang yang saleh dan yang melakukan kehendak-Nya.",
Yahya,9,32,Yahya 9:32,"Sejak permulaan dunia, belum pernah terdengar ada seorang yang membuat mata orang yang lahir dalam keadaan buta dapat melihat.",
Yahya,9,33,Yahya 9:33,"Jika orang itu tidak datang dari Allah, maka tidak ada sesuatu pun yang dapat dilakukan oleh-Nya.”",
Yahya,9,34,Yahya 9:34,"Maka, jawab mereka kepadanya, “Engkau dilahirkan sepenuhnya dalam dosa, dan engkau hendak mengajari kami?” Lalu, mereka mengusirnya keluar.",
Yahya,9,35,Yahya 9:35,"Setelah Isa mendengar bahwa orang yang tadinya buta itu diusir keluar, Ia menemuinya serta bersabda, “Percayakah engkau kepada Anak Manusia?”",
Yahya,9,36,Yahya 9:36,"Jawab orang itu, “Siapa Dia, ya Junjungan, supaya aku dapat percaya kepada-Nya?”",
Yahya,9,37,Yahya 9:37,"Sabda Isa kepadanya, “Engkau sudah melihat Dia, dan Ia sedang berbicara denganmu!”",
Yahya,9,38,Yahya 9:38,"Kata orang itu, “Ya Junjungan, aku percaya!” Lalu, ia sujud di hadapan-Nya.",
Yahya,9,39,Yahya 9:39,"Kemudian, sabda Isa, “Kedatangan-Ku ke dunia ini adalah untuk menghakimi supaya orang yang tidak melihat dapat melihat dan orang yang dapat melihat menjadi buta.”",
Yahya,9,40,Yahya 9:40,"Orang-orang dari mazhab Farisi yang ada di dekat Isa mendengar perkataan-Nya. Lalu, kata mereka kepada-Nya, “Apakah kami buta juga?”",
Yahya,9,41,Yahya 9:41,"Sabda Isa kepada mereka, “Sekiranya kamu buta, kamu tidak berdosa. Tetapi, karena sekarang kamu berkata, ‘Kami dapat melihat,’ maka dosamu itu tetap ada.”",
Yahya,10,1,Yahya 10:1,"“Sesungguhnya, Aku berkata kepadamu, siapa masuk ke dalam kandang domba tanpa melalui pintu, tetapi memanjat dari tempat lain, ia adalah pencuri dan penyamun.",Gembala yang Baik
Yahya,10,2,Yahya 10:2,Sedangkan orang yang masuk melalui pintu adalah gembala dari domba-domba dalam kandang itu.,
Yahya,10,3,Yahya 10:3,"Penjaga pintu akan membukakan pintu baginya, dan domba-domba mendengarkan suaranya. Domba-domba itu dipanggilnya sesuai dengan nama masing-masing, lalu dituntunnya keluar.",
Yahya,10,4,Yahya 10:4,"Setelah semua domba dikeluarkannya, ia berjalan di depan, lalu domba-domba itu mengikutinya sebab mereka mengenali suaranya.",
Yahya,10,5,Yahya 10:5,Domba-domba itu tidak akan pernah mengikuti orang yang asing. Mereka akan lari dari orang itu sebab mereka tidak mengenali suaranya yang asing.”,
Yahya,10,6,Yahya 10:6,"Ibarat itu disampaikan Isa kepada mereka, tetapi mereka tidak mengerti maksud dari apa yang disabdakan-Nya kepada mereka.",
Yahya,10,7,Yahya 10:7,"Kemudian, Isa kembali bersabda kepada mereka, “Sesungguhnya, Aku berkata kepadamu, Akulah pintu bagi domba-domba itu.",
Yahya,10,8,Yahya 10:8,"Semua orang yang datang mendahului Aku adalah pencuri dan penyamun, dan domba-domba itu tidak mendengarkan mereka.",
Yahya,10,9,Yahya 10:9,"Akulah pintu. Jika seseorang masuk melalui Aku, ia akan selamat dan akan keluar masuk serta mendapatkan makanan.",
Yahya,10,10,Yahya 10:10,"Pencuri datang hanya untuk mencuri, membunuh, dan membinasakan. Sebaliknya, Aku datang dengan maksud supaya domba-domba itu mempunyai hidup, dan mempunyainya berlimpah-limpah.",
Yahya,10,11,Yahya 10:11,Akulah gembala yang baik. Gembala yang baik menyerahkan nyawanya bagi domba-dombanya.,
Yahya,10,12,Yahya 10:12,"Sedangkan seorang upahan dan yang bukan gembala, yaitu yang bukan pemilik domba-domba itu, akan meninggalkan domba-domba itu dan melarikan diri apabila ia melihat serigala datang. Dengan demikian, serigala akan merebut domba-domba itu, lalu mencerai-beraikan mereka.",
Yahya,10,13,Yahya 10:13,Ia lari sebab ia adalah seorang upahan dan tidak peduli dengan domba-domba itu.,
Yahya,10,14,Yahya 10:14,"Akulah gembala yang baik. Aku mengenal domba-domba-Ku dan domba-domba-Ku mengenal Aku,",
Yahya,10,15,Yahya 10:15,sama seperti Sang Bapa mengenal Aku dan Aku mengenal Sang Bapa. Aku menyerahkan nyawa-Ku bagi domba-domba-Ku.,
Yahya,10,16,Yahya 10:16,Pada-Ku masih ada domba-domba lain yang bukan dari kawanan ini. Domba-domba itu pun harus Kubawa dan suara-Ku akan mereka dengar. Domba-domba itu akan menjadi satu kawanan dengan satu gembala.,
Yahya,10,17,Yahya 10:17,Sang Bapa mengasihi Aku karena Aku menyerahkan nyawa-Ku untuk mengambilnya kembali.,
Yahya,10,18,Yahya 10:18,"Tak seorang pun mengambilnya dari Aku, tetapi Aku menyerahkannya atas kehendak-Ku sendiri. Aku memiliki wewenang untuk menyerahkannya, dan juga wewenang untuk mengambilnya kembali. Perintah ini Kuterima dari Bapa-Ku.”",
Yahya,10,19,Yahya 10:19,"Kemudian, terjadi lagi perselisihan di antara orang-orang Israil karena semua yang disabdakan Isa.",
Yahya,10,20,Yahya 10:20,"Banyak dari mereka yang berkata, “Ia kerasukan setan dan gila! Mengapa kamu mendengarkan-Nya?”",
Yahya,10,21,Yahya 10:21,"Ada pula yang berkata, “Itu bukan perkataan orang yang kerasukan setan. Adakah setan yang membuat mata orang buta dapat melihat?”",
Yahya,10,22,Yahya 10:22,"Hari raya Pentahbisan Bait Allah di Yerusalem telah tiba, dan saat itu bertepatan dengan musim dingin.",Isa Ditolak oleh Orang Israil
Yahya,10,23,Yahya 10:23,"Isa berjalan-jalan di Bait Allah, di Serambi Sulaiman.",
Yahya,10,24,Yahya 10:24,"Lalu, orang-orang Israil mengelilingi-Nya serta berkata, “Berapa lama lagi Engkau membuat hati kami bimbang? Jika Engkau memang Al-Masih, katakanlah kepada kami secara terus terang.”",
Yahya,10,25,Yahya 10:25,"Sabda Isa kepada mereka, “Sudah Kukatakan kepadamu, tetapi kamu tidak juga percaya. Semua pekerjaan yang Aku perbuat dalam nama Bapa-Ku, itulah yang menjadi saksi bagi-Ku,",
Yahya,10,26,Yahya 10:26,tetapi kamu tidak percaya sebab kamu bukan termasuk kawanan domba-domba-Ku.,
Yahya,10,27,Yahya 10:27,Domba-domba-Ku mendengarkan suara-Ku. Aku mengenal mereka dan mereka mengikuti Aku.,
Yahya,10,28,Yahya 10:28,"Aku memberikan hidup kekal kepada mereka dan mereka tidak akan binasa sampai selama-lamanya. Selain itu, tak seorang pun akan merebut mereka dari tangan-Ku.",
Yahya,10,29,Yahya 10:29,"Bapa-Ku, yang memberikan mereka kepada-Ku, lebih besar daripada semuanya sehingga tak seorang pun dapat merebut mereka dari tangan Sang Bapa.",
Yahya,10,30,Yahya 10:30,Aku dan Sang Bapa satu adanya.”,
Yahya,10,31,Yahya 10:31,"Lalu, orang-orang Israil kembali memungut batu hendak merajam Isa.",
Yahya,10,32,Yahya 10:32,"Sabda Isa kepada mereka, “Banyak perbuatan baik dari Bapa-Ku yang Kutunjukkan kepadamu. Jadi, karena perbuatan yang manakah kamu hendak merajam Aku?”",
Yahya,10,33,Yahya 10:33,"Jawab orang-orang Israil kepada-Nya, “Kami hendak merajam Engkau bukan karena perbuatan baik yang Kaulakukan, melainkan karena penghujahan. Engkau hanya seorang manusia, tetapi Engkau menyamakan dirimu dengan Allah.”",
Yahya,10,34,Yahya 10:34,"Sabda Isa kepada mereka, “Bukankah telah tertulis di dalam Kitab Suci Tauratmu, ‘Aku sudah bersabda: Kamu adalah ilahi’?",
Yahya,10,35,Yahya 10:35,"Jadi, jika orang-orang itu disebut sebagai ilahi karena firman Allah ditujukan kepada mereka (padahal Kitab Suci tidak dapat dibatalkan),",
Yahya,10,36,Yahya 10:36,"masakan kamu berkata kepada Dia yang dikuduskan oleh Sang Bapa dan yang diutus-Nya ke dalam dunia ini, ‘Engkau menghujah,’ hanya karena Aku berkata, ‘Aku adalah Sang Anak yang datang dari Allah’?",
Yahya,10,37,Yahya 10:37,"Jika Aku tidak melakukan pekerjaan-pekerjaan Bapa-Ku, jangan percaya kepada-Ku.",
Yahya,10,38,Yahya 10:38,"Tetapi, jika Aku melakukannya dan kamu tidak percaya kepada-Ku, percayalah karena pekerjaan-pekerjaan itu supaya kamu tahu dan mengerti bahwa Sang Bapa di dalam Aku, dan Aku di dalam Sang Bapa.”",
Yahya,10,39,Yahya 10:39,"Mereka kembali mencari jalan untuk menangkap Isa, tetapi Ia lolos dari tangan mereka.",
Yahya,10,40,Yahya 10:40,"Kemudian, Isa pergi lagi ke seberang Sungai Yordan, ke tempat Yahya mula-mula mempermandikan orang-orang yang bertobat, lalu tinggallah Ia di situ.",Isa di Seberang Sungai Yordan
Yahya,10,41,Yahya 10:41,"Banyak orang datang kepada-Nya dan berkata, “Nabi Yahya tidak membuat satu tanda ajaib pun, tetapi semua yang dikatakannya mengenai orang ini memang benar.”",
Yahya,10,42,Yahya 10:42,Di situ pun banyak orang menjadi percaya kepada Isa.,
Yahya,11,1,Yahya 11:1,"Ada seorang yang sedang sakit bernama Lazarus. Ia tinggal di Baitani, yaitu kampung asal Maryam dan Marta, saudaranya.",Lazarus Dihidupkan Kembali
Yahya,11,2,Yahya 11:2,Maryam adalah perempuan yang pernah meminyaki Sang Junjungan dengan minyak wangi dan menyeka kaki-Nya dengan rambutnya. Sedangkan Lazarus yang sedang sakit itu adalah saudaranya.,
Yahya,11,3,Yahya 11:3,"Kedua saudara Lazarus yang perempuan itu menyuruh orang untuk menemui Isa dengan pesan, “Ya Junjungan, orang yang Engkau kasihi jatuh sakit.”",
Yahya,11,4,Yahya 11:4,"Setelah hal itu didengar oleh Isa, bersabdalah Ia, “Penyakit itu tidak akan membawa kematian, melainkan akan menyatakan kemuliaan Allah. Melalui penyakit itu, Sang Anak yang datang dari Allah akan dimuliakan.”",
Yahya,11,5,Yahya 11:5,"Isa mengasihi Marta dan saudara perempuannya, serta Lazarus.",
Yahya,11,6,Yahya 11:6,"Meskipun demikian, ketika Ia mendengar bahwa Lazarus sakit, Ia tinggal di tempat itu dua hari lagi.",
Yahya,11,7,Yahya 11:7,"Setelah itu, bersabdalah Ia kepada para pengikut-Nya, “Marilah kita kembali ke Yudea.”",
Yahya,11,8,Yahya 11:8,"Lalu, kata para pengikut-Nya, “Ya Junjungan, baru saja orang-orang Israil mencari jalan untuk merajam Engkau; dan sekarang Engkau hendak kembali ke sana?”",
Yahya,11,9,Yahya 11:9,"Sabda Isa, “Bukankah siang hari ada dua belas jam? Jikalau seseorang berjalan pada siang hari, kakinya tidak akan terantuk sebab ia melihat terang dunia ini.",
Yahya,11,10,Yahya 11:10,"Tetapi, jikalau seseorang berjalan pada malam hari, kakinya akan terantuk karena tidak ada terang untuk menuntunnya.”",
Yahya,11,11,Yahya 11:11,"Demikianlah sabda Isa, lalu Ia kembali bersabda kepada para pengikut-Nya, “Sahabat kita, Lazarus, sudah tertidur, tetapi Aku hendak pergi untuk membangunkannya.”",
Yahya,11,12,Yahya 11:12,"Kemudian, para pengikut-Nya berkata, “Ya Junjungan, jika ia tertidur, tentu ia akan sembuh.”",
Yahya,11,13,Yahya 11:13,"Isa memakai ungkapan itu untuk menyatakan bahwa Lazarus telah meninggal, tetapi sangka mereka Isa berkata bahwa Lazarus tertidur karena lelah.",
Yahya,11,14,Yahya 11:14,"Oleh karena itu, bersabdalah Isa kepada mereka dengan terus terang, “Lazarus sudah meninggal.",
Yahya,11,15,Yahya 11:15,Demi kepentinganmu Aku gembira karena Aku tidak berada di sana. Maksudnya ialah supaya kamu percaya. Marilah sekarang kita pergi kepadanya.”,
Yahya,11,16,Yahya 11:16,"Lalu, Tomas yang disebut Didimus berkata kepada pengikut-pengikut Isa yang lainnya, “Mari kita pergi juga, biarlah kita mati bersama-Nya.”",
Yahya,11,17,Yahya 11:17,"Setelah sampai di Baitani, Isa mendapati Lazarus sudah terbaring dalam makam selama empat hari.",
Yahya,11,18,Yahya 11:18,"Letak Baitani dekat dengan Yerusalem, jaraknya kira-kira tiga kilometer.",
Yahya,11,19,Yahya 11:19,Orang Israil pun banyak yang sudah datang untuk menghibur Marta dan Maryam berkenaan dengan saudara mereka yang telah meninggal itu.,
Yahya,11,20,Yahya 11:20,"Setelah Marta mendengar bahwa Isa datang, pergilah ia menemui-Nya, sedangkan Maryam tetap tinggal di rumah.",
Yahya,11,21,Yahya 11:21,"Lalu, kata Marta kepada Isa, “Ya Junjungan, jika Junjungan ada di sini, tentu saudaraku tidak akan meninggal.",
Yahya,11,22,Yahya 11:22,"Meskipun begitu, aku tahu bahwa apa saja yang Junjungan minta kepada Allah akan dikabulkan oleh-Nya.”",
Yahya,11,23,Yahya 11:23,"Sabda Isa kepadanya, “Saudaramu itu akan hidup kembali.”",
Yahya,11,24,Yahya 11:24,"Kata Marta kepada-Nya, “Aku tahu bahwa ia akan hidup kembali pada waktu orang-orang mati dihidupkan lagi, yaitu pada hari kiamat.”",
Yahya,11,25,Yahya 11:25,"Sabda Isa kepadanya, “Akulah kebangkitan dan hidup. Siapa percaya kepada-Ku, ia akan hidup sekalipun sudah mati.",
Yahya,11,26,Yahya 11:26,Setiap orang yang hidup dan percaya kepada-Ku tidak akan mati untuk selama-lamanya. Percayakah engkau akan hal ini?”,
Yahya,11,27,Yahya 11:27,"Jawab Marta kepada-Nya, “Ya Junjungan, sesungguhnya aku percaya bahwa Junjungan adalah Al-Masih, Sang Anak yang datang dari Allah dan yang akan datang ke dunia ini.”",
Yahya,11,28,Yahya 11:28,"Setelah ia berkata demikian, pergilah ia memanggil Maryam, saudaranya, lalu berbisik, “Guru sudah datang, Ia memanggil engkau.”",
Yahya,11,29,Yahya 11:29,"Setelah Maryam mendengar hal itu, ia pun segera bangun, lalu pergi untuk menjumpai Isa.",
Yahya,11,30,Yahya 11:30,Pada waktu itu Isa belum sampai masuk ke kampung. Ia masih berada di tempat Marta menemui-Nya.,
Yahya,11,31,Yahya 11:31,"Ketika orang-orang Israil yang ada di dalam rumah untuk menghibur Maryam melihat Maryam cepat-cepat bangun dan pergi keluar, mereka pun lalu mengikutinya sebab mereka menyangka bahwa ia hendak pergi ke makam untuk menangis di sana.",
Yahya,11,32,Yahya 11:32,"Setelah Maryam sampai ke tempat Isa dan melihat Dia, sujudlah ia di kaki-Nya serta berkata, “Ya Junjungan, jika Engkau ada di sini, tentu saudaraku itu tidak akan meninggal.”",
Yahya,11,33,Yahya 11:33,"Ketika Isa melihat Maryam menangis, dan orang-orang Israil yang datang bersama Maryam juga turut menangis, hati-Nya pun sedih. Ia sangat terharu,",
Yahya,11,34,Yahya 11:34,"lalu bersabda, “Di mana dia kamu letakkan?” Jawab mereka, “Ya Junjungan, marilah dan lihatlah!”",
Yahya,11,35,Yahya 11:35,"Kemudian, menangislah Isa.",
Yahya,11,36,Yahya 11:36,"Kata orang-orang Israil itu, “Lihatlah, Ia begitu mengasihi Lazarus!”",
Yahya,11,37,Yahya 11:37,"Tetapi, di antara mereka ada pula yang berkata, “Orang ini telah membuat mata orang buta dapat melihat. Tidakkah Ia mampu berbuat sesuatu supaya Lazarus tidak mati?”",
Yahya,11,38,Yahya 11:38,"Sekali lagi hati-Nya merasa sedih, lalu didatangi-Nya makam itu. Makam itu berupa sebuah gua dengan sebongkah batu yang disandarkan sebagai penutupnya.",
Yahya,11,39,Yahya 11:39,"Lalu, Isa bersabda, “Gulingkanlah batu itu!” Kemudian, kata Marta, saudara dari orang yang meninggal itu, “Ya Junjungan, sekarang ia sudah berbau karena sudah empat hari.”",
Yahya,11,40,Yahya 11:40,"Sabda Isa kepada perempuan itu, “Bukankah Aku sudah berkata kepadamu bahwa jika engkau percaya, maka engkau akan melihat kemuliaan Allah?”",
Yahya,11,41,Yahya 11:41,"Lalu, mereka menggulingkan batu itu. Kemudian, menengadahlah Isa sambil bersabda, “Ya Bapa, Aku mengucap syukur kepada-Mu sebab Engkau mendengarkan Aku.",
Yahya,11,42,Yahya 11:42,"Aku tahu bahwa Engkau selalu mendengarkan Aku, tetapi Aku berkata demikian demi orang banyak yang berdiri di sekeliling-Ku supaya mereka percaya bahwa Engkaulah yang mengutus Aku.”",
Yahya,11,43,Yahya 11:43,"Setelah bersabda begitu, berserulah Ia dengan suara nyaring, “Hai Lazarus, keluarlah!”",
Yahya,11,44,Yahya 11:44,"Lalu, orang yang sudah meninggal itu pun keluar. Kaki dan tangannya masih terikat kain kafan, bahkan mukanya pun masih berbalut kain peluh. Sabda Isa kepada mereka, “Lepaskan kain pembungkusnya dan biarkanlah ia pergi.”",
Yahya,11,45,Yahya 11:45,"Dari antara orang Israil yang datang mengunjungi Maryam dan melihat apa yang telah dilakukan oleh Isa, banyak yang menjadi percaya kepada-Nya.",Persepakatan untuk Membunuh Isa
Yahya,11,46,Yahya 11:46,"Tetapi, ada juga dari antara mereka yang pergi kepada orang-orang dari mazhab Farisi dan memberitahukan kepada mereka apa yang telah dilakukan oleh Isa.",
Yahya,11,47,Yahya 11:47,"Oleh karena itu, imam-imam kepala dan orang-orang dari mazhab Farisi mengumpulkan para anggota Mahkamah Agama, lalu berkata, “Apa yang hendak kita lakukan? Orang itu mengadakan banyak tanda ajaib!",
Yahya,11,48,Yahya 11:48,"Jika kita membiarkan-Nya, maka semua orang akan percaya kepada-Nya, bahkan orang Rum akan datang untuk merampas negeri kita, dan bangsa kita pun akan ditawan olehnya.”",
Yahya,11,49,Yahya 11:49,"Salah seorang di antara mereka, yaitu Kayafas, Imam Besar pada tahun itu, berkata kepada mereka, “Kamu sama sekali tidak memahami keadaan",
Yahya,11,50,Yahya 11:50,dan juga tidak memperhitungkan bahwa alangkah berfaedahnya jika satu orang mati bagi bangsa kita ini daripada segenap bangsa ini binasa.”,
Yahya,11,51,Yahya 11:51,"Ia tidak mengatakan hal itu dari dirinya sendiri, tetapi sebagai Imam Besar pada tahun itu, ia bernubuat bahwa Isa akan wafat bagi bangsa itu.",
Yahya,11,52,Yahya 11:52,"Bahkan bukan hanya bagi bangsa itu, melainkan supaya semua anak Allah yang tercerai-berai terkumpul menjadi satu.",
Yahya,11,53,Yahya 11:53,"Mulai hari itu juga, mereka sepakat untuk membunuh Isa.",
Yahya,11,54,Yahya 11:54,"Sebab itu, Isa tidak lagi hadir di tengah-tengah orang Israil secara terang-terangan. Ia menyingkir dari sana dan pergi ke daerah dekat padang belantara, yaitu ke wilayah Efraim. Di situ Ia tinggal bersama para pengikut-Nya.",
Yahya,11,55,Yahya 11:55,"Pada waktu itu Paskah, hari raya bani Israil, hampir tiba. Banyak orang dari luar kota pergi ke Yerusalem sebelum hari raya Paskah itu dengan maksud untuk menyucikan diri.",
Yahya,11,56,Yahya 11:56,"Mereka pun mencari Isa. Sambil berdiri di Bait Allah, mereka berkata seorang kepada yang lain, “Bagaimana menurut perkiraanmu? Tidakkah Ia akan datang ke perayaan ini?”",
Yahya,11,57,Yahya 11:57,"Sementara itu, imam-imam kepala dan orang-orang dari mazhab Farisi mengeluarkan fatwa agar setiap orang yang mengetahui di mana saja Isa berada, memberitahukannya kepada mereka. Dengan begitu mereka dapat menangkap-Nya.",
Yahya,12,1,Yahya 12:1,"Enam hari sebelum Paskah, Isa datang ke Baitani, tempat tinggal Lazarus, yaitu orang yang dihidupkan kembali oleh Isa dari antara orang mati.",Isa Diurapi di Baitani
Yahya,12,2,Yahya 12:2,"Kemudian, orang-orang yang ada di situ mengadakan perjamuan malam bagi Isa. Marta pun turut membantu mereka, sedangkan Lazarus adalah salah satu dari orang-orang yang duduk makan dengan Isa.",
Yahya,12,3,Yahya 12:3,"Lalu, Maryam mengambil setengah liter minyak narwastu murni yang mahal harganya. Diminyakinya kaki Isa dan disekanya dengan rambutnya. Bau minyak pun semerbak di dalam rumah itu.",
Yahya,12,4,Yahya 12:4,"Tetapi, Yudas Iskariot, salah seorang pengikut Isa yang kemudian mengkhianati-Nya, berkata,",
Yahya,12,5,Yahya 12:5,"“Mengapa minyak ini tidak dijual seharga tiga ratus dinar, lalu uangnya disedekahkan kepada fakir miskin?”",
Yahya,12,6,Yahya 12:6,"Yudas berkata demikian bukan karena ia peduli terhadap fakir miskin, melainkan karena ia seorang pencuri. Ia adalah pemegang pundi-pundi uang dan sering mengambil uang yang ada di dalamnya.",
Yahya,12,7,Yahya 12:7,"Sabda Isa, “Biarkanlah perempuan ini, ia melakukannya untuk hari pemakaman-Ku.",
Yahya,12,8,Yahya 12:8,"Fakir miskin selalu ada di antara kamu, tetapi Aku tidak selalu ada di tengah-tengah kamu.”",
Yahya,12,9,Yahya 12:9,"Sejumlah besar orang Israil tahu bahwa Isa ada di Baitani. Oleh karena itu, mereka semua datang ke sana. Mereka datang bukan hanya karena Isa, melainkan karena mereka juga hendak melihat Lazarus, yaitu orang yang sudah dihidupkan Isa dari antara orang mati.",Persepakatan untuk Membunuh Lazarus
Yahya,12,10,Yahya 12:10,Imam-imam kepala sepakat pula hendak membunuh Lazarus,
Yahya,12,11,Yahya 12:11,"karena melalui Lazarus, banyak orang Israil undur dari mereka, lalu percaya kepada Isa.",
Yahya,12,12,Yahya 12:12,"Esoknya, sejumlah besar orang yang datang ke perayaan Paskah itu mendengar bahwa Isa sedang menuju Yerusalem.",Isa Dielu-elukan di Yerusalem
Yahya,12,13,Yahya 12:13,"Mereka mengambil pelepah-pelepah daun palem, lalu pergi untuk menemui-Nya sambil berseru-seru, “Segala puji! Mubaraklah Dia yang datang dalam nama Tuhan, Raja Israil!”",
Yahya,12,14,Yahya 12:14,"Isa mendapati seekor keledai muda, lalu duduk di atasnya. Hal itu sesuai dengan apa yang telah tertulis dalam Kitab Suci,",
Yahya,12,15,Yahya 12:15,"“Jangan takut, hai Putri Sion. Lihatlah, Rajamu datang dengan menunggang seekor keledai muda.”",
Yahya,12,16,Yahya 12:16,"Mulanya, para pengikut Isa tidak memahami semua itu. Tetapi, ketika Isa telah dimuliakan, barulah mereka teringat bahwa hal-hal mengenai Dia itu telah tertulis, demikian pula hal-hal yang telah mereka lakukan terhadap diri-Nya.",
Yahya,12,17,Yahya 12:17,"Lalu, orang banyak yang menyertai Isa pada waktu Isa memanggil Lazarus keluar dari dalam makam dan menghidupkannya kembali dari antara orang mati, memberi kesaksian tentang peristiwa itu.",
Yahya,12,18,Yahya 12:18,"Itulah sebabnya, orang banyak itu pergi menyambut Dia karena mereka mendengar bahwa Isalah yang mengadakan tanda ajaib itu.",
Yahya,12,19,Yahya 12:19,"Lalu, kata orang-orang dari mazhab Farisi satu sama lain, “Lihatlah, tidak satu pun dari usahamu berhasil. Buktinya, seisi dunia mengikuti Dia.”",
Yahya,12,20,Yahya 12:20,"Di antara orang-orang yang datang untuk melaksanakan ibadah pada perayaan itu, ada juga beberapa orang Yunani.",Isa Memberitakan Kematian-Nya
Yahya,12,21,Yahya 12:21,"Orang-orang itu datang kepada Filipus yang berasal dari Baitsaida, kota yang terletak di wilayah Galilea. Lalu, kata mereka kepadanya, “Tuan, kami ingin melihat Isa.”",
Yahya,12,22,Yahya 12:22,"Filipus memberitahukan hal itu kepada Andreas. Lalu, Andreas dan Filipus pergi memberitahukan hal itu kepada Isa.",
Yahya,12,23,Yahya 12:23,"Sabda Isa kepada keduanya, “Sudah tiba waktunya Anak Manusia dimuliakan.",
Yahya,12,24,Yahya 12:24,"Sesungguhnya, Aku berkata kepadamu, jika sebutir gandum tidak jatuh ke tanah dan mati, maka biji itu akan tetap satu butir saja. Tetapi sebaliknya, jika biji itu mati, maka ia akan berbuah banyak.",
Yahya,12,25,Yahya 12:25,Orang yang sayang terhadap nyawanya akan kehilangan nyawanya. Sedangkan orang yang membenci nyawanya di dunia ini akan memeliharanya untuk hidup yang kekal.,
Yahya,12,26,Yahya 12:26,"Siapa mengabdi kepada-Ku, ia harus mengikut Aku, dan di mana Aku berada, di situ jugalah abdi-Ku berada. Siapa mengabdi kepada-Ku, ia akan dihormati oleh Sang Bapa.",
Yahya,12,27,Yahya 12:27,"Sekarang hati-Ku galau. Apa yang akan Kukatakan? Ya Bapa, selamatkanlah Aku dari saat yang sukar ini? Justru untuk maksud itulah Aku sampai pada saat ini.",
Yahya,12,28,Yahya 12:28,"Ya Bapa, muliakanlah nama-Mu!” Lalu, terdengarlah suara dari surga yang mengatakan, “Sudah Kumuliakan dan akan Kumuliakan lagi!”",
Yahya,12,29,Yahya 12:29,"Kemudian, orang banyak yang berdiri di situ dan mendengar suara itu berkata, “Itu bunyi guruh.” Sedangkan yang lain lagi berkata, “Malaikat berbicara kepada-Nya.”",
Yahya,12,30,Yahya 12:30,"Sabda Isa kepada mereka, “Suara itu terdengar bukan demi kepentingan-Ku, melainkan demi kepentinganmu.",
Yahya,12,31,Yahya 12:31,"Sekaranglah dunia ini akan dihakimi, dan sekarang pula penguasa dunia ini akan dibuang ke luar.",
Yahya,12,32,Yahya 12:32,"Sedangkan Aku, apabila Aku ditinggikan dari atas bumi ini, Aku akan menarik semua orang datang kepada-Ku.”",
Yahya,12,33,Yahya 12:33,Dengan sabda-Nya yang demikian itu Ia menggambarkan bagaimana cara Ia wafat.,
Yahya,12,34,Yahya 12:34,"Lalu, jawab orang banyak itu kepada Isa, “Dari hukum Taurat, kami sudah mendengar bahwa Al-Masih itu kekal sampai selama-lamanya. Jadi, bagaimana mungkin Engkau berkata bahwa Anak Manusia harus ditinggikan? Siapakah Anak Manusia itu?”",
Yahya,12,35,Yahya 12:35,"Sabda Isa kepada mereka, “Tinggal beberapa waktu lagi terang ada di antara kamu. Berjalanlah selagi terang itu ada padamu, jangan sampai kamu dikuasai kegelapan. Orang yang berjalan dalam kegelapan tidak tahu ke mana ia pergi.",
Yahya,12,36,Yahya 12:36,"Selagi terang itu ada padamu, percayalah pada terang itu supaya kamu menjadi anak-anak terang.” Setelah Isa bersabda demikian, pergilah Ia untuk menyembunyikan diri dari mereka.",
Yahya,12,37,Yahya 12:37,"Sekalipun begitu banyak tanda ajaib yang telah diadakan Isa di hadapan mereka, tetap saja mereka tidak percaya kepada-Nya.",Mengapa Orang Israil Tidak Dapat Percaya
Yahya,12,38,Yahya 12:38,"Dengan demikian, genaplah firman yang telah disampaikan Allah melalui Nabi Yesaya, “Ya Tuhan, siapakah yang percaya pada pemberitaan kami? Kepada siapa tangan Tuhan dinyatakan?”",
Yahya,12,39,Yahya 12:39,"Itulah sebabnya, mereka tidak dapat percaya karena Yesaya pun telah menubuatkan,",
Yahya,12,40,Yahya 12:40,"“Ia telah membuat mata mereka buta dan hati mereka keras supaya jangan mereka melihat dengan mata mereka, dan mengerti di dalam hati mereka, lalu bertobat sehingga Aku menyembuhkan mereka.”",
Yahya,12,41,Yahya 12:41,Yesaya bernubuat begitu sebab ia telah melihat kemuliaan-Nya dan ia berbicara mengenai Dia.,
Yahya,12,42,Yahya 12:42,"Di antara para pemimpin banyak juga yang menjadi percaya kepada Isa. Tetapi, oleh karena orang-orang dari mazhab Farisi itu, mereka tidak mengakuinya dengan terus terang supaya mereka tidak dikucilkan dari rumah ibadah.",
Yahya,12,43,Yahya 12:43,Mereka lebih menyukai pujian dari manusia daripada pujian dari Allah.,
Yahya,12,44,Yahya 12:44,"Kemudian, berserulah Isa, sabda-Nya, “Orang yang percaya kepada-Ku berarti bukan percaya kepada-Ku, melainkan kepada Dia, yang mengutus Aku.",Firman Isa yang Menghakimi
Yahya,12,45,Yahya 12:45,"Orang yang melihat Aku berarti melihat Dia, yang mengutus Aku.",
Yahya,12,46,Yahya 12:46,Aku datang ke dunia untuk menjadi terang supaya setiap orang yang percaya kepada-Ku tidak tetap tinggal di dalam kegelapan.,
Yahya,12,47,Yahya 12:47,"Jika seseorang mendengar perkataan-Ku, tetapi tidak melakukannya, maka bukan Aku yang akan menghakimi orang itu karena Aku datang bukan untuk menghakimi isi dunia ini, melainkan untuk menyelamatkannya.",
Yahya,12,48,Yahya 12:48,Orang yang menolak Aku dan tidak menerima perkataan-Ku sudah ada hakimnya. Perkataan yang telah Kusampaikan itulah yang akan menghakiminya pada hari kiamat.,
Yahya,12,49,Yahya 12:49,"Karena apa yang Kukatakan bukan berasal dari diri-Ku sendiri, melainkan dari Sang Bapa, yaitu Dia yang mengutus Aku. Dialah yang telah berpesan kepada-Ku mengenai apa yang harus Kukatakan dan apa yang harus Kusampaikan.",
Yahya,12,50,Yahya 12:50,"Aku tahu bahwa pesan-Nya itu adalah hidup yang kekal. Sebab itu, apa yang Kukatakan, Kusampaikan sebagaimana telah disabdakan Sang Bapa kepada-Ku.”",
Yahya,13,1,Yahya 13:1,"Sebelum perayaan Paskah, Isa tahu bahwa sudah tiba waktunya Ia akan pergi dari dunia ini dan kembali kepada Bapa-Nya. Ia mengasihi orang-orang yang menjadi milik-Nya di dunia ini, dan Ia mengasihi mereka sampai pada kesudahannya.",Isa Membasuh Kaki Pengikut-pengikut-Nya
Yahya,13,2,Yahya 13:2,"Ketika Isa dan pengikut-pengikut-Nya sedang makan malam, Iblis telah berhasil membujuk Yudas Iskariot bin Simon supaya ia menyerahkan Isa.",
Yahya,13,3,Yahya 13:3,Isa memang tahu bahwa Sang Bapa sudah menyerahkan segala sesuatu ke dalam tangan-Nya dan bahwa Ia datang dari Allah serta harus kembali kepada Allah.,
Yahya,13,4,Yahya 13:4,"Ia bangkit dan menanggalkan jubah-Nya, lalu mengambil sehelai kain dan mengikatkannya pada pinggang-Nya.",
Yahya,13,5,Yahya 13:5,"Kemudian, dituangkan-Nya air dalam sebuah bokor. Setelah itu, mulailah Ia membasuh kaki para pengikut-Nya dan menyekanya dengan kain yang terikat di pinggang-Nya.",
Yahya,13,6,Yahya 13:6,"Ketika Ia sampai pada Simon Petrus, berkatalah Simon kepada-Nya, “Ya Junjungan, apakah Junjungan akan membasuh kakiku juga?”",
Yahya,13,7,Yahya 13:7,"Sabda Isa kepadanya, “Sekarang engkau tidak mengerti apa yang Kulakukan ini, tetapi di kemudian hari engkau akan memahaminya.”",
Yahya,13,8,Yahya 13:8,"Kata Petrus kepada-Nya, “Ya Junjungan, jangan sekali-kali membasuh kakiku!” Sabda Isa kepadanya, “Jika Aku tidak membasuh engkau, maka engkau tidak akan mendapat bagian bersama-sama dengan Aku.”",
Yahya,13,9,Yahya 13:9,"Kata Simon Petrus kepada-Nya, “Ya Junjungan, kalau begitu jangan hanya kaki saja, tetapi tangan dan kepala juga.”",
Yahya,13,10,Yahya 13:10,"Sabda Isa kepadanya, “Orang yang sudah mandi hanya perlu membasuh kakinya sebab seluruh tubuhnya bersih. Kamu memang bersih, tetapi tidak semua.”",
Yahya,13,11,Yahya 13:11,"Ia tahu siapa yang akan mengkhianati-Nya. Itulah sebabnya, Ia bersabda, “Tidak semua dari kamu bersih.”",
Yahya,13,12,Yahya 13:12,"Setelah Isa membasuh kaki para pengikut-Nya, Ia mengenakan kembali jubah-Nya, lalu duduk. Kemudian, bersabdalah Ia kepada mereka, “Mengertikah kamu apa yang telah Kulakukan terhadapmu?",
Yahya,13,13,Yahya 13:13,Kamu menyebut Aku Guru dan Junjungan. Memang demikianlah adanya karena Akulah Guru dan Junjungan.,
Yahya,13,14,Yahya 13:14,"Jadi, jika Aku, yang adalah Junjungan dan Guru, membasuh kakimu, maka patutlah kamu juga membasuh kaki seorang akan yang lain.",
Yahya,13,15,Yahya 13:15,Aku sudah memberi teladan kepadamu supaya kamu pun berbuat sama seperti yang telah Kulakukan terhadapmu.,
Yahya,13,16,Yahya 13:16,"Sesungguhnya, Aku berkata kepadamu, seorang hamba tidak lebih besar daripada tuannya, dan seorang utusan tidak lebih besar daripada yang mengutusnya.",
Yahya,13,17,Yahya 13:17,"Setelah kamu mengetahui hal-hal ini, berbahagialah kamu seandainya kamu melakukannya juga.",
Yahya,13,18,Yahya 13:18,"Aku berkata demikian bukan tentang kamu semua sebab Aku tahu siapa yang telah Kupilih. Tetapi, apa yang telah tertulis dalam Kitab Suci harus digenapi, ‘Orang yang memakan roti-Ku, mengangkat tumitnya melawan Aku.’",
Yahya,13,19,Yahya 13:19,"Aku sudah mengatakannya kepadamu sekarang, sebelum hal itu terjadi, supaya apabila hal itu terjadi, kamu percaya bahwa Akulah Dia.",
Yahya,13,20,Yahya 13:20,"Sesungguhnya, Aku berkata kepadamu, orang yang menyambut siapa yang Kuutus berarti menyambut Aku, dan orang yang menyambut Aku berarti menyambut Dia yang mengutus Aku.”",
Yahya,13,21,Yahya 13:21,"Setelah Isa bersabda demikian, hati-Nya seakan terkoyak-koyak. Lalu, Ia bersabda, “Sesungguhnya, Aku berkata kepadamu, seorang dari antara kamu akan mengkhianati Aku.”",Isa Memperingatkan Yudas
Yahya,13,22,Yahya 13:22,"Para pengikut-Nya saling pandang dan menjadi bingung, siapa yang dimaksudkan-Nya.",
Yahya,13,23,Yahya 13:23,"Salah satu dari para pengikut Isa, yaitu orang yang dikasihi oleh-Nya, duduk bersandar di dekat-Nya.",
Yahya,13,24,Yahya 13:24,"Lalu, Simon Petrus memberi isyarat kepada orang itu serta berkata, “Tanyakanlah siapa yang dimaksudkan-Nya.”",
Yahya,13,25,Yahya 13:25,"Maka, ia pun merapat pada Isa, lalu berkata, “Ya Junjungan, siapakah orang itu?”",
Yahya,13,26,Yahya 13:26,"Sabda Isa, “Orang yang Kuberi sepotong roti setelah Aku mencelupkannya, itulah dia!” Lalu, Isa mencelupkan roti itu, mengambilnya, dan memberikannya kepada Yudas bin Simon Iskariot.",
Yahya,13,27,Yahya 13:27,"Setelah roti itu dimakan oleh Yudas, masuklah Iblis ke dalam dirinya. Lalu, sabda Isa kepadanya, “Lakukanlah segera apa yang hendak kaulakukan.”",
Yahya,13,28,Yahya 13:28,Tak satu pun di antara orang-orang yang sedang duduk makan itu tahu apa sebabnya Isa mengatakan hal itu kepadanya.,
Yahya,13,29,Yahya 13:29,Beberapa di antara mereka berpikir bahwa Isa menyuruh Yudas untuk membeli sesuatu yang hendak mereka pakai pada hari raya atau untuk memberi sedekah kepada fakir miskin karena memang dialah pemegang pundi-pundi uang.,
Yahya,13,30,Yahya 13:30,"Segera setelah Yudas memakan roti itu, ia pun keluar. Waktu itu hari sudah malam.",
Yahya,13,31,Yahya 13:31,"Setelah Yudas keluar, Isa bersabda, “Sekarang Anak Manusia dimuliakan dan Allah pun dimuliakan di dalam Dia.",Perintah Baru
Yahya,13,32,Yahya 13:32,"Jika Allah dimuliakan di dalam Dia, Allah pun akan memuliakan Dia di dalam diri-Nya, dan akan segera memuliakan Dia.",
Yahya,13,33,Yahya 13:33,"Hai anak-anak-Ku, tidak akan lama lagi Aku tinggal bersama-sama dengan kamu. Kamu akan mencari Aku, tetapi seperti sudah Kukatakan kepada orang-orang Israil, Kukatakan juga kepadamu sekarang bahwa ke tempat Aku pergi, kamu tidak mungkin datang ke sana.",
Yahya,13,34,Yahya 13:34,"Aku memberi perintah baru kepadamu, yaitu hendaklah kamu saling mengasihi. Seperti Aku sudah mengasihi kamu, kamu pun harus saling mengasihi.",
Yahya,13,35,Yahya 13:35,"Melalui hal itu, semua orang akan tahu bahwa kamu adalah para pengikut-Ku, yaitu jika kamu saling mengasihi.”",
Yahya,13,36,Yahya 13:36,"Kata Simon Petrus kepada-Nya, “Ya Junjungan, ke manakah Junjungan akan pergi?” Sabda Isa, “Ke tempat Aku pergi tidak mungkin engkau mengikuti-Ku sekarang. Engkau akan menyusul Aku kelak.”",Isa Memperingatkan Petrus
Yahya,13,37,Yahya 13:37,"Kata Petrus kepada-Nya, “Ya Junjungan, mengapa tidak mungkin aku mengikut Engkau sekarang? Aku akan menyerahkan nyawaku bagi-Mu, ya Junjungan.”",
Yahya,13,38,Yahya 13:38,"Sabda Isa, “Benarkah engkau hendak menyerahkan nyawamu bagi-Ku? Sesungguhnya, Aku berkata kepadamu, ayam tidak akan berkokok sampai engkau menyangkal Aku tiga kali.”",
Yahya,14,1,Yahya 14:1,"“Janganlah gelisah hatimu, percayalah kepada Allah dan percayalah juga kepada-Ku.",Rumah Sang Bapa
Yahya,14,2,Yahya 14:2,"Di rumah Bapa-Ku banyak tempat tinggal. Jika tidak demikian, tentunya sudah Kukatakan kepadamu. Aku pergi untuk menyediakan tempat bagimu.",
Yahya,14,3,Yahya 14:3,"Setelah Aku pergi dan menyediakan tempat bagimu, Aku akan kembali lagi, dan Aku akan membawa kamu ke tempat-Ku supaya di tempat Aku berada, kamu pun berada.",
Yahya,14,4,Yahya 14:4,"Ke tempat Aku pergi, kamu tahu jalannya.”",
Yahya,14,5,Yahya 14:5,"Lalu, kata Tomas kepada-Nya, “Ya Junjungan, kami tidak tahu ke mana Engkau pergi. Bagaimana kami tahu jalannya?”",
Yahya,14,6,Yahya 14:6,"Sabda Isa kepadanya, “Akulah jalan, kebenaran, dan hidup. Tak seorang pun datang kepada Sang Bapa, kecuali melalui Aku.",
Yahya,14,7,Yahya 14:7,"Jika kamu mengenal Aku, kamu pun mengenal Bapa-Ku. Saat ini pun kamu mengenal Dia, bahkan sudah melihat Dia.”",
Yahya,14,8,Yahya 14:8,"Kata Filipus kepada-Nya, “Ya Junjungan, tunjukkanlah Sang Bapa itu kepada kami supaya hati kami puas.”",
Yahya,14,9,Yahya 14:9,"Sabda Isa kepadanya, “Hai Filipus, sudah sekian lama Aku bersama-sama dengan engkau, tetapi engkau tidak juga mengenal Aku? Orang yang melihat Aku berarti sudah melihat Sang Bapa. Jadi, bagaimana kamu dapat berkata, ‘Tunjukkanlah Sang Bapa kepada kami’?",
Yahya,14,10,Yahya 14:10,Tidakkah engkau percaya bahwa Aku di dalam Sang Bapa dan Sang Bapa di dalam Aku? Semua yang Kukatakan kepadamu bukan berasal dari diri-Ku sendiri. Sang Bapa yang tinggal di dalam Akulah yang melakukan semua pekerjaan itu.,
Yahya,14,11,Yahya 14:11,"Percayalah kepada-Ku bahwa Aku di dalam Sang Bapa dan Sang Bapa di dalam Aku. Jika tidak sekalipun, percayalah kepada-Ku karena semua pekerjaan itu.",
Yahya,14,12,Yahya 14:12,"Sesungguhnya, Aku berkata kepadamu, orang yang percaya kepada-Ku akan melakukan pekerjaan-pekerjaan yang sama seperti yang Kulakukan, bahkan pekerjaan-pekerjaan yang lebih besar daripada itu karena Aku pergi kepada Sang Bapa.",
Yahya,14,13,Yahya 14:13,"Apa saja yang kamu minta dalam nama-Ku, Aku akan melakukannya supaya Sang Bapa dimuliakan di dalam Sang Anak.",
Yahya,14,14,Yahya 14:14,"Jika kamu meminta sesuatu kepada-Ku dalam nama-Ku, Aku akan melakukannya.”",
Yahya,14,15,Yahya 14:15,"“Jika kamu mengasihi Aku, kamu akan mematuhi perintah-perintah-Ku.",Isa Menjanjikan Penghibur
Yahya,14,16,Yahya 14:16,"Aku akan meminta kepada Sang Bapa dan Ia akan memberikan kepadamu Penolong yang lain untuk menyertai kamu selama-lamanya,",
Yahya,14,17,Yahya 14:17,"yaitu Ruh Kebenaran. Dunia ini tidak dapat menerima-Nya karena dunia tidak melihat-Nya, apalagi mengenal-Nya. Tetapi, kamu mengenal-Nya sebab Ia menyertai kamu dan akan tinggal di dalam dirimu.",
Yahya,14,18,Yahya 14:18,Aku tidak akan meninggalkan kamu sebagai yatim piatu. Aku akan kembali kepadamu.,
Yahya,14,19,Yahya 14:19,"Waktunya tinggal sedikit dan dunia ini tidak akan melihat Aku lagi. Tetapi, kamu akan melihat Aku karena Aku hidup dan kamu pun akan hidup.",
Yahya,14,20,Yahya 14:20,"Pada saat itu kamu akan tahu bahwa Aku di dalam Bapa-Ku, kamu di dalam Aku, dan Aku di dalam kamu.",
Yahya,14,21,Yahya 14:21,"Orang yang berpegang pada perintah-perintah-Ku serta mematuhinya, dialah yang mengasihi Aku. Orang yang mengasihi Aku akan dikasihi oleh Bapa-Ku. Selain itu, Aku pun akan mengasihinya serta akan menyatakan diri-Ku kepadanya.”",
Yahya,14,22,Yahya 14:22,"Lalu, Yuda (bukan Yudas Iskariot) berkata kepada-Nya, “Ya Junjungan, mengapa Engkau menyatakan diri kepada kami dan bukan kepada dunia ini?”",
Yahya,14,23,Yahya 14:23,"Sabda Isa kepadanya, “Jika seseorang mengasihi Aku, tentu ia akan mematuhi perkataan-Ku. Bapa-Ku pun akan mengasihinya dan Kami akan datang kepadanya serta tinggal bersamanya.",
Yahya,14,24,Yahya 14:24,"Orang yang tidak mengasihi Aku, tidak mematuhi perkataan-Ku. Perkataan yang kamu dengar itu bukanlah milik-Ku, melainkan milik Sang Bapa yang mengutus Aku.",
Yahya,14,25,Yahya 14:25,Aku sudah mengatakan semua itu kepadamu selagi Aku masih tinggal bersama kamu.,
Yahya,14,26,Yahya 14:26,"Tetapi, Sang Penolong, yaitu Ruh Allah Yang Mahasuci yang akan diutus oleh Sang Bapa dalam nama-Ku, Dialah yang akan mengajarkan segala sesuatu kepadamu. Selain itu, Ia juga akan mengingatkan kamu akan semua yang sudah Kukatakan kepadamu.",
Yahya,14,27,Yahya 14:27,"Kutinggalkan sejahtera bagimu. Ya, sejahtera-Ku Kuberikan kepadamu, dan pemberian-Ku itu tidak seperti yang diberikan oleh dunia ini. Janganlah hatimu gelisah atau merasa takut.",
Yahya,14,28,Yahya 14:28,"Kamu sudah mendengar apa yang telah Kukatakan kepadamu bahwa Aku akan pergi, tetapi Aku akan kembali lagi kepadamu. Jika kamu mengasihi Aku, maka kamu akan bergembira sebab Aku pergi kepada Sang Bapa karena Sang Bapa lebih besar daripada Aku.",
Yahya,14,29,Yahya 14:29,"Sekarang, sebelum semuanya terjadi, Aku sudah mengatakan hal itu kepadamu supaya apabila hal itu terjadi, kamu percaya.",
Yahya,14,30,Yahya 14:30,"Aku tidak akan mengatakan banyak hal lagi kepadamu karena si penguasa dunia ini sedang datang, tetapi ia tidak mempunyai kuasa apa pun terhadap Aku.",
Yahya,14,31,Yahya 14:31,"Meskipun begitu, supaya dunia ini tahu bahwa Aku mengasihi Sang Bapa, maka Aku melaksanakan apa yang telah diperintahkan Sang Bapa kepada-Ku. Bangkitlah, mari kita pergi dari sini.”",
Yahya,15,1,Yahya 15:1,“Akulah pokok anggur yang benar dan Bapa-Ku pengusahanya.,Pokok Anggur yang Benar
Yahya,15,2,Yahya 15:2,"Setiap ranting pada-Ku yang tidak berbuah akan dipotong-Nya, sedangkan setiap ranting yang berbuah akan dibersihkan-Nya supaya lebih banyak buahnya.",
Yahya,15,3,Yahya 15:3,Kamu sudah bersih karena perkataan yang telah Kukatakan kepadamu.,
Yahya,15,4,Yahya 15:4,"Tinggallah di dalam Aku; Aku pun di dalam kamu. Sama seperti ranting tidak dapat berbuah dari dirinya jika tidak tinggal pada pokoknya, demikian jugalah halnya dengan kamu jika kamu tidak tinggal di dalam Aku.",
Yahya,15,5,Yahya 15:5,"Akulah pokok anggur dan kamulah ranting-rantingnya. Orang yang tinggal di dalam Aku dan Aku di dalam dia, akan berbuah banyak. Karena tanpa Aku, kamu tidak dapat berbuat sesuatu pun.",
Yahya,15,6,Yahya 15:6,"Jika seseorang tidak tinggal di dalam Aku, ia dibuang keluar seperti ranting, lalu mengering. Kemudian, ranting-ranting itu dikumpulkan, dibuang ke dalam api, dan dibakar.",
Yahya,15,7,Yahya 15:7,"Jika kamu tinggal di dalam Aku dan perkataan-Ku tinggal di dalam kamu, mintalah apa saja yang menjadi kehendakmu maka hal itu akan dikabulkan.",
Yahya,15,8,Yahya 15:8,"Dalam hal inilah Bapa-Ku dimuliakan, yaitu apabila kamu berbuah banyak. Dengan demikian, terbuktilah bahwa kamu adalah pengikut-pengikut-Ku.”",
Yahya,15,9,Yahya 15:9,"“Seperti Sang Bapa sudah mengasihi Aku, demikian jugalah Aku sudah mengasihi kamu. Tinggallah di dalam kasih-Ku.",Perintah supaya Saling Mengasihi
Yahya,15,10,Yahya 15:10,"Jika kamu mematuhi perintah-perintah-Ku, kamu akan tinggal di dalam kasih-Ku; sama seperti Aku mematuhi perintah-perintah Bapa-Ku dan tinggal di dalam kasih-Nya.",
Yahya,15,11,Yahya 15:11,Semua itu Kukatakan kepadamu supaya kegembiraan-Ku ada di dalam kamu dan supaya kegembiraanmu menjadi sempurna.,
Yahya,15,12,Yahya 15:12,"Inilah perintah-Ku, yaitu hendaklah kamu saling mengasihi, sama seperti Aku sudah mengasihi kamu.",
Yahya,15,13,Yahya 15:13,Tidak ada kasih yang lebih besar daripada kasih seseorang yang menyerahkan nyawanya untuk sahabat-sahabatnya.,
Yahya,15,14,Yahya 15:14,Kamu adalah sahabat-Ku jika kamu melakukan apa yang Kuperintahkan kepadamu.,
Yahya,15,15,Yahya 15:15,Aku tidak lagi menyebut kamu hamba karena seorang hamba tidak tahu apa yang dilakukan oleh tuannya. Aku menyebut kamu sahabat karena segala sesuatu yang Kudengar dari Bapa-Ku sudah Kuberitahukan kepadamu.,
Yahya,15,16,Yahya 15:16,"Bukan kamu yang memilih Aku, melainkan Aku yang memilih kamu. Aku pun telah menetapkan kamu supaya kamu pergi menghasilkan buah dan supaya buahmu itu kekal. Dengan demikian, apa yang kamu minta kepada Sang Bapa dalam nama-Ku akan diberikan-Nya kepadamu.",
Yahya,15,17,Yahya 15:17,Aku memberi perintah demikian kepadamu dengan maksud supaya kamu saling mengasihi.”,
Yahya,15,18,Yahya 15:18,"“Jika dunia membenci kamu, ketahuilah bahwa Aku telah lebih dahulu dibenci olehnya.",Dunia Membenci Isa dan Pengikut-pengikut-Nya
Yahya,15,19,Yahya 15:19,"Jika kamu dari dunia ini, tentulah kamu akan dikasihi olehnya sebagai miliknya. Tetapi sebaliknya, karena kamu bukan dari dunia ini, melainkan Aku telah memilih kamu untuk keluar dari dunia ini, maka dunia membenci kamu.",
Yahya,15,20,Yahya 15:20,"Ingatlah perkataan yang telah Kukatakan kepadamu bahwa seorang hamba tidak lebih besar daripada tuannya. Jika mereka telah menganiaya Aku, maka kamu pun akan mereka aniaya. Jika mereka mematuhi perkataan-Ku, maka perkataanmu pun akan mereka patuhi.",
Yahya,15,21,Yahya 15:21,"Semua itu akan mereka lakukan terhadap kamu karena nama-Ku, sebab mereka tidak mengenal Dia yang mengutus Aku.",
Yahya,15,22,Yahya 15:22,"Jika Aku tidak datang dan berkata-kata kepada mereka, tentu mereka tidak berdosa, tetapi sekarang mereka tidak dapat berdalih lagi dari dosa mereka.",
Yahya,15,23,Yahya 15:23,Orang yang membenci Aku berarti membenci Bapa-Ku juga.,
Yahya,15,24,Yahya 15:24,"Jika di antara mereka Aku tidak melakukan pekerjaan-pekerjaan yang memang tidak pernah dilakukan oleh seorang pun, tentu mereka tidak berdosa. Tetapi sekarang, meskipun mereka sudah menyaksikannya, tetap saja mereka membenci Aku dan juga Bapa-Ku.",
Yahya,15,25,Yahya 15:25,"Namun, yang demikian itu terjadi supaya genaplah apa yang telah tertulis dalam Kitab Suci mereka, ‘Mereka membenci Aku tanpa alasan.’",
Yahya,15,26,Yahya 15:26,"Apabila Sang Penolong yang akan Kuutus kepadamu dari Sang Bapa telah datang, yaitu Ruh Kebenaran yang datang dari Sang Bapa, maka Ia akan bersaksi tentang Aku.",
Yahya,15,27,Yahya 15:27,"Selain itu, kamu pun harus bersaksi karena sejak semula kamu bersama Aku.”",
Yahya,16,1,Yahya 16:1,“Semua itu Kukatakan kepadamu supaya imanmu tidak goyah.,Bertekun
Yahya,16,2,Yahya 16:2,"Kamu akan disingkirkan dari rumah-rumah ibadah mereka, bahkan akan datang waktunya, siapa saja yang membunuh kamu akan menyangka bahwa ia beribadah kepada Allah.",
Yahya,16,3,Yahya 16:3,Hal itu akan mereka lakukan karena mereka tidak mengenal Sang Bapa dan juga Aku.,
Yahya,16,4,Yahya 16:4,"Tetapi, Aku sudah memberitahukan kepadamu tentang hal-hal itu supaya apabila waktunya tiba, kamu ingat bahwa Aku sudah mengatakannya kepadamu.”",
Yahya,16,5,Yahya 16:5,"(16-4b) “Hal itu tidak Kukatakan kepadamu sejak semula karena Aku masih bersama-sama dengan kamu. (16-5) Tetapi sekarang, Aku akan pergi kepada Dia yang mengutus Aku. Tak seorang pun dari antara kamu bertanya kepada-Ku, ‘Ke mana Engkau hendak pergi?’",Pekerjaan Penghibur
Yahya,16,6,Yahya 16:6,Hatimu memang penuh dukacita karena Aku mengatakan hal itu kepadamu.,
Yahya,16,7,Yahya 16:7,"Meskipun begitu, Aku mengatakan apa yang sebenarnya kepadamu bahwa kepergian-Ku itu lebih berfaedah bagimu. Karena jika Aku tidak pergi, Sang Penolong tidak akan datang kepadamu. Sebaliknya, jika Aku pergi, maka Aku akan mengutus Dia kepadamu.",
Yahya,16,8,Yahya 16:8,"Kedatangan-Nya akan menginsafkan dunia perihal dosa, perihal apa yang benar, dan perihal penghakiman.",
Yahya,16,9,Yahya 16:9,Perihal dosa sebab mereka tidak percaya kepada-Ku;,
Yahya,16,10,Yahya 16:10,perihal apa yang benar sebab Aku pergi kepada Sang Bapa dan kamu tidak melihat Aku lagi;,
Yahya,16,11,Yahya 16:11,dan perihal penghakiman sebab si penguasa dunia ini telah dihukum.,
Yahya,16,12,Yahya 16:12,"Masih banyak hal yang hendak Kukatakan kepadamu, tetapi sekarang kamu belum dapat menanggungnya.",
Yahya,16,13,Yahya 16:13,"Tetapi, apabila Ia datang, yaitu Ruh Kebenaran, Ia akan memimpin kamu pada semua jalan kebenaran. Ia tidak akan mengatakan apa yang berasal dari diri-Nya sendiri, tetapi apa yang didengar-Nya, itulah yang akan dikatakan-Nya. Ia pun akan memberitahukan kepadamu hal-hal yang akan datang.",
Yahya,16,14,Yahya 16:14,"Ia akan memuliakan Aku karena Ia akan menerima apa yang berasal dari-Ku, lalu memberitakannya kepadamu.",
Yahya,16,15,Yahya 16:15,"Segala sesuatu yang ada pada Sang Bapa adalah kepunyaan-Ku. Itulah sebabnya, Aku berkata, Ia akan menerima apa yang berasal dari-Ku dan memberitakannya kepadamu.”",
Yahya,16,16,Yahya 16:16,"“Tidak lama lagi kamu tidak akan melihat Aku lagi, tetapi kemudian dalam waktu yang tidak lama pula kamu akan kembali melihat Aku.”",Dukacita yang Mendahului Kemenangan
Yahya,16,17,Yahya 16:17,"Lalu, beberapa orang pengikut-Nya berkata satu kepada yang lain, “Apa yang dimaksudkan-Nya, ‘Tidak lama lagi kamu tidak akan melihat Aku lagi’? Kemudian, ‘Dalam waktu yang tidak lama pula kamu akan kembali melihat Aku,’ serta ‘Aku pergi kepada Sang Bapa’?”",
Yahya,16,18,Yahya 16:18,"Lalu, kata mereka, “Apa yang dimaksudkan-Nya, ‘Tidak lama lagi’? Kita tidak mengerti apa yang dimaksudkan-Nya.”",
Yahya,16,19,Yahya 16:19,"Isa mengetahui bahwa mereka ingin bertanya kepada-Nya. Lalu, sabda-Nya kepada mereka, “Apakah kamu bertanya-tanya seorang kepada yang lain tentang apa yang Kukatakan tadi, ‘Tidak lama lagi kamu tidak akan melihat Aku lagi’ dan, ‘Dalam waktu yang tidak lama pula kamu akan kembali melihat Aku’?",
Yahya,16,20,Yahya 16:20,"Sesungguhnya, Aku berkata kepadamu, kamu akan menangis dan meratap, tetapi dunia ini akan bergembira. Kamu akan berdukacita, tetapi dukacitamu itu akan berubah menjadi kegembiraan.",
Yahya,16,21,Yahya 16:21,"Seorang perempuan berdukacita saat ia melahirkan. Tetapi, ketika anaknya sudah dilahirkan, ia tidak ingat lagi pada kesengsaraannya. Ia diliputi perasaan gembira sebab seorang manusia telah dilahirkan ke dalam dunia.",
Yahya,16,22,Yahya 16:22,"Pada saat ini, kamu memang berdukacita. Tetapi, Aku akan menjumpai kamu lagi sehingga hatimu akan bergembira dan tak seorang pun dapat mengambil kegembiraan itu darimu.",
Yahya,16,23,Yahya 16:23,"Pada saat itu tidak ada satu hal pun yang akan kamu tanyakan kepada-Ku. Sesungguhnya, Aku berkata kepadamu, jika kamu meminta sesuatu kepada Sang Bapa, maka Ia akan memberikannya kepadamu dalam nama-Ku.",
Yahya,16,24,Yahya 16:24,"Sampai sekarang, satu hal pun belum kamu minta dalam nama-Ku. Mintalah maka kamu akan menerimanya supaya kegembiraanmu menjadi sempurna.",
Yahya,16,25,Yahya 16:25,"Semua itu Kusampaikan kepadamu melalui kiasan. Meskipun demikian, akan tiba waktunya Aku tidak lagi berbicara melalui kiasan, melainkan dengan terus terang memberitakan kepadamu tentang Sang Bapa.",
Yahya,16,26,Yahya 16:26,"Pada hari itu kamu akan meminta dalam nama-Ku dan tidak Kukatakan kepadamu bahwa Aku akan meminta kepada Sang Bapa untuk kamu,",
Yahya,16,27,Yahya 16:27,karena Sang Bapa sendiri mengasihi kamu sebab kamu sudah mengasihi Aku dan percaya bahwa Aku datang dari Sang Bapa.,
Yahya,16,28,Yahya 16:28,"Memang Aku datang dari Sang Bapa, lalu turun ke dunia ini. Setelah itu, Aku meninggalkan dunia ini dan kembali lagi kepada Sang Bapa.”",
Yahya,16,29,Yahya 16:29,"Kata para pengikut Isa, “Lihatlah, sekarang Engkau menyampaikannya dengan terus terang, ya Junjungan, dan tidak lagi memakai kiasan.",
Yahya,16,30,Yahya 16:30,"Sekarang kami tahu, ya Junjungan, bahwa Engkau mengetahui segala sesuatu dan tidak perlu lagi ada yang bertanya kepada-Mu. Oleh sebab itu, kami percaya, ya Junjungan, bahwa Engkau datang dari Allah.”",
Yahya,16,31,Yahya 16:31,"Lalu, sabda Isa kepada mereka, “Sekarang kamu percaya?",
Yahya,16,32,Yahya 16:32,"Lihatlah, tiba waktunya, bahkan sudah tiba bahwa kamu akan dicerai-beraikan ke tempatnya masing-masing dan akan meninggalkan Aku seorang diri. Meskipun begitu, Aku tidak sendirian karena Sang Bapa menyertai Aku.",
Yahya,16,33,Yahya 16:33,"Aku mengatakan semua ini kepadamu supaya kamu memperoleh kesentosaan di dalam Aku. Dalam dunia ini kamu akan mengalami kesusahan, tetapi teguhkanlah hatimu! Aku sudah mengalahkan dunia.”",
Yahya,17,1,Yahya 17:1,"Setelah Isa menyampaikan semua itu, Ia menengadah ke langit dan bersabda, “Ya Bapa, saat yang ditentukan sudah tiba. Muliakanlah Anak-Mu ini supaya Anak-Mu juga memuliakan Engkau.",Doa Isa untuk Pengikut-pengikut-Nya
Yahya,17,2,Yahya 17:2,"Engkau sudah memberi wewenang kepada-Nya atas seluruh umat manusia, dan Ia pun memberikan hidup kekal kepada semua orang yang telah Engkau serahkan kepada-Nya.",
Yahya,17,3,Yahya 17:3,"Inilah hidup yang kekal, yaitu bahwa mereka mengenal Engkau sebagai satu-satunya Allah yang benar, dan mengenal Isa Al-Masih yang telah Engkau utus.",
Yahya,17,4,Yahya 17:4,Aku sudah memuliakan Engkau di bumi ini dengan menyelesaikan pekerjaan yang Engkau serahkan kepada-Ku untuk dilaksanakan.,
Yahya,17,5,Yahya 17:5,"Ya Bapa, sekarang muliakanlah Aku bersama-Mu dengan kemuliaan yang telah menjadi milik-Ku dan milik-Mu sebelum dunia ini dijadikan.",
Yahya,17,6,Yahya 17:6,Aku sudah memperkenalkan nama-Mu kepada orang-orang yang Engkau serahkan kepada-Ku dari dunia ini. Mereka adalah milik-Mu dan Engkau menyerahkan mereka kepada-Ku. Mereka pun telah mematuhi firman-Mu.,
Yahya,17,7,Yahya 17:7,Sekarang mereka tahu bahwa semua yang Engkau serahkan kepada-Ku berasal dari-Mu,
Yahya,17,8,Yahya 17:8,"karena firman yang Engkau serahkan kepada-Ku sudah Kusampaikan kepada mereka dan mereka telah menerimanya. Mereka benar-benar tahu bahwa Aku berasal dari-Mu, dan mereka juga percaya bahwa Engkaulah yang telah mengutus Aku.",
Yahya,17,9,Yahya 17:9,"Aku memanjatkan doa ini bagi mereka, bukan bagi dunia ini. Ya, bagi mereka yang telah Engkau serahkan kepada-Ku karena mereka adalah milik-Mu.",
Yahya,17,10,Yahya 17:10,Semua milik-Ku adalah milik-Mu dan semua milik-Mu adalah milik-Ku. Aku telah dimuliakan di dalam mereka.,
Yahya,17,11,Yahya 17:11,"Aku tidak akan ada di dunia ini lagi, tetapi mereka masih tetap ada di dunia ini. Aku akan kembali kepada-Mu. Ya Bapa Yang Mahasuci, peliharalah mereka dalam nama-Mu yang telah Engkau serahkan kepada-Ku supaya mereka menjadi satu, sama seperti Kita.",
Yahya,17,12,Yahya 17:12,"Selama Aku bersama mereka, Aku memelihara mereka di dalam nama-Mu yang telah Engkau serahkan kepada-Ku. Aku pun sudah menjaga mereka. Tak seorang pun dari antara mereka binasa, kecuali si anak kebinasaan itu, supaya genaplah apa yang telah tertulis dalam Kitab Suci.",
Yahya,17,13,Yahya 17:13,"Sekarang Aku kembali kepada-Mu, dan sementara Aku masih di dunia Aku mengatakan semua ini supaya kegembiraan-Ku ada di dalam diri mereka sepenuhnya.",
Yahya,17,14,Yahya 17:14,"Aku sudah menyampaikan firman-Mu kepada mereka dan dunia membenci mereka sebab mereka bukanlah orang-orang dari dunia ini, seperti Aku juga bukan dari dunia ini.",
Yahya,17,15,Yahya 17:15,"Aku tidak meminta supaya Engkau mengambil mereka dari dunia ini, melainkan supaya Engkau memelihara mereka dari si jahat.",
Yahya,17,16,Yahya 17:16,"Mereka bukan dari dunia ini, seperti Aku juga bukan dari dunia ini.",
Yahya,17,17,Yahya 17:17,Kuduskanlah mereka dalam kebenaran: firman-Mu adalah kebenaran.,
Yahya,17,18,Yahya 17:18,"Seperti Engkau telah mengutus Aku ke dunia, demikian pula Aku mengutus mereka ke dunia.",
Yahya,17,19,Yahya 17:19,Demi mereka itulah Aku menguduskan diri-Ku supaya mereka juga dikuduskan dalam kebenaran.,
Yahya,17,20,Yahya 17:20,"Bukan hanya bagi mereka saja Aku memanjatkan doa ini, tetapi juga bagi semua orang yang percaya kepada-Ku melalui pengajaran mereka.",
Yahya,17,21,Yahya 17:21,"Doa-Ku ialah supaya mereka semua menjadi satu, sama seperti Engkau di dalam Aku, ya Bapa, dan Aku di dalam Engkau sehingga mereka ada di dalam Kita. Dengan demikian, dunia ini dapat mempercayai bahwa Engkaulah yang telah mengutus Aku.",
Yahya,17,22,Yahya 17:22,"Aku pun sudah menyerahkan kepada mereka kemuliaan yang Engkau serahkan kepada-Ku supaya mereka menjadi satu, sama seperti Kita yang memang satu.",
Yahya,17,23,Yahya 17:23,"Aku di dalam mereka dan Engkau di dalam Aku supaya mereka sempurna menjadi satu. Dengan demikian, dunia ini tahu bahwa Engkaulah yang telah mengutus Aku dan bahwa Engkau mengasihi mereka, sama seperti Engkau mengasihi Aku.",
Yahya,17,24,Yahya 17:24,"Ya Bapa, Aku ingin supaya mereka yang telah Engkau serahkan kepada-Ku ada bersama-Ku di mana pun Aku berada agar mereka dapat melihat kemuliaan-Ku, yaitu kemuliaan yang telah Engkau berikan kepada-Ku karena Engkau telah mengasihi Aku sebelum dunia dijadikan.",
Yahya,17,25,Yahya 17:25,"Ya Bapa Yang Mahabenar, Engkau memang tidak dikenal oleh dunia ini, tetapi Aku mengenal Engkau dan mereka ini tahu bahwa Engkaulah yang telah mengutus Aku.",
Yahya,17,26,Yahya 17:26,Aku sudah memberitahukan nama-Mu kepada mereka dan Aku akan terus melakukannya supaya kasih seperti kasih yang Kauberikan kepada-Ku ada di dalam hati mereka dan Aku di dalam mereka.”,
Yahya,18,1,Yahya 18:1,"Setelah Isa bersabda begitu, pergilah Ia bersama-sama dengan para pengikut-Nya ke seberang Sungai Kidron. Di tempat itu ada sebuah taman. Kemudian, Isa masuk ke situ bersama para pengikut-Nya.",Isa Ditangkap
Yahya,18,2,Yahya 18:2,"Yudas, orang yang mengkhianati Isa, tahu juga tempat itu karena kerap kali Isa berkumpul di situ bersama para pengikut-Nya.",
Yahya,18,3,Yahya 18:3,"Yudas, dengan membawa sepasukan prajurit dan para pengawal Israil suruhan imam-imam kepala serta orang-orang dari mazhab Farisi, datang pula ke situ lengkap dengan lentera, suluh, dan senjata.",
Yahya,18,4,Yahya 18:4,"Mengetahui semua hal yang akan menimpa-Nya, majulah Isa mendekati mereka semua, lalu bersabda, “Siapa yang kamu cari?”",
Yahya,18,5,Yahya 18:5,"Jawab mereka kepada-Nya, “Isa, orang Nazaret.” Sabda Isa kepada mereka, “Akulah Dia.” Yudas, yang mengkhianati-Nya, ada juga di antara mereka.",
Yahya,18,6,Yahya 18:6,"Pada waktu Isa bersabda kepada mereka, “Akulah Dia,” mundurlah mereka semua, lalu rebah.",
Yahya,18,7,Yahya 18:7,"Lalu, Isa bersabda lagi kepada mereka, “Siapa yang kamu cari?” Jawab mereka, “Isa, orang Nazaret.”",
Yahya,18,8,Yahya 18:8,"Sabda Isa, “Aku sudah berkata kepadamu, Akulah Dia. Jika Aku yang kamu cari, biarkanlah mereka ini pergi.”",
Yahya,18,9,Yahya 18:9,"Dengan demikian, genaplah firman yang disabdakan-Nya, “Dari antara orang-orang yang telah Engkau serahkan kepada-Ku, tak seorang pun Kubiarkan binasa.”",
Yahya,18,10,Yahya 18:10,"Kemudian, Simon Petrus yang membawa sebilah pedang, menghunus pedangnya dan menyerang seorang hamba imam besar sampai telinga kanan hamba imam itu putus. Nama hamba itu ialah Malkus.",
Yahya,18,11,Yahya 18:11,"Lalu, sabda Isa kepada Petrus, “Sarungkanlah pedangmu. Masakan Aku tidak meminum isi cawan yang diberikan oleh Sang Bapa kepada-Ku?”",
Yahya,18,12,Yahya 18:12,"Kemudian, pasukan prajurit dengan komandannya serta para pengawal yang berasal dari orang-orang Israil menangkap dan mengikat Isa.",Isa di Hadapan Hanas; Petrus Menyangkal Isa
Yahya,18,13,Yahya 18:13,"Mula-mula mereka membawa Isa ke hadapan Hanas. Hanas adalah mertua Kayafas, Imam Besar pada tahun itu.",
Yahya,18,14,Yahya 18:14,Kayafas adalah orang yang pernah memberi nasihat kepada orang-orang Israil bahwa alangkah berfaedahnya jika satu orang mati bagi seluruh bangsa ini.,
Yahya,18,15,Yahya 18:15,"Simon Petrus dan salah seorang pengikut Isa lainnya juga mengikuti Isa. Pengikut yang lain itu mengenal Imam Besar. Oleh karena itu, masuklah ia bersama-sama dengan Isa ke ruangan balai Imam Besar itu,",
Yahya,18,16,Yahya 18:16,"sedangkan Petrus hanya berdiri di luar, di dekat pintu. Lalu, pengikut yang lain, kenalan Imam Besar itu, keluar lagi. Setelah berbicara dengan hamba perempuan yang menunggui pintu, ia pun membawa Petrus masuk ke dalam.",
Yahya,18,17,Yahya 18:17,"Kemudian, kata hamba perempuan itu kepada Petrus, “Bukankah engkau juga salah seorang pengikut orang itu?” Jawab Petrus, “Bukan.”",
Yahya,18,18,Yahya 18:18,"Di situ juga berdiri hamba-hamba laki-laki yang lain dan para pengawal Israil yang menyalakan api karena udara yang dingin. Lalu, mereka semua berdiang di situ. Petrus pun berdiri di situ, turut berdiang bersama mereka.",
Yahya,18,19,Yahya 18:19,"Sementara itu, Imam Besar mulai bertanya kepada Isa, baik mengenai para pengikut-Nya maupun mengenai ajaran-Nya.",
Yahya,18,20,Yahya 18:20,"Sabda Isa kepadanya, “Aku berbicara dengan jelas kepada dunia ini. Aku selalu mengajar orang di rumah-rumah ibadah dan di Bait Allah, tempat semua orang Israil berkumpul. Satu hal pun tidak pernah Kukatakan dengan sembunyi-sembunyi.",
Yahya,18,21,Yahya 18:21,Mengapa engkau bertanya kepada-Ku? Tanyakanlah kepada mereka yang sudah mendengar apa yang Kukatakan kepada mereka. Tentu mereka tahu apa yang telah Kukatakan itu.”,
Yahya,18,22,Yahya 18:22,"Setelah Isa berkata begitu, seorang pengawal Israil yang berdiri di sisi-Nya menampar Dia serta berkata, “Begitukah cara-Mu memberi jawab kepada Imam Besar?”",
Yahya,18,23,Yahya 18:23,"Sabda Isa kepadanya, “Jika apa yang Kukatakan salah, katakanlah kesalahan itu, tetapi jika benar, mengapa engkau menampar Aku?”",
Yahya,18,24,Yahya 18:24,"Lalu, Hanas mengirimkan Isa dalam keadaan terikat kepada Kayafas, Imam Besar.",
Yahya,18,25,Yahya 18:25,"Ketika itu Simon Petrus masih berdiang juga. Lalu, kata seseorang kepadanya, “Bukankah engkau salah seorang pengikut-Nya juga?” Ia menyangkalnya, “Bukan.”",
Yahya,18,26,Yahya 18:26,"Kemudian, kata salah seorang hamba Imam Besar, keluarga dari orang yang telinganya dipotong oleh Petrus, “Bukankah tadi aku melihat engkau bersama-sama dengan Dia di taman itu?”",
Yahya,18,27,Yahya 18:27,"Lalu, Petrus menyangkalnya lagi, dan segera ayam pun berkokoklah.",
Yahya,18,28,Yahya 18:28,"Kemudian, mereka membawa Isa dari rumah Kayafas ke tempat pengadilan pemerintah. Waktu itu masih pagi sekali. Tetapi, orang-orang Israil tidak turut masuk ke tempat pengadilan itu supaya mereka tidak menjadi najis karena mereka hendak makan Paskah.",Isa di Hadapan Pilatus
Yahya,18,29,Yahya 18:29,"Oleh karena itu, Pilatus menemui mereka di luar dan berkata, “Tuduhan apa yang kamu lontarkan atas orang ini?”",
Yahya,18,30,Yahya 18:30,"Jawab mereka kepadanya, “Jika orang ini tidak melakukan kejahatan, tentu kami tidak akan menyerahkan-Nya kepada Tuan.”",
Yahya,18,31,Yahya 18:31,"Kata Pilatus kepada mereka, “Bawalah Dia dan hakimilah menurut hukummu sendiri.” Jawab orang-orang Israil itu kepadanya, “Kami dilarang membunuh orang.”",
Yahya,18,32,Yahya 18:32,Hal itu terjadi supaya genaplah sabda yang telah disampaikan-Nya tentang bagaimana cara Ia akan wafat.,
Yahya,18,33,Yahya 18:33,"Pilatus masuk lagi ke dalam ruangan pengadilan pemerintah itu, lalu memanggil Isa dan berkata kepada-Nya, “Engkaukah raja orang Israil?”",
Yahya,18,34,Yahya 18:34,"Sabda Isa, “Apakah perkataan itu berasal dari dirimu sendiri? Atau orang lainkah yang mengatakan kepadamu perihal Aku?”",
Yahya,18,35,Yahya 18:35,"Jawab Pilatus, “Apakah aku orang Israil? Bangsamu dan imam-imam kepala yang telah menyerahkan Engkau kepadaku. Apa sebenarnya yang telah Engkau lakukan?”",
Yahya,18,36,Yahya 18:36,"Sabda Isa, “Kerajaan-Ku bukanlah dari dunia ini. Jika kerajaan-Ku dari dunia, tentunya pengawal-pengawal-Ku akan melawan supaya Aku tidak sampai jatuh ke tangan orang Israil. Akan tetapi, kerajaan-Ku bukan dari dunia ini.”",
Yahya,18,37,Yahya 18:37,"Lalu, kata Pilatus kepada-Nya, “Kalau begitu, Engkau seorang raja, bukan?” Sabda Isa, “Engkau mengatakannya bahwa Aku adalah seorang raja. Itulah sebabnya, Aku lahir dan itulah sebabnya Aku datang ke dalam dunia, yaitu supaya Aku memberi kesaksian mengenai kebenaran. Siapa berasal dari kebenaran, ia akan mendengarkan suara-Ku.”",
Yahya,18,38,Yahya 18:38,"Kata Pilatus kepada-Nya, “Apakah kebenaran itu?”",
Yahya,18,39,Yahya 18:39,"(18-38b) Setelah Pilatus berkata begitu, ia keluar lagi untuk menemui orang-orang Israil. Lalu, ia berkata kepada mereka, “Aku tidak mendapati satu kesalahan pun pada-Nya. (18-39) Tetapi, menurut adat kebiasaanmu, aku harus melepaskan seseorang bagi kamu pada setiap hari raya Paskah. Maukah kamu apabila aku melepaskan bagimu raja orang Israil ini?”",Isa Dihukum Mati
Yahya,18,40,Yahya 18:40,"Lalu, mereka berteriak, “Jangan orang itu! Barabas saja!” Barabas adalah seorang penyamun.",
Yahya,19,1,Yahya 19:1,"Setelah itu, Pilatus memberi perintah agar Isa dibawa dan disesah.",Isa Disalibkan
Yahya,19,2,Yahya 19:2,"Kemudian, para prajurit menganyam sebuah mahkota dari duri dan mengenakannya pada kepala Isa. Selain itu, mereka juga memakaikan kepada-Nya jubah berwarna ungu.",
Yahya,19,3,Yahya 19:3,"Mereka mendekati-Nya dan berkata, “Salam, wahai raja orang Israil!” Kemudian, mereka menampar-Nya.",
Yahya,19,4,Yahya 19:4,"Pilatus keluar lagi dan berkata kepada orang-orang Israil, “Lihat, aku membawa Dia keluar supaya kamu tahu bahwa aku tidak mendapati satu kesalahan pun pada-Nya.”",
Yahya,19,5,Yahya 19:5,"Lalu, Isa keluar dengan memakai mahkota duri dan jubah berwarna ungu. Kemudian, kata Pilatus kepada orang-orang Israil itu, “Lihatlah orang ini!”",
Yahya,19,6,Yahya 19:6,"Pada waktu imam-imam kepala dan pengawal-pengawal Israil melihat Dia, mereka berseru, “Salibkan Dia! Salibkan Dia!” Kata Pilatus kepada mereka, “Ambillah Dia dan salibkan sendiri karena aku tidak mendapati kesalahan pada-Nya.”",
Yahya,19,7,Yahya 19:7,"Jawab orang-orang Israil kepadanya, “Kami memiliki hukum tertentu dan menurut hukum itu Ia harus mati sebab Ia mengangkat diri-Nya sebagai Sang Anak yang datang dari Allah.”",
Yahya,19,8,Yahya 19:8,"Saat Pilatus mendengar perkataan itu, rasa takutnya semakin menjadi-jadi.",
Yahya,19,9,Yahya 19:9,"Ia masuk lagi ke tempat pengadilan pemerintah dan berkata kepada Isa, “Dari manakah asal-Mu?” Tetapi, Isa tidak memberikan jawaban kepadanya.",
Yahya,19,10,Yahya 19:10,"Kata Pilatus kepada-Nya, “Tidakkah Engkau mau berbicara dengan aku? Tidakkah Engkau tahu bahwa aku mempunyai wewenang untuk melepaskan Engkau dan aku pun mempunyai wewenang untuk menyalibkan Engkau?”",
Yahya,19,11,Yahya 19:11,"Sabda Isa kepadanya, “Engkau tidak mempunyai wewenang apa pun atas diri-Ku jika wewenang itu tidak diberikan kepadamu dari atas. Itulah sebabnya, orang yang menyerahkan Aku kepadamu lebih besar dosanya.”",
Yahya,19,12,Yahya 19:12,"Sejak saat itu Pilatus mencari jalan untuk melepaskan Dia, tetapi orang-orang Israil itu berteriak-teriak, “Jika orang ini Tuan lepaskan, maka Tuan bukan sahabat Kaisar! Sebab siapa mengangkat dirinya sebagai raja, ia melawan Kaisar!”",
Yahya,19,13,Yahya 19:13,"Setelah Pilatus mendengar perkataan itu, ia memerintahkan agar Isa dibawa keluar. Lalu, ia duduk di kursi pengadilan, di tempat yang bernama Lantai Batu (dalam bahasa Ibraninya disebut Gabata).",
Yahya,19,14,Yahya 19:14,"Hari itu adalah hari persiapan Paskah, kira-kira pada jam yang keenam. Lalu, kata Pilatus kepada orang-orang Israil itu, “Lihatlah rajamu!”",
Yahya,19,15,Yahya 19:15,"Kemudian, berteriaklah mereka, “Enyahkanlah Dia! Enyahkanlah Dia! Salibkan Dia!” Kata Pilatus kepada mereka, “Masakan aku akan menyalibkan rajamu?” Jawab imam-imam kepala itu, “Kami tidak mempunyai raja lain, kecuali Kaisar!”",
Yahya,19,16,Yahya 19:16,Akhirnya Pilatus menyerahkan Isa kepada mereka untuk disalibkan.,
Yahya,19,17,Yahya 19:17,"(19-16b) Lalu, mereka pun membawa Isa. (19-17) Sambil memikul salib-Nya sendiri, Isa berjalan menuju tempat yang bernama Tempat Tengkorak, yang dalam bahasa Ibrani disebut Golgota.",Isa Disalibkan
Yahya,19,18,Yahya 19:18,"Di situlah mereka menyalibkan Dia bersama-sama dengan dua orang lainnya di sebelah kanan dan kiri-Nya, sedangkan Isa di tengah-tengah.",
Yahya,19,19,Yahya 19:19,"Pilatus memerintahkan agar dibuat tulisan yang kemudian diletakkan pada bagian atas salib itu, demikian bunyinya, “Isa orang Nazaret, Raja orang Israil.”",
Yahya,19,20,Yahya 19:20,"Banyak orang Israil yang membaca tulisan itu karena tempat di mana Isa disalibkan dekat dengan kota. Apalagi tulisan itu ditulis dalam bahasa Ibrani, Latin, dan Yunani.",
Yahya,19,21,Yahya 19:21,"Lalu, imam-imam kepala Israil berkata kepada Pilatus, “Tuan, jangan tuliskan ‘Raja orang Israil,’ melainkan, ‘Orang ini berkata: Akulah raja orang Israil.’”",
Yahya,19,22,Yahya 19:22,"Jawab Pilatus, “Apa yang kutuliskan, akan tetap tertulis begitu.”",
Yahya,19,23,Yahya 19:23,"Setelah prajurit-prajurit itu menyalibkan Isa, mereka mengambil pakaian-Nya. Pakaian itu mereka bagi menjadi empat bagian dan masing-masing prajurit mendapat satu bagian. Mereka juga mengambil jubah-Nya, tetapi jubah itu tidak berjahit, melainkan hanya berupa sehelai kain terusan dari atas sampai ke bawah.",
Yahya,19,24,Yahya 19:24,"Kata mereka satu kepada lainnya, “Jangan kita sobek. Sebaiknya, kita undi saja siapa yang berhak mendapatkannya.” Hal itu terjadi supaya genaplah apa yang tertulis dalam Kitab Suci, “Pakaian-Ku mereka bagi di antara mereka, sedangkan atas jubah-Ku, mereka melempar undi.” Itulah yang dilakukan oleh prajurit-prajurit itu.",
Yahya,19,25,Yahya 19:25,"Di dekat salib Isa berdiri ibu-Nya, saudara ibu-Nya yang perempuan, yaitu Maryam istri Klopas, serta Maryam orang Magdala.",
Yahya,19,26,Yahya 19:26,"Pada waktu Isa melihat ibu-Nya dan pengikut yang dikasihi-Nya itu berdiri di dekat-Nya, bersabdalah Ia kepada ibu-Nya, “Ibu, lihatlah anakmu!”",
Yahya,19,27,Yahya 19:27,"Kemudian, Ia juga bersabda kepada pengikut itu, “Lihatlah ibumu!” Sejak saat itu, pengikut-Nya itu menerima ibu Isa untuk tinggal di rumahnya.",
Yahya,19,28,Yahya 19:28,"Selang beberapa saat, bersabdalah Isa, “Aku haus!” Hal itu dikatakan-Nya karena Ia tahu bahwa segala sesuatunya sudah selesai, dan supaya apa yang tertulis dalam Kitab Suci digenapi.",Isa Wafat
Yahya,19,29,Yahya 19:29,"Di situ ada sebuah bejana berisi air anggur asam. Mereka menuangkan air anggur asam itu pada bunga karang yang sudah dicucukkan pada sebatang tangkai hisop, lalu mereka menyodorkannya ke mulut Isa.",
Yahya,19,30,Yahya 19:30,"Setelah Isa mengecap air anggur asam itu, bersabdalah Ia, “Sudah selesai!” Kemudian, Ia menundukkan kepala-Nya dan menyerahkan nyawa-Nya.",
Yahya,19,31,Yahya 19:31,"Hari itu adalah hari persiapan, dan esoknya adalah hari Sabat yang khusus. Oleh karena itu, supaya mayat-mayat itu tidak tinggal pada kayu salib di hari Sabat, maka orang-orang Israil meminta kepada Pilatus agar kaki dari orang-orang yang tersalib itu dipatahkan, lalu mayat-mayatnya diturunkan.",Lambung Isa Ditikam
Yahya,19,32,Yahya 19:32,"Maka, datanglah para prajurit. Mereka mematahkan kaki dari orang pertama yang disalibkan bersama-sama dengan Isa, kemudian kaki dari orang yang lainnya.",
Yahya,19,33,Yahya 19:33,"Tetapi, ketika para prajurit itu mendekati Isa dan melihat bahwa Ia sudah meninggal, mereka tidak mematahkan kaki-Nya.",
Yahya,19,34,Yahya 19:34,"Meskipun begitu, salah seorang dari antara mereka menikam lambung Isa dengan tombaknya, dan seketika itu juga mengalirlah darah dan air.",
Yahya,19,35,Yahya 19:35,"Orang yang memberi kesaksian ini adalah orang yang menyaksikannya sendiri, dan kesaksiannya benar. Ia tahu bahwa ia mengatakan kebenaran, dan ia bersaksi supaya kamu percaya.",
Yahya,19,36,Yahya 19:36,"Semua itu terjadi supaya genaplah apa yang telah tertulis dalam Kitab Suci, “Tidak satu pun dari tulang-Nya akan dipatahkan.”",
Yahya,19,37,Yahya 19:37,"Ada pula nas lain yang mengatakan, “Mereka akan memandang Dia yang telah mereka tikam.”",
Yahya,19,38,Yahya 19:38,"Setelah itu, Yusuf dari Arimatea meminta kepada Pilatus untuk mengambil jenazah Isa (Yusuf adalah salah seorang pengikut Isa yang mengikuti-Nya secara sembunyi-sembunyi karena ia takut kepada orang-orang Israil). Pilatus memberinya izin. Lalu, ia pun pergi mengambil jenazah Isa.",Isa Dimakamkan
Yahya,19,39,Yahya 19:39,"Nikodemus, yang pernah datang menemui Isa pada waktu malam, datang juga membawa sejenis damar yang wangi dan gaharu seberat kira-kira tiga puluh kilogram.",
Yahya,19,40,Yahya 19:40,"Mereka mengambil jenazah Isa, lalu mengafani jenazah itu dengan kain kafan serta merempah-rempahinya menurut adat orang Israil dalam memakamkan jenazah.",
Yahya,19,41,Yahya 19:41,"Di situ, di tempat Isa disalibkan, ada sebuah taman. Dalam taman itu ada sebuah makam baru yang belum pernah dipakai.",
Yahya,19,42,Yahya 19:42,"Karena hari itu adalah hari persiapan orang Israil dan karena makam itu dekat dari situ, jenazah Isa mereka makamkan di sana.",
Yahya,20,1,Yahya 20:1,"Pada hari pertama minggu itu, ketika pagi masih gelap, Maryam orang Magdala datang ke makam itu. Lalu, dilihatnya batu penutup makam itu sudah berpindah dari tempatnya.",Kebangkitan Isa Al-Masih
Yahya,20,2,Yahya 20:2,"Maka, berlarilah ia untuk menemui Simon Petrus dan pengikut lain yang dikasihi oleh Isa. Katanya kepada mereka, “Junjungan telah diambil orang dari makam-Nya dan kita tidak tahu di mana Ia ditaruh.”",
Yahya,20,3,Yahya 20:3,"Kemudian, Petrus dengan pengikut yang lain itu pergi ke makam.",
Yahya,20,4,Yahya 20:4,"Keduanya sama-sama berlari, tetapi pengikut yang lain itu lebih cepat larinya daripada Petrus sehingga ia lebih dahulu sampai di makam itu.",
Yahya,20,5,Yahya 20:5,"Ia menengok ke dalam dan melihat kain kafan tergeletak, tetapi ia tidak masuk.",
Yahya,20,6,Yahya 20:6,"Kemudian, sampailah Simon Petrus yang tertinggal di belakangnya. Petrus masuk ke dalam makam itu dan ia pun melihat kain kafan tergeletak.",
Yahya,20,7,Yahya 20:7,"Kain peluh yang tadinya ada di kepala Isa tidak lagi terletak bersama-sama dengan kain kafan, melainkan telah tergulung dan letaknya terpisah.",
Yahya,20,8,Yahya 20:8,"Kemudian, pengikut yang lain, yang lebih dahulu sampai ke makam itu, masuk juga. Ia melihat semuanya dan percaya.",
Yahya,20,9,Yahya 20:9,Selama itu keduanya masih belum memahami apa yang telah tertulis dalam Kitab Suci bahwa Ia harus bangkit dari antara orang mati.,
Yahya,20,10,Yahya 20:10,"Lalu, pulanglah kedua pengikut itu ke rumah mereka.",
Yahya,20,11,Yahya 20:11,"Tetapi, Maryam berdiri saja di luar, di dekat makam itu, sambil menangis. Kemudian, sambil menangis ia pun menengok ke dalam kubur.",Isa Menampakkan Diri kepada Maryam dari Magdala
Yahya,20,12,Yahya 20:12,"Dilihatnya dua malaikat mengenakan pakaian putih sedang duduk. Malaikat yang satu duduk pada bagian kepala bekas jenazah Isa dibaringkan, sedangkan yang satu lagi duduk pada bagian kaki.",
Yahya,20,13,Yahya 20:13,"Kata malaikat-malaikat itu kepada Maryam, “Wahai Ibu, mengapa engkau menangis?” Berkatalah ia kepada malaikat-malaikat itu, “Junjunganku telah mereka ambil dan aku tidak tahu di mana mereka menaruh Dia.”",
Yahya,20,14,Yahya 20:14,"Setelah berkata begitu, ia berpaling. Dilihatnya Isa berdiri di situ, tetapi ia tidak tahu bahwa itu Isa.",
Yahya,20,15,Yahya 20:15,"Lalu, sabda Isa kepadanya, “Wahai Ibu, mengapa engkau menangis? Siapa yang engkau cari?” Maryam menyangka bahwa Dia itu tukang kebun maka katanya, “Pak, jika Bapak telah membawa-Nya dari sini, katakanlah kepadaku di mana Bapak menaruh Dia karena aku akan mengambil-Nya.”",
Yahya,20,16,Yahya 20:16,"Lalu, sabda Isa kepadanya, “Maryam!” Kemudian, berpalinglah ia serta berkata dalam bahasa Ibrani, “Rabuni!” (Artinya, Guru.)",
Yahya,20,17,Yahya 20:17,"Sabda Isa kepadanya, “Jangan pegang Aku karena Aku belum pergi kepada Sang Bapa. Tetapi, pergilah kepada saudara-saudara-Ku dan katakan kepada mereka, ‘Aku akan pergi kepada Bapa-Ku dan Bapamu, yaitu Tuhan-Ku dan Tuhanmu.’”",
Yahya,20,18,Yahya 20:18,"Kemudian, pergilah Maryam orang Magdala itu. Ia memberitahukan para pengikut Isa, “Aku sudah melihat Junjungan!” Lalu, ia menceritakan semua itu kepada mereka.",
Yahya,20,19,Yahya 20:19,"Saat magrib pada hari itu juga, yaitu hari pertama minggu itu, ketika semua pintu di tempat para pengikut Isa berada telah dikunci sebab mereka takut kepada orang-orang Israil, tiba-tiba Isa datang dan berdiri di tengah-tengah mereka. Lalu, sabda-Nya kepada mereka, “Damai bagimu!”",Isa Menampakkan Diri kepada Pengikut-pengikut-Nya
Yahya,20,20,Yahya 20:20,"Setelah Ia bersabda begitu, ditunjukkan-Nya kedua tangan-Nya kepada mereka dan juga lambung-Nya. Pada waktu para pengikut itu melihat Junjungan Yang Ilahi, mereka pun sangat gembira.",
Yahya,20,21,Yahya 20:21,"Kembali Isa bersabda kepada mereka, “Damai bagimu! Sama seperti Sang Bapa mengutus Aku, Aku pun mengutus kamu.”",
Yahya,20,22,Yahya 20:22,"Setelah Ia bersabda begitu, Ia pun menghembus mereka dan bersabda, “Terimalah Ruh Allah Yang Mahasuci.",
Yahya,20,23,Yahya 20:23,"Siapa yang kamu ampuni dosanya, dosanya diampuni, tetapi siapa yang kamu katakan bahwa dosanya tetap, maka dosanya tetap, tidak diampuni.”",
Yahya,20,24,Yahya 20:24,"Tomas, salah satu dari kedua belas pengikut Isa yang juga dipanggil Didimus, tidak bersama mereka ketika Isa menampakkan diri di tengah-tengah mereka.",Isa Menampakkan Diri kepada Tomas
Yahya,20,25,Yahya 20:25,"Maka, para pengikut lainnya berkata kepada Tomas, “Kami telah melihat Junjungan!” Tetapi, ia berkata kepada mereka, “Jika aku belum melihat bekas paku pada tangan-Nya serta mencucukkan jariku ke dalam bekas paku itu, dan mencucukkan tanganku ke lambung-Nya, aku tidak akan percaya.”",
Yahya,20,26,Yahya 20:26,"Selang delapan hari, para pengikut Isa kembali berkumpul dalam rumah itu. Tomas pun ada di antara mereka. Tiba-tiba Isa datang dan berdiri di tengah-tengah mereka, padahal semua pintu dalam keadaan terkunci. Lalu, Ia bersabda, “Damai bagimu!”",
Yahya,20,27,Yahya 20:27,"Setelah itu, Ia bersabda kepada Tomas, “Ulurkanlah jarimu kemari dan lihatlah tangan-Ku. Ulurkanlah juga tanganmu dan cucukkanlah ke lambung-Ku. Jangan tidak percaya, tetapi percayalah!”",
Yahya,20,28,Yahya 20:28,"Jawab Tomas kepada-Nya, “Ya Junjunganku, ya Tuhanku.”",
Yahya,20,29,Yahya 20:29,"Sabda Isa kepadanya, “Engkau percaya karena engkau telah melihat Aku. Berbahagialah mereka yang percaya sekalipun tidak melihat.”",
Yahya,20,30,Yahya 20:30,"Banyak tanda ajaib lainnya yang dilakukan oleh Isa di hadapan para pengikut-Nya, tetapi tidak dituliskan dalam kitab ini.",Maksudnya Injil Ini Dicatat
Yahya,20,31,Yahya 20:31,"Tetapi, semua ini dituliskan supaya kamu percaya bahwa Isa adalah Al-Masih, Sang Anak yang datang dari Allah, dan supaya dengan percaya, kamu memperoleh hidup dalam nama-Nya.",
Yahya,21,1,Yahya 21:1,"Beberapa waktu kemudian, Isa kembali menampakkan diri-Nya kepada para pengikut-Nya di Danau Tiberias. Demikianlah kisah dari penampakan diri-Nya itu:",Isa Menampakkan Diri kepada Pengikut-pengikut-Nya di Pantai Danau Tiberias
Yahya,21,2,Yahya 21:2,"Simon Petrus, Tomas yang disebut Didimus, Natanael dari daerah Kana di wilayah Galilea, anak-anak Zabdi, dan dua pengikut lainnya sedang berkumpul di situ.",
Yahya,21,3,Yahya 21:3,"Lalu, Simon Petrus berkata kepada mereka, “Aku hendak pergi menangkap ikan.” Kata mereka kepadanya, “Kami akan pergi bersamamu.” Maka, pergilah mereka, lalu naik ke perahu. Tetapi, sepanjang malam itu tidak ada satu ekor ikan pun yang dapat mereka tangkap.",
Yahya,21,4,Yahya 21:4,"Ketika hari mulai terang, Isa berdiri di pantai. Namun, para pengikut-Nya tidak tahu bahwa Dia adalah Isa.",
Yahya,21,5,Yahya 21:5,"Lalu, sabda Isa kepada mereka, “Hai anak-anak, apakah kamu mempunyai lauk-pauk?” Jawab mereka, “Tidak ada.”",
Yahya,21,6,Yahya 21:6,"Lalu, sabda Isa kepada mereka, “Tebarkanlah pukatmu di sebelah kanan perahu maka kamu akan mendapatkannya.” Kemudian, mereka menebar pukat itu, lalu tidak dapat menariknya kembali sebab banyak sekali ikan yang terjaring.",
Yahya,21,7,Yahya 21:7,"Pengikut yang dikasihi oleh Isa berkata kepada Petrus, “Itu Junjungan.” Setelah Simon Petrus mendengar bahwa Dia adalah Sang Junjungan, ia mengenakan pakaiannya sebab sebelumnya ia tidak berpakaian, lalu terjun ke dalam air.",
Yahya,21,8,Yahya 21:8,"Para pengikut lainnya pun datang dengan menggunakan perahu kecil sambil menarik pukat yang penuh dengan ikan itu karena mereka tidak begitu jauh dari darat, hanya kira-kira seratus meter saja.",
Yahya,21,9,Yahya 21:9,"Pada waktu mereka naik ke darat, mereka melihat sudah ada api arang, bahkan di atasnya ada ikan dan juga roti.",
Yahya,21,10,Yahya 21:10,"Sabda Isa kepada mereka, “Ambillah ikan-ikan yang kamu tangkap itu.”",
Yahya,21,11,Yahya 21:11,"Maka, pergilah Simon Petrus untuk menarik pukat itu ke darat. Pukat itu penuh dengan ikan yang besar-besar. Ada seratus lima puluh tiga ekor banyaknya. Sekalipun demikian banyak, pukat itu tidak koyak.",
Yahya,21,12,Yahya 21:12,"Lalu, sabda Isa kepada mereka, “Mari, makanlah.” Tidak seorang pun dari antara para pengikut itu berani bertanya, “Siapakah Engkau?” Sebab mereka tahu bahwa Dia adalah Junjungan Yang Ilahi.",
Yahya,21,13,Yahya 21:13,"Isa maju untuk mengambil roti, lalu diberikan-Nya roti itu kepada mereka, begitu juga dengan ikan itu.",
Yahya,21,14,Yahya 21:14,Penampakan Isa di hadapan para pengikut-Nya di danau itu adalah untuk yang ketiga kalinya sesudah Ia bangkit dari antara orang mati.,
Yahya,21,15,Yahya 21:15,"Sesudah mereka makan, Isa bersabda kepada Simon Petrus, “Simon, anak Yahya, apakah engkau mengasihi Aku lebih daripada ini?” Jawab Petrus kepada-Nya, “Ya Junjungan, Engkau tahu bahwa aku mengasihi Engkau.” Sabda Isa kepadanya, “Peliharalah domba-domba-Ku.”",Gembalakanlah Domba-Domba-Ku
Yahya,21,16,Yahya 21:16,"Sabda-Nya lagi untuk kedua kalinya, “Simon, anak Yahya, apakah engkau mengasihi Aku?” Jawab Petrus kepada-Nya, “Ya Junjungan, Engkau tahu bahwa aku mengasihi Engkau.” Lalu, Isa bersabda kepadanya, “Gembalakanlah domba-domba-Ku.”",
Yahya,21,17,Yahya 21:17,"Kemudian, sabda Isa untuk ketiga kalinya, “Simon, anak Yahya, apakah engkau mengasihi Aku?” Petrus pun menjadi sedih sebab untuk yang ketiga kalinya Isa bersabda kepadanya, “Apakah engkau mengasihi Aku?” Jawab Petrus kepada-Nya, “Ya Junjungan, Engkau mengetahui segala sesuatu dan Engkau pun tahu bahwa aku mengasihi Engkau.” Sabda Isa kepadanya, “Peliharalah domba-domba-Ku.",
Yahya,21,18,Yahya 21:18,"Sesungguhnya, Aku berkata kepadamu, sewaktu engkau masih muda, engkau mengikat pinggangmu dan pergi ke mana saja yang kaukehendaki. Tetapi, setelah engkau tua nanti, engkau akan mengulurkan kedua tanganmu, lalu orang lain akan mengikatmu dan membawamu ke tempat yang tidak kaukehendaki.”",
Yahya,21,19,Yahya 21:19,"Isa bersabda begitu untuk menggambarkan bagaimana cara Petrus meninggal demi memuliakan Allah. Setelah itu, Isa bersabda lagi kepada Petrus, “Ikutlah Aku!”",
Yahya,21,20,Yahya 21:20,"Ketika Petrus berpaling, ia melihat bahwa pengikut yang dikasihi Isa juga ikut. Dialah yang duduk dekat Isa pada waktu perjamuan malam dan bertanya, “Ya Junjungan, siapakah yang akan menyerahkan Engkau?”",Pengikut yang Dikasihi Isa
Yahya,21,21,Yahya 21:21,"Sambil memandang pengikut itu, Petrus bertanya kepada Isa, “Ya Junjungan, bagaimana dengan orang itu?”",
Yahya,21,22,Yahya 21:22,"Sabda Isa kepadanya, “Jika Aku menghendaki agar ia tetap hidup sampai Aku datang, apa urusanmu? Sudahlah, ikutlah Aku!”",
Yahya,21,23,Yahya 21:23,"Lalu, tersebarlah kabar di kalangan para pengikut Isa bahwa pengikut itu tidak akan meninggal. Tetapi, Isa tidak menyebutkan bahwa ia tidak akan meninggal, melainkan, “Jika Aku menghendaki agar ia tetap hidup sampai Aku datang, apa urusanmu?”",
Yahya,21,24,Yahya 21:24,Pengikut itulah yang memberi kesaksian tentang semua ini. Ia jugalah yang telah menuliskannya dan kita tahu bahwa kesaksiannya benar.,Kata Penutup
Yahya,21,25,Yahya 21:25,"Masih banyak lagi hal lainnya yang dilakukan oleh Isa, tetapi jika hal-hal itu ditulis satu demi satu, kukira dunia ini tidak akan dapat memuat semua kitab yang harus ditulis itu.",
