Book,Chapter,Verse,Ref,Indonesian,Subheading
Kejadian,1,1,Kejadian 1:1,Pada mulanya Allah menciptakan langit dan bumi.,Allah Menciptakan Langit dan Bumi
Kejadian,1,2,Kejadian 1:2,"Bumi belum berbentuk dan kosong. Kegelapan meliputi permukaan samudera, dan Ruh Allah melayang-layang di atas permukaan air.",
Kejadian,1,3,Kejadian 1:3,"Berfirmanlah Allah, “Jadilah terang.” Lalu, terang pun jadi.",
Kejadian,1,4,Kejadian 1:4,"Allah melihat bahwa terang itu baik, lalu dipisahkan-Nya terang itu dari gelap.",
Kejadian,1,5,Kejadian 1:5,"Allah menamai terang itu “siang” dan gelap itu “malam”. Jadilah petang dan jadilah pagi, itulah hari pertama.",
Kejadian,1,6,Kejadian 1:6,"Berfirmanlah Allah, “Jadilah cakrawala di tengah-tengah segala air, dan hendaklah cakrawala itu memisahkan air dengan air.”",
Kejadian,1,7,Kejadian 1:7,"Maka, Allah menjadikan cakrawala serta memisahkan air yang ada di bawah cakrawala itu dengan air yang ada di atasnya. Lalu, jadilah demikian.",
Kejadian,1,8,Kejadian 1:8,"Allah menamai cakrawala itu “langit”. Jadilah petang dan jadilah pagi, itulah hari kedua.",
Kejadian,1,9,Kejadian 1:9,"Berfirmanlah Allah, “Hendaklah air yang ada di bawah langit berkumpul di suatu tempat, dan hendaklah tampak tempat yang kering.” Lalu, jadilah demikian.",
Kejadian,1,10,Kejadian 1:10,"Allah menamai tempat yang kering itu “tanah”, sedangkan kumpulan air itu dinamai-Nya “laut”. Allah melihat bahwa semua itu baik.",
Kejadian,1,11,Kejadian 1:11,"Berfirmanlah Allah, “Hendaklah tanah menumbuhkan rumput-rumput muda, tumbuh-tumbuhan berbiji, dan berbagai jenis pohon buah-buahan penghasil buah yang berbiji di atas bumi.” Lalu, jadilah demikian.",
Kejadian,1,12,Kejadian 1:12,"Tanah mengeluarkan rumput-rumput muda, berbagai jenis tumbuhan berbiji, dan berbagai jenis pohon buah-buahan penghasil buah yang berbiji. Allah melihat bahwa semua itu baik.",
Kejadian,1,13,Kejadian 1:13,"Jadilah petang dan jadilah pagi, itulah hari ketiga.",
Kejadian,1,14,Kejadian 1:14,"Berfirmanlah Allah, “Jadilah penerang-penerang di langit untuk memisahkan siang dari malam. Hendaklah semua itu menjadi tanda yang menentukan musim, hari, serta tahun,",
Kejadian,1,15,Kejadian 1:15,"dan hendaklah semua itu menjadi penerang di langit untuk menerangi bumi.” Lalu, jadilah demikian.",
Kejadian,1,16,Kejadian 1:16,"Allah menjadikan dua penerang yang besar, yaitu penerang yang lebih besar untuk menguasai siang dan penerang yang lebih kecil untuk menguasai malam. Ia pun membuat bintang-bintang.",
Kejadian,1,17,Kejadian 1:17,"Kemudian, Allah menempatkan semua itu di langit untuk menerangi bumi,",
Kejadian,1,18,Kejadian 1:18,"untuk menguasai siang dan malam, dan untuk memisahkan terang dari gelap. Allah melihat bahwa semua itu baik.",
Kejadian,1,19,Kejadian 1:19,"Jadilah petang dan jadilah pagi, itulah hari keempat.",
Kejadian,1,20,Kejadian 1:20,"Berfirmanlah Allah, “Hendaklah dalam air berkerumun makhluk-makhluk hidup, dan hendaklah burung-burung beterbangan di langit, di atas bumi.”",
Kejadian,1,21,Kejadian 1:21,"Maka, Allah menciptakan makhluk-makhluk laut yang besar dan segala jenis makhluk hidup yang bergerak serta berkerumun dalam air, demikian pula segala jenis burung yang bersayap. Allah melihat bahwa semua itu baik.",
Kejadian,1,22,Kejadian 1:22,"Kemudian, Allah memberkahi semua itu, firman-Nya, “Berkembangbiaklah dan bertambah banyak, serta penuhilah air di laut. Hendaklah burung-burung pun bertambah banyak di bumi.”",
Kejadian,1,23,Kejadian 1:23,"Jadilah petang dan jadilah pagi, itulah hari kelima.",
Kejadian,1,24,Kejadian 1:24,"Berfirmanlah Allah, “Hendaklah bumi mengeluarkan berbagai jenis makhluk hidup, yaitu ternak, binatang melata, dan berbagai jenis binatang liar.” Lalu, jadilah demikian.",
Kejadian,1,25,Kejadian 1:25,"Allah menjadikan berbagai jenis binatang liar, berbagai jenis ternak, dan segala jenis binatang yang melata di bumi, dan Allah melihat bahwa semua itu baik.",
Kejadian,1,26,Kejadian 1:26,"Berfirmanlah Allah, “Kami hendak menjadikan manusia menurut citra Kami sebagai cerminan Kami. Mereka akan berkuasa atas ikan-ikan di laut, atas burung-burung di udara, atas ternak, atas seluruh bumi, dan atas semua binatang melata yang merayap di bumi.”",
Kejadian,1,27,Kejadian 1:27,"Maka, Allah menciptakan manusia menurut citra-Nya. Menurut citra-Nya, Allah menciptakan manusia, laki-laki dan perempuan.",
Kejadian,1,28,Kejadian 1:28,"Allah memberkahi mereka, dan Allah berfirman kepada mereka, “Beranakcuculah dan bertambah banyak. Penuhilah bumi dan taklukkanlah itu. Berkuasalah atas ikan-ikan di laut, atas burung-burung di udara, dan atas semua binatang yang merayap di bumi.”",
Kejadian,1,29,Kejadian 1:29,"Berfirmanlah Allah, “Lihat, Aku memberikan kepadamu segala tumbuhan yang berbiji di seluruh bumi dan segala pohon yang buahnya berbiji. Itulah yang akan menjadi makananmu.",
Kejadian,1,30,Kejadian 1:30,"Sedangkan kepada segala binatang di bumi, segala burung di udara, dan segala binatang yang merayap di bumi, yaitu semua yang bernyawa, Kuberikan segala tumbuhan hijau menjadi makanannya.” Lalu, jadilah demikian.",
Kejadian,1,31,Kejadian 1:31,"Kemudian, Allah melihat segala sesuatu yang telah dijadikan-Nya, dan sungguh, semuanya sangat baik. Jadilah petang dan jadilah pagi, itulah hari keenam.",
Kejadian,2,1,Kejadian 2:1,Demikianlah diselesaikan langit dan bumi serta segala isinya.,Nabi Adam dan Siti Hawa di Taman Firdaus
Kejadian,2,2,Kejadian 2:2,"Pada hari ketujuh Allah telah menyelesaikan pekerjaan yang dilakukan-Nya, dan berhentilah Ia pada hari ketujuh itu dari segala pekerjaan yang dilakukan-Nya.",
Kejadian,2,3,Kejadian 2:3,"Kemudian, Allah memberkahi hari ketujuh itu serta menyucikannya karena pada hari itulah Allah berhenti dari segala pekerjaan penciptaan yang dilakukan-Nya.",
Kejadian,2,4,Kejadian 2:4,"Demikianlah riwayat langit dan bumi pada waktu diciptakan. Ketika ALLAH, Al-Khalik, menjadikan langit dan bumi,",
Kejadian,2,5,Kejadian 2:5,"segala semak padang belum ada di bumi dan segala tanaman padang pun belum tumbuh karena ALLAH, Al-Khalik, belum menurunkan hujan ke atas bumi dan belum ada orang untuk mengerjakan tanah itu.",
Kejadian,2,6,Kejadian 2:6,"Tetapi, ada kabut naik dari bumi membasahi seluruh permukaan tanah.",
Kejadian,2,7,Kejadian 2:7,"Pada waktu itulah ALLAH, Al-Khalik, membentuk manusia dari debu tanah dan mengembuskan napas kehidupan ke dalam hidungnya. Maka, manusia itu menjadi makhluk yang hidup.",
Kejadian,2,8,Kejadian 2:8,"ALLAH, Al-Khalik, membuat Taman Firdaus di Eden, di sebelah timur. Di sanalah Ia menempatkan manusia yang telah dibentuk-Nya itu.",Nabi Adam dan Siti Hawa di Taman Firdaus
Kejadian,2,9,Kejadian 2:9,"Lalu, dari tanah, ALLAH, Al-Khalik, menumbuhkan segala jenis pohon yang menarik untuk dipandang dan yang baik untuk dimakan buahnya, termasuk pula pohon hayat di tengah-tengah taman itu serta pohon pengetahuan tentang yang baik dan yang jahat.",
Kejadian,2,10,Kejadian 2:10,"Dari Eden mengalir sebuah sungai untuk mengairi Taman Firdaus itu, kemudian dari tempat itu sungai terbagi menjadi empat cabang.",
Kejadian,2,11,Kejadian 2:11,"Nama sungai yang pertama ialah Pison. Sungai ini mengalir mengelilingi seluruh Tanah Hawila, tempat emas ada.",
Kejadian,2,12,Kejadian 2:12,Emas dari tanah itu baik mutunya. Di sana pun ada damar dan permata unam.,
Kejadian,2,13,Kejadian 2:13,Nama sungai yang kedua ialah Gihon. Sungai ini mengalir mengelilingi seluruh Tanah Etiopia.,
Kejadian,2,14,Kejadian 2:14,Nama sungai yang ketiga ialah Tigris. Sungai ini mengalir di sebelah timur Asyur. Sungai yang keempat ialah Efrat.,
Kejadian,2,15,Kejadian 2:15,"ALLAH, Al-Khalik, mengambil manusia itu dan menempatkannya dalam Taman Firdaus untuk mengerjakan serta memelihara taman itu.",
Kejadian,2,16,Kejadian 2:16,"Lalu, ALLAH, Al-Khalik, memberi perintah kepada manusia itu, firman-Nya, “Buah dari semua pohon dalam taman ini boleh kaumakan dengan bebas,",
Kejadian,2,17,Kejadian 2:17,"tetapi buah dari pohon pengetahuan tentang yang baik dan yang jahat itu jangan kaumakan karena pada hari engkau memakannya, engkau pasti mati.”",
Kejadian,2,18,Kejadian 2:18,"Kemudian, ALLAH, Al-Khalik, berfirman, “Tidak baik manusia itu seorang diri saja. Aku hendak menjadikan seorang penolong baginya yang sepadan dengannya.”",
Kejadian,2,19,Kejadian 2:19,"Maka, ALLAH, Al-Khalik, yang telah membentuk dari tanah segala binatang di padang dan segala burung di udara, mendatangkan semua itu kepada manusia untuk melihat bagaimana manusia itu menamainya. Apa pun nama yang diberikan manusia itu kepada tiap makhluk hidup, itulah yang menjadi namanya.",
Kejadian,2,20,Kejadian 2:20,"Lalu, manusia itu menamai segala ternak, burung-burung di udara, dan segala binatang di padang. Akan tetapi, bagi dirinya sendiri manusia itu tidak mendapati seorang penolong yang sepadan dengan dirinya.",
Kejadian,2,21,Kejadian 2:21,"Maka, ALLAH, Al-Khalik, membuat manusia itu tertidur lelap. Sementara ia tidur, Allah mengambil sebilah tulang rusuknya, lalu menutupinya dengan daging.",
Kejadian,2,22,Kejadian 2:22,"Dari tulang rusuk yang diambil-Nya dari manusia itu ALLAH, Al-Khalik, membentuk seorang perempuan, lalu membawanya kepada manusia itu.",
Kejadian,2,23,Kejadian 2:23,"Kata manusia itu, “Ini dia! Tulang dari tulangku, dan daging dari dagingku. Ia akan disebut perempuan sebab ia diambil dari laki-laki.”",
Kejadian,2,24,Kejadian 2:24,"Sebab itu, seorang laki-laki akan meninggalkan ayahnya dan ibunya, lalu berpaut dengan istrinya sehingga keduanya menjadi satu.",
Kejadian,2,25,Kejadian 2:25,"Manusia dan istrinya itu keduanya telanjang, tetapi mereka tidak merasa malu.",
Kejadian,3,1,Kejadian 3:1,"Ular adalah binatang yang lebih cerdik daripada segala binatang liar yang dijadikan ALLAH, Al-Khalik. Suatu kali, berkatalah ular kepada perempuan itu, “Sungguhkah Allah berfirman, ‘Jangan kamu makan buah dari pohon apa pun dalam taman ini’?”","Setan Menggoda, Manusia Berdosa"
Kejadian,3,2,Kejadian 3:2,"Kata perempuan itu kepada ular itu, “Buah dari pohon-pohonan dalam taman ini boleh kami makan,",
Kejadian,3,3,Kejadian 3:3,"tetapi tentang buah dari pohon yang di tengah-tengah taman ini, Allah berfirman, ‘Jangan kamu makan buah itu dan jangan kamu sentuh supaya jangan kamu mati.’”",
Kejadian,3,4,Kejadian 3:4,"Lalu, kata ular itu kepada perempuan itu, “Kamu sama sekali tidak akan mati.",
Kejadian,3,5,Kejadian 3:5,"Karena, Allah tahu bahwa pada hari kamu memakannya matamu akan terbuka dan kamu akan menjadi seperti makhluk-makhluk ilahi, tahu tentang yang baik dan yang jahat.”",
Kejadian,3,6,Kejadian 3:6,"Perempuan itu melihat bahwa buah pohon itu baik untuk dimakan dan tampaknya sedap. Lagi pula, pohon itu menarik hati karena mendatangkan kebijaksanaan. Maka, diambilnyalah buah itu, lalu dimakannya. Setelah itu, diberikannya pula kepada suaminya yang sedang bersamanya, dan suaminya pun memakannya.",
Kejadian,3,7,Kejadian 3:7,"Kemudian, terbukalah mata keduanya dan mereka tahu bahwa mereka telanjang. Mereka pun merangkai daun-daun pohon ara untuk dijadikan penutup aurat.",
Kejadian,3,8,Kejadian 3:8,"Ketika mereka mendengar suara ALLAH, Al-Khalik, yang berjalan di taman pada waktu hari sejuk, maka manusia dan istrinya itu menyembunyikan diri dari hadirat ALLAH, Al-Khalik, di antara pohon-pohonan dalam taman.",
Kejadian,3,9,Kejadian 3:9,"Tetapi, ALLAH, Al-Khalik, memanggil manusia itu dan berfirman kepadanya, “Di manakah engkau?”",
Kejadian,3,10,Kejadian 3:10,"Jawabnya, “Ketika aku mendengar suara-Mu di taman ini, aku menjadi takut karena aku telanjang. Sebab itu, aku bersembunyi.”",
Kejadian,3,11,Kejadian 3:11,"Firman-Nya, “Siapakah yang memberitahukan kepadamu bahwa engkau telanjang? Apakah engkau memakan buah dari pohon yang telah Kuperintahkan jangan kaumakan?”",
Kejadian,3,12,Kejadian 3:12,"Jawab manusia itu, “Perempuan yang Kautempatkan untuk mendampingiku itulah yang memberikan kepadaku buah dari pohon itu maka kumakan.”",
Kejadian,3,13,Kejadian 3:13,"Lalu, ALLAH, Al-Khalik, berfirman kepada perempuan itu, “Apa yang kaulakukan ini?” Jawab perempuan itu, “Ular itu menipu aku maka kumakan buah itu.”",
Kejadian,3,14,Kejadian 3:14,"Maka, berfirmanlah ALLAH, Al-Khalik, kepada ular itu, “Karena engkau berbuat demikian, terkutuklah engkau melebihi segala ternak dan binatang liar. Engkau akan menjalar dengan perutmu dan engkau akan makan debu tanah seumur hidupmu.",
Kejadian,3,15,Kejadian 3:15,"Aku akan mengadakan permusuhan antara engkau dan perempuan ini, antara keturunanmu dan keturunannya. Keturunannya akan meremukkan kepalamu, dan engkau akan meremukkan tumitnya.”",
Kejadian,3,16,Kejadian 3:16,"Firman-Nya kepada perempuan itu, “Aku akan memperbanyak susah payahmu pada waktu engkau mengandung. Dengan kesusahan engkau akan melahirkan anak. Meskipun begitu, engkau akan tetap mendambakan suamimu, dan ia akan berkuasa atas engkau.”",
Kejadian,3,17,Kejadian 3:17,"Lalu, firman-Nya kepada Adam, “Karena engkau mendengarkan perkataan istrimu dan memakan buah dari pohon yang telah Kuperintahkan kepadamu, ‘Jangan kaumakan,’ maka terkutuklah tanah karena engkau. Dengan susah payah engkau akan memakan hasilnya, seumur hidupmu.",
Kejadian,3,18,Kejadian 3:18,"Tanah akan menumbuhkan duri dan onak bagimu, dan tumbuh-tumbuhan di padang akan menjadi makananmu.",
Kejadian,3,19,Kejadian 3:19,"Dengan berpeluh engkau akan mendapatkan rezekimu sampai engkau kembali menjadi tanah karena dari situlah engkau diambil. Sebab engkau debu, dan engkau akan kembali menjadi debu.”",
Kejadian,3,20,Kejadian 3:20,Manusia itu menamai istrinya Hawa sebab dialah ibu dari semua yang hidup.,
Kejadian,3,21,Kejadian 3:21,"ALLAH, Al-Khalik, membuat pakaian dari kulit binatang untuk manusia dan istrinya itu, lalu mengenakannya kepada mereka.",
Kejadian,3,22,Kejadian 3:22,"Kemudian, berfirmanlah ALLAH, Al-Khalik, “Sesungguhnya, manusia itu sudah menjadi seperti salah satu dari kita, tahu tentang yang baik dan yang jahat. Maka sekarang, jangan sampai ia mengulurkan tangannya dan mengambil pula buah pohon hayat itu, lalu memakannya sehingga ia hidup untuk selama-lamanya.”",
Kejadian,3,23,Kejadian 3:23,"Sebab itu, ALLAH, Al-Khalik, menyuruhnya keluar dari Taman Firdaus untuk mengerjakan tanah, tempat asal ia diambil.",
Kejadian,3,24,Kejadian 3:24,"Ia menghalau manusia itu keluar, lalu di sebelah timur Taman Firdaus ditempatkan-Nya dua malaikat kerub serta sebilah pedang yang bernyala-nyala dan berputar ke segala arah untuk menjaga jalan menuju pohon hayat itu.",
Kejadian,4,1,Kejadian 4:1,"Manusia itu menggauli Hawa, istrinya, lalu mengandunglah perempuan itu dan melahirkan Kabil. Katanya, “Aku telah memperoleh seorang anak laki-laki dengan pertolongan ALLAH.”",Kabil dan Habil
Kejadian,4,2,Kejadian 4:2,"Sesudah itu, ia melahirkan pula Habil, adik Kabil. Habil menjadi seorang gembala dari kawanan kambing domba, dan Kabil menjadi seorang petani.",
Kejadian,4,3,Kejadian 4:3,"Beberapa waktu kemudian, Kabil membawa sebagian hasil tanahnya sebagai persembahan kepada ALLAH.",
Kejadian,4,4,Kejadian 4:4,"Habil pun membawa beberapa anak sulung dari kawanan kambing dombanya beserta lemak-lemaknya. ALLAH berkenan kepada Habil dan persembahannya,",
Kejadian,4,5,Kejadian 4:5,"tetapi kepada Kabil dan persembahannya Ia tidak berkenan. Lalu, Kabil menjadi sangat marah dan mukanya masam.",
Kejadian,4,6,Kejadian 4:6,"Berfirmanlah ALLAH kepada Kabil, “Mengapa engkau marah, dan mengapa mukamu masam?",
Kejadian,4,7,Kejadian 4:7,"Jika engkau berbuat baik, bukankah engkau akan diterima? Tetapi, jika engkau tidak berbuat baik, dosa sudah mengintai di depan pintu. Ia menghasratkan engkau, tetapi engkau harus menguasainya.”",
Kejadian,4,8,Kejadian 4:8,"Namun, Kabil berkata kepada Habil, adiknya, “Mari kita pergi ke padang.” Pada saat keduanya ada di padang, tiba-tiba Kabil menyerang Habil, adiknya, lalu membunuhnya.",
Kejadian,4,9,Kejadian 4:9,"Maka, berfirmanlah ALLAH kepada Kabil, “Di manakah Habil, adikmu itu?” Jawabnya, “Aku tidak tahu! Apakah aku ini penjaga adikku?”",
Kejadian,4,10,Kejadian 4:10,"Firman-Nya, “Apa yang telah kaulakukan? Darah adikmu itu berseru kepada-Ku dari tanah!",
Kejadian,4,11,Kejadian 4:11,"Sekarang, terkutuklah engkau, terbuang jauh dari tanah yang telah membuka mulutnya untuk menerima darah adikmu itu dari tanganmu.",
Kejadian,4,12,Kejadian 4:12,"Apabila engkau mengerjakan tanah itu, maka tanah itu tidak akan lagi memberikan hasil sepenuhnya kepadamu. Engkau akan menjadi seorang pengembara dan pelarian di bumi.”",
Kejadian,4,13,Kejadian 4:13,"Kata Kabil kepada ALLAH, “Hukumanku itu lebih berat daripada yang dapat kutanggung.",
Kejadian,4,14,Kejadian 4:14,"Sesungguhnya, hari ini Engkau menghalau aku dari tanah ini. Aku akan tersembunyi dari hadirat-Mu dan akan menjadi seorang pengembara serta pelarian di bumi. Nanti, siapa pun yang bertemu dengan aku pasti akan membunuhku.”",
Kejadian,4,15,Kejadian 4:15,"Firman ALLAH kepadanya, “Tidak demikian! Siapa pun yang membunuh Kabil, akan dibalaskan kepadanya tujuh kali lipat.” Lalu, ALLAH menaruh suatu tanda pada Kabil supaya ia tidak dibunuh oleh siapa pun yang bertemu dengannya.",
Kejadian,4,16,Kejadian 4:16,"Maka, pergilah Kabil dari hadirat ALLAH, lalu tinggal di Tanah Nod, di sebelah timur Taman Firdaus.",
Kejadian,4,17,Kejadian 4:17,"Kabil menggauli istrinya, lalu mengandunglah perempuan itu dan melahirkan Henokh. Kemudian, Kabil membangun sebuah kota dan menamainya Henokh menurut nama anaknya.",Keturunan Kabil
Kejadian,4,18,Kejadian 4:18,"Henokh mempunyai anak, Irad; kemudian berikutnya turun-temurun adalah Mehuyael, Metusael, Lamekh.",
Kejadian,4,19,Kejadian 4:19,"Lamekh memperistri dua orang perempuan. Nama yang seorang ialah Ada, dan nama yang lainnya ialah Zila.",
Kejadian,4,20,Kejadian 4:20,Ada melahirkan Yabal. Ia adalah bapak dari orang-orang yang tinggal dalam kemah dan yang memelihara ternak.,
Kejadian,4,21,Kejadian 4:21,Nama adik Yabal ialah Yubal. Ia adalah bapak dari semua orang yang memainkan kecapi dan seruling.,
Kejadian,4,22,Kejadian 4:22,"Zila juga melahirkan anak, yaitu Tubal-Kain. Ia seorang tukang yang menempa segala perkakas dari tembaga dan besi. Adik perempuan Tubal-Kain ialah Naama.",
Kejadian,4,23,Kejadian 4:23,"Berkatalah Lamekh kepada istri-istrinya, “Ada dan Zila, dengarkanlah perkataanku; hai istri-istri Lamekh, perhatikanlah penuturanku. Aku telah membunuh seorang laki-laki sebab ia melukai aku, seorang pemuda sebab ia mencederai aku.",
Kejadian,4,24,Kejadian 4:24,"Apabila Kabil harus dibalaskan tujuh kali lipat, maka Lamekh haruslah tujuh puluh tujuh kali lipat.”",
Kejadian,4,25,Kejadian 4:25,"Adam menggauli istrinya lagi, lalu perempuan itu melahirkan seorang anak laki-laki dan menamainya Set sebab katanya, “Allah telah mengaruniakan kepadaku keturunan yang lain sebagai ganti Habil sebab Kabil telah membunuhnya.”",Keturunan Adam Selanjutnya
Kejadian,4,26,Kejadian 4:26,"Kemudian, bagi Set pun lahirlah seorang anak laki-laki dan ia menamainya Enos. Pada waktu itulah orang mulai menyerukan nama ALLAH.",
Kejadian,5,1,Kejadian 5:1,"Inilah daftar keturunan Adam. Pada waktu Allah menciptakan manusia, Ia menjadikannya sebagai cerminan Allah. 2 Laki-laki dan perempuan, diciptakan-Nya mereka. Ia memberkahi mereka dan menamai mereka “manusia” pada waktu mereka diciptakan. 3 Setelah Adam hidup 130 tahun, lahirlah baginya seorang anak yang mirip dan serupa dengannya. Dinamainya anak itu Set. 4 Adam hidup 800 tahun lagi setelah ia dikaruniai Set, dan ia masih dikaruniai pula anak-anak lelaki serta perempuan. 5 Jadi, Adam mencapai umur 930 tahun, lalu ia meninggal. 6 Setelah Set hidup 105 tahun, lahirlah baginya Enos. 7 Set hidup 807 tahun lagi setelah ia dikaruniai Enos, dan ia masih dikaruniai pula anak-anak lelaki dan perempuan. 8 Jadi, Set mencapai umur 912 tahun, lalu ia meninggal. 9 Setelah Enos hidup 90 tahun, lahirlah baginya Kenan. 10 Enos hidup 815 tahun lagi setelah ia dikaruniai Kenan, dan ia masih dikaruniai pula anak-anak lelaki dan perempuan. 11 Jadi, Enos mencapai umur 905 tahun, lalu ia meninggal. 12 Setelah Kenan hidup 70 tahun, lahirlah baginya Mahalaleel. 13 Kenan hidup 840 tahun lagi setelah ia dikaruniai Mahalaleel, dan ia masih dikaruniai pula anak-anak lelaki dan perempuan. 14 Jadi, Kenan mencapai umur 910 tahun, lalu ia meninggal. 15 Setelah Mahalaleel hidup 65 tahun, lahirlah baginya Yared. 16 Mahalaleel hidup 830 tahun lagi setelah ia dikaruniai Yared, dan ia masih dikaruniai pula anak-anak lelaki dan perempuan. 17 Jadi, Mahalaleel mencapai umur 895 tahun, lalu ia meninggal. 18 Setelah Yared hidup 162 tahun, lahirlah baginya Idris. 19 Yared hidup 800 tahun lagi setelah ia dikaruniai Idris, dan ia masih dikaruniai pula anak-anak lelaki dan perempuan. 20 Jadi, Yared mencapai umur 962 tahun, lalu ia meninggal. 21 Setelah Idris hidup 65 tahun, lahirlah baginya Metusalah. 22 Idris hidup dalam hubungan yang akrab dengan Allah selama 300 tahun setelah ia dikaruniai Metusalah, dan ia masih dikaruniai pula anak-anak lelaki dan perempuan. 23 Jadi, Idris mencapai umur 365 tahun. 24 Idris hidup dalam hubungan yang akrab dengan Allah, lalu ia tak ditemukan lagi karena Allah mengangkatnya. 25 Setelah Metusalah hidup 187 tahun, lahirlah baginya Lamekh. 26 Metusalah hidup 782 tahun lagi setelah ia dikaruniai Lamekh, dan ia masih dikaruniai pula anak-anak lelaki dan perempuan. 27 Jadi, Metusalah mencapai umur 969 tahun, lalu ia meninggal. 28 Setelah Lamekh hidup 182 tahun, lahirlah baginya seorang anak laki-laki. 29 Ia menamainya Nuh, katanya, “Anak ini akan memberi penghiburan kepada kita dalam pekerjaan serta jerih lelah tangan kita akibat tanah yang telah dikutuk ALLAH.” 30 Lamekh hidup 595 tahun lagi setelah ia dikaruniai Nuh, dan ia masih dikaruniai pula anak-anak lelaki dan perempuan. 31 Jadi, Lamekh mencapai umur 777 tahun, lalu ia meninggal. 32 Setelah Nuh berumur 500 tahun, lahirlah baginya Sem, Ham, dan Yafet. << Kejadian 5 >>",
Kejadian,5,2,Kejadian 5:2,"Laki-laki dan perempuan, diciptakan-Nya mereka. Ia memberkahi mereka dan menamai mereka “manusia” pada waktu mereka diciptakan.",
Kejadian,5,3,Kejadian 5:3,"Setelah Adam hidup 130 tahun, lahirlah baginya seorang anak yang mirip dan serupa dengannya. Dinamainya anak itu Set.",
Kejadian,5,4,Kejadian 5:4,"Adam hidup 800 tahun lagi setelah ia dikaruniai Set, dan ia masih dikaruniai pula anak-anak lelaki serta perempuan.",
Kejadian,5,5,Kejadian 5:5,"Jadi, Adam mencapai umur 930 tahun, lalu ia meninggal.",
Kejadian,5,6,Kejadian 5:6,"Setelah Set hidup 105 tahun, lahirlah baginya Enos.",
Kejadian,5,7,Kejadian 5:7,"Set hidup 807 tahun lagi setelah ia dikaruniai Enos, dan ia masih dikaruniai pula anak-anak lelaki dan perempuan.",
Kejadian,5,8,Kejadian 5:8,"Jadi, Set mencapai umur 912 tahun, lalu ia meninggal.",
Kejadian,5,9,Kejadian 5:9,"Setelah Enos hidup 90 tahun, lahirlah baginya Kenan.",
Kejadian,5,10,Kejadian 5:10,"Enos hidup 815 tahun lagi setelah ia dikaruniai Kenan, dan ia masih dikaruniai pula anak-anak lelaki dan perempuan.",
Kejadian,5,11,Kejadian 5:11,"Jadi, Enos mencapai umur 905 tahun, lalu ia meninggal.",
Kejadian,5,12,Kejadian 5:12,"Setelah Kenan hidup 70 tahun, lahirlah baginya Mahalaleel.",
Kejadian,5,13,Kejadian 5:13,"Kenan hidup 840 tahun lagi setelah ia dikaruniai Mahalaleel, dan ia masih dikaruniai pula anak-anak lelaki dan perempuan.",
Kejadian,5,14,Kejadian 5:14,"Jadi, Kenan mencapai umur 910 tahun, lalu ia meninggal.",
Kejadian,5,15,Kejadian 5:15,"Setelah Mahalaleel hidup 65 tahun, lahirlah baginya Yared.",
Kejadian,5,16,Kejadian 5:16,"Mahalaleel hidup 830 tahun lagi setelah ia dikaruniai Yared, dan ia masih dikaruniai pula anak-anak lelaki dan perempuan.",
Kejadian,5,17,Kejadian 5:17,"Jadi, Mahalaleel mencapai umur 895 tahun, lalu ia meninggal.",
Kejadian,5,18,Kejadian 5:18,"Setelah Yared hidup 162 tahun, lahirlah baginya Idris.",
Kejadian,5,19,Kejadian 5:19,"Yared hidup 800 tahun lagi setelah ia dikaruniai Idris, dan ia masih dikaruniai pula anak-anak lelaki dan perempuan.",
Kejadian,5,20,Kejadian 5:20,"Jadi, Yared mencapai umur 962 tahun, lalu ia meninggal.",
Kejadian,5,21,Kejadian 5:21,"Setelah Idris hidup 65 tahun, lahirlah baginya Metusalah.",
Kejadian,5,22,Kejadian 5:22,"Idris hidup dalam hubungan yang akrab dengan Allah selama 300 tahun setelah ia dikaruniai Metusalah, dan ia masih dikaruniai pula anak-anak lelaki dan perempuan.",
Kejadian,5,23,Kejadian 5:23,"Jadi, Idris mencapai umur 365 tahun.",
Kejadian,5,24,Kejadian 5:24,"Idris hidup dalam hubungan yang akrab dengan Allah, lalu ia tak ditemukan lagi karena Allah mengangkatnya.",
Kejadian,5,25,Kejadian 5:25,"Setelah Metusalah hidup 187 tahun, lahirlah baginya Lamekh.",
Kejadian,5,26,Kejadian 5:26,"Metusalah hidup 782 tahun lagi setelah ia dikaruniai Lamekh, dan ia masih dikaruniai pula anak-anak lelaki dan perempuan.",
Kejadian,5,27,Kejadian 5:27,"Jadi, Metusalah mencapai umur 969 tahun, lalu ia meninggal.",
Kejadian,5,28,Kejadian 5:28,"Setelah Lamekh hidup 182 tahun, lahirlah baginya seorang anak laki-laki.",
Kejadian,5,29,Kejadian 5:29,"Ia menamainya Nuh, katanya, “Anak ini akan memberi penghiburan kepada kita dalam pekerjaan serta jerih lelah tangan kita akibat tanah yang telah dikutuk ALLAH.”",
Kejadian,5,30,Kejadian 5:30,"Lamekh hidup 595 tahun lagi setelah ia dikaruniai Nuh, dan ia masih dikaruniai pula anak-anak lelaki dan perempuan.",
Kejadian,5,31,Kejadian 5:31,"Jadi, Lamekh mencapai umur 777 tahun, lalu ia meninggal.",
Kejadian,5,32,Kejadian 5:32,"Setelah Nuh berumur 500 tahun, lahirlah baginya Sem, Ham, dan Yafet.",
Kejadian,6,1,Kejadian 6:1,"Ketika manusia mulai bertambah banyak di muka bumi, dan bagi mereka lahir anak-anak perempuan,",Kebobrokan Manusia
Kejadian,6,2,Kejadian 6:2,"makhluk-makhluk ilahi melihat bahwa anak-anak perempuan manusia itu elok-elok parasnya. Lalu, mereka memperistri perempuan-perempuan itu, siapa saja yang mereka sukai.",
Kejadian,6,3,Kejadian 6:3,"Kemudian, ALLAH berfirman, “Ruh-Ku tidak akan menyertai manusia untuk seterusnya karena manusia itu fana adanya; umur mereka akan seratus dua puluh tahun.”",
Kejadian,6,4,Kejadian 6:4,"Pada zaman itu ada orang Nefilim di bumi, dan juga pada zaman sesudahnya, yaitu ketika makhluk-makhluk ilahi bercampur dengan anak-anak perempuan manusia dan perempuan-perempuan itu melahirkan anak-anak bagi mereka. Inilah para kesatria di zaman purba, orang-orang yang termasyhur namanya.",
Kejadian,6,5,Kejadian 6:5,"ALLAH melihat bahwa kejahatan manusia besar di bumi, dan bahwa segala angan-angan dan maksud hatinya hanyalah kejahatan senantiasa.",
Kejadian,6,6,Kejadian 6:6,"Maka, masygullah hati ALLAH karena Ia telah menjadikan manusia di bumi, dan hal itu mendukakan hati-Nya.",
Kejadian,6,7,Kejadian 6:7,"Berfirmanlah ALLAH, “Aku akan menghapuskan manusia yang telah Kuciptakan itu dari muka bumi—manusia, juga hewan, binatang melata, dan burung-burung di udara—sebab hati-Ku masygul bahwa Aku telah menjadikan mereka.”",
Kejadian,6,8,Kejadian 6:8,"Tetapi, Nuh mendapat rahmat dalam pandangan ALLAH.",
Kejadian,6,9,Kejadian 6:9,"Inilah riwayat Nuh, seorang yang benar dan tak bercela di antara orang-orang sezamannya. Nuh hidup dalam hubungan yang akrab dengan Allah.","Nabi Nuh Membuat Sebuah Bahtera, yaitu Kapal Besar"
Kejadian,6,10,Kejadian 6:10,"Ia dikaruniai tiga orang anak laki-laki, yaitu Sem, Ham, dan Yafet.",
Kejadian,6,11,Kejadian 6:11,"Sementara itu, bumi sudah bobrok di hadapan Allah dan penuh dengan kekerasan.",
Kejadian,6,12,Kejadian 6:12,"Allah mengamati bumi, dan sungguh, betapa bobroknya! Semua manusia hidup dalam kebobrokan di bumi.",
Kejadian,6,13,Kejadian 6:13,"Maka, berfirmanlah Allah kepada Nuh, “Aku telah menetapkan untuk menyudahi hidup semua manusia sebab bumi ini penuh dengan kekerasan karena mereka. Sesungguhnya, Aku akan memusnahkan mereka bersama-sama dengan bumi.",
Kejadian,6,14,Kejadian 6:14,"Buatlah bagimu sebuah bahtera dari kayu gofir. Dalam bahtera itu buatlah kamar-kamar dan lapisilah dengan ter, baik dari dalam maupun dari luar.",
Kejadian,6,15,Kejadian 6:15,"Beginilah harus kaubuat bahtera itu: 300 hasta panjangnya, 50 hasta lebarnya, dan 30 hasta tingginya.",
Kejadian,6,16,Kejadian 6:16,"Buatlah lubang cahaya pada bahtera itu dengan menyelesaikan bahtera sampai sehasta dari atas. Pasanglah pintu bahtera itu pada lambungnya. Buatlah bahtera itu bertingkat bawah, tengah, dan atas.",
Kejadian,6,17,Kejadian 6:17,"Ketahuilah, Aku akan mendatangkan air bah ke atas bumi untuk memusnahkan semua makhluk yang bernyawa di bawah langit. Semua yang ada di bumi akan mati.",
Kejadian,6,18,Kejadian 6:18,"Akan tetapi, dengan engkau Aku akan menetapkan perjanjian-Ku. Engkau beserta anak-anakmu, istrimu, dan istri anak-anakmu akan masuk ke dalam bahtera itu.",
Kejadian,6,19,Kejadian 6:19,"Dari segala yang hidup, yaitu segala makhluk, haruslah kaubawa masuk ke dalam bahtera satu pasang, yaitu jantan dan betina, supaya mereka dapat tetap hidup bersama-sama dengan engkau.",
Kejadian,6,20,Kejadian 6:20,"Satu pasang dari berbagai jenis burung, berbagai jenis hewan, dan segala jenis binatang melata di bumi akan datang kepadamu supaya mereka dapat tetap hidup.",
Kejadian,6,21,Kejadian 6:21,Engkau pun harus mengumpulkan segala bahan yang dapat dimakan dan menyimpannya. Itulah yang akan menjadi makanan bagimu dan bagi mereka.”,
Kejadian,6,22,Kejadian 6:22,"Nuh melaksanakan semua itu. Sesuai dengan semua yang diperintahkan Allah kepadanya, demikianlah dilakukannya.",
Kejadian,7,1,Kejadian 7:1,"ALLAH berfirman kepada Nuh, “Masuklah engkau dan seluruh keluargamu ke dalam bahtera karena engkaulah yang Kulihat benar di antara orang-orang zaman ini.",Air Bah
Kejadian,7,2,Kejadian 7:2,"Dari semua binatang yang halal ambillah tujuh pasang, jantan dan betina, sedangkan dari binatang yang tidak halal satu pasang, jantan dan betina.",
Kejadian,7,3,Kejadian 7:3,"Juga dari burung-burung yang di udara ambillah tujuh pasang, jantan dan betina, supaya keturunan mereka dapat tetap hidup di seluruh muka bumi.",
Kejadian,7,4,Kejadian 7:4,"Karena tujuh hari lagi Aku akan menurunkan hujan ke atas bumi ini empat puluh hari empat puluh malam lamanya, dan segala makhluk yang telah Kujadikan itu akan Kuhapuskan dari muka bumi.”",
Kejadian,7,5,Kejadian 7:5,"Lalu, Nuh melaksanakan semua yang diperintahkan ALLAH kepadanya.",
Kejadian,7,6,Kejadian 7:6,"Nuh berumur enam ratus tahun pada waktu air bah datang melanda bumi,",
Kejadian,7,7,Kejadian 7:7,"dan untuk menyelamatkan diri dari air bah, masuklah Nuh bersama anak-anaknya, istrinya, serta istri anak-anaknya ke dalam bahtera itu.",
Kejadian,7,8,Kejadian 7:8,"Dari binatang-binatang yang halal dan yang tidak halal, burung-burung, serta segala yang merayap di bumi,",
Kejadian,7,9,Kejadian 7:9,"datanglah sepasang-sepasang kepada Nuh di dalam bahtera, jantan dan betina, seperti yang diperintahkan Allah kepada Nuh.",
Kejadian,7,10,Kejadian 7:10,"Setelah tujuh hari, datanglah air bah melanda bumi.",
Kejadian,7,11,Kejadian 7:11,"Pada tahun keenam ratus kehidupan Nuh, di hari ketujuh belas, bulan kedua, terpancarlah semua mata air samudera raya, dan pintu-pintu air di langit pun terbuka.",
Kejadian,7,12,Kejadian 7:12,Hujan turun ke atas bumi empat puluh hari empat puluh malam lamanya.,
Kejadian,7,13,Kejadian 7:13,"Pada hari itu juga Nuh beserta anak-anaknya, yaitu Sem, Ham, dan Yafet, juga istrinya dan ketiga istri anak-anaknya, masuk ke dalam bahtera.",
Kejadian,7,14,Kejadian 7:14,"Mereka diiringi oleh segala jenis binatang liar, segala jenis ternak, segala jenis binatang melata yang merayap di bumi, dan segala jenis burung, yaitu segala unggas yang bersayap.",
Kejadian,7,15,Kejadian 7:15,"Semuanya datang kepada Nuh dan masuk ke dalam bahtera, sepasang-sepasang dari segala makhluk hidup yang bernyawa.",
Kejadian,7,16,Kejadian 7:16,"Semua yang datang dan masuk adalah yang jantan dan betina dari segala makhluk, seperti diperintahkan Allah kepada Nuh. Kemudian, ALLAH menutup pintu bahtera itu setelah Nuh masuk.",
Kejadian,7,17,Kejadian 7:17,Empat puluh hari lamanya air bah melanda bumi. Air itu terus bertambah-tambah hingga mengangkat bahtera itu tinggi mengambang di atas bumi.,
Kejadian,7,18,Kejadian 7:18,"Air semakin tinggi dan bertambah banyak di atas bumi, dan bahtera itu pun terapung-apung di permukaan air.",
Kejadian,7,19,Kejadian 7:19,"Karena air bertambah dengan sangat dahsyatnya di atas bumi, semua gunung tinggi yang ada di seluruh kolong langit pun tertutup.",
Kejadian,7,20,Kejadian 7:20,Air itu terus bertambah tinggi hingga gunung-gunung pun tertutupi lima belas hasta di atasnya.,
Kejadian,7,21,Kejadian 7:21,"Maka, musnahlah semua makhluk yang bergerak di bumi—burung-burung, ternak, binatang liar, segala kerumunan binatang kecil di bumi, serta semua manusia.",
Kejadian,7,22,Kejadian 7:22,"Semua yang ada di darat, yaitu semua yang mempunyai napas kehidupan dalam hidungnya, mati.",
Kejadian,7,23,Kejadian 7:23,"Demikianlah dihapuskan segala makhluk hidup yang ada di muka bumi, baik manusia, hewan, binatang melata, maupun burung-burung di udara; semuanya dihapuskan dari atas bumi. Hanya Nuh yang tinggal hidup dengan semua yang ada bersamanya dalam bahtera itu.",
Kejadian,7,24,Kejadian 7:24,Air itu pun merajalela di atas bumi seratus lima puluh hari lamanya.,
Kejadian,8,1,Kejadian 8:1,"Allah memperhatikan Nuh serta segala binatang liar dan segala ternak yang ada bersamanya dalam bahtera itu. Lalu, Allah membuat angin bertiup melintasi bumi sehingga air mulai surut.",Air Bah Surut
Kejadian,8,2,Kejadian 8:2,"Mata-mata air samudera dan pintu-pintu air di langit tertutup, dan hujan yang turun dari langit pun terhenti.",
Kejadian,8,3,Kejadian 8:3,"Air berangsur-angsur surut dari atas bumi, dan setelah seratus lima puluh hari air itu pun berkurang.",
Kejadian,8,4,Kejadian 8:4,Pada hari ketujuh belas di bulan ketujuh terkandaslah bahtera itu di Pegunungan Ararat.,
Kejadian,8,5,Kejadian 8:5,"Sementara itu, sampai bulan kesepuluh air terus berkurang, lalu pada hari pertama di bulan kesepuluh itu kelihatanlah puncak-puncak gunung.",
Kejadian,8,6,Kejadian 8:6,"Empat puluh hari kemudian, Nuh membuka jendela bahtera yang dibuatnya,",
Kejadian,8,7,Kejadian 8:7,lalu dilepasnya seekor burung gagak. Burung itu datang dan pergi hingga air mengering dari atas bumi.,
Kejadian,8,8,Kejadian 8:8,"Kemudian, dilepasnya seekor burung merpati untuk melihat kalau-kalau air sudah surut dari atas muka bumi.",
Kejadian,8,9,Kejadian 8:9,"Akan tetapi, burung merpati itu tidak mendapati tempat untuk hinggap karena air masih meliputi seluruh permukaan bumi. Maka, kembalilah ia ke bahtera mendapatkan Nuh. Nuh pun mengulurkan tangannya, mengambil burung itu, dan membawanya masuk ke dalam bahtera.",
Kejadian,8,10,Kejadian 8:10,"Ia menunggu tujuh hari lagi, lalu dilepasnya lagi burung merpati itu dari bahtera.",
Kejadian,8,11,Kejadian 8:11,"Saat burung merpati itu pulang mendapatkan Nuh pada petang harinya, tampak sehelai daun zaitun yang baru dipetik ada di paruhnya. Maka, tahulah Nuh bahwa air telah surut dari bumi.",
Kejadian,8,12,Kejadian 8:12,"Ia menunggu tujuh hari lagi, lalu dilepasnya lagi burung merpati itu, dan kali ini burung itu tidak kembali lagi kepadanya.",
Kejadian,8,13,Kejadian 8:13,"Pada tahun keenam ratus satu, di hari pertama dalam bulan pertama, air sudah surut dari atas bumi. Ketika Nuh membuka atap bahtera itu dan mengamati, tampak permukaan tanah sudah kering.",
Kejadian,8,14,Kejadian 8:14,"Kemudian, pada hari kedua puluh tujuh di bulan kedua, bumi telah benar-benar kering.",
Kejadian,8,15,Kejadian 8:15,"Berfirmanlah Allah kepada Nuh,",
Kejadian,8,16,Kejadian 8:16,"“Keluarlah dari bahtera itu, engkau beserta istrimu, anak-anakmu, dan istri anak-anakmu.",
Kejadian,8,17,Kejadian 8:17,"Bawalah keluar segala makhluk bernyawa yang ada bersamamu, yaitu burung-burung, hewan, dan segala binatang melata yang merayap di bumi. Biarkan mereka memenuhi bumi, berkembang biak, dan bertambah banyak di atas bumi.”",
Kejadian,8,18,Kejadian 8:18,"Maka, keluarlah Nuh beserta anak-anaknya, istrinya, dan istri anak-anaknya.",
Kejadian,8,19,Kejadian 8:19,"Segala binatang liar, segala binatang melata, segala burung, yaitu semua yang bergerak di bumi, keluar pula dari bahtera itu menurut jenisnya.",
Kejadian,8,20,Kejadian 8:20,"Kemudian, Nuh membangun sebuah mazbah, yaitu tempat pembakaran kurban, bagi ALLAH. Diambilnya beberapa ekor dari setiap binatang yang halal dan dari setiap burung yang halal, lalu dipersembahkannya kurban bakaran di atas mazbah itu.",
Kejadian,8,21,Kejadian 8:21,"ALLAH menerima persembahan yang harum aromanya itu. Kemudian, berfirmanlah ALLAH dalam hati-Nya, “Aku tidak akan lagi mengutuk bumi ini karena manusia sekalipun niat hati manusia itu jahat sejak kecilnya. Aku tidak akan lagi membinasakan segala yang hidup seperti yang telah Kulakukan.",
Kejadian,8,22,Kejadian 8:22,"Selama bumi masih ada, tak akan putus-putusnya musim menabur dan musim menuai, dingin dan panas, musim kemarau dan musim hujan, siang dan malam.”",
Kejadian,9,1,Kejadian 9:1,"Lalu, Allah memberkahi Nuh serta anak-anaknya dan berfirman kepada mereka, “Beranakcuculah, bertambah banyaklah, dan penuhilah bumi.",Perjanjian Allah dengan Nabi Nuh
Kejadian,9,2,Kejadian 9:2,"Rasa takut dan gentar terhadap kamu akan melanda segala binatang di bumi, segala burung di udara, segala yang merayap di tanah, dan segala ikan di laut. Semua itu Kuserahkan ke dalam tanganmu.",
Kejadian,9,3,Kejadian 9:3,"Segala yang bergerak, yaitu yang hidup, akan menjadi makananmu. Semua itu Kukaruniakan kepadamu, sama halnya seperti tumbuh-tumbuhan hijau.",
Kejadian,9,4,Kejadian 9:4,"Akan tetapi, daging yang masih ada nyawanya, yaitu darahnya, jangan kamu makan.",
Kejadian,9,5,Kejadian 9:5,"Atas darahmu, yaitu nyawamu, tentu Aku akan menuntut balas. Aku akan menuntut balas dari setiap binatang, dan juga manusia. Aku akan menuntut balas atas nyawa manusia dari tangan sesamanya.",
Kejadian,9,6,Kejadian 9:6,"Siapa menumpahkan darah manusia, darahnya akan ditumpahkan oleh manusia karena Allah telah menjadikan manusia menurut citra-Nya.",
Kejadian,9,7,Kejadian 9:7,"Tetapi, kamu, beranakcuculah dan bertambah banyaklah. Penuhilah bumi dan bertambah banyaklah di atasnya.”",
Kejadian,9,8,Kejadian 9:8,"Lalu, Allah berfirman lagi kepada Nuh dan kepada anak-anaknya yang ada bersamanya,",
Kejadian,9,9,Kejadian 9:9,"“Sesungguhnya, Aku menetapkan perjanjian-Ku dengan kamu dan keturunanmu kelak,",
Kejadian,9,10,Kejadian 9:10,"dengan segala makhluk bernyawa yang ada bersamamu—burung-burung, ternak, dan segala binatang liar yang ada bersamamu—semua yang keluar dari bahtera, yaitu segala binatang di bumi.",
Kejadian,9,11,Kejadian 9:11,"Aku menetapkan perjanjian-Ku dengan kamu: Tidak akan pernah lagi segala makhluk dilenyapkan oleh air bah, dan tidak akan pernah lagi ada air bah untuk memusnahkan bumi.”",
Kejadian,9,12,Kejadian 9:12,"Allah pun berfirman, “Inilah tanda perjanjian yang Kuadakan antara Aku dengan kamu dan dengan segala makhluk hidup yang ada bersamamu, turun-temurun, untuk selama-lamanya:",
Kejadian,9,13,Kejadian 9:13,"Busur pelangi-Ku Kutempatkan di awan-awan, dan itulah yang akan menjadi tanda perjanjian antara Aku dengan bumi.",
Kejadian,9,14,Kejadian 9:14,"Apabila Aku mendatangkan awan-awan ke atas bumi dan busur pelangi itu terlihat di awan-awan,",
Kejadian,9,15,Kejadian 9:15,"maka Aku akan mengingat perjanjian-Ku yang ada di antara Aku dengan kamu dan dengan segala makhluk hidup, segala yang bernyawa. Tidak akan pernah lagi air menjadi air bah untuk memusnahkan segala makhluk.",
Kejadian,9,16,Kejadian 9:16,"Apabila busur pelangi itu ada di awan-awan, maka Aku akan melihatnya dan mengingat perjanjian kekal antara Allah dengan segala yang bernyawa, yaitu segala makhluk yang ada di bumi.”",
Kejadian,9,17,Kejadian 9:17,"Kemudian, Allah berfirman kepada Nuh, “Inilah tanda perjanjian yang telah Kutetapkan antara Aku dengan segala makhluk yang ada di bumi.”",
Kejadian,9,18,Kejadian 9:18,"Anak-anak Nuh yang keluar dari bahtera ialah Sem, Ham, dan Yafet. Ham adalah ayah Kanaan.",Nabi Nuh dan Anak-anaknya
Kejadian,9,19,Kejadian 9:19,"Ketiga orang ini adalah anak-anak Nuh, dan dari mereka inilah penduduk seluruh bumi tersebar.",
Kejadian,9,20,Kejadian 9:20,"Nuh menjadi petani, dan dialah yang mula-mula membuat kebun anggur.",
Kejadian,9,21,Kejadian 9:21,"Suatu kali setelah ia minum-minum anggur, mabuklah ia dan berbaring telanjang di dalam kemahnya.",
Kejadian,9,22,Kejadian 9:22,"Ham, ayah Kanaan, melihat aurat ayahnya, kemudian menceritakannya kepada kedua saudaranya di luar.",
Kejadian,9,23,Kejadian 9:23,"Kemudian, Sem dan Yafet mengambil sehelai kain, lalu menyangkutkannya pada bahu mereka berdua. Setelah itu, mereka berjalan mundur dan menutupi aurat ayah mereka. Muka mereka menghadap ke arah yang berlawanan sehingga mereka tidak melihat aurat ayah mereka.",
Kejadian,9,24,Kejadian 9:24,"Ketika Nuh sadar dari pengaruh anggur dan mengetahui apa yang telah dilakukan anak bungsunya kepadanya,",
Kejadian,9,25,Kejadian 9:25,"berkatalah ia, “Terkutuklah Kanaan! Biarlah ia menjadi hamba dari para hamba bagi saudara-saudaranya.”",
Kejadian,9,26,Kejadian 9:26,"Katanya pula, “Segala puji bagi ALLAH, Tuhan Sem! Biarlah Kanaan menjadi hambanya.",
Kejadian,9,27,Kejadian 9:27,Allah kiranya meluaskan wilayah Yafet! Biarlah ia tinggal dalam kemah-kemah Sem dan biarlah Kanaan menjadi hambanya.”,
Kejadian,9,28,Kejadian 9:28,Nuh masih hidup 350 tahun lagi setelah air bah itu.,
Kejadian,9,29,Kejadian 9:29,"Jadi, Nuh mencapai umur 950 tahun, lalu ia meninggal.",
Kejadian,10,1,Kejadian 10:1,"Inilah keturunan anak-anak Nuh, yaitu Sem, Ham, dan Yafet. Setelah air bah itu, lahirlah anak-anak lelaki bagi mereka.","Daftar Bangsa-Bangsa Keturunan Sem, Ham, dan Yafet"
Kejadian,10,2,Kejadian 10:2,"Anak-anak Yafet: Gomer, Majuj, Madai, Yawan, Tubal, Mesekh, dan Tiras.",Bani Yafet
Kejadian,10,3,Kejadian 10:3,"Anak-anak Gomer: Askenas, Rifat, dan Togarma.",
Kejadian,10,4,Kejadian 10:4,"Anak-anak Yawan: Elisa, Tarsis, Kitim, dan Dodanim.",
Kejadian,10,5,Kejadian 10:5,"Dari mereka inilah tersebar bangsa-bangsa daerah pesisir. Mereka hidup di tanah mereka sendiri, masing-masing dengan bahasa mereka, kaum keluarga mereka, dan bangsa mereka.",
Kejadian,10,6,Kejadian 10:6,"Anak-anak Ham: Kus, Misraim, Put, dan Kanaan.",Bani Ham
Kejadian,10,7,Kejadian 10:7,"Anak-anak Kus: Seba, Hawila, Sabta, Raema, dan Sabtekha. Anak-anak Raema: Syeba dan Dedan.",
Kejadian,10,8,Kejadian 10:8,"Kus mempunyai anak pula bernama Nimrod, yang menjadi orang perkasa pertama di bumi.",
Kejadian,10,9,Kejadian 10:9,"Ia seorang pemburu yang perkasa di hadapan ALLAH. Itulah sebabnya, dikatakan orang, “Seperti Nimrod, seorang pemburu yang perkasa di hadapan ALLAH.”",
Kejadian,10,10,Kejadian 10:10,"Mula-mula kerajaannya terdiri dari Babel, Erekh, Akad, dan Kalneh, semuanya di Tanah Sinear.",
Kejadian,10,11,Kejadian 10:11,"Dari tanah itu ia pergi ke Asyur, lalu membangun Niniwe, Rehobot-Ir, Kalah",
Kejadian,10,12,Kejadian 10:12,"(kota besar itu), dan Resen, di antara Niniwe dan Kalah.",
Kejadian,10,13,Kejadian 10:13,"Misraim mempunyai anak, yaitu Ludim, Anamim, Lehabim, Naftuhim,",
Kejadian,10,14,Kejadian 10:14,"Patrusim, Kasluhim (dari sinilah asal-muasal orang Filistin), dan Kaftorim.",
Kejadian,10,15,Kejadian 10:15,"Kanaan mempunyai anak, yaitu Sidon, anak sulungnya, dan Het.",
Kejadian,10,16,Kejadian 10:16,"Keturunan Kanaan yang lain adalah orang Yebusi, orang Amori, orang Girgasi,",
Kejadian,10,17,Kejadian 10:17,"orang Hewi, orang Arki, orang Sini,",
Kejadian,10,18,Kejadian 10:18,"orang Arwadi, orang Semari, dan orang Hamati. Kemudian, tersebarlah kaum-kaum orang Kanaan itu.",
Kejadian,10,19,Kejadian 10:19,"Daerah orang Kanaan terbentang dari Sidon ke arah Gerar sampai ke Gaza, kemudian ke arah Sodom, Gomora, Adma, dan Zeboim, sampai ke Lasa.",
Kejadian,10,20,Kejadian 10:20,"Itulah keturunan Ham menurut kaumnya, bahasanya, negerinya, dan bangsanya.",
Kejadian,10,21,Kejadian 10:21,"Lahirlah pula anak-anak bagi Sem, yaitu abang Yafet, bapak leluhur seluruh bani Eber.",Bani Sem
Kejadian,10,22,Kejadian 10:22,"Anak-anak Sem: Elam, Asyur, Arpakhsad, Lud, dan Aram.",
Kejadian,10,23,Kejadian 10:23,"Anak-anak Aram: Us, Hul, Geter, dan Mas.",
Kejadian,10,24,Kejadian 10:24,"Arpakhsad mempunyai anak, yaitu Selah. Selah mempunyai anak, yaitu Eber.",
Kejadian,10,25,Kejadian 10:25,"Eber dikaruniai dua orang anak laki-laki. Nama yang seorang ialah Peleg karena pada zamannya bumi terbagi, dan nama adiknya ialah Yoktan.",
Kejadian,10,26,Kejadian 10:26,"Yoktan mempunyai anak, yaitu Almodad, Selef, Hazar-Mawet, Yerah,",
Kejadian,10,27,Kejadian 10:27,"Hadoram, Uzal, Dikla,",
Kejadian,10,28,Kejadian 10:28,"Obal, Abimael, Syeba,",
Kejadian,10,29,Kejadian 10:29,"Ofir, Hawila, dan Yoab. Semuanya adalah keturunan Yoktan.",
Kejadian,10,30,Kejadian 10:30,"Tempat kediaman mereka terbentang dari Mesa ke arah Sefar, yaitu pegunungan di sebelah timur.",
Kejadian,10,31,Kejadian 10:31,"Itulah keturunan Sem menurut kaumnya, bahasanya, negerinya, dan bangsanya.",
Kejadian,10,32,Kejadian 10:32,"Jadi, itulah kaum anak-anak Nuh menurut keturunan mereka dan bangsa mereka. Dari mereka inilah bangsa-bangsa tersebar di bumi setelah air bah itu.",
Kejadian,11,1,Kejadian 11:1,"Saat itu, seluruh bumi satu bahasanya dan logatnya.",Menara Babel
Kejadian,11,2,Kejadian 11:2,"Pada waktu mereka mengadakan perjalanan ke sebelah timur, mereka mendapati suatu dataran di Tanah Sinear, lalu tinggal di situ.",
Kejadian,11,3,Kejadian 11:3,"Kata mereka seorang kepada yang lain, “Mari kita buat batu bata dan membakarnya baik-baik.” Batu bata itu mereka pakai sebagai pengganti batu, sedangkan ter sebagai pengganti tanah liat.",
Kejadian,11,4,Kejadian 11:4,"Kata mereka pula, “Mari kita bangun sebuah kota dan sebuah menara yang puncaknya sampai ke langit. Mari kita cari nama bagi diri kita supaya kita tidak tercerai-berai ke seluruh muka bumi.”",
Kejadian,11,5,Kejadian 11:5,"Lalu, hadirlah ALLAH untuk mengamati kota dan menara yang dibangun oleh bani Adam itu.",
Kejadian,11,6,Kejadian 11:6,"ALLAH berfirman, “Sesungguhnya, mereka ini satu bangsa, dan bahasa mereka semua pun satu. Ini barulah permulaan usaha mereka. Mulai sekarang, apa pun niat yang hendak mereka laksanakan tidak ada yang tidak dapat tercapai.",
Kejadian,11,7,Kejadian 11:7,Baiklah kita turun dan mengacaukan bahasa mereka di sana sehingga mereka tidak mengerti bahasa satu sama lain.”,
Kejadian,11,8,Kejadian 11:8,"Demikianlah ALLAH mencerai-beraikan mereka dari sana ke seluruh muka bumi, dan mereka berhenti membangun kota itu.",
Kejadian,11,9,Kejadian 11:9,"Itulah sebabnya, kota itu dinamai Babel karena di sanalah ALLAH mengacaukan bahasa seluruh bumi dan dari sanalah ALLAH mencerai-beraikan mereka ke seluruh muka bumi.",
Kejadian,11,10,Kejadian 11:10,"Inilah keturunan Sem. Ketika Sem berumur 100 tahun, lahirlah baginya Arpakhsad, dua tahun setelah air bah.",Keturunan Sem
Kejadian,11,11,Kejadian 11:11,"Sem hidup 500 tahun lagi setelah ia dikaruniai Arpakhsad, dan ia masih dikaruniai pula anak-anak lelaki dan perempuan.",
Kejadian,11,12,Kejadian 11:12,"Setelah Arpakhsad hidup 35 tahun, lahirlah baginya Selah.",
Kejadian,11,13,Kejadian 11:13,"Arpakhsad hidup 403 tahun lagi setelah ia dikaruniai Selah, dan ia masih dikaruniai pula anak-anak lelaki dan perempuan.",
Kejadian,11,14,Kejadian 11:14,"Setelah Selah hidup 30 tahun, lahirlah baginya Eber.",
Kejadian,11,15,Kejadian 11:15,"Selah hidup 403 tahun lagi setelah ia dikaruniai Eber, dan ia masih dikaruniai pula anak-anak lelaki dan perempuan.",
Kejadian,11,16,Kejadian 11:16,"Setelah Eber hidup 34 tahun, lahirlah baginya Peleg.",
Kejadian,11,17,Kejadian 11:17,"Eber hidup 430 tahun lagi setelah ia dikaruniai Peleg, dan ia masih dikaruniai pula anak-anak lelaki dan perempuan.",
Kejadian,11,18,Kejadian 11:18,"Setelah Peleg hidup 30 tahun, lahirlah baginya Rehu.",
Kejadian,11,19,Kejadian 11:19,"Peleg hidup 209 tahun lagi setelah ia dikaruniai Rehu, dan ia masih dikaruniai pula anak-anak lelaki dan perempuan.",
Kejadian,11,20,Kejadian 11:20,"Setelah Rehu hidup 32 tahun, lahirlah baginya Serug.",
Kejadian,11,21,Kejadian 11:21,"Rehu hidup 207 tahun lagi setelah ia dikaruniai Serug, dan ia masih dikaruniai pula anak-anak lelaki dan perempuan.",
Kejadian,11,22,Kejadian 11:22,"Setelah Serug hidup 30 tahun, lahirlah baginya Nahor.",
Kejadian,11,23,Kejadian 11:23,"Serug hidup 200 tahun lagi setelah ia dikaruniai Nahor, dan ia masih dikaruniai pula anak-anak lelaki dan perempuan.",
Kejadian,11,24,Kejadian 11:24,"Setelah Nahor hidup 29 tahun, lahirlah baginya Terah.",
Kejadian,11,25,Kejadian 11:25,"Nahor hidup 119 tahun lagi setelah ia dikaruniai Terah, dan ia masih dikaruniai pula anak-anak lelaki dan perempuan.",
Kejadian,11,26,Kejadian 11:26,"Setelah Terah hidup 70 tahun, lahirlah baginya Abram, Nahor, dan Haran.",
Kejadian,11,27,Kejadian 11:27,"Inilah keturunan Terah. Terah dikaruniai anak, yaitu Abram, Nahor, dan Haran. Lalu, Haran dikaruniai anak, Lut.",Keturunan Terah
Kejadian,11,28,Kejadian 11:28,"Haran meninggal lebih dahulu daripada Terah, ayahnya, di tanah kelahirannya, Ur-Kasdim.",
Kejadian,11,29,Kejadian 11:29,"Kemudian, Abram dan Nahor meminang istri. Nama istri Abram ialah Sarai, dan nama istri Nahor ialah Milka, anak Haran. Haran adalah ayah Milka dan Yiska.",
Kejadian,11,30,Kejadian 11:30,"Sarai itu mandul, tidak mempunyai anak.",
Kejadian,11,31,Kejadian 11:31,"Terah membawa Abram anaknya, Lut bin Haran cucunya, serta Sarai menantunya, yaitu istri Abram anaknya, keluar bersama-sama dari Ur-Kasdim untuk pergi ke Tanah Kanaan. Tetapi, ketika mereka sampai di Haran, mereka pun tinggal di sana.",
Kejadian,11,32,Kejadian 11:32,"Terah mencapai umur 205 tahun, lalu meninggallah ia di Haran.",
Kejadian,12,1,Kejadian 12:1,"ALLAH berfirman kepada Abram, “Pergilah dari negerimu, dari sanak saudaramu, dan dari rumah ayahmu ke negeri yang akan Kutunjukkan kepadamu.",Abram (Nabi Ibrahim) Meninggalkan Negerinya
Kejadian,12,2,Kejadian 12:2,Aku akan membuat engkau menjadi suatu bangsa yang besar. Aku akan memberkahi engkau dan membuat namamu besar. Engkau akan menjadi berkah!,
Kejadian,12,3,Kejadian 12:3,"Aku akan memberkahi orang-orang yang memohonkan berkah bagimu, dan Aku akan mengutuk orang-orang yang mengutuk engkau. Melalui engkau, semua suku bangsa di bumi akan memperoleh berkah.”",
Kejadian,12,4,Kejadian 12:4,"Maka, Abram pun pergi, seperti yang difirmankan ALLAH kepadanya. Lut ikut pergi bersamanya. Abram berumur tujuh puluh lima tahun pada waktu ia keluar dari Haran.","Tanah Kanaan, yaitu Tanah Palestina Purba, Dijanjikan untuk Pertama Kalinya"
Kejadian,12,5,Kejadian 12:5,"Dibawanya Sarai istrinya dan Lut anak saudaranya, juga segala harta benda serta orang-orang yang mereka peroleh di Haran pergi menuju Tanah Kanaan. Kemudian, sampailah mereka di Tanah Kanaan itu.",
Kejadian,12,6,Kejadian 12:6,"Abram berjalan menjelajahi negeri itu sampai ke suatu tempat di Sikhem, tepatnya di pohon besar More. Pada waktu itu orang Kanaan tinggal di negeri itu.",
Kejadian,12,7,Kejadian 12:7,"Kemudian, ALLAH menampakkan diri kepada Abram dan berfirman, “Kepada keturunanmu Aku akan mengaruniakan negeri ini.” Maka, Abram membangun di sana sebuah mazbah atau tempat pembakaran kurban bagi ALLAH, yang telah menampakkan diri kepadanya.",
Kejadian,12,8,Kejadian 12:8,"Dari sana ia pindah ke pegunungan di sebelah timur Bait-El, lalu mendirikan kemahnya di antara Bait-El di sebelah barat dan Ai di sebelah timur. Ia membangun di sana sebuah mazbah bagi ALLAH dan menyerukan nama ALLAH.",
Kejadian,12,9,Kejadian 12:9,"Setelah itu, Abram melanjutkan perjalanannya dan berangkat menuju ke Tanah Negeb.",
Kejadian,12,10,Kejadian 12:10,"Kemudian, terjadilah bencana kelaparan di negeri itu. Abram pun pergi ke Mesir untuk tinggal di sana sebagai pendatang karena hebatnya bencana kelaparan di negeri itu.",Abram (Nabi Ibrahim) di Mesir
Kejadian,12,11,Kejadian 12:11,"Ketika ia hampir memasuki Mesir, berkatalah ia kepada Sarai, istrinya, “Dengar, engkau adalah seorang perempuan yang cantik parasnya.",
Kejadian,12,12,Kejadian 12:12,"Bisa jadi, apabila orang Mesir melihat engkau, mereka akan berkata, ‘Itu istrinya.’ Lalu mereka akan membunuh aku dan membiarkan engkau hidup.",
Kejadian,12,13,Kejadian 12:13,"Sebab itu, katakanlah bahwa engkau saudaraku supaya aku diperlakukan dengan baik oleh karena engkau, dan nyawaku selamat berkat engkau.”",
Kejadian,12,14,Kejadian 12:14,"Pada waktu Abram memasuki Mesir, orang-orang Mesir melihat bahwa Sarai sangat cantik.",
Kejadian,12,15,Kejadian 12:15,"Pembesar-pembesar Firaun juga melihat Sarai, lalu memuji-muji dia di hadapan Firaun. Akhirnya, perempuan itu dijemput ke istana Firaun.",
Kejadian,12,16,Kejadian 12:16,"Maka, Firaun memperlakukan Abram dengan baik demi perempuan itu. Abram mendapat kawanan kambing domba, sapi, keledai jantan dan betina, unta, juga hamba-hamba laki-laki dan perempuan.",
Kejadian,12,17,Kejadian 12:17,"Akan tetapi, ALLAH mengazab Firaun dan istananya dengan tulah yang hebat oleh karena Sarai, istri Abram itu.",
Kejadian,12,18,Kejadian 12:18,"Lalu, Firaun memanggil Abram dan berkata, “Apa yang kaulakukan terhadapku ini? Mengapa tidak kauberitahukan kepadaku bahwa dia istrimu?",
Kejadian,12,19,Kejadian 12:19,"Mengapa engkau berkata, ‘Dia saudaraku,’ sehingga aku mengambilnya untuk kujadikan istriku? Sekarang, inilah istrimu. Ambillah dan pergilah!”",
Kejadian,12,20,Kejadian 12:20,"Kemudian, Firaun memberi perintah kepada orang-orangnya mengenai Abram, lalu mereka mengantar dia pergi bersama istrinya dan segala sesuatu yang dimilikinya.",
Kejadian,13,1,Kejadian 13:1,"Maka, pergilah Abram dari Mesir menuju Tanah Negeb bersama istrinya dan segala sesuatu yang dimilikinya. Lut pun turut bersamanya.",Abram (Nabi Ibrahim) Menempati Tanah yang Dijanjikan
Kejadian,13,2,Kejadian 13:2,"Abram sangat kaya. Ternak, perak, dan emasnya sangat banyak.",
Kejadian,13,3,Kejadian 13:3,"Ia melanjutkan perjalanannya tahap demi tahap dari Tanah Negeb menuju Bait-El, lalu sampai di antara Bait-El dan Ai, di tempat kemahnya berdiri mula-mula,",
Kejadian,13,4,Kejadian 13:4,juga di tempat ia membangun mazbah dahulu. Di situ Abram menyerukan nama ALLAH.,
Kejadian,13,5,Kejadian 13:5,"Lut, yang turut pergi bersama Abram, juga memiliki kawanan kambing domba, kawanan sapi, dan sejumlah kemah.",
Kejadian,13,6,Kejadian 13:6,"Maka, tidaklah muat negeri itu untuk mereka tinggali bersama-sama. Harta benda mereka begitu banyak sehingga mereka tidak dapat tinggal bersama-sama.",
Kejadian,13,7,Kejadian 13:7,"Lalu, terjadilah perselisihan antara para gembala ternak Abram dengan para gembala ternak Lut. (Pada waktu itu orang Kanaan dan orang Feris tinggal di negeri itu.)",
Kejadian,13,8,Kejadian 13:8,"Kata Abram kepada Lut, “Kumohon janganlah terjadi perselisihan antara aku dan engkau, juga antara gembala-gembalaku dan gembala-gembalamu karena kita ini bersaudara.",
Kejadian,13,9,Kejadian 13:9,"Bukankah seluruh negeri ini ada di hadapanmu? Pisahkanlah dirimu dariku. Jika engkau ke sebelah kiri, maka aku pergi ke sebelah kanan. Jika engkau ke sebelah kanan, maka aku pergi ke sebelah kiri.”",
Kejadian,13,10,Kejadian 13:10,"Lut pun melayangkan pandangannya. Ia melihat bahwa seluruh Lembah Yordan terairi dengan baik, seperti taman ALLAH, seperti Tanah Mesir ke arah Zoar. (Itu adalah keadaan sebelum ALLAH memusnahkan Sodom dan Gomora.)",
Kejadian,13,11,Kejadian 13:11,"Sebab itu, Lut memilih bagi dirinya seluruh Lembah Yordan, lalu Lut berangkat ke sebelah timur. Demikianlah mereka berpisah satu sama lain.",
Kejadian,13,12,Kejadian 13:12,"Abram tinggal di Tanah Kanaan, sedangkan Lut tinggal di kota-kota di lembah itu. Ia memindahkan kemahnya sampai ke dekat Sodom.",
Kejadian,13,13,Kejadian 13:13,Adapun orang Sodom jahat dan sangat berdosa terhadap ALLAH.,
Kejadian,13,14,Kejadian 13:14,"Setelah Lut berpisah dengan Abram, berfirmanlah ALLAH kepada Abram, “Layangkanlah pandanganmu dari tempat engkau berdiri itu, dan tengoklah ke sebelah utara, selatan, timur, dan barat,",
Kejadian,13,15,Kejadian 13:15,karena seluruh negeri yang kaulihat itu akan Kukaruniakan kepadamu dan kepada keturunanmu sampai selama-lamanya.,
Kejadian,13,16,Kejadian 13:16,"Aku akan menjadikan keturunanmu seperti debu tanah banyaknya sehingga jika orang dapat menghitung debu tanah, maka keturunanmu pun akan dapat dihitung.",
Kejadian,13,17,Kejadian 13:17,"Bersiaplah, jalanilah negeri itu menurut panjang dan lebarnya karena kepadamulah Aku akan mengaruniakannya.”",
Kejadian,13,18,Kejadian 13:18,"Abram pun memindahkan kemahnya, lalu tinggal dekat pohon-pohon besar Mamre, di wilayah Hebron. Di sana ia membangun sebuah mazbah bagi ALLAH.",
Kejadian,14,1,Kejadian 14:1,"Pada zaman itu Amrafel raja Sinear, Ariokh raja Elasar, Kedorlaomer raja Elam, dan Tideal raja Goyim",Abram (Nabi Ibrahim) Mengalahkan Raja-Raja di Timur
Kejadian,14,2,Kejadian 14:2,"mengadakan peperangan melawan Bera raja Sodom, Birsya raja Gomora, Syinab raja Adma, Syeber raja Zeboim, dan raja Bela, yaitu Zoar.",
Kejadian,14,3,Kejadian 14:3,"Semua raja yang disebut terakhir ini bersekutu di Lembah Sidim, yaitu Laut Mati.",
Kejadian,14,4,Kejadian 14:4,"Dua belas tahun lamanya raja-raja itu takluk kepada Kedorlaomer, tetapi pada tahun ketiga belas mereka memberontak.",
Kejadian,14,5,Kejadian 14:5,"Pada tahun keempat belas datanglah Kedorlaomer bersama raja-raja yang menyertainya, lalu mereka mengalahkan orang Refaim di Asterot Karnayim, orang Zuzim di Ham, orang Emim di Syawe-Kiryataim,",
Kejadian,14,6,Kejadian 14:6,"dan orang Hori di pegunungan mereka yang bernama Seir, sampai ke El-Paran di tepi padang belantara.",
Kejadian,14,7,Kejadian 14:7,"Kemudian, mereka berbalik mendatangi En-Mispat, yaitu Kades, dan mengalahkan seluruh negeri orang Amalek juga orang Amori yang tinggal di Hazezon-Tamar.",
Kejadian,14,8,Kejadian 14:8,"Maka, keluarlah raja Sodom, raja Gomora, raja Adma, raja Zeboim, dan raja Bela, yaitu Zoar. Mereka mengatur barisan perangnya di Lembah Sidim",
Kejadian,14,9,Kejadian 14:9,"melawan Kedorlaomer raja Elam, Tideal raja Goyim, Amrafel raja Sinear, dan Ariokh raja Elasar. Empat raja melawan lima raja.",
Kejadian,14,10,Kejadian 14:10,"Lembah Sidim adalah tempat yang penuh dengan sumur aspal. Ketika raja-raja Sodom dan Gomora melarikan diri, sebagian dari mereka terperosok ke sana, sedangkan yang masih hidup melarikan diri ke pegunungan.",
Kejadian,14,11,Kejadian 14:11,"Musuh merampas segala harta benda Sodom dan Gomora serta segala bahan makanannya, lalu pergi.",
Kejadian,14,12,Kejadian 14:12,"Mereka juga membawa Lut, anak saudara Abram, dengan harta bendanya karena ia tinggal di Sodom. Setelah itu, mereka pergi.",
Kejadian,14,13,Kejadian 14:13,"Salah seorang yang terluput datang menghadap Abram, orang Ibrani itu, dan memberitahukan hal itu kepadanya. Pada waktu itu Abram tinggal dekat pohon-pohon besar milik Mamre, orang Amori, saudara Eskol dan Aner, teman-teman sekutu Abram.",
Kejadian,14,14,Kejadian 14:14,"Ketika Abram mendengar bahwa saudaranya tertawan, dikerahkannyalah orang-orangnya yang terlatih, yaitu mereka yang lahir di rumahnya, tiga ratus delapan belas orang banyaknya, lalu melakukan pengejaran sampai ke Dan.",
Kejadian,14,15,Kejadian 14:15,"Abram dan hamba-hambanya berbagi pasukan untuk menyerang musuh pada waktu malam. Mereka mengalahkan musuh dan mengejarnya sampai ke Hoba, di sebelah utara Damsyik.",
Kejadian,14,16,Kejadian 14:16,"Segala harta benda dibawanya kembali, juga Lut, saudaranya, dengan harta bendanya, serta perempuan-perempuan dan orang-orang lain.",
Kejadian,14,17,Kejadian 14:17,"Setelah Abram kembali dari mengalahkan Kedorlaomer dan raja-raja yang menyertainya, raja Sodom keluar menyongsongnya di Lembah Syawe, yaitu Lembah Raja.",Pertemuan Abram (Nabi Ibrahim) dengan Raja Malkisedik
Kejadian,14,18,Kejadian 14:18,"Kemudian, Malkisedik, raja Salem, membawa roti dan anggur. Ia adalah imam Allah Yang Mahatinggi.",
Kejadian,14,19,Kejadian 14:19,"Ia memohonkan berkah bagi Abram, katanya, “Diberkahilah Abram oleh Allah Yang Mahatinggi, Pemilik langit dan bumi.",
Kejadian,14,20,Kejadian 14:20,"Segala puji bagi Allah Yang Mahatinggi, yang telah menyerahkan musuh-musuhmu ke dalam tanganmu.” Lalu, Abram memberikan kepadanya sepersepuluh dari segala harta benda itu.",
Kejadian,14,21,Kejadian 14:21,"Berkatalah raja Sodom kepada Abram, “Berikanlah kepadaku orang-orang itu, dan ambillah harta benda itu untukmu.”",
Kejadian,14,22,Kejadian 14:22,"Tetapi, kata Abram kepada raja Sodom, “Aku telah bersumpah kepada ALLAH, Allah Yang Mahatinggi, Pemilik langit dan bumi,",
Kejadian,14,23,Kejadian 14:23,"bahwa aku tidak akan mengambil selembar benang atau tali kasut pun dari semua yang ada padamu supaya jangan engkau berkata, ‘Aku telah membuat Abram kaya.’",
Kejadian,14,24,Kejadian 14:24,"Aku tidak akan mengambil apa pun, kecuali apa yang telah dimakan atau dipakai oleh orang-orang muda yang turut bersamaku, yaitu Aner, Eskol, dan Mamre. Biarlah mereka mengambil bagian mereka masing-masing.”",
Kejadian,15,1,Kejadian 15:1,"Sesudah berbagai peristiwa itu, turunlah firman ALLAH kepada Abram dalam suatu penglihatan demikian, “Jangan takut, Abram, Akulah perisaimu. Pahalamu akan sangat besar.”",Perjanjian Allah dengan Abram (Nabi Ibrahim); Janji tentang Keturunannya
Kejadian,15,2,Kejadian 15:2,"Jawab Abram, “Ya ALLAH, ya Rabbi, apakah yang hendak Engkau karuniakan kepadaku? Sampai sekarang aku tidak mempunyai anak, dan yang akan mewarisi rumahku ialah Eliezer, orang Damsyik itu.”",
Kejadian,15,3,Kejadian 15:3,"Kata Abram pula, “Sesungguhnya, Tuhan belum mengaruniakan kepadaku keturunan sehingga hamba yang lahir di rumahkulah yang akan menjadi ahli warisku.”",
Kejadian,15,4,Kejadian 15:4,"Tetapi, turunlah firman ALLAH kepadanya demikian, “Bukan orang itu yang akan menjadi ahli warismu, melainkan anak kandungmulah yang akan menjadi ahli warismu.”",
Kejadian,15,5,Kejadian 15:5,"Kemudian, Ia membawa Abram keluar dan berfirman, “Menengadahlah ke langit dan hitunglah bintang-bintang jika engkau dapat menghitungnya.” Firman-Nya kepadanya, “Demikianlah banyaknya keturunanmu kelak.”",
Kejadian,15,6,Kejadian 15:6,"Lalu, Abram menaruh iman kepada ALLAH, dan hal itu diperhitungkan baginya sebagai kebenaran.",
Kejadian,15,7,Kejadian 15:7,"Ia berfirman pula kepadanya, “Akulah ALLAH, yang membawa engkau keluar dari Ur-Kasdim untuk memberikan negeri ini kepadamu menjadi milikmu.”",Janji tentang Tanahnya
Kejadian,15,8,Kejadian 15:8,"Kata Abram, “Ya ALLAH, ya Rabbi, bagaimana aku tahu bahwa aku akan memilikinya?”",
Kejadian,15,9,Kejadian 15:9,"Firman Allah kepadanya, “Ambillah bagi-Ku seekor sapi betina, seekor kambing betina, dan seekor domba jantan, masing-masing berumur tiga tahun, juga seekor burung tekukur dan seekor anak burung merpati.”",
Kejadian,15,10,Kejadian 15:10,"Abram mengambil semua itu bagi-Nya, membelahnya menjadi dua, lalu meletakkan belahan yang satu berhadapan dengan yang lain. Tetapi, burung-burung tidak dibelah dua.",
Kejadian,15,11,Kejadian 15:11,"Ketika burung-burung pemangsa hinggap di atas daging sembelihan itu, Abram pun menghalaunya.",
Kejadian,15,12,Kejadian 15:12,"Menjelang matahari terbenam, Abram tertidur lelap. Tiba-tiba kegelapan yang dahsyat dan sangat mencekam meliputinya.",
Kejadian,15,13,Kejadian 15:13,"Kemudian, ALLAH berfirman kepada Abram, “Ketahuilah dan camkanlah bahwa keturunanmu akan menjadi pendatang di negeri yang bukan negeri mereka. Mereka akan diperhamba dan ditindas empat ratus tahun lamanya.",
Kejadian,15,14,Kejadian 15:14,"Akan tetapi, bangsa yang memperhamba mereka akan Kuhukum, dan setelah itu mereka akan keluar dengan membawa harta benda yang banyak.",
Kejadian,15,15,Kejadian 15:15,Sedangkan engkau akan pergi kepada nenek moyangmu dengan sejahtera. Engkau akan dimakamkan pada usia yang sangat tua.,
Kejadian,15,16,Kejadian 15:16,Generasi yang keempat akan kembali ke sini karena sekarang kejahatan orang Amori belum genap.”,
Kejadian,15,17,Kejadian 15:17,"Setelah matahari terbenam dan hari menjadi gelap, tiba-tiba tampaklah sebuah perapian yang berasap dan obor yang menyala-nyala lewat di antara potongan-potongan daging itu.",
Kejadian,15,18,Kejadian 15:18,"Pada hari itu juga ALLAH mengikat perjanjian dengan Abram, firman-Nya, “Kepada keturunanmu Kuberikan negeri ini, mulai dari Wadi Mesir sampai ke sungai besar, yaitu Sungai Efrat,",
Kejadian,15,19,Kejadian 15:19,"meliputi tanah orang Keni, orang Kenas, orang Kadmon,",
Kejadian,15,20,Kejadian 15:20,"orang Het, orang Feris, orang Refaim,",
Kejadian,15,21,Kejadian 15:21,"orang Amori, orang Kanaan, orang Girgasi, dan orang Yebus.”",
Kejadian,16,1,Kejadian 16:1,"Sarai, istri Abram, tidak juga melahirkan keturunan bagi Abram. Tetapi, ia mempunyai seorang hamba perempuan, orang Mesir, bernama Hajar.",Siti Hajar dan Kelahiran Ismail bin Ibrahim
Kejadian,16,2,Kejadian 16:2,"Maka, kata Sarai kepada Abram, “Lihatlah, ALLAH telah menutup rahimku untuk melahirkan anak. Kawin sajalah dengan hambaku, siapa tahu aku dapat memperoleh anak melalui dia.” Abram mendengarkan perkataan Sarai.",
Kejadian,16,3,Kejadian 16:3,"Lalu, Sarai istri Abram membawa Hajar, hambanya yang orang Mesir itu, dan memberikannya kepada Abram suaminya untuk menjadi istrinya. Pada waktu itu sudah sepuluh tahun lamanya Abram tinggal di Tanah Kanaan.",
Kejadian,16,4,Kejadian 16:4,"Abram pun bercampur dengan Hajar, lalu mengandunglah perempuan itu. Ketika Hajar tahu bahwa ia mengandung, ia memandang rendah nyonyanya.",
Kejadian,16,5,Kejadian 16:5,"Lalu, Sarai berkata kepada Abram, “Penghinaan yang kudapat ini adalah tanggung jawabmu! Aku memberikan hambaku ke pangkuanmu, tetapi ketika ia tahu bahwa ia mengandung, aku dipandangnya rendah. Semoga ALLAH menjadi Hakim antara aku dengan engkau.”",
Kejadian,16,6,Kejadian 16:6,"Kata Abram kepada Sarai, “Sesungguhnya, hambamu itu ada dalam wewenangmu. Perlakukanlah dia menurut apa yang kaupandang baik.” Maka, Sarai menindas Hajar sehingga ia melarikan diri darinya.",
Kejadian,16,7,Kejadian 16:7,"Kemudian, Malaikat ALLAH menjumpainya dekat sebuah mata air di padang belantara, yaitu dekat mata air di jalan yang menuju ke Syur.",
Kejadian,16,8,Kejadian 16:8,"Sabdanya, “Hai Hajar, hamba Sarai, dari manakah engkau dan hendak ke mana?” Jawab perempuan itu, “Aku melarikan diri dari Sarai, nyonyaku.”",
Kejadian,16,9,Kejadian 16:9,"Sabda Malaikat ALLAH kepadanya, “Kembalilah kepada nyonyamu dan tunduklah di bawah wewenangnya.”",
Kejadian,16,10,Kejadian 16:10,"Sabda Malaikat ALLAH pula kepadanya, “Aku akan membuat keturunanmu menjadi sangat banyak, hingga tak terhitung banyaknya.”",
Kejadian,16,11,Kejadian 16:11,"Selanjutnya, Malaikat ALLAH bersabda kepadanya, “Engkau sedang mengandung dan engkau akan melahirkan seorang anak laki-laki. Namailah dia Ismail karena ALLAH telah mendengar jeritan kesusahanmu.",
Kejadian,16,12,Kejadian 16:12,"Ia akan menjadi orang yang hidupnya seperti keledai liar. Tangannya akan melawan setiap orang, dan tangan setiap orang akan melawan dia. Ia akan tinggal di hadapan semua saudaranya.”",
Kejadian,16,13,Kejadian 16:13,"Lalu, Hajar menyebut nama ALLAH yang berfirman kepadanya itu “Engkaulah Allah Yang Memperhatikan,” karena katanya, “Sungguhkah di sini kulihat Dia yang memperhatikan aku?”",
Kejadian,16,14,Kejadian 16:14,"Itulah sebabnya, sumur itu, yang letaknya di antara Kades dan Bered, disebut Sumur Lahai Roi.",
Kejadian,16,15,Kejadian 16:15,"Kemudian, Hajar melahirkan seorang anak laki-laki bagi Abram, dan Abram menamai anaknya yang dilahirkan Hajar itu Ismail.",
Kejadian,16,16,Kejadian 16:16,Abram berumur delapan puluh enam tahun pada waktu Hajar melahirkan Ismail baginya.,
Kejadian,17,1,Kejadian 17:1,"Ketika Abram berumur sembilan puluh sembilan tahun, ALLAH menampakkan diri kepada Abram dan berfirman kepadanya, “Akulah Allah Yang Mahakuasa, hiduplah di hadapan-Ku tanpa cela.",Khitan sebagai Tanda Perjanjian Allah dengan Nabi Ibrahim
Kejadian,17,2,Kejadian 17:2,"Aku akan mengadakan perjanjian antara Aku dan engkau, dan Aku akan membuat keturunanmu sangat banyak.”",
Kejadian,17,3,Kejadian 17:3,"Maka, sujudlah Abram. Lalu, Allah berfirman kepadanya,",
Kejadian,17,4,Kejadian 17:4,"“Dari pihak-Ku, inilah perjanjian-Ku dengan engkau: Engkau akan menjadi bapak bagi banyak bangsa.",
Kejadian,17,5,Kejadian 17:5,"Namamu tidak akan lagi disebut Abram, melainkan Ibrahim karena Aku telah menjadikan engkau bapak bagi banyak bangsa.",
Kejadian,17,6,Kejadian 17:6,"Aku akan membuat engkau beranak cucu sangat banyak. Melalui engkau Aku akan menjadikan bangsa-bangsa, bahkan raja-raja akan muncul dari keturunanmu.",
Kejadian,17,7,Kejadian 17:7,"Aku akan meneguhkan perjanjian-Ku antara Aku dan engkau serta keturunanmu kelak, turun-temurun, menjadi suatu perjanjian yang kekal, yaitu bahwa Aku akan menjadi Tuhanmu dan Tuhan bagi keturunanmu.",
Kejadian,17,8,Kejadian 17:8,"Kepadamu dan kepada keturunanmu kelak akan Kuberikan negeri tempat engkau tinggal sebagai pendatang ini, yaitu seluruh Tanah Kanaan, menjadi suatu milik yang kekal. Aku pun akan menjadi Tuhan mereka.”",
Kejadian,17,9,Kejadian 17:9,"Firman Allah pula kepada Ibrahim, “Dari pihakmu, engkau maupun keturunanmu kelak turun-temurun harus memegang teguh perjanjian-Ku.",
Kejadian,17,10,Kejadian 17:10,"Inilah perjanjian-Ku yang harus kamu pegang teguh, yaitu perjanjian antara Aku dan kamu serta keturunanmu kelak: Setiap laki-laki di antara kamu harus dikhitan.",
Kejadian,17,11,Kejadian 17:11,"Kulit khatanmu harus dikerat, dan itu akan menjadi tanda perjanjian antara Aku dan kamu.",
Kejadian,17,12,Kejadian 17:12,"Turun-temurun, setiap anak laki-laki berumur delapan hari di antaramu haruslah kaukhitan, baik yang dilahirkan di rumahmu atau pun yang dibeli dari orang asing mana pun yang bukan keturunanmu.",
Kejadian,17,13,Kejadian 17:13,Anak laki-laki yang lahir di rumahmu atau pun yang dibeli dengan uang harus dikhitan. Demikianlah perjanjian-Ku dikukuhkan pada tubuhmu sebagai perjanjian yang kekal.,
Kejadian,17,14,Kejadian 17:14,"Laki-laki yang tidak dikhitan, yaitu yang tidak dikerat kulit khatannya, haruslah disingkirkan dari antara bangsanya. Ia telah mengingkari perjanjian-Ku.”",
Kejadian,17,15,Kejadian 17:15,"Selanjutnya, Allah berfirman kepada Ibrahim, “Mengenai Sarai, istrimu, jangan lagi kausebut namanya Sarai, melainkan Sarah. Itulah namanya.",
Kejadian,17,16,Kejadian 17:16,"Aku akan memberkahinya, dan melalui dia juga Aku akan memberikan kepadamu seorang anak laki-laki. Aku akan memberkahinya, dan ia akan menjadi ibu bangsa-bangsa. Raja-raja bangsa-bangsa akan muncul dari keturunannya.”",
Kejadian,17,17,Kejadian 17:17,"Maka, sujudlah Ibrahim. Ia tertawa dan berkata dalam hatinya, “Mungkinkah seorang anak dilahirkan dari orang yang berumur seratus tahun? Mungkinkah Sarah, yang sudah sembilan puluh tahun umurnya, melahirkan anak?”",
Kejadian,17,18,Kejadian 17:18,"Lalu, kata Ibrahim kepada Allah, “Ah, sekiranya Ismail diperkenankan hidup di hadapan-Mu!”",
Kejadian,17,19,Kejadian 17:19,"Firman Allah, “Sesungguhnya, Sarah, istrimu, akan melahirkan seorang anak laki-laki bagimu. Namailah dia Ishak. Aku akan meneguhkan perjanjian-Ku dengannya menjadi suatu perjanjian yang kekal bagi keturunannya.",
Kejadian,17,20,Kejadian 17:20,"Sedangkan mengenai Ismail, Aku sudah mendengar permintaanmu. Sesungguhnya, Aku akan memberkahinya dan membuatnya beranak cucu serta melipatgandakannya sangat banyak. Ia akan menjadi leluhur dari dua belas kepala suku, dan Aku akan menjadikannya suatu bangsa yang besar.",
Kejadian,17,21,Kejadian 17:21,"Namun, perjanjian-Ku akan Kutetapkan dengan Ishak, yang akan dilahirkan Sarah bagimu pada saat seperti ini di tahun mendatang.”",
Kejadian,17,22,Kejadian 17:22,"Setelah selesai berfirman kepada Ibrahim, Allah pun meninggalkannya.",
Kejadian,17,23,Kejadian 17:23,"Kemudian, Ibrahim memanggil Ismail, anaknya, dan semua orang yang lahir di rumahnya, juga semua orang yang dibeli dengan uang—semua laki-laki di antara seisi rumah Ibrahim. Pada hari itu juga, ia mengkhitan kulit khatan mereka, seperti yang difirmankan Allah kepadanya.",
Kejadian,17,24,Kejadian 17:24,"Ibrahim berumur sembilan puluh sembilan tahun pada waktu dikhitan kulit khatannya,",
Kejadian,17,25,Kejadian 17:25,"sedangkan Ismail, anaknya, berumur tiga belas tahun pada waktu dikhitan kulit khatannya.",
Kejadian,17,26,Kejadian 17:26,"Pada hari itu juga Ibrahim dan Ismail, anaknya, dikhitan.",
Kejadian,17,27,Kejadian 17:27,"Semua laki-laki yang ada di rumahnya, baik yang lahir di rumahnya maupun yang dibeli dengan uang dari orang asing, dikhitan bersama-sama dengannya.",
Kejadian,18,1,Kejadian 18:1,ALLAH menampakkan diri kepada Ibrahim dekat pohon-pohon besar Mamre sementara ia duduk di pintu kemahnya pada waktu hari panas.,Allah Mengulangi Janji tentang Seorang Anak Laki-Laki
Kejadian,18,2,Kejadian 18:2,"Ketika ia mengangkat wajahnya, tampaklah tiga orang berdiri tak begitu jauh dari dia. Setelah ia melihat mereka, berlarilah ia dari pintu kemahnya menyongsong mereka, lalu sujud memberi hormat.",
Kejadian,18,3,Kejadian 18:3,"Katanya, “Ya Tuanku, jika Tuanku berkenan pada hamba, janganlah kiranya hambamu ini Tuan lalui begitu saja.",
Kejadian,18,4,Kejadian 18:4,"Air akan diambilkan secukupnya, lalu silakan Tuan-tuan membasuh kaki dan beristirahat di bawah pohon ini.",
Kejadian,18,5,Kejadian 18:5,"Hamba pun akan membawakan roti secukupnya supaya Tuan-tuan dapat menyegarkan diri karena Tuan-tuan sudah datang mengunjungi hamba. Setelah itu, barulah Tuan-tuan meneruskan perjalanan.” Kata mereka, “Baik, lakukanlah seperti yang kaukatakan.”",
Kejadian,18,6,Kejadian 18:6,"Ibrahim segera masuk ke dalam kemah mendapatkan Sarah dan berkata, “Cepat, ambillah tiga sukat tepung terbaik! Remaslah dan buatlah roti bundar.”",
Kejadian,18,7,Kejadian 18:7,"Kemudian, Ibrahim berlari ke arah kawanan sapinya. Diambilnya seekor anak sapi yang tambun dan baik dagingnya, lalu diserahkannya kepada hambanya, yang segera mengolahnya.",
Kejadian,18,8,Kejadian 18:8,"Setelah itu, Ibrahim membawa dadih, air susu, dan anak sapi yang telah diolah itu, lalu menyajikannya di depan orang-orang itu. Sementara mereka makan, ia berdiri di dekat mereka di bawah pohon itu.",
Kejadian,18,9,Kejadian 18:9,"Kemudian, mereka bertanya kepadanya, “Di manakah Sarah, istrimu?” Jawabnya, “Di sana, di dalam kemah.”",
Kejadian,18,10,Kejadian 18:10,"Kata seorang dari mereka, “Tahun depan Aku akan kembali kepadamu, dan pada saat itu Sarah, istrimu, akan mempunyai seorang anak laki-laki.” Hal itu didengar oleh Sarah dari pintu kemah di belakang Ibrahim.",
Kejadian,18,11,Kejadian 18:11,"Pada saat itu, Ibrahim dan Sarah sudah tua dan lanjut umurnya, Sarah pun sudah mati haid.",
Kejadian,18,12,Kejadian 18:12,"Karena itu, tertawalah Sarah dalam hatinya, katanya, “Akan bergairahkah aku setelah begini renta sementara tuanku pun sudah tua?”",
Kejadian,18,13,Kejadian 18:13,"Lalu, berfirmanlah ALLAH kepada Ibrahim, “Mengapa Sarah tertawa dan berkata, ‘Sungguhkah aku akan melahirkan anak, sedangkan aku sudah tua begini?’",
Kejadian,18,14,Kejadian 18:14,"Adakah sesuatu yang mustahil bagi ALLAH? Pada waktu yang telah ditetapkan, yaitu tahun depan, Aku akan kembali kepadamu dan Sarah akan mempunyai seorang anak laki-laki.”",
Kejadian,18,15,Kejadian 18:15,"Sarah takut. Karena itu, ia menyangkal, katanya, “Aku tidak tertawa.” Tetapi, jawab-Nya, “Tidak, engkau memang tertawa.”",
Kejadian,18,16,Kejadian 18:16,"Kemudian, orang-orang itu berangkat dari sana dan memandang ke arah Sodom. Ibrahim berjalan menyertai mereka untuk mengantarkan mereka.",Doa Syafaat Nabi Ibrahim untuk Sodom
Kejadian,18,17,Kejadian 18:17,"ALLAH berfirman, “Akankah Kusembunyikan dari Ibrahim apa yang hendak Kulakukan ini,",
Kejadian,18,18,Kejadian 18:18,"sedangkan Ibrahim akan menjadi suatu bangsa yang besar dan kuat, dan melalui dia semua bangsa di bumi akan memperoleh berkah?",
Kejadian,18,19,Kejadian 18:19,"Aku telah memilih dia supaya ia memerintahkan anak-anaknya serta keluarganya untuk memelihara jalan ALLAH dengan melakukan kebenaran dan keadilan. Dengan demikian, ALLAH memenuhi apa yang telah dijanjikan-Nya kepada Ibrahim.”",
Kejadian,18,20,Kejadian 18:20,"Selanjutnya, ALLAH berfirman, “Jeritan tentang Sodom dan Gomora amatlah hebat, dan dosa mereka sangat berat.",
Kejadian,18,21,Kejadian 18:21,Aku akan hadir untuk mengamati apakah perbuatan mereka memang sesuai dengan jeritan yang sampai kepada-Ku atau tidak. Aku ingin mengusutnya.”,
Kejadian,18,22,Kejadian 18:22,"Maka, beranjaklah orang-orang itu dari sana dan berjalan menuju Sodom, tetapi Ibrahim masih tetap berdiri di hadirat ALLAH.",
Kejadian,18,23,Kejadian 18:23,"Lalu, Ibrahim datang mendekat dan berkata, “Masakan Engkau akan melenyapkan orang benar bersama-sama dengan orang fasik?",
Kejadian,18,24,Kejadian 18:24,"Kalau ada lima puluh orang benar dalam kota itu, masakan Engkau akan melenyapkan tempat itu dan tidak mengampuninya karena lima puluh orang benar yang ada di dalamnya?",
Kejadian,18,25,Kejadian 18:25,"Pantang bagi Tuhan melakukan hal itu, membunuh orang benar bersama-sama dengan orang fasik sehingga orang benar itu disamakan dengan orang fasik. Pantang bagi Tuhan! Bukankah Hakim semesta bumi akan berlaku adil?”",
Kejadian,18,26,Kejadian 18:26,"Firman ALLAH, “Jika Kudapati lima puluh orang benar di Kota Sodom, maka Aku akan mengampuni seluruh tempat itu karena mereka.”",
Kejadian,18,27,Kejadian 18:27,"Kata Ibrahim pula, “Sesungguhnya, aku memberanikan diri berbicara kepada TUHAN sekalipun aku hanyalah debu dan abu.",
Kejadian,18,28,Kejadian 18:28,"Kalau kurang lima saja dari lima puluh orang benar itu, masakan Engkau akan memusnahkan seluruh kota itu hanya karena lima orang itu?” Firman-Nya, “Jika Kudapati di sana empat puluh lima orang, Aku tidak akan memusnahkannya.”",
Kejadian,18,29,Kejadian 18:29,"Ibrahim berkata lagi kepada-Nya, “Kalau didapati empat puluh orang di sana?” Firman-Nya, “Karena empat puluh orang itu Aku tidak akan melakukannya.”",
Kejadian,18,30,Kejadian 18:30,"Kata Ibrahim, “Janganlah kiranya TUHAN murka jika aku berbicara lagi. Kalau didapati di sana tiga puluh orang?” Firman-Nya, “Jika Kudapati di sana tiga puluh orang, Aku tidak akan melakukan hal itu.”",
Kejadian,18,31,Kejadian 18:31,"Kata Ibrahim, “Sesungguhnya, aku memberanikan diri berbicara kepada TUHAN. Kalau didapati di sana dua puluh orang?” Firman-Nya, “Karena kedua puluh orang itu Aku tidak akan memusnahkannya.”",
Kejadian,18,32,Kejadian 18:32,"Kata Ibrahim, “Janganlah kiranya TUHAN murka jika aku berbicara sekali ini saja lagi. Kalau didapati di sana sepuluh orang?” Firman-Nya, “Karena kesepuluh orang itu Aku tidak akan memusnahkannya.”",
Kejadian,18,33,Kejadian 18:33,"Setelah selesai berfirman kepada Ibrahim, ALLAH meninggalkan tempat itu, lalu Ibrahim pun kembali ke tempat tinggalnya.",
Kejadian,19,1,Kejadian 19:1,"Kedua malaikat itu sampai di Sodom pada petang hari. Pada waktu itu Lut sedang duduk di pintu gerbang Sodom. Ketika Lut melihat mereka, bangkitlah ia menyongsong mereka, lalu sujud.",Sodom dan Gomora Dimusnahkan
Kejadian,19,2,Kejadian 19:2,"Katanya, “Tuan-tuan, kumohon singgahlah ke rumah hambamu ini, dan bermalamlah. Basuhlah kaki Tuan-tuan, besok pagi Tuan-tuan dapat melanjutkan perjalanan.” Jawab mereka, “Tak perlu repot karena kami akan bermalam di alun-alun.”",
Kejadian,19,3,Kejadian 19:3,"Tetapi, ia mendesak mereka dengan sangat sehingga mereka singgah juga dan masuk ke rumahnya. Ia menjamu mereka. Dibakarnya roti yang tak beragi, lalu mereka pun makan.",
Kejadian,19,4,Kejadian 19:4,"Akan tetapi, sebelum mereka tidur para lelaki dari seluruh penjuru Kota Sodom, dari yang muda sampai yang tua, datang mengepung rumah itu.",
Kejadian,19,5,Kejadian 19:5,"Mereka memanggil Lut dan berkata kepadanya, “Di manakah orang-orang yang datang kepadamu malam ini? Bawalah mereka keluar kepada kami supaya kami gauli mereka.”",
Kejadian,19,6,Kejadian 19:6,"Lalu, keluarlah Lut mendapatkan mereka di depan pintu, tetapi ditutupnya pintu itu di belakangnya.",
Kejadian,19,7,Kejadian 19:7,"Katanya, “Hai Saudara-saudaraku, janganlah berbuat jahat.",
Kejadian,19,8,Kejadian 19:8,"Dengar, aku mempunyai dua orang anak perempuan yang belum pernah digauli laki-laki. Biarlah kubawa mereka keluar, kepadamu. Perlakukanlah mereka menurut apa yang kamu pandang baik. Hanya, jangan lakukan apa-apa terhadap orang-orang ini sebab mereka datang bernaung di bawah atap rumahku.”",
Kejadian,19,9,Kejadian 19:9,"Kata mereka, “Menyingkirlah jauh-jauh!” Kata mereka pula, “Orang ini datang untuk tinggal di sini sebagai pendatang, tetapi dia mau menjadi hakim pula! Sekarang, engkau akan kami jahati lebih daripada mereka.” Lalu, dengan kasar mereka memaksa Lut, dan datang mendekat untuk mendobrak pintu.",
Kejadian,19,10,Kejadian 19:10,"Tetapi, kedua orang itu mengulurkan tangannya, menarik Lut masuk ke dalam rumah, lalu menutup pintu.",
Kejadian,19,11,Kejadian 19:11,"Kemudian, mereka membutakan mata orang-orang yang ada di depan pintu rumah itu, dari yang kecil sampai yang besar, sehingga mereka kepayahan mencari-cari pintu.",
Kejadian,19,12,Kejadian 19:12,"Kata kedua orang itu kepada Lut, “Siapa lagi keluargamu di sini? Bawalah keluar dari tempat ini menantu, anak-anakmu, baik laki-laki maupun perempuan, atau siapa saja keluargamu di kota ini",
Kejadian,19,13,Kejadian 19:13,"karena kami akan memusnahkan tempat ini. Sesungguhnya, begitu hebat jeritan tentang kota ini di hadirat ALLAH sehingga ALLAH mengutus kami untuk memusnahkannya.”",
Kejadian,19,14,Kejadian 19:14,"Maka, keluarlah Lut, lalu berbicara dengan kedua calon menantunya yang akan memperistri anak-anak gadisnya. Katanya, “Bersiaplah, keluarlah dari tempat ini karena ALLAH akan memusnahkan kota ini!” Tetapi, Lut dianggap seperti sedang melucu saja oleh kedua calon menantunya.",
Kejadian,19,15,Kejadian 19:15,"Begitu fajar terbit, kedua malaikat itu mendesak Lut, kata mereka, “Cepat! Bawalah istrimu dan kedua anak perempuanmu yang ada di sini supaya engkau tidak ikut dilenyapkan karena kedurjanaan kota ini.”",
Kejadian,19,16,Kejadian 19:16,"Tetapi, ia berlambat-lambat. Kemudian, kedua orang itu memegang tangannya, tangan istrinya, dan tangan kedua anak perempuannya karena ALLAH berbelaskasihan kepada mereka. Mereka dibawa ke luar dan dilepaskan di luar kota.",
Kejadian,19,17,Kejadian 19:17,"Setelah kedua orang itu membawa mereka ke luar, berkatalah salah satu di antara mereka, “Larilah, selamatkanlah nyawamu! Jangan menoleh ke belakang dan jangan berhenti di mana pun di lembah ini. Larilah ke pegunungan supaya engkau tidak dilenyapkan.”",
Kejadian,19,18,Kejadian 19:18,"Tetapi, kata Lut kepada mereka, “Janganlah begitu, ya Tuan.",
Kejadian,19,19,Kejadian 19:19,"Memang Tuan telah mengasihani hambamu ini, dan Tuan sudah menunjukkan kepedulian yang besar kepada hamba dengan menyelamatkan nyawa hamba. Tetapi, hamba tidak sanggup lari ke pegunungan itu, jangan-jangan hamba akan terkejar oleh malapetaka itu, lalu mati.",
Kejadian,19,20,Kejadian 19:20,"Lihat, kota di sana itu cukup dekat untuk dituju. Lagi pula, kota itu kecil. Izinkan hamba lari ke sana supaya nyawa hamba terselamatkan. Bukankah kota itu kecil?”",
Kejadian,19,21,Kejadian 19:21,"Katanya kepada Lut, “Baiklah, dalam hal ini pun permintaanmu kuterima. Aku tidak akan menunggangbalikkan kota yang kausebutkan itu.",
Kejadian,19,22,Kejadian 19:22,"Larilah segera ke sana karena aku tidak dapat berbuat apa-apa sebelum engkau sampai di sana.” Itulah sebabnya, kota itu dinamai Zoar.",
Kejadian,19,23,Kejadian 19:23,Matahari sudah terbit di atas bumi ketika Lut sampai di Zoar.,
Kejadian,19,24,Kejadian 19:24,"Lalu, ALLAH menghujani Sodom dan Gomora dengan belerang dan api—dari ALLAH, dari langit.",
Kejadian,19,25,Kejadian 19:25,"Ia menunggangbalikkan kota-kota itu, bahkan seluruh lembah, seluruh penduduk, serta tumbuh-tumbuhan di tanah.",
Kejadian,19,26,Kejadian 19:26,"Tetapi, istri Lut menoleh ke belakang, lalu menjadi tiang garam.",
Kejadian,19,27,Kejadian 19:27,"Ibrahim bangun pagi-pagi, lalu pergi ke tempat ia berdiri di hadirat ALLAH.",
Kejadian,19,28,Kejadian 19:28,"Ia memandang ke arah Sodom dan Gomora serta seluruh lembah itu. Tampak asap membubung dari tanah itu, seperti asap dari dapur peleburan.",
Kejadian,19,29,Kejadian 19:29,"Pada waktu Allah memusnahkan kota-kota di lembah itu, Ia mengingat Ibrahim. Sebab itu, Ia menyuruh Lut keluar dari tengah-tengah kehancuran itu saat Ia menunggangbalikkan perkotaan tempat Lut tinggal.",
Kejadian,19,30,Kejadian 19:30,"Bersama kedua anak perempuannya, Lut kemudian pergi dari Zoar dan tinggal di pegunungan karena ia merasa takut untuk tinggal di Zoar. Ia tinggal dalam sebuah gua bersama kedua anak perempuannya itu.",Asal Usul Bangsa Moab dan Amon
Kejadian,19,31,Kejadian 19:31,"Pada suatu waktu, anak yang sulung berkata kepada anak yang bungsu, “Ayah kita sudah tua, dan tidak ada laki-laki di negeri ini yang akan mengawini kita, seperti adat seluruh bumi.",
Kejadian,19,32,Kejadian 19:32,"Marilah kita beri ayah kita minum anggur, lalu kita tidur dengannya supaya kita dapat melanjutkan keturunan ayah kita.”",
Kejadian,19,33,Kejadian 19:33,"Maka, mereka memberi ayah mereka minum anggur pada malam itu. Lalu, masuklah anak yang sulung dan tidur dengan ayahnya. Tetapi, ayahnya tidak sadar, baik ketika anaknya itu berbaring maupun ketika anaknya itu bangkit.",
Kejadian,19,34,Kejadian 19:34,"Keesokan harinya, berkatalah anak yang sulung kepada anak yang bungsu, “Dengar, semalam aku tidur dengan ayah. Mari kita beri dia minum anggur lagi malam ini, lalu masuklah engkau dan tidur dengannya supaya kita dapat melanjutkan keturunan ayah kita.”",
Kejadian,19,35,Kejadian 19:35,"Maka, mereka memberi ayah mereka minum anggur lagi pada malam itu, lalu bangunlah anak yang bungsu dan tidur dengan ayahnya. Tetapi, ayahnya tidak sadar, baik ketika anaknya itu berbaring maupun ketika anaknya itu bangkit.",
Kejadian,19,36,Kejadian 19:36,"Maka, kedua anak perempuan Lut itu pun mengandung dari ayah mereka.",
Kejadian,19,37,Kejadian 19:37,Anak yang sulung melahirkan seorang anak laki-laki yang dinamainya Moab. Ia adalah bapak leluhur orang Moab yang ada sekarang ini.,
Kejadian,19,38,Kejadian 19:38,Anak yang bungsu pun melahirkan seorang anak laki-laki yang dinamainya Bin-Ami. Ia adalah bapak leluhur bani Amon yang ada sekarang ini.,
Kejadian,20,1,Kejadian 20:1,"Kemudian, Ibrahim berangkat dari sana ke Tanah Negeb, lalu tinggal di antara Kades dan Syur. Ia tinggal di Gerar sebagai pendatang.",Nabi Ibrahim dan Raja Abimelekh
Kejadian,20,2,Kejadian 20:2,"Tentang Sarah, istrinya, Ibrahim berkata, “Ia saudaraku.” Sebab itu, Abimelekh, raja Gerar, menyuruh orang menjemput Sarah.",
Kejadian,20,3,Kejadian 20:3,"Akan tetapi, Allah datang kepada Abimelekh dalam suatu mimpi di malam hari dan berfirman kepadanya, “Ketahuilah, engkau akan mati karena perempuan yang kaujemput itu, sebab ia telah bersuami.”",
Kejadian,20,4,Kejadian 20:4,"Pada waktu itu Abimelekh belum menghampiri Sarah. Maka, katanya, “Ya Rabbi, masakan Engkau membunuh bangsa yang tak bersalah?",
Kejadian,20,5,Kejadian 20:5,"Bukankah orang itu sendiri berkata kepadaku, ‘Ia saudaraku’? Bahkan perempuan itu sendiri pun berkata, ‘Ia saudaraku.’ Jadi, dengan tulus hati dan dengan tangan yang suci aku melakukan hal ini.”",
Kejadian,20,6,Kejadian 20:6,"Lalu, firman Allah kepadanya dalam mimpi itu, “Aku tahu bahwa engkau melakukan hal itu dengan tulus hati. Itulah sebabnya, Aku hendak mencegah engkau berbuat dosa terhadap Aku, dan tidak Kubiarkan engkau menyentuh perempuan itu.",
Kejadian,20,7,Kejadian 20:7,"Sekarang, kembalikanlah istri orang itu karena suaminya seorang nabi. Ia akan berdoa untukmu sehingga engkau akan tetap hidup. Tetapi, jika engkau tidak mengembalikan perempuan itu, ketahuilah, sesungguhnya engkau dan semua orang yang ada padamu akan mati.”",
Kejadian,20,8,Kejadian 20:8,"Keesokan harinya Abimelekh bangun pagi-pagi, lalu memanggil semua hambanya dan memberitahukan semua hal itu kepada mereka. Maka, mereka menjadi sangat takut.",
Kejadian,20,9,Kejadian 20:9,"Kemudian, Abimelekh memanggil Ibrahim dan berkata kepadanya, “Apa yang telah kaulakukan terhadap kami? Apa dosaku kepadamu sehingga engkau mendatangkan dosa yang besar atas diriku dan atas kerajaanku? Engkau telah melakukan perbuatan yang tidak patut terhadapku.”",
Kejadian,20,10,Kejadian 20:10,"Kata Abimelekh pula kepada Ibrahim, “Apa maksudmu sehingga engkau berbuat demikian?”",
Kejadian,20,11,Kejadian 20:11,"Jawab Ibrahim, “Aku menyangka bahwa di tempat ini sama sekali tidak ada orang yang bertakwa kepada Allah sehingga tentulah aku akan dibunuh karena istriku.",
Kejadian,20,12,Kejadian 20:12,"Lagi pula, ia memang saudaraku. Ia anak ayahku, hanya bukan anak ibuku, lalu ia menjadi istriku.",
Kejadian,20,13,Kejadian 20:13,"Jadi, ketika Allah menyuruh aku mengembara meninggalkan rumah ayahku, aku berkata kepadanya, ‘Nyatakanlah kasihmu kepadaku dengan cara ini: Di tempat mana pun kita tiba, katakanlah bahwa aku saudaramu.’”",
Kejadian,20,14,Kejadian 20:14,"Kemudian, Abimelekh mengambil kawanan kambing domba, kawanan sapi, serta hamba-hamba laki-laki dan perempuan, dan memberikan semua itu kepada Ibrahim. Ia pun mengembalikan kepadanya Sarah, istri Ibrahim itu.",
Kejadian,20,15,Kejadian 20:15,"Kata Abimelekh, “Lihat, negeriku terbuka untukmu. Tinggallah di mana saja kausuka.”",
Kejadian,20,16,Kejadian 20:16,"Katanya kepada Sarah, “Dengar, aku telah memberikan seribu keping perak kepada saudaramu di depan mata semua orang yang ada bersamamu sebagai bukti kesucianmu. Dalam segala hal engkau dinyatakan tidak bersalah.”",
Kejadian,20,17,Kejadian 20:17,"Lalu, Ibrahim memanjatkan doa kepada Allah, dan Allah menyembuhkan Abimelekh, istrinya, serta hamba-hambanya yang perempuan sehingga mereka dapat melahirkan lagi.",
Kejadian,20,18,Kejadian 20:18,"Sebab sebelumnya ALLAH telah menutup rahim setiap perempuan di istana Abimelekh karena Sarah, istri Ibrahim itu.",
Kejadian,21,1,Kejadian 21:1,"ALLAH memperhatikan Sarah seperti yang telah difirmankan-Nya, dan terhadap Sarah ALLAH melakukan seperti yang telah dijanjikan-Nya.",Kelahiran Ishak bin Ibrahim
Kejadian,21,2,Kejadian 21:2,"Maka, mengandunglah Sarah, lalu melahirkan seorang anak laki-laki bagi Ibrahim pada masa tuanya, yaitu pada waktu yang telah ditentukan, sesuai dengan janji Allah kepadanya.",
Kejadian,21,3,Kejadian 21:3,"Ibrahim menamai anaknya yang baru lahir itu Ishak, yaitu anak yang dilahirkan Sarah baginya.",
Kejadian,21,4,Kejadian 21:4,"Lalu, Ibrahim mengkhitankan Ishak anaknya itu pada usia delapan hari, seperti yang diperintahkan Allah kepadanya.",
Kejadian,21,5,Kejadian 21:5,"Umur Ibrahim seratus tahun pada waktu Ishak, anaknya, dilahirkan baginya.",
Kejadian,21,6,Kejadian 21:6,"Sarah berkata, “Allah telah membuat aku tertawa. Setiap orang yang mendengarnya akan tertawa bersama-ku.”",
Kejadian,21,7,Kejadian 21:7,"Katanya pula, “Siapa yang dahulu dapat mengatakan kepada Ibrahim bahwa Sarah menyusui anak? Namun, aku telah melahirkan seorang anak laki-laki baginya pada masa tuanya.”",
Kejadian,21,8,Kejadian 21:8,"Anak itu tumbuh makin besar, lalu disapih. Ibrahim mengadakan perjamuan besar pada hari Ishak disapih itu.",Siti Hajar dan Anaknya Harus Pergi
Kejadian,21,9,Kejadian 21:9,"Pada suatu waktu, Sarah melihat anak yang dilahirkan bagi Ibrahim oleh Hajar, perempuan Mesir itu, sedang bermain-main dengan Ishak.",
Kejadian,21,10,Kejadian 21:10,"Sebab itu, berkatalah Sarah kepada Ibrahim, “Usirlah hamba perempuan itu bersama anaknya karena anak hamba perempuan ini tidak boleh menjadi ahli waris bersama anakku, Ishak.”",
Kejadian,21,11,Kejadian 21:11,Hal itu sangat mengesalkan hati Ibrahim karena Ismail juga anaknya.,
Kejadian,21,12,Kejadian 21:12,"Tetapi, Allah berfirman kepada Ibrahim, “Janganlah kesal hatimu karena anak itu serta hambamu. Semua yang dikatakan Sarah kepadamu haruslah kaudengar karena yang berasal dari Ishaklah yang akan disebut sebagai keturunanmu.",
Kejadian,21,13,Kejadian 21:13,"Namun, anak dari hamba perempuan itu pun akan Kujadikan suatu bangsa karena ia juga keturunanmu.”",
Kejadian,21,14,Kejadian 21:14,"Keesokan harinya Ibrahim bangun pagi-pagi. Diambilnya roti serta sebuah kantong kulit berisi air, lalu diserahkannya kepada Hajar dengan menaruhnya pada bahunya. Diserahkannya pula anaknya, lalu disuruhnya perempuan itu pergi. Maka, berjalanlah Hajar, mengembara di Padang Belantara Bersyeba.",
Kejadian,21,15,Kejadian 21:15,"Ketika air dalam kantong kulit itu habis, direbahkannyalah anaknya di bawah suatu pohon semak.",
Kejadian,21,16,Kejadian 21:16,"Kemudian, ia pergi dan duduk agak jauh berseberangan dengan anak itu, kira-kira sejauh panah ditembakkan, karena katanya, “Jangan biarkan aku melihat anak itu mati.” Sambil duduk berseberangan dengan anak itu, menangislah ia dengan suara nyaring.",
Kejadian,21,17,Kejadian 21:17,"Allah mendengar suara anak itu, lalu Malaikat Allah memanggil Hajar dari langit. Sabda-Nya kepadanya, “Ada apa dengan kamu, Hajar? Jangan takut karena Allah mendengar suara anak itu dari tempat ia terbaring.",
Kejadian,21,18,Kejadian 21:18,"Bangkitlah, angkatlah anak itu, dan tuntunlah dia karena Aku akan membuat dia menjadi suatu bangsa yang besar.”",
Kejadian,21,19,Kejadian 21:19,"Kemudian, Allah membuka mata Hajar sehingga ia melihat sebuah sumur. Maka, pergilah ia mengisi kantong kulitnya dengan air, lalu memberi anak itu minum.",
Kejadian,21,20,Kejadian 21:20,"Allah menyertai anak itu, dan ia bertambah besar. Ia tinggal di padang belantara, lalu menjadi seorang pemanah.",
Kejadian,21,21,Kejadian 21:21,"Sementara ia tinggal di Padang Belantara Paran, ibunya mengambil baginya seorang istri dari Tanah Mesir.",
Kejadian,21,22,Kejadian 21:22,"Pada waktu itu Abimelekh dan Pikhol, panglima tentaranya, berkata kepada Ibrahim demikian, “ALLAH menyertai engkau dalam segala sesuatu yang kaulakukan.",Perjanjian Nabi Ibrahim dengan Raja Abimelekh
Kejadian,21,23,Kejadian 21:23,"Sekarang, bersumpahlah kepadaku di sini demi Allah bahwa engkau tidak akan bertindak curang terhadap aku, terhadap anak-anakku, atau terhadap cucu-cicitku. Sebagaimana aku telah memperlakukan engkau dengan baik, berlaku jugalah demikian terhadap aku dan terhadap negeri ini, tempat engkau tinggal sebagai pendatang.”",
Kejadian,21,24,Kejadian 21:24,"Kata Ibrahim, “Aku bersumpah.”",
Kejadian,21,25,Kejadian 21:25,"Tetapi, Ibrahim mengeluh kepada Abimelekh perihal sumur yang dirampas oleh hamba-hamba Abimelekh.",
Kejadian,21,26,Kejadian 21:26,"Kata Abimelekh, “Aku tidak tahu siapa yang melakukan hal itu. Lagi pula, engkau tidak memberitahukannya kepadaku. Aku belum pernah mendengarnya, kecuali hari ini.”",
Kejadian,21,27,Kejadian 21:27,"Maka, Ibrahim mengambil beberapa ekor dari kawanan kambing domba dan kawanan sapi, lalu memberikannya kepada Abimelekh. Setelah itu, keduanya mengikat perjanjian.",
Kejadian,21,28,Kejadian 21:28,Ibrahim memisahkan tujuh ekor anak domba betina dari kawanan domba itu.,
Kejadian,21,29,Kejadian 21:29,"Tanya Abimelekh kepada Ibrahim, “Apa maksudmu memisahkan tujuh ekor anak domba betina ini?”",
Kejadian,21,30,Kejadian 21:30,"Jawabnya, “Ketujuh ekor anak domba betina ini haruslah kauambil dari tanganku sehingga engkau menjadi saksi bahwa akulah yang menggali sumur ini.”",
Kejadian,21,31,Kejadian 21:31,"Itulah sebabnya, tempat itu dinamai Bersyeba karena keduanya telah mengangkat sumpah di sana.",
Kejadian,21,32,Kejadian 21:32,"Setelah mereka mengikat perjanjian di Bersyeba, bersiaplah Abimelekh dan Pikhol, panglima tentaranya, lalu kembali ke negeri orang Filistin.",
Kejadian,21,33,Kejadian 21:33,"Ibrahim menanam sebatang pohon tamariska di Bersyeba, dan menyerukan di sana nama ALLAH, Tuhan Yang Kekal.",
Kejadian,21,34,Kejadian 21:34,Ibrahim tinggal sebagai pendatang di negeri orang Filistin selama beberapa waktu.,
Kejadian,22,1,Kejadian 22:1,"Sesudah berbagai peristiwa itu Allah menguji Ibrahim. Firman-Nya kepadanya, “Ibrahim.” Jawabnya, “Ini aku, Tuhan.”",Kepercayaan Nabi Ibrahim Diuji
Kejadian,22,2,Kejadian 22:2,"Firman-Nya, “Bawalah anakmu, anak tunggalmu yang kaukasihi, yaitu Ishak, dan pergilah ke Tanah Moria. Persembahkanlah dia di sana sebagai kurban bakaran, di atas salah satu gunung yang akan Kusebutkan kepadamu.”",
Kejadian,22,3,Kejadian 22:3,"Ibrahim pun bangun pagi-pagi. Dipasangnya pelana pada keledainya, lalu diajaknya dua orang hambanya untuk menyertainya, dan juga Ishak, anaknya. Ia membelah kayu untuk kurban bakaran, lalu segera berangkat menuju tempat yang disebutkan Allah kepadanya.",
Kejadian,22,4,Kejadian 22:4,"Pada hari ketiga, ketika Ibrahim melayangkan pandangannya, terlihatlah tempat itu dari jauh.",
Kejadian,22,5,Kejadian 22:5,"Maka, kata Ibrahim kepada hamba-hambanya, “Tinggallah di sini dengan keledai ini. Aku dan anak ini hendak pergi ke sana. Kami akan beribadah, kemudian kembali lagi kepadamu.”",
Kejadian,22,6,Kejadian 22:6,"Ibrahim mengambil kayu untuk kurban bakaran dan menaruhnya pada bahu Ishak, anaknya. Ia sendiri membawa api dan sebilah pisau. Lalu, berjalanlah keduanya bersama-sama.",
Kejadian,22,7,Kejadian 22:7,"Kata Ishak kepada Ibrahim, ayahnya, “Ayah.” Jawabnya, “Ya, anakku?” Kata Ishak, “Di sini ada api dan kayu bakar, tetapi di manakah anak domba yang akan dikurbankan?”",
Kejadian,22,8,Kejadian 22:8,"Jawab Ibrahim, “Allah sendirilah yang akan menyediakan bagi diri-Nya anak domba untuk kurban bakaran itu, anakku.” Lalu, berjalanlah keduanya bersama-sama.",
Kejadian,22,9,Kejadian 22:9,"Sesampainya mereka di tempat yang disebutkan Allah kepadanya, Ibrahim mendirikan sebuah mazbah, yaitu tempat pembakaran kurban. Ia mengatur kayu bakar, mengikat Ishak, anaknya, lalu meletakkannya di atas mazbah itu, di atas kayu bakar.",
Kejadian,22,10,Kejadian 22:10,"Kemudian, Ibrahim mengulurkan tangannya, mengambil pisau untuk menyembelih anaknya.",
Kejadian,22,11,Kejadian 22:11,"Akan tetapi, Malaikat ALLAH berseru kepadanya dari langit, “Ibrahim! Ibrahim!” Jawabnya, “Ya, Tuan.”",
Kejadian,22,12,Kejadian 22:12,"Firman-Nya, “Jangan celakakan anak itu dan jangan kauapa-apakan dia karena sekarang Aku tahu bahwa engkau bertakwa kepada Allah dan tidak segan-segan menyerahkan anakmu, anakmu yang tunggal itu, kepada-Ku.”",
Kejadian,22,13,Kejadian 22:13,"Ketika Ibrahim mengangkat wajahnya dan mengamati, tampaklah di belakangnya seekor domba jantan yang tanduknya tersangkut pada semak-semak. Ibrahim pergi mengambil domba jantan itu, lalu mempersembahkannya sebagai kurban bakaran menggantikan anaknya.",
Kejadian,22,14,Kejadian 22:14,"Maka, Ibrahim menamai tempat itu “ALLAH menyediakan.” Sebab itu, sampai pada hari ini orang mengatakan, “Di atas gunung ALLAH, akan disediakan.”",
Kejadian,22,15,Kejadian 22:15,"Kemudian, untuk kedua kalinya Malaikat ALLAH berseru kepada Ibrahim dari langit,",
Kejadian,22,16,Kejadian 22:16,"sabda-Nya, “Demi diri-Ku sendiri Aku bersumpah, demikianlah firman ALLAH, karena engkau telah melakukan hal ini dan tidak segan-segan menyerahkan kepada-Ku anakmu, anak tunggalmu itu,",
Kejadian,22,17,Kejadian 22:17,"maka pastilah Aku memberkahimu dan pastilah Aku memperbanyak keturunanmu seperti bintang di langit dan seperti pasir di tepi laut. Keturunanmu akan menduduki pintu gerbang musuh-musuhnya,",
Kejadian,22,18,Kejadian 22:18,dan melalui keturunanmu semua bangsa di bumi akan mendapat berkah karena engkau telah mematuhi perkataan-Ku.”,
Kejadian,22,19,Kejadian 22:19,"Setelah itu, kembalilah Ibrahim kepada hamba-hambanya. Mereka pun bersiap-siap, lalu pergi bersama-sama ke Bersyeba. Kemudian, tinggallah Ibrahim di Bersyeba.",
Kejadian,22,20,Kejadian 22:20,"Sesudah berbagai peristiwa itu, Ibrahim mendapat kabar demikian, “Ketahuilah, Milka pun telah melahirkan anak-anak lelaki bagi Nahor, saudara Tuan.",Keturunan Nahor
Kejadian,22,21,Kejadian 22:21,"Us, anak yang sulung, kemudian Bus, adiknya, selanjutnya Kemuel (bapak Aram),",
Kejadian,22,22,Kejadian 22:22,"Kesed, Haso, Pildas, Yidlaf, dan Betuel.”",
Kejadian,22,23,Kejadian 22:23,"Betuel mempunyai anak, yaitu Ribka. Kedelapan orang ini dilahirkan Milka bagi Nahor, saudara Ibrahim.",
Kejadian,22,24,Kejadian 22:24,"Selain itu, dari gundik Nahor yang bernama Reuma lahir juga Tebah, Gaham, Tahas, dan Maakha.",
Kejadian,23,1,Kejadian 23:1,Sarah hidup seratus dua puluh tujuh tahun. Sepanjang itulah tahun-tahun kehidupan Sarah.,Siti Sarah Wafat dan Dimakamkan
Kejadian,23,2,Kejadian 23:2,"Sarah wafat di Kiryat-Arba, yaitu Hebron, di Tanah Kanaan. Lalu, Ibrahim datang meratapi serta menangisi Sarah.",
Kejadian,23,3,Kejadian 23:3,"Beberapa waktu kemudian Ibrahim bangkit dari sisi istrinya, yang telah wafat itu, lalu berbicara dengan bani Het. Katanya,",
Kejadian,23,4,Kejadian 23:4,"“Aku ini seorang pendatang dan perantau di antara kamu. Berilah padaku suatu tempat pemakaman dengan hak milik di antara kamu supaya aku dapat memakamkan istriku, yang telah wafat.”",
Kejadian,23,5,Kejadian 23:5,"Jawab bani Het kepada Ibrahim,",
Kejadian,23,6,Kejadian 23:6,"“Dengarkanlah kami, Tuan. Tuan adalah seorang pemimpin besar di tengah-tengah kami. Makamkanlah istri Tuan dalam makam kami yang terpilih. Tidak akan ada seorang pun dari antara kami yang enggan memberikan tanah pemakaman miliknya untuk Tuan pakai memakamkan istri Tuan.”",
Kejadian,23,7,Kejadian 23:7,"Maka, segera Ibrahim sujud memberi hormat kepada bani Het, penduduk negeri itu.",
Kejadian,23,8,Kejadian 23:8,"Ia berkata kepada mereka, “Jika hatimu ikhlas mengizinkan aku memakamkan istriku di sini, dengarlah, mintakanlah kepada Efron bin Zohar atas namaku",
Kejadian,23,9,Kejadian 23:9,"supaya ia memberikan kepadaku gua Makhpela miliknya, yang terletak di ujung ladangnya. Hendaklah ia memberikannya kepadaku dengan harga penuh sebagai suatu pemakaman dengan hak milik di tengah-tengah kamu.”",
Kejadian,23,10,Kejadian 23:10,"Pada waktu itu Efron hadir di tengah-tengah bani Het. Lalu, disaksikan oleh bani Het, yaitu semua orang yang datang ke pintu gerbang kotanya, Efron orang Het itu menjawab Ibrahim. Katanya,",
Kejadian,23,11,Kejadian 23:11,"“Tidak, Tuanku, dengarkanlah aku. Ladang itu kuberikan kepada Tuan. Gua yang ada di dalamnya pun kuberikan kepada Tuan. Di depan mata orang-orang sebangsaku aku memberikannya kepada Tuan. Makamkanlah istri Tuan di sana.”",
Kejadian,23,12,Kejadian 23:12,"Maka, sujudlah Ibrahim memberi hormat kepada penduduk negeri itu.",
Kejadian,23,13,Kejadian 23:13,"Dengan disaksikan oleh penduduk negeri itu, berkatalah ia kepada Efron, “Jika engkau tidak keberatan, dengarkanlah aku. Aku akan membayar harga ladang itu. Terimalah uang dariku, baru aku akan memakamkan istriku di sana.”",
Kejadian,23,14,Kejadian 23:14,"Jawab Efron kepada Ibrahim,",
Kejadian,23,15,Kejadian 23:15,"“Tuanku, dengarkanlah aku. Sebidang tanah seharga empat ratus syikal perak, apalah artinya itu bagiku dan bagi Tuan? Sebab itu, makamkan sajalah istri Tuan di sana.”",
Kejadian,23,16,Kejadian 23:16,"Ibrahim menuruti perkataan Efron, lalu ia menimbang bagi Efron uang perak sebanyak yang telah disebutkannya di hadapan bani Het itu, yaitu empat ratus syikal perak, sesuai dengan yang berlaku di antara para saudagar.",
Kejadian,23,17,Kejadian 23:17,"Demikianlah ladang Efron di Makhpela, di sebelah timur Mamre, yaitu ladang dan gua yang ada di dalamnya, serta semua pohon di ladang itu sampai sekeliling perbatasannya,",
Kejadian,23,18,Kejadian 23:18,ditetapkan sebagai milik Ibrahim di depan mata bani Het serta di depan semua orang yang datang ke pintu gerbang kota itu.,
Kejadian,23,19,Kejadian 23:19,"Sesudah itu, Ibrahim memakamkan Sarah istrinya dalam gua di ladang Makhpela, di sebelah timur Mamre, yaitu Hebron, di Tanah Kanaan.",
Kejadian,23,20,Kejadian 23:20,Demikianlah ladang itu dengan gua yang ada di dalamnya itu ditetapkan oleh bani Het bagi Ibrahim sebagai pemakaman dengan hak milik.,
Kejadian,24,1,Kejadian 24:1,"Ibrahim sudah tua dan lanjut umurnya, dan ALLAH memberkahi Ibrahim dalam segala hal.",Ribka Dipinang bagi Nabi Ishak
Kejadian,24,2,Kejadian 24:2,"Suatu kali berkatalah Ibrahim kepada hambanya, hamba yang tertua dalam rumahnya dan yang diberi wewenang atas segala sesuatu yang dimilikinya, “Letakkanlah tanganmu di bawah pahaku.",
Kejadian,24,3,Kejadian 24:3,"Aku meminta engkau bersumpah demi ALLAH, Tuhan semesta langit dan Tuhan semesta bumi, bahwa engkau tidak akan mengambil seorang istri bagi anakku dari antara anak-anak perempuan Kanaan sekalipun aku tinggal di antara mereka.",
Kejadian,24,4,Kejadian 24:4,"Tetapi, engkau harus pergi ke negeri asalku dan kepada sanak saudaraku untuk mengambil seorang istri bagi Ishak, anakku.”",
Kejadian,24,5,Kejadian 24:5,"Kata hambanya kepadanya, “Jangan-jangan perempuan itu tidak mau mengikut aku ke negeri ini. Jika demikian, bolehkah aku kembali untuk membawa anak Tuan ke negeri tempat asal Tuan itu?”",
Kejadian,24,6,Kejadian 24:6,"Kata Ibrahim kepadanya, “Ingat, jangan kaubawa anakku kembali ke sana!",
Kejadian,24,7,Kejadian 24:7,"ALLAH, Tuhan semesta langit, telah mengambil aku dari rumah ayahku serta dari tanah kelahiranku. Ia pun telah berfirman serta bersumpah kepadaku demikian, ‘Kepada keturunanmu Aku akan mengaruniakan negeri ini.’ Maka, tentunya Dia juga akan mengutus malaikat-Nya berjalan di depanmu supaya engkau dapat mengambil seorang istri bagi anakku dari sana.",
Kejadian,24,8,Kejadian 24:8,"Akan tetapi, jika perempuan itu tidak mau mengikut engkau, maka bebaslah engkau dari sumpahmu kepadaku. Hanya, jangan kaubawa anakku kembali ke sana.”",
Kejadian,24,9,Kejadian 24:9,"Kemudian, hamba itu meletakkan tangannya di bawah paha Ibrahim, tuannya, dan bersumpah kepadanya sehubungan dengan hal itu.",
Kejadian,24,10,Kejadian 24:10,"Hamba itu mengambil sepuluh ekor unta dari kawanan unta tuannya, lalu pergi dengan membawa berbagai barang berharga milik tuannya. Ia berangkat ke Aram-Mesopotamia, ke kota Nahor.",
Kejadian,24,11,Kejadian 24:11,"Di sana, dihentikannya unta-untanya dekat sebuah sumur di luar kota pada waktu petang, saat perempuan-perempuan keluar untuk menimba air.",
Kejadian,24,12,Kejadian 24:12,"Lalu, katanya, “Ya ALLAH, Tuhan yang dipuja Tuanku Ibrahim, buatlah kiranya aku berhasil pada hari ini dan tunjukkanlah kasih-Mu kepada Tuanku, Ibrahim.",
Kejadian,24,13,Kejadian 24:13,"Lihatlah, aku berdiri dekat mata air ini, dan anak-anak perempuan penduduk kota ini datang untuk menimba air.",
Kejadian,24,14,Kejadian 24:14,"Kalau aku berkata kepada seorang gadis, ‘Tolong turunkan buyungmu dan beri aku minum,’ dan ia menjawab, ‘Minumlah, unta-untamu pun akan kuberi minum,’ maka dialah orang yang Tuhan tentukan bagi hamba-Mu Ishak. Dengan cara itulah aku akan tahu bahwa Tuhan telah menunjukkan kasih kepada tuanku.”",
Kejadian,24,15,Kejadian 24:15,"Belum selesai ia berkata-kata, tiba-tiba datanglah Ribka dengan buyung di atas bahunya. Ia anak perempuan Betuel—Betuel adalah anak lelaki Milka, yaitu istri Nahor, saudara Ibrahim.",
Kejadian,24,16,Kejadian 24:16,"Gadis itu sangat cantik parasnya, seorang perawan, belum pernah digauli laki-laki. Ia turun ke mata air itu dan mengisi buyungnya, lalu naik lagi.",
Kejadian,24,17,Kejadian 24:17,"Maka, berlarilah hamba itu mendapatkannya dan berkata, “Tolong beri aku minum dari buyungmu itu, sedikit saja.”",
Kejadian,24,18,Kejadian 24:18,"Jawabnya, “Minumlah, Tuanku.” Segera ia menurunkan buyungnya ke tangannya, lalu memberinya minum.",
Kejadian,24,19,Kejadian 24:19,"Setelah selesai memberi minum kepada hamba itu, berkatalah gadis itu, “Aku akan menimbakan air juga untuk unta-unta Tuan sampai semuanya puas minum.”",
Kejadian,24,20,Kejadian 24:20,"Dengan segera dituangnya isi buyungnya ke dalam tempat minum ternak, kemudian berlari lagi ke sumur untuk menimba air bagi semua unta orang itu.",
Kejadian,24,21,Kejadian 24:21,"Sambil memperhatikan gadis itu, orang itu berdiam diri untuk mengetahui apakah ALLAH membuat perjalanannya berhasil atau tidak.",
Kejadian,24,22,Kejadian 24:22,"Setelah unta-unta selesai minum, orang itu mengambil anting-anting emas seberat setengah syikal serta sepasang gelang tangan dari emas seberat sepuluh syikal.",
Kejadian,24,23,Kejadian 24:23,"Lalu, ia bertanya, “Anak siapakah engkau? Katakanlah kepadaku. Adakah tempat di rumah ayahmu untuk kami bermalam?”",
Kejadian,24,24,Kejadian 24:24,"Jawab gadis itu kepadanya, “Aku ini anak Betuel. Betuel adalah anak yang dilahirkan Milka bagi Nahor.”",
Kejadian,24,25,Kejadian 24:25,"Kata gadis itu pula kepadanya, “Jerami atau pun makanan ternak ada berlimpah-limpah pada kami. Tempat bermalam pun ada.”",
Kejadian,24,26,Kejadian 24:26,"Maka, sujudlah orang itu menyembah ALLAH.",
Kejadian,24,27,Kejadian 24:27,"Katanya, “Segala puji bagi ALLAH, Tuhan Tuanku Ibrahim. Tak putus-putusnya kasih-Nya dan kesetiaan-Nya bagi tuanku. ALLAH telah memimpin aku ke rumah saudara-saudara tuanku.”",
Kejadian,24,28,Kejadian 24:28,Gadis itu pun berlari dan pergi memberitahu seisi rumah ibunya mengenai hal ini.,
Kejadian,24,29,Kejadian 24:29,Ribka mempunyai seorang saudara laki-laki bernama Laban. Berlarilah Laban menuju mata air untuk menemui orang itu,
Kejadian,24,30,Kejadian 24:30,"segera setelah ia melihat anting-anting dan gelang di tangan saudaranya dan setelah ia mendengar perkataan Ribka, saudaranya, “Begitulah kata orang itu kepadaku.” Ia pergi mendapatkan orang itu, yang tampak sedang berdiri di samping unta-untanya di dekat mata air.",
Kejadian,24,31,Kejadian 24:31,"Kata Laban, “Marilah, hai engkau yang diberkahi ALLAH. Mengapa engkau berdiri di luar? Rumah sudah kusiapkan, juga tempat untuk unta-unta ini.”",
Kejadian,24,32,Kejadian 24:32,"Maka, masuklah orang itu ke dalam rumah, kemudian muatan unta-unta dibongkar, jerami serta makanan ternak diberikan kepada unta-unta itu, begitu pula air untuk membasuh kaki orang itu serta orang-orang yang menyertainya.",
Kejadian,24,33,Kejadian 24:33,"Setelah itu, makanan dihidangkan di hadapan mereka. Akan tetapi, orang itu berkata, “Aku tidak mau makan sebelum aku menyampaikan pesan yang kubawa.” Jawab Laban, “Sampaikanlah.”",
Kejadian,24,34,Kejadian 24:34,"Berkatalah ia, “Aku ini hamba Ibrahim.",
Kejadian,24,35,Kejadian 24:35,"ALLAH sangat memberkahi tuanku itu sehingga ia menjadi kaya. ALLAH mengaruniakan kepadanya kawanan kambing domba, sapi, unta, dan keledai, juga emas dan perak, serta hamba-hamba laki-laki dan perempuan.",
Kejadian,24,36,Kejadian 24:36,"Sarah, istri tuanku, melahirkan seorang anak laki-laki pada masa tuanya bagi tuanku. Kepada anaknya itu tuanku memberikan segala sesuatu yang dimilikinya.",
Kejadian,24,37,Kejadian 24:37,"Lalu, tuanku menyuruh aku bersumpah, katanya, ‘Jangan kauambil seorang istri bagi anakku dari antara anak-anak perempuan Kanaan, yang negerinya kutinggali ini.",
Kejadian,24,38,Kejadian 24:38,"Tetapi, engkau harus pergi kepada keluarga ayahku dan kepada kaumku untuk mengambil seorang istri bagi anakku.’",
Kejadian,24,39,Kejadian 24:39,"Kataku kepada tuanku, ‘Jangan-jangan perempuan itu tidak mau mengikut aku.’",
Kejadian,24,40,Kejadian 24:40,"Katanya kepadaku, ‘ALLAH, yang di hadapan-Nya aku hidup, akan mengutus malaikat-Nya menyertai engkau dan akan membuat perjalananmu berhasil sehingga engkau dapat mengambil seorang istri bagi anakku dari kaumku dan dari keluarga ayahku.",
Kejadian,24,41,Kejadian 24:41,"Apabila engkau sudah sampai ke tengah-tengah kaumku, terlepaslah engkau dari sumpahmu kepadaku. Sekalipun mereka tidak memberikan perempuan itu kepadamu, engkau tetap terlepas dari sumpahmu kepadaku.’",
Kejadian,24,42,Kejadian 24:42,"Pada hari ini aku sampai ke mata air itu. Lalu, aku berkata, ‘Ya ALLAH, Tuhan yang dipuja Ibrahim, berkenanlah kiranya Engkau membuat perjalanan yang kutempuh ini berhasil.",
Kejadian,24,43,Kejadian 24:43,"Lihatlah, aku berdiri dekat mata air ini. Kalau ada seorang gadis keluar untuk menimba air, aku akan berkata kepadanya, “Tolong beri aku minum dari buyungmu itu, sedikit saja.”",
Kejadian,24,44,Kejadian 24:44,"Jika kemudian ia berkata kepadaku, “Minumlah. Untuk unta-untamu pun akan kutimbakan air,” maka dialah perempuan yang ALLAH tentukan bagi anak tuanku.’",
Kejadian,24,45,Kejadian 24:45,"Belum selesai aku berkata-kata dalam hatiku, tiba-tiba datanglah Ribka dengan buyung di atas bahunya. Ia turun ke mata air, lalu menimba air. Aku berkata kepadanya, ‘Tolong beri aku minum.’",
Kejadian,24,46,Kejadian 24:46,"Segera ia menurunkan buyungnya dari atas bahunya dan berkata, ‘Minumlah. Unta-unta Tuan pun akan kuberi minum.’ Kemudian, minumlah aku, dan unta-unta itu pun diberinya minum.",
Kejadian,24,47,Kejadian 24:47,"Setelah itu, aku bertanya kepadanya, ‘Anak siapakah engkau?’ Jawabnya, ‘Anak Betuel. Betuel adalah anak Nahor, yang dilahirkan Milka.’ Aku pun mengenakan anting-anting pada hidungnya dan gelang pada tangannya.",
Kejadian,24,48,Kejadian 24:48,"Lalu, aku sujud menyembah ALLAH, serta memuji ALLAH, Tuhan Tuanku Ibrahim. Dialah yang telah memimpin aku di jalan yang benar untuk mengambil anak perempuan saudara tuanku ini bagi anaknya.",
Kejadian,24,49,Kejadian 24:49,"Sekarang, seandainya kamu hendak menunjukkan kasih dan kesetiaan kepada tuanku, katakanlah kepadaku, tetapi seandainya tidak, katakanlah juga kepadaku supaya aku tahu apakah aku harus berpaling ke kanan atau ke kiri.”",
Kejadian,24,50,Kejadian 24:50,"Laban dan Betuel menjawab, “Semua ini berasal dari ALLAH. Kami tidak dapat mengatakan kepadamu baik atau buruknya.",
Kejadian,24,51,Kejadian 24:51,"Lihat, Ribka ada di hadapanmu. Bawalah dia pergi. Biarlah dia menjadi istri anak tuanmu itu, seperti yang difirmankan ALLAH.”",
Kejadian,24,52,Kejadian 24:52,"Begitu hamba Ibrahim itu mendengar perkataan mereka, sujudlah ia menyembah ALLAH.",
Kejadian,24,53,Kejadian 24:53,"Lalu, hamba itu mengeluarkan perhiasan perak, perhiasan emas, serta pakaian-pakaian. Diberikannya semua itu kepada Ribka. Ia pun memberikan barang-barang berharga kepada saudara laki-lakinya serta ibunya.",
Kejadian,24,54,Kejadian 24:54,"Setelah itu, ia bersama-sama dengan orang-orang yang menyertainya makan dan minum, lalu bermalam di sana. Ketika mereka bangun pagi-pagi, berkatalah hamba itu, “Izinkanlah aku pulang kepada tuanku.”",
Kejadian,24,55,Kejadian 24:55,"Akan tetapi, saudara laki-laki Ribka serta ibunya berkata, “Biarkanlah anak perempuan ini tinggal dengan kami sekurang-kurangnya sepuluh hari lagi, kemudian bolehlah ia pergi.”",
Kejadian,24,56,Kejadian 24:56,"Kata hamba itu kepada mereka, “Janganlah tahan aku. ALLAH sudah membuat perjalananku berhasil. Jadi, izinkanlah aku pulang kepada tuanku.”",
Kejadian,24,57,Kejadian 24:57,"Jawab mereka, “Kami akan memanggil anak perempuan itu dan menanyakan langsung kepadanya.”",
Kejadian,24,58,Kejadian 24:58,"Kemudian, mereka memanggil Ribka dan bertanya kepadanya, “Maukah engkau pergi bersama orang ini?” Jawabnya, “Mau.”",
Kejadian,24,59,Kejadian 24:59,"Maka, mereka pun mengizinkan Ribka, saudara perempuan mereka, beserta pengasuhnya, pergi bersama hamba Ibrahim dengan orang-orangnya.",
Kejadian,24,60,Kejadian 24:60,"Mereka memohonkan berkah bagi Ribka dan berkata kepadanya, “Saudara kami, kiranya engkau menjadi berpuluh-puluh ribu dan kiranya keturunanmu menduduki pintu-pintu gerbang orang-orang yang membenci mereka.”",
Kejadian,24,61,Kejadian 24:61,"Kemudian, Ribka beserta hamba-hambanya yang perempuan berkemas-kemas. Dengan menunggang unta-unta, mereka pergi mengikuti orang itu. Demikianlah hamba itu membawa Ribka, lalu berjalan pulang.",
Kejadian,24,62,Kejadian 24:62,"Sementara itu, Ishak datang dari arah sumur Lahai-Roi. Ia tinggal di Tanah Negeb.",
Kejadian,24,63,Kejadian 24:63,"Menjelang petang, Ishak keluar untuk berjalan-jalan di padang. Ketika ia melayangkan pandangannya dan mengamati, tampak beberapa ekor unta datang.",
Kejadian,24,64,Kejadian 24:64,"Ribka pun melayangkan pandangannya, dan ketika ia melihat Ishak, turunlah ia dari untanya,",
Kejadian,24,65,Kejadian 24:65,"lalu bertanya kepada hamba itu, “Siapakah laki-laki yang sedang berjalan di padang itu menyongsong kita?” Jawab hamba itu, “Dialah tuanku.” Kemudian, Ribka mengambil cadarnya dan mengerudungi dirinya.",
Kejadian,24,66,Kejadian 24:66,Hamba itu menceritakan kepada Ishak segala hal yang telah dilakukannya.,
Kejadian,24,67,Kejadian 24:67,"Setelah itu, Ishak membawa Ribka ke dalam kemah Sarah, ibunya, dan menikahinya. Ribka menjadi istrinya, dan Ishak mencintainya. Maka, terhiburlah Ishak setelah kematian ibunya.",
Kejadian,25,1,Kejadian 25:1,Ibrahim mengambil seorang istri lagi bernama Ketura.,Keturunan Nabi Ibrahim dari Ketura
Kejadian,25,2,Kejadian 25:2,"Ketura melahirkan baginya Zimran, Yoksan, Medan, Midian, Isbak, dan Suah.",
Kejadian,25,3,Kejadian 25:3,"Yoksan mempunyai anak, yaitu Syeba dan Dedan. Keturunan Dedan ialah orang Asyur, orang Letus, dan orang Leum.",
Kejadian,25,4,Kejadian 25:4,"Anak-anak Midian ialah Efa, Efer, Henokh, Abida, dan Eldaa. Itulah semua keturunan Ketura.",
Kejadian,25,5,Kejadian 25:5,"Ibrahim memberikan segala sesuatu yang dimilikinya kepada Ishak,",
Kejadian,25,6,Kejadian 25:6,"tetapi kepada anak-anak yang didapatnya dari gundik-gundiknya, ia hanya memberikan beberapa pemberian. Selagi ia masih hidup, disuruhnya mereka pergi meninggalkan Ishak anaknya ke sebelah timur, ke Tanah Timur.",
Kejadian,25,7,Kejadian 25:7,Ibrahim mencapai umur seratus tujuh puluh lima tahun.,Nabi Ibrahim Wafat dan Dimakamkan
Kejadian,25,8,Kejadian 25:8,"Setelah itu, ia mengembuskan napasnya yang terakhir dan wafat ketika sudah sangat tua dan lanjut umur. Lalu, ia dikumpulkan bersama kaum leluhurnya.",
Kejadian,25,9,Kejadian 25:9,"Anak-anaknya, yaitu Ishak dan Ismail, memakamkannya dalam Gua Makhpela di ladang Efron bin Zohar, orang Het, yang terletak di sebelah timur Mamre.",
Kejadian,25,10,Kejadian 25:10,"Ladang itu dibeli Ibrahim dulu dari bani Het. Di sanalah Ibrahim dimakamkan bersama Sarah, istrinya.",
Kejadian,25,11,Kejadian 25:11,"Setelah Ibrahim wafat, Allah memberkahi Ishak, anaknya. Ishak tinggal dekat sumur Lahai-Roi.",
Kejadian,25,12,Kejadian 25:12,"Inilah keturunan Ismail, anak Ibrahim yang dilahirkan baginya oleh Hajar, seorang perempuan Mesir yang menjadi hamba Sarah.",Keturunan Ismail bin Ibrahim
Kejadian,25,13,Kejadian 25:13,"Inilah nama anak-anak Ismail menurut urutan kelahirannya: Nebayot, anak sulung Ismail, lalu Kedar, Adbeel, Mibsam,",
Kejadian,25,14,Kejadian 25:14,"Misma, Duma, Masa,",
Kejadian,25,15,Kejadian 25:15,"Hadad, Tema, Yetur, Nafis, dan Kedma.",
Kejadian,25,16,Kejadian 25:16,"Itulah anak-anak Ismail dan itulah nama-nama mereka menurut kampung serta perkemahan mereka, dua belas pemimpin suku, masing-masing dengan sukunya.",
Kejadian,25,17,Kejadian 25:17,"Ismail mencapai umur seratus tiga puluh tujuh tahun. Setelah itu, ia mengembuskan napasnya yang terakhir dan wafat, lalu dikumpulkan bersama kaum leluhurnya.",
Kejadian,25,18,Kejadian 25:18,Bani Ismail mendiami daerah dari Hawila sampai ke Syur yang terletak di sebelah timur Mesir ke arah Asyur. Mereka menetap di hadapan semua saudaranya.,
Kejadian,25,19,Kejadian 25:19,"Inilah keturunan Ishak, anak Ibrahim. Ibrahim mempunyai anak, yaitu Ishak.","Keturunan Ishak bin Ibrahim, yaitu Esau dan Yakub"
Kejadian,25,20,Kejadian 25:20,"Ishak berumur empat puluh tahun ketika ia memperistri Ribka. Ribka adalah anak Betuel, orang Aram dari Padan-Aram, dan saudara perempuan Laban, orang Aram itu.",
Kejadian,25,21,Kejadian 25:21,"Ishak berdoa kepada ALLAH untuk istrinya sebab istrinya itu mandul. ALLAH mengabulkan doanya, lalu mengandunglah Ribka, istrinya.",
Kejadian,25,22,Kejadian 25:22,"Namun, anak-anaknya bertolak-tolakan dalam kandungannya sehingga katanya, “Jika demikian, mengapa hal ini terjadi padaku?” Lalu, pergilah ia mencari petunjuk ALLAH.",
Kejadian,25,23,Kejadian 25:23,"Firman ALLAH kepadanya, “Dua bangsa ada dalam kandunganmu, dan dua suku bangsa akan berpencar dari rahimmu. Suku bangsa yang satu akan lebih kuat daripada yang lain, dan anak yang tua akan menghamba kepada anak yang muda.”",
Kejadian,25,24,Kejadian 25:24,"Setelah genap harinya untuk melahirkan, ternyata memang ada anak kembar dalam kandungannya.",
Kejadian,25,25,Kejadian 25:25,"Anak yang pertama keluar, warnanya merah, seluruh tubuhnya seperti jubah berbulu, sebab itu ia dinamai Esau.",
Kejadian,25,26,Kejadian 25:26,"Kemudian, keluarlah adiknya. Tangannya memegang tumit Esau sehingga ia dinamai Yakub. Ishak berumur enam puluh tahun ketika mereka dilahirkan.",
Kejadian,25,27,Kejadian 25:27,"Kedua anak itu bertambah besar. Esau seorang yang pandai berburu dan senang tinggal di padang, sedangkan Yakub seorang yang tenang dan senang tinggal dalam kemah.",
Kejadian,25,28,Kejadian 25:28,"Ishak menyayangi Esau karena ia suka makan hasil buruannya. Tetapi, Ribka menyayangi Yakub.",
Kejadian,25,29,Kejadian 25:29,"Suatu kali, ketika Yakub sedang memasak sesuatu, datanglah Esau dengan kelelahan dari padang.",
Kejadian,25,30,Kejadian 25:30,"Kata Esau kepada Yakub, “Berilah aku makan sedikit yang merah-merah itu karena aku lelah.” Itulah sebabnya, ia dinamai Edom.",
Kejadian,25,31,Kejadian 25:31,"Kata Yakub, “Juallah dahulu kepadaku hak kesulunganmu.”",
Kejadian,25,32,Kejadian 25:32,"Kata Esau, “Sebentar lagi aku mati. Apa gunanya hak kesulungan itu bagiku?”",
Kejadian,25,33,Kejadian 25:33,"Kata Yakub, “Bersumpahlah dahulu kepadaku.” Maka, bersumpahlah ia kepadanya dan dijualnyalah hak kesulungannya kepada Yakub.",
Kejadian,25,34,Kejadian 25:34,"Kemudian, Yakub memberikan kepada Esau roti dan masakan kacang merah itu. Esau makan dan minum, lalu bangkit dan pergi. Demikianlah Esau meremehkan hak kesulungannya.",
Kejadian,26,1,Kejadian 26:1,"Beberapa waktu kemudian terjadilah bencana kelaparan di negeri itu, berbeda dengan bencana kelaparan pertama yang terjadi pada zaman Ibrahim. Maka, pergilah Ishak ke Gerar untuk menghadap Abimelekh, raja orang Filistin.",Nabi Ishak di Gerar
Kejadian,26,2,Kejadian 26:2,"Lalu, ALLAH menampakkan diri kepadanya dan berfirman, “Jangan pergi ke Mesir. Diamlah di negeri yang akan Kukatakan kepadamu.",
Kejadian,26,3,Kejadian 26:3,"Tinggallah di negeri ini sebagai pendatang maka Aku akan menyertaimu dan memberkahimu karena kepadamu dan kepada keturunanmulah akan Kukaruniakan seluruh negeri ini. Aku akan meneguhkan sumpah yang Kuucapkan kepada Ibrahim, ayahmu.",
Kejadian,26,4,Kejadian 26:4,"Aku akan memperbanyak keturunanmu seperti bintang di langit. Aku akan mengaruniakan seluruh negeri ini kepada keturunanmu, dan melalui keturunanmu semua bangsa di bumi akan mendapat berkah",
Kejadian,26,5,Kejadian 26:5,"karena Ibrahim telah mematuhi firman-Ku serta memegang teguh kewajibannya kepada-Ku, perintah-perintah-Ku, ketetapan-ketetapan-Ku, dan hukum-hukum-Ku.”",
Kejadian,26,6,Kejadian 26:6,"Maka, tinggallah Ishak di Gerar.",
Kejadian,26,7,Kejadian 26:7,"Ketika orang-orang di tempat itu bertanya tentang istrinya, ia menjawab, “Dia saudaraku,” karena ia takut mengatakan, “Dia istriku.” Pikirnya, “Jangan-jangan aku dibunuh oleh orang-orang di tempat ini karena Ribka, sebab cantik parasnya.”",
Kejadian,26,8,Kejadian 26:8,"Tetapi, suatu kali, ketika Abimelekh, raja orang Filistin, sedang menengok dari jendela untuk melihat-lihat, tampak Ishak sedang bercumbu dengan Ribka, istrinya. Hal itu terjadi setelah Ishak tinggal di sana beberapa waktu lamanya.",
Kejadian,26,9,Kejadian 26:9,"Maka, Abimelekh memanggil Ishak dan berkata, “Ternyata dia istrimu! Bagaimana bisa kaukatakan, ‘Dia saudaraku’?” Jawab Ishak kepadanya, “Karena pikirku, ‘Jangan-jangan aku mati karena dia.’”",
Kejadian,26,10,Kejadian 26:10,"Kata Abimelekh pula, “Apa yang telah kaulakukan terhadap kami ini? Mudah saja salah seorang dari bangsa ini tidur dengan istrimu. Dengan demikian, engkau menyebabkan kami bersalah.”",
Kejadian,26,11,Kejadian 26:11,"Kemudian, Abimelekh memberi perintah kepada seluruh bangsa itu, katanya, “Siapa menyentuh orang ini atau istrinya, ia pasti dihukum mati.”",
Kejadian,26,12,Kejadian 26:12,Ishak menabur benih di negeri itu dan dalam tahun itu juga ia mendapat hasil seratus kali lipat karena ALLAH memberkahinya.,
Kejadian,26,13,Kejadian 26:13,Orang itu menjadi kaya dan terus bertambah kaya sehingga menjadi sangat kaya.,
Kejadian,26,14,Kejadian 26:14,"Ia mempunyai kawanan kambing domba, kawanan sapi, dan banyak hamba sehingga orang Filistin dengki kepadanya.",
Kejadian,26,15,Kejadian 26:15,"Semua sumur yang digali pada zaman Ibrahim, ayahnya, oleh hamba-hamba ayahnya itu, telah ditutup oleh orang Filistin dan ditimbun dengan tanah.",
Kejadian,26,16,Kejadian 26:16,"Kemudian, Abimelekh berkata kepada Ishak, “Pergilah dari kami karena engkau telah menjadi jauh lebih kuat daripada kami.”",
Kejadian,26,17,Kejadian 26:17,"Maka, pergilah Ishak dari sana. Didirikannya kemahnya di Lembah Gerar, lalu tinggal di situ.",
Kejadian,26,18,Kejadian 26:18,"Kemudian, Ishak menggali kembali sumur-sumur yang telah digali pada zaman Ibrahim, ayahnya, karena orang Filistin telah menutupnya sesudah kematian Ibrahim. Dinamainya sumur-sumur itu sebagaimana ayahnya menamainya.",
Kejadian,26,19,Kejadian 26:19,"Akan tetapi, ketika hamba-hamba Ishak menggali lembah itu dan mendapati di sana sebuah mata air yang berbual-bual airnya,",
Kejadian,26,20,Kejadian 26:20,"bertengkarlah gembala-gembala Gerar dengan gembala-gembala Ishak. Kata mereka, “Air ini milik kami!” Maka, Ishak menamai sumur itu Esek karena orang-orang itu bertengkar dengannya.",
Kejadian,26,21,Kejadian 26:21,"Mereka menggali pula sumur yang lain, tetapi orang-orang itu mempertengkarkannya juga. Maka, Ishak menamai sumur itu Sitna.",
Kejadian,26,22,Kejadian 26:22,"Ishak pindah dari sana, lalu menggali sumur yang lain, tetapi kali ini orang-orang itu tidak mempertengkarkannya. Maka, ia menamai sumur itu Rehobot karena katanya, “Sekarang ALLAH telah memberikan kelapangan kepada kita sehingga kita dapat beranak cucu di negeri ini.”",
Kejadian,26,23,Kejadian 26:23,Dari sana ia pergi ke Bersyeba.,
Kejadian,26,24,Kejadian 26:24,"Lalu, pada waktu malam ALLAH menampakkan diri kepadanya dan berfirman, “Akulah Tuhan Ibrahim, ayahmu. Jangan takut karena Aku menyertai engkau. Aku akan memberkahimu dan memperbanyak keturunanmu karena Ibrahim, hamba-Ku itu.”",
Kejadian,26,25,Kejadian 26:25,"Kemudian, Ishak membangun di sana sebuah mazbah, yaitu tempat pembakaran kurban, dan menyerukan nama ALLAH. Didirikannya kemahnya di situ, lalu hamba-hambanya menggali sebuah sumur di situ.",
Kejadian,26,26,Kejadian 26:26,Suatu kali datanglah Abimelekh kepadanya dari Gerar bersama Ahuzat sahabatnya dan Pikhol panglima tentaranya.,
Kejadian,26,27,Kejadian 26:27,"Kata Ishak kepada mereka, “Apa sebabnya kamu datang menemuiku, padahal kamu benci padaku dan telah menyuruh aku pergi darimu?”",
Kejadian,26,28,Kejadian 26:28,"Jawab mereka, “Kami telah nyata-nyata melihat bahwa ALLAH menyertai engkau. Jadi, kami berpikir, ‘Sebaiknya ada ikrar di antara kita,’ yaitu di antara kami dan engkau. Mari kita mengikat perjanjian di antara kita",
Kejadian,26,29,Kejadian 26:29,"bahwa engkau tidak akan berbuat jahat terhadap kami, seperti kami dulu tidak mengusik engkau, melainkan selalu berbuat baik terhadapmu dan menyuruh engkau pergi dengan damai. Sekarang ini pun engkau diberkahi ALLAH.”",
Kejadian,26,30,Kejadian 26:30,"Ishak mengadakan perjamuan bagi mereka, lalu mereka pun makan dan minum.",
Kejadian,26,31,Kejadian 26:31,"Keesokan harinya mereka bangun pagi-pagi, lalu bersumpah satu sama lain. Setelah itu, Ishak melepas mereka pergi, dan mereka pun pergi meninggalkannya dengan damai.",
Kejadian,26,32,Kejadian 26:32,"Pada hari itu juga hamba-hamba Ishak datang memberitahukan kepadanya tentang sumur yang telah mereka gali. Kata mereka kepadanya, “Kami telah mendapatkan air!”",
Kejadian,26,33,Kejadian 26:33,"Ishak menamai sumur itu Syeba. Itulah sebabnya, kota itu dinamai Bersyeba sampai hari ini.",
Kejadian,26,34,Kejadian 26:34,"Ketika Esau berumur empat puluh tahun, ia memperistri Yudit binti Beeri, orang Het, dan Basmat binti Elon, orang Het.",
Kejadian,26,35,Kejadian 26:35,Kedua istrinya itu mendatangkan kegetiran di hati Ishak dan Ribka.,
Kejadian,27,1,Kejadian 27:1,"Suatu waktu, ketika Ishak sudah tua dan sudah kabur matanya sehingga tidak dapat melihat lagi, dipanggilnyalah Esau, anaknya yang sulung. Katanya kepadanya, “Anakku.” Jawabnya, “Ya, Ayah.”",Berkah Kesulungan Jatuh pada Yakub bin Ishak
Kejadian,27,2,Kejadian 27:2,"Kata Ishak, “Dengar, aku ini sudah tua. Aku tidak tahu kapan hari kematianku.",
Kejadian,27,3,Kejadian 27:3,"Sekarang, ambillah senjatamu, yaitu tabung panahmu dan busurmu. Pergilah ke padang dan burulah bagiku seekor binatang.",
Kejadian,27,4,Kejadian 27:4,"Buatkan bagiku makanan yang sedap, seperti yang kugemari, lalu bawalah kepadaku. Aku akan memakannya supaya kumohonkan berkah bagimu sebelum aku mati.”",
Kejadian,27,5,Kejadian 27:5,"Ribka mendengar sewaktu Ishak berbicara kepada Esau, anaknya. Kemudian, ketika Esau pergi ke padang memburu seekor binatang untuk dibawa pulang,",
Kejadian,27,6,Kejadian 27:6,"berkatalah Ribka kepada Yakub, anaknya, “Ketahuilah, telah kudengar ayahmu berbicara dengan Esau, abangmu. Katanya,",
Kejadian,27,7,Kejadian 27:7,‘Bawalah bagiku seekor binatang buruan dan buatkan bagiku makanan yang sedap. Aku akan memakannya supaya kumohonkan berkah bagimu di hadirat ALLAH sebelum aku mati.’,
Kejadian,27,8,Kejadian 27:8,"Maka sekarang, anakku, dengarkanlah kata-kataku dan lakukanlah apa yang kuperintahkan kepadamu.",
Kejadian,27,9,Kejadian 27:9,Pergilah ke tempat kawanan kambing domba kita dan ambillah bagiku dua ekor anak kambing yang baik dari sana. Aku akan mengolahnya menjadi makanan sedap kegemaran ayahmu.,
Kejadian,27,10,Kejadian 27:10,"Kemudian, engkau harus membawanya kepada ayahmu untuk dimakan olehnya supaya ia memohonkan berkah bagimu sebelum ia mati.”",
Kejadian,27,11,Kejadian 27:11,"Kata Yakub kepada Ribka, ibunya, “Wah, Esau abangku itu seorang yang berbulu, sedangkan aku berkulit licin.",
Kejadian,27,12,Kejadian 27:12,"Jangan-jangan Ayah akan meraba aku dan aku akan dianggapnya sebagai seorang penipu sehingga aku malah mendatangkan kutuk atas diriku, bukannya berkah.”",
Kejadian,27,13,Kejadian 27:13,"Kata ibunya kepadanya, “Akulah yang menanggung kutukmu itu, anakku. Dengar sajalah perkataanku. Pergilah, ambillah bagiku dua anak kambing itu.”",
Kejadian,27,14,Kejadian 27:14,"Maka, pergilah Yakub mengambil dua anak kambing dan membawanya kepada ibunya. Lalu, ibunya memasak makanan yang sedap kegemaran ayahnya.",
Kejadian,27,15,Kejadian 27:15,"Setelah itu, Ribka mengambil pakaian terindah milik Esau, anaknya yang sulung, yaitu pakaian yang disimpannya di rumah, lalu memakaikannya kepada Yakub, anaknya yang bungsu.",
Kejadian,27,16,Kejadian 27:16,"Kemudian, dibalutnya kedua tangan Yakub serta bagian lehernya yang licin dengan kulit anak kambing tadi.",
Kejadian,27,17,Kejadian 27:17,"Selanjutnya, diserahkannyalah makanan yang sedap dan roti yang telah dibuatnya itu kepada Yakub, anaknya.",
Kejadian,27,18,Kejadian 27:18,"Yakub pun mendatangi ayahnya dan berkata, “Ayah.” Jawab Ishak, “Ya. Siapakah engkau, anakku?”",
Kejadian,27,19,Kejadian 27:19,"Kata Yakub kepada ayahnya, “Aku Esau, anak Ayah yang sulung. Aku sudah melakukan seperti yang Ayah pesankan kepadaku. Bangunlah dan duduklah, makanlah hasil buruanku supaya Ayah dapat memohonkan berkah bagiku.”",
Kejadian,27,20,Kejadian 27:20,"Kata Ishak kepada anaknya, “Bagaimana engkau mendapatkannya secepat itu, anakku?” Jawabnya, “Sebab ALLAH, Tuhanmu, membuat aku berhasil.”",
Kejadian,27,21,Kejadian 27:21,"Lalu, kata Ishak kepada Yakub, “Kemarilah, Nak. Aku mau merabamu, apakah engkau ini anakku Esau atau bukan.”",
Kejadian,27,22,Kejadian 27:22,"Yakub pun mendekati Ishak, ayahnya. Lalu, Ishak merabanya dan berkata, “Suaranya suara Yakub, tetapi tangannya tangan Esau.”",
Kejadian,27,23,Kejadian 27:23,"Ishak tidak mengenali dia karena kedua tangannya berbulu seperti tangan Esau, abangnya. Jadi, Ishak hendak memohonkan berkah baginya.",
Kejadian,27,24,Kejadian 27:24,"Akan tetapi, sebelumnya ia masih bertanya, “Sungguhkah engkau ini anakku Esau?” Jawabnya, “Ya.”",
Kejadian,27,25,Kejadian 27:25,"Kemudian, kata Ishak, “Dekatkanlah hasil buruanmu itu kepadaku. Aku akan memakannya supaya kumohonkan berkah bagimu.” Yakub mendekatkan masakan itu kepada ayahnya, lalu Ishak memakannya. Yakub juga membawakan anggur untuknya, lalu Ishak pun meminumnya.",
Kejadian,27,26,Kejadian 27:26,"Setelah itu, Ishak, ayahnya, berkata kepadanya, “Kemarilah dan ciumlah aku, anakku.”",
Kejadian,27,27,Kejadian 27:27,"Yakub mendekati dan mencium ayahnya. Ketika Ishak mencium bau pakaiannya, dimohonkannyalah berkah baginya, katanya, “Sesungguhnya, bau anakku ini seperti bau padang yang diberkahi ALLAH.",
Kejadian,27,28,Kejadian 27:28,"Kiranya Allah mengaruniakan kepadamu embun dari langit, tempat-tempat yang subur di bumi, serta gandum dan air anggur berlimpah-limpah.",
Kejadian,27,29,Kejadian 27:29,"Kiranya bangsa-bangsa takluk kepadamu, dan suku-suku bangsa tunduk kepadamu. Jadilah tuan atas saudara-saudaramu, dan kiranya anak-anak ibumu tunduk kepadamu. Terkutuklah orang yang mengutuk engkau, dan diberkahilah orang yang memohonkan berkah bagimu.”",
Kejadian,27,30,Kejadian 27:30,"Setelah Ishak selesai memohonkan berkah bagi Yakub, dan baru saja Yakub keluar meninggalkan Ishak ayahnya, datanglah Esau abangnya dari berburu.",
Kejadian,27,31,Kejadian 27:31,"Ia juga memasak makanan yang sedap, lalu membawanya kepada ayahnya. Katanya kepada ayahnya, “Mari, Ayah, makanlah hasil buruan anakmu supaya Ayah memohonkan berkah bagiku.”",
Kejadian,27,32,Kejadian 27:32,"Tanya Ishak, ayahnya, kepadanya, “Siapakah engkau?” Jawabnya, “Aku anakmu. Anakmu yang sulung, Esau.”",
Kejadian,27,33,Kejadian 27:33,"Maka, gemetarlah Ishak karena sangat terkejut. Katanya, “Siapakah gerangan dia, yang tadi berburu binatang, lalu membawanya kepadaku? Aku telah memakan semuanya sebelum engkau datang dan aku telah memohonkan berkah baginya. Ya, dialah orang yang diberkahi!”",
Kejadian,27,34,Kejadian 27:34,"Ketika Esau mendengar perkataan ayahnya itu, menjeritlah ia dengan nyaring serta memilukan. Katanya kepada ayahnya, “Mohonkanlah berkah bagiku juga, Ayah!”",
Kejadian,27,35,Kejadian 27:35,"Kata ayahnya, “Adikmu telah datang dengan tipu daya dan telah mengambil berkah yang menjadi bagianmu.”",
Kejadian,27,36,Kejadian 27:36,"Kata Esau, “Bukankah tepat ia dinamai Yakub? Ia telah memperdaya aku untuk kedua kalinya. Dahulu hak kesulunganku diambilnya, dan lihatlah, sekarang diambilnya pula berkah yang menjadi bagianku.” Katanya pula, “Tidakkah Ayah menyimpan berkah lain untukku?”",
Kejadian,27,37,Kejadian 27:37,"Jawab Ishak kepada Esau, “Sesungguhnya, telah kutetapkan dia menjadi tuanmu, dan semua saudaranya telah kuberikan kepadanya menjadi hambanya. Dengan gandum dan air anggur telah kutunjang dia. Jadi, apa lagi yang dapat kulakukan untukmu, anakku?”",
Kejadian,27,38,Kejadian 27:38,"Kata Esau kepada ayahnya, “Hanya satu berkah itukah yang ada padamu, Ayah? Mohonkanlah berkah bagiku juga, Ayah!” Lalu, menangislah Esau dengan suara nyaring.",
Kejadian,27,39,Kejadian 27:39,"Jawab Ishak, ayahnya, kepadanya, “Sesungguhnya, tempat tinggalmu akan jauh dari tempat-tempat subur di bumi dan dari embun dari langit di atas.",
Kejadian,27,40,Kejadian 27:40,"Engkau akan hidup dari pedangmu, dan engkau akan menjadi hamba adikmu. Tetapi, akan terjadi kelak apabila engkau sudah menjadi kuat, engkau akan mematahkan kuknya dari tengkukmu.”",
Kejadian,27,41,Kejadian 27:41,"Esau mendendam kepada Yakub karena berkah yang telah dimohonkan ayahnya baginya. Kata Esau kepada dirinya, “Hari-hari perkabungan ayahku sudah dekat. Pada waktu itulah aku akan membunuh Yakub, adikku.”",Yakub bin Ishak Lari ke Mesopotamia
Kejadian,27,42,Kejadian 27:42,"Tetapi, seseorang memberitahukan kepada Ribka perkataan Esau, anaknya yang sulung itu. Maka, disuruhnyalah orang memanggil Yakub, anaknya yang bungsu, lalu berkatalah ia kepadanya, “Ketahuilah, Esau abangmu menghibur diri dengan berencana membunuhmu.",
Kejadian,27,43,Kejadian 27:43,"Sekarang, anakku, dengarlah perkataanku. Larilah segera ke tempat saudaraku Laban, di Haran.",
Kejadian,27,44,Kejadian 27:44,Tinggallah bersamanya selama beberapa waktu sampai surut kegusaran,
Kejadian,27,45,Kejadian 27:45,serta amarah abangmu kepadamu dan ia lupa apa yang telah kaulakukan terhadapnya. Nanti aku akan menyuruh orang untuk menjemputmu dari sana. Mengapa aku harus kehilangan kamu berdua dalam satu hari?”,
Kejadian,27,46,Kejadian 27:46,"Kemudian, Ribka berkata kepada Ishak, “Aku sudah jemu hidup karena perempuan-perempuan Het itu. Jika Yakub juga memperistri seorang perempuan dari negeri ini, perempuan Het seperti mereka itu, apa gunanya lagi aku hidup?”",
Kejadian,28,1,Kejadian 28:1,"Oleh karena itu, Ishak memanggil Yakub. Ia memohonkan berkah baginya dan berpesan kepadanya, “Engkau tidak boleh memperistri salah seorang dari antara perempuan Kanaan.",Mimpi di Bait-El
Kejadian,28,2,Kejadian 28:2,"Bersiaplah, pergilah ke Padan-Aram, ke rumah Betuel, ayah dari ibumu. Ambillah dari sana seorang istri bagimu dari antara anak-anak perempuan Laban, saudara ibumu.",
Kejadian,28,3,Kejadian 28:3,"Kiranya Allah Yang Mahakuasa memberkahi engkau, membuat engkau beranak cucu, dan memperbanyak keturunanmu sehingga engkau menjadi sekumpulan bangsa.",
Kejadian,28,4,Kejadian 28:4,"Kiranya Ia mengaruniakan berkah Ibrahim kepadamu dan kepada keturunanmu sehingga engkau mewarisi negeri tempat engkau tinggal sebagai pendatang ini, yaitu negeri yang telah dikaruniakan Allah kepada Ibrahim.”",
Kejadian,28,5,Kejadian 28:5,"Kemudian, Ishak melepas kepergian Yakub. Maka, pergilah Yakub ke Padan-Aram, kepada Laban bin Betuel, orang Aram itu. Laban adalah saudara Ribka, ibu Yakub dan Esau.",
Kejadian,28,6,Kejadian 28:6,"Esau melihat bahwa Ishak telah memohonkan berkah bagi Yakub dan menyuruhnya pergi ke Padan-Aram untuk mengambil istri dari sana. Esau pun menyaksikan bahwa pada waktu Ishak memohonkan berkah bagi Yakub, ia berpesan kepadanya, “Engkau tidak boleh memperistri salah seorang dari antara perempuan Kanaan,”",
Kejadian,28,7,Kejadian 28:7,"dan bahwa Yakub menaati perkataan ayah serta ibunya, lalu pergi ke Padan-Aram.",
Kejadian,28,8,Kejadian 28:8,"Maka, sadarlah Esau bahwa perempuan-perempuan Kanaan itu tidak disukai oleh Ishak, ayahnya.",
Kejadian,28,9,Kejadian 28:9,"Karena itu, pergilah Esau kepada Ismail, lalu mengambil Mahalat menjadi istrinya di samping istri-istrinya yang lain. Mahalat adalah adik Nebayot, anak Ismail bin Ibrahim.",
Kejadian,28,10,Kejadian 28:10,Yakub meninggalkan Bersyeba dan pergi ke Haran.,Mimpi di Bait-El
Kejadian,28,11,Kejadian 28:11,"Ia sampai di suatu tempat, lalu bermalam di situ sebab matahari sudah terbenam. Diambilnya sebuah batu yang ada di tempat itu untuk dijadikan bantal, dan berbaringlah ia di situ.",
Kejadian,28,12,Kejadian 28:12,"Lalu, ia pun bermimpi. Tampak sebuah tangga didirikan di bumi dengan bagian puncaknya sampai ke langit, lalu malaikat-malaikat Allah turun naik di tangga itu.",
Kejadian,28,13,Kejadian 28:13,"Kemudian, tampak pula ALLAH berdiri di atas tangga itu dan berfirman, “Akulah ALLAH, Tuhan Ibrahim kakekmu, dan Tuhan Ishak. Tanah tempat engkau berbaring ini akan Kuberikan kepadamu dan kepada keturunanmu.",
Kejadian,28,14,Kejadian 28:14,"Keturunanmu akan menjadi seperti debu tanah banyaknya, dan engkau akan mengembang ke barat, ke timur, ke utara, dan ke selatan. Melalui engkau dan melalui keturunanmu semua suku bangsa di bumi akan memperoleh berkah.",
Kejadian,28,15,Kejadian 28:15,"Sesungguhnya, Aku menyertai engkau dan akan menjaga engkau ke mana pun engkau pergi. Aku akan membawa engkau kembali ke negeri ini karena Aku tidak akan meninggalkan engkau sampai Aku melaksanakan apa yang telah Kujanjikan kepadamu.”",
Kejadian,28,16,Kejadian 28:16,"Kemudian, terjagalah Yakub dari tidurnya. Katanya, “Sesungguhnya, ALLAH hadir di tempat ini dan aku tidak mengetahuinya!”",
Kejadian,28,17,Kejadian 28:17,"Ia menjadi takut, lalu berkata, “Betapa dahsyatnya tempat ini! Ini tak lain dari bait Allah! Ini pintu gerbang surga!”",
Kejadian,28,18,Kejadian 28:18,"Keesokan harinya Yakub bangun pagi-pagi. Diambilnya batu yang dipakainya sebagai bantal, didirikannya menjadi sebuah tugu, lalu dituangnya minyak ke atasnya.",
Kejadian,28,19,Kejadian 28:19,Ia menamai tempat itu Bait-El; dahulu nama kota itu Lus.,
Kejadian,28,20,Kejadian 28:20,"Kemudian, Yakub mengucapkan nazar, katanya, “Jika Allah menyertai aku dan menjaga aku di jalan yang kutempuh ini, memberikan kepadaku makanan untuk dimakan dan pakaian untuk dipakai",
Kejadian,28,21,Kejadian 28:21,"sehingga aku kembali dengan selamat ke rumah ayahku, maka ALLAH akan menjadi Tuhanku,",
Kejadian,28,22,Kejadian 28:22,dan batu yang kudirikan sebagai tugu ini akan menjadi bait Allah. Aku akan mempersembahkan kepada-Mu sepersepuluh dari segala sesuatu yang Kau karuniakan kepadaku.”,
Kejadian,29,1,Kejadian 29:1,"Sesudah itu, Yakub berangkat dari sana dan pergi ke negeri Bani Timur.",Yakub bin Ishak di Rumah Laban
Kejadian,29,2,Kejadian 29:2,"Ketika ia melihat-lihat keadaan sekeliling, tampak ada sebuah sumur di padang. Di dekat sumur itu ada tiga kawanan domba sedang berbaring karena dari situlah orang memberi minum kawanan ternaknya. Sebuah batu besar tampak menutupi mulut sumur itu.",
Kejadian,29,3,Kejadian 29:3,"Apabila seluruh kawanan ternak sudah dikumpulkan di sana, maka para gembala akan menggulingkan batu itu dari mulut sumur, lalu memberi minum kawanan domba mereka. Setelah itu, batu akan dikembalikan lagi ke tempatnya, di mulut sumur itu.",
Kejadian,29,4,Kejadian 29:4,"Yakub bertanya kepada orang-orang di situ, “Saudara-saudaraku, dari manakah kalian ini?” Jawab mereka, “Kami ini dari Haran.”",
Kejadian,29,5,Kejadian 29:5,"Tanya Yakub pula kepada mereka, “Apakah kalian mengenal Laban, cucu Nahor?” Jawab mereka, “Kenal.”",
Kejadian,29,6,Kejadian 29:6,"Tanyanya kepada mereka, “Baikkah keadaannya?” Jawab mereka, “Baik! Lihat, itu Rahel, anak perempuannya, datang dengan kawanan kambing dombanya!”",
Kejadian,29,7,Kejadian 29:7,"Kata Yakub, “Hari masih siang, belum waktunya ternak dikumpulkan. Jadi, berilah kawanan kambing dombamu minum, lalu gembalakanlah lagi.”",
Kejadian,29,8,Kejadian 29:8,"“Tidak bisa,” jawab mereka. “Sesudah seluruh kawanan ternak dikumpulkan dan batu digulingkan dari mulut sumur, barulah kami bisa memberi minum kawanan kambing domba kami.”",
Kejadian,29,9,Kejadian 29:9,"Sementara ia masih berbicara dengan orang-orang itu, datanglah Rahel membawa kawanan kambing domba ayahnya karena dialah yang menggembalakannya.",
Kejadian,29,10,Kejadian 29:10,"Begitu Yakub melihat Rahel, anak perempuan Laban, serta kawanan kambing domba Laban, mendekatlah ia. Digulingkannya batu dari mulut sumur itu, lalu diberinya minum kawanan kambing domba Laban, saudara ibunya itu.",
Kejadian,29,11,Kejadian 29:11,"Setelah itu, Yakub mencium Rahel dan menangis dengan suara nyaring.",
Kejadian,29,12,Kejadian 29:12,"Yakub memberitahu Rahel bahwa ia anak Ribka, saudara ayahnya. Maka, berlarilah Rahel memberitahu ayahnya.",
Kejadian,29,13,Kejadian 29:13,"Begitu Laban mendengar kabar tentang Yakub, anak saudaranya, berlarilah ia menyambutnya. Ia memeluk dan mencium Yakub, lalu membawanya masuk ke rumahnya. Kemudian, Yakub menceritakan segala hal ihwalnya kepada Laban.",
Kejadian,29,14,Kejadian 29:14,"Kata Laban kepadanya, “Sesungguhnya, engkau sedarah sedaging dengan aku.” Maka, tinggallah Yakub bersamanya selama sebulan penuh.",
Kejadian,29,15,Kejadian 29:15,"Setelah itu, Laban berkata kepada Yakub, “Patutkah engkau bekerja padaku dengan cuma-cuma hanya karena engkau saudaraku? Katakanlah kepadaku apa yang patut menjadi upahmu?”",Yakub bin Ishak Menikahi Lea dan Rahel
Kejadian,29,16,Kejadian 29:16,"Laban mempunyai dua orang anak perempuan, yang sulung namanya Lea, dan yang bungsu namanya Rahel.",
Kejadian,29,17,Kejadian 29:17,"Lea bermata sayu, sedangkan Rahel elok perawakannya dan cantik parasnya.",
Kejadian,29,18,Kejadian 29:18,"Yakub jatuh cinta kepada Rahel. Karena itu, ia berkata, “Aku mau bekerja pada Paman tujuh tahun lamanya untuk mendapatkan Rahel, anak Paman yang bungsu itu.”",
Kejadian,29,19,Kejadian 29:19,"Jawab Laban, “Lebih baik kuberikan dia kepadamu daripada kepada orang lain. Tinggallah bersamaku.”",
Kejadian,29,20,Kejadian 29:20,"Maka, bekerjalah Yakub tujuh tahun lamanya demi Rahel. Namun, di matanya tujuh tahun itu seperti beberapa hari saja lamanya karena cintanya kepada Rahel.",
Kejadian,29,21,Kejadian 29:21,"Kemudian, berkatalah Yakub kepada Laban, “Berikanlah calon istriku karena waktuku sudah genap. Aku mau menikah dengannya.”",
Kejadian,29,22,Kejadian 29:22,"Maka, Laban mengundang semua orang di tempat itu dan mengadakan suatu perjamuan.",
Kejadian,29,23,Kejadian 29:23,"Akan tetapi, pada malam hari ia mengambil Lea, anaknya, dan membawanya kepada Yakub. Yakub pun bercampur dengannya.",
Kejadian,29,24,Kejadian 29:24,"Laban juga memberikan seorang hambanya yang perempuan bernama Zilpa kepada Lea, anaknya itu, untuk menjadi hambanya.",
Kejadian,29,25,Kejadian 29:25,"Pagi harinya, nyatalah bahwa perempuan itu Lea! Sebab itu, berkatalah Yakub kepada Laban, “Apakah yang Paman lakukan terhadap aku ini? Bukankah demi Rahel aku bekerja pada Paman? Mengapa Paman menipuku?”",
Kejadian,29,26,Kejadian 29:26,"Jawab Laban, “Di tempat kami ini tidak biasa orang berbuat demikian, yaitu memberikan anak yang bungsu lebih dahulu daripada anak yang sulung.",
Kejadian,29,27,Kejadian 29:27,"Genapilah dahulu tujuh hari pernikahanmu dengan anakku ini, kemudian anakku yang lain itu akan kuberikan juga kepadamu, asal engkau kembali bekerja padaku tujuh tahun lagi.”",
Kejadian,29,28,Kejadian 29:28,"Yakub menyanggupinya. Ia menggenapi tujuh hari pernikahannya dengan Lea, dan setelah itu Laban memberikan pula Rahel, anaknya, kepada Yakub untuk menjadi istrinya.",
Kejadian,29,29,Kejadian 29:29,"Kepada Rahel, anaknya, Laban pun memberikan hambanya yang perempuan bernama Bilha untuk menjadi hambanya.",
Kejadian,29,30,Kejadian 29:30,"Yakub pun bercampur dengan Rahel. Ia lebih mencintai Rahel daripada Lea. Kemudian, ia bekerja lagi pada Laban tujuh tahun lamanya.",
Kejadian,29,31,Kejadian 29:31,"ALLAH melihat bahwa Lea tidak dicintai. Maka, dibuka-Nyalah rahim Lea, tetapi Rahel mandul.",Keluarga Yakub bin Ishak
Kejadian,29,32,Kejadian 29:32,"Lea pun mengandung, lalu melahirkan seorang anak laki-laki. Ia menamainya Ruben karena katanya, “Sesungguhnya, ALLAH telah memperhatikan kesusahanku. Tentulah sekarang aku akan dicintai oleh suamiku.”",
Kejadian,29,33,Kejadian 29:33,"Ia mengandung lagi, lalu melahirkan seorang anak laki-laki. Katanya, “Sesungguhnya, ALLAH mendengar bahwa aku tidak dicintai maka dikaruniakan-Nya pula anak ini kepadaku.” Sebab itu, ia menamai anak itu Simeon.",
Kejadian,29,34,Kejadian 29:34,"Selanjutnya, ia mengandung lagi, lalu melahirkan seorang anak laki-laki. Katanya, “Kali ini suamiku akan lebih lengket dengan aku karena aku telah melahirkan tiga orang anak laki-laki baginya.” Sebab itu, ia menamai anak itu Lewi.",
Kejadian,29,35,Kejadian 29:35,"Ia mengandung lagi, lalu melahirkan seorang anak laki-laki. Katanya, “Kali ini aku hendak memuji ALLAH.” Sebab itu, ia menamai anak itu Yuda. Setelah itu, ia berhenti melahirkan.",
Kejadian,30,1,Kejadian 30:1,"Ketika Rahel melihat bahwa ia tidak kunjung melahirkan anak bagi Yakub, cemburulah ia kepada kakaknya. Lalu, katanya kepada Yakub, “Berilah aku anak. Kalau tidak, biarlah aku mati.”",Yakub bin Ishak Memperoleh Ternak
Kejadian,30,2,Kejadian 30:2,"Maka, marahlah Yakub kepada Rahel, katanya, “Aku inikah Allah, yang telah menghalangimu mengandung?”",
Kejadian,30,3,Kejadian 30:3,"Kata Rahel, “Ini Bilha, hambaku. Kawinilah dia supaya anak yang dilahirkannya diletakkan di pangkuanku sehingga aku juga dapat mempunyai anak melalui dia.”",
Kejadian,30,4,Kejadian 30:4,"Maka, diserahkannyalah Bilha, hambanya, kepada Yakub untuk menjadi istrinya. Yakub pun bercampur dengannya.",
Kejadian,30,5,Kejadian 30:5,"Bilha mengandung, lalu melahirkan seorang anak laki-laki.",
Kejadian,30,6,Kejadian 30:6,"Kemudian, Rahel berkata, “Allah bertindak adil terhadapku. Didengarkan-Nya permintaanku dan dikaruniakan-Nya kepadaku seorang anak laki-laki.” Sebab itu, ia menamai anak itu Dan.",
Kejadian,30,7,Kejadian 30:7,"Kemudian, Bilha, hamba Rahel itu, mengandung lagi dan melahirkan anak laki-laki yang kedua bagi Yakub.",
Kejadian,30,8,Kejadian 30:8,"Rahel berkata, “Aku telah bergumul sangat hebat dengan kakakku, dan aku menang.” Sebab itu, ia menamai anak itu Naftali.",
Kejadian,30,9,Kejadian 30:9,"Ketika Lea melihat bahwa ia telah berhenti melahirkan anak, dibawanyalah Zilpa, hambanya, lalu diserahkannya kepada Yakub untuk menjadi istrinya.",
Kejadian,30,10,Kejadian 30:10,"Kemudian, Zilpa, hamba Lea itu, melahirkan seorang anak laki-laki bagi Yakub.",
Kejadian,30,11,Kejadian 30:11,"Kata Lea, “Sungguh beruntung!” Sebab itu, ia menamai anak itu Gad.",
Kejadian,30,12,Kejadian 30:12,"Zilpa, hamba Lea itu, melahirkan pula anak laki-laki yang kedua bagi Yakub.",
Kejadian,30,13,Kejadian 30:13,"Lea berkata, “Betapa bahagianya aku! Tentulah perempuan-perempuan akan menyebut aku berbahagia.” Sebab itu, ia menamai anak itu Asyer.",
Kejadian,30,14,Kejadian 30:14,"Suatu waktu pada musim menuai gandum, Ruben pergi berjalan-jalan. Ia menemukan buah-buah dudaim di padang, lalu membawanya kepada Lea, ibunya. Kata Rahel kepada Lea, “Berilah aku beberapa buah dudaim milik anakmu itu.”",
Kejadian,30,15,Kejadian 30:15,"Jawab Lea kepadanya, “Belum cukupkah engkau mengambil suamiku sehingga engkau mau mengambil pula buah dudaim anakku?” Kata Rahel, “Baiklah, biarlah ia tidur denganmu malam ini sebagai ganti buah dudaim anakmu itu.”",
Kejadian,30,16,Kejadian 30:16,"Petang harinya, ketika Yakub kembali dari ladang, keluarlah Lea menyambutnya dan berkata, “Engkau harus singgah kepadaku karena aku sudah menyewamu dengan buah dudaim anakku.” Maka, tidurlah Yakub dengan dia pada malam itu.",
Kejadian,30,17,Kejadian 30:17,Allah mendengarkan Lea sehingga ia mengandung dan melahirkan anak laki-laki yang kelima bagi Yakub.,
Kejadian,30,18,Kejadian 30:18,"Kata Lea, “Allah telah memberiku upah sebab aku sudah menyerahkan hambaku kepada suamiku.” Sebab itu, ia menamai anak itu Isakhar.",
Kejadian,30,19,Kejadian 30:19,Lea mengandung lagi dan melahirkan anak laki-laki yang keenam bagi Yakub.,
Kejadian,30,20,Kejadian 30:20,"Kemudian, kata Lea, “Allah telah mengaruniakan kepadaku suatu pemberian yang baik. Tentunya sekarang suamiku akan tinggal bersamaku karena aku telah melahirkan enam orang anak laki-laki baginya.” Sebab itu, ia menamai anak itu Zebulon.",
Kejadian,30,21,Kejadian 30:21,"Setelah itu, ia melahirkan seorang anak perempuan yang dinamainya Dina.",
Kejadian,30,22,Kejadian 30:22,Allah mengindahkan Rahel pula. Didengar-Nya permintaannya dan dibuka-Nya rahimnya.,
Kejadian,30,23,Kejadian 30:23,"Maka, Rahel pun mengandung dan melahirkan seorang anak laki-laki. Katanya, “Allah telah menghapuskan aibku.”",
Kejadian,30,24,Kejadian 30:24,"Dinamainya anak itu Yusuf, sambil berkata, “Kiranya ALLAH menambahkan seorang anak laki-laki lagi bagiku.”",
Kejadian,30,25,Kejadian 30:25,"Setelah Rahel melahirkan Yusuf, Yakub berkata kepada Laban, “Izinkanlah aku pergi. Aku hendak pulang ke negeriku, ke tempat kelahiranku.",Yakub bin Ishak Memperoleh Ternak
Kejadian,30,26,Kejadian 30:26,"Berikanlah padaku istri-istri serta anak-anakku, yang kudapat dengan bekerja pada Paman, dan biarkan aku pergi. Paman sendiri tahu bagaimana aku telah bekerja pada Paman.”",
Kejadian,30,27,Kejadian 30:27,"Tetapi, kata Laban kepadanya, “Jika engkau berkenan, tinggal sajalah di sini karena dari hasil nujum nyata bagiku bahwa ALLAH memberkahi aku karena engkau.”",
Kejadian,30,28,Kejadian 30:28,"Katanya pula, “Tentukanlah berapa upahmu, aku akan memberikannya.”",
Kejadian,30,29,Kejadian 30:29,"Jawab Yakub kepadanya, “Paman sendiri tahu bagaimana aku bekerja pada Paman dan bagaimana keadaan ternak Paman di tanganku.",
Kejadian,30,30,Kejadian 30:30,"Sedikit saja yang Paman miliki sebelum aku datang, tetapi kini sudah bertambah-tambah menjadi banyak. ALLAH telah memberkahi Paman selama aku berada di sini. Sekarang, kapan aku dapat bekerja untuk rumah tanggaku sendiri?”",
Kejadian,30,31,Kejadian 30:31,"Tanya Laban, “Apa yang harus kuberikan kepadamu?” Jawab Yakub, “Paman tidak usah memberikan sesuatu pun kepadaku. Aku mau kembali menggembalakan dan menjaga kawanan kambing domba Paman jika Paman mau mengizinkan hal ini untukku:",
Kejadian,30,32,Kejadian 30:32,"Hari ini aku akan berjalan melewati seluruh kawanan kambing domba Paman dan memisahkan dari situ setiap anak domba yang bebercak-bercak dan berbelang-belang, setiap anak domba yang berwarna gelap, serta setiap kambing yang berbelang-belang dan bebercak-bercak. Itulah yang akan menjadi upahku.",
Kejadian,30,33,Kejadian 30:33,"Di kemudian hari kejujuranku akan terbukti apabila Paman datang memeriksa upahku. Setiap kambing yang tidak bebercak-bercak atau berbelang-belang, dan setiap domba yang tidak berwarna gelap, akan dianggap sebagai curian.”",
Kejadian,30,34,Kejadian 30:34,"Jawab Laban, “Boleh saja, aku setuju dengan apa yang kaukatakan itu.”",
Kejadian,30,35,Kejadian 30:35,"Akan tetapi, pada hari itu ia memisahkan kambing-kambing jantan yang berloreng-loreng dan berbelang-belang, semua kambing betina yang bebercak-bercak dan berbelang-belang, yaitu semua yang ada warna putih pada badannya, serta semua domba yang berwarna gelap, lalu menyerahkan semua itu ke tangan anak-anaknya.",
Kejadian,30,36,Kejadian 30:36,"Setelah itu, ia mengambil jarak dari Yakub sejauh tiga hari perjalanan sementara Yakub menggembalakan kawanan kambing dombanya yang lain.",
Kejadian,30,37,Kejadian 30:37,"Lalu, Yakub mengambil dahan-dahan segar dari pohon hawar, pohon badam, dan pohon berangan. Dikupasnya sebagian kulitnya hingga tampak belang-belang putih pada dahan-dahan itu.",
Kejadian,30,38,Kejadian 30:38,"Kemudian, dahan-dahan yang telah dikupasnya itu ia letakkan dalam palungan-palungan tempat air minum sehingga tepat berada di depan kawanan kambing domba itu ketika mereka datang hendak minum. Biasanya, hewan-hewan itu saling kawin saat datang untuk minum.",
Kejadian,30,39,Kejadian 30:39,"Jadi, kawinlah hewan-hewan itu di dekat dahan-dahan tadi sehingga lahirlah anak-anak yang berloreng-loreng, bebercak-bercak, dan berbelang-belang.",
Kejadian,30,40,Kejadian 30:40,"Yakub memisahkan domba-domba, lalu menghadapkan muka kawanan kambing domba yang selebihnya ke arah kawanan kambing domba Laban yang berloreng-loreng dan yang berwarna gelap. Ia memisahkan kawanan ternaknya tersendiri dan tidak menempatkannya bersama-sama hewan-hewan milik Laban.",
Kejadian,30,41,Kejadian 30:41,"Jadi, setiap kali kawanan kambing domba yang kuat kawin, Yakub meletakkan dahan-dahan itu di dalam palungan, di depan mata hewan-hewan itu, sehingga mereka kawin dekat dahan-dahan itu.",
Kejadian,30,42,Kejadian 30:42,"Tetapi, jika kawanan kambing domba itu lemah, ia tidak meletakkan dahan-dahan itu di depan mereka. Dengan demikian, hewan yang lemah menjadi milik Laban, sedangkan yang kuat menjadi milik Yakub.",
Kejadian,30,43,Kejadian 30:43,"Maka, semakin bertambah-tambahlah kekayaan Yakub. Ia mempunyai banyak kawanan kambing domba, unta dan keledai, serta hamba laki-laki dan perempuan.",
Kejadian,31,1,Kejadian 31:1,"Yakub mendengar anak-anak Laban berkata demikian, “Yakub mengambil segala sesuatu yang dimiliki ayah kita, dan dari milik ayah kita itu ia membangun seluruh kekayaannya.”",Yakub bin Ishak Lari Meninggalkan Laban
Kejadian,31,2,Kejadian 31:2,"Selain itu, Yakub juga memperhatikan bahwa wajah Laban terhadapnya tidak seramah dahulu.",
Kejadian,31,3,Kejadian 31:3,"ALLAH berfirman kepada Yakub, “Pulanglah ke negeri nenek moyangmu, kepada sanak saudaramu. Aku akan menyertaimu.”",
Kejadian,31,4,Kejadian 31:4,"Lalu, Yakub menyuruh orang memanggil Rahel dan Lea ke padang, ke tempat kawanan kambing dombanya.",
Kejadian,31,5,Kejadian 31:5,"Katanya kepada mereka, “Kuperhatikan wajah ayahmu tidak seramah dahulu lagi terhadapku. Namun, Tuhan ayahku menyertaiku.",
Kejadian,31,6,Kejadian 31:6,Kamu tahu bahwa dengan sekuat tenaga aku telah mengabdi pada ayahmu.,
Kejadian,31,7,Kejadian 31:7,"Meskipun begitu, ayahmu telah menipu aku. Ia mengubah upahku sampai sepuluh kali. Akan tetapi, Allah tidak mengizinkannya berbuat jahat terhadap aku.",
Kejadian,31,8,Kejadian 31:8,"Jika ia berkata, ‘Hewan yang bebercak-bercak akan menjadi upahmu,’ maka seluruh kawanan kambing domba itu melahirkan anak yang bebercak-bercak. Jika ia berkata, ‘Hewan yang berloreng-loreng akan menjadi upahmu,’ maka seluruh kawanan kambing domba itu melahirkan anak yang berloreng-loreng.",
Kejadian,31,9,Kejadian 31:9,Demikianlah Allah mengambil ternak ayahmu dan memberikannya kepadaku.,
Kejadian,31,10,Kejadian 31:10,"Sekali waktu, pada musim kawin hewan-hewan itu, aku bermimpi. Dalam mimpi itu kulihat pejantan-pejantan yang sedang kawin itu berloreng-loreng, bebercak-bercak, dan berbintik-bintik.",
Kejadian,31,11,Kejadian 31:11,"Kemudian, dalam mimpi itu Malaikat Allah bersabda kepadaku, ‘Yakub!’ Jawabku, ‘Ya, Tuan.’",
Kejadian,31,12,Kejadian 31:12,"Sabda-Nya, ‘Angkatlah wajahmu dan lihatlah, semua pejantan yang sedang kawin itu berloreng-loreng, bebercak-bercak, dan berbintik-bintik karena telah Kulihat semua yang dilakukan Laban terhadap engkau.",
Kejadian,31,13,Kejadian 31:13,"Akulah Tuhan yang menyatakan diri di Bait-El. Di tempat itu engkau mencurahkan minyak pada sebuah tugu batu, dan engkau mengucapkan nazar kepada-Ku. Sekarang, bersiaplah, keluarlah dari negeri ini dan pulanglah ke tanah kelahiranmu.’”",
Kejadian,31,14,Kejadian 31:14,"Lalu, jawab Rahel dan Lea kepadanya, “Masih adakah bagian atau milik pusaka kami dalam rumah ayah kami?",
Kejadian,31,15,Kejadian 31:15,"Bukankah kami ini dianggapnya orang asing? Ia telah menjual kami, bahkan bagian milik kami pun telah dihabiskannya.",
Kejadian,31,16,Kejadian 31:16,"Sesungguhnya, segala kekayaan yang diambil Allah dari ayah kami adalah milik kami dan anak-anak kami. Sekarang, lakukanlah semua yang difirmankan Allah kepadamu.”",
Kejadian,31,17,Kejadian 31:17,"Maka, bersiaplah Yakub, lalu dinaikkannya anak-anaknya dan istri-istrinya ke atas unta.",
Kejadian,31,18,Kejadian 31:18,"Ia membawa semua ternaknya dan segala harta benda yang diperolehnya, yaitu ternak miliknya yang telah diperolehnya di Padan-Aram, untuk pergi kepada Ishak, ayahnya, di Tanah Kanaan.",
Kejadian,31,19,Kejadian 31:19,Rahel sempat mencuri patung terafim milik ayahnya karena pada waktu itu Laban sedang pergi menggunting bulu domba-dombanya.,
Kejadian,31,20,Kejadian 31:20,"Yakub mengakali Laban, orang Aram itu, dengan tidak memberitahukan kepadanya bahwa ia bermaksud lari.",
Kejadian,31,21,Kejadian 31:21,"Maka, larilah Yakub dengan segala sesuatu yang dimilikinya. Ia menyeberangi Sungai Efrat, lalu berjalan ke arah Pegunungan Gilead.",
Kejadian,31,22,Kejadian 31:22,Pada hari ketiga dikabarkan kepada Laban bahwa Yakub telah lari.,Yakub bin Ishak Dikejar
Kejadian,31,23,Kejadian 31:23,"Lalu, Laban mengajak serta saudara-saudaranya. Dikejarnya Yakub sejauh tujuh hari perjalanan hingga ia dapat menyusulnya di Pegunungan Gilead.",
Kejadian,31,24,Kejadian 31:24,"Namun, pada malam harinya Allah datang dalam suatu mimpi kepada Laban, orang Aram itu, serta berfirman kepadanya, “Awas, jangan katakan apa pun kepada Yakub, entah baik atau buruk!”",
Kejadian,31,25,Kejadian 31:25,"Kemudian, sampailah Laban di tempat Yakub. Pada waktu itu Yakub telah mendirikan kemahnya di Pegunungan Gilead. Laban dan saudara-saudaranya pun mendirikan kemahnya di pegunungan itu.",
Kejadian,31,26,Kejadian 31:26,"Kata Laban kepada Yakub, “Apa yang kaulakukan ini? Engkau mengakaliku dan membawa lari anak-anak perempuanku seperti tawanan.",
Kejadian,31,27,Kejadian 31:27,"Mengapa engkau lari dengan sembunyi-sembunyi dan mengakaliku? Mengapa engkau tidak memberitahu aku sehingga aku dapat mengantar engkau dengan senang hati diiringi nyanyian, rebana, dan kecapi?",
Kejadian,31,28,Kejadian 31:28,Engkau pun tidak memberiku kesempatan mencium cucu-cucuku serta anak-anakku. Kali ini bodoh sekali perbuatanmu!,
Kejadian,31,29,Kejadian 31:29,"Ada kuasa padaku untuk berbuat jahat terhadapmu, tetapi semalam Tuhan ayahmu berfirman kepadaku, ‘Awas, jangan katakan apa pun kepada Yakub, entah baik atau buruk!’",
Kejadian,31,30,Kejadian 31:30,"Sekarang, kalau memang engkau harus pergi karena sudah begitu merindukan rumah ayahmu, mengapa engkau mencuri dewa-dewaku?”",
Kejadian,31,31,Kejadian 31:31,"Jawab Yakub kepada Laban, “Aku takut kalau-kalau Paman akan merebut anak-anak Paman dariku.",
Kejadian,31,32,Kejadian 31:32,"Namun, siapa pun orang yang Paman dapati membawa dewa-dewa Paman itu, ia tidak akan dibiarkan hidup. Jadi, periksalah di hadapan saudara-saudara kita apakah ada barang-barang Paman padaku, dan ambillah.” Yakub tidak tahu bahwa Rahellah yang telah mencuri barang-barang itu.",
Kejadian,31,33,Kejadian 31:33,"Maka, masuklah Laban ke dalam kemah Yakub, kemah Lea, dan kemah kedua hamba perempuan anak-anaknya, tetapi ia tidak menemukannya. Setelah keluar dari kemah Lea, masuklah ia ke dalam kemah Rahel.",
Kejadian,31,34,Kejadian 31:34,"Tetapi, Rahel sudah lebih dulu mengambil terafim itu, memasukkannya ke dalam pelana unta, dan mendudukinya. Laban pun menggeledah seluruh kemah itu, tetapi tidak juga menemukannya.",
Kejadian,31,35,Kejadian 31:35,"Kata Rahel kepada ayahnya, “Janganlah Ayah marah karena aku tidak dapat berdiri di hadapan Ayah. Aku sedang haid.” Laban memeriksa lagi, tetapi ia tidak menemukan terafim itu.",
Kejadian,31,36,Kejadian 31:36,"Yakub menjadi marah, lalu berbantah-bantahan dengan Laban. Katanya kepada Laban, “Apa salahku dan apa dosaku hingga Paman mengejar aku segigih ini?",
Kejadian,31,37,Kejadian 31:37,"Setelah Paman menggeledah semua barangku, apakah Paman menemukan barang-barang rumah Paman? Letakkanlah di sini, di hadapan saudara-saudaraku dan saudara-saudara Paman. Biarlah mereka memutuskan perkara di antara kita berdua.",
Kejadian,31,38,Kejadian 31:38,"Dua puluh tahun lamanya aku bersama Paman. Domba dan kambing betina Paman tidak pernah keguguran, domba dan kambing jantan Paman tidak pernah kumakan.",
Kejadian,31,39,Kejadian 31:39,Tidak pernah kubawa kepada Paman ternak yang telah dicabik-cabik binatang buas. Aku sendirilah yang menggantinya. Ternak yang dicuri pada siang atau malam hari pun Paman tuntut dari tanganku.,
Kejadian,31,40,Kejadian 31:40,"Siang hari aku diterpa teriknya panas matahari, dan malam hari oleh udara dingin. Mataku sering tak terpejam.",
Kejadian,31,41,Kejadian 31:41,"Dua puluh tahun lamanya aku di rumah Paman. Empat belas tahun aku bekerja pada Paman demi kedua anak Paman, dan enam tahun demi kawanan kambing domba Paman. Selama itu, sudah sepuluh kali Paman mengubah upahku.",
Kejadian,31,42,Kejadian 31:42,"Kalau Tuhan, yang disembah kakekku Ibrahim dan Yang Dijunjung Tinggi oleh Ishak tidak menyertaiku, tentulah sekarang Paman melepas aku pergi dengan tangan hampa. Akan tetapi, Allah telah memperhatikan kesusahanku serta jerih lelahku maka Ia menegur Paman semalam.”",
Kejadian,31,43,Kejadian 31:43,"Jawab Laban kepada Yakub, “Perempuan-perempuan ini anakku, anak-anak ini cucuku, kawanan kambing domba ini milikku, demikian pula semua yang kaulihat ini. Tetapi, apa yang bisa kulakukan hari ini untuk anak-anakku atau untuk anak-anak yang mereka lahirkan?",Perjanjian antara Yakub bin Ishak dan Laban
Kejadian,31,44,Kejadian 31:44,"Sekarang, marilah kita mengikat perjanjian antara aku dan engkau, dan biarlah itu menjadi saksi di antara kita.”",
Kejadian,31,45,Kejadian 31:45,"Maka, Yakub mengambil sebuah batu dan mendirikannya menjadi sebuah tugu.",
Kejadian,31,46,Kejadian 31:46,"Kata Yakub kepada sanak-saudaranya, “Kumpulkanlah batu-batu.” Lalu, mereka mengambil batu-batu dan membuat suatu timbunan. Setelah itu, mereka makan di sana, di dekat timbunan batu itu.",
Kejadian,31,47,Kejadian 31:47,"Laban menamai timbunan batu itu Yegar-Sahaduta, tetapi Yakub menamainya Galed.",
Kejadian,31,48,Kejadian 31:48,"Kata Laban, “Pada hari ini, timbunan batu ini menjadi saksi antara aku dengan engkau.” Itulah sebabnya, timbunan batu itu dinamai Galed",
Kejadian,31,49,Kejadian 31:49,"dan juga Mizpa sebab katanya, “Kiranya ALLAH menjadi pengawas di antara aku dengan engkau ketika kita terpisah satu sama lain.",
Kejadian,31,50,Kejadian 31:50,"Jika engkau menganiaya anak-anakku, dan jika engkau mengambil istri lain, selain anak-anakku, ingatlah, Allah menjadi saksi antara aku dengan engkau sekalipun tak ada orang di dekat kita.”",
Kejadian,31,51,Kejadian 31:51,"Kata Laban pula kepada Yakub, “Lihat, inilah timbunan batu dan inilah tugu yang telah kudirikan antara aku dengan engkau.",
Kejadian,31,52,Kejadian 31:52,"Timbunan batu inilah saksi, juga tugu inilah saksi bahwa aku tidak akan melewati timbunan batu ini untuk mendatangimu dengan niat jahat, dan engkau pun tidak akan melewati timbunan batu ini serta tugu ini untuk mendatangiku dengan niat serupa.",
Kejadian,31,53,Kejadian 31:53,"Tuhan, yang disembah oleh Ibrahim, Nahor, dan nenek moyang mereka menjadi hakim di antara kita.” Lalu, bersumpahlah Yakub demi Yang Dijunjung Tinggi oleh Ishak, ayahnya.",
Kejadian,31,54,Kejadian 31:54,"Setelah itu, Yakub mempersembahkan kurban sembelihan di pegunungan itu dan mengundang saudara-saudaranya untuk makan. Mereka pun makan dan bermalam di pegunungan itu.",
Kejadian,31,55,Kejadian 31:55,"Keesokan harinya Laban bangun pagi-pagi. Diciumnya cucu-cucunya serta anak-anaknya, dan dimohonkannya berkah bagi mereka. Setelah itu, berjalanlah Laban pulang ke tempatnya.",
Kejadian,32,1,Kejadian 32:1,"Yakub melanjutkan perjalanannya, lalu malaikat-malaikat Allah datang menemuinya.","Pergumulan Yakub bin Ishak; Rasa Takut Bertemu Esau, Abangnya"
Kejadian,32,2,Kejadian 32:2,"Begitu Yakub melihat mereka, ia berkata, “Ini adalah perkemahan para malaikat Allah!” Maka, dinamainya tempat itu Mahanaim.",
Kejadian,32,3,Kejadian 32:3,"Setelah itu, Yakub mengirim beberapa utusan mendahuluinya menjumpai Esau, abangnya, di Tanah Seir, daerah Edom.",
Kejadian,32,4,Kejadian 32:4,"Pesannya kepada mereka, “Beginilah harus kamu katakan kepada tuanku Esau, ‘Hambamu Yakub berkata, “Selama ini aku tinggal pada Laban sebagai pendatang dan menetap di sana sampai sekarang.",
Kejadian,32,5,Kejadian 32:5,"Aku mempunyai sapi, keledai, kambing domba, hamba laki-laki, serta hamba perempuan, dan aku mengirim utusan untuk memberitahukan hal itu kepada Tuanku supaya Tuan berkenan pada-ku.”’”",
Kejadian,32,6,Kejadian 32:6,"Kemudian, utusan-utusan itu pun kembali kepada Yakub dan berkata, “Kami telah berjumpa dengan Esau, abangmu, dan ia pun sedang datang untuk menjumpaimu beserta empat ratus orang laki-laki.”",
Kejadian,32,7,Kejadian 32:7,"Maka, sangat ketakutanlah Yakub hingga merasa sesak. Dibaginya orang-orang yang menyertainya, juga kawanan kambing domba, sapi, serta unta menjadi dua rombongan.",
Kejadian,32,8,Kejadian 32:8,"Pikirnya, “Jika Esau mendatangi salah satu rombongan dan menyerangnya, maka rombongan lainnya akan terluput.”",
Kejadian,32,9,Kejadian 32:9,"Lalu, Yakub berkata, “Ya Tuhan, yang disembah oleh kakekku Ibrahim dan oleh ayahku Ishak, ya ALLAH yang telah berfirman kepadaku, ‘Pulanglah ke negerimu, kepada sanak saudaramu, dan Aku akan berbuat baik kepadamu,’",Pergumulan Batinnya di Hadapan Allah
Kejadian,32,10,Kejadian 32:10,"aku tidak patut memperoleh sedikit pun dari segala kasih dan kesetiaan yang telah Kautunjukkan kepada hamba-Mu ini karena ketika aku menyeberangi Sungai Yordan ini dahulu hanya tongkatku inilah yang kubawa, tetapi sekarang aku telah menjadi dua rombongan.",
Kejadian,32,11,Kejadian 32:11,"Namun, lepaskanlah kiranya aku dari tangan Esau, abangku, karena aku takut kepadanya, jangan-jangan ia datang untuk menyerang aku serta ibu-ibu dan anak-anaknya.",
Kejadian,32,12,Kejadian 32:12,"Bukankah Engkau pernah berfirman, ‘Aku pasti berbuat baik kepadamu dan menjadikan keturunanmu seperti pasir di laut, tak terhitung banyaknya.’”",
Kejadian,32,13,Kejadian 32:13,"Yakub pun bermalam di sana pada malam itu. Kemudian, diambilnya beberapa dari barang-barang miliknya untuk dipersembahkan kepada Esau, abangnya,",Persiapan Menghadapi Esau
Kejadian,32,14,Kejadian 32:14,"yaitu dua ratus ekor kambing betina, dua puluh ekor kambing jantan, dua ratus ekor domba betina, dua puluh ekor domba jantan,",
Kejadian,32,15,Kejadian 32:15,"tiga puluh ekor unta betina dengan anak-anaknya yang masih menyusu, empat puluh ekor sapi betina, sepuluh ekor sapi jantan, dua puluh ekor keledai betina, dan sepuluh ekor keledai jantan.",
Kejadian,32,16,Kejadian 32:16,"Diserahkannya semua itu kepada hamba-hambanya, masing-masing menjaga sekawanan ternak. Lalu, kata Yakub kepada mereka, “Berjalanlah mendahului aku dan berilah jarak antara kawanan ternak dengan kawanan ternak.”",
Kejadian,32,17,Kejadian 32:17,"Kepada hambanya yang berjalan paling depan ia berpesan, “Apabila Esau, abangku, menjumpaimu dan bertanya kepadamu, ‘Hamba siapakah engkau? Ke mana engkau hendak pergi? Milik siapakah ternak di hadapanmu ini?’",
Kejadian,32,18,Kejadian 32:18,"maka jawablah, ‘Milik hambamu, Yakub. Ini adalah persembahan yang dikirimnya bagi Tuanku Esau. Sesungguhnya, ia sendiri ada di belakang kami.’”",
Kejadian,32,19,Kejadian 32:19,"Demikianlah juga pesannya kepada hambanya yang kedua dan yang ketiga, serta kepada semua orang yang berjalan mengikuti kawanan ternak itu. Katanya, “Begitulah harus kamu katakan kepada Esau apabila kamu berjumpa dengannya.",
Kejadian,32,20,Kejadian 32:20,"Katakanlah juga, ‘Sesungguhnya, hambamu Yakub ada di belakang kami.’” Karena pikir Yakub, “Aku hendak melunakkan hatinya dengan persembahan yang diantarkan lebih dahulu ini, setelah itu barulah aku akan melihat wajahnya. Barangkali ia mau menerima aku.”",
Kejadian,32,21,Kejadian 32:21,"Jadi, persembahan itu diantarkan terlebih dahulu sementara ia sendiri bermalam di perkemahannya pada malam itu.",
Kejadian,32,22,Kejadian 32:22,"Pada malam itu juga ia bangun. Dibawanya kedua istrinya, kedua hambanya yang perempuan, serta kesebelas anaknya menyeberang melalui tempat penyeberangan Sungai Yabok.",Pergumulan dengan Seorang Laki-laki (Malaikat Allah)
Kejadian,32,23,Kejadian 32:23,"Setelah ia membawa mereka ke seberang, diseberangkannya pula barang-barang miliknya.",
Kejadian,32,24,Kejadian 32:24,"Tinggallah Yakub seorang diri, lalu seorang laki-laki bergumul dengan dia sampai fajar menyingsing.",
Kejadian,32,25,Kejadian 32:25,"Ketika laki-laki itu melihat bahwa ia tidak dapat mengalahkan Yakub, dipukulnyalah pangkal paha Yakub. Maka, pangkal paha Yakub pun terkilir akibat pergumulannya dengan laki-laki itu.",
Kejadian,32,26,Kejadian 32:26,"Lalu, kata laki-laki itu, “Biarkan aku pergi karena fajar sudah menyingsing.” Tetapi, jawab Yakub, “Aku tidak akan membiarkan engkau pergi sebelum engkau memberkahi aku.”",
Kejadian,32,27,Kejadian 32:27,"Tanya laki-laki itu kepadanya, “Siapakah namamu?” Jawabnya, “Yakub.”",
Kejadian,32,28,Kejadian 32:28,"Kata laki-laki itu, “Namamu tidak akan lagi disebut Yakub, melainkan Israil karena engkau sudah bergumul dengan Allah dan dengan manusia, dan engkau berhasil.”",
Kejadian,32,29,Kejadian 32:29,"Lalu, memohonlah Yakub, “Beritahukanlah kiranya namamu.” Jawabnya, “Mengapa engkau menanyakan namaku?” Kemudian, diberkahinyalah Yakub di sana.",
Kejadian,32,30,Kejadian 32:30,"Yakub menamai tempat itu Peniel karena katanya, “Aku telah melihat Allah muka dengan muka, tetapi nyawaku selamat.”",
Kejadian,32,31,Kejadian 32:31,"Matahari sudah terbit ketika ia melewati Peniel, dan ia timpang karena pangkal pahanya itu.",
Kejadian,32,32,Kejadian 32:32,"Sebab itu, sampai hari ini bani Israil tidak memakan urat pinggul yang ada pada pangkal paha binatang karena Ia telah memukul pangkal paha Yakub pada urat pinggul itu.",
Kejadian,33,1,Kejadian 33:1,"Ketika Yakub melayangkan pandangnya dan mengamati, tampaklah Esau datang beserta empat ratus orang laki-laki. Lalu, dibaginyalah anak-anaknya di antara Lea, Rahel, serta kedua hamba perempuan mereka.","Nabi Yakub Berbaik Kembali dengan Esau, Abangnya"
Kejadian,33,2,Kejadian 33:2,"Ia menempatkan hamba-hamba perempuan itu dengan anak-anak mereka di depan, kemudian Lea dengan anak-anaknya, dan setelah itu Rahel dengan Yusuf di paling belakang.",
Kejadian,33,3,Kejadian 33:3,Yakub sendiri berjalan di depan mereka. Tujuh kali ia sujud memberi hormat hingga ia sampai di dekat abangnya.,
Kejadian,33,4,Kejadian 33:4,"Tetapi, Esau berlari mendapatkannya. Dipeluknya Yakub, dirangkulnya lehernya dan diciumnya dia, lalu bertangis-tangisanlah mereka.",
Kejadian,33,5,Kejadian 33:5,"Ketika Esau mengangkat wajahnya dan melihat perempuan-perempuan serta anak-anak di hadapannya, bertanyalah ia, “Siapakah orang-orang yang menyertaimu ini?” Jawab Yakub, “Anak-anak yang telah dikaruniakan Allah kepada hambamu ini.”",
Kejadian,33,6,Kejadian 33:6,"Kemudian, hamba-hamba perempuan itu beserta anak-anak mereka mendekat dan sujud memberi hormat.",
Kejadian,33,7,Kejadian 33:7,"Lea dan anak-anaknya pun mendekat, lalu sujud memberi hormat. Setelah itu, Yusuf dan Rahel mendekat, lalu sujud memberi hormat.",
Kejadian,33,8,Kejadian 33:8,"Bertanyalah Esau, “Apa maksudmu dengan semua rombongan yang kutemui tadi?” Jawab Yakub, “Supaya Tuanku berkenan pada hamba.”",
Kejadian,33,9,Kejadian 33:9,"Tetapi, kata Esau, “Aku berkecukupan, adikku. Biarlah apa yang ada padamu tetap menjadi milikmu.”",
Kejadian,33,10,Kejadian 33:10,"Kata Yakub, “Kumohon janganlah demikian. Jika Tuan memang berkenan pada hamba, terimalah persembahan dari tangan hamba ini karena bagi hamba melihat wajah Tuan saja serasa melihat wajah Allah. Tuan telah menyambut aku dengan baik.",
Kejadian,33,11,Kejadian 33:11,Kumohon terimalah pemberian yang diantarkan kepada Tuan ini karena Allah telah bermurah hati kepada hamba sehingga hamba mempunyai semua ini.” Dimintanya dengan sangat hingga Esau pun mau menerimanya.,
Kejadian,33,12,Kejadian 33:12,"Kata Esau, “Mari kita berangkat melanjutkan perjalanan. Aku akan berjalan di depanmu.”",
Kejadian,33,13,Kejadian 33:13,"Tetapi, kata Yakub kepadanya, “Tuanku maklum, anak-anak ini masih lemah, lagi pula kawanan kambing domba dan kawanan sapi yang ada pada hamba masih menyusui. Jika dipaksakan berjalan satu hari saja, maka semua hewan itu akan mati.",
Kejadian,33,14,Kejadian 33:14,"Jadi, biarlah Tuanku berjalan mendahului hambamu ini. Hamba akan maju perlahan-lahan menurut langkah ternak yang ada di depan hamba serta langkah anak-anak, hingga hamba sampai pada Tuanku di Seir.”",
Kejadian,33,15,Kejadian 33:15,"Kata Esau, “Kalau begitu, biarlah kutinggalkan padamu beberapa dari orang-orang yang menyertaiku.” Jawab Yakub, “Mengapa harus demikian? Cukuplah bagi hamba jika Tuanku berkenan pada hamba.”",
Kejadian,33,16,Kejadian 33:16,"Maka, pulanglah Esau pada hari itu juga menuju Seir.",
Kejadian,33,17,Kejadian 33:17,"Sementara itu, Yakub berangkat ke Sukot. Di sana ia membangun sebuah rumah baginya serta gubuk-gubuk bagi ternaknya. Itulah sebabnya, tempat itu dinamai Sukot.",
Kejadian,33,18,Kejadian 33:18,"Setelah berjalan sekian lama dari Padan-Aram, sampailah Yakub dengan selamat di Kota Sikhem, di Tanah Kanaan, lalu didirikannya kemahnya di dekat kota itu.",
Kejadian,33,19,Kejadian 33:19,"Kemudian, dari bani Hemor, ayah Sikhem, dibelinya sebidang tanah seharga seratus keping perak, tempat ia mendirikan kemahnya.",
Kejadian,33,20,Kejadian 33:20,"Di sana ia mendirikan sebuah mazbah, yaitu tempat pembakaran kurban, dan menamainya “Allah adalah Tuhan yang disembah Israil”.",
Kejadian,34,1,Kejadian 34:1,"Suatu waktu Dina, anak perempuan Lea yang dilahirkannya bagi Yakub, pergi mengunjungi anak-anak perempuan di negeri itu.",Dina dan Sikhem
Kejadian,34,2,Kejadian 34:2,"Ketika Sikhem bin Hemor, orang Hewi, raja negeri itu, melihat Dina, diculiknya dia, lalu diperkosanya.",
Kejadian,34,3,Kejadian 34:3,"Tetapi kemudian, hatinya terpaut pada Dina, anak Yakub itu, dan ia mencintai gadis itu. Maka, ia pun berusaha menenangkan hati gadis itu.",
Kejadian,34,4,Kejadian 34:4,"Kepada Hemor, ayahnya, Sikhem berkata, “Pinanglah anak gadis itu menjadi istriku.”",
Kejadian,34,5,Kejadian 34:5,"Kabar itu kemudian terdengar oleh Yakub bahwa Sikhem telah menodai Dina, anaknya. Tetapi, pada waktu itu anak-anak lelakinya sedang di padang bersama ternaknya. Sebab itu, Yakub berdiam diri sampai mereka datang.",
Kejadian,34,6,Kejadian 34:6,"Kemudian, Hemor, ayah Sikhem, pergi menemui Yakub untuk berbicara dengannya.",
Kejadian,34,7,Kejadian 34:7,"Begitu mendengar kabar itu, anak-anak Yakub pulang dari padang. Mereka terluka hatinya dan sangat marah sebab Sikhem telah melakukan kekejian di antara orang Israil dengan meniduri anak perempuan Yakub, suatu hal yang tidak patut dilakukan.",
Kejadian,34,8,Kejadian 34:8,"Lalu, Hemor berbicara kepada Yakub dan anak-anaknya, katanya, “Hati Sikhem, anakku, telah terpaut pada anak perempuanmu. Kumohon berikanlah dia kepadanya menjadi istrinya.",
Kejadian,34,9,Kejadian 34:9,"Marilah kita berbesan-besanan. Berikanlah gadis-gadismu kepada kami, dan ambillah gadis-gadis kami bagimu.",
Kejadian,34,10,Kejadian 34:10,"Tinggallah dengan kami. Negeri ini terbuka untukmu. Tinggallah, berniagalah, dan menetaplah di sini.”",
Kejadian,34,11,Kejadian 34:11,"Kemudian, Sikhem berkata kepada ayah anak itu dan kepada saudara-saudaranya, “Kumohon berbaikhatilah padaku. Apa pun yang kamu minta akan kuberikan.",
Kejadian,34,12,Kejadian 34:12,"Tanggungkanlah kepadaku mahar dan hadiah seberapa banyak pun. Aku akan membayarnya sebanyak yang kamu sebutkan. Hanya, berikanlah gadis itu kepadaku menjadi istriku.”",
Kejadian,34,13,Kejadian 34:13,"Akan tetapi, anak-anak Yakub menjawab Sikhem dan Hemor, ayahnya, dengan tipu daya sebab Sikhem telah menodai Dina, adik mereka.",
Kejadian,34,14,Kejadian 34:14,"Kata mereka kepada kedua orang itu, “Kami tidak dapat berbuat demikian, yaitu menyerahkan adik kami kepada laki-laki yang tidak berkhitan, karena hal itu suatu cela bagi kami.",
Kejadian,34,15,Kejadian 34:15,"Hanya dengan syarat ini kami akan menyetujui permintaanmu, yaitu jika kamu menjadi sama seperti kami. Maksudnya ialah bahwa setiap laki-laki yang ada di antara kamu harus dikhitan.",
Kejadian,34,16,Kejadian 34:16,"Setelah itu, barulah kami akan memberikan gadis-gadis kami kepadamu, atau sebaliknya gadis-gadismu kami ambil bagi kami, lalu kami tinggal di antara kamu sehingga kita menjadi satu bangsa.",
Kejadian,34,17,Kejadian 34:17,"Tetapi, jika kamu tidak mengindahkan syarat kami untuk dikhitan, maka kami akan membawa adik kami, lalu pergi.”",
Kejadian,34,18,Kejadian 34:18,Permintaan mereka itu dipandang baik oleh Hemor dan Sikhem bin Hemor.,
Kejadian,34,19,Kejadian 34:19,"Tanpa menunda-nunda lagi, pemuda itu pun bersegera memenuhi syarat yang diminta karena ia suka kepada Dina, anak Yakub, lagi pula ia adalah seorang yang paling dihormati di antara seluruh kaum keluarganya.",
Kejadian,34,20,Kejadian 34:20,"Maka, pergilah Hemor dan Sikhem, anaknya, ke pintu gerbang kota mereka, lalu berbicara dengan orang-orang kota itu. Kata mereka,",
Kejadian,34,21,Kejadian 34:21,"“Orang-orang ini menunjukkan sikap bersahabat kepada kita. Biarlah mereka tinggal di negeri ini dan berniaga di sini karena lihatlah, negeri ini masih cukup luas untuk mereka! Dengan demikian, kita dapat mengambil gadis-gadis mereka menjadi istri kita, dan gadis-gadis kita pun dapat kita berikan kepada mereka.",
Kejadian,34,22,Kejadian 34:22,"Akan tetapi, hanya dengan syarat ini mereka setuju untuk tinggal bersama kita sehingga kita menjadi satu bangsa, yaitu jika semua laki-laki di antara kita dikhitan, seperti mereka pun berkhitan.",
Kejadian,34,23,Kejadian 34:23,"Bukankah nanti ternak mereka, harta milik mereka, dan segala hewan mereka akan menjadi milik kita? Hanya, biarlah kita setujui syarat mereka sehingga mereka mau tinggal bersama kita.”",
Kejadian,34,24,Kejadian 34:24,"Semua laki-laki yang datang berkumpul di pintu gerbang kota itu mendengarkan perkataan Hemor dan Sikhem, anaknya. Maka, dikhitanlah semua laki-laki, yaitu semua orang yang hadir di pintu gerbang kota itu.",
Kejadian,34,25,Kejadian 34:25,"Pada hari ketiga, ketika mereka masih kesakitan, dua orang anak Yakub, yaitu Simeon dan Lewi, abang-abang Dina, mengambil pedangnya masing-masing, lalu memasuki kota itu dengan tenangnya dan membunuh semua laki-laki di situ.",
Kejadian,34,26,Kejadian 34:26,"Hemor dan Sikhem, anaknya, mereka bunuh juga dengan mata pedang. Mereka mengambil Dina dari rumah Sikhem, lalu pergi.",
Kejadian,34,27,Kejadian 34:27,"Anak-anak Yakub merampasi orang-orang yang terbunuh, lalu menjarah kota itu sebab adik mereka telah dinodai.",
Kejadian,34,28,Kejadian 34:28,"Mereka mengambil kawanan kambing domba, sapi, keledai, dan apa saja yang ada di kota itu, juga apa yang ada di padang.",
Kejadian,34,29,Kejadian 34:29,"Mereka pun menjarah seluruh kekayaan penduduk, menawan semua perempuan serta anak-anak, dan merampas segala sesuatu yang ada dalam rumah-rumah.",
Kejadian,34,30,Kejadian 34:30,"Berkatalah Yakub kepada Simeon dan Lewi, “Kamu telah menyusahkan aku dengan membusukkan namaku di antara penduduk negeri ini, yaitu di antara orang Kanaan dan orang Feris. Jumlah kita hanya sedikit. Jika mereka berkumpul melawan kita dan menyerang kita, maka musnahlah aku beserta seisi rumahku.”",
Kejadian,34,31,Kejadian 34:31,"Tetapi, jawab mereka, “Patutkah adik kami diperlakukan seperti perempuan sundal?”",
Kejadian,35,1,Kejadian 35:1,"Allah berfirman kepada Yakub, “Bersiaplah, pergilah ke Bait-El dan tinggallah di sana. Buatlah di sana sebuah mazbah bagi Allah, yang telah menampakkan diri kepadamu ketika engkau lari dari Esau, abangmu.”",Nabi Yakub di Bait-El untuk Kedua Kalinya
Kejadian,35,2,Kejadian 35:2,"Lalu, kata Yakub kepada seisi rumahnya dan kepada semua orang yang menyertainya, “Singkirkanlah berhala-berhala bangsa asing yang ada di tengah-tengah kamu. Sucikanlah dirimu dan tukarlah pakaianmu.",
Kejadian,35,3,Kejadian 35:3,"Marilah kita bersiap-siap pergi ke Bait-El. Di sana aku akan membuat sebuah mazbah bagi Allah, yang telah menjawab aku pada masa kesesakanku dan yang menyertai aku di jalan yang telah kutempuh.”",
Kejadian,35,4,Kejadian 35:4,"Maka, mereka memberikan kepada Yakub segala berhala bangsa asing yang mereka miliki dan anting-anting yang ada di telinga mereka, dan Yakub memendam semua itu di bawah pohon besar yang terletak dekat Sikhem.",
Kejadian,35,5,Kejadian 35:5,"Kemudian, berangkatlah mereka. Rasa takut dari Allah melanda kota-kota yang ada di sekeliling mereka sehingga anak-anak Yakub tidak dikejar-kejar.",
Kejadian,35,6,Kejadian 35:6,"Lalu, sampailah Yakub bersama semua orang yang menyertainya di Lus, yaitu Bait-El, di Tanah Kanaan.",
Kejadian,35,7,Kejadian 35:7,Dibangunnyalah di situ sebuah mazbah dan dinamainya tempat itu “Tuhan Yang Menyatakan Diri di Bait-El” karena di sanalah Allah telah menyatakan diri kepadanya ketika ia lari dari abangnya.,
Kejadian,35,8,Kejadian 35:8,"Pada waktu itu Deborah, pengasuh Ribka, meninggal. Ia lalu dikuburkan di hilir Bait-El, di bawah sebuah pohon besar. Maka, pohon itu dinamai Pohon Besar Tangisan.",
Kejadian,35,9,Kejadian 35:9,"Setelah Yakub datang dari Padan-Aram, Allah menampakkan diri lagi kepadanya dan memberkahinya.",
Kejadian,35,10,Kejadian 35:10,"Firman Allah kepadanya, “Namamu Yakub, tetapi engkau tidak akan lagi disebut Yakub. Namamu akan menjadi Israil.” Maka, ALLAH menamainya Israil.",
Kejadian,35,11,Kejadian 35:11,"Firman Allah kepadanya pula, “Akulah Allah Yang Mahakuasa. Beranakcuculah dan bertambah banyak. Satu bangsa, bahkan sekumpulan bangsa akan berasal darimu, dan dari keturunanmu akan muncul raja-raja.",
Kejadian,35,12,Kejadian 35:12,"Negeri ini, yang Kukaruniakan kepada Ibrahim dan Ishak, akan Kukaruniakan kepadamu. Aku pun akan mengaruniakan negeri ini kepada keturunanmu kelak.”",
Kejadian,35,13,Kejadian 35:13,"Setelah itu, Allah meninggalkan Yakub di tempat Ia berfirman kepadanya.",
Kejadian,35,14,Kejadian 35:14,"Lalu, tepat di tempat Allah berfirman kepadanya itu Yakub mendirikan sebuah tugu batu. Dicurahkannya persembahan minuman di atasnya, lalu dituangkannya minyak ke atasnya.",
Kejadian,35,15,Kejadian 35:15,"Yakub menamai tempat itu Bait-El, tempat di mana Allah telah berfirman kepadanya.",
Kejadian,35,16,Kejadian 35:16,"Kemudian, berangkatlah mereka dari Bait-El. Ketika mereka tidak jauh lagi dari Efrata, tiba waktunya bagi Rahel untuk melahirkan, dan ia sangat kepayahan saat melahirkan.",Kelahiran Binyamin dan Kematian Rahel
Kejadian,35,17,Kejadian 35:17,"Tengah ia bersusah payah untuk melahirkan, berkatalah bidan kepadanya, “Jangan takut karena kali ini pun engkau akan mendapatkan seorang anak laki-laki.”",
Kejadian,35,18,Kejadian 35:18,"Ketika ia hendak mengembuskan napasnya yang terakhir (karena akhirnya ia meninggal), ia menamai anak itu Bin-oni. Tetapi, ayahnya menamainya Binyamin.",
Kejadian,35,19,Kejadian 35:19,"Kemudian, Rahel meninggal dan dimakamkan di sisi jalan menuju Efrata, yaitu Betlehem.",
Kejadian,35,20,Kejadian 35:20,"Di atas makamnya Yakub mendirikan sebuah tugu, dan tugu makam Rahel itu masih ada sampai hari ini.",
Kejadian,35,21,Kejadian 35:21,"Kemudian, Israil berangkat lagi. Didirikannya kemahnya di seberang Migdal-Eder.",
Kejadian,35,22,Kejadian 35:22,"Ketika Israil tinggal di negeri itu, sempat terjadi Ruben tidur dengan Bilha, gundik ayahnya, dan hal itu terdengar oleh Israil.",
Kejadian,35,23,Kejadian 35:23,"(35-22b) Anak-anak lelaki Yakub berjumlah dua belas orang. (35-23) Anak-anak dari Lea: Ruben, anak sulung Yakub, kemudian Simeon, Lewi, Yuda, Isakhar, dan Zebulon.",Anak-Anak Nabi Yakub
Kejadian,35,24,Kejadian 35:24,Anak-anak dari Rahel: Yusuf dan Binyamin.,
Kejadian,35,25,Kejadian 35:25,"Anak-anak dari Bilha, hamba Rahel: Dan dan Naftali.",
Kejadian,35,26,Kejadian 35:26,"Sedangkan anak-anak dari Zilpa, hamba Lea: Gad dan Asyer. Itulah anak-anak lelaki Yakub yang dilahirkan baginya di Padan-Aram.",
Kejadian,35,27,Kejadian 35:27,"Akhirnya sampailah Yakub di tempat Ishak, ayahnya, yaitu di Mamre dekat Kiryat-Arba, yaitu Hebron, tempat Ibrahim dan Ishak tinggal sebagai pendatang.",Nabi Ishak Wafat
Kejadian,35,28,Kejadian 35:28,Ishak mencapai umur seratus delapan puluh tahun.,
Kejadian,35,29,Kejadian 35:29,"Setelah itu, Ishak mengembuskan napasnya yang terakhir, lalu wafat. Ia dikumpulkan bersama kaum leluhurnya saat telah tua dan lanjut umur. Maka, Esau dan Yakub, anak-anaknya, memakamkan dia.",
Kejadian,36,1,Kejadian 36:1,"Inilah keturunan Esau, yang disebut juga Edom.",Keturunan Esau
Kejadian,36,2,Kejadian 36:2,"Esau memperistri perempuan-perempuan Kanaan, yaitu Ada binti Elon, orang Het; Oholibama, anak Ana binti Zibeon, orang Hewi;",
Kejadian,36,3,Kejadian 36:3,"dan juga Basmat binti Ismail, adik Nebayot.",
Kejadian,36,4,Kejadian 36:4,"Ada melahirkan Elifas bagi Esau, Basmat melahirkan Rehuel,",
Kejadian,36,5,Kejadian 36:5,"sedangkan Oholibama melahirkan Yeus, Yaelam, dan Korah. Itulah anak-anak Esau yang dilahirkan baginya di Tanah Kanaan.",
Kejadian,36,6,Kejadian 36:6,"Esau membawa istri-istrinya, anak-anaknya, baik laki-laki maupun perempuan, semua orang yang ada di rumahnya, ternaknya, segala hewannya, dan segala harta milik yang diperolehnya di Tanah Kanaan, pergi ke suatu negeri, jauh dari Yakub, adiknya.",
Kejadian,36,7,Kejadian 36:7,"Memang harta benda kedua bersaudara itu terlalu banyak sehingga tidak mungkin bagi mereka untuk tinggal bersama-sama. Selain itu, negeri tempat mereka tinggal sebagai pendatang itu pun tidak dapat menampung mereka karena begitu banyaknya ternak mereka.",
Kejadian,36,8,Kejadian 36:8,"Maka, tinggallah Esau, yaitu Edom, di Pegunungan Seir.",
Kejadian,36,9,Kejadian 36:9,"Inilah keturunan Esau, bapak leluhur orang Edom di Pegunungan Seir.",
Kejadian,36,10,Kejadian 36:10,"Nama anak-anak Esau: Elifas, anak Ada istri Esau, dan Rehuel, anak Basmat istri Esau.",
Kejadian,36,11,Kejadian 36:11,"Anak-anak Elifas: Teman, Omar, Zefo, Gaetam, dan Kenas.",
Kejadian,36,12,Kejadian 36:12,"Timna, gundik Elifas bin Esau, melahirkan Amalek bagi Elifas. Itulah keturunan Ada, istri Esau.",
Kejadian,36,13,Kejadian 36:13,"Anak-anak Rehuel: Nahat, Zerah, Syama, dan Miza. Itulah keturunan Basmat, istri Esau.",
Kejadian,36,14,Kejadian 36:14,"Oholibama binti Ana binti Zibeon, istri Esau, melahirkan pula anak-anak bagi Esau: Yeus, Yaelam, dan Korah.",
Kejadian,36,15,Kejadian 36:15,"Inilah kepala-kepala kaum bani Esau. Keturunan Elifas, anak sulung Esau, menjadi kepala kaum Teman, kepala kaum Omar, kepala kaum Zefo, kepala kaum Kenas,",
Kejadian,36,16,Kejadian 36:16,"kepala kaum Korah, kepala kaum Gaetam, dan kepala kaum Amalek. Itulah kepala-kepala kaum Elifas di Tanah Edom, dan itulah keturunan Ada.",
Kejadian,36,17,Kejadian 36:17,"Keturunan Rehuel bin Esau menjadi kepala kaum Nahat, kepala kaum Zerah, kepala kaum Syama, dan kepala kaum Miza. Itulah kepala-kepala kaum Rehuel di Tanah Edom, dan itulah keturunan Basmat, istri Esau.",
Kejadian,36,18,Kejadian 36:18,"Keturunan Oholibama, istri Esau, menjadi kepala kaum Yeus, kepala kaum Yaelam, dan kepala kaum Korah. Itulah kepala-kepala kaum keturunan Oholibama binti Ana, istri Esau itu.",
Kejadian,36,19,Kejadian 36:19,"Itulah bani Esau, yaitu Edom, dan itulah kepala-kepala kaumnya.",
Kejadian,36,20,Kejadian 36:20,"Inilah anak-anak Seir, orang Hori, penduduk negeri itu, yaitu Lotan, Syobal, Zibeon, Ana,",Keturunan Seir
Kejadian,36,21,Kejadian 36:21,"Disyon, Ezer, dan Disyan. Itulah keturunan Seir yang menjadi kepala-kepala kaum orang Hori di Tanah Edom.",
Kejadian,36,22,Kejadian 36:22,"Anak-anak Lotan: Hori dan Heman, sedangkan saudara perempuan Lotan adalah Timna.",
Kejadian,36,23,Kejadian 36:23,"Anak-anak Syobal: Alwan, Manahat, Ebal, Syefo, dan Onam.",
Kejadian,36,24,Kejadian 36:24,"Anak-anak Zibeon: Aya dan Ana. Ana inilah yang menemukan mata-mata air panas di padang belantara pada waktu ia menggembalakan keledai Zibeon, ayahnya.",
Kejadian,36,25,Kejadian 36:25,"Ana mempunyai seorang anak laki-laki, yaitu Disyon, dan seorang anak perempuan, yaitu Oholibama.",
Kejadian,36,26,Kejadian 36:26,"Anak-anak Disyon: Hemdan, Esban, Yitran, dan Keran.",
Kejadian,36,27,Kejadian 36:27,"Anak-anak Ezer: Bilhan, Zaawan, dan Akan.",
Kejadian,36,28,Kejadian 36:28,Anak-anak Disyan: Us dan Aran.,
Kejadian,36,29,Kejadian 36:29,"Kepala-kepala kaum orang Hori: kepala kaum Lotan, kepala kaum Syobal, kepala kaum Zibeon, kepala kaum Ana,",
Kejadian,36,30,Kejadian 36:30,"kepala kaum Disyon, kepala kaum Ezer, dan kepala kaum Disyan. Itulah kepala-kepala kaum orang Hori menurut kaum-kaum mereka di Tanah Seir.",
Kejadian,36,31,Kejadian 36:31,Inilah raja-raja yang bertakhta di Tanah Edom sebelum ada seorang raja yang bertakhta atas bani Israil:,Raja-Raja Edom
Kejadian,36,32,Kejadian 36:32,"Bela bin Beor bertakhta di Edom, nama kotanya ialah Dinhaba.",
Kejadian,36,33,Kejadian 36:33,"Setelah Bela mati, Yobab bin Zerah dari Bozra naik takhta menggantikannya.",
Kejadian,36,34,Kejadian 36:34,"Setelah Yobab mati, Husyam dari negeri orang Teman naik takhta menggantikannya.",
Kejadian,36,35,Kejadian 36:35,"Setelah Husyam mati, Hadad bin Bedad, yang mengalahkan orang Midian di daerah Moab, naik takhta menggantikannya, nama kotanya ialah Awit.",
Kejadian,36,36,Kejadian 36:36,"Setelah Hadad mati, Samla dari Masreka naik takhta menggantikannya.",
Kejadian,36,37,Kejadian 36:37,"Setelah Samla mati, Saul dari Rehobot, yang letaknya di tepi sungai, naik takhta menggantikannya.",
Kejadian,36,38,Kejadian 36:38,"Setelah Saul mati, Baal-Hanan bin Akhbor naik takhta menggantikannya.",
Kejadian,36,39,Kejadian 36:39,"Setelah Baal-Hanan bin Akhbor mati, Hadar naik takhta menggantikannya, nama kotanya ialah Pahu. Istrinya bernama Mehetabeel binti Matred binti Mezahab.",
Kejadian,36,40,Kejadian 36:40,"Inilah nama para pemimpin keturunan Esau menurut kaum dan tempat tinggal mereka dengan nama mereka masing-masing: kepala kaum Timna, kepala kaum Alwa, kepala kaum Yetet,",
Kejadian,36,41,Kejadian 36:41,"kepala kaum Oholibama, kepala kaum Ela, kepala kaum Pinon,",
Kejadian,36,42,Kejadian 36:42,"kepala kaum Kenas, kepala kaum Teman, kepala kaum Mibzar,",
Kejadian,36,43,Kejadian 36:43,"kepala kaum Magdiel, dan kepala kaum Iram. Itulah kepala-kepala kaum Edom menurut tempat tinggal mereka di tanah milik mereka. Itulah Esau, bapak leluhur orang Edom.",
Kejadian,37,1,Kejadian 37:1,"Yakub tinggal di negeri tempat ayahnya menjadi pendatang, yaitu di Tanah Kanaan.",Nabi Yusuf dan Saudara-saudaranya
Kejadian,37,2,Kejadian 37:2,"Inilah riwayat keturunan Yakub. Ketika Yusuf masih muda, tujuh belas tahun umurnya, ia biasa menggembalakan kawanan kambing domba bersama saudara-saudaranya. Ia menyertai anak-anak Bilha dan Zilpa, kedua istri ayahnya. Kepada ayahnya Yusuf sering menyampaikan laporan yang buruk tentang saudara-saudaranya.",
Kejadian,37,3,Kejadian 37:3,Israil memang lebih mengasihi Yusuf daripada semua anaknya yang lain karena dialah anak yang lahir pada masa tuanya. Dibuatkannya bagi Yusuf sehelai jubah indah berlengan panjang.,
Kejadian,37,4,Kejadian 37:4,"Ketika saudara-saudaranya melihat bahwa ayah mereka lebih mengasihi Yusuf daripada semua saudaranya, mereka pun membenci dia dan tidak mau berbicara dengan ramah kepadanya.",
Kejadian,37,5,Kejadian 37:5,"Suatu waktu Yusuf bermimpi, lalu ia menceritakan mimpinya itu kepada saudara-saudaranya. Maka, semakin bencilah mereka kepadanya.",
Kejadian,37,6,Kejadian 37:6,"Kata Yusuf kepada mereka, “Dengarkanlah mimpi yang kudapat ini.",
Kejadian,37,7,Kejadian 37:7,"Tampak kita sedang mengikat berkas-berkas gandum di ladang. Tiba-tiba berkas gandumku bangkit dan berdiri tegak, lalu datanglah berkas-berkas gandummu mengelilingi berkas gandumku dan sujud memberi hormat.”",
Kejadian,37,8,Kejadian 37:8,"Kata saudara-saudaranya kepadanya, “Masakan engkau mau bertakhta atas kami atau berkuasa atas kami?” Jadi, mereka semakin benci lagi kepadanya karena mimpinya dan perkataannya itu.",
Kejadian,37,9,Kejadian 37:9,"Setelah itu, Yusuf bermimpi pula sebuah mimpi yang lain, lalu diceritakannya pula kepada saudara-saudaranya, katanya, “Dengar, aku bermimpi lagi. Tampak matahari, bulan, dan sebelas bintang sujud memberi hormat kepadaku.”",
Kejadian,37,10,Kejadian 37:10,"Akan tetapi, ketika Yusuf menceritakan mimpinya itu kepada ayahnya serta saudara-saudaranya, ayahnya menghardiknya dan berkata kepadanya, “Mimpi apa itu? Masakan aku, ibumu, dan saudara-saudaramu datang dan sujud memberi hormat kepadamu?”",
Kejadian,37,11,Kejadian 37:11,"Maka, dengkilah saudara-saudaranya terhadap dia, tetapi ayahnya menyimpan hal itu di dalam hatinya.",
Kejadian,37,12,Kejadian 37:12,Suatu waktu saudara-saudara Yusuf pergi menggembalakan kawanan kambing domba ayah mereka di dekat Sikhem.,Nabi Yusuf Dijual ke Negeri Mesir
Kejadian,37,13,Kejadian 37:13,"Lalu, Israil berkata kepada Yusuf, “Saudara-saudaramu sedang menggembalakan kawanan kambing domba di dekat Sikhem, bukan? Kemarilah, aku hendak menyuruhmu pergi menemui mereka.” Jawab Yusuf, “Ya, Ayah.”",
Kejadian,37,14,Kejadian 37:14,"Katanya pula kepada Yusuf, “Pergi dan lihatlah, apakah saudara-saudaramu serta seluruh kawanan kambing domba dalam keadaan baik. Setelah itu, kembalilah dan kabarilah aku.” Lalu, disuruhnyalah Yusuf pergi melalui Lembah Hebron. Yusuf pun sampai di Sikhem.",
Kejadian,37,15,Kejadian 37:15,"Ia berjalan ke sana kemari di padang, lalu bertemu dengan seorang laki-laki. Tanya orang itu kepadanya, “Apa yang kaucari?”",
Kejadian,37,16,Kejadian 37:16,"Jawabnya, “Aku mencari saudara-saudaraku. Tolong beri tahu aku di mana mereka menggembalakan ternak.”",
Kejadian,37,17,Kejadian 37:17,"Kata orang itu, “Mereka sudah berangkat dari sini karena kudengar mereka berkata, ‘Mari kita pergi ke Dotan.’” Maka, pergilah Yusuf menyusul saudara-saudaranya, lalu ia menemukan mereka di Dotan.",
Kejadian,37,18,Kejadian 37:18,"Saudara-saudaranya melihat dia dari jauh. Tetapi, sebelum Yusuf tiba di dekat mereka, bermufakatlah mereka untuk membunuhnya.",
Kejadian,37,19,Kejadian 37:19,"Kata mereka satu sama lain, “Lihat, si tukang mimpi datang!",
Kejadian,37,20,Kejadian 37:20,"Sekarang, mari kita bunuh dia, lalu kita lemparkan dia ke dalam salah satu sumur di sini. Kita katakan saja bahwa dia dimangsa binatang buas. Nanti kita lihat, apa yang akan terjadi dengan mimpi-mimpinya itu!”",
Kejadian,37,21,Kejadian 37:21,"Tetapi, ketika Ruben mendengar hal itu, ia berusaha menyelamatkan Yusuf dari tangan mereka, katanya, “Jangan kita bunuh dia.”",
Kejadian,37,22,Kejadian 37:22,"Kata Ruben lagi kepada mereka, “Jangan tumpahkan darah. Lemparkan saja dia ke dalam sumur yang ada di padang belantara ini, tetapi jangan celakakan dia.” Ia bermaksud hendak menyelamatkan Yusuf dari tangan mereka dan membawanya kembali kepada ayahnya.",
Kejadian,37,23,Kejadian 37:23,"Jadi, begitu Yusuf tiba di tempat saudara-saudaranya, mereka melucuti jubahnya, yaitu jubah indah berlengan panjang yang dipakainya itu,",
Kejadian,37,24,Kejadian 37:24,lalu membawa dia dan melemparkannya ke dalam sebuah sumur yang kosong tak berair.,
Kejadian,37,25,Kejadian 37:25,"Setelah itu, duduklah mereka untuk makan. Ketika mereka melayangkan pandang, tampak ada suatu kafilah orang Ismail yang datang dari Gilead. Unta mereka memuat rempah-rempah, balsam, dan damar wangi untuk dibawa ke Mesir.",
Kejadian,37,26,Kejadian 37:26,"Lalu, berkatalah Yuda kepada saudara-saudaranya, “Apa untungnya kita membunuh adik kita dan menyembunyikan darahnya?",
Kejadian,37,27,Kejadian 37:27,"Mari kita jual dia kepada orang Ismail ini. Jangan kita celakakan dia karena dia ini adik kita, darah daging kita.” Maka, saudara-saudaranya pun mendengarkannya.",
Kejadian,37,28,Kejadian 37:28,"Ketika para saudagar Midian itu lewat, Yusuf ditarik dan diangkat dari dalam sumur, lalu dijual kepada orang-orang Ismail itu dengan harga dua puluh keping perak. Kemudian, orang-orang itu membawa Yusuf ke Mesir.",
Kejadian,37,29,Kejadian 37:29,"Ketika Ruben kembali ke sumur itu, dilihatnya Yusuf sudah tidak ada dalam sumur. Maka, ia pun mengoyakkan pakaiannya.",
Kejadian,37,30,Kejadian 37:30,"Ia kembali kepada saudara-saudaranya dan berkata, “Anak itu tidak ada lagi! Ke mana aku harus pergi sekarang?”",
Kejadian,37,31,Kejadian 37:31,"Mereka menyembelih seekor kambing jantan, lalu mengambil jubah Yusuf dan mencelupkan jubah itu ke dalam darah.",
Kejadian,37,32,Kejadian 37:32,"Setelah itu, mereka menyuruh seseorang untuk membawa jubah indah berlengan panjang itu kepada ayah mereka dengan pesan, “Kami menemukan ini. Periksalah, apakah ini jubah anak Bapak atau bukan.”",
Kejadian,37,33,Kejadian 37:33,"Yakub memeriksanya, lalu berkata, “Ini jubah anakku! Binatang buas memangsanya! Pasti Yusuf telah dicabik-cabik oleh binatang itu!”",
Kejadian,37,34,Kejadian 37:34,"Lalu, Yakub mengoyakkan pakaiannya dan mengenakan kain kabung pada pinggangnya. Diratapinya anaknya itu berhari-hari lamanya.",
Kejadian,37,35,Kejadian 37:35,"Semua anaknya, baik lelaki maupun perempuan, berusaha menghiburnya, tetapi ia tidak mau dihibur. Katanya, “Tidak! Dengan meratap aku akan turun mendapatkan anakku, ke alam kubur.” Demikianlah Yusuf ditangisi oleh ayahnya.",
Kejadian,37,36,Kejadian 37:36,"Sementara itu, di negeri Mesir Yusuf dijual oleh orang Midian tadi kepada Potifar, seorang pegawai istana Firaun, kepala pengawal raja.",
Kejadian,38,1,Kejadian 38:1,"Suatu waktu pada masa itu, Yuda pergi meninggalkan saudara-saudaranya dan singgah pada seorang Adulam bernama Hira.",Yuda dan Tamar
Kejadian,38,2,Kejadian 38:2,Di situ Yuda melihat anak perempuan dari seorang Kanaan bernama Syua. Yuda pun kemudian memperistri perempuan itu dan bercampur dengannya.,
Kejadian,38,3,Kejadian 38:3,Perempuan itu mengandung dan melahirkan seorang anak laki-laki yang dinamainya Er.,
Kejadian,38,4,Kejadian 38:4,"Lalu, ia mengandung lagi dan melahirkan seorang anak laki-laki yang dinamainya Onan.",
Kejadian,38,5,Kejadian 38:5,"Setelah itu, sekali lagi ia melahirkan seorang anak laki-laki yang dinamainya Syela. Yuda sedang berada di Kezib pada waktu anak itu dilahirkan.",
Kejadian,38,6,Kejadian 38:6,"Lama sesudah itu, Yuda mengambil seorang istri bagi Er, anaknya yang sulung. Nama perempuan itu ialah Tamar.",
Kejadian,38,7,Kejadian 38:7,"Tetapi, Er, anak sulung Yuda itu, jahat dalam pandangan ALLAH sehingga ALLAH mengambil nyawanya.",
Kejadian,38,8,Kejadian 38:8,"Kemudian, Yuda berkata kepada Onan, “Kawinlah dengan istri abangmu dan penuhilah kewajibanmu sebagai ipar supaya engkau membangkitkan keturunan bagi abangmu.”",
Kejadian,38,9,Kejadian 38:9,"Akan tetapi, Onan tahu bahwa keturunan itu nantinya tidak akan menjadi miliknya. Jadi, setiap kali ia bercampur dengan istri abangnya itu, ditumpahkannya air maninya ke tanah. Ia tidak mau memberi keturunan bagi abangnya.",
Kejadian,38,10,Kejadian 38:10,Apa yang dilakukannya itu jahat dalam pandangan ALLAH sehingga ALLAH pun mengambil nyawanya.,
Kejadian,38,11,Kejadian 38:11,"Lalu, Yuda berkata kepada Tamar, menantunya, “Tinggallah sebagai janda di rumah ayahmu sampai anakku Syela dewasa,” karena pikir Yuda, “Jangan-jangan ia pun mati seperti kedua abangnya.” Maka, pergilah Tamar dan tinggal di rumah ayahnya.",
Kejadian,38,12,Kejadian 38:12,"Setelah beberapa lama, meninggallah anak perempuan Syua, istri Yuda. Ketika hati Yuda sudah pulih, ia pergi ke tempat orang-orang yang menggunting bulu domba-dombanya di Timna bersama Hira, sahabatnya, orang Adulam.",
Kejadian,38,13,Kejadian 38:13,"Kemudian, kepada Tamar dikabarkan, “Ketahuilah, ayah mertuamu sedang berjalan menuju Timna untuk menggunting bulu domba-dombanya.”",
Kejadian,38,14,Kejadian 38:14,"Maka, Tamar pun menanggalkan pakaian kejandaannya. Ditutupinya wajahnya dan diselubunginya dirinya, lalu duduk di pintu masuk menuju Enaim, yang terletak di jalan ke Timna. Hal itu dilakukannya karena ia melihat bahwa Syela sudah dewasa, tetapi tidak juga diberikan kepadanya menjadi istrinya.",
Kejadian,38,15,Kejadian 38:15,"Ketika Yuda melihatnya, ia menyangka bahwa perempuan itu adalah perempuan sundal sebab ia menutupi wajahnya.",
Kejadian,38,16,Kejadian 38:16,"Lalu, didekatinya perempuan itu di tepi jalan dan berkata, “Marilah, aku mau tidur denganmu,” karena ia tidak tahu bahwa perempuan itu adalah menantunya. Kata perempuan itu, “Apa yang akan kauberikan kepadaku kalau engkau tidur dengan aku?”",
Kejadian,38,17,Kejadian 38:17,"Jawabnya, “Nanti kukirimkan kepadamu seekor anak kambing dari kawanan kambing dombaku.” Kata perempuan itu, “Asal engkau memberi jaminan sampai engkau mengirimkannya kepadaku.”",
Kejadian,38,18,Kejadian 38:18,"Tanyanya, “Jaminan apa yang harus kuberikan kepadamu?” Jawab perempuan itu, “Cincin meteraimu, kalungmu, dan tongkat yang ada di tanganmu itu.” Maka, diberikannyalah semua itu kepadanya, lalu ia tidur dengannya. Perempuan itu pun mengandung olehnya.",
Kejadian,38,19,Kejadian 38:19,"Setelah itu, bangkitlah perempuan itu, lalu pergi. Ditanggalkannya penutup wajahnya dan dipakainya kembali pakaian kejandaannya.",
Kejadian,38,20,Kejadian 38:20,"Yuda mengirimkan anak kambing yang dijanjikannya dengan perantaraan sahabatnya, orang Adulam itu, untuk mengambil kembali barang-barang jaminannya dari tangan perempuan itu. Akan tetapi, sahabatnya itu tidak dapat menemukan perempuan itu.",
Kejadian,38,21,Kejadian 38:21,"Ia bertanya-tanya kepada orang-orang di tempat itu, katanya, “Di manakah perempuan pelacur kuil yang ada di tepi jalan dekat Enaim itu?” Jawab mereka, “Di sini tidak ada perempuan pelacur kuil.”",
Kejadian,38,22,Kejadian 38:22,"Maka, kembalilah ia kepada Yuda dan berkata, “Aku tidak dapat menemukannya. Lagi pula, orang-orang di tempat itu berkata, ‘Di sini tidak ada perempuan pelacur kuil.’”",
Kejadian,38,23,Kejadian 38:23,"Kata Yuda, “Biarlah barang-barang itu diambilnya supaya kita tidak menjadi bahan tertawaan. Sesungguhnya, aku sudah mengirimkan anak kambing ini, tetapi engkau tidak menemukan dia.”",
Kejadian,38,24,Kejadian 38:24,"Kira-kira tiga bulan kemudian kepada Yuda dikabarkan, “Tamar, menantumu, telah berbuat zina. Ketahuilah, ia bahkan mengandung akibat perzinaannya itu.” Kata Yuda, “Bawalah dia kemari, biar dia dibakar!”",
Kejadian,38,25,Kejadian 38:25,"Sementara ia dibawa keluar, ia menyuruh orang menyampaikan pesan kepada ayah mertuanya, “Oleh laki-laki yang mempunyai barang-barang inilah aku mengandung.” Pesannya pula, “Periksalah, siapakah pemilik cincin meterai, kalung, dan tongkat ini.”",
Kejadian,38,26,Kejadian 38:26,"Yuda memeriksa barang-barang itu, lalu katanya, “Perempuan itulah yang benar karena aku tidak memberikan dia kepada Syela, anakku.” Sejak itu Yuda tidak pernah menggauli perempuan itu lagi.",
Kejadian,38,27,Kejadian 38:27,"Pada waktu perempuan itu hendak melahirkan, diketahui ada anak kembar dalam kandungannya.",
Kejadian,38,28,Kejadian 38:28,"Saat ia melahirkan, seorang dari anaknya mengeluarkan tangannya. Bidan mengambil sehelai benang merah tua, lalu mengikatkannya pada tangan anak itu, katanya, “Inilah yang keluar lebih dahulu.”",
Kejadian,38,29,Kejadian 38:29,"Tetapi, anak itu menarik kembali tangannya, lalu keluarlah saudara kembarnya. Kata bidan itu, “Betapa kuatnya engkau menerobos keluar!” Sebab itu, ia dinamai Peres.",
Kejadian,38,30,Kejadian 38:30,"Barulah kemudian keluar saudaranya, yang pada tangannya ada benang merah tua, lalu ia dinamai Zerah.",
Kejadian,39,1,Kejadian 39:1,"Sementara itu, Yusuf dibawa ke Mesir. Kemudian, Potifar, pegawai istana Firaun dan kepala pengawal raja, seorang Mesir, membeli dia dari tangan orang Ismail yang membawanya ke sana.",Nabi Yusuf di Rumah Potifar
Kejadian,39,2,Kejadian 39:2,"ALLAH menyertai Yusuf sehingga ia menjadi seorang yang berhasil dalam pekerjaannya. Ia tinggal di rumah tuannya, orang Mesir itu.",
Kejadian,39,3,Kejadian 39:3,Tuannya melihat bahwa ALLAH menyertai Yusuf dan bahwa ALLAH membuat segala sesuatu yang dikerjakannya berhasil.,
Kejadian,39,4,Kejadian 39:4,"Sebab itu, ia berkenan pada Yusuf dan memperbolehkan dia untuk melayaninya. Ia pun menugaskan Yusuf untuk mengatur rumahnya. Segala miliknya diserahkannya ke dalam wewenang Yusuf.",
Kejadian,39,5,Kejadian 39:5,"Sejak Yusuf ditugaskan untuk mengatur rumahnya dan segala miliknya, ALLAH memberkahi rumah tangga orang Mesir itu karena Yusuf. Berkah ALLAH melimpahi segala miliknya, baik yang ada di dalam rumah maupun yang ada di ladang.",
Kejadian,39,6,Kejadian 39:6,"Maka, ia menyerahkan segala sesuatu yang dimilikinya ke dalam wewenang Yusuf, dan dengan bantuan Yusuf ia tidak perlu memikirkan apa-apa lagi, selain makanan yang hendak dimakannya. Yusuf adalah seorang yang bagus perawakannya dan tampan parasnya.",
Kejadian,39,7,Kejadian 39:7,"Setelah beberapa waktu lamanya, istri tuannya mengerlingkan mata pada Yusuf dan berkata, “Mari, tidurlah dengan aku.”",
Kejadian,39,8,Kejadian 39:8,"Tetapi, Yusuf menolaknya. Katanya kepada istri tuannya itu, “Sesungguhnya, dengan bantuanku tuanku itu tidak perlu memikirkan apa-apa lagi di rumah ini. Segala sesuatu yang dimilikinya telah diserahkannya ke dalam wewenangku.",
Kejadian,39,9,Kejadian 39:9,"Di dalam rumah ini tidak ada seorang pun yang lebih besar wewenangnya daripada aku, dan tuanku tidak menahan apa pun dari aku, selain Nyonya karena Nyonya istrinya. Bagaimana mungkin aku melakukan kejahatan yang besar ini dan berdosa terhadap Allah?”",
Kejadian,39,10,Kejadian 39:10,"Jadi, meskipun ia membujuk Yusuf hari demi hari, Yusuf tidak mau mendengarkan bujukannya untuk tidur di sisinya, bahkan sekadar untuk menyertainya.",
Kejadian,39,11,Kejadian 39:11,"Pada suatu hari, Yusuf masuk ke dalam rumah untuk melakukan pekerjaannya. Tak seorang pun ada di dalam rumah pada saat itu.",
Kejadian,39,12,Kejadian 39:12,"Lalu, perempuan itu memegang jubah Yusuf sambil berkata, “Mari, tidurlah dengan aku!” Tetapi, Yusuf meninggalkan jubahnya di tangan perempuan itu, lalu lari keluar.",
Kejadian,39,13,Kejadian 39:13,"Ketika perempuan itu melihat bahwa Yusuf meninggalkan jubahnya di tangannya dan lari keluar,",
Kejadian,39,14,Kejadian 39:14,"dipanggilnyalah seisi rumahnya. Katanya kepada mereka, “Lihat, dibawanya kepada kita seorang Ibrani untuk mempermainkan kita! Ia masuk untuk tidur dengan aku, tetapi aku berteriak dengan suara nyaring.",
Kejadian,39,15,Kejadian 39:15,"Begitu didengarnya aku berteriak dengan suara nyaring, ditinggalkannya jubahnya padaku, lalu lari keluar.”",
Kejadian,39,16,Kejadian 39:16,Perempuan itu menaruh jubah Yusuf di sisinya sampai tuannya pulang ke rumah.,
Kejadian,39,17,Kejadian 39:17,"Lalu, perkataan itu pulalah yang disampaikan perempuan itu kepada Potifar, katanya, “Hamba Ibrani yang kaubawa untuk kita itu datang kepadaku untuk mempermainkan aku.",
Kejadian,39,18,Kejadian 39:18,"Tetapi, ketika aku berteriak dengan suara nyaring, ditinggalkannya jubahnya padaku, lalu lari keluar.”",
Kejadian,39,19,Kejadian 39:19,"Setelah Potifar mendengar perkataan yang disampaikan istrinya kepadanya, “Begitulah hambamu memperlakukan aku,” maka menyalalah amarahnya.",
Kejadian,39,20,Kejadian 39:20,"Yusuf pun diambil oleh tuannya, lalu dimasukkan ke dalam penjara, tempat para tahanan raja ditahan. Maka, terpenjaralah Yusuf di situ.",
Kejadian,39,21,Kejadian 39:21,"Akan tetapi, ALLAH menyertai Yusuf dan menunjukkan kasih-Nya kepadanya. Ia membuat kepala penjara itu berkenan kepada Yusuf.",
Kejadian,39,22,Kejadian 39:22,"Lalu, kepala penjara itu menyerahkan semua tahanan dalam penjara itu ke dalam pengawasan Yusuf. Segala sesuatu yang harus dikerjakan di situ, Yusuflah yang mengerjakannya.",
Kejadian,39,23,Kejadian 39:23,Kepala penjara itu tidak perlu mengurus lagi segala sesuatu yang sudah ditangani Yusuf sebab ALLAH menyertai dia dan ALLAH membuat apa yang dikerjakannya berhasil.,
Kejadian,40,1,Kejadian 40:1,"Beberapa waktu kemudian sesudah peristiwa-peristiwa itu, juru minuman dan juru roti raja Mesir melakukan kesalahan terhadap tuan mereka, raja Mesir.",Mimpi Juru Minuman dan Juru Roti
Kejadian,40,2,Kejadian 40:2,"Maka, murkalah Firaun kepada kedua pegawai istananya itu, yaitu kepada kepala juru minuman serta kepala juru rotinya.",
Kejadian,40,3,Kejadian 40:3,"Ia memasukkan mereka ke dalam tahanan di rumah kepala pengawal raja, yaitu ke dalam penjara tempat Yusuf ditahan.",
Kejadian,40,4,Kejadian 40:4,"Lalu, kepala pengawal raja menyuruh Yusuf untuk mengawasi mereka, dan ia pun melayani mereka. Mereka berada dalam tahanan selama beberapa waktu.",
Kejadian,40,5,Kejadian 40:5,"Suatu kali, pada malam yang sama, juru minuman serta juru roti raja Mesir yang ditahan dalam penjara itu bermimpi. Mimpi mereka masing-masing memiliki arti yang berbeda.",
Kejadian,40,6,Kejadian 40:6,"Pagi harinya, ketika Yusuf datang menemui mereka dan memperhatikan mereka, tampak mereka sedang bersusah hati.",
Kejadian,40,7,Kejadian 40:7,"Maka, bertanyalah Yusuf kepada pegawai-pegawai istana Firaun yang bersama-sama dengannya dalam penjara di rumah tuannya itu, “Mengapa wajah kalian muram hari ini?”",
Kejadian,40,8,Kejadian 40:8,"Jawab mereka kepadanya, “Kami bermimpi, tetapi tak seorang pun dapat menafsirkannya.” Kata Yusuf kepada mereka, “Bukankah tafsir mimpi dari Allah asalnya? Ceritakanlah mimpi itu kepadaku.”",
Kejadian,40,9,Kejadian 40:9,"Lalu, kepala juru minuman menceritakan mimpinya kepada Yusuf, katanya, “Dalam mimpiku itu tampak sebuah pohon anggur di hadapanku.",
Kejadian,40,10,Kejadian 40:10,"Pohon anggur itu bercabang tiga. Begitu pohon itu bertunas, bunganya langsung tumbuh dan tandan-tandannya pun mengeluarkan buah anggur yang masak.",
Kejadian,40,11,Kejadian 40:11,"Pada waktu itu cawan Firaun ada di tanganku. Lalu, buah-buah anggur itu kuambil dan kuperas ke dalam cawan Firaun. Setelah itu, kupersembahkan cawan itu ke tangan Firaun.”",
Kejadian,40,12,Kejadian 40:12,"Kata Yusuf kepadanya, “Inilah tafsir dari mimpimu: Tiga cabang itu artinya tiga hari.",
Kejadian,40,13,Kejadian 40:13,"Dalam tiga hari ini, Firaun akan membebaskan engkau dan mengembalikan engkau pada kedudukanmu. Engkau akan kembali mempersembahkan cawan ke tangan Firaun, seperti yang biasa kaulakukan sebelumnya ketika engkau menjadi juru minumannya.",
Kejadian,40,14,Kejadian 40:14,"Tetapi, ingatlah aku apabila keadaanmu sudah baik nanti dan berbuat baiklah kepadaku. Ceritakanlah perihalku kepada Firaun dan tolong keluarkan aku dari rumah ini",
Kejadian,40,15,Kejadian 40:15,"karena sebenarnya aku ini diculik dari negeri orang Ibrani, dan di sini pun aku tidak pernah berbuat sesuatu pun yang menyebabkan aku patut dimasukkan ke dalam kurungan ini.”",
Kejadian,40,16,Kejadian 40:16,"Ketika kepala juru roti melihat bahwa tafsir mimpi itu baik, berkatalah ia kepada Yusuf, “Aku juga bermimpi: Tampak tiga bakul roti di atas kepalaku.",
Kejadian,40,17,Kejadian 40:17,"Di dalam bakul teratas ada segala jenis santapan Firaun buatan juru roti, tetapi burung-burung memakannya dari bakul yang ada di atas kepalaku itu.”",
Kejadian,40,18,Kejadian 40:18,"Jawab Yusuf, “Inilah tafsir dari mimpimu: Tiga bakul itu artinya tiga hari.",
Kejadian,40,19,Kejadian 40:19,"Dalam tiga hari ini, Firaun akan membebaskan engkau dan menggantung engkau pada sebuah tiang, lalu burung-burung akan memakan daging tubuhmu.”",
Kejadian,40,20,Kejadian 40:20,"Pada hari ketiga, yaitu hari kelahiran Firaun, Firaun mengadakan perjamuan untuk semua pegawainya. Ia membebaskan kepala juru minuman serta kepala juru roti di hadapan para pegawainya.",
Kejadian,40,21,Kejadian 40:21,"Kemudian, ia memulihkan kedudukan kepala juru minuman sebagai juru minumannya sehingga orang itu dapat kembali mempersembahkan cawan ke tangan Firaun.",
Kejadian,40,22,Kejadian 40:22,"Akan tetapi, kepala juru roti digantungnya, seperti telah ditafsirkan Yusuf kepada mereka.",
Kejadian,40,23,Kejadian 40:23,"Meskipun begitu, kepala juru minuman tidak mengingat Yusuf. Ia lupa padanya.",
Kejadian,41,1,Kejadian 41:1,"Setelah lewat dua tahun, Firaun bermimpi. Tampak ia sedang berdiri di tepi Sungai Nil.",Mimpi Firaun
Kejadian,41,2,Kejadian 41:2,"Tiba-tiba dari Sungai Nil muncul tujuh ekor sapi yang bagus bentuknya dan gemuk badannya, lalu sapi-sapi itu merumput di antara alang-alang.",
Kejadian,41,3,Kejadian 41:3,"Sesudah itu, muncul pula tujuh ekor sapi lain dari Sungai Nil, buruk bentuknya dan kurus badannya, lalu sapi-sapi itu berdiri di samping sapi-sapi lain di tepi Sungai Nil itu.",
Kejadian,41,4,Kejadian 41:4,"Kemudian, sapi-sapi yang buruk bentuknya dan kurus itu memakan ketujuh ekor sapi yang baik bentuknya dan gemuk tadi. Lalu, terjagalah Firaun.",
Kejadian,41,5,Kejadian 41:5,Firaun tertidur lagi dan bermimpi untuk kedua kalinya. Tampak tujuh bulir gandum yang gemuk dan baik tumbuh pada satu batang.,
Kejadian,41,6,Kejadian 41:6,"Tak lama kemudian, tumbuh pula tujuh bulir gandum yang kurus dan layu oleh angin timur.",
Kejadian,41,7,Kejadian 41:7,"Lalu, ketujuh bulir yang kurus itu menelan ketujuh bulir yang gemuk dan berisi. Firaun pun terjaga lagi dan sadar bahwa rupanya ia bermimpi!",
Kejadian,41,8,Kejadian 41:8,"Pagi harinya hatinya resah. Disuruhnya orang memanggil semua ahli ilmu gaib Mesir serta semua orang pandai, lalu diceritakannya mimpinya kepada mereka. Akan tetapi, tidak seorang pun dapat menafsirkannya bagi Firaun.",
Kejadian,41,9,Kejadian 41:9,"Kemudian, berbicaralah kepala juru minuman kepada Firaun, katanya, “Hari ini hamba teringat kesalahan hamba.",
Kejadian,41,10,Kejadian 41:10,"Dahulu Firaun pernah murka kepada pegawai-pegawainya, kemudian hamba beserta kepala juru roti dimasukkan ke dalam tahanan di rumah kepala pengawal raja.",
Kejadian,41,11,Kejadian 41:11,"Pada malam yang sama, kami, yaitu hamba dan rekan hamba itu, bermimpi. Masing-masing mimpi kami memiliki tafsirnya tersendiri.",
Kejadian,41,12,Kejadian 41:12,"Bersama kami di sana ada seorang pemuda Ibrani, hamba kepala pengawal raja. Kemudian, kami menceritakan mimpi kami kepadanya, dan ia pun menafsirkan mimpi kami masing-masing.",
Kejadian,41,13,Kejadian 41:13,"Ternyata, tepat seperti yang ditafsirkannya kepada kami, demikianlah yang terjadi. Hamba dikembalikan kepada kedudukan hamba, dan rekan hamba itu digantung.”",
Kejadian,41,14,Kejadian 41:14,"Maka, Firaun menyuruh orang memanggil Yusuf, dan dengan segera ia dikeluarkan dari kurungan. Setelah bercukur dan berganti pakaian, masuklah ia menghadap Firaun.",
Kejadian,41,15,Kejadian 41:15,"Kata Firaun kepada Yusuf, “Aku bermimpi, tetapi tidak seorang pun dapat menafsirkannya. Lalu, kudengar kabar tentang engkau yang mengatakan bahwa ketika engkau mendengar suatu mimpi, engkau dapat langsung menafsirkannya.”",
Kejadian,41,16,Kejadian 41:16,"Jawab Yusuf kepada Firaun, “Bukan hamba, melainkan Allah sajalah yang akan memberi jawaban demi kesejahteraan Firaun.”",
Kejadian,41,17,Kejadian 41:17,"Berkatalah Firaun kepada Yusuf, “Dalam mimpiku itu, aku sedang berdiri di tepi Sungai Nil.",
Kejadian,41,18,Kejadian 41:18,"Tiba-tiba dari Sungai Nil muncul tujuh ekor sapi yang gemuk dan bagus perawakannya, lalu sapi-sapi itu merumput di antara alang-alang.",
Kejadian,41,19,Kejadian 41:19,"Sesudah itu, muncul pula tujuh ekor sapi lain, kerempeng, sangat buruk bentuknya dan kurus badannya. Belum pernah aku melihat sapi seburuk itu di seluruh Tanah Mesir.",
Kejadian,41,20,Kejadian 41:20,"Kemudian, sapi-sapi yang kurus dan buruk itu memakan ketujuh ekor sapi gemuk yang mula-mula.",
Kejadian,41,21,Kejadian 41:21,"Sapi-sapi itu pun masuk ke dalam perut mereka. Namun, tak terlihat tanda-tanda bahwa sapi-sapi itu sudah masuk ke dalam perut mereka karena bentuk mereka tetap buruk seperti semula. Lalu, aku pun terjaga.",
Kejadian,41,22,Kejadian 41:22,Dalam mimpiku selanjutnya tampak tujuh bulir gandum yang berisi dan baik tumbuh pada satu batang.,
Kejadian,41,23,Kejadian 41:23,"Setelah itu, tumbuh pula tujuh bulir gandum yang kering, kurus, dan layu oleh angin timur.",
Kejadian,41,24,Kejadian 41:24,"Kemudian, bulir yang kurus itu menelan ketujuh bulir yang baik. Semua ini telah kuceritakan kepada para ahli ilmu gaib, tetapi tidak seorang pun dapat memberitahukan artinya kepadaku.”",
Kejadian,41,25,Kejadian 41:25,"Maka, berkatalah Yusuf kepada Firaun, “Mimpi-mimpi Firaun itu sama. Allah telah memberitahukan kepada Firaun apa yang hendak dilakukan-Nya.",
Kejadian,41,26,Kejadian 41:26,"Tujuh ekor sapi yang baik itu artinya tujuh tahun, dan tujuh bulir gandum yang baik itu pun artinya tujuh tahun. Jadi, kedua mimpi itu sama.",
Kejadian,41,27,Kejadian 41:27,"Tujuh ekor sapi kurus dan buruk yang muncul kemudian artinya tujuh tahun, demikian juga tujuh bulir gandum yang hampa dan layu oleh angin timur itu. Akan ada tujuh tahun bencana kelaparan.",
Kejadian,41,28,Kejadian 41:28,"Inilah maksud dari apa yang hamba sampaikan tadi kepada Firaun, yaitu bahwa Allah telah menyatakan kepada Firaun apa yang hendak dilakukan-Nya.",
Kejadian,41,29,Kejadian 41:29,"Sesungguhnya, akan datang tujuh tahun kelimpahan besar di seluruh Tanah Mesir,",
Kejadian,41,30,Kejadian 41:30,"tetapi sesudah itu akan timbul tujuh tahun bencana kelaparan. Segala kelimpahan sebelumnya di Tanah Mesir akan dilupakan, dan bencana kelaparan itu akan menghabisi negeri ini.",
Kejadian,41,31,Kejadian 41:31,Kelimpahan yang pernah dialami di negeri ini tidak akan diingat lagi karena bencana kelaparan yang datang sesudahnya sangatlah hebat.,
Kejadian,41,32,Kejadian 41:32,Mimpi itu diulang sampai dua kali bagi Firaun. Maksudnya ialah bahwa hal itu sudah ditetapkan Allah dan Allah akan melaksanakannya dengan segera.,
Kejadian,41,33,Kejadian 41:33,"Maka sekarang, sebaiknya Firaun mencari seorang yang pandai dan bijaksana, dan mengangkatnya untuk mengepalai Tanah Mesir.",
Kejadian,41,34,Kejadian 41:34,"Selanjutnya, hendaklah Firaun menetapkan pengawas-pengawas atas negeri ini untuk mengambil seperlima bagian dari hasil Tanah Mesir dalam tujuh tahun kelimpahan.",
Kejadian,41,35,Kejadian 41:35,"Mereka harus mengumpulkan semua bahan makanan dalam tahun-tahun baik yang akan datang ini dan menimbun gandum di bawah wewenang Firaun sebagai bahan makanan di kota-kota, serta menjaganya.",
Kejadian,41,36,Kejadian 41:36,Bahan makanan itu akan menjadi persediaan bagi negeri ini dalam tujuh tahun bencana kelaparan yang akan terjadi di Tanah Mesir supaya negeri ini tidak binasa karena bencana kelaparan itu.”,
Kejadian,41,37,Kejadian 41:37,Usul itu dipandang baik oleh Firaun dan semua pegawainya.,Nabi Yusuf Dijadikan Penguasa di Mesir
Kejadian,41,38,Kejadian 41:38,"Lalu, kata Firaun kepada pegawai-pegawainya, “Dapatkah kita menemukan orang semacam ini, yang penuh dengan ruh dari Allah?”",
Kejadian,41,39,Kejadian 41:39,"Lalu, Firaun berkata kepada Yusuf, “Karena Allah telah menyatakan kepadamu semua hal ini, tentunya tidak ada orang yang demikian pandai dan bijaksana seperti engkau.",
Kejadian,41,40,Kejadian 41:40,"Engkau akan mengepalai istanaku, dan seluruh rakyatku harus tunduk pada perintahmu. Hanya takhta ini saja yang membuat aku lebih besar daripada engkau.”",
Kejadian,41,41,Kejadian 41:41,"Kata Firaun lagi kepada Yusuf, “Dengan ini aku mengangkat engkau untuk memerintah seluruh Tanah Mesir.”",
Kejadian,41,42,Kejadian 41:42,"Kemudian, Firaun mencabut cincin dari tangannya dan mengenakannya di tangan Yusuf. Dipakaikannya pula pakaian dari lenan halus pada Yusuf, serta dipasangkannya kalung emas di lehernya.",
Kejadian,41,43,Kejadian 41:43,"Disuruhnya orang untuk menaikkan Yusuf ke atas keretanya yang kedua, dan di hadapan Yusuf orang berseru, “Berlutut!” Demikianlah Yusuf diberi wewenang atas seluruh Tanah Mesir.",
Kejadian,41,44,Kejadian 41:44,"Firaun berkata kepada Yusuf, “Akulah Firaun, tetapi tanpa seizinmu tidak seorang pun boleh melakukan sesuatu di seluruh Tanah Mesir.”",
Kejadian,41,45,Kejadian 41:45,"Firaun memberi gelar Zafnat-Paaneah kepada Yusuf, serta memberikan kepadanya Asnat, anak Potifera, imam di On, menjadi istrinya. Maka, jadilah Yusuf penguasa atas seluruh Tanah Mesir.",
Kejadian,41,46,Kejadian 41:46,"Yusuf berumur tiga puluh tahun ketika ia menghadap Firaun, raja Mesir. Kemudian, Yusuf pergi dari hadapan Firaun dan menjelajahi seluruh Tanah Mesir.",
Kejadian,41,47,Kejadian 41:47,"Selama tujuh tahun kelimpahan itu, negeri itu menghasilkan panen sepenuh-penuhnya.",
Kejadian,41,48,Kejadian 41:48,"Yusuf mengumpulkan semua bahan makanan dalam tujuh tahun kelimpahan di Tanah Mesir itu dan menimbunnya di kota-kota. Di setiap kota ditimbunnya bahan makanan, hasil dari ladang-ladang di sekeliling kota itu.",
Kejadian,41,49,Kejadian 41:49,"Demikianlah Yusuf menimbun gandum sebanyak pasir di laut, sangat banyak, hingga ia berhenti menghitungnya karena memang tak terhitung lagi.",
Kejadian,41,50,Kejadian 41:50,"Sebelum datang tahun kelaparan, Yusuf dikaruniai dua orang anak laki-laki yang dilahirkan oleh Asnat, anak Potifera, seorang imam di On.",
Kejadian,41,51,Kejadian 41:51,"Yusuf menamai anaknya yang sulung Manasye karena katanya, “ALLAH telah membuat aku lupa akan segala kesusahanku dan akan seisi rumah ayahku.”",
Kejadian,41,52,Kejadian 41:52,"Sedangkan anaknya yang kedua dinamainya Efraim, karena katanya, “Allah telah mengaruniaiku anak di negeri kesusahanku.”",
Kejadian,41,53,Kejadian 41:53,"Kemudian, berakhirlah tujuh tahun kelimpahan di Tanah Mesir itu",
Kejadian,41,54,Kejadian 41:54,"dan mulailah datang tujuh tahun bencana kelaparan, seperti yang telah dikatakan Yusuf. Bencana kelaparan melanda semua negeri, tetapi di seluruh Tanah Mesir ada makanan.",
Kejadian,41,55,Kejadian 41:55,"Ketika kelaparan menimpa juga seluruh penduduk Tanah Mesir, berserulah mereka kepada Firaun meminta makanan. Lalu, kata Firaun kepada semua orang Mesir itu, “Pergilah kepada Yusuf. Lakukanlah apa yang dikatakannya kepadamu.”",
Kejadian,41,56,Kejadian 41:56,"Bencana kelaparan itu melanda seluruh muka bumi. Yusuf membuka semua lumbung, lalu menjual gandum kepada orang Mesir karena hebat bencana kelaparan itu di Tanah Mesir.",
Kejadian,41,57,Kejadian 41:57,Orang-orang dari seluruh penjuru bumi pun datang ke Mesir untuk membeli gandum dari Yusuf karena hebat bencana kelaparan itu di seluruh bumi.,
Kejadian,42,1,Kejadian 42:1,"Yakub mendengar kabar bahwa di Mesir ada gandum. Maka, berkatalah Yakub kepada anak-anaknya, “Mengapa kamu berpandang-pandangan saja?”",Saudara-Saudara Nabi Yusuf Pergi ke Mesir
Kejadian,42,2,Kejadian 42:2,"Katanya pula, “Aku mendengar bahwa di Mesir ada gandum. Pergilah ke sana dan belilah gandum untuk kita dari sana supaya kita tetap hidup dan tidak mati.”",
Kejadian,42,3,Kejadian 42:3,"Maka, pergilah sepuluh orang saudara Yusuf ke Mesir untuk membeli gandum.",
Kejadian,42,4,Kejadian 42:4,"Sedangkan Binyamin, adik Yusuf, tidak diizinkan Yakub pergi bersama abang-abangnya sebab pikirnya, “Jangan-jangan kecelakaan menimpanya.”",
Kejadian,42,5,Kejadian 42:5,"Jadi, anak-anak Israil ada di antara orang-orang yang berdatangan untuk membeli gandum karena bencana kelaparan itu pun melanda Tanah Kanaan.",
Kejadian,42,6,Kejadian 42:6,"Yusuf telah menjadi perdana menteri di negeri itu dan dialah yang menjual gandum kepada seluruh rakyat negeri itu. Jadi, setibanya saudara-saudara Yusuf di sana, sujudlah mereka kepadanya memberi hormat.",
Kejadian,42,7,Kejadian 42:7,"Ketika Yusuf melihat saudara-saudaranya, ia langsung mengenali mereka. Akan tetapi, ia tetap berpura-pura sebagai seorang yang asing dan berkata-kata kepada mereka dengan kasar. Tanyanya kepada mereka, “Dari mana kamu datang?” Jawab mereka, “Dari Tanah Kanaan, hendak membeli bahan makanan.”",
Kejadian,42,8,Kejadian 42:8,"Meskipun Yusuf mengenali saudara-saudaranya, mereka tidak mengenalinya.",
Kejadian,42,9,Kejadian 42:9,"Maka, teringatlah Yusuf akan mimpi-mimpinya dahulu tentang mereka. Lalu, katanya kepada mereka, “Kamu ini pengintai! Kamu datang untuk melihat-lihat kelemahan negeri ini.”",
Kejadian,42,10,Kejadian 42:10,"Jawab mereka kepada Yusuf, “Bukan, Tuanku. Hamba-hambamu ini datang untuk membeli bahan makanan.",
Kejadian,42,11,Kejadian 42:11,"Kami sekalian ini adalah anak-anak dari satu ayah, dan kami ini orang jujur. Hamba-hambamu ini bukan pengintai.”",
Kejadian,42,12,Kejadian 42:12,"Tetapi, Yusuf berkata kepada mereka, “Tidak! Kamu datang untuk melihat-lihat kelemahan negeri ini!”",
Kejadian,42,13,Kejadian 42:13,"Jawab mereka, “Hamba-hambamu ini dua belas bersaudara, anak-anak dari seorang ayah yang tinggal di Tanah Kanaan. Adik bungsu kami ada bersama ayah kami sekarang, sedangkan yang seorang lagi sudah tidak ada.”",
Kejadian,42,14,Kejadian 42:14,"Kata Yusuf kepada mereka, “Seperti sudah kukatakan kepadamu tadi, kamu ini pengintai!",
Kejadian,42,15,Kejadian 42:15,"Demi hidup Firaun, kamu harus diuji demikian: Kamu tidak boleh pergi dari sini, kecuali jika adikmu yang bungsu datang kemari.",
Kejadian,42,16,Kejadian 42:16,"Suruhlah seorang dari antara kamu pergi menjemput adikmu sementara yang lain ditahan di sini. Dengan demikian, perkataanmu dapat diuji apakah benar. Jika tidak, maka demi hidup Firaun, pastilah kamu ini pengintai!”",
Kejadian,42,17,Kejadian 42:17,"Kemudian, dimasukkannyalah mereka ke dalam tahanan tiga hari lamanya.",
Kejadian,42,18,Kejadian 42:18,"Pada hari ketiga berkatalah Yusuf kepada mereka, “Aku orang yang bertakwa kepada Allah. Lakukanlah hal ini maka kamu akan tetap hidup:",
Kejadian,42,19,Kejadian 42:19,"Jika kamu memang orang jujur, biarkan seorang dari kamu bersaudara tinggal terkurung di rumah tahanan sementara yang lain pergi membawa gandum untuk keluargamu yang sedang kelaparan.",
Kejadian,42,20,Kejadian 42:20,"Tetapi kemudian, bawalah adikmu yang bungsu itu kepadaku sehingga perkataanmu terbukti benar dan kamu tidak mati.” Mereka pun menyetujuinya.",
Kejadian,42,21,Kejadian 42:21,"Kata mereka satu sama lain, “Sesungguhnya, kita menanggung dosa kita terhadap adik kita. Kita lihat betapa sesak hatinya ketika ia memohon belas kasihan kita, tetapi kita tidak mau mendengarkannya. Itulah sebabnya, kesesakan ini menimpa kita.”",
Kejadian,42,22,Kejadian 42:22,"Lalu, Ruben menjawab mereka, “Bukankah sudah kukatakan kepada kamu, ‘Jangan berbuat dosa terhadap anak itu’? Tetapi, kamu tidak mau mendengar! Sekarang lihatlah, darahnya dituntut dari kita.”",
Kejadian,42,23,Kejadian 42:23,Mereka tidak tahu bahwa Yusuf mengerti percakapan mereka karena selama itu ada seorang juru bahasa di antara mereka.,
Kejadian,42,24,Kejadian 42:24,"Maka, menyingkirlah Yusuf dari mereka, lalu menangis. Kemudian, ia kembali lagi dan berbicara dengan mereka. Ia mengambil Simeon dari antara mereka, lalu membelenggunya di depan mata mereka.",
Kejadian,42,25,Kejadian 42:25,"Setelah itu, Yusuf memberi perintah agar karung-karung mereka diisi gandum, dan agar uang mereka dikembalikan ke dalam karung mereka masing-masing. Selain itu, ia pun memberi perintah agar mereka diberi bekal untuk di perjalanan. Maka, demikianlah dilaksanakan.",
Kejadian,42,26,Kejadian 42:26,"Mereka memuati keledai-keledai mereka dengan gandum, lalu pergi dari situ.",
Kejadian,42,27,Kejadian 42:27,"Ketika salah seorang dari mereka membuka karungnya untuk memberi makan keledainya di tempat bermalam, dilihatnya uangnya ada di mulut karungnya.",
Kejadian,42,28,Kejadian 42:28,"Katanya kepada saudara-saudaranya, “Uangku dikembalikan! Lihat, ada di dalam karungku!” Maka, cemaslah hati mereka, dan dengan gemetar mereka berpandang-pandangan satu sama lain, lalu berkata, “Apa gerangan yang dilakukan Allah atas kita?”",
Kejadian,42,29,Kejadian 42:29,"Sesampainya mereka di tempat Yakub, ayah mereka, di Tanah Kanaan, mereka menceritakan kepadanya segala sesuatu yang terjadi atas mereka. Kata mereka,",
Kejadian,42,30,Kejadian 42:30,“Orang yang menjadi tuan atas negeri itu berkata-kata dengan kasar terhadap kami. Disangkanya kami adalah orang-orang yang sedang mengintai negeri itu.,
Kejadian,42,31,Kejadian 42:31,"Jawab kami kepadanya, ‘Kami ini orang jujur, bukan pengintai.",
Kejadian,42,32,Kejadian 42:32,"Kami ini dua belas bersaudara, anak-anak dari satu ayah. Seorang sudah tidak ada, dan yang bungsu sekarang bersama ayah kami di Tanah Kanaan.’",
Kejadian,42,33,Kejadian 42:33,"Tetapi, orang yang menjadi tuan atas negeri itu berkata kepada kami, ‘Melalui hal ini aku akan tahu apakah kamu orang jujur: Tinggalkanlah seorang saudaramu padaku, kemudian ambillah makanan untuk keluargamu yang sedang kelaparan dan pergilah.",
Kejadian,42,34,Kejadian 42:34,"Kemudian, bawalah adikmu yang bungsu kepadaku supaya aku tahu bahwa kamu bukan pengintai, melainkan orang jujur. Setelah itu, aku akan mengembalikan saudaramu kepadamu, dan kamu pun boleh berniaga di negeri ini.’”",
Kejadian,42,35,Kejadian 42:35,"Ketika mereka hendak mengosongkan karung mereka, tampak kantung uang mereka masing-masing ada dalam karung. Melihat kantung-kantung uang itu, mereka dan juga ayah mereka menjadi sangat ketakutan.",
Kejadian,42,36,Kejadian 42:36,"Lalu, Yakub, ayah mereka, berkata kepada mereka, “Kamu membuat aku kehilangan anak-anakku. Yusuf sudah tidak ada, demikian pula Simeon. Sekarang, Binyamin pun hendak kamu ambil. Akulah yang menanggung semua ini!”",
Kejadian,42,37,Kejadian 42:37,"Kemudian, Ruben berkata kepada ayahnya, “Bunuhlah kedua anak laki-lakiku jika aku tidak membawanya kembali kepada Ayah. Serahkanlah dia ke dalam tanganku maka aku akan membawanya kembali kepada Ayah.”",
Kejadian,42,38,Kejadian 42:38,"Tetapi, jawabnya, “Anakku itu tidak boleh pergi bersama kamu karena abangnya sudah mati, dan dia sendirilah yang masih hidup. Jika kecelakaan menimpanya dalam perjalanan yang kamu tempuh, maka kamu akan membuat aku yang ubanan ini turun ke alam kubur dalam dukacita.”",
Kejadian,43,1,Kejadian 43:1,Bencana kelaparan terus menghebat di negeri itu.,Saudara-Saudara Nabi Yusuf ke Mesir untuk Kedua Kalinya
Kejadian,43,2,Kejadian 43:2,"Jadi, setelah gandum yang mereka bawa dari Mesir habis dimakan, berkatalah ayah mereka kepada mereka, “Pergilah lagi, belilah sedikit bahan makanan untuk kita.”",
Kejadian,43,3,Kejadian 43:3,"Tetapi, jawab Yuda kepadanya, “Orang itu telah sungguh-sungguh mengingatkan kami, ‘Kamu tidak boleh melihat mukaku lagi, kecuali jika adikmu ada bersamamu.’",
Kejadian,43,4,Kejadian 43:4,"Jika Ayah mengizinkan adik kami pergi bersama kami, barulah kami akan pergi membeli bahan makanan untuk Ayah.",
Kejadian,43,5,Kejadian 43:5,"Tetapi, jika Ayah tidak mengizinkan, maka kami tidak akan pergi karena orang itu telah berkata kepada kami, ‘Kamu tidak boleh melihat mukaku lagi, kecuali jika adikmu ada bersamamu.’”",
Kejadian,43,6,Kejadian 43:6,"Lalu, kata Israil, “Mengapa kamu menyusahkan aku dengan memberitahukan kepada orang itu bahwa masih ada adikmu seorang?”",
Kejadian,43,7,Kejadian 43:7,"Jawab mereka, “Orang itu bertanya dengan saksama tentang kami dan tentang sanak saudara kita. Tanyanya, ‘Masih hidupkah ayahmu? Masih ada lagikah saudaramu?’ Maka, kami menjawab seperti yang kami katakan itu. Bagaimana kami tahu kalau kemudian ia akan berkata, ‘Bawalah adikmu kemari’?”",
Kejadian,43,8,Kejadian 43:8,"Lalu, kata Yuda pula kepada Israil, ayahnya, “Izinkanlah anak itu pergi bersamaku. Kami akan segera pergi supaya kita, yaitu Ayah, kami, dan anak-anak kami, dapat tetap hidup dan tidak mati.",
Kejadian,43,9,Kejadian 43:9,"Akulah yang menjamin dia. Ayah boleh menuntutnya dari tanganku. Jika aku tidak membawanya kembali kepada Ayah dan menyerahkannya kepada Ayah, maka aku akan menanggung dosa terhadap Ayah itu seumur hidup.",
Kejadian,43,10,Kejadian 43:10,"Jika kita tidak berlambat-lambat, tentu sekarang ini kami sudah pulang untuk kedua kalinya.”",
Kejadian,43,11,Kejadian 43:11,"Lalu, berkatalah Israil, ayah mereka, kepada mereka, “Jika memang harus demikian, lakukanlah hal ini: Bawalah hasil terbaik negeri ini dalam tempat-tempat perbekalanmu, dan bawalah kepada orang itu persembahan berupa sedikit balsam, sedikit madu, rempah-rempah, damar wangi, buah kemiri, dan buah badam.",
Kejadian,43,12,Kejadian 43:12,"Selain itu, bawalah uang dua kali lipat banyaknya. Uang yang dahulu dikembalikan di mulut karungmu masing-masing haruslah kamu bawa kembali. Barangkali terjadi kekeliruan saat itu.",
Kejadian,43,13,Kejadian 43:13,Bawalah juga adikmu dan segeralah kembali kepada orang itu.,
Kejadian,43,14,Kejadian 43:14,"Kiranya Allah Yang Mahakuasa menganugerahkan kepadamu rahmat di hadapan orang itu sehingga ia melepaskan saudaramu yang lain itu dan juga Binyamin. Mengenai aku, jika aku harus kehilangan anak-anakku, biarlah aku kehilangan.”",
Kejadian,43,15,Kejadian 43:15,"Kemudian, mereka menyiapkan barang-barang yang akan dipersembahkan. Mereka membawa uang dua kali lipat banyaknya dan juga Binyamin, lalu pergi ke Mesir. Sesampainya di sana, berdirilah mereka di hadapan Yusuf.",
Kejadian,43,16,Kejadian 43:16,"Ketika Yusuf melihat Binyamin ada bersama mereka, berkatalah ia kepada pengatur rumah tangganya, “Bawalah orang-orang ini ke dalam rumah. Sembelihlah seekor hewan dan sediakanlah makanan karena orang-orang ini akan makan bersamaku tengah hari ini.”",
Kejadian,43,17,Kejadian 43:17,"Orang itu melaksanakan perintah Yusuf, lalu dibawanyalah mereka masuk ke rumah Yusuf.",
Kejadian,43,18,Kejadian 43:18,"Mereka menjadi ketakutan sebab mereka dibawa masuk ke rumah Yusuf. Kata mereka, “Kita dibawa masuk karena perkara uang yang dikembalikan ke dalam karung kita dahulu. Ia hendak menuduh kita, menangkap kita, menjadikan kita hamba-hambanya, serta mengambil keledai-keledai kita pula.”",
Kejadian,43,19,Kejadian 43:19,"Sebab itu, mereka mendekati pengatur rumah tangga Yusuf itu dan berbicara dengannya di depan pintu rumah.",
Kejadian,43,20,Kejadian 43:20,"Kata mereka, “Ya Tuanku, dahulu memang kami pernah datang untuk membeli bahan makanan.",
Kejadian,43,21,Kejadian 43:21,"Pada waktu kami sampai ke tempat bermalam dan membuka karung kami, tampak uang kami masing-masing ada di mulut karung, sejumlah yang telah kami bayarkan. Tetapi sekarang, kami membawanya kembali,",
Kejadian,43,22,Kejadian 43:22,dan kami juga membawa sejumlah uang lain untuk membeli bahan makanan. Kami tidak tahu siapa yang menaruh uang itu dalam karung-karung kami.”,
Kejadian,43,23,Kejadian 43:23,"Kata orang itu, “Tenanglah, jangan takut! Tuhanmu dan Tuhan ayahmu telah mengaruniakan kepadamu harta karun dalam karungmu. Uangmu dahulu telah kuterima.” Kemudian, ia mengeluarkan Simeon dan membawanya kepada mereka.",
Kejadian,43,24,Kejadian 43:24,"Setelah itu, ia membawa mereka masuk ke rumah Yusuf, lalu memberi mereka air supaya mereka dapat membasuh kaki. Kemudian, ia memberi makan keledai-keledai mereka.",
Kejadian,43,25,Kejadian 43:25,Mereka menyiapkan persembahan mereka sambil menantikan kedatangan Yusuf pada tengah hari karena mereka mendengar bahwa mereka akan dijamu makan di situ.,
Kejadian,43,26,Kejadian 43:26,"Sesudah Yusuf pulang ke rumah, mereka pun menyerahkan kepada Yusuf persembahan-persembahan yang mereka bawa masuk, lalu sujud di hadapannya memberi hormat.",
Kejadian,43,27,Kejadian 43:27,"Yusuf menanyakan keadaan mereka, lalu tanyanya, “Baikkah keadaan ayahmu, orang tua yang kamu ceritakan itu? Masih hidupkah ia?”",
Kejadian,43,28,Kejadian 43:28,"Jawab mereka, “Hambamu, ayah kami, baik-baik dan masih hidup.” Lalu, mereka membungkuk dan sujud memberi hormat.",
Kejadian,43,29,Kejadian 43:29,"Yusuf memandang mereka, lalu dilihatnya Binyamin, adiknya, saudara yang seibu dengannya. Tanyanya, “Inikah adikmu yang bungsu, yang kamu ceritakan kepadaku?” Katanya pula, “Kiranya Allah bermurah hati kepadamu, anakku!”",
Kejadian,43,30,Kejadian 43:30,Yusuf pun segera menyingkir mencari tempat untuk menangis karena hatinya sangat terharu melihat adiknya. Ia masuk ke dalam kamarnya dan menangis di situ.,
Kejadian,43,31,Kejadian 43:31,"Setelah itu, dibasuhnya wajahnya, lalu keluar. Sambil menahan diri ia berkata, “Sajikan makanan.”",
Kejadian,43,32,Kejadian 43:32,"Makanan pun disajikan, bagi Yusuf tersendiri, bagi saudara-saudaranya tersendiri, dan bagi orang-orang Mesir yang makan bersamanya pun tersendiri. Orang Mesir memang tidak boleh makan sehidangan dengan orang Ibrani sebab hal itu adalah suatu kekejian bagi orang Mesir.",
Kejadian,43,33,Kejadian 43:33,"Saudara-saudara Yusuf didudukkan di hadapannya menurut urutan kelahiran mereka, dari yang sulung sampai yang bungsu. Mereka pun berpandang-pandangan keheranan.",
Kejadian,43,34,Kejadian 43:34,"Kemudian, sebagian hidangan dari hadapan Yusuf disajikan di hadapan mereka masing-masing, tetapi bagian untuk Binyamin disajikan lima kali lebih banyak daripada bagian untuk semua yang lain. Mereka pun minum dan bersukaria dengan Yusuf.",
Kejadian,44,1,Kejadian 44:1,"Setelah itu, Yusuf memberi perintah kepada pengatur rumah tangganya, katanya, “Isikan bahan makanan ke dalam karung orang-orang itu sebanyak yang dapat mereka bawa, dan taruhlah uang mereka masing-masing di mulut karungnya.",Cawan Nabi Yusuf Hilang dan Ditemukan Kembali
Kejadian,44,2,Kejadian 44:2,"Lalu, taruhlah cawanku, yaitu cawan perak itu, di mulut karung orang yang paling muda, juga uang gandumnya.” Orang itu pun melaksanakan apa yang dikatakan Yusuf.",
Kejadian,44,3,Kejadian 44:3,"Pagi-pagi sekali, setelah fajar menyingsing, mereka dilepas pergi bersama keledai-keledainya.",
Kejadian,44,4,Kejadian 44:4,"Belum seberapa jauh mereka keluar dari kota, Yusuf berkata kepada pengatur rumah tangganya, “Cepatlah kejar orang-orang itu, dan ketika engkau mendapati mereka, katakan kepada mereka, ‘Mengapa kamu membalas kebaikan dengan kejahatan?",
Kejadian,44,5,Kejadian 44:5,Bukankah itu tempat minum tuanku yang biasa dipakainya untuk bernujum? Jahat yang kamu lakukan ini!’”,
Kejadian,44,6,Kejadian 44:6,"Maka, disusulnyalah orang-orang itu, lalu dikatakannyalah kepada mereka perkataan Yusuf tadi.",
Kejadian,44,7,Kejadian 44:7,"Jawab mereka kepadanya, “Mengapa Tuanku mengucapkan kata-kata seperti itu? Pantang bagi hamba-hambamu ini untuk melakukan hal semacam itu!",
Kejadian,44,8,Kejadian 44:8,Bahkan uang yang kami temukan di mulut karung kami dahulu pun telah kami bawa kembali kepada Tuan dari Tanah Kanaan. Masakan kami mencuri perak atau emas dari rumah majikan Tuan?,
Kejadian,44,9,Kejadian 44:9,"Siapa di antara hamba-hambamu ini kedapatan menyimpan barang itu, biarlah ia dihukum mati dan biarlah kami menjadi hamba Tuanku.”",
Kejadian,44,10,Kejadian 44:10,"Jawab orang itu, “Baik, usulmu kuterima. Siapa kedapatan menyimpan barang itu, ia akan menjadi hambaku, tetapi yang lain bebas dari kesalahan.”",
Kejadian,44,11,Kejadian 44:11,"Segera masing-masing menurunkan karungnya ke tanah, lalu membukanya.",
Kejadian,44,12,Kejadian 44:12,"Orang itu pun memeriksa, mulai yang tertua hingga yang termuda. Akhirnya, cawan itu didapati dalam karung Binyamin.",
Kejadian,44,13,Kejadian 44:13,"Mereka pun mengoyakkan pakaian mereka. Kemudian, masing-masing memuati keledainya, dan kembali ke kota.",
Kejadian,44,14,Kejadian 44:14,"Ketika Yuda dan saudara-saudaranya masuk ke rumah Yusuf, Yusuf masih ada di situ. Mereka pun sujud di hadapannya.",
Kejadian,44,15,Kejadian 44:15,"Kata Yusuf kepada mereka, “Perbuatan apa yang kamu lakukan ini? Tidakkah kamu tahu bahwa orang seperti aku ini benar-benar dapat bernujum?”",
Kejadian,44,16,Kejadian 44:16,"Jawab Yuda, “Apa yang dapat kami katakan kepada Tuanku? Bagaimana kami harus berbicara? Bagaimana kami dapat membenarkan diri? Allah telah memperlihatkan kesalahan hamba-hambamu ini. Sekarang, biarlah kami menjadi hamba Tuanku, baik kami maupun dia, yang dalam karungnya telah didapati cawan Tuan.”",
Kejadian,44,17,Kejadian 44:17,"Tetapi, jawab Yusuf, “Pantang bagiku untuk berbuat demikian! Orang yang kedapatan membawa cawan itu sajalah yang akan menjadi hambaku. Sedangkan kamu yang lain, pulanglah dengan sejahtera kepada ayahmu.”",
Kejadian,44,18,Kejadian 44:18,"Kemudian, datanglah Yuda mendekati Yusuf dan berkata, “Ya Tuanku, mohon izinkan hambamu ini menyampaikan sepatah kata kepada Tuanku. Janganlah amarah Tuanku menyala atas hambamu ini karena Tuanku sama dengan Firaun sendiri.",Yuda Membela Binyamin
Kejadian,44,19,Kejadian 44:19,"Dahulu Tuanku bertanya kepada hamba-hamba Tuanku ini, ‘Apakah kamu masih mempunyai ayah atau saudara lagi?’",
Kejadian,44,20,Kejadian 44:20,"Jawab kami kepada Tuanku, ‘Kami mempunyai seorang ayah yang sudah tua. Ada juga seorang anaknya yang muda, yang lahir pada masa tuanya. Abangnya sudah meninggal, dan dari anak-anak ibunya hanya dialah yang tinggal, karena itu ayahnya menyayanginya.’",
Kejadian,44,21,Kejadian 44:21,"Kemudian, Tuanku berkata kepada hamba-hambamu ini, ‘Bawalah dia kepadaku supaya aku dapat melihatnya.’",
Kejadian,44,22,Kejadian 44:22,"Jawab kami kepada Tuanku, ‘Anak muda itu tidak dapat meninggalkan ayahnya karena jika ia meninggalkannya, tentu ayahnya akan mati.’",
Kejadian,44,23,Kejadian 44:23,"Tetapi, Tuanku berkata kepada hamba-hambamu ini, ‘Jika adikmu yang bungsu itu tidak datang bersamamu, maka kamu tidak boleh melihat mukaku lagi.’",
Kejadian,44,24,Kejadian 44:24,"Jadi, ketika kami pulang kepada hambamu, yaitu ayah hamba, kami memberitahukan kepadanya perkataan Tuanku.",
Kejadian,44,25,Kejadian 44:25,"Suatu kali ayah kami berkata, ‘Kembalilah, belilah sedikit bahan makanan untuk kita.’",
Kejadian,44,26,Kejadian 44:26,"Tetapi, kami berkata kepadanya, ‘Kami tidak bisa pergi. Jika adik kami yang bungsu ada bersama kami, barulah kami akan pergi karena kami tidak boleh melihat wajah orang itu jika adik kami yang bungsu itu tidak bersama kami.’",
Kejadian,44,27,Kejadian 44:27,"Lalu, hambamu, yaitu ayah hamba, berkata kepada kami, ‘Kamu tahu bahwa istriku telah melahirkan bagiku dua orang anak.",
Kejadian,44,28,Kejadian 44:28,"Yang seorang sudah pergi meninggalkanku. Pikirku, “Pasti ia telah dicabik-cabik binatang buas,” dan sampai sekarang aku memang tidak pernah melihatnya lagi.",
Kejadian,44,29,Kejadian 44:29,"Jika kamu mengambil anak ini juga dariku, lalu kecelakaan menimpanya, maka kamu akan membuat aku yang ubanan ini turun ke alam kubur dalam kesusahan.’",
Kejadian,44,30,Kejadian 44:30,"Sekarang, jika hamba datang kepada hambamu, yaitu ayah hamba, dan anak muda ini tidak bersama kami, padahal ayah hamba itu tidak dapat hidup tanpa dia,",
Kejadian,44,31,Kejadian 44:31,"maka tentu ia akan mati ketika dilihatnya anak muda ini tidak ada. Dengan demikian, hamba-hambamu ini akan membuat hambamu, yaitu ayah kami yang ubanan itu, turun ke alam kubur dengan dukacita.",
Kejadian,44,32,Kejadian 44:32,"Akan tetapi, hambamu ini telah menjamin anak muda ini di hadapan ayah hamba dengan berkata, ‘Jika aku tidak membawanya kembali kepada Ayah, biarlah aku menanggung dosa terhadap Ayah itu seumur hidup.’",
Kejadian,44,33,Kejadian 44:33,"Maka sekarang, biarlah hambamu ini tinggal menggantikan anak muda ini untuk menjadi hamba Tuanku, dan biarlah anak muda ini pulang dengan saudara-saudaranya.",
Kejadian,44,34,Kejadian 44:34,Karena bagaimana hamba bisa kembali kepada ayah hamba jika anak muda ini tidak bersama hamba? Hamba tidak sanggup melihat malapetaka yang akan menimpa ayah hamba.”,
Kejadian,45,1,Kejadian 45:1,"Pada waktu itu Yusuf tidak dapat menahan diri lagi di hadapan semua orang yang berdiri di dekatnya. Sebab itu, ia berseru, “Suruhlah semua orang keluar meninggalkan aku!” Maka, tak seorang pun ada bersamanya ketika ia menyatakan dirinya kepada saudara-saudaranya.",Nabi Yusuf Memperkenalkan Diri
Kejadian,45,2,Kejadian 45:2,"Lalu, menangislah ia dengan suara nyaring sehingga terdengar oleh orang-orang Mesir serta seisi istana Firaun.",
Kejadian,45,3,Kejadian 45:3,"Kata Yusuf kepada saudara-saudaranya, “Akulah Yusuf! Masih hidupkah Ayah?” Tetapi, saudara-saudaranya tidak dapat menjawab dia karena mereka gemetar di hadapannya.",
Kejadian,45,4,Kejadian 45:4,"Kata Yusuf pula kepada saudara-saudaranya, “Mari, mendekatlah kepadaku.” Lalu, mereka pun mendekatinya. Kata Yusuf, “Akulah Yusuf, saudaramu, yang kamu jual ke Mesir.",
Kejadian,45,5,Kejadian 45:5,"Tetapi sekarang, janganlah bersusah hati atau marah kepada dirimu sendiri sebab kamu menjual aku kemari, karena Allah telah mengirim aku mendahului kamu untuk memelihara kehidupan.",
Kejadian,45,6,Kejadian 45:6,Baru dua tahun bencana kelaparan melanda negeri ini dan masih lima tahun lagi orang tidak akan membajak atau menuai.,
Kejadian,45,7,Kejadian 45:7,"Maka, Allah telah mengirim aku mendahului kamu untuk menjamin kelanjutan keturunanmu di bumi dan untuk memelihara hidupmu melalui suatu cara penyelamatan yang besar.",
Kejadian,45,8,Kejadian 45:8,"Jadi, bukan atas prakarsamu aku kemari, melainkan Allah. Ia mengangkat aku sebagai bapak bagi Firaun dan tuan atas seisi istananya, bahkan penguasa atas seluruh Tanah Mesir.",
Kejadian,45,9,Kejadian 45:9,"Segeralah kembali kepada ayah dan katakan padanya, ‘Beginilah kata anakmu Yusuf, “Allah telah mengangkat aku menjadi tuan atas seluruh Mesir. Datanglah kepadaku, jangan berlambat-lambat!",
Kejadian,45,10,Kejadian 45:10,"Ayah akan tinggal di Tanah Gosyen, dekat dengan aku—Ayah, anak-anak dan cucu-cucu Ayah, kawanan kambing domba dan kawanan sapi Ayah, serta segala sesuatu yang Ayah miliki.",
Kejadian,45,11,Kejadian 45:11,Aku akan mencukupi kebutuhan Ayah di sana karena masih lima tahun lagi bencana kelaparan ini berlangsung. Jangan sampai Ayah dan seluruh keluarga Ayah serta semua yang ada pada Ayah jatuh miskin.”’,
Kejadian,45,12,Kejadian 45:12,"Sesungguhnya, matamu sendiri melihat, demikian pula mata Binyamin, adikku, bahwa mulutku sendirilah yang mengatakannya kepadamu.",
Kejadian,45,13,Kejadian 45:13,"Sebab itu, beritahukanlah kepada ayah segala kemuliaanku di Mesir dan segala sesuatu yang telah kamu lihat, lalu bawalah segera ayah kemari.”",
Kejadian,45,14,Kejadian 45:14,"Kemudian, Yusuf memeluk leher Binyamin, adiknya, dan menangis. Binyamin pun menangis di pundaknya.",
Kejadian,45,15,Kejadian 45:15,"Yusuf mencium semua saudaranya dan menangis dalam pelukan mereka. Setelah itu, barulah saudara-saudaranya bercakap-cakap dengan dia.",
Kejadian,45,16,Kejadian 45:16,"Ketika terdengar kabar di istana Firaun bahwa saudara-saudara Yusuf datang, hal itu disambut baik oleh Firaun dan pegawai-pegawainya.",
Kejadian,45,17,Kejadian 45:17,"Kata Firaun kepada Yusuf, “Katakanlah kepada saudara-saudaramu, ‘Lakukanlah hal ini: Muatilah kawanan binatangmu dan berangkatlah, pulang ke Tanah Kanaan.",
Kejadian,45,18,Kejadian 45:18,"Jemputlah ayahmu dan keluargamu, lalu datanglah kepadaku. Aku akan memberikan kepadamu apa yang terbaik di Tanah Mesir, dan kamu akan menikmati kesuburan negeri ini.’",
Kejadian,45,19,Kejadian 45:19,"Engkau juga kuperintahkan untuk mengatakan kepada mereka, ‘Lakukanlah hal ini: Bawalah beberapa kereta dari Tanah Mesir untuk anak-anakmu dan istri-istrimu. Jemputlah ayahmu dan datanglah kemari.",
Kejadian,45,20,Kejadian 45:20,Jangan merasa sayang meninggalkan barang-barangmu karena apa yang terbaik di seluruh Tanah Mesir pun akan menjadi milikmu.’”,
Kejadian,45,21,Kejadian 45:21,"Maka, anak-anak Israil pun berbuat demikian. Yusuf memberikan kepada mereka beberapa kereta sesuai perintah Firaun, serta bekal untuk di perjalanan.",
Kejadian,45,22,Kejadian 45:22,"Selain itu, diberinya pula sehelai pakaian ganti untuk mereka masing-masing, tetapi Binyamin diberinya tiga ratus keping uang perak dan lima helai pakaian ganti.",
Kejadian,45,23,Kejadian 45:23,"Sedangkan untuk ayahnya dikirimnya sepuluh ekor keledai jantan yang memuat barang-barang terbaik dari Mesir serta sepuluh ekor keledai betina yang memuat gandum, roti, dan makanan untuk ayahnya selama di perjalanan.",
Kejadian,45,24,Kejadian 45:24,"Kemudian, Yusuf melepas kepergian saudara-saudaranya. Ketika mereka berangkat, ia berpesan kepada mereka, “Jangan berbantah-bantahan di jalan!”",
Kejadian,45,25,Kejadian 45:25,"Maka, pergilah mereka dari Mesir, lalu sampai di Tanah Kanaan, tempat Yakub, ayah mereka.",
Kejadian,45,26,Kejadian 45:26,"Mereka memberitahukan kepadanya, “Yusuf masih hidup! Bahkan dialah yang menjadi penguasa atas seluruh Tanah Mesir!” Hati Yakub tetap dingin karena ia tidak memercayai mereka.",
Kejadian,45,27,Kejadian 45:27,"Namun, ketika mereka menyampaikan kepadanya semua perkataan yang diucapkan Yusuf kepada mereka, dan setelah ia melihat kereta-kereta yang dikirim oleh Yusuf untuk menjemputnya, barulah semangat Yakub, ayah mereka itu, bangkit kembali.",
Kejadian,45,28,Kejadian 45:28,"Kata Israil, “Cukuplah sudah! Anakku Yusuf masih hidup! Aku hendak pergi melihat dia sebelum aku mati.”",
Kejadian,46,1,Kejadian 46:1,"Maka, berangkatlah Israil dengan segala sesuatu yang dimilikinya. Ketika ia sampai di Bersyeba, ia mempersembahkan kurban sembelihan kepada Tuhan yang disembah oleh Ishak, ayahnya.",Nabi Yakub Pindah ke Mesir
Kejadian,46,2,Kejadian 46:2,"Kemudian, berfirmanlah Allah kepada Israil dalam penglihatan di malam hari, “Yakub, Yakub.” Jawabnya, “Ini aku, Tuhan.”",
Kejadian,46,3,Kejadian 46:3,"Firman-Nya, “Akulah Allah, Tuhan ayahmu. Jangan takut pergi ke Mesir karena Aku akan menjadikan engkau suatu bangsa yang besar di sana.",
Kejadian,46,4,Kejadian 46:4,"Aku akan menyertai engkau ke Mesir, dan Aku pun pasti membawa engkau kembali. Tangan Yusuflah yang akan menutupkan kelopak matamu.”",
Kejadian,46,5,Kejadian 46:5,"Kemudian, berangkatlah Yakub dari Bersyeba. Anak-anak Israil membawa Yakub, ayah mereka, juga anak-anak dan istri-istri mereka dengan kereta-kereta yang dikirim Firaun untuk menjemput mereka.",
Kejadian,46,6,Kejadian 46:6,"Selain itu, mereka juga membawa ternak dan harta benda yang telah mereka peroleh di Tanah Kanaan. Lalu, tibalah Yakub beserta seluruh keturunannya di Mesir,",
Kejadian,46,7,Kejadian 46:7,"yaitu anak-anak dan cucu-cucunya, baik laki-laki maupun perempuan. Seluruh keturunannya dibawanya serta ke Mesir.",
Kejadian,46,8,Kejadian 46:8,"Inilah nama-nama bani Israil yang datang ke Mesir, yaitu Yakub dan keturunannya. Anak Yakub yang sulung, yaitu Ruben.",
Kejadian,46,9,Kejadian 46:9,"Anak-anak Ruben: Henokh, Palu, Hezron, dan Karmi.",
Kejadian,46,10,Kejadian 46:10,"Anak-anak Simeon: Yemuel, Yamin, Ohad, Yakhin, Zohar, dan Saul, anak seorang perempuan Kanaan.",
Kejadian,46,11,Kejadian 46:11,"Anak-anak Lewi: Gerson, Kehat, dan Merari.",
Kejadian,46,12,Kejadian 46:12,"Anak-anak Yuda: Er, Onan, Syela, Peres, dan Zerah. Tetapi, Er dan Onan sudah mati di Tanah Kanaan. Anak-anak Peres: Hezron dan Hamul.",
Kejadian,46,13,Kejadian 46:13,"Anak-anak Isakhar: Tola, Pua, Ayub, dan Simron.",
Kejadian,46,14,Kejadian 46:14,"Anak-anak Zebulon: Sered, Elon, dan Yahleel.",
Kejadian,46,15,Kejadian 46:15,"Mereka ini adalah keturunan Lea, yang melahirkan anak-anak lelaki bagi Yakub di Padan-Aram, di samping Dina, anak perempuannya. Jadi, seluruh keturunan Yakub dari Lea, baik laki-laki maupun perempuan, berjumlah tiga puluh tiga jiwa.",
Kejadian,46,16,Kejadian 46:16,"Anak-anak Gad: Zifyon, Hagi, Syuni, Ezbon, Eri, Arodi, dan Areli.",
Kejadian,46,17,Kejadian 46:17,"Anak-anak Asyer: Yimna, Yiswa, Yiswi, Beria, serta Sera, saudara perempuan mereka. Anak-anak Beria: Heber dan Malkiel.",
Kejadian,46,18,Kejadian 46:18,"Mereka ini adalah keturunan Zilpa, hamba perempuan yang diberikan Laban kepada Lea, anaknya. Jadi, seluruh keturunan Yakub yang berasal dari Zilpa itu berjumlah enam belas jiwa.",
Kejadian,46,19,Kejadian 46:19,"Anak-anak Rahel, istri Yakub: Yusuf dan Binyamin.",
Kejadian,46,20,Kejadian 46:20,"Sedangkan anak-anak Yusuf ialah Manasye dan Efraim, yang dilahirkan di Mesir oleh Asnat binti Potifera, imam di On.",
Kejadian,46,21,Kejadian 46:21,"Anak-anak Binyamin: Bela, Bekher, Asybel, Gera, Naaman, Ehi, Ros, Mupim, Hupim, dan Ared.",
Kejadian,46,22,Kejadian 46:22,"Mereka ini adalah keturunan Yakub yang berasal dari Rahel, berjumlah empat belas jiwa.",
Kejadian,46,23,Kejadian 46:23,Anak Dan: Husyim,
Kejadian,46,24,Kejadian 46:24,"Anak-anak Naftali: Yahzeel, Guni, Yezer, dan Syilem.",
Kejadian,46,25,Kejadian 46:25,"Mereka itu adalah keturunan Bilha, hamba perempuan yang diberikan Laban kepada Rahel, anaknya. Jadi, seluruh keturunan Yakub yang berasal dari Bilha berjumlah tujuh jiwa.",
Kejadian,46,26,Kejadian 46:26,"Jumlah orang yang datang ke Mesir bersama Yakub, yaitu keturunannya, belum termasuk istri-istri mereka, seluruhnya enam puluh enam jiwa.",
Kejadian,46,27,Kejadian 46:27,Anak-anak Yusuf yang lahir baginya di Mesir ada dua jiwa sehingga seluruh keluarga Yakub yang ada di Mesir saat itu berjumlah tujuh puluh jiwa.,
Kejadian,46,28,Kejadian 46:28,"Yakub menyuruh Yuda mendahuluinya menemui Yusuf untuk menunjukkan arah menuju Gosyen. Setelah mereka sampai di Tanah Gosyen,",
Kejadian,46,29,Kejadian 46:29,"Yusuf memasang keretanya, lalu pergi untuk menemui Israil, ayahnya, di Gosyen. Begitu mereka bertemu, Yusuf memeluk leher ayahnya dan menangis lama di pundaknya.",
Kejadian,46,30,Kejadian 46:30,"Kata Israil kepada Yusuf, “Sekarang biarlah aku mati karena aku telah melihat wajahmu dan tahu bahwa engkau masih hidup.”",
Kejadian,46,31,Kejadian 46:31,"Lalu, Yusuf berkata kepada saudara-saudaranya dan kepada keluarga ayahnya, “Aku akan pergi memberitahu Firaun, ‘Saudara-saudara hamba dan keluarga ayah hamba, yang tinggal di Tanah Kanaan, sudah datang kepada hamba.",
Kejadian,46,32,Kejadian 46:32,"Mereka itu gembala karena mereka biasa memelihara ternak. Kawanan kambing domba, kawanan sapi, dan segala sesuatu yang mereka miliki mereka bawa serta.’",
Kejadian,46,33,Kejadian 46:33,"Jadi, apabila Firaun memanggil kamu dan bertanya, ‘Apa pekerjaanmu?’",
Kejadian,46,34,Kejadian 46:34,"jawablah, ‘Sejak kecil, bahkan sampai sekarang hamba-hambamu ini memelihara ternak, seperti juga nenek moyang kami.’ Dengan demikian, kamu dapat tinggal di Tanah Gosyen karena semua gembala ternak adalah hal keji bagi orang Mesir.”",
Kejadian,47,1,Kejadian 47:1,"Kemudian, pergilah Yusuf memberitahu Firaun, katanya, “Ayah hamba dan saudara-saudara hamba beserta kawanan kambing domba, kawanan sapi, dan segala sesuatu yang mereka miliki sudah datang dari Tanah Kanaan. Sekarang mereka ada di Tanah Gosyen.”",Nabi Yakub dan Firaun
Kejadian,47,2,Kejadian 47:2,Yusuf membawa lima orang dari antara saudara-saudaranya menghadap Firaun.,
Kejadian,47,3,Kejadian 47:3,"Lalu, Firaun bertanya kepada saudara-saudara Yusuf itu, “Apa pekerjaanmu?” Jawab mereka kepada Firaun, “Hamba-hambamu ini gembala ternak, seperti juga nenek moyang kami.”",
Kejadian,47,4,Kejadian 47:4,"Kata mereka pula kepada Firaun, “Kami datang untuk tinggal di negeri ini sebagai pendatang karena bencana kelaparan di Tanah Kanaan itu begitu hebat sehingga tidak ada lagi padang rumput bagi kawanan kambing domba hamba-hambamu ini. Sekarang, izinkanlah hamba-hambamu ini tinggal di Tanah Gosyen.”",
Kejadian,47,5,Kejadian 47:5,"Lalu, kata Firaun kepada Yusuf, “Ayahmu dan saudara-saudaramu sudah datang.",
Kejadian,47,6,Kejadian 47:6,"Tanah Mesir ini terbuka untukmu. Sediakanlah bagi ayahmu dan saudara-saudaramu tempat menetap di daerah yang terbaik di negeri ini. Biarlah mereka tinggal di Tanah Gosyen. Selain itu, jika engkau tahu ada orang-orang yang cakap di antara mereka, angkatlah mereka menjadi pengawas ternakku.”",
Kejadian,47,7,Kejadian 47:7,"Kemudian, Yusuf membawa Yakub ayahnya menghadap Firaun, lalu Yakub memohonkan berkah bagi Firaun.",
Kejadian,47,8,Kejadian 47:8,"Tanya Firaun kepada Yakub, “Sudah berapa tahun umur Bapak?”",
Kejadian,47,9,Kejadian 47:9,"Jawab Yakub kepada Firaun, “Umur hamba sebagai pendatang di dunia ini sudah seratus tiga puluh tahun. Tahun-tahun hidup hamba itu singkat dan susah, tidak seperti tahun-tahun hidup nenek moyang hamba ketika mereka menjadi pendatang di dunia ini.”",
Kejadian,47,10,Kejadian 47:10,"Setelah itu, Yakub memohonkan berkah bagi Firaun, lalu pergi dari hadapan Firaun.",
Kejadian,47,11,Kejadian 47:11,"Yusuf menyediakan bagi ayahnya dan saudara-saudaranya tempat untuk menetap. Diberikannya kepada mereka tanah milik di daerah yang terbaik di Mesir, yaitu di Tanah Rameses, sesuai dengan perintah Firaun.",
Kejadian,47,12,Kejadian 47:12,"Yusuf mencukupi kebutuhan makan ayahnya, saudara-saudaranya, dan seisi rumah ayahnya menurut jumlah anak-anak mereka.",
Kejadian,47,13,Kejadian 47:13,"Suatu waktu, tidak ada lagi makanan di seluruh negeri itu karena begitu hebatnya bencana kelaparan yang terjadi. Tanah Mesir dan Tanah Kanaan merana karena bencana kelaparan itu.",Kebijakan Nabi Yusuf Mengatasi Krisis Pangan
Kejadian,47,14,Kejadian 47:14,"Yusuf mengumpulkan seluruh uang yang ada di Tanah Mesir serta Kanaan, yaitu uang yang dibayarkan orang-orang untuk membeli gandum, lalu dibawanya uang itu ke istana Firaun.",
Kejadian,47,15,Kejadian 47:15,"Setelah uang di Tanah Mesir serta Tanah Kanaan habis, semua orang Mesir pun datang kepada Yusuf dan berkata, “Berilah kami makanan. Mengapa kami harus mati di hadapan Tuan? Uang kami sudah habis!”",
Kejadian,47,16,Kejadian 47:16,"Jawab Yusuf, “Jika uangmu habis, serahkanlah ternakmu, maka aku akan memberikan kepadamu makanan sebagai ganti ternakmu.”",
Kejadian,47,17,Kejadian 47:17,"Lalu, mereka membawa ternak mereka kepada Yusuf, dan Yusuf memberikan kepada mereka makanan sebagai ganti kuda, kambing domba, sapi, serta keledai mereka. Pada tahun itu ia menunjang makanan mereka sebagai ganti semua ternak mereka.",
Kejadian,47,18,Kejadian 47:18,"Setelah tahun itu berakhir, mereka datang lagi kepada Yusuf pada tahun kedua dan berkata, “Tidak dapat kami sembunyikan dari Tuanku bahwa uang kami sudah habis dan bahwa hewan ternak kami sudah menjadi milik Tuanku. Tidak ada lagi yang tersisa di hadapan Tuanku, selain badan kami dan tanah kami.",
Kejadian,47,19,Kejadian 47:19,"Mengapa kami dan juga tanah kami harus mati di depan mata Tuan? Belilah diri kami juga tanah kami sebagai ganti makanan. Biarlah kami dan tanah kami menjadi hamba Firaun. Berikanlah benih supaya kami hidup dan tidak mati, dan supaya tanah tidak menjadi tandus.”",
Kejadian,47,20,Kejadian 47:20,"Maka, Yusuf membeli semua tanah di Mesir bagi Firaun sebab orang Mesir menjual ladangnya masing-masing. Hal itu mereka lakukan karena begitu beratnya bencana kelaparan itu menimpa mereka. Dengan demikian, negeri itu menjadi milik Firaun.",
Kejadian,47,21,Kejadian 47:21,"Setelah itu, Yusuf memindahkan rakyat ke kota-kota di Mesir, dari ujung yang satu sampai ke ujung yang lain.",
Kejadian,47,22,Kejadian 47:22,"Akan tetapi, ia tidak membeli tanah para imam karena para imam mempunyai jatah yang tetap dari Firaun, dan mereka makan dari jatah tetap yang diberikan Firaun kepada mereka itu. Itulah sebabnya, mereka tidak menjual tanah mereka.",
Kejadian,47,23,Kejadian 47:23,"Kemudian, Yusuf berkata kepada rakyat, “Pada hari ini aku telah membeli dirimu dan tanahmu bagi Firaun. Inilah benih untuk kamu tabur di tanah itu.",
Kejadian,47,24,Kejadian 47:24,"Nanti, pada waktu musim menuai, kamu harus menyerahkan seperlima bagian kepada Firaun, sedangkan empat bagiannya menjadi milikmu. Pakailah itu untuk benih ladangmu, untuk makanan kamu dan mereka yang ada di rumahmu, serta makanan anak-anakmu.”",
Kejadian,47,25,Kejadian 47:25,"Jawab mereka, “Tuan sudah menyelamatkan hidup kami! Asal Tuanku berkenan, kami mau menjadi hamba Firaun.”",
Kejadian,47,26,Kejadian 47:26,"Maka, Yusuf membuat suatu ketetapan perihal tanah di Mesir yang berlaku sampai sekarang ini, yaitu bahwa seperlima bagian dari hasil tanah menjadi milik Firaun. Hanya tanah para imamlah yang tidak menjadi milik Firaun.",
Kejadian,47,27,Kejadian 47:27,"Orang Israil tinggal di Tanah Mesir, yaitu di Tanah Gosyen. Mereka menetap di sana, beranak cucu, dan menjadi sangat banyak jumlahnya.",Nabi Yakub di Akhir Hidupnya
Kejadian,47,28,Kejadian 47:28,"Yakub hidup tujuh belas tahun lamanya di Tanah Mesir. Jadi, Yakub mencapai umur seratus empat puluh tujuh tahun dalam hidupnya.",
Kejadian,47,29,Kejadian 47:29,"Ketika hari kematian Israil hampir tiba, ia memanggil anaknya, Yusuf, dan berkata kepadanya, “Jika engkau berkenan, letakkanlah tanganmu di bawah pahaku dan berjanjilah bahwa engkau akan menunjukkan kasih dan kesetiaan kepadaku. Kumohon jangan makamkan aku di Mesir.",
Kejadian,47,30,Kejadian 47:30,"Melainkan, setelah aku dibaringkan bersama nenek moyangku, bawalah jenazahku dari Mesir, lalu makamkanlah dalam makam mereka.” Jawab Yusuf, “Akan kulaksanakan pesan Ayah itu.”",
Kejadian,47,31,Kejadian 47:31,"Kata Yakub, “Bersumpahlah kepadaku.” Lalu, Yusuf pun bersumpah padanya. Setelah itu, Israil sujud menyembah Allah di bagian kepala tempat tidurnya.",
Kejadian,48,1,Kejadian 48:1,"Beberapa waktu sesudah berbagai peristiwa itu, seseorang memberitahukan kepada Yusuf, “Ketahuilah, Ayah Tuan sakit.” Maka, dibawanyalah kedua anaknya, Manasye dan Efraim, bersamanya.",Berkah bagi Manasye dan Efraim
Kejadian,48,2,Kejadian 48:2,"Kemudian, kepada Yakub diberitahukan, “Anakmu Yusuf datang mengunjungimu.” Maka, Israil mengerahkan segenap tenaganya, lalu duduk di tempat tidurnya.",
Kejadian,48,3,Kejadian 48:3,"Berkatalah Yakub kepada Yusuf, “Allah Yang Mahakuasa pernah menampakkan diri kepadaku di Lus, di Tanah Kanaan. Ia memberkahi aku",
Kejadian,48,4,Kejadian 48:4,"dan berfirman kepadaku, ‘Sesungguhnya, Aku akan membuat engkau beranak cucu dan memperbanyak keturunanmu. Aku akan menjadikan engkau sekumpulan bangsa, dan Aku akan mengaruniakan negeri ini kepada keturunanmu kelak sebagai milik mereka untuk selama-lamanya.’",
Kejadian,48,5,Kejadian 48:5,"Maka sekarang, milikkulah kedua anakmu yang lahir bagimu di Tanah Mesir sebelum aku datang kepadamu di Mesir. Efraim dan Manasye akan menjadi milikku, sama seperti Ruben dan Simeon.",
Kejadian,48,6,Kejadian 48:6,"Tetapi, anak-anakmu yang lahir kemudian setelah mereka adalah milikmu. Mengenai milik pusaka, mereka akan disebut berdasarkan nama kedua abang mereka.",
Kejadian,48,7,Kejadian 48:7,"Sewaktu aku dalam perjalanan dari Padan-Aram, aku kematian Rahel di Tanah Kanaan, tak seberapa jauh jaraknya dari Efrata. Lalu, aku memakamkan dia di sana, di sisi jalan menuju Efrata (yaitu Betlehem).”",
Kejadian,48,8,Kejadian 48:8,"Ketika Israil melihat anak-anak Yusuf, bertanyalah ia, “Siapakah mereka ini?”",
Kejadian,48,9,Kejadian 48:9,"Jawab Yusuf kepada ayahnya, “Inilah anak-anakku, yang telah dikaruniakan Allah kepadaku di sini.” Kata Yakub, “Dekatkanlah mereka kepadaku supaya aku dapat memohonkan berkah bagi mereka.”",
Kejadian,48,10,Kejadian 48:10,"Pada waktu itu kedua mata Israil sudah kabur karena begitu tuanya ia. Jadi, ia tidak dapat melihat dengan jelas. Yusuf mendekatkan mereka kepada Yakub, lalu Yakub mencium serta memeluk mereka.",
Kejadian,48,11,Kejadian 48:11,"Kata Israil kepada Yusuf, “Aku tidak pernah menyangka akan melihat wajahmu lagi, tetapi sekarang Allah bahkan mengizinkan aku melihat keturunanmu.”",
Kejadian,48,12,Kejadian 48:12,"Yusuf menarik mereka dari dekat lutut Yakub, lalu ia sujud memberi hormat.",
Kejadian,48,13,Kejadian 48:13,"Setelah itu, Yusuf memegang keduanya. Efraim dipegangnya dengan tangan kanannya di sebelah kiri Israil, dan Manasye dipegangnya dengan tangan kirinya di sebelah kanan Israil. Lalu, didekatkannya mereka pada Yakub.",
Kejadian,48,14,Kejadian 48:14,"Tetapi, Israil mengulurkan tangan kanannya dan meletakkannya di atas kepala Efraim, anak yang bungsu, dan tangan kirinya di atas kepala Manasye. Ia sengaja menyilangkan tangannya meskipun Manasye adalah anak yang sulung.",
Kejadian,48,15,Kejadian 48:15,"Lalu, ia memohonkan berkah bagi Yusuf, katanya, “Allah, yang di hadapan-Nya bapak-bapak pendahuluku, Ibrahim dan Ishak, hidup, Allah, yang telah menjadi gembalaku sepanjang hidupku sampai hari ini,",
Kejadian,48,16,Kejadian 48:16,"Malaikat, yang telah menebus aku dari segala yang jahat, kiranya memberkahi pemuda-pemuda ini. Kiranya namaku dan nama bapak-bapak pendahuluku, Ibrahim dan Ishak, disebut atas mereka. Kiranya mereka bertambah-tambah, menjadi berlipat ganda di bumi ini.”",
Kejadian,48,17,Kejadian 48:17,"Ketika Yusuf melihat bahwa ayahnya meletakkan tangan kanannya di atas kepala Efraim, ia menganggap hal itu tidak baik. Lalu, ia memegang tangan ayahnya untuk memindahkannya dari atas kepala Efraim ke atas kepala Manasye.",
Kejadian,48,18,Kejadian 48:18,"Kata Yusuf kepada ayahnya, “Jangan demikian, Ayah, karena inilah yang sulung. Letakkanlah tangan kanan Ayah ke atas kepalanya.”",
Kejadian,48,19,Kejadian 48:19,"Tetapi, ayahnya menolak dan berkata, “Aku tahu, anakku, aku tahu. Dia juga akan menjadi suatu bangsa, dan dia juga akan menjadi besar. Meskipun begitu, adiknya akan menjadi lebih besar daripadanya dan keturunannya akan menjadi sekumpulan bangsa.”",
Kejadian,48,20,Kejadian 48:20,"Ia memohonkan berkah bagi mereka pada hari itu juga, katanya, “Dengan menyebut namamulah orang Israil akan saling memohonkan berkah, demikian, ‘Kiranya Allah menjadikan engkau seperti Efraim dan seperti Manasye!’” Demikianlah Yakub menempatkan Efraim lebih dahulu daripada Manasye.",
Kejadian,48,21,Kejadian 48:21,"Kemudian, Israil berkata kepada Yusuf, “Ketahuilah, ajalku hampir tiba, tetapi Allah akan menyertai kamu dan membawa kamu kembali ke negeri nenek moyangmu.",
Kejadian,48,22,Kejadian 48:22,"Untukmu kuberikan satu bagian lebih besar daripada untuk saudara-saudaramu, yaitu punggung gunung yang telah kurebut dari tangan orang Amori dengan pedangku dan panahku.”",
Kejadian,49,1,Kejadian 49:1,"Kemudian, Yakub memanggil anak-anaknya dan berkata, “Berkumpullah kamu, aku akan memberitahukan kepadamu apa yang akan terjadi atas kamu di kemudian hari.",Perkataan Terakhir Nabi Yakub kepada Anak-anaknya
Kejadian,49,2,Kejadian 49:2,"Berkumpullah dan dengarkanlah, hai anak-anak Yakub, dengarkanlah Israil, ayahmu.",
Kejadian,49,3,Kejadian 49:3,"Ruben, engkaulah anakku yang sulung, kekuatanku dan permulaan keperkasaanku, terunggul dalam keluhuran, terunggul dalam kegagahan.",
Kejadian,49,4,Kejadian 49:4,"Engkau, yang meluap seperti air, tidak lagi menjadi yang terunggul sebab engkau telah menaiki peraduan ayahmu, kemudian menajiskannya. Ia telah menaiki petiduranku!",
Kejadian,49,5,Kejadian 49:5,"Simeon dan Lewi, kakak beradik, pedang mereka adalah senjata kekerasan.",
Kejadian,49,6,Kejadian 49:6,"Jangan ikut dalam permufakatan mereka, hai jiwaku, jangan bersekutu dengan perkumpulan mereka, hai batinku, karena dalam amarahnya mereka membunuh orang, dan dalam angkaranya mereka memotong urat keting sapi.",
Kejadian,49,7,Kejadian 49:7,"Terkutuklah kemarahan mereka sebab begitu garang, terkutuklah keberangan mereka sebab begitu bengis. Aku akan membagi-bagikan mereka di antara anak-anak Yakub, dan menyebarkan mereka di antara anak-anak Israil.",
Kejadian,49,8,Kejadian 49:8,"Yuda, engkau akan dipuji oleh saudara-saudaramu. Tanganmu akan membekuk tengkuk musuh-musuhmu, dan anak-anak ayahmu akan tunduk kepadamu.",
Kejadian,49,9,Kejadian 49:9,"Yuda bagai seekor anak singa. Engkau naik meninggalkan mangsa, hai anakku. Ia merunduk, mendekam seperti singa jantan atau singa betina. Siapa berani membangunkannya?",
Kejadian,49,10,Kejadian 49:10,"Tongkat kerajaan tidak akan berpindah dari Yuda, atau pun pemerintahan dari antara kakinya, hingga datang dia yang berhak atasnya; kepadanyalah bangsa-bangsa akan tunduk.",
Kejadian,49,11,Kejadian 49:11,"Ia menambatkan keledainya pada pohon anggur, dan anak keledainya pada pohon anggur pilihan. Ia membasuh pakaiannya dengan anggur, dan bajunya dengan cairan buah anggur.",
Kejadian,49,12,Kejadian 49:12,"Matanya akan lebih merah daripada anggur, dan giginya akan lebih putih daripada air susu.",
Kejadian,49,13,Kejadian 49:13,"Zebulon akan berdiam di tepi laut. Ia akan menjadi pelabuhan kapal-kapal, dan perbatasannya akan sampai ke Sidon.",
Kejadian,49,14,Kejadian 49:14,"Isakhar bagai seekor keledai yang kuat, meniarap di antara dua kantong beban.",
Kejadian,49,15,Kejadian 49:15,"Ketika dilihatnya bahwa tempat perhentian itu baik dan bahwa negeri itu menyenangkan, dimiringkannyalah bahunya untuk memikul, lalu menjadi budak pekerja.",
Kejadian,49,16,Kejadian 49:16,Dan akan mengadili bangsanya sebagai salah satu suku Israil.,
Kejadian,49,17,Kejadian 49:17,"Dan akan menjadi seperti ular di jalan, seperti ular bertanduk di lorong yang memagut tumit kuda sehingga penunggangnya jatuh tertelentang.",
Kejadian,49,18,Kejadian 49:18,"Aku menantikan keselamatan dari-Mu, ya ALLAH.",
Kejadian,49,19,Kejadian 49:19,"Gad akan diserang oleh gerombolan, tetapi ia akan menyerang tumit mereka.",
Kejadian,49,20,Kejadian 49:20,"Asyer, makanannya mewah berlimpah. Ia akan menyajikan santapan nikmat bagi raja.",
Kejadian,49,21,Kejadian 49:21,"Naftali bagai seekor rusa yang terlepas, perkataan yang dikeluarkannya indah.",
Kejadian,49,22,Kejadian 49:22,"Yusuf bagai cabang yang penuh buah, cabang penuh buah di dekat mata air. Dahan-dahannya tumbuh mengatasi tembok.",
Kejadian,49,23,Kejadian 49:23,"Pemanah-pemanah menyusahkan dia, memanahnya, dan menganiayanya.",
Kejadian,49,24,Kejadian 49:24,"Namun, busurnya tetap bertahan, dan tangan-tangan di kedua lengannya tetap kuat karena kuasa Yang Mahakuat, Tuhan Yakub, karena Sang Gembala, Gunung Batu Israil,",
Kejadian,49,25,Kejadian 49:25,"karena Tuhan ayahmu, yang akan menolong engkau, dan karena Yang Mahakuasa, yang akan memberkahimu dengan berkah dari langit di atas, dengan berkah dari samudera yang terhampar di bawah, dengan berkah dari buah dada dan rahim.",
Kejadian,49,26,Kejadian 49:26,"Berkah ayahmu melebihi berkah nenek moyangku, mencapai batas bukit-bukit purbakala. Semua itu akan turun ke atas kepala Yusuf, ke atas ubun-ubun orang yang teristimewa di antara saudara-saudaranya.",
Kejadian,49,27,Kejadian 49:27,"Binyamin bagai seekor serigala yang mencabik-cabik. Pada pagi hari ia memakan mangsanya, dan pada petang hari ia membagi-bagikan jarahannya.”",
Kejadian,49,28,Kejadian 49:28,"Itulah semua suku Israil, dua belas jumlahnya, dan itulah yang dikatakan ayah mereka kepada mereka ketika ia memohonkan berkah bagi mereka. Dengan berkah yang khusus untuk masing-masing orang, ia memohonkan berkah bagi mereka.",
Kejadian,49,29,Kejadian 49:29,"Setelah itu, berpesanlah Yakub kepada mereka, “Tidak lama lagi aku akan dikumpulkan bersama kaum leluhurku. Makamkanlah aku di sisi nenek moyangku dalam gua di ladang Efron, orang Het itu,",Nabi Yakub Wafat dan Dimakamkan
Kejadian,49,30,Kejadian 49:30,"yaitu gua di ladang Makhpela, sebelah timur Mamre, di Tanah Kanaan. Gua itu dibeli oleh Ibrahim sekaligus dengan ladangnya dari Efron, orang Het, untuk dijadikan pemakaman miliknya.",
Kejadian,49,31,Kejadian 49:31,"Di sanalah Ibrahim dan Sarah istrinya dimakamkan, demikian pula Ishak dan Ribka istrinya. Di sana jugalah aku memakamkan Lea.",
Kejadian,49,32,Kejadian 49:32,Ladang dan gua yang ada di dalamnya sudah dibeli dari orang Het.”,
Kejadian,49,33,Kejadian 49:33,"Setelah Yakub selesai berpesan kepada anak-anaknya, ditariknyalah kedua kakinya ke atas tempat tidur. Kemudian, ia mengembuskan napasnya yang terakhir, lalu dikumpulkan bersama kaum leluhurnya.",
Kejadian,50,1,Kejadian 50:1,"Kemudian, Yusuf merebahkan diri pada wajah ayahnya, menangisinya, dan menciuminya.",Nabi Yusuf Menenangkan Hati Saudara-saudaranya
Kejadian,50,2,Kejadian 50:2,"Yusuf memerintahkan hamba-hambanya, yaitu para tabib, untuk merempah-rempahi jenazah ayahnya. Maka, para tabib itu pun merempah-rempahi jenazah Israil.",
Kejadian,50,3,Kejadian 50:3,Mereka melakukannya selama empat puluh hari karena demikianlah lamanya waktu untuk merempah-rempahi jenazah. Orang-orang Mesir menangisinya selama tujuh puluh hari.,
Kejadian,50,4,Kejadian 50:4,"Setelah lewat masa penangisan, berkatalah Yusuf kepada seisi istana Firaun, “Jika kalian berkenan menolongku, tolong sampaikan kepada Firaun demikian,",
Kejadian,50,5,Kejadian 50:5,"‘Ayah hamba telah menyuruh hamba bersumpah, katanya, “Sesungguhnya, ajalku hampir tiba. Engkau harus memakamkan aku dalam makam yang kugali bagiku di Tanah Kanaan.” Oleh karena itu, sekarang izinkanlah hamba pergi memakamkan ayah hamba, setelah itu hamba akan kembali.’”",
Kejadian,50,6,Kejadian 50:6,"Kata Firaun, “Pergilah, makamkanlah ayahmu karena ia telah menyuruhmu bersumpah.”",
Kejadian,50,7,Kejadian 50:7,"Maka, pergilah Yusuf untuk memakamkan ayahnya. Seluruh pegawai Firaun pergi menyertainya, yaitu para tua-tua istana Firaun dan semua tua-tua Tanah Mesir,",
Kejadian,50,8,Kejadian 50:8,"demikian pula seisi rumah Yusuf, saudara-saudaranya, dan keluarga ayahnya. Hanya anak-anak, kawanan kambing domba, dan kawanan sapi yang mereka tinggalkan di Tanah Gosyen.",
Kejadian,50,9,Kejadian 50:9,Turut pula pergi bersamanya kereta-kereta serta pasukan berkuda sehingga rombongan itu menjadi sangat besar.,
Kejadian,50,10,Kejadian 50:10,"Kemudian, sampailah mereka di Tempat Pengirikan Atad, yang terletak di seberang Sungai Yordan. Di sana mereka meratap dengan suara keras dan memilukan. Lalu, Yusuf menetapkan tujuh hari perkabungan bagi ayahnya.",
Kejadian,50,11,Kejadian 50:11,"Ketika penduduk negeri itu, yaitu orang-orang Kanaan, melihat perkabungan di Tempat Pengirikan Atad itu, berkatalah mereka, “Ini perkabungan yang besar bagi orang Mesir.” Itulah sebabnya, tempat di seberang Sungai Yordan itu dinamai Abel-Mizraim.",
Kejadian,50,12,Kejadian 50:12,Anak-anak Yakub melaksanakan apa yang telah dipesankan oleh Yakub kepada mereka.,
Kejadian,50,13,Kejadian 50:13,"Mereka mengangkut jenazahnya ke Tanah Kanaan, lalu memakamkannya dalam gua di ladang Makhpela, sebelah timur Mamre, yang sekaligus dengan ladangnya dibeli Ibrahim dari Efron, orang Het, untuk dijadikan pemakaman miliknya.",
Kejadian,50,14,Kejadian 50:14,"Setelah ayahnya dimakamkan, pulanglah Yusuf ke Mesir bersama saudara-saudaranya dan semua orang yang pergi menyertainya untuk memakamkan ayahnya.",
Kejadian,50,15,Kejadian 50:15,"Saudara-saudara Yusuf sadar bahwa ayah mereka sudah meninggal. Lalu, berkatalah mereka, “Mungkin saja Yusuf mendendam terhadap kita dan akan membalas sepenuhnya semua kejahatan yang telah kita lakukan terhadapnya.”",Nabi Yusuf Menenangkan Hati Saudara-saudaranya
Kejadian,50,16,Kejadian 50:16,"Maka, mereka menyuruh orang menemui Yusuf dengan pesan, “Sebelum ayah Tuan meninggal, ia berpesan,",
Kejadian,50,17,Kejadian 50:17,"‘Beginilah harus kamu katakan kepada Yusuf, “Ampunilah kesalahan dan dosa saudara-saudaramu karena mereka pernah berbuat jahat terhadapmu.”’ Jadi, sekarang ampunilah kesalahan hamba-hamba Tuhan ayahmu.” Ketika Yusuf mendengar pesan itu, menangislah ia.",
Kejadian,50,18,Kejadian 50:18,"Kemudian, datanglah saudara-saudaranya dan sujud memberi hormat di hadapannya. Kata mereka, “Kami datang untuk menjadi hamba Tuan.”",
Kejadian,50,19,Kejadian 50:19,"Tetapi, kata Yusuf kepada mereka, “Jangan takut. Aku inikah Allah?",
Kejadian,50,20,Kejadian 50:20,"Memang dulu kamu bermaksud jahat terhadap aku, tetapi Allah mempunyai maksud baik supaya terwujudlah apa yang terjadi hingga hari ini, yaitu terpeliharanya kelangsungan hidup banyak orang.",
Kejadian,50,21,Kejadian 50:21,"Jadi, janganlah takut, aku akan mencukupi kebutuhan kamu dan anak-anakmu.” Demikianlah Yusuf menghibur mereka dan menenangkan hati mereka dengan kata-katanya.",
Kejadian,50,22,Kejadian 50:22,Yusuf tetap tinggal di Mesir beserta kaum keluarganya. Ia hidup seratus sepuluh tahun.,Nabi Yusuf Wafat
Kejadian,50,23,Kejadian 50:23,"Yusuf masih melihat keturunan ketiga dari Efraim, bahkan anak-anak Makhir bin Manasye sempat diletakkan di pangkuan Yusuf.",
Kejadian,50,24,Kejadian 50:24,"Suatu kali Yusuf berkata kepada saudara-saudaranya, “Ajalku hampir tiba, tetapi Allah pasti akan memperhatikan kamu dan membawa kamu keluar dari negeri ini ke negeri yang telah dijanjikan-Nya kepada Ibrahim, Ishak, dan Yakub dengan bersumpah.”",
Kejadian,50,25,Kejadian 50:25,"Kemudian, Yusuf menyuruh bani Israil bersumpah, “Allah pasti akan memperhatikan kamu. Pada waktu itu, kamu harus membawa tulang-tulangku dari sini.”",
Kejadian,50,26,Kejadian 50:26,"Lalu, wafatlah Yusuf di usia seratus sepuluh tahun. Jenazahnya dirempah-rempahi dan ditempatkan dalam sebuah peti mati di Mesir.",
