Book,Chapter,Verse,Ref,Indonesian,Subheading
Bilangan,1,1,Bilangan 1:1,"Pada hari pertama di bulan kedua, dalam tahun kedua setelah orang Israil keluar dari Tanah Mesir, ALLAH berfirman kepada Musa dalam Kemah Hadirat Allah di Padang Belantara Sinai demikian,",Laskar Israil Dihitung
Bilangan,1,2,Bilangan 1:2,“Adakanlah cacah jiwa atas seluruh umat bani Israil menurut kaum dan keluarga mereka. Catatlah satu demi satu nama semua laki-laki,
Bilangan,1,3,Bilangan 1:3,di Israil yang berumur dua puluh tahun ke atas dan sanggup berperang. Engkau dan Harun harus menghitung mereka menurut pasukannya masing-masing.,
Bilangan,1,4,Bilangan 1:4,"Dari tiap-tiap suku harus ada satu orang yang menyertaimu, yaitu orang yang menjadi kepala kaum keluarganya.",
Bilangan,1,5,Bilangan 1:5,"Inilah nama orang-orang yang harus menyertaimu: Elizur bin Syedeur, dari suku Ruben;",
Bilangan,1,6,Bilangan 1:6,"Selumiel bin Zurisyadai, dari suku Simeon;",
Bilangan,1,7,Bilangan 1:7,"Nahason bin Aminadab, dari suku Yuda;",
Bilangan,1,8,Bilangan 1:8,"Netaneel bin Zuar, dari suku Isakhar;",
Bilangan,1,9,Bilangan 1:9,"Eliab bin Helon, dari suku Zebulon;",
Bilangan,1,10,Bilangan 1:10,"Elisama bin Amihud, dari suku Efraim, dan Gamaliel bin Pedazur, dari suku Manasye, keduanya keturunan Yusuf;",
Bilangan,1,11,Bilangan 1:11,"Abidan bin Gideoni, dari suku Binyamin;",
Bilangan,1,12,Bilangan 1:12,"Ahiezer bin Amisyadai, dari suku Dan;",
Bilangan,1,13,Bilangan 1:13,"Pagiel bin Okhran, dari suku Asyer;",
Bilangan,1,14,Bilangan 1:14,"Elyasaf bin Rehuel, dari suku Gad;",
Bilangan,1,15,Bilangan 1:15,"Ahira bin Enan, dari suku Naftali.”",
Bilangan,1,16,Bilangan 1:16,"Itulah orang-orang yang dipilih dari umat, yaitu para pemimpin suku bapak leluhurnya. Merekalah para kepala kaum bani Israil.",
Bilangan,1,17,Bilangan 1:17,"Maka, Musa dan Harun memanggil orang-orang yang ditunjuk dengan disebut namanya,",
Bilangan,1,18,Bilangan 1:18,"lalu mereka mengumpulkan seluruh umat pada hari pertama di bulan kedua itu. Seluruh umat pun memberitahukan silsilah mereka menurut kaum serta keluarga mereka, dan nama setiap laki-laki berumur dua puluh tahun ke atas dicatat satu demi satu,",
Bilangan,1,19,Bilangan 1:19,seperti yang diperintahkan ALLAH kepada Musa. Demikianlah Musa menghitung mereka di Padang Belantara Sinai:,
Bilangan,1,20,Bilangan 1:20,"Dari bani Ruben, yaitu keturunan dari anak sulung Israil: Nama setiap laki-laki berumur dua puluh tahun ke atas yang sanggup berperang dicatat satu demi satu menurut kaum dan keluarganya.",
Bilangan,1,21,Bilangan 1:21,Jumlah yang dihitung dari suku Ruben adalah 46.500 orang.,
Bilangan,1,22,Bilangan 1:22,Dari bani Simeon: Nama setiap laki-laki berumur dua puluh tahun ke atas yang sanggup berperang dicatat satu demi satu menurut kaum dan keluarganya.,
Bilangan,1,23,Bilangan 1:23,Jumlah yang dihitung dari suku Simeon adalah 59.300 orang.,
Bilangan,1,24,Bilangan 1:24,Dari bani Gad: Nama setiap laki-laki berumur dua puluh tahun ke atas yang sanggup berperang dicatat satu demi satu menurut kaum dan keluarganya.,
Bilangan,1,25,Bilangan 1:25,Jumlah yang dihitung dari suku Gad adalah 45.650 orang.,
Bilangan,1,26,Bilangan 1:26,Dari bani Yuda: Nama setiap laki-laki berumur dua puluh tahun ke atas yang sanggup berperang dicatat satu demi satu menurut kaum dan keluarganya.,
Bilangan,1,27,Bilangan 1:27,Jumlah yang dihitung dari suku Yuda adalah 74.600 orang.,
Bilangan,1,28,Bilangan 1:28,Dari bani Isakhar: Nama setiap laki-laki berumur dua puluh tahun ke atas yang sanggup berperang dicatat satu demi satu menurut kaum dan keluarganya.,
Bilangan,1,29,Bilangan 1:29,Jumlah yang dihitung dari suku Isakhar adalah 54.400 orang.,
Bilangan,1,30,Bilangan 1:30,Dari bani Zebulon: Nama setiap laki-laki berumur dua puluh tahun ke atas yang sanggup berperang dicatat satu demi satu menurut kaum dan keluarganya.,
Bilangan,1,31,Bilangan 1:31,Jumlah yang dihitung dari suku Zebulon adalah 57.400 orang.,
Bilangan,1,32,Bilangan 1:32,"Dari bani Yusuf, khususnya dari bani Efraim: Nama setiap laki-laki berumur dua puluh tahun ke atas yang sanggup berperang dicatat satu demi satu menurut kaum dan keluarganya.",
Bilangan,1,33,Bilangan 1:33,Jumlah yang dihitung dari suku Efraim adalah 40.500 orang.,
Bilangan,1,34,Bilangan 1:34,"Sedangkan dari bani Manasye: Nama setiap laki-laki berumur dua puluh tahun ke atas yang sanggup berperang dicatat satu demi satu menurut kaum dan keluarganya,",
Bilangan,1,35,Bilangan 1:35,dan jumlah yang dihitung dari suku Manasye adalah 32.200 orang.,
Bilangan,1,36,Bilangan 1:36,Dari bani Binyamin: Nama setiap laki-laki berumur dua puluh tahun ke atas yang sanggup berperang dicatat satu demi satu menurut kaum dan keluarganya.,
Bilangan,1,37,Bilangan 1:37,Jumlah yang dihitung dari suku Binyamin adalah 35.400 orang.,
Bilangan,1,38,Bilangan 1:38,Dari bani Dan: Nama setiap laki-laki berumur dua puluh tahun ke atas yang sanggup berperang dicatat satu demi satu menurut kaum dan keluarganya.,
Bilangan,1,39,Bilangan 1:39,Jumlah yang dihitung dari suku Dan adalah 62.700 orang.,
Bilangan,1,40,Bilangan 1:40,Dari bani Asyer: Nama setiap laki-laki berumur dua puluh tahun ke atas yang sanggup berperang dicatat satu demi satu menurut kaum dan keluarganya.,
Bilangan,1,41,Bilangan 1:41,Jumlah yang dihitung dari suku Asyer adalah 41.500 orang.,
Bilangan,1,42,Bilangan 1:42,Dari bani Naftali: Nama setiap laki-laki berumur dua puluh tahun ke atas yang sanggup berperang dicatat satu demi satu menurut kaum dan keluarganya.,
Bilangan,1,43,Bilangan 1:43,Jumlah yang dihitung dari suku Naftali adalah 53.400 orang.,
Bilangan,1,44,Bilangan 1:44,"Itulah jumlah orang yang dihitung oleh Musa dan Harun beserta kedua belas pemimpin Israil, yang masing-masing mewakili keluarganya.",
Bilangan,1,45,Bilangan 1:45,"Jadi, seluruh bani Israil yang dihitung menurut keluarganya, yaitu semua orang di antara orang Israil yang berumur dua puluh tahun ke atas dan sanggup berperang",
Bilangan,1,46,Bilangan 1:46,berjumlah 603.550 orang.,
Bilangan,1,47,Bilangan 1:47,"Akan tetapi, mereka yang termasuk orang Lewi menurut suku bapak leluhurnya tidak turut dihitung bersama orang-orang itu",
Bilangan,1,48,Bilangan 1:48,"karena demikianlah firman ALLAH kepada Musa,",
Bilangan,1,49,Bilangan 1:49,"“Hanya, suku Lewi jangan kauhitung. Jangan kauadakan cacah jiwa atas mereka bersama-sama dengan bani Israil lainnya,",
Bilangan,1,50,Bilangan 1:50,"melainkan angkatlah orang Lewi sebagai pengawas atas Kemah Suci tempat loh hukum, atas segala perlengkapannya, dan atas segala sesuatu yang ada di dalamnya. Mereka harus mengusung Kemah Suci dengan segala perlengkapannya serta mengurusnya. Selain itu, mereka pun harus berkemah di sekelilingnya.",
Bilangan,1,51,Bilangan 1:51,"Apabila hendak berangkat, orang Lewilah yang harus membongkar Kemah Suci itu, dan apabila hendak berkemah, orang Lewi pulalah yang harus memasangnya. Orang awam yang berani mendekati Kemah itu harus dihukum mati.",
Bilangan,1,52,Bilangan 1:52,"Bani Israil lainnya harus berkemah di perkemahannya masing-masing menurut pasukan mereka, di dekat bendera masing-masing,",
Bilangan,1,53,Bilangan 1:53,"tetapi orang Lewi harus berkemah di sekeliling Kemah Suci, tempat loh hukum, supaya jangan umat bani Israil tertimpa murka. Jadi, orang Lewi harus menunaikan kewajiban mereka memelihara Kemah Suci, tempat loh hukum itu.”",
Bilangan,1,54,Bilangan 1:54,"Bani Israil pun melaksanakannya. Sesuai dengan semua yang diperintahkan ALLAH kepada Musa, demikianlah mereka perbuat.",
Bilangan,2,1,Bilangan 2:1,"ALLAH berfirman kepada Musa dan Harun,",Pembagian Tempat Perkemahan
Bilangan,2,2,Bilangan 2:2,“Bani Israil harus berkemah di dekat bendera mereka masing-masing dengan lambang kaum keluarganya. Kemah mereka harus didirikan berkeliling menghadap Kemah Hadirat Allah.,
Bilangan,2,3,Bilangan 2:3,"Mereka yang berbenderakan laskar Yuda harus berkemah di sebelah timur, arah matahari terbit, menurut pasukan-pasukan mereka. Pemimpin bani Yuda ialah Nahason bin Aminadab.",
Bilangan,2,4,Bilangan 2:4,Pasukannya terhitung 74.600 orang.,
Bilangan,2,5,Bilangan 2:5,Mereka yang harus berkemah di dekatnya adalah suku Isakhar. Pemimpin bani Isakhar ialah Netaneel bin Zuar.,
Bilangan,2,6,Bilangan 2:6,Pasukannya terhitung 54.400 orang banyaknya.,
Bilangan,2,7,Bilangan 2:7,"Selanjutnya, suku Zebulon. Pemimpin bani Zebulon ialah Eliab bin Helon.",
Bilangan,2,8,Bilangan 2:8,Pasukannya terhitung 57.400 orang banyaknya.,
Bilangan,2,9,Bilangan 2:9,"Jadi, jumlah semua orang yang dihitung dalam laskar Yuda adalah 186.400 menurut pasukan-pasukan mereka. Mereka harus berangkat lebih dahulu.",
Bilangan,2,10,Bilangan 2:10,Di sebelah selatan haruslah ada bendera laskar Ruben menurut pasukan-pasukan mereka. Pemimpin bani Ruben ialah Elizur bin Syedeur.,
Bilangan,2,11,Bilangan 2:11,Pasukannya terhitung 46.500 orang banyaknya.,
Bilangan,2,12,Bilangan 2:12,Mereka yang harus berkemah di dekatnya adalah suku Simeon. Pemimpin bani Simeon ialah Selumiel bin Zurisyadai.,
Bilangan,2,13,Bilangan 2:13,Pasukannya terhitung 59.300 orang banyaknya.,
Bilangan,2,14,Bilangan 2:14,"Selanjutnya, suku Gad. Pemimpin bani Gad ialah Elyasaf bin Rehuel.",
Bilangan,2,15,Bilangan 2:15,Pasukannya terhitung 45.650 orang banyaknya.,
Bilangan,2,16,Bilangan 2:16,"Jadi, jumlah semua orang yang dihitung dalam laskar Ruben adalah 151.450 orang menurut pasukan-pasukan mereka. Mereka harus berangkat pada gelombang kedua.",
Bilangan,2,17,Bilangan 2:17,"Setelah itu, Kemah Hadirat Allah harus diberangkatkan bersama rombongan orang Lewi di tengah laskar-laskar itu. Sama halnya seperti ketika mereka berkemah, yaitu masing-masing di tempatnya menurut benderanya, demikianlah juga mereka harus berangkat.",
Bilangan,2,18,Bilangan 2:18,Di sebelah barat haruslah ada bendera laskar Efraim menurut pasukan-pasukan mereka. Pemimpin bani Efraim ialah Elisama bin Amihud.,
Bilangan,2,19,Bilangan 2:19,Pasukannya terhitung 40.500 orang banyaknya.,
Bilangan,2,20,Bilangan 2:20,Di dekatnya harus ada suku Manasye. Pemimpin bani Manasye ialah Gamaliel bin Pedazur.,
Bilangan,2,21,Bilangan 2:21,Pasukannya terhitung 32.200 orang banyaknya.,
Bilangan,2,22,Bilangan 2:22,"Selanjutnya, suku Binyamin. Pemimpin bani Binyamin ialah Abidan bin Gideoni.",
Bilangan,2,23,Bilangan 2:23,Pasukannya terhitung 35.400 orang banyaknya.,
Bilangan,2,24,Bilangan 2:24,"Jadi, jumlah semua orang yang dihitung dalam laskar Efraim adalah 108.100 orang menurut pasukan-pasukan mereka. Mereka harus berangkat pada gelombang ketiga.",
Bilangan,2,25,Bilangan 2:25,Di sebelah utara haruslah ada bendera laskar Dan menurut pasukan-pasukan mereka. Pemimpin bani Dan ialah Ahiezer bin Amisyadai.,
Bilangan,2,26,Bilangan 2:26,Pasukannya terhitung 62.700 orang banyaknya.,
Bilangan,2,27,Bilangan 2:27,Mereka yang harus berkemah di dekatnya adalah suku Asyer. Pemimpin bani Asyer ialah Pagiel bin Okhran.,
Bilangan,2,28,Bilangan 2:28,Pasukannya terhitung 41.500 orang.,
Bilangan,2,29,Bilangan 2:29,"Selanjutnya, suku Naftali. Pemimpin bani Naftali ialah Ahira bin Enan.",
Bilangan,2,30,Bilangan 2:30,Pasukannya terhitung 53.400 orang banyaknya.,
Bilangan,2,31,Bilangan 2:31,"Jadi, jumlah semua orang yang dihitung dalam laskar Dan adalah 157.600 orang. Mereka harus berangkat belakangan menurut benderanya.”",
Bilangan,2,32,Bilangan 2:32,Itulah bani Israil yang dihitung menurut kaum keluarganya. Jumlah semua orang yang dihitung dalam laskar-laskar itu menurut pasukan-pasukannya adalah 603.550 orang.,
Bilangan,2,33,Bilangan 2:33,"Akan tetapi, orang Lewi tidak turut dihitung bersama bani Israil, seperti diperintahkan ALLAH kepada Musa.",
Bilangan,2,34,Bilangan 2:34,"Demikianlah dilakukan oleh bani Israil. Sesuai dengan semua yang diperintahkan ALLAH kepada Musa, demikianlah mereka berkemah menurut bendera mereka, dan demikian pulalah mereka berangkat, masing-masing menurut kaum serta keluarganya.",
Bilangan,3,1,Bilangan 3:1,Inilah keturunan Harun dan Musa pada waktu ALLAH berfirman kepada Musa di Gunung Sinai.,Orang Lewi
Bilangan,3,2,Bilangan 3:2,"Nama anak-anak Harun adalah: Nadab, yang sulung, selanjutnya Abihu, Eleazar, dan Itamar.",
Bilangan,3,3,Bilangan 3:3,"Itulah nama anak-anak Harun, yaitu imam-imam yang diminyaki. Mereka dilantik untuk menunaikan tugas sebagai imam.",
Bilangan,3,4,Bilangan 3:4,"Akan tetapi, Nadab dan Abihu mati di hadirat ALLAH ketika mereka mempersembahkan api yang tidak layak kepada ALLAH di Padang Belantara Sinai. Mereka tidak mempunyai anak. Oleh karena itu, Eleazar dan Itamarlah yang menunaikan tugas sebagai imam semasa Harun, yaitu ayah mereka, masih hidup.",
Bilangan,3,5,Bilangan 3:5,"ALLAH berfirman kepada Musa,",
Bilangan,3,6,Bilangan 3:6,“Bawalah suku Lewi menghadap Imam Harun supaya mereka melayani dia.,
Bilangan,3,7,Bilangan 3:7,Mereka harus menunaikan tugas-tugas bagi Harun dan bagi seluruh umat itu di depan Kemah Hadirat Allah dengan melaksanakan pekerjaan di Kemah Suci.,
Bilangan,3,8,Bilangan 3:8,Mereka harus mengurus segala perlengkapan Kemah Hadirat Allah dan menunaikan tugas-tugas bagi bani Israil dengan melaksanakan pekerjaan di Kemah Suci.,
Bilangan,3,9,Bilangan 3:9,Serahkanlah orang Lewi kepada Harun dan anak-anaknya. Seluruh orang Lewi dari antara bani Israil harus diserahkan kepadanya.,
Bilangan,3,10,Bilangan 3:10,Sedangkan Harun dan anak-anaknya harus kautugaskan memegang jabatan imam. Orang awam yang berani mendekati kemah itu harus dihukum mati.”,
Bilangan,3,11,Bilangan 3:11,"ALLAH berfirman kepada Musa,",
Bilangan,3,12,Bilangan 3:12,"“Sesungguhnya, Aku mengambil orang Lewi dari antara bani Israil sebagai ganti semua anak sulung, yaitu yang pertama lahir dari rahim, di antara bani Israil. Jadi, orang Lewi adalah kepunyaan-Ku,",
Bilangan,3,13,Bilangan 3:13,"karena semua anak sulung adalah kepunyaan-Ku. Pada waktu Aku menewaskan semua anak sulung di Tanah Mesir, Aku mengkhususkan bagi-Ku semua yang sulung di Israil, baik manusia maupun hewan. Semua itu kepunyaan-Ku. Akulah ALLAH.”",
Bilangan,3,14,Bilangan 3:14,"ALLAH berfirman kepada Musa di Padang Belantara Sinai,",
Bilangan,3,15,Bilangan 3:15,“Hitunglah bani Lewi menurut keluarga dan kaumnya. Semua laki-laki berumur satu bulan ke atas haruslah kauhitung.”,
Bilangan,3,16,Bilangan 3:16,"Maka, Musa menghitung mereka sesuai dengan firman ALLAH, seperti yang diperintahkan kepadanya.",
Bilangan,3,17,Bilangan 3:17,"Inilah nama anak-anak Lewi: Gerson, Kehat, dan Merari.",
Bilangan,3,18,Bilangan 3:18,Nama anak-anak Gerson berikut nama kaum keturunan mereka: Libni dan Simei.,
Bilangan,3,19,Bilangan 3:19,"Anak-anak Kehat berikut nama kaum keturunan mereka: Amram, Yizhar, Hebron, dan Uziel.",
Bilangan,3,20,Bilangan 3:20,Anak-anak Merari berikut nama kaum keturunan mereka: Mahli dan Musi. Inilah kaum-kaum bani Lewi menurut keluarganya.,
Bilangan,3,21,Bilangan 3:21,Dari Gerson turunlah kaum Libni dan kaum Simei. Itulah kaum-kaum keturunan Gerson.,
Bilangan,3,22,Bilangan 3:22,"Menurut penghitungan, jumlah semua laki-laki yang berumur satu bulan ke atas adalah 7.500 orang.",
Bilangan,3,23,Bilangan 3:23,"Kaum-kaum keturunan Gerson ini berkemah di belakang Kemah Suci, di sebelah barat.",
Bilangan,3,24,Bilangan 3:24,Pemimpin keluarga Gerson ialah Elyasaf bin Lael.,
Bilangan,3,25,Bilangan 3:25,"Dalam Kemah Hadirat Allah, bani Gerson berkewajiban mengurus Kemah Suci, kemah beserta penudungnya, tirai pintu Kemah Hadirat Allah,",
Bilangan,3,26,Bilangan 3:26,"kain yang memagari pelataran, tirai pintu pelataran yang mengelilingi Kemah Suci dan mazbah, yaitu tempat pembakaran kurban, tali-talinya, serta semua yang berhubungan dengan pekerjaan itu.",
Bilangan,3,27,Bilangan 3:27,"Dari Kehat turunlah kaum Amram, kaum Yizhar, kaum Hebron, dan kaum Uziel. Itulah kaum-kaum keturunan Kehat,",
Bilangan,3,28,Bilangan 3:28,"dan mereka berkewajiban mengurus tempat suci. Menurut penghitungan, jumlah semua laki-laki yang berumur satu bulan ke atas adalah 8.600 orang.",
Bilangan,3,29,Bilangan 3:29,Kaum-kaum bani Kehat ini berkemah di sisi selatan Kemah Suci.,
Bilangan,3,30,Bilangan 3:30,Pemimpin keluarga dari kaum-kaum keturunan Kehat ialah Elisafan bin Uziel.,
Bilangan,3,31,Bilangan 3:31,"Kewajiban mereka adalah mengurus tabut, meja, kaki pelita, mazbah-mazbah, perlengkapan tempat suci yang dipakai untuk menyelenggarakan ibadah, tirai, dan semua yang berhubungan dengan pekerjaan itu.",
Bilangan,3,32,Bilangan 3:32,"Sedangkan pemimpin tertinggi orang Lewi ialah Eleazar, anak Imam Harun. Ia mengawasi orang-orang yang berkewajiban mengurus tempat suci.",
Bilangan,3,33,Bilangan 3:33,Dari Merari turunlah kaum Mahli dan kaum Musi. Itulah kaum-kaum keturunan Merari.,
Bilangan,3,34,Bilangan 3:34,"Menurut penghitungan, jumlah semua laki-laki yang berumur satu bulan ke atas adalah 6.200 orang.",
Bilangan,3,35,Bilangan 3:35,Pemimpin keluarga dari kaum-kaum keturunan Merari ialah Zuriel bin Abihail. Mereka berkemah di sisi utara Kemah Suci.,
Bilangan,3,36,Bilangan 3:36,"Kewajiban yang dipercayakan kepada bani Merari adalah mengurus papan-papan Kemah Suci, kayu-kayu palangnya, tiang-tiangnya, alas-alasnya, segala perlengkapannya, dan semua yang berhubungan dengan pekerjaan itu,",
Bilangan,3,37,Bilangan 3:37,"juga tiang-tiang di sekeliling pelataran dengan alas, pancang, serta talinya.",
Bilangan,3,38,Bilangan 3:38,"Mereka yang berkemah di depan Kemah Suci, yaitu di sebelah timur, di depan Kemah Hadirat Allah, arah matahari terbit, ialah Musa dan Harun beserta anak-anaknya. Mereka berkewajiban mengurus tempat suci dan menunaikan tugas bagi bani Israil. Selain mereka, orang awam yang berani mendekati kemah itu harus dihukum mati.",
Bilangan,3,39,Bilangan 3:39,"Jumlah semua orang Lewi yang dihitung oleh Musa dan Harun sesuai dengan firman ALLAH, menurut kaum-kaum mereka, yaitu semua laki-laki yang berumur satu bulan ke atas, adalah 22.000 orang.",
Bilangan,3,40,Bilangan 3:40,"ALLAH berfirman kepada Musa, “Hitunglah semua anak sulung laki-laki bani Israil yang berumur satu bulan ke atas dan buatlah daftar nama mereka.",
Bilangan,3,41,Bilangan 3:41,"Kemudian, khususkanlah orang Lewi bagi-Ku—Akulah ALLAH—sebagai ganti semua anak sulung di antara bani Israil, demikian juga hewan orang Lewi sebagai ganti semua yang sulung di antara hewan bani Israil.”",
Bilangan,3,42,Bilangan 3:42,"Musa pun menghitung semua anak sulung di antara bani Israil, seperti yang diperintahkan ALLAH kepadanya.",
Bilangan,3,43,Bilangan 3:43,"Menurut daftar nama orang yang berumur satu bulan ke atas, jumlah semua anak sulung laki-laki adalah 22.273 orang.",
Bilangan,3,44,Bilangan 3:44,"Lalu, ALLAH berfirman kepada Musa demikian,",
Bilangan,3,45,Bilangan 3:45,"“Khususkanlah orang Lewi sebagai ganti semua anak sulung di antara bani Israil, juga hewan orang Lewi sebagai ganti hewan mereka. Kepunyaan-Kulah orang Lewi. Akulah ALLAH.",
Bilangan,3,46,Bilangan 3:46,"Sebagai uang tebusan bagi 273 anak sulung bani Israil yang melebihi jumlah orang Lewi,",
Bilangan,3,47,Bilangan 3:47,"ambillah lima syikal dari setiap orang menurut syikal resmi Kemah Suci yang beratnya dua puluh gera,",
Bilangan,3,48,Bilangan 3:48,lalu berikanlah uang itu kepada Harun dan anak-anaknya sebagai tebusan bagi orang-orang yang kelebihan itu.”,
Bilangan,3,49,Bilangan 3:49,Musa pun mengumpulkan uang tebusan dari orang-orang di luar jumlah yang ditebus oleh orang Lewi.,
Bilangan,3,50,Bilangan 3:50,"Jadi, dari anak-anak sulung bani Israil itu ia menerima 1.365 syikal menurut syikal resmi Kemah Suci.",
Bilangan,3,51,Bilangan 3:51,"Kemudian, Musa memberikan uang tebusan itu kepada Harun dan anak-anaknya sesuai dengan firman ALLAH, seperti yang diperintahkan ALLAH kepada Musa.",
Bilangan,4,1,Bilangan 4:1,"ALLAH berfirman kepada Musa dan Harun,",Bani Kehat
Bilangan,4,2,Bilangan 4:2,“Adakanlah cacah jiwa tersendiri atas bani Kehat di antara bani Lewi menurut kaum dan keluarganya.,
Bilangan,4,3,Bilangan 4:3,"Hitunglah orang yang berumur tiga puluh sampai lima puluh tahun, yaitu semua orang yang memenuhi syarat untuk melaksanakan pekerjaan di Kemah Hadirat Allah.",
Bilangan,4,4,Bilangan 4:4,Pekerjaan bani Kehat di Kemah Hadirat Allah adalah mengurus barang-barang yang teramat suci.,
Bilangan,4,5,Bilangan 4:5,"Ketika perkemahan akan berangkat, Harun dan anak-anaknya harus masuk ke dalam untuk menurunkan tabir penyekat dan menudungi tabut loh hukum dengan tabir itu.",
Bilangan,4,6,Bilangan 4:6,"Mereka harus menaruh penutup dari kulit lumba-lumba di atasnya, menghamparkan sehelai kain yang seluruhnya berwarna biru di atas kulit itu, lalu memasang kayu-kayu pengusungnya.",
Bilangan,4,7,Bilangan 4:7,"Di atas meja roti persembahan mereka harus menghamparkan sehelai kain biru dan meletakkan di atasnya pinggan, pedupaan, mangkuk, serta cawan persembahan minuman, selain juga roti persembahan yang harus tetap ada di atasnya.",
Bilangan,4,8,Bilangan 4:8,"Kemudian, mereka harus menghamparkan sehelai kain merah tua di atas semua itu, menudunginya dengan tudung dari kulit lumba-lumba, lalu memasang kayu-kayu pengusungnya.",
Bilangan,4,9,Bilangan 4:9,"Setelah itu, mereka harus mengambil sehelai kain biru untuk menudungi kaki pelita penerang sekaligus dengan pelita-pelitanya, gunting-gunting sumbunya, perbaraan-perbaraannya, dan segala perlengkapan minyak yang digunakan saat bekerja.",
Bilangan,4,10,Bilangan 4:10,Mereka harus membungkus kaki pelita serta segala perlengkapannya dengan kulit lumba-lumba dan meletakkannya di atas usungan.,
Bilangan,4,11,Bilangan 4:11,"Selanjutnya, di atas mazbah yang terbuat dari emas, yaitu tempat pembakaran dupa, mereka harus menghamparkan sehelai kain biru, menudunginya dengan tudung dari kulit lumba-lumba, lalu memasang kayu-kayu pengusungnya.",
Bilangan,4,12,Bilangan 4:12,"Mereka pun harus mengambil segala perlengkapan ibadah yang digunakan di tempat suci, membungkusnya dengan kain biru, menudunginya dengan tudung kulit lumba-lumba, dan meletakkannya di atas usungan.",
Bilangan,4,13,Bilangan 4:13,"Kemudian, mereka harus menyingkirkan abu dari mazbah, yaitu tempat pembakaran kurban, lalu menghamparkan sehelai kain ungu ke atasnya.",
Bilangan,4,14,Bilangan 4:14,"Mereka juga harus meletakkan di atasnya segala perlengkapan yang digunakan untuk peribadatan pada mazbah, yaitu perbaraan, garpu, penyodok, dan bokor. Lalu, mereka harus menghamparkan penutup dari kulit lumba-lumba di atas semua itu, dan memasang kayu-kayu pengusungnya.",
Bilangan,4,15,Bilangan 4:15,"Seusai Harun dan anak-anaknya menudungi barang-barang suci dan segala perlengkapan tempat suci saat perkemahan akan berangkat, barulah bani Kehat boleh datang untuk mengusung semuanya. Akan tetapi, mereka tidak boleh menyentuh barang-barang suci itu supaya jangan mereka mati. Itulah barang-barang di Kemah Hadirat Allah yang harus diusung oleh bani Kehat.",
Bilangan,4,16,Bilangan 4:16,"Sedangkan Eleazar, anak Imam Harun, bertanggung jawab atas minyak untuk penerangan, dupa harum, persembahan bahan makanan yang tetap, dan minyak upacara. Ia bertanggung jawab atas seluruh Kemah Suci dengan segala isinya, yaitu barang-barang suci serta perlengkapannya.”",
Bilangan,4,17,Bilangan 4:17,"ALLAH berfirman kepada Musa dan Harun,",
Bilangan,4,18,Bilangan 4:18,“Jangan biarkan suku Kehat dan kaum-kaumnya lenyap dari antara orang Lewi.,
Bilangan,4,19,Bilangan 4:19,Lakukanlah hal ini bagi mereka supaya mereka tetap hidup dan tidak mati ketika mendekati barang-barang yang teramat suci itu: Harun dan anak-anaknya harus masuk lebih dahulu untuk menentukan pekerjaan mereka masing-masing serta barang-barang yang harus mereka angkut.,
Bilangan,4,20,Bilangan 4:20,"Tetapi, orang Kehat tidak boleh masuk ke dalam untuk melihat barang-barang suci itu sekalipun hanya sesaat supaya jangan mereka mati.”",
Bilangan,4,21,Bilangan 4:21,"ALLAH berfirman kepada Musa,",Bani Gerson dan Bani Merari
Bilangan,4,22,Bilangan 4:22,“Adakanlah pula cacah jiwa atas bani Gerson menurut keluarga dan kaumnya.,
Bilangan,4,23,Bilangan 4:23,"Hitunglah orang yang berumur tiga puluh sampai lima puluh tahun, yaitu semua orang yang memenuhi persyaratan kerja untuk melaksanakan pekerjaan di Kemah Hadirat Allah.",
Bilangan,4,24,Bilangan 4:24,Inilah tugas kaum-kaum bani Gerson dalam hal pekerjaan dan dalam hal barang angkutan:,
Bilangan,4,25,Bilangan 4:25,"Mereka harus mengangkut kain Kemah Suci, Kemah Hadirat Allah dengan penudungnya juga tudung dari kulit lumba-lumba yang ada di atasnya, tirai pintu Kemah Hadirat Allah,",
Bilangan,4,26,Bilangan 4:26,"kain yang memagari pelataran, tirai pintu gerbang pelataran yang mengelilingi Kemah Suci juga mazbah, tali-talinya, dan segala perlengkapan yang dipakai dalam pekerjaan itu. Mereka harus mengerjakan segala tugas yang perlu dilaksanakan sehubungan dengan semua itu.",
Bilangan,4,27,Bilangan 4:27,"Seluruh tugas bani Gerson, baik pengangkutan barang maupun pekerjaan lainnya, harus dilakukan berdasarkan perintah Harun dan anak-anaknya. Kamu harus menetapkan mereka sebagai penanggung jawab atas semua barang yang harus mereka angkut.",
Bilangan,4,28,Bilangan 4:28,"Itulah tugas kaum-kaum bani Gerson di Kemah Hadirat Allah. Kewajiban mereka harus dilaksanakan di bawah pimpinan Itamar, anak Imam Harun.",
Bilangan,4,29,Bilangan 4:29,Bani Merari juga harus kauhitung menurut kaum dan keluarganya.,
Bilangan,4,30,Bilangan 4:30,"Hitunglah orang yang berumur tiga puluh sampai lima puluh tahun, yaitu semua orang yang memenuhi syarat untuk melaksanakan pekerjaan di Kemah Hadirat Allah.",
Bilangan,4,31,Bilangan 4:31,"Sehubungan dengan segala tugas mereka di Kemah Hadirat Allah, inilah barang yang wajib mereka angkut: papan-papan Kemah Suci, kayu-kayu palangnya, tiang-tiang dengan alas-alasnya,",
Bilangan,4,32,Bilangan 4:32,"tiang-tiang sekeliling pelataran dengan alas-alasnya, pancang-pancangnya, tali-talinya, segala perlengkapannya, dan semua yang dipakai dalam pekerjaan itu. Sebutlah nama segala perlengkapan yang wajib mereka angkut.",
Bilangan,4,33,Bilangan 4:33,"Itulah tugas kaum-kaum bani Merari, yaitu segala pekerjaan yang harus mereka laksanakan di Kemah Hadirat Allah di bawah pimpinan Itamar, anak Imam Harun.”",
Bilangan,4,34,Bilangan 4:34,"Maka, Musa, Harun, dan para pemimpin umat menghitung bani Kehat menurut kaum dan keluarganya,",Penghitungan Orang Lewi
Bilangan,4,35,Bilangan 4:35,yaitu orang-orang berumur tiga puluh sampai lima puluh tahun yang memenuhi syarat untuk bekerja di Kemah Hadirat Allah.,
Bilangan,4,36,Bilangan 4:36,Jumlah yang dihitung menurut kaumnya itu adalah 2.750 orang.,
Bilangan,4,37,Bilangan 4:37,"Itulah jumlah penghitungan kaum-kaum bani Kehat, yaitu semua orang yang bekerja di Kemah Hadirat Allah. Mereka dihitung oleh Musa dan Harun sesuai dengan firman ALLAH dengan perantaraan Musa.",
Bilangan,4,38,Bilangan 4:38,"Kemudian, bani Gerson dihitung menurut kaum dan keluarganya,",
Bilangan,4,39,Bilangan 4:39,yaitu orang-orang berumur tiga puluh sampai lima puluh tahun yang memenuhi syarat untuk bekerja di Kemah Hadirat Allah.,
Bilangan,4,40,Bilangan 4:40,Jumlah yang dihitung menurut kaum dan keluarganya adalah 2.630 orang.,
Bilangan,4,41,Bilangan 4:41,"Itulah jumlah penghitungan kaum-kaum bani Gerson, yaitu semua orang yang bekerja di Kemah Hadirat Allah. Mereka dihitung oleh Musa dan Harun sesuai dengan firman ALLAH.",
Bilangan,4,42,Bilangan 4:42,"Selanjutnya, kaum-kaum bani Merari dihitung menurut kaum dan keluarganya,",
Bilangan,4,43,Bilangan 4:43,yaitu orang-orang berumur tiga puluh sampai lima puluh tahun yang memenuhi syarat untuk bekerja di Kemah Hadirat Allah.,
Bilangan,4,44,Bilangan 4:44,Jumlah yang dihitung menurut kaumnya itu adalah 3.200 orang.,
Bilangan,4,45,Bilangan 4:45,Itulah jumlah penghitungan kaum-kaum bani Merari. Mereka dihitung oleh Musa dan Harun sesuai dengan firman ALLAH dengan perantaraan Musa.,
Bilangan,4,46,Bilangan 4:46,"Demikianlah Musa, Harun, dan para pemimpin Israil menghitung jumlah semua orang Lewi menurut kaum dan keluarganya,",
Bilangan,4,47,Bilangan 4:47,yaitu semua orang berumur tiga puluh sampai lima puluh tahun yang memenuhi syarat untuk melaksanakan tugas dan pekerjaan mengangkut barang di Kemah Hadirat Allah.,
Bilangan,4,48,Bilangan 4:48,Jumlah yang dihitung adalah 8.580 orang.,
Bilangan,4,49,Bilangan 4:49,"Berdasarkan firman ALLAH dengan perantaraan Musa, ditetapkanlah bagi mereka pekerjaan serta barang angkutannya masing-masing. Demikianlah mereka dihitung, seperti yang diperintahkan ALLAH kepada Musa.",
Bilangan,5,1,Bilangan 5:1,"ALLAH berfirman kepada Musa,",Hukum tentang Orang-Orang yang Najis
Bilangan,5,2,Bilangan 5:2,"“Perintahkanlah kepada bani Israil supaya mereka menyuruh semua orang yang sakit kusta, yang mengeluarkan lelehan, dan yang najis karena mayat keluar dari perkemahan,",
Bilangan,5,3,Bilangan 5:3,"baik laki-laki maupun perempuan. Suruhlah orang-orang itu keluar dari perkemahan supaya jangan mereka menajiskan perkemahan, tempat Aku bersemayam di tengah-tengah mereka.”",
Bilangan,5,4,Bilangan 5:4,"Maka, bani Israil melaksanakan hal itu. Mereka menyuruh orang-orang itu keluar dari perkemahan. Seperti yang difirmankan ALLAH kepada Musa, demikianlah dilakukan bani Israil.",
Bilangan,5,5,Bilangan 5:5,"ALLAH berfirman kepada Musa,",Hukum tentang Penebusan Kesalahan
Bilangan,5,6,Bilangan 5:6,"“Katakanlah kepada bani Israil, ‘Jika seorang laki-laki atau perempuan melakukan suatu dosa terhadap sesamanya manusia, dan dengan demikian berbuat mungkar terhadap ALLAH, maka orang itu bersalah",
Bilangan,5,7,Bilangan 5:7,"dan harus mengakui dosa yang telah dilakukannya itu. Ia harus membayar tebusan karena kesalahannya itu sepenuhnya ditambah seperlimanya, lalu menyerahkannya kepada orang yang dirugikannya.",
Bilangan,5,8,Bilangan 5:8,"Akan tetapi, jika orang ini tidak mempunyai kerabat yang dapat menerima pembayarannya, maka tebusan kesalahan itu harus dibayarkan kepada ALLAH dengan menyerahkannya kepada imam, selain juga domba jantan pendamaian yang dipakai untuk mengadakan pendamaian baginya.",
Bilangan,5,9,Bilangan 5:9,"Semua persembahan khusus, yaitu semua barang suci yang dipersembahkan bani Israil kepada imam, adalah bagian imam.",
Bilangan,5,10,Bilangan 5:10,"Setiap persembahan suci milik seseorang akan menjadi bagiannya sendiri, tetapi apa yang diberikannya kepada imam akan menjadi bagian imam.’”",
Bilangan,5,11,Bilangan 5:11,"ALLAH berfirman kepada Musa,",Hukum tentang Perkara Kecemburuan
Bilangan,5,12,Bilangan 5:12,"“Berbicaralah kepada bani Israil dan katakan kepada mereka, ‘Seandainya istri seseorang menyeleweng dan berlaku tidak setia kepada suaminya,",
Bilangan,5,13,Bilangan 5:13,"lalu seorang laki-laki lain tidur dengannya tanpa diketahui suaminya dan hal itu tetap tersembunyi. Dengan demikian, ia menajiskan dirinya, namun tidak ada seorang saksi pun yang menentangnya dan ia pun tak tepergoki.",
Bilangan,5,14,Bilangan 5:14,"Kemudian, rasa cemburu menguasai sang suami sehingga ia curiga terhadap istrinya yang memang telah menajiskan diri itu. Atau, seorang suami dikuasai rasa cemburu sehingga ia curiga terhadap istrinya, padahal istrinya itu tidak menajiskan diri.",
Bilangan,5,15,Bilangan 5:15,"Jika demikian halnya, maka sang suami harus membawa istrinya menghadap imam dengan membawa persembahan demi istrinya itu berupa sepersepuluh efa tepung jelai. Ia tidak boleh menuangkan minyak dan menaruh kemenyan ke atasnya, sebab itu adalah persembahan bahan makanan karena rasa cemburu, suatu persembahan pengingat untuk mengingatkan kesalahan.",
Bilangan,5,16,Bilangan 5:16,"Imam harus menyuruh perempuan itu mendekat, lalu menghadapkannya ke hadirat ALLAH.",
Bilangan,5,17,Bilangan 5:17,"Selanjutnya, imam itu harus mengambil air suci dalam sebuah belanga, lalu mengambil debu tanah dari Kemah Hadirat Allah dan membubuhkannya ke dalam air itu.",
Bilangan,5,18,Bilangan 5:18,"Setelah imam menghadapkan perempuan itu ke hadirat ALLAH, ia harus menguraikan rambut perempuan itu dan meletakkan di telapak tangannya persembahan pengingat, yaitu persembahan bahan makanan karena rasa cemburu. Sementara itu, di tangan imam sendiri harus ada air pahit yang mendatangkan kutuk.",
Bilangan,5,19,Bilangan 5:19,"Kemudian, imam harus menyuruh perempuan itu bersumpah dengan berkata kepadanya, “Jika memang tidak ada laki-laki lain yang tidur dengan engkau, dan jika memang engkau tidak menyeleweng serta menajiskan diri sementara engkau berada di bawah wewenang suamimu, maka bebaslah engkau dari air pahit yang mendatangkan kutuk ini.",
Bilangan,5,20,Bilangan 5:20,"Tetapi sebaliknya, jika ternyata engkau telah menyeleweng dan menajiskan diri sementara engkau berada di bawah wewenang suamimu, dan jika seorang laki-laki selain suamimu tidur dengan engkau,”",
Bilangan,5,21,Bilangan 5:21,"kemudian imam harus menyuruh perempuan itu bersumpah dengan sumpah kutuk dan berkata kepada perempuan itu, “kiranya ALLAH membuat engkau menjadi kutuk dan sumpah serapah di tengah-tengah bangsamu ketika ALLAH menyusutkan pahamu serta membuncitkan perutmu.",
Bilangan,5,22,Bilangan 5:22,"Kiranya air yang mendatangkan kutuk ini masuk ke dalam tubuhmu, membuncitkan perutmu, dan menyusutkan pahamu.” Perempuan itu harus berkata, “Amin, amin.”",
Bilangan,5,23,Bilangan 5:23,"Kemudian, imam harus menuliskan kutuk itu di sebuah gulungan kertas, lalu menghapusnya dengan air pahit.",
Bilangan,5,24,Bilangan 5:24,Ia harus menyuruh perempuan itu meminum air pahit yang mendatangkan kutuk itu sehingga air tersebut masuk ke dalam tubuhnya dan menyebabkan rasa sakit yang hebat.,
Bilangan,5,25,Bilangan 5:25,"Setelah itu, imam harus mengambil persembahan bahan makanan karena rasa cemburu dari tangan perempuan itu, lalu mengunjukkannya di hadirat ALLAH serta membawanya ke mazbah, yaitu tempat pembakaran kurban.",
Bilangan,5,26,Bilangan 5:26,"Dari persembahan bahan makanan itu imam harus mengambil segenggam sebagai bagian pengingatnya, lalu membakarnya di atas mazbah. Kemudian, barulah ia menyuruh perempuan itu meminum air tersebut.",
Bilangan,5,27,Bilangan 5:27,"Setelah perempuan itu disuruhnya meminum air tersebut, maka akan tersingkap: Jika perempuan itu ternyata telah menajiskan diri dan tidak setia kepada suaminya, maka air yang mendatangkan kutuk itu, yang masuk ke dalam tubuhnya, akan menyebabkan rasa sakit yang hebat sehingga perutnya membuncit dan pahanya menyusut. Perempuan itu pun akan menjadi kutuk di antara bangsanya.",
Bilangan,5,28,Bilangan 5:28,"Akan tetapi, jika perempuan itu tidak menajiskan diri dan tetap suci, maka ia akan terbebas dan dapat mempunyai anak kelak.",
Bilangan,5,29,Bilangan 5:29,"Itulah hukum tentang kecemburuan, ketika seorang istri menyeleweng dan menajiskan diri sementara ia berada di bawah wewenang suaminya,",
Bilangan,5,30,Bilangan 5:30,atau ketika rasa cemburu menguasai seorang suami sehingga ia curiga terhadap istrinya. Ia harus menghadapkan istrinya ke hadirat ALLAH dan imam harus menjalankan seluruh hukum ini terhadap perempuan itu.,
Bilangan,5,31,Bilangan 5:31,"Suami akan terbebas dari kesalahan, tetapi istrinya harus menanggung kesalahannya.’”",
Bilangan,6,1,Bilangan 6:1,"ALLAH berfirman kepada Musa,",Hukum tentang Orang Nazir
Bilangan,6,2,Bilangan 6:2,"“Berbicaralah kepada bani Israil dan katakan kepada mereka, ‘Jika seorang laki-laki atau perempuan telah mengucapkan nazar khusus, yaitu nazar seorang nazir untuk mengkhususkan dirinya bagi ALLAH,",
Bilangan,6,3,Bilangan 6:3,"maka ia harus menjaga diri dari anggur dan minuman memabukkan. Ia tidak boleh minum cuka anggur atau pun cuka minuman memabukkan, tidak boleh minum berbagai minuman dari buah anggur, juga tidak boleh makan buah anggur, baik yang segar maupun yang kering.",
Bilangan,6,4,Bilangan 6:4,"Selama ia mengkhususkan dirinya, ia tidak boleh makan sesuatu yang berasal dari pokok anggur, bahkan biji atau pun kulitnya.",
Bilangan,6,5,Bilangan 6:5,"Selama ia bernazar sebagai nazir, pisau cukur tidak boleh mengenai kepalanya. Ia suci hingga ia selesai mengkhususkan dirinya bagi ALLAH, dan ia harus membiarkan rambut di kepalanya memanjang.",
Bilangan,6,6,Bilangan 6:6,"Selama ia mengkhususkan dirinya bagi ALLAH, ia tidak boleh mendekati mayat.",
Bilangan,6,7,Bilangan 6:7,"Ia tidak boleh menajiskan diri dengan mendekati jenazah ayahnya, ibunya, saudara laki-lakinya, atau saudara perempuannya jika mereka meninggal karena tanda bahwa ia mengkhususkan dirinya bagi Allah ada pada kepalanya.",
Bilangan,6,8,Bilangan 6:8,"Selama ia mengkhususkan dirinya, ia suci bagi ALLAH.",
Bilangan,6,9,Bilangan 6:9,"Jika seseorang tiba-tiba mati di sisinya hingga rambut tanda kenazirannya menjadi najis, maka ia harus mencukur rambutnya pada hari penyuciannya, yaitu hari ketujuh.",
Bilangan,6,10,Bilangan 6:10,Pada hari kedelapan ia harus membawa dua ekor burung tekukur atau dua ekor anak burung merpati kepada imam di pintu Kemah Hadirat Allah.,
Bilangan,6,11,Bilangan 6:11,"Imam harus mengolah yang seekor menjadi kurban penghapus dosa dan yang seekor lagi menjadi kurban bakaran, lalu mengadakan pendamaian bagi orang itu karena ia telah berdosa karena berada dekat mayat. Pada hari itu juga ia harus menyucikan kepalanya.",
Bilangan,6,12,Bilangan 6:12,"Ia harus kembali mengkhususkan dirinya bagi ALLAH untuk masa kenazirannya, dan harus membawa seekor domba jantan berumur setahun sebagai kurban penebus kesalahan. Hari-hari kenazirannya yang terdahulu dianggap batal karena ia telah menjadi najis.",
Bilangan,6,13,Bilangan 6:13,"Inilah hukum tentang seorang nazir. Apabila masa kenazirannya telah genap, ia harus dibawa ke pintu Kemah Hadirat Allah.",
Bilangan,6,14,Bilangan 6:14,"Ia harus mempersembahkan kepada ALLAH seekor anak domba jantan berumur setahun yang tak bercacat sebagai kurban bakaran, seekor domba betina berumur setahun yang tak bercacat sebagai kurban penghapus dosa, dan seekor domba jantan yang tak bercacat sebagai kurban perdamaian.",
Bilangan,6,15,Bilangan 6:15,"Selain itu, ia juga harus mempersembahkan sebakul roti tak beragi, kue dari tepung terbaik yang dicampur dengan minyak, dan kue tipis tak beragi yang diolesi dengan minyak, bersama-sama dengan persembahan bahan makanan dan persembahan minumannya.",
Bilangan,6,16,Bilangan 6:16,"Kemudian, imam harus membawa semua itu ke hadirat ALLAH dan mengolah kurban penghapus dosa serta kurban bakarannya.",
Bilangan,6,17,Bilangan 6:17,"Ia pun harus mengolah domba jantan itu sebagai kurban perdamaian bagi ALLAH bersama-sama dengan sebakul roti yang tak beragi, dan selanjutnya mengolah persembahan bahan makanan serta persembahan minumannya.",
Bilangan,6,18,Bilangan 6:18,"Kemudian, nazir itu harus mencukur rambut kepala tanda kenazirannya di depan pintu Kemah Hadirat Allah. Ia juga harus mengambil rambut kepala tanda kenazirannya itu, lalu menaruhnya dalam api di bawah kurban perdamaian.",
Bilangan,6,19,Bilangan 6:19,"Imam harus mengambil bahu domba jantan yang sudah direbus, satu kue tak beragi dari dalam bakul, dan satu kue tipis tak beragi, lalu meletakkannya di telapak tangan nazir setelah ia mencukur rambut kepala tanda kenazirannya.",
Bilangan,6,20,Bilangan 6:20,"Kemudian, imam harus mengunjukkan semua itu di hadirat ALLAH sebagai persembahan unjukan. Itulah yang menjadi bagian suci bagi imam bersama-sama dengan dada persembahan unjukan dan paha persembahan khusus. Setelah itu, barulah nazir itu boleh minum anggur.",
Bilangan,6,21,Bilangan 6:21,"Itulah hukum tentang seorang nazir, yang menazarkan persembahannya kepada ALLAH karena kenazirannya, belum termasuk hal lain yang mampu dipersembahkannya. Berdasarkan nazar yang diucapkannya, demikianlah harus dilakukannya sesuai dengan hukum kenaziran.’”",
Bilangan,6,22,Bilangan 6:22,"ALLAH berfirman kepada Musa,",Ucapan Berkah Imam
Bilangan,6,23,Bilangan 6:23,"“Katakanlah kepada Harun dan kepada anak-anaknya, ‘Beginilah kamu harus memohonkan berkah bagi bani Israil. Katakanlah kepada mereka,",
Bilangan,6,24,Bilangan 6:24,“ALLAH memberkahi engkau dan melindungi engkau.,
Bilangan,6,25,Bilangan 6:25,ALLAH menyinari engkau dengan wajah-Nya dan memberi engkau rahmat.,
Bilangan,6,26,Bilangan 6:26,ALLAH menghadapkan wajah-Nya kepadamu dan memberi engkau kedamaian.”’,
Bilangan,6,27,Bilangan 6:27,Demikianlah mereka harus menyebutkan nama-Ku atas bani Israil maka Aku akan memberkahi mereka.”,
Bilangan,7,1,Bilangan 7:1,"Setelah Musa selesai mendirikan Kemah Suci, ia meminyaki Kemah itu beserta segala perlengkapannya untuk menyucikannya, demikian juga mazbah atau tempat pembakaran kurban beserta segala perlengkapannya.",Persembahan Saat Peresmian Kemah Suci
Bilangan,7,2,Bilangan 7:2,"Kemudian, para pemimpin Israil, yaitu para kepala kaum keluarga mereka, membawa persembahan mereka. Mereka adalah para pemimpin suku yang bertugas melaksanakan penghitungan.",
Bilangan,7,3,Bilangan 7:3,Persembahan yang mereka bawa ke hadirat ALLAH adalah enam buah kereta beratap dan dua belas ekor sapi—satu kereta dari dua orang pemimpin dan satu ekor sapi dari masing-masing pemimpin. Semua itu mereka persembahkan di depan Kemah Suci.,
Bilangan,7,4,Bilangan 7:4,"Berfirmanlah ALLAH kepada Musa,",
Bilangan,7,5,Bilangan 7:5,“Terimalah semua itu dari mereka supaya dapat dipakai bagi pekerjaan di Kemah Hadirat Allah. Serahkanlah semuanya kepada orang Lewi sesuai dengan pekerjaan mereka masing-masing.”,
Bilangan,7,6,Bilangan 7:6,"Maka, Musa menerima kereta-kereta dan sapi-sapi itu, lalu menyerahkannya kepada orang Lewi.",
Bilangan,7,7,Bilangan 7:7,"Dua buah kereta dan empat ekor sapi diserahkannya kepada bani Gerson sesuai dengan pekerjaan mereka,",
Bilangan,7,8,Bilangan 7:8,"sedangkan empat buah kereta dan delapan ekor sapi lainnya diserahkannya kepada bani Merari sesuai dengan pekerjaan mereka di bawah pimpinan Itamar, anak Imam Harun.",
Bilangan,7,9,Bilangan 7:9,"Akan tetapi, ia tidak menyerahkan apa pun kepada bani Kehat karena pekerjaan mereka adalah mengurusi barang-barang suci yang harus mereka usung di bahu.",
Bilangan,7,10,Bilangan 7:10,Para pemimpin itu juga membawa persembahan untuk peresmian mazbah pada hari mazbah itu diminyaki. Persembahan itu mereka bawa ke depan mazbah.,
Bilangan,7,11,Bilangan 7:11,"ALLAH berfirman kepada Musa, “Setiap hari satu pemimpin harus membawa persembahannya untuk peresmian mazbah itu.”",
Bilangan,7,12,Bilangan 7:12,Orang yang membawa persembahannya pada hari pertama adalah Nahason bin Aminadab dari suku Yuda.,
Bilangan,7,13,Bilangan 7:13,"Persembahannya berupa sebuah pinggan perak seberat seratus tiga puluh syikal dan sebuah bokor perak seberat tujuh puluh syikal menurut syikal resmi Kemah Suci (keduanya berisi tepung terbaik yang dicampur dengan minyak untuk persembahan bahan makanan),",
Bilangan,7,14,Bilangan 7:14,"sebuah pedupaan emas seberat sepuluh syikal berisi dupa,",
Bilangan,7,15,Bilangan 7:15,"seekor sapi jantan muda, seekor domba jantan, seekor anak domba jantan berumur setahun untuk kurban bakaran,",
Bilangan,7,16,Bilangan 7:16,dan seekor kambing jantan untuk kurban penghapus dosa.,
Bilangan,7,17,Bilangan 7:17,"Sedangkan untuk kurban perdamaian adalah dua ekor sapi, lima ekor domba jantan, lima ekor kambing jantan, dan lima ekor anak domba jantan berumur setahun. Itulah persembahan Nahason bin Aminadab.",
Bilangan,7,18,Bilangan 7:18,"Pada hari kedua giliran Netaneel bin Zuar, pemimpin Isakhar, membawa persembahan.",
Bilangan,7,19,Bilangan 7:19,"Sebagai persembahannya ia membawa sebuah pinggan perak seberat seratus tiga puluh syikal dan sebuah bokor perak seberat tujuh puluh syikal menurut syikal resmi Kemah Suci (keduanya berisi tepung terbaik yang dicampur dengan minyak untuk persembahan bahan makanan),",
Bilangan,7,20,Bilangan 7:20,"sebuah pedupaan emas seberat sepuluh syikal berisi dupa,",
Bilangan,7,21,Bilangan 7:21,"seekor sapi jantan muda, seekor domba jantan, seekor anak domba jantan berumur setahun untuk kurban bakaran,",
Bilangan,7,22,Bilangan 7:22,dan seekor kambing jantan untuk kurban penghapus dosa.,
Bilangan,7,23,Bilangan 7:23,"Sedangkan untuk kurban perdamaian adalah dua ekor sapi, lima ekor domba jantan, lima ekor kambing jantan, dan lima ekor anak domba jantan berumur setahun. Itulah persembahan Netaneel bin Zuar.",
Bilangan,7,24,Bilangan 7:24,"Hari ketiga giliran Eliab bin Helon, pemimpin bani Zebulon.",
Bilangan,7,25,Bilangan 7:25,"Persembahannya berupa sebuah pinggan perak seberat seratus tiga puluh syikal dan sebuah bokor perak seberat tujuh puluh syikal menurut syikal resmi Kemah Suci (keduanya berisi tepung terbaik yang dicampur dengan minyak untuk persembahan bahan makanan),",
Bilangan,7,26,Bilangan 7:26,"sebuah pedupaan emas seberat sepuluh syikal berisi dupa,",
Bilangan,7,27,Bilangan 7:27,"seekor sapi jantan muda, seekor domba jantan, seekor anak domba jantan berumur setahun untuk kurban bakaran,",
Bilangan,7,28,Bilangan 7:28,dan seekor kambing jantan untuk kurban penghapus dosa.,
Bilangan,7,29,Bilangan 7:29,"Sedangkan untuk kurban perdamaian adalah dua ekor sapi, lima ekor domba jantan, lima ekor kambing jantan, dan lima ekor anak domba jantan berumur setahun. Itulah persembahan Eliab bin Helon.",
Bilangan,7,30,Bilangan 7:30,"Hari keempat giliran Elizur bin Syedeur, pemimpin bani Ruben.",
Bilangan,7,31,Bilangan 7:31,"Persembahannya berupa sebuah pinggan perak seberat seratus tiga puluh syikal dan sebuah bokor perak seberat tujuh puluh syikal menurut syikal resmi Kemah Suci (keduanya berisi tepung terbaik yang dicampur dengan minyak untuk persembahan bahan makanan),",
Bilangan,7,32,Bilangan 7:32,"sebuah pedupaan emas seberat sepuluh syikal berisi dupa,",
Bilangan,7,33,Bilangan 7:33,"seekor sapi jantan muda, seekor domba jantan, dan seekor anak domba jantan berumur setahun untuk kurban bakaran,",
Bilangan,7,34,Bilangan 7:34,dan seekor kambing jantan untuk kurban penghapus dosa.,
Bilangan,7,35,Bilangan 7:35,"Sedangkan untuk kurban perdamaian adalah dua ekor sapi, lima ekor domba jantan, lima ekor kambing jantan, dan lima ekor anak domba jantan berumur setahun. Itulah persembahan Elizur bin Syedeur.",
Bilangan,7,36,Bilangan 7:36,"Hari kelima giliran Selumiel bin Zurisyadai, pemimpin bani Simeon.",
Bilangan,7,37,Bilangan 7:37,"Persembahannya berupa sebuah pinggan perak seberat seratus tiga puluh syikal dan sebuah bokor perak seberat tujuh puluh syikal menurut syikal resmi Kemah Suci (keduanya berisi tepung terbaik yang dicampur dengan minyak untuk persembahan bahan makanan),",
Bilangan,7,38,Bilangan 7:38,"sebuah pedupaan emas seberat sepuluh syikal berisi dupa,",
Bilangan,7,39,Bilangan 7:39,"seekor sapi jantan muda, seekor domba jantan, seekor anak domba jantan berumur setahun untuk kurban bakaran,",
Bilangan,7,40,Bilangan 7:40,dan seekor kambing jantan untuk kurban penghapus dosa.,
Bilangan,7,41,Bilangan 7:41,"Sedangkan untuk kurban perdamaian adalah dua ekor sapi, lima ekor domba jantan, lima ekor kambing jantan, dan lima ekor anak domba jantan berumur setahun. Itulah persembahan Selumiel bin Zurisyadai.",
Bilangan,7,42,Bilangan 7:42,"Hari keenam giliran Elyasaf bin Rehuel, pemimpin bani Gad.",
Bilangan,7,43,Bilangan 7:43,"Persembahannya berupa sebuah pinggan perak seberat seratus tiga puluh syikal dan sebuah bokor perak seberat tujuh puluh syikal menurut syikal resmi Kemah Suci (keduanya berisi tepung terbaik yang dicampur dengan minyak untuk persembahan bahan makanan),",
Bilangan,7,44,Bilangan 7:44,"sebuah pedupaan emas seberat sepuluh syikal berisi dupa,",
Bilangan,7,45,Bilangan 7:45,"seekor sapi jantan muda, seekor domba jantan, seekor anak domba jantan berumur setahun untuk kurban bakaran,",
Bilangan,7,46,Bilangan 7:46,dan seekor kambing jantan untuk kurban penghapus dosa.,
Bilangan,7,47,Bilangan 7:47,"Sedangkan untuk kurban perdamaian adalah dua ekor sapi, lima ekor domba jantan, lima ekor kambing jantan, dan lima ekor anak domba jantan berumur setahun. Itulah persembahan Elyasaf bin Rehuel.",
Bilangan,7,48,Bilangan 7:48,"Hari ketujuh giliran Elisama bin Amihud, pemimpin bani Efraim.",
Bilangan,7,49,Bilangan 7:49,"Persembahannya berupa sebuah pinggan perak seberat seratus tiga puluh syikal dan sebuah bokor perak seberat tujuh puluh syikal menurut syikal resmi Kemah Suci (keduanya berisi tepung terbaik yang dicampur dengan minyak untuk persembahan bahan makanan),",
Bilangan,7,50,Bilangan 7:50,"sebuah pedupaan emas seberat sepuluh syikal berisi dupa,",
Bilangan,7,51,Bilangan 7:51,"seekor sapi jantan muda, seekor domba jantan, seekor anak domba jantan berumur setahun untuk kurban bakaran,",
Bilangan,7,52,Bilangan 7:52,dan seekor kambing jantan untuk kurban penghapus dosa.,
Bilangan,7,53,Bilangan 7:53,"Sedangkan untuk kurban perdamaian adalah dua ekor sapi, lima ekor domba jantan, lima ekor kambing jantan, dan lima ekor anak domba jantan berumur setahun. Itulah persembahan Elisama bin Amihud.",
Bilangan,7,54,Bilangan 7:54,"Hari kedelapan giliran Gamaliel bin Pedazur, pemimpin bani Manasye.",
Bilangan,7,55,Bilangan 7:55,"Persembahannya berupa sebuah pinggan perak seberat seratus tiga puluh syikal dan sebuah bokor perak seberat tujuh puluh syikal menurut syikal resmi Kemah Suci (keduanya berisi tepung terbaik yang dicampur dengan minyak untuk persembahan bahan makanan),",
Bilangan,7,56,Bilangan 7:56,"sebuah pedupaan emas seberat sepuluh syikal berisi dupa,",
Bilangan,7,57,Bilangan 7:57,"seekor sapi jantan muda, seekor domba jantan, seekor anak domba jantan berumur setahun untuk kurban bakaran,",
Bilangan,7,58,Bilangan 7:58,dan seekor kambing jantan untuk kurban penghapus dosa.,
Bilangan,7,59,Bilangan 7:59,"Sedangkan untuk kurban perdamaian adalah dua ekor sapi, lima ekor domba jantan, lima ekor kambing jantan, dan lima ekor anak domba jantan berumur setahun. Itulah persembahan Gamaliel bin Pedazur.",
Bilangan,7,60,Bilangan 7:60,"Hari kesembilan giliran Abidan bin Gideoni, pemimpin bani Binyamin.",
Bilangan,7,61,Bilangan 7:61,"Persembahannya berupa sebuah pinggan perak seberat seratus tiga puluh syikal dan sebuah bokor perak seberat tujuh puluh syikal menurut syikal resmi Kemah Suci (keduanya berisi tepung terbaik yang dicampur dengan minyak untuk persembahan bahan makanan),",
Bilangan,7,62,Bilangan 7:62,"sebuah pedupaan emas seberat sepuluh syikal berisi dupa,",
Bilangan,7,63,Bilangan 7:63,"seekor sapi jantan muda, seekor domba jantan, seekor anak domba jantan berumur setahun untuk kurban bakaran,",
Bilangan,7,64,Bilangan 7:64,dan seekor kambing jantan untuk kurban penghapus dosa.,
Bilangan,7,65,Bilangan 7:65,"Sedangkan untuk kurban perdamaian adalah dua ekor sapi, lima ekor domba jantan, lima ekor kambing jantan, dan lima ekor anak domba jantan berumur setahun. Itulah persembahan Abidan bin Gideoni.",
Bilangan,7,66,Bilangan 7:66,"Hari kesepuluh giliran Ahiezer bin Amisyadai, pemimpin bani Dan.",
Bilangan,7,67,Bilangan 7:67,"Persembahannya berupa sebuah pinggan perak seberat seratus tiga puluh syikal dan sebuah bokor perak seberat tujuh puluh syikal menurut syikal resmi Kemah Suci (keduanya berisi tepung terbaik yang dicampur dengan minyak untuk persembahan bahan makanan),",
Bilangan,7,68,Bilangan 7:68,"sebuah pedupaan emas seberat sepuluh syikal berisi dupa,",
Bilangan,7,69,Bilangan 7:69,"seekor sapi jantan muda, seekor domba jantan, seekor anak domba jantan berumur setahun untuk kurban bakaran,",
Bilangan,7,70,Bilangan 7:70,dan seekor kambing jantan untuk kurban penghapus dosa.,
Bilangan,7,71,Bilangan 7:71,"Sedangkan untuk kurban perdamaian adalah dua ekor sapi, lima ekor domba jantan, lima ekor kambing jantan, dan lima ekor anak domba jantan berumur setahun. Itulah persembahan Ahiezer bin Amisyadai.",
Bilangan,7,72,Bilangan 7:72,"Hari kesebelas giliran Pagiel bin Okhran, pemimpin bani Asyer.",
Bilangan,7,73,Bilangan 7:73,"Persembahannya berupa sebuah pinggan perak seberat seratus tiga puluh syikal dan sebuah bokor perak seberat tujuh puluh syikal menurut syikal resmi Kemah Suci (keduanya berisi tepung terbaik yang dicampur dengan minyak untuk persembahan bahan makanan),",
Bilangan,7,74,Bilangan 7:74,"sebuah pedupaan emas seberat sepuluh syikal berisi dupa,",
Bilangan,7,75,Bilangan 7:75,"seekor sapi jantan muda, seekor domba jantan, seekor anak domba jantan berumur setahun untuk kurban bakaran,",
Bilangan,7,76,Bilangan 7:76,dan seekor kambing jantan untuk kurban penghapus dosa.,
Bilangan,7,77,Bilangan 7:77,"Sedangkan untuk kurban perdamaian adalah dua ekor sapi, lima ekor domba jantan, lima ekor kambing jantan, dan lima ekor anak domba jantan berumur setahun. Itulah persembahan Pagiel bin Okhran.",
Bilangan,7,78,Bilangan 7:78,"Hari kedua belas giliran Ahira bin Enan, pemimpin bani Naftali.",
Bilangan,7,79,Bilangan 7:79,"Persembahannya berupa sebuah pinggan perak seberat seratus tiga puluh syikal dan sebuah bokor perak seberat tujuh puluh syikal menurut syikal resmi Kemah Suci (keduanya berisi tepung terbaik yang dicampur dengan minyak untuk persembahan bahan makanan),",
Bilangan,7,80,Bilangan 7:80,"sebuah pedupaan emas seberat sepuluh syikal berisi dupa,",
Bilangan,7,81,Bilangan 7:81,"seekor sapi jantan muda, seekor domba jantan, seekor anak domba jantan berumur setahun untuk kurban bakaran,",
Bilangan,7,82,Bilangan 7:82,dan seekor kambing jantan untuk kurban penghapus dosa.,
Bilangan,7,83,Bilangan 7:83,"Sedangkan untuk kurban perdamaian adalah dua ekor sapi, lima ekor domba jantan, lima ekor kambing jantan, dan lima ekor anak domba jantan berumur setahun. Itulah persembahan Ahira bin Enan.",
Bilangan,7,84,Bilangan 7:84,"Itulah persembahan dari para pemimpin Israil untuk peresmian mazbah ketika mazbah itu diminyaki. Persembahan mereka berupa 12 buah pinggan perak, 12 buah bokor perak, 12 buah pedupaan emas.",
Bilangan,7,85,Bilangan 7:85,"Masing-masing pinggan perak 130 syikal beratnya dan masing-masing bokor 70 syikal beratnya. Jadi, seluruh perlengkapan perak itu 2.400 syikal beratnya menurut syikal resmi Kemah Suci.",
Bilangan,7,86,Bilangan 7:86,"Sedangkan 12 buah pedupaan emas berisi dupa itu masing-masing 10 syikal beratnya menurut syikal resmi Kemah Suci. Jadi, seluruh emas pedupaan itu 120 syikal beratnya.",
Bilangan,7,87,Bilangan 7:87,"Jumlah segala ternak untuk kurban bakaran adalah 12 ekor sapi jantan, 12 ekor domba jantan, dan 12 ekor anak domba jantan berumur setahun dengan persembahan bahan makanannya. Sedangkan kambing jantan untuk kurban penghapus dosa berjumlah 12 ekor.",
Bilangan,7,88,Bilangan 7:88,"Kemudian, jumlah segala ternak untuk kurban perdamaian adalah 24 ekor sapi jantan, 60 ekor domba jantan, 60 ekor kambing jantan, dan 60 ekor anak domba jantan berumur setahun. Itulah persembahan untuk peresmian mazbah, sesudah mazbah itu diminyaki.",
Bilangan,7,89,Bilangan 7:89,"Apabila Musa masuk ke dalam Kemah Hadirat Allah untuk berbicara dengan-Nya, ia mendengar suara yang berfirman kepadanya dari antara kedua kerub, di sebelah atas tutup tabut loh hukum, yaitu tempat pendamaian. Demikianlah Allah berfirman kepadanya.",
Bilangan,8,1,Bilangan 8:1,"ALLAH berfirman kepada Musa,",Kaki Pelita
Bilangan,8,2,Bilangan 8:2,"“Berbicaralah kepada Harun dan katakan kepadanya, ‘Apabila engkau memasang pelita-pelita, maka ketujuh pelita itu harus menerangi tempat di depan kaki pelita.’”",
Bilangan,8,3,Bilangan 8:3,"Maka, Harun pun melaksanakannya. Ia memasang pelita-pelita itu sedemikian rupa hingga menerangi tempat di depan kaki pelita, seperti yang diperintahkan ALLAH kepada Musa.",
Bilangan,8,4,Bilangan 8:4,"Kaki pelita itu, dari bagian dasar hingga bunga-bunganya, semuanya terbuat dari emas tempaan. Seperti contoh yang diperlihatkan ALLAH kepada Musa, demikianlah ia membuat kaki pelita itu.",
Bilangan,8,5,Bilangan 8:5,"ALLAH berfirman kepada Musa,",Pelantikan Orang Lewi
Bilangan,8,6,Bilangan 8:6,“Pisahkanlah orang Lewi dari antara bani Israil dan sucikanlah mereka.,
Bilangan,8,7,Bilangan 8:7,"Beginilah harus kaulakukan atas mereka untuk menyucikan mereka: Percikkanlah pada mereka air penyucian, lalu suruhlah mereka mencukur sekujur tubuhnya dan mencuci pakaiannya. Dengan demikian, mereka suci.",
Bilangan,8,8,Bilangan 8:8,"Kemudian, mereka harus mengambil seekor sapi jantan muda beserta persembahan bahan makanannya dari tepung terbaik yang dicampur dengan minyak. Engkau pun harus mengambil seekor sapi jantan muda lainnya untuk kurban penghapus dosa.",
Bilangan,8,9,Bilangan 8:9,"Setelah itu, bawalah orang Lewi mendekat ke depan Kemah Hadirat Allah dan kumpulkanlah seluruh umat bani Israil.",
Bilangan,8,10,Bilangan 8:10,"Ketika engkau memperhadapkan orang Lewi ke hadirat ALLAH, haruslah bani Israil meletakkan tangan mereka atas orang Lewi itu,",
Bilangan,8,11,Bilangan 8:11,dan haruslah Harun mengunjukkan orang Lewi itu di hadirat ALLAH sebagai persembahan unjukan dari bani Israil supaya mereka dapat melaksanakan pekerjaan bagi ALLAH.,
Bilangan,8,12,Bilangan 8:12,"Kemudian, orang Lewi harus meletakkan tangan mereka di atas kepala sapi-sapi jantan muda tadi. Olahlah yang seekor sebagai kurban penghapus dosa dan yang seekor lagi sebagai kurban bakaran untuk dipersembahkan kepada ALLAH, demi mengadakan pendamaian bagi orang Lewi.",
Bilangan,8,13,Bilangan 8:13,"Selanjutnya, hadapkanlah orang Lewi kepada Harun dan kepada anak-anak Harun, lalu unjukkanlah mereka kepada ALLAH sebagai persembahan unjukan.",
Bilangan,8,14,Bilangan 8:14,"Demikianlah harus kaupisahkan orang Lewi dari tengah-tengah bani Israil, dan orang Lewi itu menjadi kepunyaan-Ku.",
Bilangan,8,15,Bilangan 8:15,"Setelah itu, barulah orang Lewi boleh masuk untuk melaksanakan pekerjaannya di Kemah Hadirat Allah, yaitu setelah engkau menyucikan mereka dan mempersembahkan mereka sebagai persembahan unjukan.",
Bilangan,8,16,Bilangan 8:16,"Mereka harus diserahkan sepenuhnya kepada-Ku dari antara bani Israil karena Aku telah mengambil mereka bagi-Ku sebagai ganti semua yang pertama lahir, yaitu semua anak sulung di antara bani Israil.",
Bilangan,8,17,Bilangan 8:17,"Semua anak sulung di antara bani Israil adalah kepunyaan-Ku, baik manusia maupun hewan. Aku telah mengkhususkan mereka bagi-Ku pada waktu Aku menewaskan semua anak sulung di Tanah Mesir,",
Bilangan,8,18,Bilangan 8:18,dan Aku mengambil orang Lewi sebagai ganti semua anak sulung di antara bani Israil.,
Bilangan,8,19,Bilangan 8:19,"Selanjutnya, Aku menyerahkan orang Lewi sebagai pemberian bagi Harun dan anak-anaknya dari tengah-tengah bani Israil untuk melaksanakan pekerjaan bagi bani Israil di Kemah Hadirat Allah dan untuk mengadakan pendamaian bagi bani Israil supaya jangan bani Israil terkena tulah apabila mereka mendekati tempat suci.”",
Bilangan,8,20,Bilangan 8:20,"Maka, Musa, Harun, dan seluruh umat bani Israil berbuat demikian terhadap orang Lewi. Seperti semua yang diperintahkan ALLAH kepada Musa mengenai orang Lewi, demikianlah dilakukan bani Israil atas mereka.",
Bilangan,8,21,Bilangan 8:21,"Orang Lewi pun menyucikan dirinya dari dosa serta mencuci pakaiannya, lalu Harun mempersembahkan mereka sebagai persembahan unjukan di hadirat ALLAH dan mengadakan pendamaian bagi mereka untuk menyucikan mereka.",
Bilangan,8,22,Bilangan 8:22,"Setelah itu, barulah orang Lewi boleh masuk untuk melaksanakan pekerjaan mereka di Kemah Hadirat Allah di bawah pengawasan Harun dan anak-anaknya. Seperti yang diperintahkan ALLAH kepada Musa mengenai orang Lewi, demikianlah dilakukan atas mereka.",
Bilangan,8,23,Bilangan 8:23,"ALLAH berfirman kepada Musa,",Awal dan Akhir Masa Kerja Orang Lewi
Bilangan,8,24,Bilangan 8:24,“Inilah yang berlaku bagi orang Lewi: Setiap orang yang berumur dua puluh lima tahun ke atas harus mengambil bagian dalam pengerjaan tugas di Kemah Hadirat Allah.,
Bilangan,8,25,Bilangan 8:25,Sedangkan mereka yang telah berumur lima puluh tahun harus berhenti dari tugasnya dan jangan bekerja lagi.,
Bilangan,8,26,Bilangan 8:26,"Namun, mereka boleh membantu saudara-saudaranya di Kemah Hadirat Allah yang sedang menunaikan kewajiban mereka, hanya tidak usah lagi melaksanakan pekerjaan-pekerjaan itu. Demikianlah kewajiban-kewajiban yang harus kautugaskan kepada orang Lewi.”",
Bilangan,9,1,Bilangan 9:1,"ALLAH berfirman kepada Musa di Padang Belantara Sinai dalam bulan pertama pada tahun kedua setelah mereka keluar dari Tanah Mesir,",Ketetapan-Ketetapan tentang Perayaan Paskah
Bilangan,9,2,Bilangan 9:2,“Bani Israil harus merayakan Paskah pada waktu yang sudah ditetapkan.,
Bilangan,9,3,Bilangan 9:3,"Rayakanlah pada waktu yang ditetapkan, yaitu saat magrib di hari keempat belas bulan ini, menurut segala ketetapan dan peraturannya.”",
Bilangan,9,4,Bilangan 9:4,"Maka, Musa menyuruh bani Israil merayakan Paskah.",
Bilangan,9,5,Bilangan 9:5,"Mereka merayakan Paskah pada hari keempat belas dalam bulan pertama, saat magrib, di Padang Belantara Sinai. Sesuai dengan semua yang diperintahkan ALLAH kepada Musa, demikianlah dilakukan bani Israil.",
Bilangan,9,6,Bilangan 9:6,"Namun, ada beberapa orang yang najis karena telah menyentuh mayat sehingga tidak dapat merayakan Paskah pada hari itu. Mereka datang menghadap Musa dan Harun pada hari itu juga,",
Bilangan,9,7,Bilangan 9:7,"lalu berkata kepada Musa, “Kami memang najis karena telah menyentuh mayat, tetapi mengapa kami dicegah untuk mempersembahkan persembahan kepada ALLAH di antara bani Israil pada waktu yang ditetapkan?”",
Bilangan,9,8,Bilangan 9:8,"Jawab Musa kepada mereka, “Tunggulah dahulu, aku akan mendengar apa yang diperintahkan ALLAH mengenai kamu.”",
Bilangan,9,9,Bilangan 9:9,"Maka, berfirmanlah ALLAH kepada Musa,",
Bilangan,9,10,Bilangan 9:10,"“Katakanlah kepada bani Israil, ‘Jika ada seseorang di antara kamu atau di antara keturunanmu najis karena menyentuh mayat atau berada dalam perjalanan jauh, ia juga harus merayakan Paskah bagi ALLAH.",
Bilangan,9,11,Bilangan 9:11,"Mereka harus merayakannya pada hari keempat belas dalam bulan kedua saat magrib, dan mereka harus memakan kurban Paskah dengan roti yang tak beragi dan sayur pahit.",
Bilangan,9,12,Bilangan 9:12,"Mereka tidak boleh menyisakan apa pun sampai pagi hari, dan satu tulang pun tidak boleh mereka patahkan. Menurut segala ketetapan Paskah, begitulah mereka harus merayakannya.",
Bilangan,9,13,Bilangan 9:13,"Sebaliknya, jika ada orang yang suci dan tidak sedang dalam perjalanan, tetapi lalai merayakan Paskah, maka orang itu harus disingkirkan dari antara bangsanya sebab ia tidak mempersembahkan persembahan kepada ALLAH pada waktu yang ditetapkan. Jadi, ia harus menanggung dosanya.",
Bilangan,9,14,Bilangan 9:14,"Jika seorang pendatang yang tinggal di antaramu hendak merayakan Paskah bagi ALLAH, maka ia harus merayakannya menurut ketetapan dan peraturan Paskah. Satu ketetapan berlaku bagi kamu, baik bagi pendatang maupun bagi warga asli.’”",
Bilangan,9,15,Bilangan 9:15,"Pada hari Kemah Suci didirikan, yaitu kemah loh hukum, awan menutupi Kemah Suci itu. Sedangkan pada waktu magrib hingga pagi hari di atas Kemah Suci ada sesuatu yang tampak seperti api.",Tiang Awan Memimpin Perjalanan Bani Israil
Bilangan,9,16,Bilangan 9:16,"Demikianlah selalu terjadi: Awan menutupi Kemah itu, dan pada malam hari sesuatu yang tampak seperti api.",
Bilangan,9,17,Bilangan 9:17,"Apabila awan itu terangkat dari atas kemah, maka bani Israil pun berangkat, dan di mana saja awan itu berhenti, di situ pulalah bani Israil berkemah.",
Bilangan,9,18,Bilangan 9:18,"Berdasarkan firman ALLAH bani Israil berangkat dan berdasarkan firman ALLAH jugalah mereka berkemah. Selama awan itu diam di atas Kemah Suci, mereka pun tetap berkemah.",
Bilangan,9,19,Bilangan 9:19,"Apabila awan itu berhenti cukup lama di atas Kemah Suci, maka bani Israil menunaikan kewajiban mereka terhadap ALLAH dan tidak berangkat.",
Bilangan,9,20,Bilangan 9:20,"Kadang-kadang awan itu hanya berhenti beberapa hari di atas Kemah Suci. Jadi, berdasarkan firman ALLAH mereka berkemah dan berdasarkan firman ALLAH jugalah mereka berangkat.",
Bilangan,9,21,Bilangan 9:21,"Kadang-kadang awan itu berhenti dari petang sampai pagi, dan ketika awan itu terangkat pada pagi harinya, mereka pun berangkat. Baik siang atau pun malam, apabila awan itu terangkat, mereka pun berangkat.",
Bilangan,9,22,Bilangan 9:22,"Entah dua hari, sebulan, atau lebih lama lagi awan itu berhenti di atas Kemah Suci, bani Israil akan tetap berkemah dan tidak akan berangkat. Tetapi sebaliknya, apabila awan itu naik, barulah mereka berangkat.",
Bilangan,9,23,Bilangan 9:23,Berdasarkan firman ALLAH mereka berkemah dan berdasarkan firman ALLAH jugalah mereka berangkat. Mereka menunaikan kewajiban mereka terhadap ALLAH berdasarkan firman ALLAH dengan perantaraan Musa.,
Bilangan,10,1,Bilangan 10:1,"ALLAH berfirman kepada Musa,",Semboyan Nafiri
Bilangan,10,2,Bilangan 10:2,"“Buatlah dua buah nafiri dari perak tempaan, lalu gunakanlah nafiri itu untuk memanggil umat serta untuk menyuruh laskar-laskarnya berangkat.",
Bilangan,10,3,Bilangan 10:3,"Apabila keduanya ditiup, maka seluruh umat harus berkumpul menghadap engkau di depan pintu Kemah Hadirat Allah.",
Bilangan,10,4,Bilangan 10:4,"Tetapi, jika hanya satu yang ditiup maka para pemimpin, yaitu para kepala kaum bani Israil sajalah yang harus berkumpul menghadap engkau.",
Bilangan,10,5,Bilangan 10:5,"Apabila tanda semboyan ditiup, maka laskar-laskar yang berkemah di sebelah timur harus berangkat,",
Bilangan,10,6,Bilangan 10:6,"dan apabila tanda semboyan ditiup untuk kedua kalinya, maka laskar-laskar yang berkemah di sebelah selatanlah yang harus berangkat. Jadi, tanda semboyan harus ditiup apabila perjalanan hendak dilanjutkan.",
Bilangan,10,7,Bilangan 10:7,"Sedangkan, apabila jemaah hendak dikumpulkan, maka nafiri harus ditiup tanpa tanda semboyan.",
Bilangan,10,8,Bilangan 10:8,Nafiri-nafiri itu harus ditiup oleh anak-anak Imam Harun. Itu adalah suatu ketetapan untuk seterusnya bagi kamu turun-temurun.,
Bilangan,10,9,Bilangan 10:9,"Apabila kamu pergi berperang di negerimu menghadapi lawan yang menyesakkan kamu, bunyikanlah tanda semboyan dengan nafiri. Dengan begitu kamu akan diingat di hadirat ALLAH, Tuhanmu, dan akan diselamatkan dari musuh-musuhmu.",
Bilangan,10,10,Bilangan 10:10,"Demikian pula pada masa kamu bersukaria, yaitu pada hari-hari rayamu dan pada awal-awal bulanmu, tiuplah nafiri mengiringi persembahan kurban bakaranmu dan kurban perdamaianmu maka kamu akan diingat di hadirat Tuhanmu. Akulah ALLAH, Tuhanmu.”",
Bilangan,10,11,Bilangan 10:11,"Dalam tahun kedua, tepatnya di bulan kedua pada hari kedua puluh, awan terangkat dari atas Kemah Suci tempat loh hukum.",Berangkat dari Gunung Sinai
Bilangan,10,12,Bilangan 10:12,"Bani Israil pun berangkat dari Padang Belantara Sinai menurut tahapan perjalanan mereka, hingga kemudian awan itu berhenti di Padang Belantara Paran.",
Bilangan,10,13,Bilangan 10:13,Itulah pertama kalinya mereka berangkat berdasarkan firman ALLAH dengan perantaraan Musa.,
Bilangan,10,14,Bilangan 10:14,"Laskar yang berangkat terlebih dahulu adalah laskar di bawah bendera bani Yuda, pasukan demi pasukan. Nahason bin Aminadab mengepalai pasukan itu,",
Bilangan,10,15,Bilangan 10:15,"Netaneel bin Zuar mengepalai pasukan suku bani Isakhar,",
Bilangan,10,16,Bilangan 10:16,dan Eliab bin Helon mengepalai pasukan suku bani Zebulon.,
Bilangan,10,17,Bilangan 10:17,"Setelah itu, Kemah Suci dibongkar, lalu berangkatlah bani Gerson serta bani Merari yang mengangkut Kemah Suci itu.",
Bilangan,10,18,Bilangan 10:18,"Kemudian, laskar di bawah bendera Ruben berangkat, pasukan demi pasukan. Elizur bin Syedeur mengepalai pasukan itu,",
Bilangan,10,19,Bilangan 10:19,"Selumiel bin Zurisyadai mengepalai pasukan suku bani Simeon,",
Bilangan,10,20,Bilangan 10:20,dan Elyasaf bin Rehuel mengepalai pasukan suku bani Gad.,
Bilangan,10,21,Bilangan 10:21,"Setelah itu, berangkatlah bani Kehat, yang mengangkut barang-barang tempat suci. Sebelum mereka tiba di tempat, Kemah Suci sudah harus didirikan.",
Bilangan,10,22,Bilangan 10:22,"Selanjutnya, laskar di bawah bendera bani Efraim berangkat, pasukan demi pasukan. Elisama bin Amihud mengepalai pasukan itu,",
Bilangan,10,23,Bilangan 10:23,"Gamaliel bin Pedazur mengepalai pasukan suku bani Manasye,",
Bilangan,10,24,Bilangan 10:24,dan Abidan bin Gideoni mengepalai pasukan suku bani Binyamin.,
Bilangan,10,25,Bilangan 10:25,"Kemudian, sebagai barisan penutup seluruh laskar itu berangkatlah laskar di bawah bendera bani Dan, pasukan demi pasukan. Ahiezer bin Amisyadai mengepalai pasukan itu,",
Bilangan,10,26,Bilangan 10:26,"Pagiel bin Okhran mengepalai pasukan suku bani Asyer,",
Bilangan,10,27,Bilangan 10:27,dan Ahira bin Enan mengepalai pasukan suku bani Naftali.,
Bilangan,10,28,Bilangan 10:28,"Itulah tahapan keberangkatan bani Israil, pasukan demi pasukan ketika mereka berangkat.",
Bilangan,10,29,Bilangan 10:29,"Musa berkata kepada Hobab, anak Rehuel orang Midian, mertua Musa, “Kami hendak berangkat ke tempat yang dimaksud ALLAH ketika Ia berfirman, ‘Aku akan mengaruniakannya kepadamu.’ Mari, pergilah bersama kami. Kami akan berbuat baik kepadamu karena ALLAH telah menjanjikan hal yang baik mengenai Israil.”",
Bilangan,10,30,Bilangan 10:30,"Tetapi, jawabnya kepada Musa, “Aku tidak akan pergi. Aku hendak pulang ke negeriku, kepada sanak saudaraku.”",
Bilangan,10,31,Bilangan 10:31,"Kata Musa, “Kumohon, jangan tinggalkan kami sebab engkaulah yang tahu di mana kami harus berkemah di padang belantara. Engkau dapat menjadi penunjuk jalan bagi kami.",
Bilangan,10,32,Bilangan 10:32,"Jika engkau pergi bersama kami, maka segala kebaikan yang ALLAH lakukan terhadap kami akan kami lakukan juga terhadap engkau.”",
Bilangan,10,33,Bilangan 10:33,"Maka, berangkatlah mereka dari gunung ALLAH itu, tiga hari perjalanan jauhnya, sementara tabut perjanjian ALLAH telah berangkat mendahului mereka tiga hari perjalanan jauhnya untuk mencari tempat perhentian bagi mereka.",
Bilangan,10,34,Bilangan 10:34,"Awan ALLAH ada di atas mereka pada siang hari, ketika mereka berangkat dari tempat berkemah.",
Bilangan,10,35,Bilangan 10:35,"Setiap kali tabut diberangkatkan, Musa berkata, “Bertindaklah, ya ALLAH! Biarlah musuh-musuh-Mu tercerai-berai dan biarlah orang-orang yang membenci Engkau melarikan diri dari hadirat-Mu.”",
Bilangan,10,36,Bilangan 10:36,"Dan setiap kali tabut itu berhenti, berkatalah ia, “Kembalilah, ya ALLAH, kepada puluhan ribu orang Israil.”",
Bilangan,11,1,Bilangan 11:1,"Pada suatu hari, bangsa itu bersungut-sungut di hadirat ALLAH mengenai hal buruk yang menimpa mereka. Ketika ALLAH mendengarnya, menyalalah murka-Nya. Kemudian, api ALLAH menyala di antara mereka dan melalap bagian ujung perkemahan.",Api dari Allah
Bilangan,11,2,Bilangan 11:2,"Maka, berserulah bangsa itu kepada Musa. Musa berdoa kepada ALLAH, lalu api itu pun padam.",
Bilangan,11,3,Bilangan 11:3,"Itulah sebabnya, tempat itu dinamai Tabera karena api ALLAH menyala di antara mereka.",
Bilangan,11,4,Bilangan 11:4,"Suatu ketika timbullah nafsu untuk makan daging dalam diri bangsa campuran yang ada di antara mereka. Akibatnya, bani Israil menangis pula dan berkata, “Siapa yang akan memberi kita makan daging?",Allah Berjanji Memberi Daging
Bilangan,11,5,Bilangan 11:5,"Kita ingat ikan yang kita makan di Mesir dengan cuma-cuma, mentimun, semangka, bawang perei, bawang merah, dan bawang putih.",
Bilangan,11,6,Bilangan 11:6,"Tetapi sekarang, kita kurus kering. Tidak ada apa-apa, selain manna yang kita lihat di depan mata.”",
Bilangan,11,7,Bilangan 11:7,Manna itu seperti ketumbar dan tampak seperti damar.,
Bilangan,11,8,Bilangan 11:8,"Bangsa itu berjalan ke sana kemari memungutinya, lalu menggilingnya dengan kisaran atau menumbuknya dalam lesung. Setelah itu, mereka memasaknya dalam periuk dan membuatnya menjadi roti bundar. Rasanya seperti rasa penganan yang diolah dengan minyak.",
Bilangan,11,9,Bilangan 11:9,"Apabila embun turun di perkemahan itu pada malam hari, manna itu pun turun.",
Bilangan,11,10,Bilangan 11:10,"Musa mendengar bangsa itu menangis. Masing-masing kaum menangis di depan pintu kemah mereka. Maka, menyalalah murka ALLAH dengan hebatnya, tetapi Musa merasa tidak senang.",
Bilangan,11,11,Bilangan 11:11,"Lalu, kata Musa kepada ALLAH, “Mengapa Engkau menyusahkan hamba-Mu ini? Mengapa tidak ada rahmat bagi hamba dalam pandangan-Mu sehingga beban atas segenap bangsa ini Kautanggungkan pada hamba-Mu?",
Bilangan,11,12,Bilangan 11:12,"Hambakah yang mengandung seluruh bangsa ini? Hambakah yang melahirkan mereka sehingga Engkau berfirman kepada hamba, ‘Bawalah mereka dalam dekapanmu seperti seorang pengasuh menggendong anak yang sedang menyusu,’ ke tanah yang Kaujanjikan dengan bersumpah kepada nenek moyang mereka?",
Bilangan,11,13,Bilangan 11:13,"Dari mana hamba dapat memperoleh daging untuk diberikan kepada seluruh bangsa ini? Mereka menangis di depan hamba sambil berkata, ‘Berilah kami daging untuk dimakan.’",
Bilangan,11,14,Bilangan 11:14,Hamba tidak dapat menanggung beban atas seluruh bangsa ini seorang diri karena hal itu terlalu berat bagi hamba.,
Bilangan,11,15,Bilangan 11:15,"Jika Engkau memperlakukan hamba demikian, ambil saja nyawa hamba sekarang, kalau memang ada rahmat bagi hamba dalam pandangan-Mu. Jangan biarkan hamba melihat kemalangan hamba.”",
Bilangan,11,16,Bilangan 11:16,"Firman ALLAH kepada Musa, “Kumpulkanlah bagi-Ku tujuh puluh orang dari antara tua-tua Israil yang kaukenal sebagai tua-tua bangsa dan pengatur rakyat. Bawalah mereka ke Kemah Hadirat Allah, dan suruhlah mereka berdiri di sana bersamamu.",
Bilangan,11,17,Bilangan 11:17,"Aku akan hadir dan berfirman kepadamu di sana, lalu Aku akan mengambil sebagian dari Ruh yang ada padamu dan menaruhnya pada mereka. Dengan demikian, mereka akan menanggung beban atas bangsa ini bersama-sama dengan engkau sehingga engkau tidak perlu menanggungnya seorang diri.",
Bilangan,11,18,Bilangan 11:18,"Katakanlah kepada bangsa itu, ‘Sucikanlah dirimu untuk besok, kamu akan makan daging. ALLAH telah mendengar kamu menangis sambil berkata, “Siapakah yang akan memberi kami makan daging? Keadaan kami di Mesir dulu lebih baik!” Jadi, ALLAH akan memberi kamu daging dan kamu akan memakannya.",
Bilangan,11,19,Bilangan 11:19,"Kamu akan memakannya bukan sehari, dua hari, lima hari, sepuluh hari, atau dua puluh hari saja,",
Bilangan,11,20,Bilangan 11:20,"melainkan sebulan penuh sampai daging itu keluar dari lubang hidungmu dan membuatmu muak. Hal itu terjadi sebab kamu telah menolak ALLAH yang hadir di antara kamu dan kamu menangis di hadirat-Nya sambil berkata, “Untuk apa kami keluar dari Mesir?”’”",
Bilangan,11,21,Bilangan 11:21,"Akan tetapi, Musa berkata, “Bangsa yang bersama hamba ini enam ratus ribu orang pejalan kaki banyaknya sementara Engkau berfirman, ‘Aku akan memberi mereka daging untuk mereka makan sebulan penuh!’",
Bilangan,11,22,Bilangan 11:22,"Jika kawanan kambing domba dan kawanan sapi disembelih, cukupkah semua itu untuk mengenyangkan mereka? Atau, jika segala ikan di laut dikumpulkan, cukupkah semua itu untuk mengenyangkan mereka?”",
Bilangan,11,23,Bilangan 11:23,"Firman ALLAH kepada Musa, “Masakan kuasa ALLAH terbatas? Sekarang engkau akan melihat apakah firman-Ku akan terjadi atasmu atau tidak.”",
Bilangan,11,24,Bilangan 11:24,"Maka, keluarlah Musa. Disampaikannya firman ALLAH kepada bangsa itu, lalu dikumpulkannya tujuh puluh orang dari antara tua-tua bangsa itu dan disuruhnya mereka berdiri di sekeliling Kemah.",Ketujuh Puluh Tua-Tua
Bilangan,11,25,Bilangan 11:25,"Kemudian, ALLAH hadir dalam awan dan berfirman kepada Musa. Diambil-Nya sebagian dari Ruh yang ada pada Musa, lalu ditaruh-Nya pada ketujuh puluh tua-tua itu. Ketika Ruh itu turun atas mereka, bernubuatlah mereka seperti nabi, tetapi sesudah itu tidak lagi.",
Bilangan,11,26,Bilangan 11:26,"Akan tetapi, ada dua orang tertinggal di perkemahan, yang satu bernama Eldad dan yang lain bernama Medad. Mereka termasuk di antara orang-orang yang tercatat, tetapi tidak turut pergi ke Kemah. Walaupun demikian, Ruh itu pun turun atas mereka dan mereka bernubuat seperti nabi di perkemahan.",
Bilangan,11,27,Bilangan 11:27,"Lalu, seorang muda berlari memberitahukan hal itu kepada Musa, katanya, “Eldad dan Medad bernubuat seperti nabi di perkemahan.”",
Bilangan,11,28,Bilangan 11:28,"Yusak bin Nun, yang menjadi abdi Musa sejak masa mudanya, berkata, “Tuanku Musa, cegahlah mereka!”",
Bilangan,11,29,Bilangan 11:29,"Tetapi, kata Musa kepadanya, “Apakah engkau begitu bersemangat mendukung aku? Kalau saja seluruh umat ALLAH menjadi nabi karena ALLAH mengaruniakan Ruh-Nya kepada mereka!”",
Bilangan,11,30,Bilangan 11:30,"Setelah itu, Musa kembali ke perkemahan bersama para tua-tua Israil.",
Bilangan,11,31,Bilangan 11:31,"Kemudian, bertiuplah angin dari ALLAH, menerbangkan burung-burung puyuh dari arah laut dan menjatuhkannya di sekitar perkemahan hingga kira-kira sehari perjalanan jauhnya di sekeliling perkemahan itu. Burung-burung itu beterbangan kira-kira dua hasta di atas permukaan tanah.",Burung Puyuh
Bilangan,11,32,Bilangan 11:32,"Segeralah bangsa itu mengumpulkan burung-burung puyuh sepanjang hari, sepanjang malam, bahkan hingga esoknya sehari-harian. Setiap orang paling sedikit mengumpulkan sepuluh homer, kemudian mereka menebarkan semuanya di sekeliling perkemahan.",
Bilangan,11,33,Bilangan 11:33,"Akan tetapi, sementara daging masih mereka kunyah dan belum ditelan, menyalalah murka ALLAH atas bangsa itu. ALLAH mengazab mereka dengan tulah yang amat hebat.",
Bilangan,11,34,Bilangan 11:34,"Itulah sebabnya, tempat itu dinamai Kibrot-Taawa karena di sanalah dimakamkan orang-orang yang bernafsu makan daging.",
Bilangan,11,35,Bilangan 11:35,"Dari Kibrot-Taawa bangsa itu melanjutkan perjalanan ke Hazerot, lalu mereka tinggal di Hazerot.",
Bilangan,12,1,Bilangan 12:1,Miryam dan Harun mengata-ngatai Musa sehubungan dengan perempuan Etiopia yang diperistrinya karena ia memang telah memperistri seorang perempuan Etiopia.,Miryam dan Imam Harun Dengki kepada Nabi Musa
Bilangan,12,2,Bilangan 12:2,"Kata mereka, “Sungguhkah ALLAH berfirman melalui Musa saja? Bukankah Ia juga berfirman melalui kita?” Dan ALLAH mendengar hal itu.",
Bilangan,12,3,Bilangan 12:3,Musa adalah seorang yang sangat lembut hatinya lebih daripada semua manusia yang ada di muka bumi.,
Bilangan,12,4,Bilangan 12:4,"Tiba-tiba berfirmanlah ALLAH kepada Musa, Harun, dan Miryam, “Keluarlah kamu bertiga ke Kemah Hadirat Allah.” Maka, keluarlah mereka bertiga.",
Bilangan,12,5,Bilangan 12:5,"Kemudian, ALLAH hadir dalam tiang awan di pintu Kemah itu. Dipanggil-Nya Harun dan Miryam, lalu keduanya pun tampil.",
Bilangan,12,6,Bilangan 12:6,"Firman-Nya, “Dengarkanlah firman-Ku ini: Jika di antara kamu ada seorang nabi ALLAH, maka Aku akan menyatakan diri-Ku kepadanya melalui penglihatan, dan Aku akan berfirman kepadanya dalam mimpi.",
Bilangan,12,7,Bilangan 12:7,"Tetapi, tidak demikian halnya dengan hamba-Ku Musa, seorang yang setia dalam seluruh bait-Ku.",
Bilangan,12,8,Bilangan 12:8,"Dengan dia Aku berbicara berhadap-hadapan, nyata-nyata, bukan dengan teka-teki. Ia pun pernah memandang wujud kemuliaan ALLAH. Mengapa kamu tidak takut mengata-ngatai hamba-Ku Musa?”",
Bilangan,12,9,Bilangan 12:9,"Murka ALLAH menyala terhadap mereka, lalu ditinggalkan-Nya mereka.",
Bilangan,12,10,Bilangan 12:10,"Setelah awan itu berpindah dari atas Kemah, tampaklah Miryam terkena kusta, putih seperti salju! Harun memandang Miryam, dan tampak ia terkena kusta!",
Bilangan,12,11,Bilangan 12:11,"Kata Harun kepada Musa, “Ah Tuanku, kumohon jangan tanggungkan kepada kami dosa kami, yang kami lakukan dengan bodohnya.",
Bilangan,12,12,Bilangan 12:12,"Mohon jangan biarkan dia menjadi seperti anak gugur, yang dagingnya sudah separuh rusak ketika keluar dari rahim ibunya.”",
Bilangan,12,13,Bilangan 12:13,"Musa pun berseru kepada ALLAH, katanya, “Ya Allah, sembuhkanlah kiranya dia.”",
Bilangan,12,14,Bilangan 12:14,"Namun, ALLAH berfirman kepada Musa, “Sekiranya ayahnya meludahi mukanya, bukankah ia akan dipermalukan tujuh hari lamanya? Jadi, biarlah ia dikucilkan di luar perkemahan tujuh hari lamanya, setelah itu barulah ia boleh dibawa masuk kembali.”",
Bilangan,12,15,Bilangan 12:15,"Maka, Miryam pun dikucilkan di luar perkemahan tujuh hari lamanya, dan bangsa itu tidak berangkat sebelum Miryam dibawa masuk kembali.",
Bilangan,12,16,Bilangan 12:16,"Setelah itu, berangkatlah bangsa itu dari Hazerot, lalu berkemah di Padang Belantara Paran.",
Bilangan,13,1,Bilangan 13:1,"ALLAH berfirman kepada Musa,",Kedua Belas Pengintai
Bilangan,13,2,Bilangan 13:2,"“Utuslah beberapa orang mengintai Tanah Kanaan yang akan Kukaruniakan kepada bani Israil. Dari setiap suku bapak leluhur mereka utuslah satu orang, semuanya pemimpin di antara mereka.”",
Bilangan,13,3,Bilangan 13:3,Musa pun mengutus orang-orang itu dari Padang Belantara Paran sesuai dengan firman ALLAH. Mereka semua adalah para kepala bani Israil.,
Bilangan,13,4,Bilangan 13:4,"Inilah nama-nama mereka: Syamua bin Zakur, dari suku Ruben;",
Bilangan,13,5,Bilangan 13:5,"Safat bin Hori, dari suku Simeon;",
Bilangan,13,6,Bilangan 13:6,"Kaleb bin Yefune, dari suku Yuda;",
Bilangan,13,7,Bilangan 13:7,"Yigal bin Yusuf, dari suku Isakhar;",
Bilangan,13,8,Bilangan 13:8,"Hosea bin Nun, dari suku Efraim;",
Bilangan,13,9,Bilangan 13:9,"Palti bin Rafu, dari suku Binyamin;",
Bilangan,13,10,Bilangan 13:10,"Gadiel bin Sodi, dari suku Zebulon;",
Bilangan,13,11,Bilangan 13:11,"Gadi bin Susi, dari suku Yusuf, yaitu dari suku Manasye;",
Bilangan,13,12,Bilangan 13:12,"Amiel bin Gemali, dari suku Dan;",
Bilangan,13,13,Bilangan 13:13,"Setur bin Mikhail, dari suku Asyer;",
Bilangan,13,14,Bilangan 13:14,"Nahbi bin Wofsi, dari suku Naftali;",
Bilangan,13,15,Bilangan 13:15,"Guel bin Makhi, dari suku Gad.",
Bilangan,13,16,Bilangan 13:16,Itulah nama orang-orang yang diutus Musa mengintai negeri itu. Musa menamai Hosea bin Nun itu Yusak.,
Bilangan,13,17,Bilangan 13:17,"Mereka semua diutus oleh Musa mengintai Tanah Kanaan. Katanya kepada mereka, “Pergilah dari sini ke Tanah Negeb, lalu naiklah ke pegunungan.",
Bilangan,13,18,Bilangan 13:18,"Amatilah bagaimana keadaan negeri itu, apakah bangsa yang mendiaminya kuat atau lemah, sedikit atau banyak.",
Bilangan,13,19,Bilangan 13:19,Baik atau burukkah negeri yang mereka diami. Apakah kota-kota yang mereka tempati merupakan daerah terbuka atau berkubu.,
Bilangan,13,20,Bilangan 13:20,"Bagaimana keadaan tanahnya, subur atau tandus, ada pepohonan atau tidak. Kuatkanlah hatimu dan bawalah beberapa macam buah hasil negeri itu.” Waktu itu adalah musim buah anggur hasil pertama.",
Bilangan,13,21,Bilangan 13:21,"Maka, pergilah orang-orang itu. Mereka mengintai negeri itu mulai dari Padang Belantara Zin sampai ke Rehob, dekat jalan masuk ke Hamat.",
Bilangan,13,22,Bilangan 13:22,"Mereka berjalan melalui Tanah Negeb, lalu sampai ke Hebron. Keturunan orang Enak, yaitu orang Ahiman, Sesai, dan Talmai, tinggal di sana. Hebron dibangun tujuh tahun lebih dahulu daripada Soan di Mesir.",
Bilangan,13,23,Bilangan 13:23,"Kemudian, sampailah mereka di Lembah Eskol. Di sana mereka mengerat suatu cabang dengan setandan buah anggurnya, lalu dua orang memikulnya dengan sebatang kayu. Selain itu, mereka juga membawa buah delima dan buah ara.",
Bilangan,13,24,Bilangan 13:24,Tempat itu dinamai Lembah Eskol karena tandan buah anggur yang dikerat bani Israil di sana.,
Bilangan,13,25,Bilangan 13:25,"Empat puluh hari kemudian, kembalilah mereka yang telah mengintai negeri itu.",
Bilangan,13,26,Bilangan 13:26,"Mereka datang mendapatkan Musa, Harun, dan seluruh umat bani Israil yang berkumpul di Kades, di Padang Belantara Paran. Mereka pun menyampaikan kabar kepada Musa dan Harun serta kepada seluruh umat itu, lalu memperlihatkan kepada semua orang buah-buahan hasil negeri itu.",
Bilangan,13,27,Bilangan 13:27,"Kepada Musa mereka bercerita demikian, “Kami telah sampai ke negeri tempat Tuan mengutus kami. Memang negeri itu berlimpah-limpah dengan susu dan madu. Inilah hasil buah-buahannya.",
Bilangan,13,28,Bilangan 13:28,"Hanya, bangsa yang mendiami negeri itu kuat-kuat. Kota-kotanya pun berkubu dan amat besar. Kami juga melihat keturunan orang Enak di sana.",
Bilangan,13,29,Bilangan 13:29,"Orang Amalek tinggal di Tanah Negeb. Orang Het, orang Yebus, dan orang Amori tinggal di pegunungan, sedangkan orang Kanaan tinggal di pesisir dan di tepi Sungai Yordan.”",
Bilangan,13,30,Bilangan 13:30,"Kaleb berusaha menenangkan hati bangsa itu di depan Musa, katanya, “Kita harus maju dan menduduki negeri itu karena kita pasti dapat mengalahkannya!”",
Bilangan,13,31,Bilangan 13:31,"Akan tetapi, orang-orang yang pergi bersamanya berkata, “Kita tidak dapat menyerang bangsa itu karena mereka lebih kuat daripada kita!”",
Bilangan,13,32,Bilangan 13:32,"Lalu, mereka menyampaikan laporan buruk kepada bani Israil tentang negeri yang mereka intai itu, kata mereka, “Negeri yang kami jelajahi untuk diintai itu adalah negeri yang memakan penduduknya. Semua orang yang kami lihat di situ adalah orang-orang yang berperawakan tinggi.",
Bilangan,13,33,Bilangan 13:33,"Kami melihat pula di sana orang Nefilim, yaitu keturunan Enak yang berasal dari orang Nefilim. Diri kami seperti belalang saja di mata kami, begitu pula di mata mereka.”",
Bilangan,14,1,Bilangan 14:1,"Maka, seluruh umat berteriak-teriak dengan suara nyaring, dan pada malam itu bangsa itu menangis.",Pemberontakan Bani Israil
Bilangan,14,2,Bilangan 14:2,"Seluruh bani Israil, yaitu seluruh umat itu, bersungut-sungut kepada Musa dan Harun, lalu berkata kepada mereka, “Kalau saja kami mati di Tanah Mesir! Kalau saja kami mati di padang belantara ini!",
Bilangan,14,3,Bilangan 14:3,"Mengapa ALLAH membawa kami ke negeri ini? Supaya kami tewas oleh pedang, dan istri serta anak-anak kami menjadi tawanan? Bukankah lebih baik kami kembali ke Mesir?”",
Bilangan,14,4,Bilangan 14:4,"Kemudian, kata mereka seorang kepada yang lain, “Mari kita angkat seorang pemimpin, lalu kembali ke Mesir!”",
Bilangan,14,5,Bilangan 14:5,"Lalu, sujudlah Musa dan Harun di depan seluruh umat bani Israil yang berkumpul di sana.",
Bilangan,14,6,Bilangan 14:6,"Yusak bin Nun dan Kaleb bin Yefune, yang termasuk di antara orang-orang yang mengintai negeri itu, mengoyakkan pakaian mereka sendiri",
Bilangan,14,7,Bilangan 14:7,"dan berkata kepada seluruh umat bani Israil, “Negeri yang kami lalui untuk diintai itu adalah negeri yang amat sangat baik.",
Bilangan,14,8,Bilangan 14:8,"Jika ALLAH berkenan kepada kita, tentu Ia akan membawa kita masuk ke negeri itu dan akan mengaruniakannya kepada kita, suatu negeri yang berlimpah dengan susu dan madu.",
Bilangan,14,9,Bilangan 14:9,"Hanya, janganlah mendurhaka terhadap ALLAH dan janganlah kamu takut kepada rakyat negeri itu karena mereka akan kita ganyang. Pelindung mereka sudah meninggalkan mereka, sedangkan ALLAH menyertai kita. Jadi, jangan takut kepada mereka.”",
Bilangan,14,10,Bilangan 14:10,"Tetapi, seluruh umat itu mengancam akan melempari keduanya dengan batu. Lalu, tampaklah kemuliaan ALLAH di Kemah Hadirat Allah, di hadapan seluruh bani Israil.",
Bilangan,14,11,Bilangan 14:11,"Firman ALLAH kepada Musa, “Berapa lama lagi bangsa ini menista Aku? Berapa lama lagi mereka tidak mau percaya kepada-Ku, padahal segala tanda ajaib sudah Kulakukan di antara mereka?",
Bilangan,14,12,Bilangan 14:12,"Aku akan mengazab mereka dengan penyakit sampar dan melenyapkan mereka, tetapi engkau akan Kubuat menjadi bangsa yang lebih besar dan lebih kuat daripada mereka.”",
Bilangan,14,13,Bilangan 14:13,"Kata Musa kepada ALLAH, “Jika hal itu didengar orang Mesir, padahal dengan kuasa-Mu telah Kaubawa bangsa ini keluar dari antara mereka,",
Bilangan,14,14,Bilangan 14:14,"maka tentunya mereka akan menceritakan hal itu kepada penduduk negeri ini. Penduduk negeri ini telah mendengar bahwa Engkau, ya ALLAH, hadir di tengah-tengah bangsa ini karena Engkau, ya ALLAH, tampak nyata di hadapan mereka melalui awan-Mu yang berdiri di atas mereka. Dalam tiang awan Engkau memimpin mereka pada siang hari dan dalam tiang api pada malam hari.",
Bilangan,14,15,Bilangan 14:15,"Jika Engkau menghabisi bangsa ini sekaligus, maka bangsa-bangsa yang telah mendengar kabar tentang Engkau akan berkata,",
Bilangan,14,16,Bilangan 14:16,"‘Karena ALLAH tidak sanggup membawa bangsa ini masuk ke negeri yang dijanjikan-Nya dengan bersumpah kepada mereka, maka Ia membantai mereka di padang belantara.’",
Bilangan,14,17,Bilangan 14:17,"Jadi, sekarang agungkanlah kuasa TUHAN seperti yang telah Kaufirmankan,",
Bilangan,14,18,Bilangan 14:18,"‘ALLAH itu panjang sabar dan berlimpah rahmat. Ia sudi mengampuni kesalahan serta pelanggaran meski sekali-kali tidak membebaskan orang yang bersalah dari hukuman, dan membalaskan kesalahan ayah kepada anak-anaknya, kepada keturunan yang ketiga dan yang keempat.’",
Bilangan,14,19,Bilangan 14:19,Ampunilah kiranya kesalahan bangsa ini sesuai dengan rahmat-Mu yang besar sebagaimana Engkau telah mengampuni bangsa ini sejak dari Mesir sampai sekarang ini.”,
Bilangan,14,20,Bilangan 14:20,"Firman ALLAH, “Aku telah mengampuni mereka sesuai dengan permintaanmu.",
Bilangan,14,21,Bilangan 14:21,"Namun, demi Aku yang hidup dan demi kemuliaan ALLAH yang memenuhi seluruh bumi,",
Bilangan,14,22,Bilangan 14:22,"sesungguhnya semua orang yang telah melihat kemuliaan-Ku dan tanda-tanda ajaib yang Kuadakan di Mesir serta di padang belantara, tetapi masih juga mencobai Aku sampai sepuluh kali dan tidak mau mematuhi-Ku,",
Bilangan,14,23,Bilangan 14:23,sekali-kali tidak akan melihat negeri yang Kujanjikan dengan bersumpah kepada nenek moyang mereka! Semua yang menista Aku tidak akan melihat negeri itu.,
Bilangan,14,24,Bilangan 14:24,"Tetapi, hamba-Ku Kaleb karena lain jiwa yang ada padanya dan ia mengikut Aku sepenuhnya, maka akan Kubawa ia masuk ke negeri yang telah dimasukinya itu, dan keturunannya akan memilikinya.",
Bilangan,14,25,Bilangan 14:25,"Orang Amalek dan orang Kanaan tinggal di lembah-lembah. Sebab itu, berbaliklah besok dan berangkatlah ke padang belantara melalui jalan menuju Laut Merah.”",
Bilangan,14,26,Bilangan 14:26,"ALLAH berfirman lagi kepada Musa dan Harun,",
Bilangan,14,27,Bilangan 14:27,“Berapa lama lagi umat yang jahat ini akan bersungut-sungut kepada-Ku? Telah Kudengar sungut-sungut yang dilontarkan bani Israil kepada-Ku.,
Bilangan,14,28,Bilangan 14:28,"Katakanlah kepada mereka, ‘Demi Aku yang hidup, demikianlah firman ALLAH, sesungguhnya seperti yang kamu ucapkan di hadirat-Ku, begitulah akan Kulakukan terhadapmu.",
Bilangan,14,29,Bilangan 14:29,"Di padang belantara ini akan bergelimpangan mayat-mayatmu, yaitu semua orang berumur dua puluh tahun ke atas yang telah dihitung dan yang bersungut-sungut kepada-Ku.",
Bilangan,14,30,Bilangan 14:30,"Tak seorang pun dari kamu akan masuk ke negeri yang telah Kujanjikan dengan bersumpah untuk kamu diami, kecuali Kaleb bin Yefune dan Yusak bin Nun.",
Bilangan,14,31,Bilangan 14:31,"Anak-anakmulah, yang kamu katakan akan menjadi tawanan, yang akan Kubawa masuk. Mereka akan menikmati negeri yang kamu tolak itu.",
Bilangan,14,32,Bilangan 14:32,"Sedangkan kamu, mayat-mayatmu akan bergelimpangan di padang belantara ini.",
Bilangan,14,33,Bilangan 14:33,Anak-anakmu akan menjadi gembala di padang belantara empat puluh tahun lamanya dan akan menanggung kesalahan akibat perbuatan kafirmu sampai mayat-mayatmu habis di padang belantara.,
Bilangan,14,34,Bilangan 14:34,"Sesuai dengan jumlah hari kamu mengintai negeri itu, yaitu empat puluh hari maka empat puluh tahun lamanya kamu akan menanggung kesalahanmu itu, satu tahun dihitung menggantikan satu hari. Kamu akan tahu bagaimana rasanya jika Aku menentang kamu.",
Bilangan,14,35,Bilangan 14:35,"Aku, ALLAH, telah berfirman. Sesungguhnya, hal itu akan Kulakukan terhadap seluruh umat yang jahat ini, yang telah bermufakat untuk melawan Aku. Di padang belantara ini mereka akan habis, dan di sini juga mereka akan mati.’”",
Bilangan,14,36,Bilangan 14:36,"Orang-orang yang telah diutus Musa mengintai negeri itu, namun kembali dengan menyampaikan laporan buruk mengenai negeri itu sehingga seluruh umat bersungut-sungut kepada Musa,",
Bilangan,14,37,Bilangan 14:37,mati terkena tulah di hadirat ALLAH.,
Bilangan,14,38,Bilangan 14:38,Hanya Yusak bin Nun dan Kaleb bin Yefune yang tetap hidup di antara orang-orang yang pergi mengintai negeri itu.,
Bilangan,14,39,Bilangan 14:39,"Ketika Musa menyampaikan firman ini kepada seluruh bani Israil, bangsa itu sangat berduka.",Serangan ke Bagian Selatan Gagal
Bilangan,14,40,Bilangan 14:40,"Mereka bangun pagi-pagi hendak naik ke puncak gunung, dan berkata, “Memang kami telah berdosa. Sekarang kami hendak maju ke tempat yang difirmankan ALLAH.”",
Bilangan,14,41,Bilangan 14:41,"Tetapi, kata Musa, “Mengapa kamu mau melanggar firman ALLAH? Kamu tidak akan berhasil!",
Bilangan,14,42,Bilangan 14:42,Jangan maju karena ALLAH tidak menyertaimu. Jangan sampai kamu dikalahkan musuhmu,
Bilangan,14,43,Bilangan 14:43,"karena orang Amalek dan orang Kanaan ada di sana, di depanmu. Kamu akan tewas oleh pedang. Karena kamu telah berpaling dari ALLAH, maka ALLAH tidak mau menyertai kamu.”",
Bilangan,14,44,Bilangan 14:44,"Meskipun begitu, mereka tetap nekat untuk naik ke puncak gunung itu, padahal tabut perjanjian ALLAH dan juga Musa tidaklah beranjak dari tengah-tengah perkemahan.",
Bilangan,14,45,Bilangan 14:45,"Maka, turunlah orang Amalek dan orang Kanaan yang tinggal di pegunungan itu menyerbu mereka dan menghantam mereka sampai ke Horma.",
Bilangan,15,1,Bilangan 15:1,"ALLAH berfirman kepada Musa,",Kurban yang Dibakar
Bilangan,15,2,Bilangan 15:2,"“Berbicaralah kepada bani Israil dan katakan kepada mereka, ‘Apabila kamu sampai di negeri yang akan Kukaruniakan kepadamu sebagai tempat kediamanmu,",
Bilangan,15,3,Bilangan 15:3,"dan kamu hendak mempersembahkan kepada ALLAH kurban yang dibakar—dari kawanan sapi atau kawanan kambing domba—sebagai kurban bakaran atau pun kurban sembelihan yang harum aromanya di hadirat ALLAH, entah untuk membayar nazar khusus, untuk kurban sukarela, atau kurban pada hari-hari raya,",
Bilangan,15,4,Bilangan 15:4,maka orang yang membawa persembahannya itu harus mempersembahkan kepada ALLAH persembahan bahan makanan dari sepersepuluh efa tepung terbaik yang dicampur dengan seperempat hin minyak.,
Bilangan,15,5,Bilangan 15:5,Persembahkanlah juga seperempat hin anggur sebagai persembahan minuman bersama kurban bakaran atau kurban sembelihan itu untuk setiap ekor domba kurban.,
Bilangan,15,6,Bilangan 15:6,"Jika kurbanmu berupa seekor domba jantan, persembahkanlah persembahan bahan makanan dari dua persepuluh efa tepung terbaik yang dicampur dengan sepertiga hin minyak,",
Bilangan,15,7,Bilangan 15:7,dan persembahan minuman berupa sepertiga hin anggur sehingga harum aromanya di hadirat ALLAH.,
Bilangan,15,8,Bilangan 15:8,"Apabila engkau mengolah seekor sapi muda, baik sebagai kurban bakaran maupun kurban sembelihan untuk membayar suatu nazar khusus, atau sebagai kurban perdamaian yang dipersembahkan kepada ALLAH,",
Bilangan,15,9,Bilangan 15:9,"maka bersama-sama dengan sapi muda itu bawalah persembahan bahan makanan dari tiga persepuluh efa tepung terbaik yang dicampur dengan setengah hin minyak,",
Bilangan,15,10,Bilangan 15:10,dan persembahan minuman berupa setengah hin anggur untuk menjadi persembahan yang dibakar sehingga harum aromanya di hadirat ALLAH.,
Bilangan,15,11,Bilangan 15:11,"Demikianlah harus dilakukan untuk setiap ekor sapi atau domba jantan, setiap ekor domba atau kambing.",
Bilangan,15,12,Bilangan 15:12,"Berapa pun jumlah ternak yang kamu olah, demikian harus kaulakukan untuk setiap ekornya.",
Bilangan,15,13,Bilangan 15:13,"Semua warga asli harus melakukan hal ini dengan cara demikian pada waktu ia mempersembahkan kurban yang dibakar, yang harum aromanya di hadirat ALLAH.",
Bilangan,15,14,Bilangan 15:14,"Jika seorang pendatang yang tinggal di antaramu atau siapa pun yang menetap di antaramu turun-temurun hendak mempersembahkan kurban yang dibakar, yaitu kurban yang harum aromanya di hadirat ALLAH, maka ia harus melakukannya sebagaimana kamu lakukan.",
Bilangan,15,15,Bilangan 15:15,"Bagi seluruh jemaah itu berlaku satu ketetapan, baik bagi kamu maupun bagi pendatang yang tinggal di antaramu, dan ketetapan itu berlaku untuk seterusnya bagi kamu turun-temurun. Kamu dan juga pendatang sama di hadirat ALLAH.",
Bilangan,15,16,Bilangan 15:16,"Satu hukum dan satu peraturan berlaku, baik bagi kamu maupun bagi pendatang yang tinggal di antaramu.’”",
Bilangan,15,17,Bilangan 15:17,"ALLAH berfirman kepada Musa,",
Bilangan,15,18,Bilangan 15:18,"“Berbicaralah kepada bani Israil dan katakan kepada mereka, ‘Apabila kamu sampai di negeri tempat Aku membawa kamu,",
Bilangan,15,19,Bilangan 15:19,"dan kamu mulai menikmati hasil negeri itu, maka kamu harus mempersembahkan persembahan khusus kepada ALLAH.",
Bilangan,15,20,Bilangan 15:20,"Persembahkanlah kue dari tepung jelai hasil pertama sebagai persembahan khusus. Sama halnya seperti persembahan khusus dari tempat pengirikan, demikian pulalah kamu harus mempersembahkannya.",
Bilangan,15,21,Bilangan 15:21,"Dari tepung jelai hasil pertama itu kamu harus mempersembahkan persembahan khusus kepada ALLAH, turun-temurun.",
Bilangan,15,22,Bilangan 15:22,"Jika kamu tanpa sengaja melalaikan segala perintah yang difirmankan ALLAH kepada Musa,",Dosa yang Tak Disengaja
Bilangan,15,23,Bilangan 15:23,"yaitu segala yang diperintahkan ALLAH kepadamu dengan perantaraan Musa sejak ALLAH memerintahkannya sampai seterusnya turun-temurun,",
Bilangan,15,24,Bilangan 15:24,"dan jika hal itu dilakukan tanpa sepengetahuan umat secara tidak sengaja, maka seluruh umat harus mengolah seekor sapi jantan muda sebagai kurban bakaran, kurban yang harum aromanya di hadirat ALLAH. Selain itu, sertailah pula dengan persembahan bahan makanan dan persembahan minumannya menurut peraturan yang berlaku, juga seekor kambing jantan sebagai kurban penghapus dosa.",
Bilangan,15,25,Bilangan 15:25,"Imam harus mengadakan pendamaian bagi seluruh umat bani Israil dan mereka akan diampuni karena hal itu tidak disengaja. Di samping itu, mereka pun telah membawa persembahan mereka, yaitu kurban yang dibakar untuk dipersembahkan kepada ALLAH dan kurban penghapus dosa di hadirat ALLAH, akibat ketidaksengajaan mereka itu.",
Bilangan,15,26,Bilangan 15:26,"Seluruh umat bani Israil akan diampuni, begitu juga pendatang yang tinggal di antara mereka karena mereka melakukannya tanpa sengaja.",
Bilangan,15,27,Bilangan 15:27,"Jika satu orang saja yang berbuat dosa tanpa sengaja, maka ia harus mempersembahkan seekor kambing betina berumur setahun sebagai kurban penghapus dosa.",
Bilangan,15,28,Bilangan 15:28,Imam harus mengadakan pendamaian di hadirat ALLAH bagi orang yang berbuat dosa tanpa sengaja itu supaya dengan pendamaian yang diadakan baginya ia dapat diampuni.,
Bilangan,15,29,Bilangan 15:29,"Satu hukum berlaku bagi orang yang berbuat dosa tanpa sengaja, baik warga asli bani Israil maupun pendatang yang tinggal di antara kamu.",
Bilangan,15,30,Bilangan 15:30,"Akan tetapi, jika seseorang, baik warga asli maupun pendatang, berbuat dosa dengan sengaja, maka ia menghujah ALLAH dan ia harus dilenyapkan dari antara bangsanya.",
Bilangan,15,31,Bilangan 15:31,"Karena orang itu telah meremehkan firman ALLAH dan mengingkari perintah-Nya, maka ia harus dilenyapkan. Kesalahannya tertanggung atas dirinya.’”",
Bilangan,15,32,Bilangan 15:32,"Sewaktu bani Israil berada di padang belantara, mereka mendapati seorang yang tengah mengumpulkan kayu bakar pada hari Sabat.",Orang yang Melanggar Peraturan Sabat
Bilangan,15,33,Bilangan 15:33,"Maka, orang-orang yang mendapatinya tengah mengumpulkan kayu bakar itu membawa dia kepada Musa, Harun, dan seluruh umat.",
Bilangan,15,34,Bilangan 15:34,Orang itu dimasukkan ke dalam tahanan karena belum dinyatakan apa yang harus dilakukan terhadapnya.,
Bilangan,15,35,Bilangan 15:35,"Kemudian, ALLAH berfirman kepada Musa, “Orang itu harus dihukum mati. Seluruh umat harus merajamnya dengan batu di luar perkemahan.”",
Bilangan,15,36,Bilangan 15:36,"Maka, seluruh umat membawa dia ke luar perkemahan dan merajamnya dengan batu hingga mati, seperti yang diperintahkan ALLAH kepada Musa.",
Bilangan,15,37,Bilangan 15:37,"ALLAH berfirman kepada Musa,",Jumbai Pengingat
Bilangan,15,38,Bilangan 15:38,"“Berbicaralah kepada bani Israil dan katakan kepada mereka, ‘Buatlah jumbai-jumbai pada punca pakaianmu turun-temurun, dan bubuhkanlah sehelai benang biru pada jumbai-jumbai punca pakaian itu.",
Bilangan,15,39,Bilangan 15:39,"Jumbai-jumbai itu akan menjadi rambu-rambu peringatan bagimu karena setiap kali kamu melihatnya, kamu akan mengingat segala perintah ALLAH dan melakukannya sehingga kamu tidak lagi mengikuti keinginan hatimu atau keinginan matamu sendiri, seperti yang biasa kamu lakukan dalam kekafiranmu.",
Bilangan,15,40,Bilangan 15:40,"Dengan demikian, kamu dapat mengingat dan melakukan segala perintah-Ku sehingga kamu menjadi suci bagi Tuhanmu.",
Bilangan,15,41,Bilangan 15:41,"Akulah ALLAH, Tuhanmu, yang telah membawa kamu keluar dari Tanah Mesir supaya Aku menjadi Tuhanmu. Akulah ALLAH, Tuhanmu.’”",
Bilangan,16,1,Bilangan 16:1,"Qarun bin Yizhar bin Kehat bin Lewi bersama-sama dengan anak-anak Eliab, yaitu Datan dan Abiram, serta On bin Pelet, ketiganya keturunan Ruben, menghasut orang-orang","Pemberontakan Qarun, Datan, dan Abiram"
Bilangan,16,2,Bilangan 16:2,"untuk memberontak melawan Musa. Disertai dua ratus lima puluh orang ternama dari bani Israil, yaitu para pemimpin umat yang dipilih oleh jemaah,",
Bilangan,16,3,Bilangan 16:3,"mereka berkumpul menentang Musa dan Harun. Kata mereka kepada keduanya, “Cukuplah itu! Sesungguhnya, seluruh umat adalah orang-orang suci, dan ALLAH hadir di tengah-tengah mereka. Mengapa kamu meninggikan diri atas jemaah ALLAH?”",
Bilangan,16,4,Bilangan 16:4,"Begitu Musa mendengar hal itu, sujudlah ia.",
Bilangan,16,5,Bilangan 16:5,"Lalu, katanya kepada Qarun dan seluruh kelompoknya, “Besok pagi ALLAH akan memberitahukan siapa milik-Nya dan siapa yang suci, kemudian Ia akan mengizinkan orang yang dipilih-Nya itu untuk mendekat kepada-Nya.",
Bilangan,16,6,Bilangan 16:6,"Buatlah begini, hai Qarun dan seluruh kelompoknya: Esok hari ambillah perbaraan,",
Bilangan,16,7,Bilangan 16:7,"lalu di hadirat ALLAH taruhlah api di dalamnya dan dupa di atasnya. Orang yang dipilih ALLAH, dialah yang suci. Cukuplah itu, hai bani Lewi!”",
Bilangan,16,8,Bilangan 16:8,"Kata Musa pula kepada Qarun, “Dengarlah, hai bani Lewi!",
Bilangan,16,9,Bilangan 16:9,"Hal yang sepelekah bagimu bahwa kamu telah dikhususkan oleh Tuhan bani Israil dari antara umat Israil untuk diperbolehkan mendekat kepada-Nya, melaksanakan pekerjaan di Kemah Suci ALLAH, serta bertugas melayani umat?",
Bilangan,16,10,Bilangan 16:10,"Ia telah mengizinkan engkau beserta semua saudaramu bani Lewi untuk mendekat kepada-Nya, tetapi sekarang kamu mau menuntut jabatan imam pula!",
Bilangan,16,11,Bilangan 16:11,"Dengan demikian, engkau dan seluruh kelompokmu telah bermufakat melawan ALLAH. Siapakah Harun itu sehingga kamu bersungut-sungut kepadanya?”",
Bilangan,16,12,Bilangan 16:12,"Kemudian, Musa menyuruh orang memanggil Datan dan Abiram, anak-anak Eliab, tetapi jawab mereka, “Kami tidak mau datang.",
Bilangan,16,13,Bilangan 16:13,Hal yang sepelekah ini bahwa engkau telah memimpin kami keluar dari negeri yang berlimpah susu dan madu untuk membunuh kami di padang belantara sehingga sekarang engkau mau menjadikan dirimu tuan atas kami pula?,
Bilangan,16,14,Bilangan 16:14,"Lagi pula, engkau tidak membawa kami ke negeri yang berlimpah susu dan madu! Engkau pun tidak memberikan kepada kami milik pusaka berupa ladang dan kebun anggur. Masihkah engkau mau mengelabui orang-orang ini? Kami tidak mau datang!”",
Bilangan,16,15,Bilangan 16:15,"Musa menjadi sangat marah. Ia berkata kepada ALLAH, “Janganlah kiranya Kauindahkan persembahan mereka. Tidak pernah kuambil dari mereka seekor keledai pun, dan tidak pernah kujahati seorang pun dari mereka.”",
Bilangan,16,16,Bilangan 16:16,"Musa berkata kepada Qarun, “Besok engkau dan seluruh kelompokmu harus menghadap ALLAH. Ya, engkau dan mereka, dan juga Harun.",
Bilangan,16,17,Bilangan 16:17,"Masing-masing harus membawa perbaraannya, menaruh dupa di atasnya, dan mempersembahkannya di hadirat ALLAH—dua ratus lima puluh perbaraan. Demikian pula engkau dan Harun harus membawa perbaraanmu masing-masing.”",
Bilangan,16,18,Bilangan 16:18,"Mereka pun membawa perbaraannya masing-masing, menaruh api di dalamnya, dan juga dupa di atasnya. Setelah itu, mereka berdiri di depan pintu Kemah Hadirat Allah bersama-sama dengan Musa dan Harun.",
Bilangan,16,19,Bilangan 16:19,"Ketika Qarun mengumpulkan seluruh umat menentang keduanya di depan pintu Kemah Hadirat Allah, tampaklah kemuliaan ALLAH di hadapan seluruh umat itu.",
Bilangan,16,20,Bilangan 16:20,"ALLAH pun berfirman kepada Musa dan Harun,",
Bilangan,16,21,Bilangan 16:21,“Pisahkanlah dirimu dari umat ini karena mereka akan Kuhabisi dalam sekejap.”,
Bilangan,16,22,Bilangan 16:22,"Tetapi, keduanya sujud dan berkata, “Ya Allah, Tuhan atas ruh semua manusia! Jika seorang saja yang berdosa, masakan Engkau murka terhadap seluruh umat ini?”",
Bilangan,16,23,Bilangan 16:23,"Firman ALLAH kepada Musa,",
Bilangan,16,24,Bilangan 16:24,"“Katakanlah kepada umat itu, ‘Menjauhlah dari sekitar kediaman Qarun, Datan, dan Abiram.’”",
Bilangan,16,25,Bilangan 16:25,"Kemudian, pergilah Musa mendapatkan Datan dan Abiram, diikuti para tua-tua Israil.",
Bilangan,16,26,Bilangan 16:26,"Katanya kepada umat itu, “Menjauhlah dari kemah orang-orang fasik ini. Jangan sentuh sesuatu pun milik mereka supaya jangan kamu binasa karena segala dosa mereka.”",
Bilangan,16,27,Bilangan 16:27,"Maka, menjauhlah mereka dari sekitar kediaman Qarun, Datan, dan Abiram. Datan dan Abiram keluar, lalu berdiri di depan pintu kemah mereka beserta istri, anak-anak, juga anak-anak yang masih kecil-kecil.",
Bilangan,16,28,Bilangan 16:28,"Kata Musa, “Dengan yang berikut ini kamu akan tahu bahwa ALLAH telah mengutus aku untuk melakukan segala pekerjaan ini dan bahwa hal ini bukan berasal dari niat hatiku sendiri.",
Bilangan,16,29,Bilangan 16:29,"Jika orang-orang ini mati secara wajar seperti yang dialami setiap manusia, atau jika ajal menjemput mereka seperti ajal menjemput setiap manusia, maka ALLAH tidak mengutus aku.",
Bilangan,16,30,Bilangan 16:30,"Akan tetapi, jika ALLAH membuat sesuatu yang baru, dan tanah mengangakan mulutnya serta menelan mereka bersama segala sesuatu yang mereka miliki hingga mereka turun hidup-hidup ke alam kubur, maka kamu akan tahu bahwa orang-orang ini telah menista ALLAH.”",
Bilangan,16,31,Bilangan 16:31,"Begitu Musa selesai mengucapkan segala perkataan itu, terbelahlah tanah di bawah kaki orang-orang itu.",
Bilangan,16,32,Bilangan 16:32,"Bumi mengangakan mulutnya dan menelan mereka bersama seisi rumah mereka, juga semua pengikut Qarun beserta segala harta benda mereka.",
Bilangan,16,33,Bilangan 16:33,"Demikianlah mereka turun hidup-hidup ke alam kubur beserta semua yang ada pada mereka. Bumi pun tertutup lagi, membinasakan mereka dari tengah-tengah jemaah itu.",
Bilangan,16,34,Bilangan 16:34,"Mendengar teriakan orang-orang itu seluruh bani Israil yang ada di sekeliling mereka berlarian sambil berkata, “Jangan-jangan kita juga ditelan bumi!”",
Bilangan,16,35,Bilangan 16:35,"Setelah itu, turunlah api dari ALLAH menghanguskan kedua ratus lima puluh orang yang mempersembahkan dupa itu.",
Bilangan,16,36,Bilangan 16:36,"ALLAH berfirman kepada Musa,",
Bilangan,16,37,Bilangan 16:37,"“Suruhlah Eleazar, anak Imam Harun, memungut perbaraan-perbaraan dari tempat kebakaran itu, lalu serakkanlah abu arangnya jauh-jauh karena perbaraan-perbaraan itu suci.",
Bilangan,16,38,Bilangan 16:38,"Semua perbaraan mereka, yaitu orang-orang berdosa yang telah menumbalkan nyawanya itu, harus ditempa tipis-tipis menjadi penyalut tempat pembakaran kurban karena mereka sudah mempersembahkannya di hadirat ALLAH sehingga semuanya menjadi suci. Hal itu akan menjadi tanda bagi bani Israil.”",
Bilangan,16,39,Bilangan 16:39,"Kemudian, Imam Eleazar mengambil perbaraan-perbaraan tembaga yang telah dipersembahkan oleh orang-orang yang telah hangus itu, lalu menempanya menjadi penyalut tempat pembakaran kurban.",
Bilangan,16,40,Bilangan 16:40,"Hal itu menjadi tanda pengingat bagi bani Israil supaya jangan seorang pun, selain keturunan Harun, berani mendekat untuk membakar dupa di hadirat ALLAH, dan supaya jangan mereka menjadi seperti Qarun dan kelompoknya, seperti yang difirmankan ALLAH kepada Eleazar dengan perantaraan Musa.",
Bilangan,16,41,Bilangan 16:41,"Namun, keesokan harinya seluruh umat bani Israil bersungut-sungut kepada Musa dan Harun. Kata mereka, “Kamu telah membunuh umat ALLAH.”",
Bilangan,16,42,Bilangan 16:42,"Seluruh umat berkumpul melawan Musa dan Harun. Tetapi, ketika mereka berpaling ke arah Kemah Hadirat Allah, tampak awan menutupi Kemah itu dan kemuliaan ALLAH pun terlihat.",
Bilangan,16,43,Bilangan 16:43,"Maka, pergilah Musa dan Harun ke depan Kemah Hadirat Allah.",
Bilangan,16,44,Bilangan 16:44,"Firman ALLAH kepada Musa,",
Bilangan,16,45,Bilangan 16:45,"“Menjauhlah dari umat ini sebab mereka akan Kuhabisi dalam sekejap.” Maka, sujudlah keduanya.",
Bilangan,16,46,Bilangan 16:46,"Musa berkata kepada Harun, “Ambillah perbaraanmu, taruhlah di dalamnya api dari tempat pembakaran kurban, dan taruhlah dupa di atasnya. Setelah itu, bawalah dengan segera ke tempat kumpulan umat itu dan adakanlah pendamaian bagi mereka karena murka ALLAH telah berkobar dan tulah sedang dimulai.”",
Bilangan,16,47,Bilangan 16:47,"Maka, Harun mengambil perbaraan, seperti yang dikatakan Musa, lalu berlari ke tengah-tengah jemaah itu. Tampak tulah sudah mulai melanda bangsa itu. Ditaruhnya dupa di dalam perbaraan itu dan diadakannya pendamaian bagi bangsa itu.",
Bilangan,16,48,Bilangan 16:48,"Ia berdiri di antara orang yang mati dan orang yang hidup, lalu berhentilah tulah itu.",
Bilangan,16,49,Bilangan 16:49,"Mereka yang mati karena tulah itu 14.700 orang banyaknya, belum termasuk orang-orang yang mati dalam perkara Qarun.",
Bilangan,16,50,Bilangan 16:50,"Sesudah tulah itu berhenti, Harun kembali menemui Musa di depan pintu Kemah Hadirat Allah.",
Bilangan,17,1,Bilangan 17:1,"ALLAH berfirman kepada Musa,",Tongkat Imam Harun Berbunga
Bilangan,17,2,Bilangan 17:2,"“Berbicaralah kepada bani Israil dan ambillah dua belas tongkat dari mereka, satu tongkat dari setiap pemimpin, mewakili setiap kaum keluarga. Tuliskanlah nama para pemimpin itu pada tongkatnya masing-masing.",
Bilangan,17,3,Bilangan 17:3,Nama Harun harus kautuliskan pada tongkat Lewi karena satu tongkat harus mewakili setiap kepala kaum keluarga.,
Bilangan,17,4,Bilangan 17:4,"Letakkanlah semua tongkat itu dalam Kemah Hadirat Allah, di hadapan tabut loh hukum, tempat Aku menjumpai kamu.",
Bilangan,17,5,Bilangan 17:5,"Nanti, siapa yang akan Kupilih, tongkatnya akan bertunas. Demikianlah Aku akan meredakan sungut-sungut yang dilontarkan bani Israil terhadap kamu.”",
Bilangan,17,6,Bilangan 17:6,"Musa pun berbicara kepada bani Israil, lalu semua pemimpin mereka memberikan tongkat kepadanya. Tiap-tiap pemimpin memberikan satu tongkat menurut kaum keluarganya, dua belas tongkat seluruhnya. Tongkat Harun pun ada di antara tongkat-tongkat itu.",
Bilangan,17,7,Bilangan 17:7,"Musa meletakkan tongkat-tongkat itu di hadirat ALLAH, dalam kemah loh hukum.",
Bilangan,17,8,Bilangan 17:8,"Ketika keesokan harinya Musa masuk ke dalam kemah loh hukum, tampak tongkat Harun yang mewakili kaum keturunan Lewi telah bertunas. Tongkat itu pun mengeluarkan kuncup, berbunga, dan menghasilkan buah badam.",
Bilangan,17,9,Bilangan 17:9,"Kemudian, Musa membawa semua tongkat itu keluar dari hadirat ALLAH, ke hadapan seluruh bani Israil. Mereka melihat tongkat-tongkat itu, lalu masing-masing pemimpin mengambil tongkatnya.",
Bilangan,17,10,Bilangan 17:10,"Berfirmanlah ALLAH kepada Musa, “Kembalikanlah tongkat Harun ke hadapan tabut loh hukum untuk disimpan sebagai tanda bagi orang-orang durhaka itu. Dengan begitu engkau mengakhiri sungut-sungut mereka kepada-Ku supaya jangan mereka mati.”",
Bilangan,17,11,Bilangan 17:11,"Maka, Musa pun melaksanakannya. Seperti yang diperintahkan ALLAH kepadanya, demikianlah dilakukannya.",
Bilangan,17,12,Bilangan 17:12,"Kata bani Israil kepada Musa, “Sesungguhnya, kami akan mati! Kami binasa, kami semua binasa!",
Bilangan,17,13,Bilangan 17:13,Siapa pun yang datang mendekati Kemah Suci ALLAH akan mati. Haruskah kami habis binasa?”,
Bilangan,18,1,Bilangan 18:1,"ALLAH berfirman kepada Harun, “Engkau, anak-anakmu, dan kaum keluargamu harus menanggung akibat dari kesalahan terhadap tempat suci. Akan tetapi, hanya engkau dan anak-anakmulah yang harus menanggung akibat kesalahan terhadap jabatan imam.",Kewajiban dan Penghasilan Imam serta Orang Lewi
Bilangan,18,2,Bilangan 18:2,"Suruhlah juga saudara-saudaramu suku Lewi, yaitu suku bapak leluhurmu, datang bergabung denganmu dan melayani engkau sewaktu engkau dan anak-anakmu berada di depan kemah loh hukum.",
Bilangan,18,3,Bilangan 18:3,"Mereka harus bertanggung jawab kepadamu serta melaksanakan seluruh pekerjaan dalam Kemah. Hanya, mereka tidak boleh mendekati perlengkapan-perlengkapan tempat suci atau mazbah, yaitu tempat pembakaran kurban supaya jangan mereka atau pun kamu mati.",
Bilangan,18,4,Bilangan 18:4,"Mereka harus bergabung denganmu dan bertanggung jawab atas pemeliharaan Kemah Hadirat Allah, serta melakukan semua pekerjaan dalam Kemah itu. Jangan ada orang awam yang datang mendekat kepadamu.",
Bilangan,18,5,Bilangan 18:5,Kamu harus bertanggung jawab atas tempat suci dan mazbah supaya tidak ada lagi murka atas bani Israil.,
Bilangan,18,6,Bilangan 18:6,"Sesungguhnya, Aku telah memilih saudara-saudaramu orang Lewi dari antara bani Israil sebagai pemberian untukmu. Mereka telah diserahkan kepada ALLAH untuk melaksanakan pekerjaan di Kemah Hadirat Allah.",
Bilangan,18,7,Bilangan 18:7,"Tetapi, engkau dan anak-anakmu harus memegang jabatan sebagai imam dalam segala hal yang berkaitan dengan mazbah serta apa yang ada di balik tabir. Lakukanlah pekerjaan itu. Jabatan imam Kukaruniakan kepadamu sebagai suatu pemberian; orang awam yang berani mendekati Kemah itu harus dihukum mati.”",
Bilangan,18,8,Bilangan 18:8,"Firman ALLAH lagi kepada Harun, “Sesungguhnya, Aku telah memberikan kepadamu tanggung jawab untuk mengurus persembahan khusus bagi-Ku, yaitu segala sesuatu yang dikhususkan oleh bani Israil. Semua itu Kukaruniakan kepadamu dan kepada anak-anakmu sebagai jatah tetap untuk seterusnya.",
Bilangan,18,9,Bilangan 18:9,"Dari persembahan teramat suci yang tidak harus dibakar, inilah bagianmu: Segala persembahan mereka, yaitu persembahan bahan makanan, kurban penghapus dosa, dan kurban penebus kesalahan yang mereka serahkan kepada-Ku. Itulah bagian teramat suci yang diperuntukkan bagimu dan bagi anak-anakmu.",
Bilangan,18,10,Bilangan 18:10,"Makanlah itu sebagai bagian yang teramat suci. Semua laki-laki boleh memakannya, dan bagian itu harus kaupandang suci.",
Bilangan,18,11,Bilangan 18:11,"Persembahan khusus dari pemberian mereka, yaitu segala persembahan unjukan bani Israil, juga menjadi bagianmu. Aku mengaruniakannya kepadamu dan kepada anak-anakmu, baik laki-laki maupun perempuan, sebagai jatah tetap untuk seterusnya. Siapa pun yang suci dalam keluargamu boleh memakannya.",
Bilangan,18,12,Bilangan 18:12,"Segala yang terbaik dari minyak, air anggur, dan gandum yang mereka persembahkan sebagai hasil pertama kepada ALLAH, juga Kukaruniakan kepadamu.",
Bilangan,18,13,Bilangan 18:13,"Hasil pertama dari semua yang ada di tanah mereka dan yang mereka persembahkan kepada ALLAH, pula menjadi bagianmu. Siapa pun yang suci dalam keluargamu boleh memakannya.",
Bilangan,18,14,Bilangan 18:14,Semua yang diwakafkan di antara orang Israil adalah bagianmu.,
Bilangan,18,15,Bilangan 18:15,"Demikian pula semua yang lahir pertama dari segala yang bernyawa, baik manusia atau pun hewan, yang mereka persembahkan kepada ALLAH, menjadi bagianmu. Hanya, engkau harus menebus anak sulung manusia serta anak sulung hewan yang najis.",
Bilangan,18,16,Bilangan 18:16,"Semua itu harus kautebus sejak umurnya satu bulan senilai lima syikal uang perak menurut syikal resmi Kemah Suci, yaitu seberat dua puluh gera.",
Bilangan,18,17,Bilangan 18:17,"Namun, anak sapi, anak domba, atau anak kambing yang sulung tidak boleh kautebus karena semua itu suci. Percikkanlah darahnya ke mazbah dan bakarlah lemaknya sebagai persembahan yang dibakar, yang harum aromanya di hadirat ALLAH.",
Bilangan,18,18,Bilangan 18:18,"Dagingnya menjadi bagianmu, sama seperti dada persembahan unjukan dan paha kanan yang juga menjadi bagianmu.",
Bilangan,18,19,Bilangan 18:19,"Segala persembahan khusus dari barang-barang suci yang dipersembahkan bani Israil kepada ALLAH, Kukaruniakan kepadamu dan kepada anak-anakmu, baik laki-laki maupun perempuan, sebagai jatah tetap untuk seterusnya. Itu adalah suatu perjanjian garam untuk seterusnya di hadirat ALLAH bagimu dan bagi keturunanmu.”",
Bilangan,18,20,Bilangan 18:20,"ALLAH berfirman kepada Harun, “Engkau tidak akan mendapat milik pusaka di negeri mereka dan tidak akan mendapat bagian di tengah-tengah mereka. Akulah bagianmu dan milik pusakamu di tengah-tengah bani Israil.",
Bilangan,18,21,Bilangan 18:21,Bagi bani Lewi sesungguhnya telah Kukaruniakan semua persembahan sepersepuluh di Israil menjadi milik pusaka mereka sebagai imbalan atas pekerjaan yang mereka laksanakan di Kemah Hadirat Allah.,
Bilangan,18,22,Bilangan 18:22,"Mulai sekarang, jangan lagi bani Israil mendekati Kemah Hadirat Allah supaya jangan mereka menanggung dosa, lalu mati.",
Bilangan,18,23,Bilangan 18:23,"Orang Lewi sajalah yang harus melaksanakan pekerjaan di Kemah Hadirat Allah, dan merekalah yang harus menanggung akibat dari kesalahan terhadap Kemah itu. Itulah suatu ketetapan yang berlaku untuk seterusnya bagimu turun-temurun. Mereka tidak akan mendapat milik pusaka di tengah-tengah bani Israil",
Bilangan,18,24,Bilangan 18:24,"karena persembahan sepersepuluh bani Israil yang diserahkan sebagai persembahan khusus kepada ALLAH telah Kukaruniakan kepada orang Lewi menjadi milik pusaka mereka. Itulah sebabnya, tentang mereka Aku berfirman bahwa mereka tidak akan mendapat milik pusaka di tengah-tengah bani Israil.”",
Bilangan,18,25,Bilangan 18:25,"ALLAH berfirman kepada Musa,",
Bilangan,18,26,Bilangan 18:26,"“Berbicaralah kepada orang Lewi dan katakan kepada mereka, ‘Apabila kamu menerima persembahan sepersepuluh dari bani Israil, yang Kukaruniakan kepadamu menjadi milik pusakamu, maka kamu pun harus mempersembahkan sepersepuluh dari persembahan itu sebagai persembahan khusus kepada ALLAH.",
Bilangan,18,27,Bilangan 18:27,Persembahan khususmu itu akan dianggap sama dengan gandum dari tempat pengirikan serta hasil dari tempat pemerasan anggur.,
Bilangan,18,28,Bilangan 18:28,"Dengan cara itu kamu pun mempersembahkan persembahan khusus kepada ALLAH dari segala persembahan sepersepuluh yang kamu terima dari bani Israil. Serahkanlah persembahan khusus itu kepada Imam Harun,",
Bilangan,18,29,Bilangan 18:29,"dan persembahkanlah yang terbaik dari semuanya, yaitu bagian sucinya, dari semua yang diberikan kepadamu.’",
Bilangan,18,30,Bilangan 18:30,"Katakan pulalah kepada mereka, ‘Pada waktu kamu mempersembahkan yang terbaik darinya, maka bagi orang Lewi hal itu akan dianggap sama dengan hasil tempat pengirikan dan hasil tempat pemerasan anggur.",
Bilangan,18,31,Bilangan 18:31,"Kamu atau pun keluargamu boleh memakannya di mana saja sebagai upahmu, sebagai imbalan atas pekerjaanmu di Kemah Hadirat Allah.",
Bilangan,18,32,Bilangan 18:32,Kamu tidak akan menanggung dosa karenanya pada waktu kamu mempersembahkan yang terbaik darinya. Jangan najiskan persembahan-persembahan suci bani Israil supaya jangan kamu mati.’”,
Bilangan,19,1,Bilangan 19:1,"ALLAH berfirman kepada Musa dan Harun,",Air Pembersih Kecemaran
Bilangan,19,2,Bilangan 19:2,"“Inilah ketetapan hukum yang diperintahkan ALLAH: Suruhlah bani Israil membawa kepadamu seekor sapi betina merah yang sempurna, yaitu yang tak bercacat, dan yang belum pernah dipasangi kuk.",
Bilangan,19,3,Bilangan 19:3,"Serahkanlah sapi itu kepada Imam Eleazar. Selanjutnya, sapi itu harus dibawa ke luar perkemahan dan harus disembelih di hadapannya.",
Bilangan,19,4,Bilangan 19:4,"Kemudian, Imam Eleazar harus mengambil sebagian dari darah sapi itu dengan jarinya dan memercikkannya tujuh kali ke sebelah depan Kemah Hadirat Allah.",
Bilangan,19,5,Bilangan 19:5,"Lalu, sapi itu harus dibakar di depan matanya. Kulitnya, dagingnya, darahnya, bahkan kotorannya harus dibakar.",
Bilangan,19,6,Bilangan 19:6,"Setelah itu, imam harus mengambil kayu aras, ranting hisop, dan kain merah tua, lalu melemparkannya ke tengah-tengah sapi yang sedang terbakar itu.",
Bilangan,19,7,Bilangan 19:7,"Kemudian, imam harus mencuci pakaiannya dan membasuh tubuhnya dengan air, baru sesudah itu ia boleh masuk ke perkemahan. Namun, imam itu menjadi najis sampai magrib.",
Bilangan,19,8,Bilangan 19:8,"Orang yang membakar sapi itu juga harus mencuci pakaiannya dan membasuh tubuhnya dengan air, dan ia pun menjadi najis sampai magrib.",
Bilangan,19,9,Bilangan 19:9,"Selanjutnya, seorang yang suci harus mengumpulkan abu sapi itu dan meletakkannya di suatu tempat yang suci di luar perkemahan. Abu itu harus disimpan agar umat bani Israil dapat memakainya untuk membuat air pembersih kecemaran demi menghapuskan dosa.",
Bilangan,19,10,Bilangan 19:10,"Kemudian, orang yang mengumpulkan abu sapi itu harus mencuci pakaiannya, dan ia menjadi najis sampai magrib. Ketetapan itu berlaku untuk seterusnya, baik bagi bani Israil maupun bagi pendatang yang tinggal di antara mereka.",
Bilangan,19,11,Bilangan 19:11,Siapa pun yang menyentuh mayat akan menjadi najis tujuh hari lamanya.,
Bilangan,19,12,Bilangan 19:12,"Ia harus menyucikan dirinya dengan air itu pada hari ketiga, dan pada hari ketujuh ia menjadi suci. Tetapi, jika ia tidak menyucikan diri pada hari ketiga, maka pada hari ketujuh ia tidak menjadi suci.",
Bilangan,19,13,Bilangan 19:13,"Siapa pun yang menyentuh mayat, yaitu tubuh manusia yang telah mati, tetapi tidak menyucikan dirinya, maka ia menajiskan Kemah Suci ALLAH dan harus disingkirkan dari Israil. Ia najis karena air pembersih kecemaran tidak dipercikkan padanya, dan kenajisannya tetap melekat padanya.",
Bilangan,19,14,Bilangan 19:14,Inilah hukumnya jika seseorang mati dalam kemah: Siapa pun yang masuk ke dalam kemah itu dan siapa pun yang telah berada dalam kemah itu menjadi najis tujuh hari lamanya.,
Bilangan,19,15,Bilangan 19:15,"Selain itu, semua wadah yang terbuka, tanpa penutup yang melekat di atasnya, menjadi najis pula.",
Bilangan,19,16,Bilangan 19:16,"Siapa pun di padang terbuka menyentuh orang yang terbunuh dengan pedang, menyentuh mayat biasa, menyentuh tulang-belulang manusia, atau menyentuh makam, ia menjadi najis tujuh hari lamanya.",
Bilangan,19,17,Bilangan 19:17,"Bagi orang yang najis itu ambillah sebagian dari abu kurban penghapus dosa yang dibakar, letakkan dalam sebuah wadah, lalu tuangkan padanya air segar dari mata air.",
Bilangan,19,18,Bilangan 19:18,"Selanjutnya, seorang yang suci harus mengambil ranting hisop dan mencelupkannya ke dalam air itu. Kemudian, air itu harus dipercikkan pada kemah tadi, pada semua wadah, pada orang-orang yang ada di kemah, atau pada orang yang telah menyentuh tulang-belulang, menyentuh mayat orang yang dibunuh, menyentuh mayat biasa, atau menyentuh makam tadi.",
Bilangan,19,19,Bilangan 19:19,"Orang yang suci itu harus memerciki orang yang najis itu, baik pada hari ketiga maupun pada hari ketujuh, dan pada hari ketujuh ia harus menyucikannya. Kemudian, orang itu harus mencuci pakaiannya, membasuh dirinya dengan air, hingga pada waktu magrib ia menjadi suci.",
Bilangan,19,20,Bilangan 19:20,"Akan tetapi, orang yang menjadi najis dan tidak menyucikan dirinya harus disingkirkan dari antara umat karena ia telah menajiskan tempat suci ALLAH. Ia tetap najis karena air pembersih kecemaran tidak dipercikkan kepadanya.",
Bilangan,19,21,Bilangan 19:21,"Itulah ketetapan yang berlaku untuk seterusnya bagi mereka. Orang yang memercikkan air pembersih kecemaran itu pun harus mencuci pakaiannya, dan orang yang menyentuh air pembersih kecemaran itu menjadi najis sampai magrib.",
Bilangan,19,22,Bilangan 19:22,"Barang apa pun yang disentuh oleh orang yang najis akan menjadi najis, dan siapa menyentuh barang itu akan menjadi najis juga sampai magrib.”",
Bilangan,20,1,Bilangan 20:1,"Bani Israil, yaitu seluruh umat itu, sampai di Padang Belantara Zin pada bulan pertama, lalu bangsa itu tinggal di Kades. Di sanalah Miryam meninggal dan dimakamkan.",Miryam Meninggal
Bilangan,20,2,Bilangan 20:2,"Suatu waktu, tidak ada air bagi umat itu. Maka, berkumpullah mereka menentang Musa dan Harun.",Pelanggaran Nabi Musa dan Imam Harun
Bilangan,20,3,Bilangan 20:3,"Bangsa itu berbantah dengan Musa dan berkata, “Kalau saja kami mati ketika saudara-saudara kami itu mati di hadirat ALLAH!",
Bilangan,20,4,Bilangan 20:4,Mengapa kamu membawa jemaah ALLAH ke padang belantara ini? Supaya kami dan ternak kami mati di sini?,
Bilangan,20,5,Bilangan 20:5,"Mengapa pula kamu memimpin kami keluar dari Mesir dan membawa kami ke tempat celaka ini, yang bukan tempat biji-bijian, bukan tempat pohon ara, pohon anggur, atau pohon delima, bahkan air minum pun tidak ada?”",
Bilangan,20,6,Bilangan 20:6,"Musa dan Harun pergi meninggalkan jemaah itu menuju pintu Kemah Hadirat Allah, lalu mereka pun bersujud. Kemudian, kemuliaan ALLAH tampak di hadapan mereka.",
Bilangan,20,7,Bilangan 20:7,"Firman ALLAH kepada Musa,",
Bilangan,20,8,Bilangan 20:8,"“Ambillah tongkatmu, lalu bersama Harun abangmu kumpulkanlah jemaah itu. Berbicaralah kepada bukit batu itu di depan mata mereka agar bukit batu itu mengeluarkan airnya. Begitulah cara engkau mengeluarkan air dari bukit batu itu bagi mereka dan memberi minum umat itu beserta ternak-ternaknya.”",
Bilangan,20,9,Bilangan 20:9,"Musa mengambil tongkat itu dari hadirat ALLAH, seperti yang diperintahkan-Nya kepadanya.",
Bilangan,20,10,Bilangan 20:10,"Kemudian, Musa dan Harun mengumpulkan umat itu di depan bukit batu. Kata Musa kepada mereka, “Dengarlah, hai orang-orang durhaka! Haruskah kami mengeluarkan air bagimu dari bukit batu ini?”",
Bilangan,20,11,Bilangan 20:11,"Lalu, Musa mengangkat tangannya dan memukul bukit batu itu dua kali dengan tongkatnya. Maka, keluarlah air dengan limpahnya, dan minumlah umat itu beserta ternak mereka.",
Bilangan,20,12,Bilangan 20:12,"Akan tetapi, ALLAH berfirman kepada Musa dan Harun, “Karena kamu tidak percaya kepada-Ku dan tidak menyatakan kesucian-Ku di depan mata bani Israil, maka kamu tidak akan membawa jemaah ini masuk ke negeri yang akan Kukaruniakan kepada mereka.”",
Bilangan,20,13,Bilangan 20:13,"Itulah mata air Meriba. Di situlah bani Israil berbantah dengan ALLAH, dan di situ pulalah Ia menyatakan kesucian-Nya di antara mereka.",
Bilangan,20,14,Bilangan 20:14,"Musa mengirim beberapa utusan dari Kades kepada raja Edom dengan pesan, “Beginilah kata saudaramu Israil, ‘Engkau tahu segala kesusahan yang telah menimpa kami.",Orang Edom (Bani Esau) Menolak Permintaan Bani Israil
Bilangan,20,15,Bilangan 20:15,"Nenek moyang kami dulu pergi ke Mesir dan kami tinggal lama sekali di Mesir. Tetapi kemudian, orang Mesir memperlakukan kami dan nenek moyang kami dengan jahat.",
Bilangan,20,16,Bilangan 20:16,"Kami berseru kepada ALLAH, lalu Ia mendengar suara kami dan mengutus malaikat untuk membawa kami keluar dari Mesir. Sekarang ini kami berada di Kades, sebuah kota di tepi perbatasanmu.",
Bilangan,20,17,Bilangan 20:17,Izinkanlah kami melewati negerimu. Kami tidak akan melewati ladang atau kebun anggurmu dan kami pun tidak akan minum air sumurmu. Kami akan berjalan di jalan raya raja saja tanpa menyimpang ke kanan atau ke kiri sampai kami melewati perbatasanmu.’”,
Bilangan,20,18,Bilangan 20:18,"Tetapi, kata orang Edom kepada mereka, “Kamu tidak boleh melewati daerah kami! Jangan sampai kami keluar menghadapi kamu dengan pedang!”",
Bilangan,20,19,Bilangan 20:19,"Kata bani Israil kepada mereka, “Kami hanya akan berjalan melalui jalan raya. Kalaupun kami dan ternak kami meminum airmu, kami akan membayarnya. Hanya, izinkanlah kami lewat dengan berjalan kaki. Tidak ada permintaan lain lagi.”",
Bilangan,20,20,Bilangan 20:20,"Tetapi, jawab mereka, “Kamu tidak boleh lewat.” Lalu, orang Edom keluar menghadapi mereka dengan banyak rakyat dan dengan pasukan yang kuat.",
Bilangan,20,21,Bilangan 20:21,"Karena orang Edom menolak mengizinkan orang Israil melewati daerahnya, maka berbaliklah orang Israil meninggalkan mereka.",
Bilangan,20,22,Bilangan 20:22,"Setelah seluruh umat bani Israil berangkat dari Kades, sampailah mereka di Gunung Hor.",Imam Harun Wafat
Bilangan,20,23,Bilangan 20:23,"Kemudian, di Gunung Hor itu, di perbatasan Tanah Edom, ALLAH berfirman kepada Musa dan Harun,",
Bilangan,20,24,Bilangan 20:24,“Harun akan dikumpulkan bersama kaum leluhurnya. Ia tidak akan masuk ke negeri yang Kukaruniakan kepada bani Israil sebab kamu berdua telah mendurhaka terhadap firman-Ku di mata air Meriba.,
Bilangan,20,25,Bilangan 20:25,"Panggillah Harun dan Eleazar, anaknya, dan bawalah mereka naik ke Gunung Hor.",
Bilangan,20,26,Bilangan 20:26,"Kemudian, tanggalkanlah pakaian Harun dan kenakanlah pada Eleazar, anaknya, karena Harun akan dikumpulkan bersama kaum leluhurnya. Ia akan mati di sana.”",
Bilangan,20,27,Bilangan 20:27,Musa melakukan seperti yang diperintahkan ALLAH. Mereka naik ke Gunung Hor di depan mata seluruh umat itu.,
Bilangan,20,28,Bilangan 20:28,"Di sana Musa menanggalkan pakaian Harun dan mengenakannya kepada Eleazar, anaknya. Kemudian, wafatlah Harun di sana, di puncak gunung itu. Setelah itu, Musa dan Eleazar turun dari gunung itu.",
Bilangan,20,29,Bilangan 20:29,"Ketika seluruh umat itu mengetahui bahwa Harun telah wafat, maka seluruh kaum keturunan Israil pun menangisi Harun tiga puluh hari lamanya.",
Bilangan,21,1,Bilangan 21:1,"Raja negeri Arad, orang Kanaan yang tinggal di Tanah Negeb, mendengar bahwa bani Israil datang melalui jalan Atarim. Lalu, berperanglah ia melawan bani Israil dan menawan beberapa orang dari mereka.",Peperangan dekat Horma
Bilangan,21,2,Bilangan 21:2,"Kemudian, orang Israil bernazar kepada ALLAH, katanya, “Jika Engkau menyerahkan bangsa ini ke dalam tangan kami, maka kami akan menumpas kota-kota mereka.”",
Bilangan,21,3,Bilangan 21:3,"ALLAH mendengar perkataan orang Israil dan menyerahkan orang Kanaan itu. Mereka pun menumpas orang-orang itu sekaligus kota-kotanya. Itulah sebabnya, tempat itu dinamai Horma.",
Bilangan,21,4,Bilangan 21:4,"Kemudian, mereka melanjutkan perjalanan dari Gunung Hor ke arah Laut Merah untuk mengelilingi Tanah Edom. Akan tetapi, bangsa itu tidak dapat menahan hati lagi di tengah jalan.",Ular Tembaga
Bilangan,21,5,Bilangan 21:5,"Mereka berkata-kata melawan Allah dan Musa, “Mengapa kamu memimpin kami keluar dari Mesir? Supaya kami mati di padang belantara? Sesungguhnya, di sini tidak ada roti dan tidak ada air, dan kami muak dengan makanan sial ini!”",
Bilangan,21,6,Bilangan 21:6,"Kemudian, ALLAH melepas ular-ular berbisa ke tengah-tengah bangsa itu. Ular-ular itu memaguti bangsa itu sehingga banyak rakyat Israil yang mati.",
Bilangan,21,7,Bilangan 21:7,"Maka, datanglah bangsa itu kepada Musa dan berkata, “Kami telah berdosa sebab kami berkata-kata melawan ALLAH dan engkau. Berdoalah kepada ALLAH supaya Ia menjauhkan ular-ular ini dari kami.” Lalu, Musa berdoa bagi bangsa itu,",
Bilangan,21,8,Bilangan 21:8,"dan ALLAH berfirman kepada Musa, “Buatlah wujud ular berbisa dan taruhlah di atas sebuah tiang. Siapa pun yang dipagut oleh ular tadi akan tetap hidup kalau ia melihat patung ular itu.”",
Bilangan,21,9,Bilangan 21:9,"Lalu, Musa membuat ular tembaga dan menaruhnya di atas sebuah tiang. Setiap orang yang dipagut oleh ular, lalu memandang ular tembaga itu tetap hidup.",
Bilangan,21,10,Bilangan 21:10,"Selanjutnya, berangkatlah bani Israil, lalu berkemah di Obot.",Perjalanan ke Daerah Moab
Bilangan,21,11,Bilangan 21:11,"Setelah itu, mereka berangkat pula meninggalkan Obot, lalu berkemah di reruntuhan Abarim, di padang belantara yang menghadap ke Moab, di sebelah timur.",
Bilangan,21,12,Bilangan 21:12,"Dari situ mereka melanjutkan perjalanan, lalu berkemah di Lembah Zered.",
Bilangan,21,13,Bilangan 21:13,"Dari sana mereka pun berangkat lagi, lalu berkemah di seberang Sungai Arnon di padang belantara, yang mengalir dari daerah orang Amori. Sungai Arnon adalah perbatasan antara daerah orang Moab dengan orang Amori.",
Bilangan,21,14,Bilangan 21:14,"Itulah sebabnya, disebutkan di dalam Kitab Hikayat Peperangan ALLAH, “Waheb di Sufa dan lembah-lembah Sungai Arnon,",
Bilangan,21,15,Bilangan 21:15,"dan lereng lembah-lembah yang terbentang ke arah Kota Ar, condong ke perbatasan Moab.”",
Bilangan,21,16,Bilangan 21:16,"Dari situ mereka berangkat menuju Beer. Inilah sumur tempat ALLAH berfirman kepada Musa, “Kumpulkanlah bangsa itu, Aku akan memberi mereka air.”",
Bilangan,21,17,Bilangan 21:17,"Pada waktu itu orang Israil menyanyikan nyanyian ini: “Berbual-buallah, hai sumur! Bernyanyilah tentang dia,",
Bilangan,21,18,Bilangan 21:18,"sumur yang digali oleh para pembesar, yang dikorek oleh kaum bangsawan di antara bangsa itu dengan tongkat pemerintahan dan dengan tongkat-tongkat mereka.” Selanjutnya, dari padang belantara mereka berangkat ke Matana,",
Bilangan,21,19,Bilangan 21:19,"dari Matana ke Nahaliel, dari Nahaliel ke Bamot,",
Bilangan,21,20,Bilangan 21:20,"dari Bamot ke lembah yang di daerah Moab, dekat puncak Gunung Pisga yang menghadap ke padang belantara.",
Bilangan,21,21,Bilangan 21:21,"Kemudian, orang Israil mengirim beberapa utusan kepada Sihon, raja orang Amori, dengan pesan,","Peperangan Melawan Sihon, Raja Hesbon"
Bilangan,21,22,Bilangan 21:22,"“Izinkanlah kami melewati negerimu. Kami tidak akan menyimpang memasuki ladang atau kebun-kebun anggurmu, dan kami tidak akan minum air dari sumurmu. Kami hendak berjalan menyusuri jalan raya raja saja sampai kami melewati perbatasanmu.”",
Bilangan,21,23,Bilangan 21:23,"Akan tetapi, Sihon tidak mengizinkan orang Israil melewati daerahnya. Sebaliknya, ia mengerahkan seluruh pasukannya, lalu keluar mendatangi orang Israil di padang belantara. Setibanya di Yahas berperanglah ia melawan orang Israil.",
Bilangan,21,24,Bilangan 21:24,"Namun, orang Israil mengalahkannya dengan mata pedang dan menduduki negerinya dari Sungai Arnon sampai ke Sungai Yabok, hingga sejauh perbatasan bani Amon, karena perbatasan bani Amon itu kuat.",
Bilangan,21,25,Bilangan 21:25,"Orang Israil merebut semua kota itu, lalu tinggal di kota-kota orang Amori, yaitu di Hesbon dan di kota-kota kecil sekitarnya.",
Bilangan,21,26,Bilangan 21:26,"Hesbon adalah kota kediaman Sihon, raja orang Amori. Ia pernah berperang melawan raja Moab yang terdahulu dan merebut seluruh negeri itu dari tangannya, sampai ke Arnon.",
Bilangan,21,27,Bilangan 21:27,"Itulah sebabnya, para penyair berkata, “Datanglah ke Hesbon, biarlah kota kediaman Sihon itu dibangun dan diperkuat!",
Bilangan,21,28,Bilangan 21:28,"Api keluar dari Hesbon, nyala api dari kota kediaman Sihon, menghanguskan Ar-Moab, warga tempat-tempat tinggi dekat Sungai Arnon.",
Bilangan,21,29,Bilangan 21:29,"Celakalah engkau, hai Moab! Binasalah engkau, hai umat Dewa Kamos! Ia membuat anak-anak lelakinya menjadi pelarian dan anak-anak perempuannya menjadi tawanan bagi Sihon, raja orang Amori.",
Bilangan,21,30,Bilangan 21:30,"Kita telah memanahi mereka maka Hesbon binasa sampai ke Dibon. Kita pun telah menanduskannya sampai ke Nofah, yang terbentang sampai ke Medeba.”",
Bilangan,21,31,Bilangan 21:31,Demikianlah bani Israil tinggal di negeri orang Amori.,"Peperangan Melawan Og, Raja Basan"
Bilangan,21,32,Bilangan 21:32,"Kemudian, Musa mengutus orang untuk mengintai Yaezer, lalu mereka berhasil merebut kota-kota kecil di sekitarnya dan menghalau orang Amori yang ada di sana.",
Bilangan,21,33,Bilangan 21:33,"Setelah itu, mereka berbalik dan maju ke arah Basan. Og, raja Basan, keluar menghadapi mereka beserta seluruh pasukannya untuk berperang di Edrei.",
Bilangan,21,34,Bilangan 21:34,"Tetapi, ALLAH berfirman kepada Musa, “Jangan takut kepadanya karena Aku telah menyerahkan dia dan seluruh pasukannya ke dalam tanganmu, bahkan seluruh negerinya. Perlakukanlah dia seperti engkau memperlakukan Sihon, raja orang Amori, yang tinggal di Hesbon.”",
Bilangan,21,35,Bilangan 21:35,"Maka, mereka pun mengalahkan dia, anak-anaknya, dan seluruh pasukannya, tak seorang pun luput. Setelah itu, mereka menduduki negerinya.",
Bilangan,22,1,Bilangan 22:1,"Kemudian, berangkatlah bani Israil, lalu berkemah di Dataran Moab, di seberang Sungai Yordan dekat Yerikho.","Bileam Dipanggil oleh Balak, Raja Moab"
Bilangan,22,2,Bilangan 22:2,Balak bin Zipor melihat segala sesuatu yang dilakukan bani Israil terhadap orang Amori.,"Bileam Dipanggil oleh Balak, Raja Moab"
Bilangan,22,3,Bilangan 22:3,Orang Moab pun menjadi sangat takut kepada bangsa itu karena jumlah mereka sangat banyak. Hati mereka kecut menghadapi bani Israil.,
Bilangan,22,4,Bilangan 22:4,"Lalu, kata mereka kepada para tua-tua Midian, “Sekarang pasukan besar itu akan melahap segala sesuatu di sekeliling kita seperti sapi melahap tumbuhan hijau di padang.” Maka, Balak bin Zipor, raja Moab pada waktu itu,",
Bilangan,22,5,Bilangan 22:5,"mengirimkan beberapa utusan kepada Bileam bin Beor di Petor. Petor terletak di tepi Sungai Efrat, di negeri orang-orang yang seketurunan dengan bangsanya. Kepadanya dipesankan, “Ketahuilah, ada suatu bangsa keluar dari Mesir. Sungguh, mereka menutupi permukaan bumi, dan sekarang mereka sedang tinggal berseberangan dengan aku.",
Bilangan,22,6,Bilangan 22:6,"Sebab itu, datanglah kemari sekarang dan kutukilah bangsa itu bagiku karena mereka lebih kuat daripada aku. Siapa tahu aku dapat mengalahkan mereka dan menghalau mereka dari negeri ini. Karena aku tahu jika engkau memohonkan berkah bagi seseorang, ia memperoleh berkah, dan jika engkau mengutuk seseorang, ia memperoleh kutuk.”",
Bilangan,22,7,Bilangan 22:7,"Kemudian, berangkatlah para tua-tua Moab dan para tua-tua Midian dengan membawa upah tenung. Sesampainya mereka di tempat Bileam, mereka pun menyampaikan kepadanya pesan Balak.",
Bilangan,22,8,Bilangan 22:8,"Kata Bileam kepada mereka, “Bermalamlah di sini, aku akan memberimu jawaban sesuai dengan apa yang difirmankan ALLAH kepadaku.” Maka, tinggallah para pembesar Moab itu di tempat Bileam.",
Bilangan,22,9,Bilangan 22:9,"Kemudian, Allah mendatangi Bileam dan berfirman, “Siapa orang-orang yang ada bersamamu itu?”",
Bilangan,22,10,Bilangan 22:10,"Jawab Bileam kepada Allah, “Balak bin Zipor, raja Moab, mengutus mereka kepadaku dengan pesan,",
Bilangan,22,11,Bilangan 22:11,"‘Ketahuilah, ada suatu bangsa keluar dari Mesir, dan mereka menutupi permukaan bumi. Sekarang datanglah kemari dan kutukilah mereka bagiku. Siapa tahu aku dapat memerangi mereka dan menghalau mereka.’”",
Bilangan,22,12,Bilangan 22:12,"Firman Allah kepada Bileam, “Jangan pergi bersama mereka dan jangan kutuki bangsa itu karena mereka adalah bangsa yang diberkahi.”",
Bilangan,22,13,Bilangan 22:13,"Bangunlah Bileam pada pagi hari. Lalu, katanya kepada para pembesar Balak, “Pulanglah ke negerimu karena ALLAH tidak mengizinkan aku pergi besertamu.”",
Bilangan,22,14,Bilangan 22:14,"Maka, para pembesar Moab itu segera pulang kepada Balak dan berkata, “Bileam tidak mau datang bersama kami.”",
Bilangan,22,15,Bilangan 22:15,Balak pun mengutus lagi beberapa pembesar lebih banyak dan lebih mulia daripada yang terdahulu.,
Bilangan,22,16,Bilangan 22:16,"Sesampainya orang-orang itu di tempat Bileam, berkatalah mereka kepadanya, “Beginilah titah Balak bin Zipor, ‘Jangan biarkan sesuatu menghalangimu untuk datang kepadaku",
Bilangan,22,17,Bilangan 22:17,"karena aku akan membuatmu sangat kaya. Apa pun yang kauminta kepadaku akan kulakukan. Sebab itu, datanglah kemari dan kutukilah bangsa itu bagiku.’”",
Bilangan,22,18,Bilangan 22:18,"Jawab Bileam kepada pegawai-pegawai Balak, “Sekalipun Balak memberikan kepadaku perak dan emas seistana penuh, aku tidak dapat melanggar firman ALLAH, Tuhanku, baik itu perkara besar atau pun kecil.",
Bilangan,22,19,Bilangan 22:19,"Sekarang, tinggallah bersamaku di sini, aku akan mencari tahu apa lagi yang akan difirmankan ALLAH kepadaku.”",
Bilangan,22,20,Bilangan 22:20,"Lalu, Allah mendatangi Bileam pada malam hari dan berfirman kepadanya, “Jika orang-orang itu memang datang untuk memanggilmu, pergilah segera bersama mereka, tetapi hanya yang Kufirmankan kepadamu saja yang harus kaulakukan.”",
Bilangan,22,21,Bilangan 22:21,"Bileam bangun pagi-pagi. Dipelanainya keledainya, lalu pergi bersama para pembesar Moab itu.",Keledai Bileam dan Malaikat Allah
Bilangan,22,22,Bilangan 22:22,"Akan tetapi, murka Allah menyala karena ia pergi, dan Malaikat ALLAH berdiri di jalan, menghadangnya sebagai lawan. Pada waktu itu Bileam menunggangi keledainya dan kedua pelayannya menyertainya.",
Bilangan,22,23,Bilangan 22:23,"Ketika keledai itu melihat Malaikat ALLAH berdiri di jalan dengan pedang terhunus di tangannya, menyimpanglah keledai itu dari jalan, lalu masuk ke ladang. Bileam memukul keledainya supaya kembali ke jalan.",
Bilangan,22,24,Bilangan 22:24,"Kemudian, Malaikat ALLAH berdiri di jalan yang sempit di antara kebun-kebun anggur, diapit tembok di kiri kanannya.",
Bilangan,22,25,Bilangan 22:25,"Ketika keledai itu melihat Malaikat ALLAH, ia merapatkan tubuhnya pada tembok sehingga kaki Bileam terhimpit tembok. Lalu, ia memukul keledainya lagi.",
Bilangan,22,26,Bilangan 22:26,"Setelah itu, Malaikat ALLAH berjalan terus dan berdiri di suatu tempat sempit tanpa ada jalan untuk menyimpang ke kanan atau ke kiri.",
Bilangan,22,27,Bilangan 22:27,"Ketika keledai itu melihat Malaikat ALLAH lagi, ia merebahkan tubuhnya sementara Bileam masih berada di punggungnya. Maka, meluaplah amarah Bileam sehingga ia memukul keledai itu dengan tongkatnya.",
Bilangan,22,28,Bilangan 22:28,"Kemudian, ALLAH membuat keledai itu dapat bicara. Kata keledai itu kepada Bileam, “Apa yang kulakukan terhadapmu sehingga engkau memukul aku tiga kali?”",
Bilangan,22,29,Bilangan 22:29,"Jawab Bileam kepada keledai itu, “Karena engkau mempermainkan aku! Kalau saja ada pedang di tanganku, tentulah engkau kubunuh sekarang.”",
Bilangan,22,30,Bilangan 22:30,"Kata keledai itu kepada Bileam, “Bukankah aku ini keledaimu yang kautunggangi seumur hidupmu sampai hari ini? Apakah aku biasa berbuat demikian padamu?” Jawabnya, “Tidak.”",
Bilangan,22,31,Bilangan 22:31,"Kemudian, ALLAH menyingkapkan mata Bileam sehingga ia melihat Malaikat ALLAH berdiri di jalan dengan pedang terhunus di tangannya. Maka, membungkuklah ia dan sujud memberi hormat.",
Bilangan,22,32,Bilangan 22:32,"Sabda Malaikat ALLAH kepadanya, “Mengapa engkau memukul keledaimu sampai tiga kali? Ketahuilah, Aku keluar sebagai lawanmu sebab kelakuanmu di hadapan-Ku serampangan.",
Bilangan,22,33,Bilangan 22:33,"Keledai ini melihat Aku dan sudah tiga kali menyimpang dari hadapan-Ku. Kalau keledai itu tidak menyimpang dari hadapan-Ku, tentulah engkau sudah Kubunuh, dan keledai itu Kubiarkan hidup.”",
Bilangan,22,34,Bilangan 22:34,"Kata Bileam kepada Malaikat ALLAH, “Hamba telah berdosa karena hamba tidak tahu bahwa Engkau berdiri di jalan menghadang hamba. Sekarang, jika Engkau tidak berkenan akan hal ini, maka hamba hendak pulang.”",
Bilangan,22,35,Bilangan 22:35,"Sabda Malaikat ALLAH kepada Bileam, “Pergilah bersama orang-orang itu, tetapi hanya yang Kusabdakan kepadamu saja yang harus kaukatakan.” Maka, pergilah Bileam bersama para pembesar Balak.",
Bilangan,22,36,Bilangan 22:36,"Setelah Balak mendengar bahwa Bileam datang, keluarlah ia menyongsong Bileam ke Kota Moab yang terletak di perbatasan Sungai Arnon, di ujung perbatasan daerahnya.",Bileam Diminta Raja Balak Mengutuk Bani Israil
Bilangan,22,37,Bilangan 22:37,"Kemudian, Balak berkata kepada Bileam, “Bukankah aku sudah mengutus orang untuk memanggilmu? Mengapa engkau tidak mau datang kepadaku? Tidakkah aku mampu membuatmu kaya?”",
Bilangan,22,38,Bilangan 22:38,"Jawab Bileam kepada Balak, “Nah, aku sudah datang kepadamu sekarang! Tetapi, mungkinkah aku dapat mengatakan sesuatu? Firman yang diberitahukan Allah kepadaku, itulah yang akan kukatakan.”",
Bilangan,22,39,Bilangan 22:39,"Kemudian, Bileam pergi bersama Balak, dan sampailah mereka di Kiryat-Huzot.",
Bilangan,22,40,Bilangan 22:40,"Balak mengurbankan beberapa ekor dari kawanan sapi dan kawanan kambing domba, lalu mengirimkannya pula kepada Bileam serta para pembesar yang menyertainya.",
Bilangan,22,41,Bilangan 22:41,Pagi harinya Balak memanggil Bileam dan membawanya ke Bukit Baal. Dari sana ia melihat sebagian dari bangsa Israil.,
Bilangan,23,1,Bilangan 23:1,"Kata Bileam kepada Balak, “Dirikanlah bagiku di sini tujuh buah mazbah, yaitu tempat pembakaran kurban, dan sediakanlah bagiku di sini tujuh ekor sapi jantan serta tujuh ekor domba jantan.”",Ucapan Berkah atas Bani Israil
Bilangan,23,2,Bilangan 23:2,"Balak melakukan seperti yang dikatakan Bileam, lalu Balak dan Bileam mempersembahkan seekor sapi jantan dan seekor domba jantan di atas setiap mazbah itu.",
Bilangan,23,3,Bilangan 23:3,"Setelah itu, Bileam berkata kepada Balak, “Berdirilah di samping kurban bakaranmu sementara aku pergi. Mungkin ALLAH akan datang menemuiku, dan apa pun yang dinyatakan-Nya kepadaku akan kuberitahukan kepadamu.” Lalu, pergilah ia ke sebuah bukit yang gundul.",
Bilangan,23,4,Bilangan 23:4,"Allah menemui Bileam, dan Bileam berkata kepada-Nya, “Aku telah mengatur tujuh buah mazbah, dan di atas setiap mazbah itu telah kupersembahkan seekor sapi jantan dan seekor domba jantan.”",Ucapan Berkah atas Bani Israil
Bilangan,23,5,Bilangan 23:5,"ALLAH pun memberitahukan kepada Bileam apa yang harus dikatakannya, lalu berfirman, “Kembalilah kepada Balak dan katakanlah demikian.”",
Bilangan,23,6,Bilangan 23:6,"Ketika Bileam kembali kepadanya, tampak Balak masih berdiri di samping kurban bakarannya, disertai semua pembesar Moab.",
Bilangan,23,7,Bilangan 23:7,"Kemudian, Bileam mengucapkan sanjaknya, katanya, “Dari Aram, dari gunung-gunung wilayah timur, aku dijemput oleh Balak, raja Moab. Katanya, ‘Datanglah, kutukilah Yakub bagiku. Datanglah, serapahilah Israil.’",
Bilangan,23,8,Bilangan 23:8,Bagaimana mungkin aku mengutuki yang tak dikutuki Allah? Bagaimana mungkin aku menyerapahi yang tak diserapahi ALLAH?,
Bilangan,23,9,Bilangan 23:9,"Dari puncak gunung-gunung batu aku melihat mereka, dari atas bukit-bukit aku memandang mereka. Lihat, suatu bangsa yang diam tersendiri dan tak mau dihitung di antara bangsa-bangsa.",
Bilangan,23,10,Bilangan 23:10,"Siapa dapat menghitung debu Yakub, atau membilang seperempat bagian bani Israil? Biarlah aku mati seperti matinya orang jujur, dan biarlah kesudahanku seperti kesudahan mereka.”",
Bilangan,23,11,Bilangan 23:11,"Maka, kata Balak kepada Bileam, “Apa yang kaulakukan terhadapku? Aku menjemput engkau supaya engkau mengutuki musuhku, tetapi engkau malah mengucapkan berkah atas mereka.”",
Bilangan,23,12,Bilangan 23:12,"Jawabnya, “Bukankah aku harus berhati-hati supaya aku mengatakan apa yang diberitahukan ALLAH kepadaku?”",
Bilangan,23,13,Bilangan 23:13,"Kemudian, kata Balak kepadanya, “Mari pergi bersamaku ke tempat lain. Dari sana engkau dapat melihat mereka. Engkau akan melihat sebagian saja dari mereka, tidak semuanya. Kutukilah mereka bagiku dari sana.”",
Bilangan,23,14,Bilangan 23:14,"Dibawanya Bileam ke Padang Zofim, ke puncak Gunung Pisga. Di situ ia mendirikan tujuh buah mazbah, dan di atas setiap mazbah itu ia mempersembahkan seekor sapi jantan dan seekor domba jantan.",
Bilangan,23,15,Bilangan 23:15,"Bileam pun berkata kepada Balak, “Berdirilah di sini, di samping kurban bakaranmu, sementara aku bertemu dengan Allah di sana.”",
Bilangan,23,16,Bilangan 23:16,"Lalu, ALLAH menemui Bileam, memberitahukan kepadanya apa yang harus dikatakannya dan berfirman, “Kembalilah kepada Balak dan katakanlah demikian.”",
Bilangan,23,17,Bilangan 23:17,"Ketika ia sampai kepada Balak, tampak Balak masih berdiri di samping kurban bakarannya disertai para pembesar Moab. Balak bertanya kepadanya, “Apa yang difirmankan ALLAH?”",
Bilangan,23,18,Bilangan 23:18,"Bileam pun mengucapkan sanjaknya, katanya, “Marilah, hai Balak, dengarkanlah. Perhatikanlah aku, hai anak Zipor.",
Bilangan,23,19,Bilangan 23:19,"Allah bukanlah manusia sehingga Ia berbohong, bukan bani Adam sehingga Ia menyesal. Jika Ia berfirman, masakan Ia tidak melakukannya? Jika Ia berbicara, masakan Ia tidak melaksanakannya?",
Bilangan,23,20,Bilangan 23:20,"Sesungguhnya, aku menerima perintah untuk mengucapkan berkah. Jika Ia memberkahi, aku tidak dapat mengubahnya.",
Bilangan,23,21,Bilangan 23:21,"Tidak dilihat-Nya kejahatan pada Yakub, kezaliman pun tak tampak pada Israil. ALLAH, Tuhan mereka, menyertai mereka dan sorak seorang Raja ada di antara mereka.",
Bilangan,23,22,Bilangan 23:22,"Allah, yang membawa orang-orang itu keluar dari Mesir, adalah seperti tanduk banteng bagi mereka.",
Bilangan,23,23,Bilangan 23:23,"Sesungguhnya, tidak ada mantera yang ampuh terhadap Yakub, tidak ada tenungan yang mempan terhadap Israil. Pada waktunya akan dikatakan tentang Yakub dan tentang Israil, ‘Lihat, apa yang Allah kerjakan!’",
Bilangan,23,24,Bilangan 23:24,"Lihat, bangsa itu bangkit seperti singa betina, dan berdiri tegak seperti singa jantan. Mereka tidak akan berbaring sebelum memakan mangsanya dan meminum darah dari yang dibunuhnya.”",
Bilangan,23,25,Bilangan 23:25,"Maka, kata Balak kepada Bileam, “Jika engkau sekali-kali tidak mau mengutuki mereka, janganlah sekali-kali kauucapkan berkah atas mereka!”",
Bilangan,23,26,Bilangan 23:26,"Tetapi, jawab Bileam kepada Balak, “Bukankah telah kukatakan kepadamu, ‘Semua yang difirmankan ALLAH, itulah yang akan kulakukan’?”",
Bilangan,23,27,Bilangan 23:27,"Balak berkata lagi kepada Bileam, “Mari pergi. Aku akan membawamu ke tempat lain. Siapa tahu Allah memperkenankan engkau mengutuki mereka bagiku dari sana.”",
Bilangan,23,28,Bilangan 23:28,"Kemudian, Balak membawa Bileam ke puncak Gunung Peor yang menghadap ke padang belantara.",
Bilangan,23,29,Bilangan 23:29,"Kata Bileam kepada Balak, “Dirikanlah bagiku di sini tujuh buah mazbah, dan sediakanlah bagiku di sini tujuh ekor sapi jantan serta tujuh ekor domba jantan.”",
Bilangan,23,30,Bilangan 23:30,Balak melakukan seperti yang dikatakan Bileam. Dipersembahkannya seekor sapi jantan dan seekor domba jantan di atas setiap mazbah itu.,
Bilangan,24,1,Bilangan 24:1,"Setelah Bileam melihat bahwa ALLAH berkenan memberkahi Israil, maka ia tidak lagi pergi mencari pertanda seperti sebelumnya, tetapi ia menghadapkan wajahnya ke arah padang belantara.",Sanjak Bileam
Bilangan,24,2,Bilangan 24:2,"Bileam melayangkan pandang dan melihat bani Israil yang tengah berkemah menurut suku mereka masing-masing. Ruh Allah pun turun ke atasnya,",
Bilangan,24,3,Bilangan 24:3,"lalu ia mengucapkan sanjaknya, katanya, “Tutur kata Bileam bin Beor, tutur kata orang yang dahulu tertutup matanya.",
Bilangan,24,4,Bilangan 24:4,"Tutur kata orang yang mendengar firman Allah dan mendapat penglihatan dari Yang Mahakuasa; yang rebah, namun matanya tersingkap.",
Bilangan,24,5,Bilangan 24:5,"Betapa eloknya kemah-kemahmu, hai Yakub, dan tempat-tempat kediamanmu, hai Israil.",
Bilangan,24,6,Bilangan 24:6,"Semuanya bagaikan lembah yang terbentang, bagaikan taman di tepi sungai, bagaikan pohon gaharu yang ditanam ALLAH, bagaikan pohon aras di tepi air.",
Bilangan,24,7,Bilangan 24:7,"Air mengalir dari timbanya dan benihnya mendapat banyak air. Rajanya akan lebih tinggi daripada Agag, dan kerajaannya akan diagungkan.",
Bilangan,24,8,Bilangan 24:8,"Allah, yang membawanya keluar dari Mesir, adalah seperti tanduk banteng baginya. Ia akan melahap bangsa-bangsa yang menjadi lawannya, menghancurkan tulang-tulang mereka, dan meremukkan mereka dengan anak-anak panahnya.",
Bilangan,24,9,Bilangan 24:9,"Ia merunduk, mendekam seperti singa jantan atau singa betina. Siapa berani membangunkannya? Diberkahilah orang yang mengucapkan berkah atasmu, dan terkutuklah orang yang mengutukmu!”",
Bilangan,24,10,Bilangan 24:10,"Maka, menyalalah amarah Balak kepada Bileam. Ia menepukkan kedua tangannya dan berkata kepada Bileam, “Aku memanggil engkau untuk mengutuki musuhku, tetapi engkau malah mengucapkan berkah atas mereka hingga tiga kali!",Sanjak Bileam
Bilangan,24,11,Bilangan 24:11,"Sekarang, enyahlah engkau! Pulanglah ke tempatmu! Aku pernah berkata bahwa aku akan membuatmu kaya. Tetapi, lihat, ALLAH tak mengizinkanmu memperoleh kekayaan itu.”",
Bilangan,24,12,Bilangan 24:12,"Kata Bileam kepada Balak, “Bukankah telah kukatakan kepada utusan-utusan yang kaukirim kepadaku",
Bilangan,24,13,Bilangan 24:13,"bahwa sekalipun Balak memberikan kepadaku perak dan emas seistana penuh, aku tidak dapat melanggar firman ALLAH untuk melakukan hal yang baik atau jahat atas niat hatiku sendiri. Apa yang difirmankan ALLAH, itulah yang akan kukatakan.",
Bilangan,24,14,Bilangan 24:14,"Jadi, sekarang aku akan kembali kepada bangsaku. Tetapi, marilah, akan kuberitahukan kepadamu apa yang akan dilakukan bangsa itu terhadap bangsamu di kemudian hari.”",
Bilangan,24,15,Bilangan 24:15,"Lalu, ia mengucapkan sanjaknya, katanya, “Tutur kata Bileam bin Beor, tutur kata orang yang dahulu tertutup matanya.",
Bilangan,24,16,Bilangan 24:16,"Tutur kata orang yang mendengar firman Allah, yang mendapat pengetahuan dari Yang Mahatinggi dan mendapat penglihatan dari Yang Mahakuasa; yang rebah, namun matanya tersingkap:",
Bilangan,24,17,Bilangan 24:17,"Aku melihat dia, tetapi bukan sekarang. Aku memandang dia, tetapi bukan dari dekat. Sebuah bintang akan terbit dari Yakub, sebuah tongkat kerajaan akan timbul dari Israil, yang akan meremukkan pelipis-pelipis Moab dan merobohkan semua bani Set.",
Bilangan,24,18,Bilangan 24:18,"Edom akan diduduki, pula Seir, musuh-musuhnya, akan diduduki, sedangkan Israil akan melakukan perbuatan yang gagah perkasa.",
Bilangan,24,19,Bilangan 24:19,"Dari Yakub akan muncul seorang penguasa, yang akan membinasakan orang-orang yang terluput dari kota.”",
Bilangan,24,20,Bilangan 24:20,"Kemudian, ia memandang orang Amalek, lalu mengucapkan sanjaknya, katanya, “Amalek adalah yang pertama di antara bangsa-bangsa, tetapi akhirnya ia akan sampai pada kebinasaan.”",
Bilangan,24,21,Bilangan 24:21,"Ia memandang pula orang Keni, lalu mengucapkan sanjaknya, katanya, “Kokoh tempat kediamanmu, sarangmu terletak di bukit batu.",
Bilangan,24,22,Bilangan 24:22,"Namun, orang Keni akan disingkirkan. Tak lama lagi Asyur akan menawan engkau.”",
Bilangan,24,23,Bilangan 24:23,"Ia mengucapkan sanjaknya lagi, katanya, “Celaka! Siapa yang akan hidup ketika Allah melakukan hal itu?",
Bilangan,24,24,Bilangan 24:24,"Namun, akan datang kapal-kapal dari pesisir Siprus, menindas Asyur serta Heber, lalu ia pun akan sampai kepada kebinasaan.”",
Bilangan,24,25,Bilangan 24:25,"Setelah itu, Bileam segera kembali ke tempat tinggalnya, demikian pula Balak.",
Bilangan,25,1,Bilangan 25:1,"Pada waktu bani Israil tinggal di Sitim, bangsa itu mulai berzina dengan perempuan-perempuan Moab.",Bani Israil Menyembah Dewa Baal-Peor
Bilangan,25,2,Bilangan 25:2,Perempuan-perempuan ini mengundang bangsa itu mengikuti upacara kurban sembelihan bagi berhala mereka. Bangsa itu pun turut makan dan sujud menyembah berhala mereka.,
Bilangan,25,3,Bilangan 25:3,"Dengan demikian, Israil turut beribadah kepada Dewa Baal-Peor sehingga menyalalah murka ALLAH atas Israil.",
Bilangan,25,4,Bilangan 25:4,"Firman ALLAH kepada Musa, “Tangkaplah semua orang yang mengepalai bangsa itu dan gantunglah mereka di hadapan ALLAH di bawah terik matahari supaya murka ALLAH yang menyala terhadap Israil surut.”",
Bilangan,25,5,Bilangan 25:5,"Kemudian, Musa berkata kepada para hakim Israil, “Masing-masing kamu harus membunuh orang-orangmu yang telah turut beribadah kepada Dewa Baal-Peor.”",
Bilangan,25,6,Bilangan 25:6,"Pada waktu Musa dan seluruh umat bani Israil tengah menangis di depan pintu Kemah Hadirat Allah, muncullah di depan mata mereka seorang dari bani Israil membawa seorang perempuan Midian kepada sanak saudaranya.",
Bilangan,25,7,Bilangan 25:7,"Melihat hal itu, segeralah Pinehas bin Eleazar anak Imam Harun meninggalkan umat itu. Diambilnya sebuah tombak",
Bilangan,25,8,Bilangan 25:8,"dan dikejarnya orang Israil itu sampai ke dalam kemah, lalu ditikamnya perut mereka berdua, yaitu orang Israil serta perempuan itu. Maka, tulah yang melanda bani Israil itu pun berhenti.",
Bilangan,25,9,Bilangan 25:9,Orang yang mati karena tulah itu dua puluh empat ribu banyaknya.,
Bilangan,25,10,Bilangan 25:10,"Firman ALLAH kepada Musa,",
Bilangan,25,11,Bilangan 25:11,“Pinehas bin Eleazar anak Imam Harun telah menyurutkan murka-Ku dari bani Israil. Ia begitu bersemangat membela kehormatan-Ku di tengah-tengah mereka sehingga Aku tidak menghabisi bani Israil dalam tuntutan-Ku akan kesetiaan mereka.,
Bilangan,25,12,Bilangan 25:12,"Sebab itu, katakanlah bahwa sesungguhnya Aku mengaruniakan kepadanya perjanjian damai-Ku.",
Bilangan,25,13,Bilangan 25:13,Ia dan keturunannya kelak akan memperoleh perjanjian jabatan imam untuk selamanya karena ia begitu bersemangat membela Tuhannya serta mengusahakan pendamaian bagi bani Israil.”,
Bilangan,25,14,Bilangan 25:14,"Nama orang Israil yang mati dibunuh bersama-sama dengan perempuan Midian itu ialah Zimri bin Salu, seorang pemimpin kaum keluarga Simeon,",
Bilangan,25,15,Bilangan 25:15,sedangkan nama perempuan Midian yang dibunuh itu ialah Kozbi binti Zur. Zur adalah seorang kepala suku dari kaum keluarga orang Midian.,
Bilangan,25,16,Bilangan 25:16,"Firman ALLAH kepada Musa,",
Bilangan,25,17,Bilangan 25:17,“Lawanlah orang Midian dan tewaskanlah mereka,
Bilangan,25,18,Bilangan 25:18,"karena mereka telah melawan kamu dengan tipu daya. Mereka memperdayakan kamu, baik dalam hal Peor maupun dalam hal Kozbi, saudara perempuan mereka, anak pemimpin Midian yang dibunuh pada waktu tulah melanda karena Peor.”",
Bilangan,26,1,Bilangan 26:1,"Sesudah peristiwa tulah itu, ALLAH berfirman kepada Musa dan Eleazar, anak Imam Harun,",Laskar Israil Dihitung untuk Kedua Kalinya
Bilangan,26,2,Bilangan 26:2,"“Adakanlah cacah jiwa atas seluruh umat bani Israil, khususnya orang-orang yang berumur dua puluh tahun ke atas menurut kaum keluarga mereka, dan yang sanggup berperang.”",
Bilangan,26,3,Bilangan 26:3,"Maka, Musa dan Imam Eleazar berkata kepada mereka di dataran Moab, di tepi Sungai Yordan dekat Yerikho,",
Bilangan,26,4,Bilangan 26:4,“Hitunglah orang yang berumur dua puluh tahun ke atas!” seperti diperintahkan ALLAH kepada Musa. Inilah bani Israil yang keluar dari Tanah Mesir:,
Bilangan,26,5,Bilangan 26:5,"Keturunan Ruben, anak Israil yang sulung: kaum Henokh, dari Henokh; kaum Palu, dari Palu;",
Bilangan,26,6,Bilangan 26:6,"kaum Hezron, dari Hezron; kaum Karmi, dari Karmi.",
Bilangan,26,7,Bilangan 26:7,Itulah kaum-kaum bani Ruben. Jumlah yang terhitung dari mereka adalah 43.730 orang.,
Bilangan,26,8,Bilangan 26:8,"Anak Palu ialah Eliab,",
Bilangan,26,9,Bilangan 26:9,"sedangkan anak-anak Eliab ialah Nemuel, Datan, dan Abiram. Iniah Datan dan Abiram yang terpilih dari antara umat, namun yang kemudian melawan Musa dan Harun dalam kelompok Qarun ketika orang-orang itu melawan ALLAH.",
Bilangan,26,10,Bilangan 26:10,"Pada waktu itu, bumi mengangakan mulutnya dan menelan mereka bersama-sama dengan Qarun. Qarun beserta kelompoknya, yaitu 250 orang pengikutnya, mati dimakan api, dan mereka menjadi suatu tanda peringatan.",
Bilangan,26,11,Bilangan 26:11,"Tetapi, anak-anak Qarun tidak ikut mati.",
Bilangan,26,12,Bilangan 26:12,"Keturunan Simeon menurut kaum-kaum mereka: kaum Nemuel, dari Nemuel; kaum Yamin, dari Yamin; kaum Yakhin, dari Yakhin;",
Bilangan,26,13,Bilangan 26:13,"kaum Zerah, dari Zerah; kaum Saul, dari Saul.",
Bilangan,26,14,Bilangan 26:14,"Itulah kaum-kaum bani Simeon, 22.200 orang banyaknya.",
Bilangan,26,15,Bilangan 26:15,"Keturunan Gad menurut kaum-kaum mereka: kaum Zefon, dari Zefon; kaum Hagi, dari Hagi; kaum Syuni, dari Syuni;",
Bilangan,26,16,Bilangan 26:16,"kaum Ozni, dari Ozni; kaum Eri, dari Eri;",
Bilangan,26,17,Bilangan 26:17,"kaum Arod, dari Arod; kaum Areli, dari Areli.",
Bilangan,26,18,Bilangan 26:18,Itulah kaum-kaum bani Gad. Jumlah yang terhitung adalah 40.500 orang.,
Bilangan,26,19,Bilangan 26:19,"Anak-anak Yuda: Er dan Onan. Tetapi, Er dan Onan mati di Tanah Kanaan.",
Bilangan,26,20,Bilangan 26:20,"Keturunan Yuda menurut kaum-kaum mereka: kaum Syela, dari Syela; kaum Peres, dari Peres; kaum Zerah, dari Zerah.",
Bilangan,26,21,Bilangan 26:21,"Keturunan Peres: kaum Hezron, dari Hezron; kaum Hamul, dari Hamul.",
Bilangan,26,22,Bilangan 26:22,Itulah kaum-kaum bani Yuda. Jumlah yang terhitung adalah 76.500 orang.,
Bilangan,26,23,Bilangan 26:23,"Keturunan Isakhar menurut kaum-kaum mereka: kaum Tola, dari Tola; kaum Pua, dari Pua;",
Bilangan,26,24,Bilangan 26:24,"kaum Yasub, dari Yasub; kaum Simron, dari Simron.",
Bilangan,26,25,Bilangan 26:25,Itulah kaum-kaum bani Isakhar. Jumlah yang terhitung adalah 64.300 orang.,
Bilangan,26,26,Bilangan 26:26,"Keturunan Zebulon menurut kaum-kaum mereka: kaum Sered, dari Sered; kaum Elon, dari Elon; kaum Yahleel, dari Yahleel.",
Bilangan,26,27,Bilangan 26:27,Itulah kaum-kaum bani Zebulon. Jumlah yang terhitung adalah 60.500 orang.,
Bilangan,26,28,Bilangan 26:28,"Keturunan Yusuf menurut kaum-kaum mereka, dari Manasye dan Efraim adalah:",
Bilangan,26,29,Bilangan 26:29,"keturunan Manasye: kaum Makhir, dari Makhir; kaum Gilead, dari Gilead, anak Makhir.",
Bilangan,26,30,Bilangan 26:30,"keturunan Gilead: kaum Iezer, dari Iezer; kaum Helek, dari Helek;",
Bilangan,26,31,Bilangan 26:31,"kaum Asriel, dari Asriel; kaum Sekhem, dari Sekhem;",
Bilangan,26,32,Bilangan 26:32,"kaum Semida, dari Semida; kaum Hefer, dari Hefer.",
Bilangan,26,33,Bilangan 26:33,"Zelafehad bin Hefer tidak mempunyai anak laki-laki, melainkan anak perempuan saja. Nama anak-anak perempuan Zelafehad ialah Mahla, Noa, Hogla, Milka, dan Tirza.",
Bilangan,26,34,Bilangan 26:34,Itulah kaum-kaum bani Manasye. Jumlah yang terhitung adalah 52.700 orang.,
Bilangan,26,35,Bilangan 26:35,"Keturunan Efraim menurut kaum-kaum mereka: kaum Sutelah, dari Sutelah; kaum Bekher, dari Bekher; kaum Tahan, dari Tahan.",
Bilangan,26,36,Bilangan 26:36,"Keturunan Sutelah: kaum Eran, dari Eran.",
Bilangan,26,37,Bilangan 26:37,Itulah kaum-kaum bani Efraim. Jumlah yang terhitung adalah 32.500 orang. Itulah keturunan Yusuf menurut kaum-kaum mereka.,
Bilangan,26,38,Bilangan 26:38,"Keturunan Binyamin menurut kaum-kaum mereka: kaum Bela, dari Bela; kaum Asbel, dari Asbel; kaum Ahiram, dari Ahiram;",
Bilangan,26,39,Bilangan 26:39,"kaum Sefufam, dari Sefufam; kaum Hufam, dari Hufam.",
Bilangan,26,40,Bilangan 26:40,Anak-anak Bela: Ared dan Naaman. Kaum Ared adalah dari Ared; dan kaum Naaman adalah dari Naaman.,
Bilangan,26,41,Bilangan 26:41,Itulah keturunan Binyamin menurut kaum-kaum mereka. Jumlah yang terhitung adalah 45.600 orang.,
Bilangan,26,42,Bilangan 26:42,"Keturunan Dan menurut kaum mereka: kaum Suham, dari Suham. Itulah kaum bani Dan.",
Bilangan,26,43,Bilangan 26:43,Jumlah seluruh kaum Suham yang terhitung adalah 64.400 orang.,
Bilangan,26,44,Bilangan 26:44,"Keturunan Asyer menurut kaum-kaum mereka: kaum Yimna, dari Yimna; kaum Yiswi, dari Yiswi; kaum Beria, dari Beria.",
Bilangan,26,45,Bilangan 26:45,"Keturunan Beria: kaum Heber, dari Heber; kaum Malkiel, dari Malkiel.",
Bilangan,26,46,Bilangan 26:46,Nama anak perempuan Asyer ialah Serah.,
Bilangan,26,47,Bilangan 26:47,Itulah kaum-kaum bani Asyer. Jumlah yang terhitung adalah 53.400 orang.,
Bilangan,26,48,Bilangan 26:48,"Keturunan Naftali menurut kaum-kaum mereka: kaum Yahzeel, dari Yahzeel; kaum Guni, dari Guni;",
Bilangan,26,49,Bilangan 26:49,"kaum Yezer, dari Yezer; kaum Syilem, dari Syilem.",
Bilangan,26,50,Bilangan 26:50,Itulah kaum-kaum bani Naftali. Jumlah yang terhitung adalah 45.400 orang.,
Bilangan,26,51,Bilangan 26:51,"Itulah orang-orang yang terhitung dari bani Israil, 601.730 orang banyaknya.",
Bilangan,26,52,Bilangan 26:52,"ALLAH berfirman kepada Musa,",
Bilangan,26,53,Bilangan 26:53,“Kepada suku-suku itulah harus kaubagikan tanah menjadi milik pusaka mereka berdasarkan jumlah nama yang ada.,
Bilangan,26,54,Bilangan 26:54,"Kepada suku yang jumlah orangnya banyak, berilah milik pusaka yang besar, sedangkan kepada suku yang jumlah orangnya sedikit, berilah milik pusaka yang kecil. Masing-masing suku harus diberi milik pusaka berdasarkan jumlah orang yang terhitung.",
Bilangan,26,55,Bilangan 26:55,"Akan tetapi, tanah itu harus dibagikan dengan cara membuang undi. Jadi, mereka harus mendapatkan milik pusaka menurut nama suku-suku bapak leluhur mereka,",
Bilangan,26,56,Bilangan 26:56,"dan milik pusaka itu harus dibagikan di antara mereka berdasarkan undian, baik bagi suku yang banyak jumlah orangnya maupun yang sedikit.”",
Bilangan,26,57,Bilangan 26:57,"Inilah orang-orang yang terhitung dari bani Lewi menurut kaum-kaum mereka: kaum Gerson, dari Gerson; kaum Kehat, dari Kehat; kaum Merari, dari Merari.",
Bilangan,26,58,Bilangan 26:58,"Kaum yang lain dari bani Lewi: kaum Libni, kaum Hebron, kaum Mahli, kaum Musi, kaum Korah. Kehat mempunyai anak, yaitu Amram.",
Bilangan,26,59,Bilangan 26:59,"Nama istri Amram ialah Yokhebed binti Lewi, yang lahir bagi Lewi di Mesir. Bagi Amram perempuan itu melahirkan Harun, Musa, dan Miryam, saudara mereka yang perempuan.",
Bilangan,26,60,Bilangan 26:60,"Sedangkan bagi Harun lahirlah Nadab, Abihu, Eleazar, dan Itamar.",
Bilangan,26,61,Bilangan 26:61,Nadab dan Abihu mati ketika mereka mempersembahkan api yang tidak layak di hadirat ALLAH.,
Bilangan,26,62,Bilangan 26:62,"Jumlah yang terhitung adalah 23.000 orang, semuanya laki-laki berumur satu bulan ke atas. Mereka tidak dihitung bersama-sama dengan bani Israil lainnya karena mereka tidak diberi milik pusaka di tengah-tengah bani Israil.",
Bilangan,26,63,Bilangan 26:63,"Itulah orang-orang yang terhitung oleh Musa dan Imam Eleazar ketika keduanya menghitung bani Israil di Dataran Moab, di tepi Sungai Yordan dekat Yerikho.",
Bilangan,26,64,Bilangan 26:64,Di antara orang-orang ini tidak ada seorang pun yang dahulu dihitung oleh Musa dan Imam Harun ketika keduanya menghitung bani Israil di Padang Belantara Sinai,
Bilangan,26,65,Bilangan 26:65,"karena tentang orang-orang itu ALLAH telah berfirman, “Sesungguhnya, orang-orang itu pasti mati di padang belantara.” Dari mereka itu tak seorang pun yang masih hidup, selain Kaleb bin Yefune dan Yusak bin Nun.",
Bilangan,27,1,Bilangan 27:1,"Kemudian, datanglah anak-anak perempuan Zelafehad bin Hefer bin Gilead bin Makhir bin Manasye, dari kaum Manasye bin Yusuf. Nama-nama mereka ialah Mahla, Noa, Hogla, Milka, dan Tirza.",Hak Waris bagi Anak-Anak Perempuan
Bilangan,27,2,Bilangan 27:2,"Di depan pintu Kemah Hadirat Allah, mereka berdiri menghadap Musa, Imam Eleazar, para pemimpin, serta seluruh umat itu, lalu berkata,",
Bilangan,27,3,Bilangan 27:3,"“Ayah kami telah meninggal di padang belantara. Ia tidak termasuk orang-orang dalam kelompok Qarun yang bermufakat untuk melawan ALLAH, melainkan ia meninggal karena dosanya sendiri. Akan tetapi, ia tidak mempunyai anak laki-laki.",
Bilangan,27,4,Bilangan 27:4,"Mengapa nama ayah kami harus lenyap dari tengah-tengah kaumnya hanya karena ia tidak mempunyai anak laki-laki? Jadi, berilah kami tanah milik di antara saudara-saudara ayah kami.”",
Bilangan,27,5,Bilangan 27:5,Musa menyampaikan perkara mereka itu ke hadirat ALLAH.,
Bilangan,27,6,Bilangan 27:6,"Lalu, berfirmanlah ALLAH kepada Musa,",
Bilangan,27,7,Bilangan 27:7,"“Perkataan anak-anak perempuan Zelafehad itu benar. Engkau harus memberikan kepada mereka tanah milik pusaka di antara saudara-saudara ayah mereka, dan engkau harus mengalihkan milik pusaka ayah mereka kepada mereka.",
Bilangan,27,8,Bilangan 27:8,"Katakan pula kepada bani Israil, ‘Jika seseorang mati tanpa mempunyai anak laki-laki, alihkanlah milik pusakanya kepada anak-anak perempuannya.",
Bilangan,27,9,Bilangan 27:9,"Jika ia tidak mempunyai anak perempuan, berikanlah milik pusakanya kepada saudara-saudaranya yang lelaki.",
Bilangan,27,10,Bilangan 27:10,"Jika ia tidak mempunyai saudara lelaki, berikanlah milik pusakanya kepada saudara-saudara lelaki ayahnya.",
Bilangan,27,11,Bilangan 27:11,"Jika ayahnya tidak mempunyai saudara lelaki, berikanlah milik pusakanya kepada kerabat terdekat dari antara kaumnya untuk menjadi miliknya.’” Itulah ketetapan hukum yang harus diberlakukan bagi bani Israil, seperti yang diperintahkan ALLAH kepada Musa.",
Bilangan,27,12,Bilangan 27:12,"ALLAH berfirman kepada Musa, “Naiklah ke Gunung Abarim ini dan pandanglah negeri yang telah Kukaruniakan kepada bani Israil.",Nabi Yusak Menggantikan Nabi Musa
Bilangan,27,13,Bilangan 27:13,"Sesudah engkau memandangnya, engkau pun akan dikumpulkan bersama kaum leluhurmu seperti abangmu Harun",
Bilangan,27,14,Bilangan 27:14,"sebab kamu berdua telah mendurhaka terhadap firman-Ku di Padang Belantara Zin pada waktu terjadi perbantahan di antara umat sehingga kamu tidak menyatakan kesucian-Ku di depan mata mereka di mata air itu.” Itulah mata air Meriba dekat Kades, di Padang Belantara Zin.",
Bilangan,27,15,Bilangan 27:15,"Kata Musa kepada ALLAH,",
Bilangan,27,16,Bilangan 27:16,"“Biarlah ALLAH, Tuhan atas ruh semua manusia, mengangkat atas umat ini seorang",
Bilangan,27,17,Bilangan 27:17,yang akan memimpin pergerakan mereka dan yang akan membawa mereka keluar-masuk supaya jangan umat ALLAH seperti domba-domba yang tak bergembala.”,
Bilangan,27,18,Bilangan 27:18,"Firman ALLAH kepada Musa, “Panggillah Yusak bin Nun, seorang yang penuh dengan Ruh, lalu letakkanlah tanganmu atasnya.",
Bilangan,27,19,Bilangan 27:19,"Setelah itu, hadapkanlah dia kepada Imam Eleazar dan kepada seluruh umat, lalu berilah amanat kepadanya di depan mata mereka.",
Bilangan,27,20,Bilangan 27:20,Engkau pun harus memberikan kepadanya sebagian dari wewenangmu supaya seluruh umat bani Israil menaatinya.,
Bilangan,27,21,Bilangan 27:21,"Ia harus berdiri di depan Imam Eleazar, yang akan menanyakan petunjuk baginya melalui keputusan Urim di hadirat ALLAH. Atas perkataan imam itulah mereka harus keluar atau masuk, baik Yusak maupun seluruh bani Israil, yaitu seluruh umat itu.”",
Bilangan,27,22,Bilangan 27:22,"Maka, Musa melakukan seperti yang diperintahkan ALLAH kepadanya. Ia memanggil Yusak, lalu menghadapkannya kepada Imam Eleazar serta kepada seluruh umat.",
Bilangan,27,23,Bilangan 27:23,"Kemudian, ia meletakkan tangannya atas Yusak dan memberikan amanat kepadanya, seperti yang telah difirmankan ALLAH dengan perantaraan Musa.",
Bilangan,28,1,Bilangan 28:1,"ALLAH berfirman kepada Musa,",Kurban Pagi dan Kurban Petang
Bilangan,28,2,Bilangan 28:2,"“Perintahkanlah kepada bani Israil dan katakan kepada mereka, ‘Ingatlah baik-baik, pada waktu yang telah ditetapkan kamu harus membawa persembahan kepada-Ku, yaitu santapan berupa kurban yang dibakar untuk dipersembahkan kepada-Ku, yang harum aromanya di hadirat-Ku.’",
Bilangan,28,3,Bilangan 28:3,"Katakanlah pula kepada mereka, ‘Inilah kurban yang dibakar, yang harus kamu persembahkan secara tetap setiap harinya kepada ALLAH, yaitu dua ekor anak domba jantan berumur setahun yang tak bercacat sebagai kurban bakaran.",
Bilangan,28,4,Bilangan 28:4,Domba yang satu harus kauolah pada waktu pagi dan yang lainnya harus kauolah pada waktu magrib.,
Bilangan,28,5,Bilangan 28:5,"Selain itu, persembahkanlah juga sepersepuluh efa tepung terbaik yang dicampur dengan seperempat hin minyak zaitun tumbuk sebagai persembahan bahan makanan.",
Bilangan,28,6,Bilangan 28:6,"Itulah kurban bakaran tetap yang ditentukan di Gunung Sinai; suatu kurban yang dibakar, yang harum aromanya, yang dipersembahkan kepada ALLAH.",
Bilangan,28,7,Bilangan 28:7,Persembahan minumannya adalah seperempat hin untuk setiap ekor domba. Curahkanlah minuman hasil peragian sebagai persembahan minuman kepada ALLAH di tempat suci.,
Bilangan,28,8,Bilangan 28:8,"Demikian pula halnya untuk domba lain, yang harus kauolah pada waktu magrib. Sama seperti persembahan bahan makanan pada pagi hari dan juga persembahan minumannya, demikianlah engkau harus mempersembahkan kurban yang dibakar, yang harum aromanya di hadirat ALLAH.",
Bilangan,28,9,Bilangan 28:9,"Persembahan untuk hari Sabat adalah dua ekor anak domba jantan berumur setahun yang tak bercacat, dan dua persepuluh efa tepung terbaik yang dicampur dengan minyak sebagai persembahan bahan makanan, bersama-sama dengan persembahan minumannya.",Kurban Hari Sabat
Bilangan,28,10,Bilangan 28:10,"Itulah kurban bakaran untuk setiap hari Sabat, selain kurban bakaran yang tetap dan persembahan minumannya.",
Bilangan,28,11,Bilangan 28:11,"Pada setiap awal bulan persembahkanlah kepada ALLAH kurban bakaran berupa dua ekor sapi jantan muda, seekor domba jantan, dan tujuh ekor anak domba jantan berumur setahun yang tak bercacat.",Kurban Bulan Baru
Bilangan,28,12,Bilangan 28:12,"Selain itu, persembahkanlah juga tiga persepuluh efa tepung terbaik yang dicampur dengan minyak sebagai persembahan bahan makanan untuk setiap ekor sapi jantan, dua persepuluh efa tepung terbaik yang dicampur dengan minyak sebagai persembahan bahan makanan untuk domba jantan yang seekor itu,",
Bilangan,28,13,Bilangan 28:13,"dan sepersepuluh efa tepung terbaik yang dicampur dengan minyak sebagai persembahan bahan makanan untuk setiap ekor anak domba jantan. Itulah kurban bakaran yang harum aromanya, suatu kurban yang dibakar untuk dipersembahkan kepada ALLAH.",
Bilangan,28,14,Bilangan 28:14,"Sedangkan persembahan minumannya adalah setengah hin anggur untuk seekor sapi jantan, sepertiga hin untuk seekor domba jantan, dan seperempat hin untuk seekor anak domba. Itulah kurban bakaran pada setiap bulan baru dalam setahun.",
Bilangan,28,15,Bilangan 28:15,"Seekor kambing jantan juga harus diolah bagi ALLAH sebagai kurban penghapus dosa, selain kurban bakaran yang tetap dan persembahan minumannya.",
Bilangan,28,16,Bilangan 28:16,Hari keempat belas dalam bulan pertama adalah Paskah bagi ALLAH.,Kurban pada Perayaan Roti tak Beragi
Bilangan,28,17,Bilangan 28:17,Sedangkan hari kelima belas dalam bulan itu adalah hari raya. Makanlah roti yang tak beragi tujuh hari lamanya.,
Bilangan,28,18,Bilangan 28:18,"Pada hari pertama adakanlah ibadah berjemaah, dan jangan lakukan suatu pekerjaan yang berat.",
Bilangan,28,19,Bilangan 28:19,"Persembahkanlah kepada ALLAH kurban yang dibakar, yaitu kurban bakaran berupa dua ekor sapi jantan muda, seekor domba jantan, dan tujuh ekor anak domba jantan berumur setahun. Semuanya haruslah tak bercacat.",
Bilangan,28,20,Bilangan 28:20,"Sebagai persembahan bahan makanannya olahlah tepung terbaik yang dicampur dengan minyak, tiga persepuluh efa untuk seekor sapi jantan, dua persepuluh efa untuk seekor domba jantan,",
Bilangan,28,21,Bilangan 28:21,dan sepersepuluh efa untuk setiap ekor dari ketujuh anak domba jantan itu.,
Bilangan,28,22,Bilangan 28:22,Persembahkanlah juga seekor kambing jantan sebagai kurban penghapus dosa untuk mengadakan pendamaian bagimu.,
Bilangan,28,23,Bilangan 28:23,"Olahlah semua itu, selain kurban bakaran pagi yang termasuk kurban bakaran tetap.",
Bilangan,28,24,Bilangan 28:24,"Demikianlah harus kamu olah setiap harinya selama tujuh hari santapan berupa kurban yang dibakar, yang harum aromanya di hadirat ALLAH, selain juga kurban bakaran yang tetap dan persembahan minumannya.",
Bilangan,28,25,Bilangan 28:25,"Pada hari ketujuh adakanlah ibadah berjemaah, dan jangan lakukan suatu pekerjaan yang berat.",
Bilangan,28,26,Bilangan 28:26,"Pada Hari Hasil Pertama, ketika kamu mempersembahkan persembahan bahan makanan yang baru kepada ALLAH selama Hari Raya Tujuh Pekan, adakanlah ibadah berjemaah. Jangan lakukan suatu pekerjaan yang berat.",Kurban pada Hari Raya Tujuh Pekan
Bilangan,28,27,Bilangan 28:27,"Persembahkanlah kurban bakaran, yaitu kurban yang harum aromanya di hadirat ALLAH, berupa dua ekor sapi jantan muda, seekor domba jantan, dan tujuh ekor anak domba jantan berumur setahun.",
Bilangan,28,28,Bilangan 28:28,"Sebagai persembahan bahan makanannya adalah tepung terbaik yang dicampur dengan minyak, tiga persepuluh efa untuk setiap sapi jantan, dua persepuluh efa untuk domba jantan yang seekor itu,",
Bilangan,28,29,Bilangan 28:29,dan sepersepuluh efa untuk setiap ekor dari ketujuh anak domba jantan itu.,
Bilangan,28,30,Bilangan 28:30,Persembahkanlah juga seekor kambing jantan untuk mengadakan pendamaian bagimu.,
Bilangan,28,31,Bilangan 28:31,"Olahlah semuanya bersama-sama dengan persembahan minumannya, selain kurban bakaran tetap dan persembahan bahan makanannya. Semuanya haruslah yang tak bercacat.",
Bilangan,29,1,Bilangan 29:1,"Pada hari pertama di bulan ketujuh adakanlah ibadah berjemaah, dan jangan lakukan suatu pekerjaan yang berat. Itulah hari saat kamu harus meniup nafiri.",Kurban pada Perayaan Peniupan Nafiri
Bilangan,29,2,Bilangan 29:2,"Persembahkanlah kurban bakaran, yaitu kurban yang harum aromanya di hadirat ALLAH, berupa seekor sapi jantan muda, seekor domba jantan, dan tujuh ekor anak domba jantan berumur setahun yang tak bercacat.",
Bilangan,29,3,Bilangan 29:3,"Sedangkan sebagai persembahan bahan makanannya persembahkanlah tepung terbaik yang dicampur dengan minyak sebanyak tiga persepuluh efa untuk sapi jantan, dua persepuluh efa untuk domba jantan,",
Bilangan,29,4,Bilangan 29:4,dan sepersepuluh efa untuk setiap anak domba yang tujuh ekor itu.,
Bilangan,29,5,Bilangan 29:5,Persembahkanlah juga seekor kambing jantan sebagai kurban penghapus dosa untuk mengadakan pendamaian bagimu.,
Bilangan,29,6,Bilangan 29:6,"Semua ini sebagai tambahan bagi kurban bakaran bulan baru dengan persembahan bahan makanannya, dan kurban bakaran yang tetap dengan persembahan bahan makanan serta persembahan minumannya menurut peraturan yang berlaku, yaitu kurban yang dibakar, yang harum aromanya, bagi ALLAH.",
Bilangan,29,7,Bilangan 29:7,"Pada hari kesepuluh, masih di bulan ketujuh, adakanlah pula ibadah berjemaah. Rendahkanlah dirimu dengan berpantang, dan jangan lakukan suatu pekerjaan pun.",Kurban pada Hari Raya Pendamaian
Bilangan,29,8,Bilangan 29:8,"Persembahkanlah kepada ALLAH kurban bakaran yang harum aromanya, yaitu seekor sapi jantan muda, seekor domba jantan, dan tujuh ekor anak domba jantan berumur setahun. Semuanya haruslah tak bercacat.",
Bilangan,29,9,Bilangan 29:9,"Sebagai persembahan bahan makanannya persembahkanlah tepung terbaik yang dicampur dengan minyak sebanyak tiga persepuluh efa untuk sapi jantan itu, dua persepuluh efa untuk domba jantan yang seekor itu,",
Bilangan,29,10,Bilangan 29:10,dan sepersepuluh efa untuk setiap anak domba yang tujuh ekor itu.,
Bilangan,29,11,Bilangan 29:11,"Persembahkanlah juga seekor kambing jantan sebagai kurban penghapus dosa, selain kurban penghapus dosa untuk mengadakan pendamaian dan kurban bakaran yang tetap dengan persembahan bahan makanan serta persembahan minumannya.",
Bilangan,29,12,Bilangan 29:12,"Pada hari kelima belas di bulan ketujuh juga adakanlah lagi ibadah berjemaah, dan jangan lakukan suatu pekerjaan yang berat. Adakanlah hari raya bagi ALLAH tujuh hari lamanya.",Kurban pada Hari Raya Pondok Daun
Bilangan,29,13,Bilangan 29:13,"Persembahkanlah kurban bakaran, yaitu kurban yang dibakar, yang harum aromanya di hadirat ALLAH, berupa tiga belas ekor sapi jantan muda, dua ekor domba jantan, empat belas ekor anak domba jantan berumur setahun. Semuanya haruslah tak bercacat.",
Bilangan,29,14,Bilangan 29:14,"Sebagai persembahan bahan makanannya persembahkanlah tepung terbaik yang dicampur dengan minyak sebanyak tiga persepuluh efa untuk setiap sapi jantan dari yang tiga belas ekor itu, dua persepuluh efa untuk setiap domba jantan yang dua ekor itu,",
Bilangan,29,15,Bilangan 29:15,dan sepersepuluh efa untuk setiap anak domba yang empat belas ekor itu.,
Bilangan,29,16,Bilangan 29:16,"Persembahkanlah juga seekor kambing jantan sebagai kurban penghapus dosa, selain kurban bakaran yang tetap dengan persembahan bahan makanan dan persembahan minumannya.",
Bilangan,29,17,Bilangan 29:17,"Di hari kedua persembahkanlah dua belas ekor sapi jantan muda, dua ekor domba jantan, empat belas ekor anak domba jantan berumur setahun yang tak bercacat,",
Bilangan,29,18,Bilangan 29:18,"bersama-sama dengan persembahan bahan makanan dan persembahan minuman untuk sapi, domba, serta anak-anak domba jantan itu menurut jumlah yang sesuai dengan peraturan.",
Bilangan,29,19,Bilangan 29:19,"Persembahkanlah juga seekor kambing jantan sebagai kurban penghapus dosa, selain kurban bakaran yang tetap dengan persembahan bahan makanan dan persembahan minumannya.",
Bilangan,29,20,Bilangan 29:20,"Di hari ketiga persembahkanlah sebelas ekor sapi jantan, dua ekor domba jantan, empat belas ekor anak domba jantan berumur setahun yang tak bercacat,",
Bilangan,29,21,Bilangan 29:21,"beserta persembahan bahan makanan dan persembahan minuman untuk sapi, domba, dan anak-anak domba jantan itu menurut jumlah yang sesuai dengan peraturan.",
Bilangan,29,22,Bilangan 29:22,"Persembahkanlah juga seekor kambing jantan sebagai kurban penghapus dosa, selain kurban bakaran yang tetap dengan persembahan bahan makanan dan persembahan minumannya.",
Bilangan,29,23,Bilangan 29:23,"Di hari keempat persembahkanlah sepuluh ekor sapi jantan, dua ekor domba jantan, empat belas ekor anak domba jantan berumur setahun yang tak bercacat,",
Bilangan,29,24,Bilangan 29:24,"beserta persembahan bahan makanan dan persembahan minuman untuk sapi, domba, dan anak-anak domba jantan itu menurut jumlah yang sesuai dengan peraturan.",
Bilangan,29,25,Bilangan 29:25,"Persembahkanlah juga seekor kambing jantan sebagai kurban penghapus dosa, selain kurban bakaran yang tetap dengan persembahan bahan makanan dan persembahan minumannya.",
Bilangan,29,26,Bilangan 29:26,"Di hari kelima persembahkanlah sembilan ekor sapi jantan, dua ekor domba jantan, empat belas ekor anak domba berumur setahun yang tak bercacat,",
Bilangan,29,27,Bilangan 29:27,"beserta persembahan bahan makanan dan persembahan minuman untuk sapi, domba, dan anak-anak domba jantan itu menurut jumlah yang sesuai dengan peraturan.",
Bilangan,29,28,Bilangan 29:28,"Persembahkanlah juga seekor kambing jantan sebagai kurban penghapus dosa, selain kurban bakaran yang tetap dengan persembahan bahan makanan dan persembahan minumannya.",
Bilangan,29,29,Bilangan 29:29,"Di hari keenam persembahkanlah delapan ekor sapi jantan, dua ekor domba jantan, empat belas ekor anak domba jantan berumur setahun yang tak bercacat,",
Bilangan,29,30,Bilangan 29:30,"beserta persembahan bahan makanan dan persembahan minuman untuk sapi, domba, dan anak-anak domba jantan itu menurut jumlah yang sesuai dengan peraturan.",
Bilangan,29,31,Bilangan 29:31,"Persembahkanlah juga seekor kambing jantan sebagai kurban penghapus dosa, selain kurban bakaran yang tetap dengan persembahan bahan makanan dan persembahan minumannya.",
Bilangan,29,32,Bilangan 29:32,"Di hari ketujuh persembahkanlah tujuh ekor sapi jantan, dua ekor domba jantan, empat belas ekor anak domba jantan berumur setahun yang tak bercacat,",
Bilangan,29,33,Bilangan 29:33,"beserta persembahan bahan makanan dan persembahan minuman untuk sapi, domba, dan anak-anak domba jantan itu menurut jumlah yang sesuai dengan peraturannya.",
Bilangan,29,34,Bilangan 29:34,"Persembahkanlah juga seekor kambing jantan sebagai kurban penghapus dosa, selain kurban bakaran yang tetap dengan persembahan bahan makanan dan persembahan minumannya.",
Bilangan,29,35,Bilangan 29:35,"Di hari kedelapan adakanlah perkumpulan raya, dan jangan lakukan suatu pekerjaan yang berat.",
Bilangan,29,36,Bilangan 29:36,"Persembahkanlah kurban bakaran, yaitu kurban yang dibakar, yang harum aromanya di hadirat ALLAH, berupa seekor sapi jantan, seekor domba jantan, tujuh ekor anak domba berumur setahun yang tak bercacat,",
Bilangan,29,37,Bilangan 29:37,"beserta persembahan bahan makanan dan persembahan minuman untuk sapi, domba, dan anak-anak domba jantan itu menurut jumlah yang sesuai dengan peraturan.",
Bilangan,29,38,Bilangan 29:38,"Persembahkanlah juga seekor kambing jantan sebagai kurban penghapus dosa, selain kurban bakaran yang tetap dengan persembahan bahan makanan dan persembahan minumannya.",
Bilangan,29,39,Bilangan 29:39,"Semua itu harus kamu persembahkan kepada ALLAH pada hari-hari rayamu sebagai kurban bakaranmu, persembahan bahan makananmu, persembahan minumanmu, dan kurban perdamaianmu, selain kurban nazarmu dan kurban sukarelamu.’”",
Bilangan,29,40,Bilangan 29:40,Musa pun menyampaikan kepada bani Israil segala sesuatu yang diperintahkan ALLAH kepadanya.,
Bilangan,30,1,Bilangan 30:1,"Musa berkata kepada kepala-kepala suku bani Israil, “Inilah hal yang diperintahkan ALLAH.",Nazar Kaum Perempuan
Bilangan,30,2,Bilangan 30:2,"Apabila seorang laki-laki mengucapkan nazar kepada ALLAH atau mengucapkan sumpah untuk mengikat dirinya pada suatu ikrar, maka ia tidak boleh melanggar perkataannya itu. Ia harus berbuat sesuai dengan semua yang telah diucapkannya sendiri.",
Bilangan,30,3,Bilangan 30:3,"Apabila seorang perempuan, ketika ia masih tinggal di rumah ayahnya pada masa mudanya, mengucapkan nazar kepada ALLAH dan mengikatkan dirinya pada suatu ikrar,",
Bilangan,30,4,Bilangan 30:4,"dan ayahnya mendengar nazar serta ikrar yang mengikat diri anaknya itu, tetapi diam saja, maka segala nazarnya akan tetap berlaku dan segala ikrar yang mengikat dirinya akan tetap berlaku juga.",
Bilangan,30,5,Bilangan 30:5,"Tetapi sebaliknya, jika ayahnya mendengarnya dan melarangnya, maka segala nazar dan ikrar yang mengikat dirinya itu tidak akan berlaku. ALLAH akan mengampuninya sebab ayahnya telah melarangnya.",
Bilangan,30,6,Bilangan 30:6,"Jika perempuan itu menjadi istri seseorang ketika ia masih terikat di bawah suatu nazar atau suatu ucapan yang gegabah,",
Bilangan,30,7,Bilangan 30:7,"dan suaminya mendengar tentang hal itu, tetapi diam saja, maka nazarnya akan tetap berlaku dan ikrar yang mengikat dirinya akan tetap berlaku juga.",
Bilangan,30,8,Bilangan 30:8,"Tetapi sebaliknya, jika suaminya mendengar tentang hal itu, lalu melarangnya, maka nazar yang tertanggung atas istrinya atau ucapan gegabah yang mengikat istrinya itu menjadi batal, dan ALLAH akan mengampuni perempuan itu.",
Bilangan,30,9,Bilangan 30:9,"Apabila nazar diucapkan oleh seorang janda atau seorang perempuan yang telah diceraikan, maka segala sesuatu yang mengikat dirinya akan tetap berlaku atasnya.",
Bilangan,30,10,Bilangan 30:10,"Jika seorang istri bernazar di rumah suaminya atau mengikatkan diri pada suatu ikrar dengan bersumpah,",
Bilangan,30,11,Bilangan 30:11,"dan suaminya mendengar hal itu, tetapi diam saja serta tidak melarangnya, maka segala nazarnya akan tetap berlaku dan segala ikrar yang mengikat dirinya akan tetap berlaku juga.",
Bilangan,30,12,Bilangan 30:12,"Tetapi sebaliknya, jika suaminya membatalkan secara tegas ketika ia mendengarnya, maka segala sesuatu yang diucapkan mulutnya, baik nazar maupun ikrar yang mengikat dirinya, tidak akan berlaku. Suaminya telah membatalkannya, dan ALLAH akan mengampuni perempuan itu.",
Bilangan,30,13,Bilangan 30:13,Setiap nazar atau ikrar sumpah yang diucapkan seorang istri untuk merendahkan diri dengan berpantang dapat dinyatakan berlaku oleh suaminya atau dapat dibatalkan oleh suaminya.,
Bilangan,30,14,Bilangan 30:14,"Tetapi, jika suaminya hanya diam saja dari hari ke hari, maka dengan demikian segala nazar istrinya atau segala ikrar yang tertanggung atas istrinya dinyatakannya berlaku. Ia menyatakannya berlaku karena ia diam saja ketika ia mendengarnya.",
Bilangan,30,15,Bilangan 30:15,"Namun, jika ia membatalkannya di kemudian hari setelah ia mendengarnya, maka dialah yang harus menanggung kesalahan istrinya itu.”",
Bilangan,30,16,Bilangan 30:16,"Itulah ketetapan-ketetapan yang diperintahkan ALLAH kepada Musa mengenai hubungan antara seorang suami dengan istrinya, serta hubungan antara seorang ayah dengan anak perempuannya ketika anaknya itu masih muda dan masih tinggal di rumah ayahnya.",
Bilangan,31,1,Bilangan 31:1,"ALLAH berfirman kepada Musa,",Pembalasan terhadap Orang Midian dan Juga Bileam
Bilangan,31,2,Bilangan 31:2,"“Lakukanlah pembalasan terhadap orang Midian atas apa yang mereka perbuat terhadap bani Israil. Setelah itu, engkau akan dikumpulkan bersama kaum leluhurmu.”",
Bilangan,31,3,Bilangan 31:3,"Kata Musa kepada bangsa itu, “Persenjatailah beberapa orang dari antara kamu untuk berperang. Mereka harus menyerang Midian demi menjalankan pembalasan ALLAH terhadap Midian.",
Bilangan,31,4,Bilangan 31:4,Kirimlah seribu orang dari setiap suku di Israil untuk berperang.”,
Bilangan,31,5,Bilangan 31:5,"Maka, dikerahkanlah ribuan orang Israil yang sanggup berperang, seribu orang dari setiap suku. Jadi, jumlah seluruhnya dua belas ribu orang.",
Bilangan,31,6,Bilangan 31:6,"Musa pun mengutus mereka, yaitu seribu orang dari setiap suku itu, untuk berperang bersama-sama dengan Pinehas, anak Imam Eleazar, yang membawa perlengkapan tempat suci serta nafiri-nafiri pemberi tanda semboyan di tangannya.",
Bilangan,31,7,Bilangan 31:7,"Lalu, seperti diperintahkan ALLAH kepada Musa, berperanglah mereka melawan orang Midian, dan menewaskan setiap laki-laki.",
Bilangan,31,8,Bilangan 31:8,"Mereka juga berhasil menewaskan kelima raja orang Midian, yaitu Ewi, Rekem, Zur, Hur, dan Reba. Bahkan Bileam bin Beor mereka habisi dengan pedang.",
Bilangan,31,9,Bilangan 31:9,"Perempuan-perempuan Midian beserta anak-anak mereka ditawan oleh bani Israil. Semua hewan, ternak, dan segala harta benda mereka pun dijarah.",
Bilangan,31,10,Bilangan 31:10,"Selain itu, semua kota tempat kediaman mereka dan semua perkemahan mereka dibakar.",
Bilangan,31,11,Bilangan 31:11,"Bani Israil mengambil segala jarahan serta rampasan itu, termasuk juga hewan dan para tawanan,",
Bilangan,31,12,Bilangan 31:12,"lalu membawa semua itu kepada Musa, Imam Eleazar, dan umat bani Israil di perkemahan. Perkemahan mereka terletak di Dataran Moab, di tepi Sungai Yordan dekat Yerikho.",
Bilangan,31,13,Bilangan 31:13,"Kemudian, Musa, Imam Eleazar, dan semua pemimpin umat itu pergi menyongsong mereka di luar perkemahan.",
Bilangan,31,14,Bilangan 31:14,"Akan tetapi, Musa menjadi marah kepada para kepala pasukan, yaitu pemimpin-pemimpin pasukan seribu dan pemimpin-pemimpin pasukan seratus yang pulang dari peperangan.",
Bilangan,31,15,Bilangan 31:15,"Kata Musa kepada mereka, “Jadi, kamu membiarkan semua perempuan hidup?",
Bilangan,31,16,Bilangan 31:16,"Ingat, atas nasihat Bileam, merekalah yang menyebabkan bani Israil berbuat mungkar terhadap ALLAH dalam perkara Peor sehingga tulah melanda umat ALLAH.",
Bilangan,31,17,Bilangan 31:17,"Sekarang, habisilah semua anak laki-laki mereka, juga semua perempuan yang pernah bersetubuh dengan laki-laki.",
Bilangan,31,18,Bilangan 31:18,"Tetapi, biarkanlah hidup semua anak perempuan yang belum pernah bersetubuh dengan laki-laki, dan ambillah mereka bagimu.",
Bilangan,31,19,Bilangan 31:19,"Berkemahlah di luar perkemahan tujuh hari lamanya. Siapa pun yang telah menewaskan orang serta menyentuh mayat orang yang tewas itu harus menyucikan diri pada hari ketiga dan ketujuh. Hal ini berlaku, baik bagi kamu maupun tawanan-tawananmu.",
Bilangan,31,20,Bilangan 31:20,"Sucikanlah juga setiap pakaian, setiap barang yang terbuat dari kulit, dari bulu kambing, serta dari kayu.”",
Bilangan,31,21,Bilangan 31:21,"Kata Imam Eleazar kepada para pejuang yang telah pergi berperang, “Inilah ketetapan hukum yang diperintahkan ALLAH kepada Musa.",
Bilangan,31,22,Bilangan 31:22,"Emas, perak, tembaga, besi, timah putih, dan timah hitam,",
Bilangan,31,23,Bilangan 31:23,"yaitu segala sesuatu yang tahan api, harus kamu lewatkan dalam api supaya menjadi suci. Tetapi kemudian, barang-barang itu pun harus disucikan dengan air pembersih kecemaran. Sedangkan semua yang tidak tahan api harus kamu celupkan ke dalam air.",
Bilangan,31,24,Bilangan 31:24,"Cucilah pakaianmu pada hari ketujuh maka kamu akan menjadi suci. Sesudah itu, barulah kamu boleh masuk ke dalam perkemahan.”",
Bilangan,31,25,Bilangan 31:25,"ALLAH berfirman kepada Musa,",Mengenai Jarahan
Bilangan,31,26,Bilangan 31:26,"“Engkau, Imam Eleazar, dan kepala-kepala kaum keluarga umat itu harus menghitung jumlah rampasan yang telah diangkut, baik manusia maupun hewan.",
Bilangan,31,27,Bilangan 31:27,"Bagilah rampasan itu menjadi dua bagian, separuh untuk pasukan perang yang telah pergi bertempur, separuh lagi untuk seluruh umat.",
Bilangan,31,28,Bilangan 31:28,"Dari para pejuang yang pergi bertempur, pungutlah zakat bagi ALLAH, yaitu satu dari setiap lima ratus manusia, sapi, keledai, serta kambing domba.",
Bilangan,31,29,Bilangan 31:29,"Ambillah itu dari separuh bagian milik mereka, lalu serahkanlah kepada Imam Eleazar sebagai persembahan khusus kepada ALLAH.",
Bilangan,31,30,Bilangan 31:30,"Sementara itu, dari separuh bagian milik bani Israil ambillah satu dari setiap lima puluh manusia, sapi, keledai, kambing domba, serta segala hewan, lalu serahkanlah kepada orang-orang Lewi yang berkewajiban mengurus Kemah Suci ALLAH.”",
Bilangan,31,31,Bilangan 31:31,"Maka, Musa dan Imam Eleazar melakukan seperti yang diperintahkan ALLAH kepada Musa.",
Bilangan,31,32,Bilangan 31:32,"Jumlah sisa rampasan atau jarahan yang diambil oleh pasukan perang itu adalah 675.000 ekor kambing domba,",
Bilangan,31,33,Bilangan 31:33,"72.000 ekor sapi,",
Bilangan,31,34,Bilangan 31:34,dan 61.000 ekor keledai.,
Bilangan,31,35,Bilangan 31:35,Sedangkan jumlah perempuan yang belum pernah bersetubuh dengan laki-laki adalah 32.000 orang.,
Bilangan,31,36,Bilangan 31:36,Separuh bagian yang menjadi milik orang-orang yang pergi berperang berjumlah 337.500 ekor kambing domba.,
Bilangan,31,37,Bilangan 31:37,"Dari kambing domba itu, 675 ekor diserahkan kepada ALLAH sebagai zakat.",
Bilangan,31,38,Bilangan 31:38,"Dari sapi sejumlah 36.000 ekor, 72 ekor diserahkan kepada ALLAH sebagai zakat.",
Bilangan,31,39,Bilangan 31:39,"Dari keledai sejumlah 30.500 ekor, 61 ekor diserahkan kepada ALLAH sebagai zakat.",
Bilangan,31,40,Bilangan 31:40,"Sedangkan dari manusia sejumlah 16.000 orang, 32 orang diserahkan kepada ALLAH sebagai zakat.",
Bilangan,31,41,Bilangan 31:41,"Kemudian, Musa menyerahkan kepada Imam Eleazar zakat yang menjadi persembahan khusus bagi ALLAH, seperti yang diperintahkan ALLAH kepada Musa.",
Bilangan,31,42,Bilangan 31:42,"Separuh bagian lagi adalah milik bani Israil, yang dipisahkan Musa dari bagian orang-orang yang telah berperang.",
Bilangan,31,43,Bilangan 31:43,"Separuh bagian milik umat itu berjumlah 337.500 ekor kambing domba,",
Bilangan,31,44,Bilangan 31:44,"36.000 ekor sapi,",
Bilangan,31,45,Bilangan 31:45,"30.500 ekor keledai,",
Bilangan,31,46,Bilangan 31:46,dan 16.000 manusia.,
Bilangan,31,47,Bilangan 31:47,"Dari separuh bagian milik bani Israil itu, Musa mengambil satu dari setiap lima puluh manusia dan juga binatang, lalu menyerahkannya kepada orang-orang Lewi yang berkewajiban mengurus Kemah Suci ALLAH, seperti yang diperintahkan ALLAH kepada Musa.",
Bilangan,31,48,Bilangan 31:48,"Kemudian, orang-orang yang mengepalai ribuan tentara itu, yaitu para pemimpin pasukan seribu dan para pemimpin pasukan seratus, datang menghadap Musa.",
Bilangan,31,49,Bilangan 31:49,"Mereka berkata kepada Musa, “Hamba-hambamu ini telah menghitung jumlah para pejuang yang ada di bawah pimpinan kami. Tak seorang pun hilang dari antara kami.",
Bilangan,31,50,Bilangan 31:50,"Sebab itu, kami membawa persembahan berupa barang-barang emas yang didapat oleh masing-masing orang untuk dipersembahkan kepada ALLAH, yaitu gelang kaki, gelang tangan, cincin, anting-anting, dan gelang lengan supaya diadakan pendamaian bagi nyawa kami di hadirat ALLAH.”",
Bilangan,31,51,Bilangan 31:51,Musa dan Imam Eleazar menerima emas itu dari mereka. Semuanya adalah barang tempaan.,
Bilangan,31,52,Bilangan 31:52,Seluruh emas persembahan khusus yang diserahkan kepada ALLAH oleh para pemimpin pasukan seribu dan para pemimpin pasukan seratus itu 16.750 syikal beratnya.,
Bilangan,31,53,Bilangan 31:53,Para pejuang itu memang telah mengambil rampasan bagi diri mereka masing-masing.,
Bilangan,31,54,Bilangan 31:54,"Setelah Musa dan Imam Eleazar menerima emas itu dari para pemimpin pasukan seribu dan pasukan seratus, mereka membawanya masuk ke Kemah Hadirat Allah sebagai tanda pengingat bagi bani Israil di hadirat ALLAH.",
Bilangan,32,1,Bilangan 32:1,"Bani Ruben dan bani Gad mempunyai ternak dalam jumlah yang sangat besar. Ketika mereka melihat Tanah Yaezer dan Tanah Gilead, mereka menilai bahwa tempat itu baik untuk ternak.",Penyerahan Daerah Sebelah Timur Sungai Yordan
Bilangan,32,2,Bilangan 32:2,"Maka, bani Gad dan bani Ruben datang kepada Musa, Imam Eleazar, serta para pemimpin umat, lalu berkata,",
Bilangan,32,3,Bilangan 32:3,"“Atarot, Dibon, Yaezer, Nimra, Hesbon, Eleale, Sebam, Nebo, dan Beon,",
Bilangan,32,4,Bilangan 32:4,"yaitu tanah yang ditaklukkan ALLAH di hadapan umat Israil, adalah tanah yang baik untuk ternak. Hamba-hambamu ini mempunyai banyak sekali ternak.”",
Bilangan,32,5,Bilangan 32:5,"Kata mereka pula, “Jika Tuan berkenan, berikanlah kiranya tanah ini kepada hamba-hambamu ini sebagai milik. Jangan bawa kami ke seberang Sungai Yordan.”",
Bilangan,32,6,Bilangan 32:6,"Jawab Musa kepada bani Gad dan bani Ruben, “Patutkah saudara-saudaramu pergi berperang sementara kamu tinggal di sini?",
Bilangan,32,7,Bilangan 32:7,Mengapa kamu membuat bani Israil tawar hati untuk menyeberang ke negeri yang dikaruniakan ALLAH kepada mereka?,
Bilangan,32,8,Bilangan 32:8,Begitulah yang dilakukan bapak-bapakmu ketika aku mengutus mereka dari Kades-Barnea untuk mengamati negeri itu.,
Bilangan,32,9,Bilangan 32:9,"Setelah mereka berjalan sampai ke Lembah Eskol dan mengamati negeri itu, mereka membuat bani Israil tawar hati sehingga mereka tidak mau masuk ke negeri yang dikaruniakan ALLAH kepada mereka.",
Bilangan,32,10,Bilangan 32:10,"Maka, menyalalah murka ALLAH pada waktu itu dan Ia pun bersumpah demikian,",
Bilangan,32,11,Bilangan 32:11,"‘Sesungguhnya, tak satu pun dari orang-orang yang berumur dua puluh tahun ke atas saat keluar dari Mesir akan melihat tanah yang Kujanjikan dengan bersumpah kepada Ibrahim, Ishak, dan Yakub karena mereka tidak mengikuti Aku dengan sepenuh hati.",
Bilangan,32,12,Bilangan 32:12,"Tak seorang pun dari mereka akan melihat tanah itu, kecuali Kaleb bin Yefune, orang Kenas itu, dan Yusak bin Nun karena keduanya mengikuti ALLAH dengan sepenuh hati.’",
Bilangan,32,13,Bilangan 32:13,Murka ALLAH menyala terhadap orang Israil sehingga dibuat-Nya mereka mengembara di padang belantara empat puluh tahun lamanya sampai habis seluruh angkatan yang berbuat jahat dalam pandangan ALLAH.,
Bilangan,32,14,Bilangan 32:14,"Sekarang kamu bangkit menggantikan bapak-bapakmu, sekawanan orang berdosa, untuk menambah lagi murka ALLAH terhadap orang Israil.",
Bilangan,32,15,Bilangan 32:15,"Jika kamu berbalik dan tidak lagi mengikuti Dia, maka Ia akan menelantarkan mereka lagi di padang belantara sehingga kamu akan menyebabkan seluruh bangsa ini musnah.”",
Bilangan,32,16,Bilangan 32:16,"Mereka pun mendekat kepada Musa dan berkata, “Kami akan membangun kandang-kandang bagi ternak kami dan kota-kota bagi anak-anak kami di sini.",
Bilangan,32,17,Bilangan 32:17,"Namun, kami sendiri akan segera mempersenjatai diri untuk maju di depan bani Israil sampai kami membawa mereka ke tempat mereka. Sementara itu, anak-anak kami akan tinggal di kota-kota berkubu, terlindung dari penduduk negeri ini.",
Bilangan,32,18,Bilangan 32:18,Kami tidak akan kembali ke rumah kami sampai setiap orang dari bani Israil mendapat milik pusakanya masing-masing.,
Bilangan,32,19,Bilangan 32:19,"Kami pun tidak ingin memperoleh milik pusaka bersama-sama dengan mereka di seberang Sungai Yordan sana dan sekitarnya karena kami telah memperoleh milik pusaka di sini, di seberang Sungai Yordan sebelah timur.”",
Bilangan,32,20,Bilangan 32:20,"Kata Musa kepada mereka, “Jika itu yang hendak kamu lakukan, yaitu bahwa kamu akan mempersenjatai diri untuk berperang di hadapan ALLAH,",
Bilangan,32,21,Bilangan 32:21,dan bahwa semua orangmu yang bersenjata mau menyeberangi Sungai Yordan di hadapan ALLAH sampai Ia menghalau musuh-musuh-Nya dari hadapan-Nya,
Bilangan,32,22,Bilangan 32:22,"dan negeri itu takluk di hadapan ALLAH, maka sesudah itu kamu akan kembali dan terbebas dari kewajibanmu terhadap ALLAH dan terhadap bani Israil. Tanah ini pun akan menjadi milikmu di hadirat ALLAH.",
Bilangan,32,23,Bilangan 32:23,"Akan tetapi, jika kamu tidak berbuat demikian, sesungguhnya kamu berdosa terhadap ALLAH dan ketahuilah, dosamu itu akan menimpa kamu.",
Bilangan,32,24,Bilangan 32:24,"Bangunlah kota-kota untuk anak-anakmu dan kandang-kandang untuk kawanan kambing dombamu, lalu lakukanlah apa yang telah kamu ucapkan.”",
Bilangan,32,25,Bilangan 32:25,"Kemudian, bani Gad dan bani Ruben berkata kepada Musa, “Hamba-hambamu ini akan berbuat seperti yang Tuanku perintahkan.",
Bilangan,32,26,Bilangan 32:26,"Anak-anak kami, istri-istri kami, ternak kami, dan segala hewan kami akan tinggal di sini, di kota-kota Gilead.",
Bilangan,32,27,Bilangan 32:27,"Sedangkan hamba-hambamu ini, yaitu semua orang yang sanggup berperang, akan menyeberang di hadirat ALLAH untuk berperang, seperti yang Tuanku katakan.”",
Bilangan,32,28,Bilangan 32:28,"Kemudian, Musa memberi perintah kepada Imam Eleazar, Yusak bin Nun, dan para kepala kaum keluarga dari suku-suku bani Israil mengenai mereka.",
Bilangan,32,29,Bilangan 32:29,"Kata Musa, “Jika bani Gad dan bani Ruben, khususnya orang-orangnya yang bersenjata, mau menyeberangi Sungai Yordan bersama-sama dengan kamu untuk berperang di hadirat ALLAH, dan negeri itu sudah takluk kepadamu, maka berikanlah Tanah Gilead kepada mereka sebagai milik.",
Bilangan,32,30,Bilangan 32:30,"Tetapi, jika orang-orang bersenjatanya tidak menyeberang bersamamu, maka mereka harus memperoleh tanah milik di tengah-tengah kamu di Tanah Kanaan.”",
Bilangan,32,31,Bilangan 32:31,"Jawab bani Gad dan bani Ruben, “Seperti yang difirmankan ALLAH kepada hamba-hambamu ini, demikianlah akan kami lakukan.",
Bilangan,32,32,Bilangan 32:32,"Kami sendiri akan menyeberang dengan bersenjata di hadirat ALLAH ke Tanah Kanaan, tetapi bagi kami, tanah milik pusaka kami tetaplah di seberang Sungai Yordan sini.”",
Bilangan,32,33,Bilangan 32:33,"Lalu, kepada mereka, yaitu bani Gad, bani Ruben, dan separuh suku Manasye bin Yusuf, Musa memberikan kerajaan Sihon, raja orang Amori, dan kerajaan Og, raja Basan, meliputi negeri serta kota-kotanya, termasuk kota-kota di sekeliling negeri itu.",
Bilangan,32,34,Bilangan 32:34,"Kemudian, Bani Gad membangun Dibon, Atarot, Aro’er,",
Bilangan,32,35,Bilangan 32:35,"Atarot-Sofan, Yaezer, Yogbeha,",
Bilangan,32,36,Bilangan 32:36,"Bait-Nimra, dan Bait-Haran menjadi kota-kota yang berkubu dan tempat bagi kandang-kandang kawanan kambing domba mereka.",
Bilangan,32,37,Bilangan 32:37,"Sedangkan bani Ruben membangun Hesbon, Eleale, Kiryataim,",
Bilangan,32,38,Bilangan 32:38,"Nebo, Baal-Meon (nama-namanya diubah), dan Sibma. Lalu, kota-kota yang mereka bangun itu mereka beri nama lain.",
Bilangan,32,39,Bilangan 32:39,Bani Makhir bin Manasye pergi ke Gilead. Mereka merebut tanah itu dan menghalau orang Amori yang tinggal di sana.,
Bilangan,32,40,Bilangan 32:40,"Musa memberikan Gilead kepada Makhir bin Manasye, dan ia pun tinggal di sana.",
Bilangan,32,41,Bilangan 32:41,"Yair, seorang keturunan Manasye, pergi merebut kota-kota kecilnya dan menamainya Hawot-Yair.",
Bilangan,32,42,Bilangan 32:42,Nobah pergi merebut Kenat dengan kampung-kampungnya dan menamainya Nobah menurut namanya sendiri.,
Bilangan,33,1,Bilangan 33:1,"Inilah tahapan perjalanan bani Israil setelah mereka keluar dari Tanah Mesir di bawah pimpinan Musa dan Harun, pasukan demi pasukan.",Tahapan Perjalanan Bani Israil di Padang Belantara
Bilangan,33,2,Bilangan 33:2,Musa menuliskan perjalanan mereka menurut tahapannya berdasarkan perintah ALLAH. Inilah tahapan perjalanan mereka.,
Bilangan,33,3,Bilangan 33:3,"Mereka berangkat dari Rameses dalam bulan pertama. Pada hari kelima belas di bulan itu, sehari sesudah Paskah, bani Israil berjalan keluar dengan semangat tinggi di depan mata semua orang Mesir.",
Bilangan,33,4,Bilangan 33:4,"Pada waktu itu, orang Mesir sedang menguburkan semua anak sulung yang ditewaskan oleh ALLAH di antara mereka. Bahkan atas ilah-ilah mereka pun ALLAH menjatuhkan hukuman.",
Bilangan,33,5,Bilangan 33:5,"Bani Israil berangkat dari Rameses, lalu berkemah di Sukot.",
Bilangan,33,6,Bilangan 33:6,"Setelah itu, mereka berangkat dari Sukot, lalu berkemah di Etam, di tepi padang belantara.",
Bilangan,33,7,Bilangan 33:7,"Dari Etam mereka berangkat, lalu kembali ke Pi-Hahirot yang berseberangan dengan Baal-Zefon. Di sana mereka berkemah, berhadap-hadapan dengan Migdol.",
Bilangan,33,8,Bilangan 33:8,"Dari Pi-Hahirot mereka berangkat, lalu melintas di tengah-tengah laut menuju padang belantara. Kemudian, mereka berjalan tiga hari perjalanan jauhnya di Padang Belantara Etam dan berkemah di Mara.",
Bilangan,33,9,Bilangan 33:9,Dari Mara mereka berangkat dan tiba di Elim. Di Elim ada dua belas mata air dan tujuh puluh pohon kurma. Mereka pun berkemah di sana.,
Bilangan,33,10,Bilangan 33:10,"Dari Elim mereka berangkat, lalu berkemah di tepi Laut Merah.",
Bilangan,33,11,Bilangan 33:11,"Dari Laut Merah mereka berangkat, lalu berkemah di Padang Belantara Sin.",
Bilangan,33,12,Bilangan 33:12,"Selanjutnya, dari Padang Belantara Sin mereka berangkat, lalu berkemah di Dofka,",
Bilangan,33,13,Bilangan 33:13,"dan dari Dofka mereka berangkat, lalu berkemah di Alus.",
Bilangan,33,14,Bilangan 33:14,"Dari Alus mereka berangkat lagi, lalu berkemah di Rafidim. Di sana tidak ada air bagi bangsa itu untuk diminum",
Bilangan,33,15,Bilangan 33:15,"maka berangkatlah mereka dari Rafidim, lalu berkemah di Padang Belantara Sinai.",
Bilangan,33,16,Bilangan 33:16,"Dari Padang Belantara Sinai mereka berangkat, lalu berkemah di Kibrot-Taawa.",
Bilangan,33,17,Bilangan 33:17,"Dari Kibrot-Taawa mereka berangkat lagi, lalu berkemah di Hazerot.",
Bilangan,33,18,Bilangan 33:18,"Dari Hazerot mereka berangkat, lalu berkemah di Ritma.",
Bilangan,33,19,Bilangan 33:19,"Dari Ritma mereka berangkat, lalu berkemah di Rimon-Peros.",
Bilangan,33,20,Bilangan 33:20,"Dari Rimon-Peros mereka berangkat, lalu berkemah di Libna.",
Bilangan,33,21,Bilangan 33:21,"Dari Libna mereka berangkat, lalu berkemah di Risa.",
Bilangan,33,22,Bilangan 33:22,"Dari Risa mereka berangkat, lalu berkemah di Kehelata.",
Bilangan,33,23,Bilangan 33:23,"Dari Kehelata mereka berangkat, lalu berkemah di Gunung Syafer.",
Bilangan,33,24,Bilangan 33:24,"Dari Gunung Syafer mereka berangkat, lalu berkemah di Harada.",
Bilangan,33,25,Bilangan 33:25,"Dari Harada mereka berangkat, lalu berkemah di Makhelot.",
Bilangan,33,26,Bilangan 33:26,"Dari Makhelot mereka berangkat, lalu berkemah di Tahat.",
Bilangan,33,27,Bilangan 33:27,"Dari Tahat mereka berangkat, lalu berkemah di Tarah.",
Bilangan,33,28,Bilangan 33:28,"Dari Tarah mereka berangkat, lalu berkemah di Mitka.",
Bilangan,33,29,Bilangan 33:29,"Dari Mitka mereka berangkat, lalu berkemah di Hasmona.",
Bilangan,33,30,Bilangan 33:30,"Dari Hasmona mereka berangkat, lalu berkemah di Moserot.",
Bilangan,33,31,Bilangan 33:31,"Dari Moserot mereka berangkat, lalu berkemah di Bene-Yaakan.",
Bilangan,33,32,Bilangan 33:32,"Dari Bene-Yaakan mereka berangkat, lalu berkemah di Hor-Gidgad.",
Bilangan,33,33,Bilangan 33:33,"Dari Hor-Gidgad mereka berangkat, lalu berkemah di Yotbata.",
Bilangan,33,34,Bilangan 33:34,"Dari Yotbata mereka berangkat, lalu berkemah di Abrona.",
Bilangan,33,35,Bilangan 33:35,"Dari Abrona mereka berangkat, lalu berkemah di Ezion-Geber.",
Bilangan,33,36,Bilangan 33:36,"Dari Ezion-Geber mereka berangkat, lalu berkemah di Padang Belantara Zin, yaitu Kades.",
Bilangan,33,37,Bilangan 33:37,"Dari Kades mereka berangkat, lalu berkemah di Gunung Hor, di tepi Tanah Edom.",
Bilangan,33,38,Bilangan 33:38,"Kemudian, atas perintah ALLAH Imam Harun naik ke Gunung Hor, dan ia wafat di sana, pada tahun keempat puluh sesudah bani Israil keluar dari Tanah Mesir, tepatnya pada hari pertama di bulan kelima.",
Bilangan,33,39,Bilangan 33:39,Harun berumur seratus dua puluh tiga tahun ketika ia wafat di Gunung Hor itu.,
Bilangan,33,40,Bilangan 33:40,"Sementara itu, raja negeri Arad, orang Kanaan yang tinggal di Negeb, Tanah Kanaan, mendengar tentang kedatangan bani Israil.",
Bilangan,33,41,Bilangan 33:41,"Dari Gunung Hor mereka berangkat, lalu berkemah di Zalmona.",
Bilangan,33,42,Bilangan 33:42,"Dari Zalmona mereka berangkat, lalu berkemah di Funon.",
Bilangan,33,43,Bilangan 33:43,"Dari Funon mereka berangkat, lalu berkemah di Obot.",
Bilangan,33,44,Bilangan 33:44,"Dari Obot mereka berangkat, lalu berkemah di reruntuhan Abarim, di daerah Moab.",
Bilangan,33,45,Bilangan 33:45,"Dari reruntuhan itu mereka berangkat, lalu berkemah di Dibon-Gad.",
Bilangan,33,46,Bilangan 33:46,"Dari Dibon-Gad mereka berangkat, lalu berkemah di Almon-Diblataim.",
Bilangan,33,47,Bilangan 33:47,"Dari Almon-Diblataim mereka berangkat, lalu berkemah di Pegunungan Abarim, di seberang Nebo.",
Bilangan,33,48,Bilangan 33:48,"Dari Pegunungan Abarim mereka berangkat, lalu berkemah di Dataran Moab, di tepi Sungai Yordan dekat Yerikho.",
Bilangan,33,49,Bilangan 33:49,"Mereka berkemah di tepi Sungai Yordan, dari Bait-Yesimot sampai ke Abel-Sitim di Dataran Moab.",
Bilangan,33,50,Bilangan 33:50,"Di tempat itu, yaitu di Dataran Moab, di tepi Sungai Yordan dekat Yerikho, ALLAH berfirman kepada Musa,",Hal yang Harus Dilakukan setelah Menyeberangi Sungai Yordan
Bilangan,33,51,Bilangan 33:51,"“Berbicaralah kepada bani Israil dan katakan kepada mereka, ‘Setelah kamu menyeberangi Sungai Yordan menuju Tanah Kanaan,",
Bilangan,33,52,Bilangan 33:52,halaulah seluruh penduduk negeri itu dari hadapanmu dan musnahkanlah segala batu berukir mereka. Musnahkanlah juga segala patung tuangan mereka dan punahkanlah segala bukit pengurbanan mereka.,
Bilangan,33,53,Bilangan 33:53,Dudukilah negeri itu dan tinggallah di sana karena kepadamulah Kukaruniakan negeri itu untuk kamu duduki.,
Bilangan,33,54,Bilangan 33:54,"Kemudian, bagi-bagikanlah negeri itu menurut kaum yang ada padamu dengan cara membuang undi. Kepada suku yang besar jumlahnya berikanlah milik pusaka yang lebih besar, sedangkan kepada suku yang kecil jumlahnya berikanlah milik pusaka yang lebih kecil. Di mana pun undi itu jatuh bagi mereka, di situlah bagian mereka. Kamu harus mendapat milik pusaka menurut suku-suku bapak leluhurmu.",
Bilangan,33,55,Bilangan 33:55,"Akan tetapi, jika kamu tidak menghalau penduduk negeri itu dari hadapanmu, maka orang-orang yang kamu tinggalkan hidup dari antara mereka akan menjadi seperti onak di matamu dan duri di lambungmu. Mereka akan menyusahkan kamu di negeri yang kamu diami.",
Bilangan,33,56,Bilangan 33:56,"Jika demikian, akan Kulakukan terhadap kamu apa yang rencananya akan Kulakukan terhadap mereka.’”",
Bilangan,34,1,Bilangan 34:1,"ALLAH berfirman kepada Musa,",Batas-Batas Tanah Kanaan (Palestina Purba)
Bilangan,34,2,Bilangan 34:2,"“Perintahkanlah bani Israil dan katakan kepada mereka, ‘Apabila kamu telah memasuki Tanah Kanaan, maka itulah negeri yang akan menjadi milik pusakamu, yaitu Tanah Kanaan menurut batas-batasnya.",
Bilangan,34,3,Bilangan 34:3,"Sisi selatanmu adalah dari Padang Belantara Zin sampai ke tepi Edom. Batas selatanmu dimulai dari ujung Laut Mati ke arah timur,",
Bilangan,34,4,Bilangan 34:4,"kemudian membelok ke selatan Tanjakan Akrabim, berlanjut ke Zin, dan berakhir di sebelah selatan Kades-Barnea. Dari situ batas berlanjut ke Hazar-Adar dan terus ke Azmon,",
Bilangan,34,5,Bilangan 34:5,lalu dari Azmon membelok ke Wadi Mesir dan berakhir di laut.,
Bilangan,34,6,Bilangan 34:6,Batas wilayahmu di sebelah barat adalah Laut Besar dan sepanjang pesisirnya. Itulah batas baratmu.,
Bilangan,34,7,Bilangan 34:7,"Sedangkan untuk batas utaramu, tentukanlah tanda batas dari Laut Besar ke Gunung Hor,",
Bilangan,34,8,Bilangan 34:8,"lalu dari Gunung Hor ke jalan masuk menuju Hamat, hingga berakhir di Zadad.",
Bilangan,34,9,Bilangan 34:9,"Kemudian, batas membentang ke Zifron dan berakhir di Hazar-Enan. Itulah batas utaramu.",
Bilangan,34,10,Bilangan 34:10,Tentukanlah tanda batasmu di sebelah timur dari Hazar-Enan ke Sefam.,
Bilangan,34,11,Bilangan 34:11,"Dari Sefam batas turun ke Ribla, di sebelah timur Ain, kemudian turun lagi hingga mencapai lereng Danau Kineret di sebelah timur.",
Bilangan,34,12,Bilangan 34:12,"Selanjutnya, batas turun ke Sungai Yordan dan berakhir di Laut Mati. Itulah negerimu dengan batas-batas sekelilingnya.’”",
Bilangan,34,13,Bilangan 34:13,"Musa memberi perintah kepada bani Israil, “Itulah negeri yang akan kamu warisi dengan membuang undi. ALLAH memerintahkan agar negeri itu diberikan kepada suku yang sembilan setengah itu",Mengenai Pembagian Tanah Kanaan
Bilangan,34,14,Bilangan 34:14,"karena setiap kaum keluarga dalam suku bani Ruben, dan setiap kaum keluarga dalam suku bani Gad telah menerima milik pusaka mereka, demikian pula halnya dengan separuh suku Manasye.",
Bilangan,34,15,Bilangan 34:15,"Kedua setengah suku itu telah menerima milik pusaka mereka di seberang Sungai Yordan dekat Yerikho, yaitu di sebelah timur, arah matahari terbit.”",
Bilangan,34,16,Bilangan 34:16,"ALLAH berfirman kepada Musa,",
Bilangan,34,17,Bilangan 34:17,"“Inilah nama orang-orang yang harus membagikan negeri itu di antaramu sebagai milik pusaka, yaitu Imam Eleazar dan Yusak bin Nun.",
Bilangan,34,18,Bilangan 34:18,"Kemudian, ambillah seorang pemimpin dari setiap suku untuk membagikan negeri itu sebagai milik pusaka.",
Bilangan,34,19,Bilangan 34:19,"Inilah nama-nama mereka: Kaleb bin Yefune, dari suku Yuda;",
Bilangan,34,20,Bilangan 34:20,"Samuel bin Amihud, dari suku bani Simeon;",
Bilangan,34,21,Bilangan 34:21,"Elidad bin Kislon, dari suku Binyamin;",
Bilangan,34,22,Bilangan 34:22,"Buki bin Yogli, seorang pemimpin dari suku bani Dan;",
Bilangan,34,23,Bilangan 34:23,"Haniel bin Efod, seorang pemimpin dari suku bani Manasye, keturunan Yusuf;",
Bilangan,34,24,Bilangan 34:24,"dan Kemuel bin Siftan, seorang pemimpin dari suku bani Efraim, keturunan Yusuf;",
Bilangan,34,25,Bilangan 34:25,"Elisafan bin Parnah, seorang pemimpin dari suku bani Zebulon;",
Bilangan,34,26,Bilangan 34:26,"Paltiel bin Azan, seorang pemimpin dari suku bani Isakhar;",
Bilangan,34,27,Bilangan 34:27,"Ahihud bin Selomi, seorang pemimpin dari suku bani Asyer;",
Bilangan,34,28,Bilangan 34:28,"Pedael bin Amihud, seorang pemimpin dari suku bani Naftali.",
Bilangan,34,29,Bilangan 34:29,Itulah orang-orang yang diperintahkan ALLAH untuk membagikan milik pusaka di Tanah Kanaan kepada bani Israil.”,
Bilangan,35,1,Bilangan 35:1,"ALLAH berfirman kepada Musa di Dataran Moab, di tepi Sungai Yordan dekat Yerikho,",Kota-Kota Orang Lewi
Bilangan,35,2,Bilangan 35:2,“Perintahkanlah kepada bani Israil supaya mereka memberikan kepada orang Lewi kota-kota dari milik pusaka mereka untuk didiami. Berikanlah juga kepada orang Lewi padang penggembalaan di sekeliling kota-kota itu.,
Bilangan,35,3,Bilangan 35:3,"Kota-kota itu akan menjadi tempat kediaman mereka, dan padang-padang penggembalaan mereka akan menjadi tempat ternak mereka, harta benda mereka, serta segala hewan mereka.",
Bilangan,35,4,Bilangan 35:4,Padang-padang penggembalaan kota yang harus kamu berikan kepada orang Lewi itu haruslah seribu hasta jauhnya dari tembok kota ke sebelah luar.,
Bilangan,35,5,Bilangan 35:5,"Ke sisi luar kota itu ukurlah dua ribu hasta ke sebelah timur, dua ribu hasta ke sebelah selatan, dua ribu hasta ke sebelah barat, dan dua ribu hasta ke sebelah utara sehingga kota itu berada di tengah-tengah. Itulah yang akan menjadi padang penggembalaan bagi kota-kota mereka.",
Bilangan,35,6,Bilangan 35:6,"Kota-kota yang harus kamu berikan kepada orang Lewi adalah termasuk enam kota perlindungan supaya seorang pembunuh dapat melarikan diri ke sana. Selain itu, berikanlah pula empat puluh dua kota lainnya",
Bilangan,35,7,Bilangan 35:7,sehingga seluruh kota yang harus kamu berikan kepada orang Lewi berjumlah empat puluh delapan kota sekaligus dengan padang-padang penggembalaannya.,
Bilangan,35,8,Bilangan 35:8,"Mengenai kota-kota yang akan kamu berikan dari tanah milik bani Israil itu, ambillah banyak dari suku yang besar, dan ambillah sedikit dari suku yang kecil. Masing-masing suku harus memberikan kota-kotanya kepada orang Lewi sesuai dengan milik pusaka yang mereka warisi.”",
Bilangan,35,9,Bilangan 35:9,"ALLAH berfirman kepada Musa,",Kota-Kota Perlindungan
Bilangan,35,10,Bilangan 35:10,"“Berbicaralah kepada bani Israil dan katakan kepada mereka, ‘Sesudah kamu menyeberangi Sungai Yordan dan masuk ke Tanah Kanaan,",
Bilangan,35,11,Bilangan 35:11,pilihlah beberapa kota untuk menjadi kota-kota perlindungan bagimu supaya orang yang tanpa sengaja telah membunuh orang lain dapat lari ke sana.,
Bilangan,35,12,Bilangan 35:12,Kota-kota itu akan menjadi tempat perlindungan bagimu dari orang yang hendak menuntut balas supaya jangan seorang pembunuh mati sebelum ia menghadap majelis umat untuk diadili.,
Bilangan,35,13,Bilangan 35:13,"Dari kota-kota yang kamu tentukan itu, enam kota akan menjadi kota perlindungan bagimu.",
Bilangan,35,14,Bilangan 35:14,Tentukanlah tiga kota di seberang Sungai Yordan dan tentukanlah tiga kota lagi di Tanah Kanaan untuk dijadikan kota-kota perlindungan.,
Bilangan,35,15,Bilangan 35:15,"Keenam kota itu akan menjadi tempat perlindungan, baik bagi bani Israil maupun bagi pendatang dan perantau yang ada di tengah-tengahmu, supaya siapa pun yang telah membunuh orang tanpa sengaja dapat lari ke sana.",
Bilangan,35,16,Bilangan 35:16,"Akan tetapi, jika seseorang menghantam orang lain dengan benda besi hingga orang itu mati, maka ia adalah seorang pembunuh, dan pembunuh itu pasti dihukum mati.",
Bilangan,35,17,Bilangan 35:17,"Jika seseorang menghantam orang lain dengan batu di tangan hingga orang itu mati karena batu tersebut, maka ia adalah seorang pembunuh, dan pembunuh itu pasti dihukum mati.",
Bilangan,35,18,Bilangan 35:18,"Atau jika ia menghantam orang itu dengan benda kayu di tangan hingga orang itu mati karena kayu tersebut, maka ia adalah seorang pembunuh, dan pembunuh itu pasti dihukum mati.",
Bilangan,35,19,Bilangan 35:19,"Orang yang berhak menuntut balasan darahlah yang harus menghabisi pembunuh itu. Apabila ia bertemu dengannya, ia harus menghabisinya.",
Bilangan,35,20,Bilangan 35:20,"Jika seseorang menyerang orang lain karena benci, atau melempar sesuatu dengan sengaja kepada orang lain hingga orang itu mati,",
Bilangan,35,21,Bilangan 35:21,"atau jika seseorang menghantam orang lain dengan tangannya karena permusuhan hingga orang itu mati, maka ia pasti dihukum mati karena ia adalah seorang pembunuh. Orang yang menuntut balasan darah berhak menghabisi pembunuh itu apabila ia bertemu dengannya.",
Bilangan,35,22,Bilangan 35:22,"Akan tetapi, jika seseorang mendorong orang lain secara tiba-tiba bukan karena permusuhan, atau melempar suatu benda kepadanya tanpa sengaja,",
Bilangan,35,23,Bilangan 35:23,"atau tanpa sadar menjatuhkan sebuah batu pada seseorang hingga orang itu mati karena batu itu, padahal ia bukan musuhnya dan juga tidak berniat mencelakakannya,",
Bilangan,35,24,Bilangan 35:24,maka majelis umat harus memutuskan hukum antara pembunuh itu dengan orang yang menuntut balasan darah menurut hukum-hukum ini.,
Bilangan,35,25,Bilangan 35:25,"Majelis umat harus membebaskan pembunuh itu dari tangan orang yang menuntut balasan darah, kemudian mereka harus mengembalikan dia ke kota perlindungan, tempat pelariannya. Ia harus tinggal di sana sampai wafatnya imam besar saat itu, yang telah diminyaki dengan minyak suci.",
Bilangan,35,26,Bilangan 35:26,"Tetapi, jika pembunuh itu keluar dari batas kota perlindungan tempat pelariannya,",
Bilangan,35,27,Bilangan 35:27,"lalu di luar batas kota perlindungannya itu ia didapati oleh orang yang menuntut balasan darah dan dibunuh, maka orang ini tidak berutang darah kepadanya",
Bilangan,35,28,Bilangan 35:28,"karena memang pembunuh itu wajib tinggal di kota perlindungannya sampai orang yang menjadi imam besar wafat. Sesudah imam besar wafat, barulah ia boleh kembali ke tanah miliknya.",
Bilangan,35,29,Bilangan 35:29,Itulah ketetapan hukum bagi kamu turun-temurun di seluruh tempat kediamanmu.,
Bilangan,35,30,Bilangan 35:30,"Siapa membunuh orang lain, ia harus dihukum mati atas keterangan para saksi. Namun, satu orang saksi saja tidak cukup untuk dapat menjatuhkan hukuman mati atas seseorang.",
Bilangan,35,31,Bilangan 35:31,Jangan menerima tebusan sebagai ganti nyawa seorang pembunuh yang patut dihukum mati karena ia harus tetap dihukum mati.,
Bilangan,35,32,Bilangan 35:32,Jangan pula menerima tebusan dari seorang yang melarikan diri ke kota perlindungan jika maksudnya supaya ia dapat kembali tinggal di negeri itu sebelum imam besar wafat.,
Bilangan,35,33,Bilangan 35:33,"Jangan najiskan negeri tempat kediamanmu karena darah yang tertumpah menajiskan negeri itu. Tidak ada pendamaian yang dapat diadakan bagi negeri itu akibat darah yang tertumpah di atasnya, kecuali dengan darah orang yang menumpahkannya.",
Bilangan,35,34,Bilangan 35:34,"Jangan najiskan negeri tempat tinggalmu, tempat Aku bersemayam, karena Aku, ALLAH, bersemayam di tengah-tengah bani Israil.’”",
Bilangan,36,1,Bilangan 36:1,"Para kepala keluarga dari kaum bani Gilead bin Makhir bin Manasye, salah satu kaum keturunan Yusuf, datang dan berbicara di hadapan Musa serta para pemimpin, yaitu kepala-kepala keluarga bani Israil.",Syarat Perkawinan Anak-Anak Perempuan dengan Hak Waris
Bilangan,36,2,Bilangan 36:2,"Kata mereka, “ALLAH telah memerintahkan Tuanku untuk memberikan tanah itu kepada bani Israil sebagai milik pusaka dengan membuang undi. ALLAH juga telah memerintahkan Tuanku untuk memberikan milik pusaka Zelafehad, saudara kami, kepada anak-anak perempuannya.",
Bilangan,36,3,Bilangan 36:3,"Akan tetapi, jika mereka menikah dengan seorang laki-laki dari suku bani Israil yang lain, maka tentunya milik pusaka mereka akan diambil dari milik pusaka bapak-bapak leluhur kami, lalu ditambahkan pada milik pusaka suku yang akan mereka masuki. Dengan demikian, milik pusaka yang diundikan kepada kami akan berkurang.",
Bilangan,36,4,Bilangan 36:4,"Saat tiba tahun Yobel bagi bani Israil, milik pusaka mereka akan ditambahkan kepada milik pusaka suku yang mereka masuki, sedangkan milik pusaka suku bapak-bapak leluhur kami berkurang karena diambil.”",
Bilangan,36,5,Bilangan 36:5,"Kemudian, berdasarkan perintah ALLAH, Musa memberi perintah kepada bani Israil, katanya, “Perkataan suku bani Yusuf itu benar.",
Bilangan,36,6,Bilangan 36:6,"Inilah perintah ALLAH mengenai anak-anak perempuan Zelafehad, ‘Mereka boleh menikah dengan siapa saja yang baik menurut mereka, tetapi hanya dalam lingkungan kaum suku bapak leluhur mereka.",
Bilangan,36,7,Bilangan 36:7,Milik pusaka bani Israil tidak boleh beralih dari suku ke suku karena bani Israil harus tetap berada pada milik pusaka suku bapak leluhurnya masing-masing.,
Bilangan,36,8,Bilangan 36:8,Setiap anak perempuan yang mewarisi milik pusaka di antara suku-suku bani Israil harus menikah dengan seorang dari kaum suku bapak leluhurnya supaya bani Israil dapat mewarisi milik pusaka bapak leluhurnya masing-masing.,
Bilangan,36,9,Bilangan 36:9,Milik pusaka itu tidak boleh beralih dari satu suku ke suku yang lain karena suku-suku bani Israil harus tetap berada pada milik pusakanya masing-masing.’”,
Bilangan,36,10,Bilangan 36:10,"Maka, seperti diperintahkan ALLAH kepada Musa, demikianlah dilakukan oleh anak-anak perempuan Zelafehad.",
Bilangan,36,11,Bilangan 36:11,"Mahla, Tirza, Hogla, Milka, dan Noa, anak-anak perempuan Zelafehad, menikah dengan anak-anak lelaki dari saudara-saudara ayah mereka.",
Bilangan,36,12,Bilangan 36:12,Mereka menikah dengan orang-orang dari kaum bani Manasye bin Yusuf sehingga milik pusaka mereka tetap pada suku kaum bapak leluhur mereka.,
Bilangan,36,13,Bilangan 36:13,"Itulah perintah dan peraturan yang diberikan ALLAH dengan perantaraan Musa kepada bani Israil di Dataran Moab, di tepi Sungai Yordan dekat Yerikho.",
