Book,Chapter,Verse,Ref,Arabic,Indonesian,KitabSuci,Notes
Matius,1,1,Matius 1:1,كِتَابُ مِيلَادِ يَسُوعَ ٱلْمَسِيحِ ٱبْنِ دَاوُدَ ٱبْنِ إِبْراهِيمَ:,"Kitab silsilah Yesus Kristus, anak Daud, anak Abraham.","Inilah silsilah Isa Al-Masih, anak Daud, anak Ibrahim:",
Matius,1,2,Matius 1:2,إِبْراهِيمُ وَلَدَ إِسْحاقَ. وَإِسْحاقُ وَلَدَ يَعْقُوبَ. وَيَعْقُوبُ وَلَدَ يَهُوذَا وَإِخْوَتَهُ.,"Abraham adalah ayah dari Ishak, Ishak adalah ayah dari Yakub. Yakub adalah ayah dari Yehuda dan saudara-saudaranya.","Ibrahim mempunyai anak, Ishak; Ishak mempunyai anak, Yakub; Yakub mempunyai anak, Yuda dan saudara-saudaranya;",
Matius,1,3,Matius 1:3,وَيَهُوذَا وَلَدَ فَارِصَ وَزَارَحَ مِنْ ثَامَارَ. وَفَارِصُ وَلَدَ حَصْرُونَ. وَحَصْرُونُ وَلَدَ أَرَامَ.,"Yehuda adalah ayah dari Peres dan Zerah, dari Tamar. Peres adalah ayah dari Hezron. Hezron adalah ayah dari Ram.","Yuda mempunyai anak, Peres dan Zerah, dari Tamar; Peres mempunyai anak, Hezron; Hezron mempunyai anak, Ram;",
Matius,1,4,Matius 1:4,وَأَرَامُ وَلَدَ عَمِّينَادَابَ. وَعَمِّينَادَابُ وَلَدَ نَحْشُونَ. وَنَحْشُونُ وَلَدَ سَلْمُونَ.,Ram adalah ayah dari Aminadab. Aminadab adalah ayah dari Nahason. Nahason adalah ayah dari Salmon.,"Ram mempunyai anak, Aminadab; Aminadab mempunyai anak, Nahason; Nahason mempunyai anak, Salmon;",
Matius,1,5,Matius 1:5,وَسَلْمُونُ وَلَدَ بُوعَزَ مِنْ رَاحَابَ. وَبُوعَزُ وَلَدَ عُوبِيدَ مِنْ رَاعُوثَ. وَعُوبِيدُ وَلَدَ يَسَّى.,"Salmon adalah ayah dari Boas, dari Rahab. Boas adalah ayah dari Obed, dari Rut. Obed adalah ayah dari Isai.","Salmon mempunyai anak, Boas, dari Rahab; Boas mempunyai anak, Obed, dari Rut; Obed mempunyai anak, Isai;",
Matius,1,6,Matius 1:6,وَيَسَّى وَلَدَ دَاوُدَ ٱلْمَلِكَ. وَدَاوُدُ ٱلْمَلِكُ وَلَدَ سُلَيْمَانَ مِنَ ٱلَّتِي لِأُورِيَّا.,"Isai adalah ayah dari Raja Daud. Daud adalah ayah dari Salomo, dari bekas istri Uria.","Isai mempunyai anak, Daud; Daud mempunyai anak, Sulaiman, dari janda Uria;",
Matius,1,7,Matius 1:7,وَسُلَيْمَانُ وَلَدَ رَحَبْعَامَ. وَرَحَبْعَامُ وَلَدَ أَبِيَّا. وَأَبِيَّا وَلَدَ آسَا.,Salomo adalah ayah dari Rehabeam. Rehabeam adalah ayah dari Abia. Abia adalah ayah dari Asa.,"Sulaiman mempunyai anak, Rehabeam; Rehabeam mempunyai anak, Abia; Abia mempunyai anak, Asa;",
Matius,1,8,Matius 1:8,وَآسَا وَلَدَ يَهُوشَافَاطَ. وَيَهُوشَافَاطُ وَلَدَ يُورَامَ. وَيُورَامُ وَلَدَ عُزِّيَّا.,Asa adalah ayah dari Yosafat. Yosafat adalah ayah dari Yoram. Yoram adalah ayah dari Uzia.,"Asa mempunyai anak, Yosafat; Yosafat mempunyai anak, Yoram; Yoram mempunyai anak, Uzia;",
Matius,1,9,Matius 1:9,وَعُزِّيَّا وَلَدَ يُوثَامَ. وَيُوثَامُ وَلَدَ أَحَازَ. وَأَحَازُ وَلَدَ حِزْقِيَّا.,Uzia adalah ayah dari Yotam. Yotam adalah ayah dari Ahas. Ahas adalah ayah dari Hizkia.,"Uzia mempunyai anak, Yotam; Yotam mempunyai anak, Ahas; Ahas mempunyai anak, Hizkia;",
Matius,1,10,Matius 1:10,وَحِزْقِيَّا وَلَدَ مَنَسَّى. وَمَنَسَّى وَلَدَ آمُونَ. وَآمُونُ وَلَدَ يُوشِيَّا.,Hizkia adalah ayah dari Manasye. Manasye adalah ayah dari Amon. Amon adalah ayah dari Yosia.,"Hizkia mempunyai anak, Manasye; Manasye mempunyai anak, Amon; Amon mempunyai anak, Yosia;",
Matius,1,11,Matius 1:11,وَيُوشِيَّا وَلَدَ يَكُنْيَا وَإِخْوَتَهُ عِنْدَ سَبْيِ بَابِلَ.,"Yosia adalah ayah dari Yekhonya dan saudara-saudaranya, pada masa pembuangan ke Babel.","Yosia mempunyai anak, Yekhonya dan saudara-saudaranya, pada masa bani Israil dibuang ke Babel;",
Matius,1,12,Matius 1:12,وَبَعْدَ سَبْيِ بَابِلَ يَكُنْيَا وَلَدَ شَأَلْتِئِيلَ. وَشَأَلْتِئِيلُ وَلَدَ زَرُبَّابِلَ.,"Setelah pembuangan ke Babel, Yekhonya adalah ayah dari Sealtiel. Sealtiel adalah ayah dari Zerubabel.","Yekhonya mempunyai anak, Sealtiel, setelah pembuangan ke Babel; Sealtiel mempunyai anak, Zerubabel;",
Matius,1,13,Matius 1:13,وَزَرُبَّابِلُ وَلَدَ أَبِيهُودَ. وَأَبِيهُودُ وَلَدَ أَلِيَاقِيمَ. وَأَلِيَاقِيمُ وَلَدَ عَازُورَ.,Zerubabel adalah ayah dari Abihud. Abihud adalah ayah dari Elyakim. Elyakim adalah ayah dari Azor.,"Zerubabel mempunyai anak, Abihud; Abihud mempunyai anak, Elyakim; Elyakim mempunyai anak, Azor;",
Matius,1,14,Matius 1:14,وَعَازُورُ وَلَدَ صَادُوقَ. وَصَادُوقُ وَلَدَ أَخِيمَ. وَأَخِيمُ وَلَدَ أَلِيُودَ.,Azor adalah ayah dari Zadok. Zadok adalah ayah dari Akhim. Akhim adalah ayah dari Eliud.,"Azor mempunyai anak, Zadok; Zadok mempunyai anak, Akhim; Akhim mempunyai anak, Eliud;",
Matius,1,15,Matius 1:15,وَأَلِيُودُ وَلَدَ أَلِيعَازَرَ. وَأَلِيعَازَرُ وَلَدَ مَتَّانَ. وَمَتَّانُ وَلَدَ يَعْقُوبَ.,Eliud adalah ayah dari Eleazar. Eleazar adalah ayah dari Matan. Matan adalah ayah dari Yakub.,"Eliud mempunyai anak, Eleazar; Eleazar mempunyai anak, Matan; Matan mempunyai anak, Yakub;",
Matius,1,16,Matius 1:16,وَيَعْقُوبُ وَلَدَ يُوسُفَ رَجُلَ مَرْيَمَ ٱلَّتِي وُلِدَ مِنْهَا يَسُوعُ ٱلَّذِي يُدْعَى ٱلْمَسِيحَ.,"Yakub adalah ayah dari Yusuf, suami Maria. Maria melahirkan Yesus, yang disebut Kristus.","Yakub mempunyai anak, Yusuf, yaitu suami Maryam; dari Maryam itulah lahir Isa, Sang Al-Masih.",
Matius,1,17,Matius 1:17,فَجَمِيعُ ٱلْأَجْيَالِ مِنْ إِبْراهِيمَ إِلَى دَاوُدَ أَرْبَعَةَ عَشَرَ جِيلًا، وَمِنْ دَاوُدَ إِلَى سَبْيِ بَابِلَ أَرْبَعَةَ عَشَرَ جِيلًا، وَمِنْ سَبْيِ بَابِلَ إِلَى ٱلْمَسِيحِ أَرْبَعَةَ عَشَرَ جِيلًا.,"Jadi, semua keturunan dari Abraham sampai Daud ada empat belas keturunan, dan dari Daud sampai pembuangan ke Babel ada empat belas keturunan, dan dari pembuangan ke Babel sampai Kristus ada empat belas keturunan.","Jadi, dari Nabi Ibrahim sampai Nabi Daud semuanya ada empat belas keturunan, dari Daud sampai masa pembuangan ke Babel juga ada empat belas keturunan, demikian pula dari masa pembuangan ke Babel sampai Al-Masih ada empat belas keturunan.",
Matius,1,18,Matius 1:18,أَمَّا وِلَادَةُ يَسُوعَ ٱلْمَسِيحِ فَكَانَتْ هَكَذَا: لَمَّا كَانَتْ مَرْيَمُ أُمُّهُ مَخْطُوبَةً لِيُوسُفَ، قَبْلَ أَنْ يَجْتَمِعَا، وُجِدَتْ حُبْلَى مِنَ ٱلرُّوحِ ٱلْقُدُسِ.,"Sekarang, kelahiran Kristus Yesus adalah seperti berikut. Ketika Maria, ibu-Nya sudah bertunangan dengan Yusuf, sebelum mereka hidup bersama, dia ternyata mengandung dari Roh Kudus.","Inilah riwayat kelahiran Isa Al-Masih. Ketika Maryam, ibu-Nya, masih bertunangan dengan Yusuf, ternyata Maryam telah mengandung karena kuasa Ruh Allah walaupun Maryam dan Yusuf belum melakukan hubungan sebagai suami istri.",
Matius,1,19,Matius 1:19,فَيُوسُفُ رَجُلُهَا إِذْ كَانَ بَارًّا، وَلَمْ يَشَأْ أَنْ يُشْهِرَهَا، أَرَادَ تَخْلِيَتَهَا سِرًّا.,"Namun, Yusuf, suaminya, adalah orang yang benar dan tidak mau mempermalukan Maria di muka umum , sehingga dia bermaksud untuk membebaskan Maria secara diam-diam .","Karena Yusuf, tunangannya, adalah orang yang bertakwa dan berakhlak serta tidak berniat mempermalukan Maryam, maka ia bermaksud memutuskan hubungannya dengan Maryam secara diam-diam.",
Matius,1,20,Matius 1:20,وَلَكِنْ فِيمَا هُوَ مُتَفَكِّرٌ فِي هَذِهِ ٱلْأُمُورِ، إِذَا مَلَاكُ ٱلرَّبِّ قَدْ ظَهَرَ لَهُ فِي حُلْمٍ قَائِلًا: «يَا يُوسُفُ ٱبْنَ دَاوُدَ، لَا تَخَفْ أَنْ تَأْخُذَ مَرْيَمَ ٱمْرَأَتَكَ. لِأَنَّ ٱلَّذِي حُبِلَ بِهِ فِيهَا هُوَ مِنَ ٱلرُّوحِ ٱلْقُدُسِ.,"Akan tetapi, ketika Yusuf sedang mempertimbangkan hal ini, lihat, malaikat Tuhan tampak kepadanya dalam mimpi dan berkata, “Yusuf, anak Daud, jangan takut untuk mengambil Maria sebagai istrimu karena Anak yang dikandungnya adalah dari Roh Kudus.","Tetapi, sementara ia memikirkan hal itu, malaikat Tuhan memperlihatkan diri kepadanya dalam mimpi. Malaikat itu berkata, “Hai Yusuf, anak Daud, janganlah engkau takut menerima Maryam sebagai istrimu karena anak yang ada dalam kandungannya itu berasal dari Ruh Allah.",
Matius,1,21,Matius 1:21,فَسَتَلِدُ ٱبْنًا وَتَدْعُو ٱسْمَهُ يَسُوعَ. لِأَنَّهُ يُخَلِّصُ شَعْبَهُ مِنْ خَطَايَاهُمْ».,Dia akan melahirkan seorang Anak laki-laki dan engkau akan menamai Dia Yesus karena Dia akan menyelamatkan umat-Nya dari dosa-dosa mereka.”,Ia akan melahirkan seorang anak laki-laki dan engkau harus menamai-Nya Isa karena Dialah yang akan menyelamatkan umat-Nya dari dosa-dosa mereka.”,
Matius,1,22,Matius 1:22,وَهَذَا كُلُّهُ كَانَ لِكَيْ يَتِمَّ مَا قِيلَ مِنَ ٱلرَّبِّ بِٱلنَّبِيِّ ٱلْقَائِلِ:,"Semua hal ini terjadi untuk menggenapi yang difirmankan oleh Tuhan melalui nabi-Nya,","Semua itu terjadi supaya genaplah firman yang telah disampaikan Tuhan melalui nabi-Nya,",
Matius,1,23,Matius 1:23,«هُوَذَا ٱلْعَذْرَاءُ تَحْبَلُ وَتَلِدُ ٱبْنًا، وَيَدْعُونَ ٱسْمَهُ عِمَّانُوئِيلَ» ٱلَّذِي تَفْسِيرُهُ: ٱللهُ مَعَنَا.,"“Lihatlah, seorang perawan akan mengandung dan akan melahirkan seorang anak laki-laki. Mereka akan menyebut nama-Nya Imanuel,” yang artinya: “Allah beserta kita” .","“Lihatlah! Seorang anak dara akan mengandung dan melahirkan seorang anak laki-laki. Orang akan menyebut-Nya Immanuel,” yang artinya, “Allah beserta kita.”",
Matius,1,24,Matius 1:24,فَلَمَّا ٱسْتَيْقَظَ يُوسُفُ مِنَ ٱلنَّوْمِ فَعَلَ كَمَا أَمَرَهُ مَلَاكُ ٱلرَّبِّ، وَأَخَذَ ٱمْرَأَتَهُ.,"Ketika Yusuf bangun dari tidurnya, dia melakukan seperti yang malaikat Tuhan perintahkan kepadanya, dan dia mengambil istri baginya","Yusuf terbangun dari tidurnya, lalu dilakukannya apa yang diperintahkan oleh malaikat Tuhan. Ia menerima Maryam sebagai istrinya.",
Matius,1,25,Matius 1:25,وَلَمْ يَعْرِفْهَا حَتَّى وَلَدَتِ ٱبْنَهَا ٱلْبِكْرَ. وَدَعَا ٱسْمَهُ يَسُوعَ.,"tetapi tidak bersetubuh dengan Maria sampai dia melahirkan Anak laki-lakinya. Dan, Yusuf menamai-Nya, Yesus.","Meskipun begitu, ia tetap tidak melakukan hubungan sebagai suami istri dengannya sampai Maryam melahirkan. Kemudian, setelah anak itu lahir, Yusuf menamai-Nya Isa.",
Matius,2,1,Matius 2:1,وَلَمَّا وُلِدَ يَسُوعُ فِي بَيْتِ لَحْمِ ٱلْيَهُودِيَّةِ، فِي أَيَّامِ هِيرُودُسَ ٱلْمَلِكِ، إِذَا مَجُوسٌ مِنَ ٱلْمَشْرِقِ قَدْ جَاءُوا إِلَى أُورُشَلِيمَ,"Sekarang, setelah Yesus lahir di Betlehem, di Yudea, pada zaman Raja Herodes, lihat, orang-orang Majus dari timur datang ke Yerusalem.","Isa lahir di Baitlahim, wilayah Yudea, pada masa pemerintahan Raja Herodes. Lalu, datanglah beberapa orang majusi dari Timur ke Kota Yerusalem.",
Matius,2,2,Matius 2:2,قَائِلِينَ: «أَيْنَ هُوَ ٱلْمَوْلُودُ مَلِكُ ٱلْيَهُودِ؟ فَإِنَّنَا رَأَيْنَا نَجْمَهُ فِي ٱلْمَشْرِقِ وَأَتَيْنَا لِنَسْجُدَ لَهُ».,"Mereka bertanya, “Di manakah Dia, Raja orang Yahudi yang dilahirkan itu? Sebab, kami telah melihat bintang-Nya di timur dan kami datang untuk menyembah-Nya.”","Mereka bertanya-tanya, “Di manakah raja bani Israil yang baru dilahirkan itu? Kami telah melihat bintang-Nya di Timur, dan kami datang untuk sujud di hadapan-Nya.”",
Matius,2,3,Matius 2:3,فَلَمَّا سَمِعَ هِيرُودُسُ ٱلْمَلِكُ ٱضْطَرَبَ وَجَمِيعُ أُورُشَلِيمَ مَعَهُ.,"Ketika Raja Herodes mendengar hal ini, gelisahlah dia dan seluruh Yerusalem bersamanya.","Ketika hal itu didengar oleh Raja Herodes, terkejutlah ia dan juga semua orang yang tinggal di Kota Yerusalem.",
Matius,2,4,Matius 2:4,فَجَمَعَ كُلَّ رُؤَسَاءِ ٱلْكَهَنَةِ وَكَتَبَةِ ٱلشَّعْبِ، وَسَأَلَهُمْ: «أَيْنَ يُولَدُ ٱلْمَسِيحُ؟».,"Lalu, dia mengumpulkan semua imam kepala dan ahli-ahli Taurat bangsa itu. Dia bertanya kepada mereka di mana Kristus dilahirkan.","Karena itu, Herodes mengumpulkan semua imam kepala dan para ahli Kitab Suci Taurat bani Israil. Lalu, ia menanyakan kepada mereka di mana Al-Masih dilahirkan.",
Matius,2,5,Matius 2:5,فَقَالُوا لَهُ: «فِي بَيْتِ لَحْمِ ٱلْيَهُودِيَّةِ. لِأَنَّهُ هَكَذَا مَكْتُوبٌ بِٱلنَّبِيِّ:,"Mereka menjawab, “Di Betlehem, wilayah Yudea, karena beginilah yang ditulis oleh nabi:","Jawab mereka, “Di Baitlahim, kota di wilayah Yudea. Karena demikianlah telah dikatakan dalam tulisan nabi,",
Matius,2,6,Matius 2:6,وَأَنْتِ يا بَيْتَ لَحْمٍ، أَرْضَ يَهُوذَا، لَسْتِ ٱلصُّغْرَى بَيْنَ رُؤَسَاءِ يَهُوذَا، لِأَنْ مِنْكِ يَخْرُجُ مُدَبِّرٌ يَرْعَى شَعْبِي إِسْرَائِيلَ».,"‘Tetapi engkau, hai Betlehem Efrata, di tanah Yehuda, engkau bukanlah yang terkecil di antara penguasa Yehuda, karena darimu akan bangkit bagi-Ku, seorang yang akan memerintah Israel.’” Mikha 5:2","‘Hai Baitlahim, kota di wilayah Yuda, engkau sekali-kali bukanlah yang terkecil dari antara mereka yang memerintah di Yuda. Karena dari padamu akan muncul seorang pemimpin yang akan menggembalakan umat-Ku Israil.’”",
Matius,2,7,Matius 2:7,حِينَئِذٍ دَعَا هِيرُودُسُ ٱلْمَجُوسَ سِرًّا، وَتَحَقَّقَ مِنْهُمْ زَمَانَ ٱلنَّجْمِ ٱلَّذِي ظَهَرَ.,"Kemudian, Herodes diam-diam memanggil orang-orang Majus itu, meminta kepastian dari mereka tentang waktu bersinarnya bintang itu.","Setelah itu, Herodes memanggil orang-orang majusi itu secara diam-diam. Dimintanya keterangan yang rinci dari mereka kapan bintang itu mulai kelihatan.",
Matius,2,8,Matius 2:8,ثُمَّ أَرْسَلَهُمْ إِلَى بَيْتِ لَحْمٍ، وَقَالَ: «ٱذْهَبُوا وَٱفْحَصُوا بِٱلتَّدْقِيقِ عَنِ ٱلصَّبِيِّ. وَمَتَى وَجَدْتُمُوهُ فَأَخْبِرُونِي، لِكَيْ آتِيَ أَنَا أَيْضًا وَأَسْجُدَ لَهُ».,"Lalu, dia menyuruh mereka ke Betlehem dan berkata, “Pergi dan selidikilah dengan teliti tentang Anak itu. Dan, kalau kamu sudah menemukan-Nya, beritahukanlah kepadaku supaya aku juga bisa datang dan menyembah-Nya.”","Lalu, disuruhnya mereka pergi ke Kota Baitlahim. Katanya, “Pergilah kamu, carilah anak itu baik-baik. Apabila kamu telah menemukan-Nya, kabarkanlah kepadaku supaya aku pun dapat pergi untuk sujud di hadapan-Nya.”",
Matius,2,9,Matius 2:9,فَلَمَّا سَمِعُوا مِنَ ٱلْمَلِكِ ذَهَبُوا. وَإِذَا ٱلنَّجْمُ ٱلَّذِي رَأَوْهُ فِي ٱلْمَشْرِقِ يَتَقَدَّمُهُمْ حَتَّى جَاءَ وَوَقَفَ فَوْقُ، حَيْثُ كَانَ ٱلصَّبِيُّ.,"Setelah mendengarkan raja, mereka pergi. Dan, lihat, bintang yang mereka lihat di timur itu menuntun mereka sampai tiba dan berhenti di atas tempat Anak itu berada.","Setelah mendengar apa yang dikatakan oleh raja, pergilah mereka. Tiba-tiba bintang yang mereka lihat di Timur itu muncul kembali dan mendahului mereka, lalu berhenti di atas tempat anak itu berada.",
Matius,2,10,Matius 2:10,فَلَمَّا رَأَوْا ٱلنَّجْمَ فَرِحُوا فَرَحًا عَظِيمًا جِدًّا.,"Ketika melihat bintang itu, mereka bersukacita dengan sukacita yang sangat besar.","Ketika bintang itu terlihat kembali, mereka pun sangat gembira.",
Matius,2,11,Matius 2:11,وَأَتَوْا إِلَى ٱلْبَيْتِ، وَرَأَوْا ٱلصَّبِيَّ مَعَ مَرْيَمَ أُمِّهِ. فَخَرُّوا وَسَجَدُوا لَهُ. ثُمَّ فَتَحُوا كُنُوزَهُمْ وَقَدَّمُوا لَهُ هَدَايَا: ذَهَبًا وَلُبَانًا وَمُرًّا.,"Setelah masuk ke dalam rumah, mereka menemukan Anak itu bersama Maria, ibu-Nya. Lalu, mereka tersungkur dan menyembah-Nya. Kemudian, mereka membuka tempat-tempat harta mereka dan mempersembahkan hadiah-hadiah kepada-Nya, yaitu emas, kemenyan, dan mur .","Lalu, masuklah mereka ke rumah itu, dan melihat anak itu dengan Maryam, ibu-Nya. Maka, sujudlah mereka di hadapan anak itu. Mereka membuka tempat harta mereka dan mempersembahkan kepada-Nya persembahan berupa emas, sejenis damar yang wangi, dan kemenyan.",
Matius,2,12,Matius 2:12,ثُمَّ إِذْ أُوحِيَ إِلَيْهِمْ فِي حُلْمٍ أَنْ لَا يَرْجِعُوا إِلَى هِيرُودُسَ، ٱنْصَرَفُوا فِي طَرِيقٍ أُخْرَى إِلَى كُورَتِهِمْ.,"Dan, sesudah diperingatkan dalam mimpi agar jangan kembali kepada Herodes, mereka kembali ke negerinya melalui jalan lain.","Melalui mimpi mereka diperingatkan untuk tidak kembali kepada Herodes. Oleh sebab itu, mereka pulang ke negeri mereka melalui jalan yang lain.",
Matius,2,13,Matius 2:13,وَبَعْدَمَا ٱنْصَرَفُوا، إِذَا مَلَاكُ ٱلرَّبِّ قَدْ ظَهَرَ لِيُوسُفَ فِي حُلْمٍ قَائِلًا: «قُمْ وَخُذِ ٱلصَّبِيَّ وَأُمَّهُ وَٱهْرُبْ إِلَى مِصْرَ، وَكُنْ هُنَاكَ حَتَّى أَقُولَ لَكَ. لِأَنَّ هِيرُودُسَ مُزْمِعٌ أَنْ يَطْلُبَ ٱلصَّبِيَّ لِيُهْلِكَهُ».,"Setelah orang-orang Majus itu pergi, lihat, malaikat Tuhan tampak kepada Yusuf dalam mimpi dan berkata, “Bangunlah! Bawa Anak itu bersama ibu-Nya dan larilah ke Mesir . Tinggallah di sana sampai Aku berbicara kepadamu karena Herodes ingin mencari Anak itu untuk membinasakan-Nya.”","Sesudah orang-orang majusi itu melanjutkan perjalanan mereka, malaikat Tuhan menampakkan diri kepada Yusuf dalam mimpi. Katanya, “Bangunlah, ambillah anak itu serta ibu-Nya, dan larilah ke Mesir. Kemudian, tinggallah di sana sampai aku memberi kabar kepadamu karena Herodes sedang mencari anak itu untuk membinasakan-Nya!”",
Matius,2,14,Matius 2:14,فَقَامَ وَأَخَذَ ٱلصَّبِيَّ وَأُمَّهُ لَيْلًا وَٱنْصَرَفَ إِلَى مِصْرَ.,"Kemudian, Yusuf bangun dan membawa Anak itu dengan ibu-Nya pada waktu malam untuk pergi ke Mesir,","Maka, bangunlah Yusuf dan pada malam itu juga ia membawa anak itu serta ibu-Nya hijrah ke Mesir.",
Matius,2,15,Matius 2:15,وَكَانَ هُنَاكَ إِلَى وَفَاةِ هِيرُودُسَ. لِكَيْ يَتِمَّ مَا قِيلَ مِنَ ٱلرَّبِّ بِٱلنَّبِيِّ ٱلْقَائِلِ: «مِنْ مِصْرَ دَعَوْتُ ٱبْنِي».,dan tinggal di sana sampai Herodes mati supaya digenapilah yang difirmankan Tuhan melalui nabi: “Dan dari Mesir Kupanggil Anak-Ku.” Hosea 11:1,"Mereka tinggal di sana sampai Herodes mati. Dengan demikian, genaplah firman yang disampaikan Tuhan melalui nabi-Nya, “Aku memanggil Anak-Ku dari Mesir.”",
Matius,2,16,Matius 2:16,حِينَئِذٍ لَمَّا رَأَى هِيرُودُسُ أَنَّ ٱلْمَجُوسَ سَخِرُوا بِهِ غَضِبَ جِدًّا. فَأَرْسَلَ وَقَتَلَ جَمِيعَ ٱلصِّبْيَانِ ٱلَّذِينَ فِي بَيْتِ لَحْمٍ وَفِي كُلِّ تُخُومِهَا، مِنِ ٱبْنِ سَنَتَيْنِ فَمَا دُونُ، بِحَسَبِ ٱلزَّمَانِ ٱلَّذِي تَحَقَّقَهُ مِنَ ٱلْمَجُوسِ.,"Kemudian, ketika Herodes tahu bahwa dia sudah diperdaya oleh orang-orang Majus, dia sangat murka dan memerintahkan untuk membunuh semua anak laki-laki di Betlehem dan seluruh wilayah di sekitarnya, yang berumur dua tahun ke bawah, sesuai dengan waktu yang sudah ia pastikan dari orang-orang Majus.","Setelah Herodes tahu bahwa ia telah diperdaya oleh orang-orang majusi itu, ia menjadi sangat marah. Ia memerintahkan orang-orangnya untuk membunuh semua anak laki-laki yang ada di Kota Baitlahim serta wilayah sekitarnya, yaitu anak-anak yang berumur dua tahun ke bawah, sesuai dengan keterangan mengenai waktu yang telah ia dapatkan dari orang-orang majusi.",
Matius,2,17,Matius 2:17,حِينَئِذٍ تَمَّ مَا قِيلَ بِإِرْمِيَا ٱلنَّبِيِّ ٱلْقَائِلِ:,"Maka, genaplah yang disampaikan oleh Nabi Yeremia:","Dengan demikian, genaplah firman yang disampaikan melalui Nabi Yeremia,",
Matius,2,18,Matius 2:18,«صَوْتٌ سُمِعَ فِي ٱلرَّامَةِ، نَوْحٌ وَبُكَاءٌ وَعَوِيلٌ كَثِيرٌ. رَاحِيلُ تَبْكِي عَلَى أَوْلَادِهَا وَلَا تُرِيدُ أَنْ تَتَعَزَّى، لِأَنَّهُمْ لَيْسُوا بِمَوْجُودِينَ».,"“Suatu suara terdengar di Rama , tangisan dan ratapan yang sangat sedih . Rahel menangisi anak-anaknya , dan tidak mau dihibur karena mereka sudah tiada.” Yeremia 31:15",“Di Rama terdengar suara ratap tangis yang memilukan hati. Rahel menangisi anak-anaknya dan tidak mau dihibur sebab mereka telah tiada.”,
Matius,2,19,Matius 2:19,فَلَمَّا مَاتَ هِيرُودُسُ، إِذَا مَلَاكُ ٱلرَّبِّ قَدْ ظَهَرَ فِي حُلْمٍ لِيُوسُفَ فِي مِصْرَ,"Namun, ketika Herodes mati, lihat, malaikat Tuhan menampakkan diri dalam mimpi kepada Yusuf di Mesir,","Ketika Herodes sudah mati, malaikat Tuhan kembali menampakkan dirinya kepada Yusuf dalam mimpi di Mesir.",
Matius,2,20,Matius 2:20,قَائِلًا: «قُمْ وَخُذِ ٱلصَّبِيَّ وَأُمَّهُ وَٱذْهَبْ إِلَى أَرْضِ إِسْرَائِيلَ، لِأَنَّهُ قَدْ مَاتَ ٱلَّذِينَ كَانُوا يَطْلُبُونَ نَفْسَ ٱلصَّبِيِّ».,"dan berkata, “Bangunlah, bawa Anak itu dengan ibu-Nya dan pergilah ke tanah Israel karena orang-orang yang berusaha membunuh nyawa Anak itu sudah mati.”","Ia berkata, “Bangunlah, ambillah anak itu serta ibu-Nya dan kembalilah ke Israil karena orang-orang yang hendak membunuh anak itu sudah mati.”",
Matius,2,21,Matius 2:21,فَقَامَ وَأَخَذَ ٱلصَّبِيَّ وَأُمَّهُ وَجَاءَ إِلَى أَرْضِ إِسْرَائِيلَ.,"Lalu, dia bangun dan membawa Anak itu beserta ibu-Nya dan kembali ke tanah Israel.","Maka, bangunlah Yusuf, diambilnya anak itu serta ibu-Nya dan pergi ke wilayah Israil.",
Matius,2,22,Matius 2:22,وَلَكِنْ لَمَّا سَمِعَ أَنَّ أَرْخِيلَاوُسَ يَمْلِكُ عَلَى ٱلْيَهُودِيَّةِ عِوَضًا عَنْ هِيرُودُسَ أَبِيهِ، خَافَ أَنْ يَذْهَبَ إِلَى هُنَاكَ. وَإِذْ أُوحِيَ إِلَيْهِ فِي حُلْمٍ، ٱنْصَرَفَ إِلَى نَوَاحِي ٱلْجَلِيلِ.,"Akan tetapi, ketika dia mendengar bahwa Arkhelaus memerintah di Yudea menggantikan Herodes, ayahnya, Yusuf takut pergi ke sana. Setelah diperingatkan dalam mimpi, dia pergi ke wilayah Galilea.","Tetapi, ketika didengarnya bahwa Arkhelaus menjadi raja wilayah di Yudea menggantikan Herodes, ayahnya, ia pun menjadi takut untuk pergi ke sana. Kemudian, setelah diberi petunjuk melalui mimpi, pergilah ia ke wilayah Galilea.",
Matius,2,23,Matius 2:23,وَأَتَى وَسَكَنَ فِي مَدِينَةٍ يُقَالُ لَهَا نَاصِرَةُ، لِكَيْ يَتِمَّ مَا قِيلَ بِٱلْأَنْبِيَاءِ: «إِنَّهُ سَيُدْعَى نَاصِرِيًّا».,"Dia tiba dan tinggal di sebuah kota yang bernama Nazaret supaya genaplah yang disampaikan para nabi, “Dia akan disebut ‘Orang Nazaret’.”","Ia tinggal di kota yang bernama Nazaret. Dengan demikian, genaplah firman yang telah disampaikan melalui para nabi, “Ia akan disebut Orang Nazaret.”",
Matius,3,1,Matius 3:1,وَفِي تِلْكَ ٱلْأَيَّامِ جَاءَ يُوحَنَّا ٱلْمَعْمَدَانُ يَكْرِزُ فِي بَرِّيَّةِ ٱلْيَهُودِيَّةِ,"Pada hari-hari itu, muncullah Yohanes Pembaptis , berkhotbah di padang belantara Yudea .","Pada waktu itu tampillah Nabi Yahya. Ia menyampaikan berita kepada orang-orang di Padang Belantara Yudea, serunya,",
Matius,3,2,Matius 3:2,قَائِلًا: «تُوبُوا، لِأَنَّهُ قَدِ ٱقْتَرَبَ مَلَكُوتُ ٱلسَّماوَاتِ.,"Dia berkata, “Bertobatlah karena Kerajaan Surga sudah dekat.”","“Bertobatlah, karena Kerajaan Surga sudah dekat!”",
Matius,3,3,Matius 3:3,فَإِنَّ هَذَا هُوَ ٱلَّذِي قِيلَ عَنْهُ بِإِشَعْيَاءَ ٱلنَّبِيِّ ٱلْقَائِلِ: صَوْتُ صَارِخٍ فِي ٱلْبَرِّيَّةِ: أَعِدُّوا طَرِيقَ ٱلرَّبِّ. ٱصْنَعُوا سُبُلَهُ مُسْتَقِيمَةً».,"Sebab, dialah yang diucapkan Nabi Yesaya ketika berkata, “Ada suara berseru-seru: ‘Persiapkan jalan di padang belantara bagi TUHAN! Ratakan jalan di padang gurun bagi Allah kita! .’” Yesaya 40:3","Dialah yang dibicarakan oleh Nabi Yesaya ketika ia berkata, “Terdengar suara orang yang berseru-seru di padang belantara, ‘Persiapkanlah jalan bagi Tuhan, luruskanlah jalan yang akan dilalui-Nya!’”",
Matius,3,4,Matius 3:4,وَيُوحَنَّا هَذَا كَانَ لِبَاسُهُ مِنْ وَبَرِ ٱلْإِبِلِ، وَعَلَى حَقْوَيْهِ مِنْطَقَةٌ مِنْ جِلْدٍ. وَكَانَ طَعَامُهُ جَرَادًا وَعَسَلًا بَرِّيًّا.,"Dan, Yohanes sendiri mengenakan pakaiannya dari bulu unta dan sabuk kulit di sekeliling pinggangnya. Makanannya adalah belalang-belalang dan madu hutan .",Pakaian Yahya terbuat dari bulu unta dan ikat pinggangnya dari kulit. Sedangkan makanannya ialah belalang dan madu hutan.,
Matius,3,5,Matius 3:5,حِينَئِذٍ خَرَجَ إِلَيْهِ أُورُشَلِيمُ وَكُلُّ ٱلْيَهُودِيَّةِ وَجَمِيعُ ٱلْكُورَةِ ٱلْمُحِيطَةِ بِٱلْأُرْدُنِّ،,"Kemudian, orang-orang Yerusalem datang kepadanya, dan seluruh Yudea, dan seluruh wilayah di sekitar Yordan .","Kemudian, berdatanganlah orang-orang dari Yerusalem, dari seluruh wilayah Yudea, dan dari seluruh daerah sekitar Sungai Yordan untuk menemuinya.",
Matius,3,6,Matius 3:6,وَٱعْتَمَدُوا مِنْهُ فِي ٱلْأُرْدُنِّ، مُعْتَرِفِينَ بِخَطَايَاهُمْ.,"Lalu, mereka dibaptiskan olehnya di Sungai Yordan, sambil mengakui dosa-dosa mereka.",Mereka semua dipermandikan oleh Yahya di Sungai Yordan setelah mereka mengaku dosa masing-masing.,
Matius,3,7,Matius 3:7,فَلَمَّا رَأَى كَثِيرِينَ مِنَ ٱلْفَرِّيسِيِّينَ وَٱلصَّدُّوقِيِّينَ يَأْتُونَ إِلَى مَعْمُودِيَّتِهِ، قَالَ لَهُمْ: «يَاأَوْلَادَ ٱلْأَفَاعِي، مَنْ أَرَاكُمْ أَنْ تَهْرُبُوا مِنَ ٱلْغَضَبِ ٱلْآتِي؟,"Namun, ketika Yohanes melihat banyak orang Farisi dan Saduki datang pada baptisannya, dia berkata kepada mereka, “Kamu, keturunan ular beludak , siapa yang memperingatkan kamu untuk lari dari murka yang akan datang?","Ketika Yahya melihat sejumlah orang dari mazhab Farisi dan mazhab Saduki datang pula untuk dipermandikan, ia berkata kepada mereka, “Hai kamu, orang-orang yang tabiatnya seperti ular! Siapakah yang mengajarkan kepadamu bahwa kamu dapat lari dari murka Allah yang akan datang?",
Matius,3,8,Matius 3:8,فَٱصْنَعُوا أَثْمَارًا تَلِيقُ بِٱلتَّوْبَةِ.,"Karena itu, hasilkanlah buah-buah yang sesuai dengan pertobatan,","Hasilkanlah buah yang sepadan dengan pertobatanmu,",
Matius,3,9,Matius 3:9,وَلَا تَفْتَكِرُوا أَنْ تَقُولُوا فِي أَنْفُسِكُمْ: لَنَا إِبْراهِيمُ أَبًا. لِأَنِّي أَقُولُ لَكُمْ: إِنَّ ٱللهَ قَادِرٌ أَنْ يُقِيمَ مِنْ هَذِهِ ٱلْحِجَارَةِ أَوْلَادًا لِإِبْراهِيمَ.,"dan jangan berpikir untuk berkata kepada dirimu sendiri, ‘Kami mempunyai Abraham, bapak leluhur kami,’ karena aku mengatakan kepadamu bahwa dari batu-batu ini, Allah sanggup membangkitkan anak-anak untuk Abraham!","dan janganlah mengira bahwa di dalam hatimu kamu dapat berkata, ‘Nabi Ibrahim adalah bapak leluhur kami.’ Aku memberitahukan kepadamu bahwa Allah dapat saja menjadikan anak-anak bagi Ibrahim dari batu-batu ini.",
Matius,3,10,Matius 3:10,وَٱلْآنَ قَدْ وُضِعَتِ ٱلْفَأْسُ عَلَى أَصْلِ ٱلشَّجَرِ، فَكُلُّ شَجَرَةٍ لَا تَصْنَعُ ثَمَرًا جَيِّدًا تُقْطَعُ وَتُلْقَى فِي ٱلنَّارِ.,"Bahkan, sekarang, kapak diletakkan di akar pohon-pohon, dan setiap pohon yang tidak menghasilkan buah yang baik ditebang dan dilemparkan ke dalam api.",Saat ini kapak telah tersedia pada akar pohon. Setiap pohon yang tidak menghasilkan buah yang baik akan ditebang dan dibuang ke dalam api.,
Matius,3,11,Matius 3:11,أَنَا أُعَمِّدُكُمْ بِمَاءٍ لِلتَّوْبَةِ، وَلَكِنِ ٱلَّذِي يَأْتِي بَعْدِي هُوَ أَقْوَى مِنِّي، ٱلَّذِي لَسْتُ أَهْلًا أَنْ أَحْمِلَ حِذَاءَهُ. هُوَ سَيُعَمِّدُكُمْ بِٱلرُّوحِ ٱلْقُدُسِ وَنَارٍ.,"Aku sesungguhnya membaptis kamu dengan air untuk pertobatan, tetapi Dia yang datang sesudah aku adalah lebih berkuasa daripada aku, yang membawa sandal-Nya pun aku tidak layak. Dia akan membaptis kamu dengan Roh Kudus dan dengan api.","Aku mempermandikan kamu dengan air sebagai tanda pertobatan, tetapi setelah aku, akan datang orang yang lebih berkuasa daripadaku. Untuk membawa kasut-Nya saja pun aku tidak layak. Dia akan mempermandikan kamu dengan Ruh Allah Yang Mahasuci dan dengan api.",
Matius,3,12,Matius 3:12,ٱلَّذِي رَفْشُهُ فِي يَدِهِ، وَسَيُنَقِّي بَيْدَرَهُ، وَيَجْمَعُ قَمْحَهُ إِلَى ٱلْمَخْزَنِ، وَأَمَّا ٱلتِّبْنُ فَيُحْرِقُهُ بِنَارٍ لَا تُطْفَأُ».,"Alat penampi ada di tangan-Nya, dan Dia akan membersihkan tempat pengirikan-Nya , dan akan mengumpulkan gandum ke dalam lumbung. Namun, Dia akan membakar sekamnya dengan api yang tidak dapat dipadamkan.”","Alat penampi ada di tangan-Nya, dan Ia akan membersihkan tempat pengirikan-Nya. Gandum akan dikumpulkan-Nya di lumbung, tetapi sekam akan dibakar-Nya dengan api yang tidak pernah padam.”",
Matius,3,13,Matius 3:13,حِينَئِذٍ جَاءَ يَسُوعُ مِنَ ٱلْجَلِيلِ إِلَى ٱلْأُرْدُنِّ إِلَى يُوحَنَّا لِيَعْتَمِدَ مِنْهُ.,"Kemudian, Yesus datang dari Galilea ke Yordan kepada Yohanes untuk dibaptis olehnya.","Kemudian, datanglah Isa dari Galilea ke Sungai Yordan menemui Yahya untuk dipermandikan olehnya.",
Matius,3,14,Matius 3:14,وَلَكِنْ يُوحَنَّا مَنَعَهُ قَائِلًا: «أَنَا مُحْتَاجٌ أَنْ أَعْتَمِدَ مِنْكَ، وَأَنْتَ تَأْتِي إِلَيَّ!».,"Namun, Yohanes berusaha mencegah-Nya dan berkata, “Akulah yang perlu dibaptis oleh-Mu, tetapi justru Engkau yang datang kepadaku?”","Tetapi, Yahya berusaha menolak permintaan-Nya dengan berkata, “Seharusnya akulah yang dipermandikan, tetapi mengapa justru Engkau yang datang kepadaku?”",
Matius,3,15,Matius 3:15,فَأَجَابَ يَسُوعُ وَقَالَ لَهُ: «ٱسْمَحِ ٱلْآنَ، لِأَنَّهُ هَكَذَا يَلِيقُ بِنَا أَنْ نُكَمِّلَ كُلَّ بِرٍّ». حِينَئِذٍ سَمَحَ لَهُ.,"Lalu, Yesus menjawab dan berkata kepadanya, “Biarkanlah hal itu terjadi sekarang pada kita untuk menggenapi seluruh kebenaran.” Dan, Yohanes pun membiarkan Dia.","Sabda Isa kepadanya, “Biarlah hal itu terjadi karena kita patut memenuhi semua kehendak Allah.” Sesudah Isa mengatakan hal itu, kemudian barulah Yahya meluluskan permintaan-Nya itu.",
Matius,3,16,Matius 3:16,فَلَمَّا ٱعْتَمَدَ يَسُوعُ صَعِدَ لِلْوَقْتِ مِنَ ٱلْمَاءِ، وَإِذَا ٱلسَّمَاوَاتُ قَدِ ٱنْفَتَحَتْ لَهُ، فَرَأَى رُوحَ ٱللهِ نَازِلًا مِثْلَ حَمَامَةٍ وَآتِيًا عَلَيْهِ،,"Setelah dibaptis, Yesus langsung keluar dari air, dan lihat, surga terbuka dan Dia melihat Roh Allah turun seperti burung merpati datang ke atas-Nya.","Setelah dipermandikan, Isa pun segera keluar dari air. Pada saat itu juga terbukalah langit dan Ia melihat Ruh Allah turun seperti burung merpati ke atas-Nya.",
Matius,3,17,Matius 3:17,وَصَوْتٌ مِنَ ٱلسَّمَاوَاتِ قَائِلًا: «هَذَا هُوَ ٱبْنِي ٱلْحَبِيبُ ٱلَّذِي بِهِ سُرِرْتُ».,"Dan, dengarlah suara dari surga yang berkata, “Inilah Anak-Ku yang Kukasihi, kepada-Nyalah Aku berkenan.”","Kemudian, terdengarlah suara dari surga yang mengatakan, “Inilah Sang Anak yang Kukasihi, kepada-Nyalah Aku berkenan.”",
Matius,4,1,Matius 4:1,ثُمَّ أُصْعِدَ يَسُوعُ إِلَى ٱلْبَرِّيَّةِ مِنَ ٱلرُّوحِ لِيُجَرَّبَ مِنْ إِبْلِيسَ.,"Kemudian, Yesus dipimpin oleh Roh ke padang belantara untuk dicobai oleh Iblis.","Setelah itu, Isa dibawa oleh Ruh Allah ke padang belantara untuk digoda oleh Iblis.",
Matius,4,2,Matius 4:2,فَبَعْدَ مَا صَامَ أَرْبَعِينَ نَهَارًا وَأَرْبَعِينَ لَيْلَةً، جَاعَ أَخِيرًا.,"Dan, Dia berpuasa empat puluh hari dan empat puluh malam, sesudah itu Ia menjadi lapar.","Ia berpuasa selama empat puluh hari empat puluh malam, lalu Ia pun menjadi lapar.",
Matius,4,3,Matius 4:3,فَتَقَدَّمَ إِلَيْهِ ٱلْمُجَرِّبُ وَقَالَ لَهُ: «إِنْ كُنْتَ ٱبْنَ ٱللهِ فَقُلْ أَنْ تَصِيرَ هَذِهِ ٱلْحِجَارَةُ خُبْزًا».,"Lalu, datanglah si pencoba itu dan berkata kepada Yesus, “Jika Engkau adalah Anak Allah, perintahkanlah supaya batu-batu ini menjadi roti.”","Kemudian, datanglah si penggoda kepada-Nya serta berkata, “Kalau Engkau adalah Sang Anak yang datang dari Allah, suruhlah batu-batu itu menjadi roti.”",
Matius,4,4,Matius 4:4,فَأَجَابَ وَقَالَ: «مَكْتُوبٌ: لَيْسَ بِٱلْخُبْزِ وَحْدَهُ يَحْيَا ٱلْإِنْسَانُ، بَلْ بِكُلِّ كَلِمَةٍ تَخْرُجُ مِنْ فَمِ ٱللهِ».,"Namun, Dia menjawab dan berkata, “Ada tertulis, ‘Manusia bukan hidup dari roti saja, tetapi oleh setiap firman yang keluar melalui mulut Allah.’” Ulangan 8:3","Tetapi, Ia menjawab, “Telah tertulis, ‘Manusia hidup bukan dari roti saja, melainkan dari setiap firman yang keluar dari mulut Allah.’”",
Matius,4,5,Matius 4:5,ثُمَّ أَخَذَهُ إِبْلِيسُ إِلَى ٱلْمَدِينَةِ ٱلْمُقَدَّسَةِ، وَأَوْقَفَهُ عَلَى جَنَاحِ ٱلْهَيْكَلِ،,"Kemudian, Iblis membawa-Nya ke kota suci dan menempatkan-Nya di puncak Bait Allah,","Kemudian, Isa dibawa oleh Iblis ke kota suci dan ditempatkan di puncak bangunan Bait Allah.",
Matius,4,6,Matius 4:6,وَقَالَ لَهُ: «إِنْ كُنْتَ ٱبْنَ ٱللهِ فَٱطْرَحْ نَفْسَكَ إِلَى أَسْفَلُ، لِأَنَّهُ مَكْتُوبٌ: أَنَّهُ يُوصِي مَلَائِكَتَهُ بِكَ، فَعَلَى أيَادِيهِمْ يَحْمِلُونَكَ لِكَيْ لَا تَصْدِمَ بِحَجَرٍ رِجْلَكَ».,"dan berkata kepada-Nya, “Jika Engkau Anak Allah, jatuhkanlah diri-Mu ke bawah karena ada tertulis: ‘Mengenai Engkau, Allah akan memerintahkan malaikat-malaikat-Nya dan mengangkat Engkau di atas tangan mereka supaya kaki-Mu jangan menyandung batu.’” Mazmur 91:11-12","Kata Iblis kepada-Nya, “Kalau Engkau adalah Sang Anak yang datang dari Allah, terjunlah! Karena telah tertulis, ‘Allah akan menyuruh para malaikat-Nya untuk menjaga-Mu, dan mereka akan menatang Engkau dengan tangannya sehingga kaki-Mu tidak terantuk batu.’”",
Matius,4,7,Matius 4:7,قَالَ لَهُ يَسُوعُ: «مَكْتُوبٌ أَيْضًا: لَا تُجَرِّبِ ٱلرَّبَّ إِلَهَكَ».,"Yesus berkata kepadanya, “Sekali lagi, ada tertulis, ‘Kamu jangan mencobai Tuhan Allahmu.’” Ulangan 6:16","Sabda Isa kepadanya, “Telah tertulis pula, ‘Janganlah engkau mencobai Allah, Tuhanmu.’”",
Matius,4,8,Matius 4:8,ثُمَّ أَخَذَهُ أَيْضًا إِبْلِيسُ إِلَى جَبَلٍ عَالٍ جِدًّا، وَأَرَاهُ جَمِيعَ مَمَالِكِ ٱلْعَالَمِ وَمَجْدَهَا،,"Sekali lagi, Iblis membawa Yesus ke atas bukit yang sangat tinggi dan memperlihatkan kepada-Nya semua kerajaan dunia beserta kemegahannya,","Selanjutnya, Iblis membawa Isa ke atas sebuah gunung yang tinggi sekali dan kepada-Nya diperlihatkan semua kerajaan dunia dengan kemegahannya.",
Matius,4,9,Matius 4:9,وَقَالَ لَهُ: «أُعْطِيكَ هَذِهِ جَمِيعَهَا إِنْ خَرَرْتَ وَسَجَدْتَ لِي».,"dan berkata kepada-Nya, “Semuanya ini akan kuberikan kepada-Mu, jika Engkau sujud dan menyembahku.”","Berkatalah Iblis kepada-Nya, “Semua itu akan kuberikan kepada-Mu jika Engkau sujud di hadapanku.”",
Matius,4,10,Matius 4:10,حِينَئِذٍ قَالَ لَهُ يَسُوعُ: «ٱذْهَبْ ياشَيْطَانُ! لِأَنَّهُ مَكْتُوبٌ: لِلرَّبِّ إِلَهِكَ تَسْجُدُ وَإِيَّاهُ وَحْدَهُ تَعْبُدُ».,"Kemudian, Yesus berkata kepadanya, “Enyahlah, Satan! Ada tertulis, ‘Kamu harus menyembah Tuhan Allahmu dan kepada-Nya saja kamu beribadah.’” Ulangan 6:13","Lalu, sabda Isa kepadanya, “Pergilah, hai Iblis! Karena telah tertulis, ‘Sembahlah Allah, Tuhanmu, dan hanya kepada-Nya sajalah kamu harus beribadah!’”",
Matius,4,11,Matius 4:11,ثُمَّ تَرَكَهُ إِبْلِيسُ، وَإِذَا مَلَائِكَةٌ قَدْ جَاءَتْ فَصَارَتْ تَخْدِمُهُ.,"Setelah itu, Iblis meninggalkan Dia, dan lihat, malaikat-malaikat datang untuk melayani Dia.","Akhirnya Iblis pun undur dari hadapan-Nya, lalu para malaikat datang untuk melayani Dia.",
Matius,4,12,Matius 4:12,وَلَمَّا سَمِعَ يَسُوعُ أَنَّ يُوحَنَّا أُسْلِمَ، ٱنْصَرَفَ إِلَى ٱلْجَلِيلِ.,"Lalu, ketika Yesus mendengar bahwa Yohanes telah ditangkap , Dia menyingkir ke Galilea.","Ketika Isa mendengar bahwa Yahya telah ditangkap, Ia pergi ke wilayah Galilea.",
Matius,4,13,Matius 4:13,وَتَرَكَ ٱلنَّاصِرَةَ وَأَتَى فَسَكَنَ فِي كَفْرَنَاحُومَ ٱلَّتِي عِنْدَ ٱلْبَحْرِ فِي تُخُومِ زَبُولُونَ وَنَفْتَالِيمَ،,"Dia meninggalkan Nazaret dan tiba di Kapernaum lalu tinggal di sana , di tepi danau, di perbatasan Zebulon dan Naftali,","Ia meninggalkan Kota Nazaret, lalu menetap di Kota Kapernaum yang letaknya di tepi pantai, di Tanah Zebulon dan Naftali.",
Matius,4,14,Matius 4:14,لِكَيْ يَتِمَّ مَا قِيلَ بِإِشَعْيَاءَ ٱلنَّبِيِّ ٱلْقَائِلِ:,supaya digenapi apa yang dikatakan melalui Nabi Yesaya:,"Dengan demikian, genaplah firman yang disampaikan melalui Nabi Yesaya,",
Matius,4,15,Matius 4:15,«أَرْضُ زَبُولُونَ، وَأَرْضُ نَفْتَالِيمَ، طَرِيقُ ٱلْبَحْرِ، عَبْرُ ٱلْأُرْدُنِّ، جَلِيلُ ٱلْأُمَمِ.,"“Tanah Zebulon dan tanah Naftali, jalan dekat danau, di seberang Yordan, Galilea, wilayah orang-orang bukan Yahudi,","“Hai Tanah Zebulon dan Tanah Naftali, jalan ke laut, di seberang Sungai Yordan, daerah Galilea yang dihuni orang-orang yang tidak termasuk bani Israil—",
Matius,4,16,Matius 4:16,ٱلشَّعْبُ ٱلْجَالِسُ فِي ظُلْمَةٍ أَبْصَرَ نُورًا عَظِيمًا، وَٱلْجَالِسُونَ فِي كُورَةِ ٱلْمَوْتِ وَظِلَالِهِ أَشْرَقَ عَلَيْهِمْ نُورٌ».,"bangsa yang diam dalam kegelapan melihat Terang yang besar, dan bagi mereka yang diam di negeri dan dalam bayang-bayang kematian, Terang itu telah terbit. Yesaya 9:1-2","bangsa yang tinggal dalam kegelapan telah melihat terang yang cemerlang, dan bagi orang-orang yang tinggal di tempat yang dinaungi maut telah terbit terang.”",
Matius,4,17,Matius 4:17,مِنْ ذَلِكَ ٱلزَّمَانِ ٱبْتَدَأَ يَسُوعُ يَكْرِزُ وَيَقُولُ: «تُوبُوا لِأَنَّهُ قَدِ ٱقْتَرَبَ مَلَكُوتُ ٱلسَّمَاوَاتِ».,"Sejak waktu itu, Yesus mulai berkhotbah dan berkata, “Bertobatlah karena Kerajaan Surga sudah dekat!”","Sejak saat itu Isa mulai memberitakan, “Bertobatlah, karena Kerajaan Surga sudah dekat!”",
Matius,4,18,Matius 4:18,وَإِذْ كَانَ يَسُوعُ مَاشِيًا عِنْدَ بَحْرِ ٱلْجَلِيلِ أَبْصَرَ أَخَوَيْنِ: سِمْعَانَ ٱلَّذِي يُقَالُ لَهُ بُطْرُسُ، وَأَنْدَرَاوُسَ أَخَاهُ يُلْقِيَانِ شَبَكَةً فِي ٱلْبَحْرِ، فَإِنَّهُمَا كَانَا صَيَّادَيْنِ.,"Ketika Yesus berjalan di tepi danau Galilea, Dia melihat dua bersaudara, yaitu Simon yang disebut Petrus, dan Andreas, saudaranya, sedang melempar jala di danau sebab mereka adalah penjala ikan.","Ketika Isa berjalan di tepi Danau Galilea, Ia melihat dua orang bersaudara, yaitu Simon yang disebut Petrus, dan Andreas, saudaranya. Mereka sedang menebarkan jala di danau itu karena mereka adalah penjala ikan.",
Matius,4,19,Matius 4:19,فَقَالَ لَهُمَا: «هَلُمَّ وَرَائِي فَأَجْعَلُكُمَا صَيَّادَيِ ٱلنَّاسِ».,"Dan, Dia berkata kepada mereka, “Marilah ikut Aku dan Aku akan menjadikanmu penjala manusia.”","Lalu, sabda Isa kepada mereka, “Mari ikutlah Aku, dan Aku akan menjadikan kamu penjala manusia.”",
Matius,4,20,Matius 4:20,فَلِلْوَقْتِ تَرَكَا ٱلشِّبَاكَ وَتَبِعَاهُ.,Mereka langsung meninggalkan jala-jalanya dan mengikut Dia.,"Mereka segera meninggalkan jala mereka, lalu mengikut Dia.",
Matius,4,21,Matius 4:21,ثُمَّ ٱجْتَازَ مِنْ هُنَاكَ فَرَأَى أَخَوَيْنِ آخَرَيْنِ: يَعْقُوبَ بْنَ زَبْدِي وَيُوحَنَّا أَخَاهُ، فِي ٱلسَّفِينَةِ مَعَ زَبْدِي أَبِيهِمَا يُصْلِحَانِ شِبَاكَهُمَا، فَدَعَاهُمَا.,"Dan, saat pergi dari sana, Dia melihat dua bersaudara yang lain, Yakobus anak Zebedeus dan Yohanes, saudaranya. Mereka berada dalam sebuah perahu bersama Zebedeus, ayah mereka, sedang memperbaiki jala-jalanya. Dan, Ia memanggil mereka.","Kemudian, Isa melanjutkan perjalanan-Nya dan Ia melihat dua orang bersaudara lainnya dalam sebuah perahu, yaitu Yakub dan Yahya. Pada waktu itu mereka sedang memperbaiki jala bersama-sama dengan Zabdi, ayah mereka. Lalu, Isa memanggil mereka.",
Matius,4,22,Matius 4:22,فَلِلْوَقْتِ تَرَكَا ٱلسَّفِينَةَ وَأَبَاهُمَا وَتَبِعَاهُ.,"Dan, mereka langsung meninggalkan perahu dan ayah mereka, lalu mengikut Yesus.","Mereka segera meninggalkan perahu dan ayah mereka, lalu mengikut Dia.",
Matius,4,23,Matius 4:23,وَكَانَ يَسُوعُ يَطُوفُ كُلَّ ٱلْجَلِيلِ يُعَلِّمُ فِي مَجَامِعِهِمْ، وَيَكْرِزُ بِبِشَارَةِ ٱلْمَلَكُوتِ، وَيَشْفِي كُلَّ مَرَضٍ وَكُلَّ ضَعْفٍ فِي ٱلشَّعْبِ.,"Yesus berkeliling ke seluruh daerah Galilea, mengajar di sinagoge-sinagoge mereka, memberitakan Injil Kerajaan , dan menyembuhkan segala macam penyakit, dan segala macam kesakitan di antara banyak orang.","Isa berjalan mengelilingi seluruh wilayah Galilea. Ia mengajar di rumah-rumah ibadah mereka, memberitakan Injil Kerajaan Surga, dan menyembuhkan semua penyakit serta kelemahan di antara mereka.",
Matius,4,24,Matius 4:24,فَذَاعَ خَبَرُهُ فِي جَمِيعِ سُورِيَّةَ. فَأَحْضَرُوا إِلَيْهِ جَمِيعَ ٱلسُّقَمَاءِ ٱلْمُصَابِينَ بِأَمْرَاضٍ وَأَوْجَاعٍ مُخْتَلِفَةٍ، وَٱلْمَجَانِينَ وَٱلْمَصْرُوعِينَ وَٱلْمَفْلُوجِينَ، فَشَفَاهُمْ.,"Dan, berita tentang Dia tersebar sampai ke seluruh Siria. Dan, mereka membawa kepada-Nya semua orang sakit yang menderita berbagai macam penyakit dan rasa sakit, dan yang kerasukan setan, yang sakit ayan, dan yang lumpuh, dan Dia menyembuhkan mereka.","Berita mengenai diri-Nya tersiar di seluruh Siria. Lalu, orang-orang yang terkena berbagai macam penyakit serta penderitaan, yang kerasukan, sakit ayan, dan yang lumpuh, dibawa kepada-Nya, dan Ia pun menyembuhkan mereka.",
Matius,4,25,Matius 4:25,فَتَبِعَتْهُ جُمُوعٌ كَثِيرَةٌ مِنَ ٱلْجَلِيلِ وَٱلْعَشْرِ ٱلْمُدُنِ وَأُورُشَلِيمَ وَٱلْيَهُودِيَّةِ وَمِنْ عَبْرِ ٱلْأُرْدُنِّ.,"Kerumunan besar dari orang banyak pun mengikuti Dia dari Galilea, Dekapolis, Yerusalem, Yudea, dan dari seberang Yordan.","Banyak sekali orang mengikuti Dia. Mereka berasal dari wilayah Galilea, Dekapolis, Yerusalem, Yudea, dan dari seberang Yordan.",
Matius,5,1,Matius 5:1,وَلَمَّا رَأَى ٱلْجُمُوعَ صَعِدَ إِلَى ٱلْجَبَلِ، فَلَمَّا جَلَسَ تَقَدَّمَ إِلَيْهِ تَلَامِيذُهُ.,"Ketika melihat orang banyak itu, Yesus naik ke atas bukit. Dan, setelah Dia duduk, murid-murid-Nya datang kepada-Nya.","Ketika Isa melihat orang banyak itu, naiklah Ia ke bukit. Setelah Ia duduk, datanglah para pengikut-Nya kepada-Nya.",
Matius,5,2,Matius 5:2,فَفَتَحَ فَاهُ وعَلَّمَهُمْ قَائِلًا:,"Dan, Dia membuka mulut-Nya dan mengajar mereka, kata-Nya,","Lalu, mulailah Ia mengajar mereka, kata-Nya,",
Matius,5,3,Matius 5:3,«طُوبَى لِلْمَسَاكِينِ بِٱلرُّوحِ، لِأَنَّ لَهُمْ مَلَكُوتَ ٱلسَّمَاوَاتِ.,“Diberkatilah orang yang miskin dalam roh sebab mereka yang mempunyai Kerajaan Surga.,“Berbahagialah mereka yang tidak punya apa-apa di hadapan Allah karena merekalah yang memiliki Kerajaan Surga.,
Matius,5,4,Matius 5:4,طُوبَى لِلْحَزَانَى، لِأَنَّهُمْ يَتَعَزَّوْنَ.,Diberkatilah mereka yang berdukacita sebab mereka akan dihibur.,Berbahagialah mereka yang berdukacita karena mereka akan dihibur.,
Matius,5,5,Matius 5:5,طُوبَى لِلْوُدَعَاءِ، لِأَنَّهُمْ يَرِثُونَ ٱلْأَرْضَ.,Diberkatilah orang yang lembut hatinya sebab mereka akan mewarisi bumi .,Berbahagialah mereka yang lemah lembut karena mereka akan mewarisi bumi.,
Matius,5,6,Matius 5:6,طُوبَى لِلْجِيَاعِ وَٱلْعِطَاشِ إِلَى ٱلْبِرِّ، لِأَنَّهُمْ يُشْبَعُونَ.,Diberkatilah mereka yang lapar dan haus akan kebenaran sebab mereka akan dikenyangkan.,Berbahagialah mereka yang lapar dan haus melakukan kehendak Allah karena mereka akan dipuaskan.,
Matius,5,7,Matius 5:7,طُوبَى لِلرُّحَمَاءِ، لِأَنَّهُمْ يُرْحَمُونَ.,Diberkatilah mereka yang berbelas kasihan sebab mereka akan memperoleh belas kasihan.,Berbahagialah mereka yang berbelaskasihan karena mereka akan menerima belas kasihan juga.,
Matius,5,8,Matius 5:8,طُوبَى لِلْأَنْقِيَاءِ ٱلْقَلْبِ، لِأَنَّهُمْ يُعَايِنُونَ ٱللهَ.,Diberkatilah mereka yang murni hatinya sebab mereka akan melihat Allah.,Berbahagialah mereka yang suci hatinya karena mereka akan melihat Allah.,
Matius,5,9,Matius 5:9,طُوبَى لِصَانِعِي ٱلسَّلَامِ، لِأَنَّهُمْ أَبْنَاءَ ٱللهِ يُدْعَوْنَ.,Diberkatilah mereka yang membawa damai sebab mereka akan disebut anak-anak Allah.,Berbahagialah para pendamai karena mereka akan disebut anak-anak Allah.,
Matius,5,10,Matius 5:10,طُوبَى لِلْمَطْرُودِينَ مِنْ أَجْلِ ٱلْبِرِّ، لِأَنَّ لَهُمْ مَلَكُوتَ ٱلسَّمَاوَاتِ.,Diberkatilah mereka yang dianiaya demi kebenaran sebab mereka yang memiliki Kerajaan Surga.,Berbahagialah mereka yang dianiaya karena melakukan kehendak Allah karena milik merekalah Kerajaan Surga.,
Matius,5,11,Matius 5:11,طُوبَى لَكُمْ إِذَا عَيَّرُوكُمْ وَطَرَدُوكُمْ وَقَالُوا عَلَيْكُمْ كُلَّ كَلِمَةٍ شِرِّيرَةٍ، مِنْ أَجْلِي، كَاذِبِينَ.,"Diberkatilah kamu apabila orang mencelamu dan menganiayamu, dan mengatakan segala macam perkataan jahat terhadapmu dengan fitnah karena Aku.","Berbahagialah kamu apabila karena Aku, kamu dicaci maki, dianiaya, serta difitnah orang.",
Matius,5,12,Matius 5:12,اِفْرَحُوا وَتَهَلَّلُوا، لِأَنَّ أَجْرَكُمْ عَظِيمٌ فِي ٱلسَّمَاوَاتِ، فَإِنَّهُمْ هَكَذَا طَرَدُوا ٱلْأَنْبِيَاءَ ٱلَّذِينَ قَبْلَكُمْ.,"Bersukacita dan bergembiralah karena besar upahmu di surga, karena demikianlah mereka menganiaya para nabi sebelum kamu.”",Bersukaria serta bergembiralah sebab pahalamu besar di surga. Pada masa lalu pun para nabi telah dianiaya.”,
Matius,5,13,Matius 5:13,«أَنْتُمْ مِلْحُ ٱلْأَرْضِ، وَلَكِنْ إِنْ فَسَدَ ٱلْمِلْحُ فَبِمَاذَا يُمَلَّحُ؟ لَا يَصْلُحُ بَعْدُ لِشَيْءٍ، إِلَّا لِأَنْ يُطْرَحَ خَارِجًا وَيُدَاسَ مِنَ ٱلنَّاسِ.,"“Kamu adalah garam dunia, tetapi kalau garam itu menjadi hambar, dengan apa ia akan diasinkan? Dia tidak berguna sama sekali selain untuk dibuang dan diinjak-injak oleh manusia.”","“Kamu adalah garam dunia. Apabila garam menjadi tawar, dengan apakah garam itu dapat diasinkan? Tentunya garam itu menjadi tidak berguna lagi, lalu dibuang dan diinjak-injak orang, bukan?",
Matius,5,14,Matius 5:14,أَنْتُمْ نُورُ ٱلْعَالَمِ. لَا يُمْكِنُ أَنْ تُخْفَى مَدِينَةٌ مَوْضُوعَةٌ عَلَى جَبَلٍ،,“Kamu adalah terang dunia. Kota yang terletak di atas bukit tidak dapat disembunyikan.,Kamu adalah terang dunia. Kota yang letaknya di atas gunung tidak dapat disembunyikan.,
Matius,5,15,Matius 5:15,وَلَا يُوقِدُونَ سِرَاجًا وَيَضَعُونَهُ تَحْتَ ٱلْمِكْيَالِ، بَلْ عَلَى ٱلْمَنَارَةِ فَيُضِيءُ لِجَمِيعِ ٱلَّذِينَ فِي ٱلْبَيْتِ.,"Orang-orang juga tidak menyalakan pelita dan meletakkannya di bawah gantang , melainkan di atas kaki pelita , dan ia menerangi semua yang ada di dalam rumah.","Lagi pula, tidak ada orang yang menyalakan pelita, kemudian menutupnya dengan tempayan. Sebaliknya, ia akan menaruhnya pada kaki pelita sehingga dapat menerangi semua orang yang ada di rumah itu.",
Matius,5,16,Matius 5:16,فَلْيُضِئْ نُورُكُمْ هَكَذَا قُدَّامَ ٱلنَّاسِ، لِكَيْ يَرَوْا أَعْمَالَكُمُ ٱلْحَسَنَةَ، وَيُمَجِّدُوا أَبَاكُمُ ٱلَّذِي فِي ٱلسَّمَاوَاتِ.,Biarlah terangmu juga bercahaya dengan cara yang sama supaya mereka dapat melihat perbuatan-perbuatanmu yang baik dan memuliakan Bapamu yang di surga.”,"Demikian pula hendaknya terangmu bercahaya di hadapan orang supaya mereka melihat perbuatanmu yang baik, lalu memuliakan Bapamu yang di surga.”",
Matius,5,17,Matius 5:17,«لَا تَظُنُّوا أَنِّي جِئْتُ لِأَنْقُضَ ٱلنَّامُوسَ أَوِ ٱلْأَنْبِيَاءَ. مَا جِئْتُ لِأَنْقُضَ بَلْ لِأُكَمِّلَ.,“Jangan berpikir bahwa Aku datang untuk meniadakan Hukum Taurat atau kitab para nabi. Aku datang bukan untuk meniadakannya melainkan untuk menggenapinya.,"“Jangan menyangka bahwa Aku datang untuk meniadakan hukum Taurat, yaitu hukum yang terdapat dalam Kitab Suci Taurat, atau firman yang telah disampaikan Allah melalui para nabi. Aku datang bukan untuk meniadakannya, melainkan untuk menggenapinya.",
Matius,5,18,Matius 5:18,فَإِنِّي ٱلْحَقَّ أَقُولُ لَكُمْ: إِلَى أَنْ تَزُولَ ٱلسَّمَاءُ وَٱلْأَرْضُ لَا يَزُولُ حَرْفٌ وَاحِدٌ أَوْ نُقْطَةٌ وَاحِدَةٌ مِنَ ٱلنَّامُوسِ حَتَّى يَكُونَ ٱلْكُلُّ.,"Aku mengatakan yang sebenarnya kepadamu, sampai langit dan bumi berlalu, tidak ada satu iota atau satu coretan pun yang akan hilang dari Hukum Taurat sampai semuanya digenapi.","Sesungguhnya, Aku berkata kepadamu, sebelum langit dan bumi lenyap, satu titik atau satu huruf terkecil pun dari hukum Taurat tidak akan ditiadakan sampai semuanya digenapi.",
Matius,5,19,Matius 5:19,فَمَنْ نَقَضَ إِحْدَى هَذِهِ ٱلْوَصَايَا ٱلصُّغْرَى وَعَلَّمَ ٱلنَّاسَ هَكَذَا، يُدْعَى أَصْغَرَ فِي مَلَكُوتِ ٱلسَّمَاوَاتِ. وَأَمَّا مَنْ عَمِلَ وَعَلَّمَ، فَهَذَا يُدْعَى عَظِيمًا فِي مَلَكُوتِ ٱلسَّمَاوَاتِ.,"Karena itu, siapa yang meniadakan salah satu dari perintah-perintah terkecil ini dan mengajar orang lain untuk melakukan hal yang sama, ia akan disebut yang terkecil dalam Kerajaan Surga. Namun, siapa yang melakukan perintah-perintah itu dan mengajarkannya akan disebut besar dalam Kerajaan Surga.","Sebab itu, siapa meniadakan salah satu perintah yang terkecil sekalipun dari hukum ini, lalu mengajarkannya kepada orang lain, ia akan memperoleh kedudukan yang paling rendah dalam Kerajaan Surga. Tetapi, siapa melakukan dan mengajarkannya, ia akan memperoleh kedudukan yang tinggi dalam Kerajaan Surga.",
Matius,5,20,Matius 5:20,فَإِنِّي أَقُولُ لَكُمْ: إِنَّكُمْ إِنْ لَمْ يَزِدْ بِرُّكُمْ عَلَى ٱلْكَتَبَةِ وَٱلْفَرِّيسِيِّينَ لَنْ تَدْخُلُوا مَلَكُوتَ ٱلسَّماوَاتِ.,"Sebab, Aku mengatakan kepadamu bahwa jika kebenaranmu tidak lebih baik daripada kebenaran ahli-ahli Taurat dan orang-orang Farisi, kamu sama sekali tidak akan masuk ke dalam Kerajaan Surga.","Karena itu, Aku berkata kepadamu, jika kamu tidak melakukan kehendak Allah lebih daripada para ahli Kitab Suci Taurat dan orang-orang dari mazhab Farisi, maka kamu tidak akan masuk ke dalam Kerajaan Surga.",
Matius,5,21,Matius 5:21,«قَدْ سَمِعْتُمْ أَنَّهُ قِيلَ لِلْقُدَمَاءِ: لَا تَقْتُلْ، وَمَنْ قَتَلَ يَكُونُ مُسْتَوْجِبَ ٱلْحُكْمِ.,"Kamu telah mendengar yang dikatakan kepada nenek moyang kita, ‘Jangan membunuh,’ dan ‘Siapa yang membunuh pantas dibawa ke pengadilan.’","Kamu telah mendengar perkataan yang disampaikan melalui nenek moyang kita, ‘Jangan membunuh! Siapa melakukannya harus dihakimi.’",
Matius,5,22,Matius 5:22,وَأَمَّا أَنَا فَأَقُولُ لَكُمْ: إِنَّ كُلَّ مَنْ يَغْضَبُ عَلَى أَخِيهِ بَاطِلًا يَكُونُ مُسْتَوْجِبَ ٱلْحُكْمِ، وَمَنْ قَالَ لِأَخِيهِ: رَقَا، يَكُونُ مُسْتَوْجِبَ ٱلْمَجْمَعِ، وَمَنْ قَالَ: يا أَحْمَقُ، يَكُونُ مُسْتَوْجِبَ نَارِ جَهَنَّمَ.,"Akan tetapi, Aku mengatakan kepadamu bahwa siapa pun yang marah kepada saudaranya pantas berada dalam hukuman, dan siapa pun yang berkata kepada saudaranya, ‘Kamu tolol,’ pantas berada di hadapan Mahkamah Agama , dan siapa pun yang berkata, ‘Kamu bodoh,’ pantas berada dalam neraka api.","Tetapi, Aku berkata kepadamu, siapa marah kepada saudaranya harus dihakimi. Siapa memaki saudaranya dengan berkata, ‘Hai kafir,’ harus dihadapkan ke Mahkamah Agama. Siapa berkata, ‘Hai jahil,’ harus dimasukkan ke neraka jahanam.",
Matius,5,23,Matius 5:23,فَإِنْ قَدَّمْتَ قُرْبَانَكَ إِلَى ٱلْمَذْبَحِ، وَهُنَاكَ تَذَكَّرْتَ أَنَّ لِأَخِيكَ شَيْئًا عَلَيْكَ،,"Karena itu, jika kamu mempersembahkan persembahanmu di atas altar, dan di sana kamu teringat bahwa ada sesuatu dalam hati saudaramu terhadapmu ,","Sebab itu, jika engkau membawa persembahanmu ke tempat pembakaran kurban, lalu di sana tiba-tiba engkau ingat bahwa saudaramu menganggap engkau bersalah terhadapnya,",
Matius,5,24,Matius 5:24,فَٱتْرُكْ هُنَاكَ قُرْبَانَكَ قُدَّامَ ٱلْمَذْبَحِ، وَٱذْهَبْ أَوَّلًا ٱصْطَلِحْ مَعَ أَخِيكَ، وَحِينَئِذٍ تَعَالَ وَقَدِّمْ قُرْبَانَكَ.,"tinggalkanlah persembahanmu itu di depan altar dan pergilah untuk terlebih dahulu berdamai dengan saudaramu, setelah itu kembalilah dan persembahkan persembahanmu.","tinggalkanlah persembahanmu itu di depan tempat pembakaran kurban, lalu pergilah berdamai dahulu dengan saudaramu. Setelah itu, barulah engkau boleh datang kembali ke tempat pembakaran kurban untuk mempersembahkan persembahanmu.",
Matius,5,25,Matius 5:25,كُنْ مُرَاضِيًا لِخَصْمِكَ سَرِيعًا مَا دُمْتَ مَعَهُ فِي ٱلطَّرِيقِ، لِئَلَّا يُسَلِّمَكَ ٱلْخَصْمُ إِلَى ٱلْقَاضِي، وَيُسَلِّمَكَ ٱلْقَاضِي إِلَى ٱلشُّرَطِيِّ، فَتُلْقَى فِي ٱلسِّجْنِ.,"Secepat mungkin, berdamailah dengan orang yang menuduhmu selagi kamu dalam perjalanan bersamanya supaya jangan penuduhmu itu menyerahkanmu kepada hakim, dan hakim itu menyerahkanmu kepada pegawainya, dan kamu dijebloskan ke dalam penjara.","Segeralah berdamai dengan orang yang mendakwa engkau sewaktu engkau masih dalam perjalanan bersamanya supaya ia tidak menyerahkan engkau ke pengadilan, lalu hakim menyerahkan engkau kepada petugasnya dan engkau dimasukkan ke penjara.",
Matius,5,26,Matius 5:26,اَلْحَقَّ أَقُولُ لَكَ: لَا تَخْرُجُ مِنْ هُنَاكَ حَتَّى تُوفِيَ ٱلْفَلْسَ ٱلْأَخِيرَ!,"Aku mengatakan yang sebenarnya kepadamu, kamu tidak akan pernah keluar dari sana sampai kamu sudah membayar sen yang terakhir. ”","Sesungguhnya, Aku berkata kepadamu, engkau sekali-kali tidak akan dikeluarkan dari tempat itu sebelum engkau melunasi sisa hutangmu.",
Matius,5,27,Matius 5:27,«قَدْ سَمِعْتُمْ أَنَّهُ قِيلَ لِلْقُدَمَاءِ: لَا تَزْنِ.,"“Kamu sudah mendengar bahwa dikatakan, ‘Jangan berzina.’","Kamu telah mendengar perkataan, ‘Jangan berzina.’",
Matius,5,28,Matius 5:28,وَأَمَّا أَنَا فَأَقُولُ لَكُمْ: إِنَّ كُلَّ مَنْ يَنْظُرُ إِلَى ٱمْرَأَةٍ لِيَشْتَهِيَهَا، فَقَدْ زَنَى بِهَا فِي قَلْبِهِ.,"Akan tetapi, Aku mengatakan kepadamu bahwa setiap orang yang memandangi seorang perempuan dan menginginkannya, ia sudah berzina dengan perempuan itu di dalam hatinya.","Tetapi, Aku berkata kepadamu, siapa memandang perempuan serta menginginkannya, ia telah berbuat zina dengan perempuan itu di dalam hatinya.",
Matius,5,29,Matius 5:29,فَإِنْ كَانَتْ عَيْنُكَ ٱلْيُمْنَى تُعْثِرُكَ فَٱقْلَعْهَا وَأَلْقِهَا عَنْكَ، لِأَنَّهُ خَيْرٌ لَكَ أَنْ يَهْلِكَ أَحَدُ أَعْضَائِكَ وَلَا يُلْقَى جَسَدُكَ كُلُّهُ فِي جَهَنَّمَ.,"Kalau mata kananmu membuatmu berdosa, cungkillah matamu itu dan buanglah itu darimu. Sebab, lebih baik kamu kehilangan salah satu anggota tubuhmu daripada seluruh tubuhmu dibuang ke dalam neraka.","Sebab itu, jika mata kananmu menyebabkan engkau bersalah, cungkil dan buanglah! Karena lebih baik engkau kehilangan satu anggota tubuhmu daripada seluruh tubuhmu dimasukkan ke neraka jahanam.",
Matius,5,30,Matius 5:30,وَإِنْ كَانَتْ يَدُكَ ٱلْيُمْنَى تُعْثِرُكَ فَٱقْطَعْهَا وَأَلْقِهَا عَنْكَ، لِأَنَّهُ خَيْرٌ لَكَ أَنْ يَهْلِكَ أَحَدُ أَعْضَائِكَ وَلَا يُلْقَى جَسَدُكَ كُلُّهُ فِي جَهَنَّمَ.,"Dan, jika tangan kananmu membuatmu berdosa, potong dan buanglah tanganmu itu darimu karena lebih baik kamu kehilangan salah satu anggota tubuhmu daripada seluruh tubuhmu dibuang ke dalam neraka.","Demikian juga jika tangan kananmu menyebabkan engkau berdosa, potong dan buanglah! Karena lebih baik engkau kehilangan satu anggota tubuhmu daripada seluruh tubuhmu masuk ke neraka jahanam.",
Matius,5,31,Matius 5:31,«وَقِيلَ: مَنْ طَلَّقَ ٱمْرَأَتَهُ فَلْيُعْطِهَا كِتَابَ طَلَاقٍ.,Sudah dikatakan: Siapa yang menceraikan istrinya harus memberi surat cerai kepada istrinya itu.,"Sudah dikatakan pula, ‘Siapa menceraikan istrinya harus memberi surat talak kepadanya.’",
Matius,5,32,Matius 5:32,وَأَمَّا أَنَا فَأَقُولُ لَكُمْ: إِنَّ مَنْ طَلَّقَ ٱمْرَأَتَهُ إلَّا لِعِلَّةِ ٱلزِّنَى يَجْعَلُهَا تَزْنِي، وَمَنْ يَتَزَوَّجُ مُطَلَّقَةً فَإِنَّهُ يَزْنِي.,"Akan tetapi, Aku mengatakan kepadamu bahwa siapa yang menceraikan istrinya, kecuali karena zina, ia membuat istrinya berzina. Dan, siapa yang menikah dengan perempuan yang telah diceraikan itu, ia juga berzina.","Tetapi, Aku berkata kepadamu, siapa menceraikan istrinya, kecuali karena percabulan, ia menyebabkan istrinya itu berzina, dan siapa menikahi istri yang sudah diceraikan itu, ia pun berzina.",
Matius,5,33,Matius 5:33,«أَيْضًا سَمِعْتُمْ أَنَّهُ قِيلَ لِلْقُدَمَاءِ: لَا تَحْنَثْ، بَلْ أَوْفِ لِلرَّبِّ أَقْسَامَكَ.,"Sekali lagi, kamu telah mendengar yang dikatakan kepada nenek moyang kita, ‘Jangan bersumpah palsu, tetapi penuhilah sumpahmu itu di hadapan Tuhan.’","Kamu telah mendengar perkataan yang disampaikan kepada nenek moyang kita, ‘Jangan bersumpah palsu, melainkan bayarlah apa yang sudah kamu sumpahkan itu kepada Tuhan.’",
Matius,5,34,Matius 5:34,وَأَمَّا أَنَا فَأَقُولُ لَكُمْ: لَا تَحْلِفُوا ٱلْبَتَّةَ، لَا بِٱلسَّمَاءِ لِأَنَّهَا كُرْسِيُّ ٱللهِ،,"Namun, Aku berkata kepadamu: jangan sekali-kali kamu bersumpah, baik demi surga karena surga adalah takhta Allah,","Tetapi, Aku berkata kepadamu, jangan engkau bersumpah, baik demi langit karena langit adalah arasy Allah;",
Matius,5,35,Matius 5:35,وَلَا بِٱلْأَرْضِ لِأَنَّهَا مَوْطِئُ قَدَمَيْهِ، وَلَا بِأُورُشَلِيمَ لِأَنَّهَا مَدِينَةُ ٱلْمَلِكِ ٱلْعَظِيمِ.,"ataupun demi bumi karena bumi adalah tumpuan kaki-Nya, ataupun demi Yerusalem karena itu adalah kota Sang Raja Besar.",atau demi bumi karena bumi adalah tempat tumpuan kaki-Nya; atau demi Yerusalem karena Yerusalem adalah kota tempat Raja Agung tinggal;,
Matius,5,36,Matius 5:36,وَلَا تَحْلِفْ بِرَأْسِكَ، لِأَنَّكَ لَا تَقْدِرُ أَنْ تَجْعَلَ شَعْرَةً وَاحِدَةً بَيْضَاءَ أَوْ سَوْدَاءَ.,"Jangan juga kamu bersumpah demi kepalamu karena kamu tidak dapat membuat sehelai rambut pun, putih atau hitam.",atau pun demi kepalamu karena kamu tidak dapat memutihkan atau menghitamkan sehelai pun dari rambutmu itu.,
Matius,5,37,Matius 5:37,بَلْ لِيَكُنْ كَلَامُكُمْ: نَعَمْ نَعَمْ، لَا لَا. وَمَا زَادَ عَلَى ذَلِكَ فَهُوَ مِنَ ٱلشِّرِّيرِ.,"Namun, hendaklah perkataanmu, ya jika ya, tidak jika tidak, karena yang selebihnya dari itu berasal dari si jahat.","Jadi, katakanlah ‘Ya’ jika ya, dan ‘Tidak’ jika memang tidak. Selebihnya dari itu berasal dari si jahat.",
Matius,5,38,Matius 5:38,«سَمِعْتُمْ أَنَّهُ قِيلَ: عَيْنٌ بِعَيْنٍ وَسِنٌّ بِسِنٍّ.,"Kamu telah mendengar apa yang telah dikatakan, ‘Mata ganti mata dan gigi ganti gigi.’","Kamu juga telah mendengar perkataan, ‘Mata ganti mata dan gigi ganti gigi.’",
Matius,5,39,Matius 5:39,وَأَمَّا أَنَا فَأَقُولُ لَكُمْ: لَا تُقَاوِمُوا ٱلشَّرَّ، بَلْ مَنْ لَطَمَكَ عَلَى خَدِّكَ ٱلْأَيْمَنِ فَحَوِّلْ لَهُ ٱلْآخَرَ أَيْضًا.,"Namun, Aku mengatakan kepadamu jangan melawan yang jahat, melainkan siapa yang menamparmu pada pipi kanan, sodorkan kepadanya pipimu yang lain juga.","Tetapi, Aku berkata kepadamu, jangan melawan orang yang berbuat jahat kepadamu, melainkan jika seseorang menampar pipi kananmu, sodorkanlah juga pipi kirimu;",
Matius,5,40,Matius 5:40,وَمَنْ أَرَادَ أَنْ يُخَاصِمَكَ وَيَأْخُذَ ثَوْبَكَ فَٱتْرُكْ لَهُ ٱلرِّدَاءَ أَيْضًا.,"Dan, jika seseorang hendak menuntutmu dan mengambil bajumu, berikan juga jubahmu kepadanya.","jika orang ingin mendakwa engkau karena ia menghendaki bajumu, biarlah ia mengambil jubahmu juga;",
Matius,5,41,Matius 5:41,وَمَنْ سَخَّرَكَ مِيلًا وَاحِدًا فَٱذْهَبْ مَعَهُ ٱثْنَيْنِ.,"Dan, siapa yang memaksamu berjalan 1 mil, berjalanlah bersamanya sejauh 2 mil.","dan jika orang memaksa engkau berjalan satu setengah kilometer, berjalanlah dengannya sejauh tiga kilometer.",
Matius,5,42,Matius 5:42,مَنْ سَأَلَكَ فَأَعْطِهِ، وَمَنْ أَرَادَ أَنْ يَقْتَرِضَ مِنْكَ فَلَا تَرُدَّهُ.,Berilah kepada orang yang meminta kepadamu dan jangan menolak orang yang ingin meminjam darimu.”,"Berilah kepada orang yang meminta, dan jika orang hendak meminjam darimu, janganlah menolaknya.",
Matius,5,43,Matius 5:43,«سَمِعْتُمْ أَنَّهُ قِيلَ: تُحِبُّ قَرِيبَكَ وَتُبْغِضُ عَدُوَّكَ.,"“Kamu telah mendengar yang difirmankan, ‘Kasihilah sesamamu,’ dan ‘Bencilah musuhmu.’","Kamu telah mendengar perkataan, ‘Kasihilah temanmu dan bencilah musuhmu.’",
Matius,5,44,Matius 5:44,وَأَمَّا أَنَا فَأَقُولُ لَكُمْ: أَحِبُّوا أَعْدَاءَكُمْ. بَارِكُوا لَاعِنِيكُمْ. أَحْسِنُوا إِلَى مُبْغِضِيكُمْ، وَصَلُّوا لِأَجْلِ ٱلَّذِينَ يُسِيئُونَ إِلَيْكُمْ وَيَطْرُدُونَكُمْ،,"Namun, Aku berkata kepadamu, kasihilah musuh-musuhmu dan berdoalah bagi orang-orang yang menganiaya kamu,","Tetapi, Aku berkata kepadamu, kasihilah mereka yang menyeterui kamu dan doakanlah orang-orang yang menganiaya kamu.",
Matius,5,45,Matius 5:45,لِكَيْ تَكُونُوا أَبْنَاءَ أَبِيكُمُ ٱلَّذِي فِي ٱلسَّمَاوَاتِ، فَإِنَّهُ يُشْرِقُ شَمْسَهُ عَلَى ٱلْأَشْرَارِ وَٱلصَّالِحِينَ، وَيُمْطِرُ عَلَى ٱلْأَبْرَارِ وَٱلظَّالِمِينَ.,"dengan demikian kamu dapat menjadi anak-anak Bapamu yang di surga karena Dia menerbitkan matahari-Nya bagi yang jahat dan yang baik, dan menurunkan hujan bagi yang benar dan yang tidak benar.","Dengan demikian, kamu bertindak sebagai anak-anak sejati dari Bapamu yang di surga karena Ia menerbitkan matahari-Nya bukan hanya untuk orang yang baik, tetapi juga bagi orang yang jahat. Ia pun menurunkan hujan tidak hanya untuk orang yang saleh, tetapi juga bagi orang yang fasik.",
Matius,5,46,Matius 5:46,لِأَنَّهُ إِنْ أَحْبَبْتُمُ ٱلَّذِينَ يُحِبُّونَكُمْ، فَأَيُّ أَجْرٍ لَكُمْ؟ أَلَيْسَ ٱلْعَشَّارُونَ أَيْضًا يَفْعَلُونَ ذَلِكَ؟,"Sebab, kalau kamu hanya mengasihi orang-orang yang mengasihimu, upah apa yang kamu dapatkan? Bukankah pengumpul pajak juga melakukan hal yang sama?","Jika kamu hanya mengasihi orang yang mengasihi kamu, apakah pahalamu? Bukankah pemungut cukai pun melakukan hal yang sama?",
Matius,5,47,Matius 5:47,وَإِنْ سَلَّمْتُمْ عَلَى إِخْوَتِكُمْ فَقَطْ، فَأَيَّ فَضْلٍ تَصْنَعُونَ؟ أَلَيْسَ ٱلْعَشَّارُونَ أَيْضًا يَفْعَلُونَ هَكَذَا؟,"Dan, jika kamu memberi salam hanya kepada saudara-saudaramu, apa lebihnya perbuatanmu? Bukankah orang-orang yang tidak mengenal Allah juga berbuat seperti itu?","Demikian pula jika kamu hanya mengucapkan salam kepada saudaramu, apa istimewanya perbuatanmu itu? Bukankah orang-orang yang tidak mengenal Allah pun berbuat demikian?",
Matius,5,48,Matius 5:48,فَكُونُوا أَنْتُمْ كَامِلِينَ كَمَا أَنَّ أَبَاكُمُ ٱلَّذِي فِي ٱلسَّمَاوَاتِ هُوَ كَامِلٌ.,"Karena itu, kamu harus menjadi sempurna, seperti Bapamu yang di surga adalah sempurna.”","Sebab itu, hendaklah kamu sempurna, sama seperti Bapamu yang di surga adalah sempurna.”",
Matius,6,1,Matius 6:1,«اِحْتَرِزُوا مِنْ أَنْ تَصْنَعُوا صَدَقَتَكُمْ قُدَّامَ ٱلنَّاسِ لِكَيْ يَنْظُرُوكُمْ، وَإِلَّا فَلَيْسَ لَكُمْ أَجْرٌ عِنْدَ أَبِيكُمُ ٱلَّذِي فِي ٱلسَّمَاوَاتِ.,"“Waspadalah dalam melakukan kewajiban agamamu di hadapan manusia, untuk dilihat oleh mereka. Jika demikian, kamu tidak akan menerima upah dari Bapamu yang di surga.","“Ingatlah baik-baik, jangan kamu menunaikan ibadahmu di hadapan orang dengan maksud supaya terlihat oleh mereka. Karena jika begitu, kamu tidak akan mendapat pahala dari Bapamu yang di surga.",
Matius,6,2,Matius 6:2,فَمَتَى صَنَعْتَ صَدَقَةً فَلَا تُصَوِّتْ قُدَّامَكَ بِٱلْبُوقِ، كَمَا يَفْعَلُ ٱلْمُرَاؤُونَ فِي ٱلْمَجَامِعِ وَفِي ٱلْأَزِقَّةِ، لِكَيْ يُمَجَّدُوا مِنَ ٱلنَّاسِ. اَلْحَقَّ أَقُولُ لَكُمْ: إِنَّهُمْ قَدِ ٱسْتَوْفَوْا أَجْرَهُمْ!,"Karena itu, ketika kamu memberi sedekah, jangan membunyikan trompet di hadapanmu seperti yang orang-orang munafik lakukan di sinagoge-sinagoge dan di jalan-jalan supaya mereka dipuji orang lain. Aku mengatakan yang sebenarnya kepadamu bahwa mereka sudah menerima upahnya.","Pada waktu engkau memberi sedekah, janganlah hal itu kauumumkan dengan tiupan nafiri, seperti dilakukan oleh orang-orang munafik di rumah-rumah ibadah serta di jalan-jalan dengan maksud supaya mereka dipuji orang. Sesungguhnya, Aku berkata kepadamu, mereka sudah mendapatkan pahalanya.",
Matius,6,3,Matius 6:3,وَأَمَّا أَنْتَ فَمَتَى صَنَعْتَ صَدَقَةً فَلَا تُعَرِّفْ شِمَالَكَ مَا تَفْعَلُ يَمِينُكَ،,"Akan tetapi, ketika kamu memberi sedekah, jangan biarkan tangan kirimu mengetahui apa yang tangan kananmu lakukan,","Tetapi, engkau, jangan sampai tangan kirimu tahu apa yang diperbuat oleh tangan kananmu pada waktu engkau memberi sedekah.",
Matius,6,4,Matius 6:4,لِكَيْ تَكُونَ صَدَقَتُكَ فِي ٱلْخَفَاءِ. فَأَبُوكَ ٱلَّذِي يَرَى فِي ٱلْخَفَاءِ هُوَ يُجَازِيكَ عَلَانِيَةً.,supaya sedekahmu itu tersembunyi dan Bapamu yang melihat yang tersembunyi itu akan memberikan upah kepadamu.”,"Dengan demikian, sedekahmu itu tidak kelihatan, dan Bapamu, yang melihat apa yang tidak kelihatan, akan membalas perbuatanmu.”",
Matius,6,5,Matius 6:5,«وَمَتَى صَلَّيْتَ فَلَا تَكُنْ كَٱلْمُرَائِينَ، فَإِنَّهُمْ يُحِبُّونَ أَنْ يُصَلُّوا قَائِمِينَ فِي ٱلْمَجَامِعِ وَفِي زَوَايَا ٱلشَّوَارِعِ، لِكَيْ يَظْهَرُوا لِلنَّاسِ. اَلْحَقَّ أَقُولُ لَكُمْ: إِنَّهُمْ قَدِ ٱسْتَوْفَوْا أَجْرَهُمْ!,"“Dan, ketika kamu berdoa, jangan kamu seperti orang-orang munafik karena mereka suka berdiri dan berdoa di sinagoge-sinagoge dan di sudut-sudut jalan supaya dilihat orang lain. Aku mengatakan yang sesungguhnya kepadamu, mereka sudah menerima upahnya.","“Pada waktu kamu berdoa, janganlah kamu berdoa seperti orang-orang munafik. Mereka suka berdoa dengan berdiri di rumah-rumah ibadah serta di persimpangan-persimpangan jalan dengan maksud supaya mereka dapat dilihat oleh orang-orang. Sesungguhnya, Aku berkata kepadamu, mereka sudah mendapat pahalanya.",
Matius,6,6,Matius 6:6,وَأَمَّا أَنْتَ فَمَتَى صَلَّيْتَ فَٱدْخُلْ إِلَى مِخْدَعِكَ وَأَغْلِقْ بَابَكَ، وَصَلِّ إِلَى أَبِيكَ ٱلَّذِي فِي ٱلْخَفَاءِ. فَأَبُوكَ ٱلَّذِي يَرَى فِي ٱلْخَفَاءِ يُجَازِيكَ عَلَانِيَةً.,"Akan tetapi, ketika kamu berdoa, masuklah ke dalam kamarmu dan tutuplah pintunya, dan berdoalah kepada Bapamu yang ada di tempat tersembunyi, maka Bapamu yang melihat yang tersembunyi itu akan memberikan upah kepadamu.","Tetapi, pada waktu engkau hendak berdoa, masuklah ke dalam kamarmu serta tutuplah pintunya. Lalu, berdoalah kepada Bapamu yang tidak kelihatan itu maka Ia, yang melihat apa yang tidak kelihatan itu, akan membalasnya kepadamu.",
Matius,6,7,Matius 6:7,وَحِينَمَا تُصَلُّونَ لَا تُكَرِّرُوا ٱلْكَلَامَ بَاطِلًا كَٱلْأُمَمِ، فَإِنَّهُمْ يَظُنُّونَ أَنَّهُ بِكَثْرَةِ كَلَامِهِمْ يُسْتَجَابُ لَهُمْ.,"Dan, ketika kamu berdoa, jangan menggunakan kata-kata yang tidak ada artinya, seperti yang dilakukan orang-orang yang tidak mengenal Allah, sebab mereka mengira dengan banyaknya kata-kata, mereka akan didengarkan.","Selain itu, pada waktu kamu berdoa, janganlah kamu mengulang-ulang kata-kata yang sama seperti yang biasa dilakukan oleh orang-orang yang tidak mengenal Allah. Mereka menyangka bahwa dengan banyaknya kata-kata yang mereka ucapkan, doa mereka akan dikabulkan.",
Matius,6,8,Matius 6:8,فَلَا تَتَشَبَّهُوا بِهِمْ. لِأَنَّ أَبَاكُمْ يَعْلَمُ مَا تَحْتَاجُونَ إِلَيْهِ قَبْلَ أَنْ تَسْأَلُوهُ.,"Karena itu, jangan seperti mereka karena Bapamu mengetahui apa yang kamu perlukan sebelum kamu meminta kepada-Nya.",Janganlah kamu seperti mereka sebab Bapamu tahu apa yang kamu perlukan sebelum kamu meminta kepada-Nya.,
Matius,6,9,Matius 6:9,«فَصَلُّوا أَنْتُمْ هَكَذَا: أَبَانَا ٱلَّذِي فِي ٱلسَّمَاوَاتِ، لِيَتَقَدَّسِ ٱسْمُكَ.,"Berdoalah demikian, ‘Bapa kami yang di surga, Dikuduskanlah nama-Mu.","Jadi, hendaklah kamu berdoa demikian, ‘Ya Bapa kami yang di surga, Dikuduskanlah nama-Mu.",
Matius,6,10,Matius 6:10,لِيَأْتِ مَلَكُوتُكَ. لِتَكُنْ مَشِيئَتُكَ كَمَا فِي ٱلسَّمَاءِ كَذَلِكَ عَلَى ٱلْأَرْضِ.,"Datanglah kerajaan-Mu, jadilah kehendak-Mu di bumi seperti di surga.",Datanglah kerajaan-Mu. Terlaksanalah kehendak-Mu di bumi seperti di surga.,
Matius,6,11,Matius 6:11,خُبْزَنَا كَفَافَنَا أَعْطِنَا ٱلْيَوْمَ.,"Berikanlah kami, pada hari ini, makanan kami yang secukupnya.",Berikanlah kepada kami pada hari ini makanan kami secukupnya.,
Matius,6,12,Matius 6:12,وَٱغْفِرْ لَنَا ذُنُوبَنَا كَمَا نَغْفِرُ نَحْنُ أَيْضًا لِلْمُذْنِبِينَ إِلَيْنَا.,"Dan, ampunilah kesalahan-kesalahan kami, seperti kami juga mengampuni orang-orang yang bersalah kepada kami.","Ampunilah kami karena kesalahan kami, seperti kami mengampuni orang yang bersalah kepada kami.",
Matius,6,13,Matius 6:13,وَلَا تُدْخِلْنَا فِي تَجْرِبَةٍ، لَكِنْ نَجِّنَا مِنَ ٱلشِّرِّيرِ. لِأَنَّ لَكَ ٱلْمُلْكَ، وَٱلْقُوَّةَ، وَٱلْمَجْدَ، إِلَى ٱلْأَبَدِ. آمِينَ.,"Dan, janganlah membawa kami ke dalam pencobaan, tetapi lepaskanlah kami dari yang jahat. Karena Engkaulah Sang Pemilik Kerajaan, dan kuasa, dan kemuliaan sampai selama-lamanya. Amin.’","Janganlah bawa kami ke dalam pencobaan, melainkan lepaskanlah kami dari yang jahat. Karena milik-Mu sajalah kerajaan, kuasa, dan kemuliaan sampai selama-lamanya. Amin.’",
Matius,6,14,Matius 6:14,فَإِنَّهُ إِنْ غَفَرْتُمْ لِلنَّاسِ زَلَّاتِهِمْ، يَغْفِرْ لَكُمْ أَيْضًا أَبُوكُمُ ٱلسَّمَاوِيُّ.,"Karena jika kamu mengampuni kesalahan-kesalahan orang lain, Bapa surgawimu juga akan mengampunimu.","Karena jikalau kamu mengampuni kesalahan, maka Bapamu yang di surga akan mengampuni kesalahanmu juga.",
Matius,6,15,Matius 6:15,وَإِنْ لَمْ تَغْفِرُوا لِلنَّاسِ زَلَّاتِهِمْ، لَا يَغْفِرْ لَكُمْ أَبُوكُمْ أَيْضًا زَلَّاتِكُمْ.,"Akan tetapi, jika kamu tidak mengampuni kesalahan-kesalahan orang lain, Bapamu juga tidak akan mengampuni kesalahan-kesalahanmu.”","Tetapi, jikalau kamu tidak mengampuni kesalahan orang, maka Bapamu tidak akan mengampuni kesalahanmu juga.”",
Matius,6,16,Matius 6:16,«وَمَتَى صُمْتُمْ فَلَا تَكُونُوا عَابِسِينَ كَٱلْمُرَائِينَ، فَإِنَّهُمْ يُغَيِّرُونَ وُجُوهَهُمْ لِكَيْ يَظْهَرُوا لِلنَّاسِ صَائِمِينَ. اَلْحَقَّ أَقُولُ لَكُمْ: إِنَّهُمْ قَدِ ٱسْتَوْفَوْا أَجْرَهُمْ.,"“Dan, ketika kamu berpuasa, jangan murung seperti orang munafik karena mereka mengubah mukanya supaya dilihat sedang berpuasa oleh orang lain. Aku mengatakan yang sebenarnya kepadamu bahwa mereka telah menerima upahnya.","“Demikian pula halnya pada waktu kamu berpuasa. Janganlah kamu berpuasa seperti orang-orang munafik. Mereka mengubah air muka mereka dan bermuka masam supaya orang-orang dapat mengetahui bahwa mereka sedang berpuasa. Sesungguhnya, Aku berkata kepadamu, mereka sudah mendapat pahalanya.",
Matius,6,17,Matius 6:17,وَأَمَّا أَنْتَ فَمَتَى صُمْتَ فَٱدْهُنْ رَأْسَكَ وَٱغْسِلْ وَجْهَكَ،,"Akan tetapi, kamu, ketika berpuasa, minyakilah kepalamu dan cucilah wajahmu","Tetapi, pada waktu engkau berpuasa, minyakilah kepalamu dan basuhlah mukamu.",
Matius,6,18,Matius 6:18,لِكَيْ لَا تَظْهَرَ لِلنَّاسِ صَائِمًا، بَلْ لِأَبِيكَ ٱلَّذِي فِي ٱلْخَفَاءِ. فَأَبُوكَ ٱلَّذِي يَرَى فِي ٱلْخَفَاءِ يُجَازِيكَ عَلَانِيَةً.,"supaya puasamu tidak dilihat orang, melainkan oleh Bapamu yang berada di tempat yang tersembunyi. Dan, Bapamu yang melihat perbuatanmu yang tersembunyi itu akan membalasnya kepadamu.”","Dengan begitu, tidak ada yang dapat melihat bahwa engkau sedang berpuasa, kecuali Bapamu yang tidak kelihatan itu. Ia, yang melihat apa yang tidak kelihatan, akan membalas perbuatanmu.”",
Matius,6,19,Matius 6:19,«لَا تَكْنِزُوا لَكُمْ كُنُوزًا عَلَى ٱلْأَرْضِ حَيْثُ يُفْسِدُ ٱلسُّوسُ وَٱلصَّدَأُ، وَحَيْثُ يَنْقُبُ ٱلسَّارِقُونَ وَيَسْرِقُونَ.,"“Jangan menimbun untuk dirimu sendiri harta di bumi, tempat ngengat dan karat merusak, dan tempat pencuri membongkar serta mencuri.","“Janganlah kamu menyimpan bagi dirimu harta di bumi, di mana ngengat dan karat dapat merusaknya, dan pencuri dapat membongkar serta mencurinya.",
Matius,6,20,Matius 6:20,بَلِ ٱكْنِزُوا لَكُمْ كُنُوزًا فِي ٱلسَّمَاءِ، حَيْثُ لَا يُفْسِدُ سُوسٌ وَلَا صَدَأٌ، وَحَيْثُ لَا يَنْقُبُ سَارِقُونَ وَلَا يَسْرِقُونَ،,"Akan tetapi, kumpulkan untuk dirimu sendiri harta di surga, tempat ngengat dan karat tidak merusak, dan tempat pencuri tidak membongkar serta mencuri.","Tetapi, simpanlah bagi dirimu harta di surga karena ngengat dan karat tidak dapat merusaknya, dan pencuri pun tidak dapat membongkar serta mencurinya.",
Matius,6,21,Matius 6:21,لِأَنَّهُ حَيْثُ يَكُونُ كَنْزُكَ هُنَاكَ يَكُونُ قَلْبُكَ أَيْضًا.,"Karena di tempat hartamu berada, di situ juga hatimu berada.”","Karena di mana hartamu berada, di situlah juga hatimu.",
Matius,6,22,Matius 6:22,سِرَاجُ ٱلْجَسَدِ هُوَ ٱلْعَيْنُ، فَإِنْ كَانَتْ عَيْنُكَ بَسِيطَةً فَجَسَدُكَ كُلُّهُ يَكُونُ نَيِّرًا،,"“Mata adalah pelita tubuh. Jadi, kalau matamu baik, seluruh tubuhmu akan menjadi terang.","Mata adalah pelita tubuh. Sebab itu, jika matamu baik, maka teranglah seluruh tubuhmu.",
Matius,6,23,Matius 6:23,وَإِنْ كَانَتْ عَيْنُكَ شِرِّيرَةً فَجَسَدُكَ كُلُّهُ يَكُونُ مُظْلِمًا، فَإِنْ كَانَ ٱلنُّورُ ٱلَّذِي فِيكَ ظَلَامًا فَٱلظَّلَامُ كَمْ يَكُونُ!,"Akan tetapi, jika matamu jahat, seluruh tubuhmu akan penuh kegelapan. Jadi, jika terang yang seharusnya ada padamu adalah kegelapan, betapa pekatnya kegelapan itu.”","Tetapi, jika matamu jahat, maka gelaplah seluruh tubuhmu. Jadi, jika terang yang ada padamu menjadi gelap, betapa gelapnya kegelapan itu.",
Matius,6,24,Matius 6:24,«لَا يَقْدِرُ أَحَدٌ أَنْ يَخْدِمَ سَيِّدَيْنِ، لِأَنَّهُ إِمَّا أَنْ يُبْغِضَ ٱلْوَاحِدَ وَيُحِبَّ ٱلْآخَرَ، أَوْ يُلَازِمَ ٱلْوَاحِدَ وَيَحْتَقِرَ ٱلْآخَرَ. لَا تَقْدِرُونَ أَنْ تَخْدِمُوا ٱللهَ وَٱلْمَالَ.,"“Tidak ada orang yang dapat melayani dua tuan karena ia akan membenci tuan yang satu dan mengasihi yang lain, atau ia akan setia kepada tuan yang satu dan meremehkan yang lain. Kamu tidak dapat melayani Allah dan mamon .”","Tidak seorang pun dapat mengabdi kepada dua tuan karena ia akan membenci yang seorang dan mengasihi yang lain, atau ia akan setia kepada yang seorang dan mengabaikan yang lain. Oleh sebab itu, kamu tidak dapat sekaligus mengabdi kepada Allah dan kepada harta duniawi.”",
Matius,6,25,Matius 6:25,«لِذَلِكَ أَقُولُ لَكُمْ: لَا تَهْتَمُّوا لِحَيَاتِكُمْ بِمَا تَأْكُلُونَ وَبِمَا تَشْرَبُونَ، وَلَا لِأَجْسَادِكُمْ بِمَا تَلْبَسُونَ. أَلَيْسَتِ ٱلْحَيَاةُ أَفْضَلَ مِنَ ٱلطَّعَامِ، وَٱلْجَسَدُ أَفْضَلَ مِنَ ٱللِّبَاسِ؟,"“Sebab itu Aku berkata kepadamu, jangan khawatir tentang hidupmu, apa yang akan kamu makan atau apa yang kamu minum. Demikian juga tentang tubuhmu, apa yang akan kamu pakai. Bukankah hidup lebih penting daripada makanan, dan tubuh daripada pakaian?","“Sebab itu, Aku berkata kepadamu, janganlah khawatir tentang hidupmu, yaitu tentang apa yang akan kamu makan atau tentang apa yang akan kamu minum. Demikian juga halnya dengan tubuhmu, yaitu tentang apa yang akan kamu pakai. Bukankah hidup lebih penting daripada makanan dan tubuh lebih penting daripada pakaian?",
Matius,6,26,Matius 6:26,اُنْظُرُوا إِلَى طُيُورِ ٱلسَّمَاءِ: إِنَّهَا لَا تَزْرَعُ وَلَا تَحْصُدُ وَلَا تَجْمَعُ إِلَى مَخَازِنَ، وَأَبُوكُمُ ٱلسَّمَاوِيُّ يَقُوتُهَا. أَلَسْتُمْ أَنْتُمْ بِٱلْحَرِيِّ أَفْضَلَ مِنْهَا؟,"Lihatlah burung-burung di langit yang tidak menabur, tidak menuai, dan tidak mengumpulkan ke dalam lumbung, tetapi Bapa surgawimu memberi mereka makan. Bukankah kamu lebih berharga daripada mereka?","Lihatlah burung-burung di udara. Mereka tidak menabur, tidak menuai, dan tidak mengumpulkan makanannya di lumbung. Namun, mereka dipelihara oleh Bapamu yang di surga. Bukankah kamu lebih bernilai daripada burung-burung itu?",
Matius,6,27,Matius 6:27,وَمَنْ مِنْكُمْ إِذَا ٱهْتَمَّ يَقْدِرُ أَنْ يَزِيدَ عَلَى قَامَتِهِ ذِرَاعًا وَاحِدَةً؟,Siapakah di antara kamu yang karena khawatir dapat menambah sehasta pada usianya?,"Lagi pula, siapa di antara kamu yang karena kekhawatirannya dapat memperpanjang umurnya sedikit saja?",
Matius,6,28,Matius 6:28,وَلِمَاذَا تَهْتَمُّونَ بِٱللِّبَاسِ؟ تَأَمَّلُوا زَنَابِقَ ٱلْحَقْلِ كَيْفَ تَنْمُو! لَا تَتْعَبُ وَلَا تَغْزِلُ.,"Dan, tentang pakaian, mengapa kamu khawatir? Perhatikan bunga bakung di padang, bagaimana mereka tumbuh, mereka tidak bekerja dan juga tidak memintal,","Kalau begitu, mengapa kamu khawatir tentang pakaian? Perhatikanlah bunga bakung yang tumbuh di padang. Tumbuhan itu tidak bekerja dan juga tidak memintal,",
Matius,6,29,Matius 6:29,وَلَكِنْ أَقُولُ لَكُمْ: إِنَّهُ وَلَا سُلَيْمَانُ فِي كُلِّ مَجْدِهِ كَانَ يَلْبَسُ كَوَاحِدَةٍ مِنْهَا.,tetapi Aku mengatakan kepadamu bahwa Salomo dalam segala kemuliaannya pun tidak berpakaian seperti salah satu dari bunga-bunga itu.,"namun Aku berkata kepadamu, Nabi Sulaiman dengan segala kemuliaannya pun tidak pernah berdandan seindah salah satu dari bunga-bunga itu.",
Matius,6,30,Matius 6:30,فَإِنْ كَانَ عُشْبُ ٱلْحَقْلِ ٱلَّذِي يُوجَدُ ٱلْيَوْمَ وَيُطْرَحُ غَدًا فِي ٱلتَّنُّورِ، يُلْبِسُهُ ٱللهُ هَكَذَا، أَفَلَيْسَ بِٱلْحَرِيِّ جِدًّا يُلْبِسُكُمْ أَنْتُمْ ياقَلِيلِي ٱلْإِيمَانِ؟,"Jadi, jika Allah mendandani sedemikian rupa rumput di padang, yang ada hari ini dan besok dilemparkan ke dalam perapian, bukankah terlebih lagi Dia akan mendandani kamu, hai kamu yang kurang iman?","Jadi, jika Allah mendandani sedemikian rupa rumput di padang, yang hari ini ada dan esok dicampakkan ke api, bukankah Ia akan lebih lagi memberi pakaian kepadamu, hai orang-orang yang kurang percaya!",
Matius,6,31,Matius 6:31,فَلَا تَهْتَمُّوا قَائِلِينَ: مَاذَا نَأْكُلُ؟ أَوْ مَاذَا نَشْرَبُ؟ أَوْ مَاذَا نَلْبَسُ؟,"Karena itu, jangan kamu khawatir dengan berkata, ‘Apa yang akan kami makan?’, atau ‘Apa yang akan kami minum?’, atau ‘Apa yang akan kami pakai?’","Sebab itu, janganlah kamu khawatir dan berkata, ‘Apa yang akan kami makan?’ atau, ‘Apa yang akan kami minum?’ atau, ‘Apa yang akan kami pakai?’",
Matius,6,32,Matius 6:32,فَإِنَّ هَذِهِ كُلَّهَا تَطْلُبُهَا ٱلْأُمَمُ. لِأَنَّ أَبَاكُمُ ٱلسَّمَاوِيَّ يَعْلَمُ أَنَّكُمْ تَحْتَاجُونَ إِلَى هَذِهِ كُلِّهَا.,"Sebab, bangsa-bangsa lain mencari-cari semua ini dan Bapa surgawimu tahu bahwa kamu membutuhkan semua ini.","Semua itu dikejar oleh orang-orang yang tidak mengenal Allah, tetapi Bapamu yang di surga tahu bahwa kamu memerlukan semua itu.",
Matius,6,33,Matius 6:33,لَكِنِ ٱطْلُبُوا أَوَّلًا مَلَكُوتَ ٱللهِ وَبِرَّهُ، وَهَذِهِ كُلُّهَا تُزَادُ لَكُمْ.,"Akan tetapi, carilah dahulu Kerajaan dan kebenaran-Nya, dan semuanya itu akan ditambahkan kepadamu.",Carilah dahulu Kerajaan Allah dan kehendak-Nya maka semua itu akan ditambahkan kepadamu.,
Matius,6,34,Matius 6:34,فَلَا تَهْتَمُّوا لِلْغَدِ، لِأَنَّ ٱلْغَدَ يَهْتَمُّ بِمَا لِنَفْسِهِ. يَكْفِي ٱلْيَوْمَ شَرُّهُ.,"Jadi, jangan khawatir tentang hari esok karena hari esok akan mengkhawatirkan dirinya sendiri. Cukuplah suatu hari dengan kesusahannya sendiri.”","Janganlah kamu khawatir tentang hari esok karena hari esok mempunyai kesusahannya sendiri. Jadi, kesusahan sehari cukuplah untuk sehari.”",
Matius,7,1,Matius 7:1,«لَا تَدِينُوا لِكَيْ لَا تُدَانُوا،,“Jangan menghakimi supaya kamu tidak dihakimi.,“Janganlah kamu menghakimi supaya kamu tidak dihakimi.,
Matius,7,2,Matius 7:2,لِأَنَّكُمْ بِٱلدَّيْنُونَةِ ٱلَّتِي بِهَا تَدِينُونَ تُدَانُونَ، وَبِالْكَيْلِ ٱلَّذِي بِهِ تَكِيلُونَ يُكَالُ لَكُمْ.,"Karena dengan penghakiman yang kamu gunakan untuk menghakimi, kamu akan dihakimi, dan ukuran yang kamu gunakan untuk mengukur akan diukurkan kepadamu.","Karena sebagaimana kamu menghakimi, demikian pulalah kamu akan dihakimi, dan dengan ukuran apa engkau mengukur, itu pulalah yang akan diukurkan kepadamu.",
Matius,7,3,Matius 7:3,وَلِمَاذَا تَنْظُرُ ٱلْقَذَى ٱلَّذِي فِي عَيْنِ أَخِيكَ، وَأَمَّا ٱلْخَشَبَةُ ٱلَّتِي فِي عَيْنِكَ فَلَا تَفْطَنُ لَهَا؟,"Mengapa kamu melihat serpihan kayu di mata saudaramu, tetapi tidak mengetahui balok yang ada di matamu sendiri?","Mengapa engkau melihat serbuk kayu di dalam mata saudaramu, sedangkan balok kayu di dalam matamu sendiri tidak kausadari?",
Matius,7,4,Matius 7:4,أَمْ كَيْفَ تَقُولُ لِأَخِيكَ: دَعْنِي أُخْرِجِ ٱلْقَذَى مِنْ عَيْنِكَ، وَهَا ٱلْخَشَبَةُ فِي عَيْنِكَ؟,"Atau, bagaimana bisa kamu berkata kepada saudaramu, ‘Biar aku mengeluarkan serpihan kayu itu dari matamu,’ tetapi lihat, ada balok di matamu sendiri?","Bagaimana engkau dapat berkata kepada saudaramu, ‘Izinkan aku mengeluarkan serbuk kayu itu dari matamu,’ padahal di matamu sendiri ada balok kayu?",
Matius,7,5,Matius 7:5,يَا مُرَائِي، أَخْرِجْ أَوَّلًا ٱلْخَشَبَةَ مِنْ عَيْنِكَ، وَحِينَئِذٍ تُبْصِرُ جَيِّدًا أَنْ تُخْرِجَ ٱلْقَذَى مِنْ عَيْنِ أَخِيكَ!,"Hai, orang munafik, keluarkan dahulu balok itu dari matamu, dan kemudian kamu akan melihat dengan jelas untuk mengeluarkan serpihan kayu dari mata saudaramu.","Hai orang munafik, keluarkanlah dahulu balok kayu yang ada dalam matamu, kemudian barulah engkau dapat melihat dengan jelas untuk mengeluarkan serbuk kayu dari mata saudaramu.”",
Matius,7,6,Matius 7:6,لَا تُعْطُوا ٱلْقُدْسَ لِلْكِلَابِ، وَلَا تَطْرَحُوا دُرَرَكُمْ قُدَّامَ ٱلْخَنَازِيرِ، لِئَلَّا تَدُوسَهَا بِأَرْجُلِهَا وَتَلْتَفِتَ فَتُمَزِّقَكُمْ.,"Jangan memberikan barang yang kudus kepada anjing-anjing, jangan pula melempar mutiaramu ke hadapan babi supaya mereka tidak menginjak-injak itu dengan kakinya dan berbalik mencabik-cabik kamu.”","“Janganlah kamu memberikan barang yang suci kepada anjing atau melemparkan mutiaramu ke hadapan babi supaya barang berharga itu tidak diinjak-injak dengan kakinya, lalu binatang itu berbalik menyerang kamu.”",
Matius,7,7,Matius 7:7,«اِسْأَلُوا تُعْطَوْا. اُطْلُبُوا تَجِدُوا. اِقْرَعُوا يُفْتَحْ لَكُمْ.,"“Mintalah, dan hal itu akan diberikan kepadamu. Carilah, dan kamu akan mendapat. Ketuklah, dan hal itu akan dibukakan bagimu.",“Mintalah maka akan diberikan kepadamu; carilah maka kamu akan mendapat; ketuklah maka pintu akan dibukakan untukmu.,
Matius,7,8,Matius 7:8,لِأَنَّ كُلَّ مَنْ يَسْأَلُ يَأْخُذُ، وَمَنْ يَطْلُبُ يَجِدُ، وَمَنْ يَقْرَعُ يُفْتَحُ لَهُ.,"Sebab, setiap orang yang meminta akan menerima, dan orang yang mencari akan mendapatkan, dan bagi ia yang mengetuk akan dibukakan.","Karena orang yang meminta, akan menerima; orang yang mencari, akan mendapat; dan orang yang mengetuk pintu, baginyalah pintu akan dibukakan.",
Matius,7,9,Matius 7:9,أَمْ أَيُّ إِنْسَانٍ مِنْكُمْ إِذَا سَأَلَهُ ٱبْنُهُ خُبْزًا، يُعْطِيهِ حَجَرًا؟,"Atau, siapakah dari antara kamu, yang jika anaknya meminta roti akan memberi batu kepadanya?",Siapakah di antara kamu yang memberi batu kepada anaknya jika ia meminta roti?,
Matius,7,10,Matius 7:10,وَإِنْ سَأَلَهُ سَمَكَةً، يُعْطِيهِ حَيَّةً؟,"Atau, jika anaknya meminta ikan, bukankah ia tidak akan memberikan ular kepada anaknya itu?",Atau memberinya ular jika ia meminta ikan?,
Matius,7,11,Matius 7:11,فَإِنْ كُنْتُمْ وَأَنْتُمْ أَشْرَارٌ تَعْرِفُونَ أَنْ تُعْطُوا أَوْلَادَكُمْ عَطَايَا جَيِّدَةً، فَكَمْ بِٱلْحَرِيِّ أَبُوكُمُ ٱلَّذِي فِي ٱلسَّمَاوَاتِ، يَهَبُ خَيْرَاتٍ لِلَّذِينَ يَسْأَلُونَهُ!,"Jadi, jika kamu yang jahat tahu bagaimana memberi anak-anakmu pemberian-pemberian yang baik, terlebih lagi Bapamu yang di surga yang memberikan yang baik kepada mereka yang meminta kepada-Nya.”","Jadi, jika kamu yang jahat tahu memberi pemberian yang baik kepada anak-anakmu, terlebih lagi Bapamu yang di surga! Ia akan memberi pemberian yang baik kepada setiap orang yang memohon kepada-Nya.”",
Matius,7,12,Matius 7:12,فَكُلُّ مَا تُرِيدُونَ أَنْ يَفْعَلَ ٱلنَّاسُ بِكُمُ ٱفْعَلُوا هَكَذَا أَنْتُمْ أَيْضًا بِهِمْ، لِأَنَّ هَذَا هُوَ ٱلنَّامُوسُ وَٱلْأَنْبِيَاءُ.,"“Karena itu, segala sesuatu yang kamu ingin orang lakukan kepadamu, demikian juga kamu lakukan kepada mereka karena inilah isi Hukum Taurat dan kitab para nabi.”",“Perbuatlah terhadap orang lain apa yang kamu kehendaki mereka perbuat terhadap kamu karena demikianlah ajaran hukum Taurat dan firman yang disampaikan Allah melalui para nabi.,
Matius,7,13,Matius 7:13,«اُدْخُلُوا مِنَ ٱلْبَابِ ٱلضَّيِّقِ، لِأَنَّهُ وَاسِعٌ ٱلْبَابُ وَرَحْبٌ ٱلطَّرِيقُ ٱلَّذِي يُؤَدِّي إِلَى ٱلْهَلَاكِ، وَكَثِيرُونَ هُمُ ٱلَّذِينَ يَدْخُلُونَ مِنْهُ!,"“Masuklah melalui gerbang yang sempit karena lebarlah gerbang dan luaslah jalan yang menuju kepada kebinasaan, dan ada banyak yang masuk melaluinya.","Masuklah melalui pintu yang sempit karena gerbang yang lebar dan jalan yang luas menuju kebinasaan, dan banyak orang yang melaluinya.",
Matius,7,14,Matius 7:14,مَا أَضْيَقَ ٱلْبَابَ وَأَكْرَبَ ٱلطَّرِيقَ ٱلَّذِي يُؤَدِّي إِلَى ٱلْحَيَاةِ، وَقَلِيلُونَ هُمُ ٱلَّذِينَ يَجِدُونَهُ!,"Sebab, sempitlah gerbang dan sesaklah jalan yang menuju kepada kehidupan, dan sedikit yang menemukannya.”","Sedangkan pintu yang sempit dan jalan yang sesak adalah jalan menuju kehidupan, dan hanya sedikit orang yang mendapatkannya.”",
Matius,7,15,Matius 7:15,«اِحْتَرِزُوا مِنَ ٱلْأَنْبِيَاءِ ٱلْكَذَبَةِ ٱلَّذِينَ يَأْتُونَكُمْ بِثِيَابِ ٱلْحُمْلَانِ، وَلَكِنَّهُمْ مِنْ دَاخِلٍ ذِئَابٌ خَاطِفَةٌ!,"“Namun, waspadalah terhadap nabi-nabi palsu yang datang kepadamu dengan berpakaian domba , tetapi sebenarnya mereka adalah serigala-serigala yang buas.","“Waspadalah terhadap nabi-nabi palsu karena mereka datang kepadamu dengan menyamar seperti domba, tetapi sesungguhnya hati mereka seperti serigala-serigala buas.",
Matius,7,16,Matius 7:16,مِنْ ثِمَارِهِمْ تَعْرِفُونَهُمْ. هَلْ يَجْتَنُونَ مِنَ ٱلشَّوْكِ عِنَبًا، أَوْ مِنَ ٱلْحَسَكِ تِينًا؟,Dari buahnyalah kamu akan mengenali mereka. Dapatkah orang mengumpulkan buah-buah anggur dari semak-semak duri dan buah-buah ara dari tumbuhan-tumbuhan berduri?,Dari buah-buah kehidupannyalah kamu akan mengenali mereka. Pernahkah orang memetik buah anggur dari semak duri? Atau pernahkah buah ara dipetik dari tumbuhan berduri lainnya?,
Matius,7,17,Matius 7:17,هَكَذَا كُلُّ شَجَرَةٍ جَيِّدَةٍ تَصْنَعُ أَثْمَارًا جَيِّدَةً، وَأَمَّا ٱلشَّجَرَةُ ٱلرَّدِيَّةُ فَتَصْنَعُ أَثْمَارًا رَدِيَّةً،,"Demikian juga, setiap pohon yang baik menghasilkan buah yang baik, tetapi pohon yang tidak baik menghasilkan buah yang tidak baik.","Setiap pohon yang baik akan menghasilkan buah yang baik, tetapi pohon yang tidak baik akan menghasilkan buah yang tidak baik pula.",
Matius,7,18,Matius 7:18,لَا تَقْدِرُ شَجَرَةٌ جَيِّدَةٌ أَنْ تَصْنَعَ أَثْمَارًا رَدِيَّةً، وَلَا شَجَرَةٌ رَدِيَّةٌ أَنْ تَصْنَعَ أَثْمَارًا جَيِّدَةً.,"Pohon yang baik tidak mungkin menghasilkan buah yang tidak baik, atau pohon yang tidak baik menghasilkan buah yang baik.","Pohon yang baik tidak dapat menghasilkan buah yang tidak baik, dan pohon yang tidak baik tidak dapat menghasilkan buah yang baik.",
Matius,7,19,Matius 7:19,كُلُّ شَجَرَةٍ لَا تَصْنَعُ ثَمَرًا جَيِّدًا تُقْطَعُ وَتُلْقَى فِي ٱلنَّارِ.,Setiap pohon yang tidak menghasilkan buah yang baik akan ditebang dan dibuang ke dalam api.,Setiap pohon yang tidak menghasilkan buah yang baik akan ditebang dan dibuang ke dalam api.,
Matius,7,20,Matius 7:20,فَإِذًا مِنْ ثِمَارِهِمْ تَعْرِفُونَهُمْ.,"Jadi, dari buah-buahnya kamu akan mengenali mereka.","Jadi, dari buah-buah kehidupannyalah kamu akan mengenali nabi-nabi palsu itu.",
Matius,7,21,Matius 7:21,«لَيْسَ كُلُّ مَنْ يَقُولُ لِي: يَارَبُّ، يَارَبُّ! يَدْخُلُ مَلَكُوتَ ٱلسَّمَاوَاتِ. بَلِ ٱلَّذِي يَفْعَلُ إِرَادَةَ أَبِي ٱلَّذِي فِي ٱلسَّمَاوَاتِ.,"Tidak semua orang yang berkata kepada-Ku, ‘Tuhan, Tuhan,’ akan masuk ke dalam Kerajaan Surga, melainkan ia yang melakukan kehendak Bapaku yang di surga.","Tidak semua orang yang berseru kepada-Ku, ‘Ya Junjungan kami, ya Junjungan kami,’ akan masuk ke Kerajaan Surga, melainkan hanya mereka yang melaksanakan kehendak Bapa-Ku yang di surga.",
Matius,7,22,Matius 7:22,كَثِيرُونَ سَيَقُولُونَ لِي فِي ذَلِكَ ٱلْيَوْمِ: يَارَبُّ، يَارَبُّ! أَلَيْسَ بِٱسْمِكَ تَنَبَّأْنَا، وَبِٱسْمِكَ أَخْرَجْنَا شَيَاطِينَ، وَبِٱسْمِكَ صَنَعْنَا قُوَّاتٍ كَثِيرَةً؟,"Pada hari itu, banyak orang akan berkata kepada-Ku, ‘Tuhan, Tuhan, bukankah kami bernubuat dalam nama-Mu, dan mengusir roh-roh jahat dalam nama-Mu, dan melakukan banyak mukjizat dalam nama-Mu?’","Pada hari menjelang kiamat akan banyak orang yang berseru, ‘Ya Junjungan kami, ya Junjungan kami, bukankah dengan nama-Mu kami telah mengajar orang, dengan nama-Mu kami telah mengusir setan, dan dengan nama-Mu pula kami telah mengadakan mukjizat?’",
Matius,7,23,Matius 7:23,فَحِينَئِذٍ أُصَرِّحُ لَهُمْ: إِنِّي لَمْ أَعْرِفْكُمْ قَطُّ! ٱذْهَبُوا عَنِّي يافَاعِلِي ٱلْإِثْمِ!,"Lalu, Aku akan menyatakan kepada mereka, ‘Aku tidak pernah mengenal kamu! Enyahlah dari-Ku, kamu yang berbuat pelanggaran!’”","Pada saat itu secara terus terang Aku akan berkata kepada mereka, ‘Aku tidak pernah mengenal kamu. Enyahlah dari hadapan-Ku, hai orang-orang yang mungkar!’”",
Matius,7,24,Matius 7:24,«فَكُلُّ مَنْ يَسْمَعُ أَقْوَالِي هَذِهِ وَيَعْمَلُ بِهَا، أُشَبِّهُهُ بِرَجُلٍ عَاقِلٍ، بَنَى بَيْتَهُ عَلَى ٱلصَّخْرِ.,"“Karena itu, semua orang yang mendengar perkataan-perkataan-Ku ini dan melakukannya akan menjadi seperti orang bijaksana yang membangun rumahnya di atas batu.","“Setiap orang yang mendengar perkataan-Ku dan melaksanakannya, ia sama dengan orang yang bijaksana, yang membangun rumahnya di atas dasar yang kuat.",
Matius,7,25,Matius 7:25,فَنَزَلَ ٱلْمَطَرُ، وَجَاءَتِ ٱلْأَنْهَارُ، وَهَبَّتِ ٱلرِّيَاحُ، وَوَقَعَتْ عَلَى ذَلِكَ ٱلْبَيْتِ فَلَمْ يَسْقُطْ، لِأَنَّهُ كَانَ مُؤَسَّسًا عَلَى ٱلصَّخْرِ.,"Lalu, turunlah hujan dan datanglah banjir, dan angin bertiup menerpa rumah itu, dan rumah itu tidak roboh karena didirikan di atas batu.","Pada saat hujan turun, banjir datang dan angin kencang menerpa rumah itu, namun rumah itu tidak roboh karena didirikan di atas dasar yang kuat.",
Matius,7,26,Matius 7:26,وَكُلُّ مَنْ يَسْمَعُ أَقْوَالِي هَذِهِ وَلَا يَعْمَلُ بِهَا، يُشَبَّهُ بِرَجُلٍ جَاهِلٍ، بَنَى بَيْتَهُ عَلَى ٱلرَّمْلِ.,"Dan, setiap orang yang mendengar perkataan-Ku ini dan tidak melakukannya akan menjadi seperti orang bodoh yang membangun rumahnya di atas pasir.","Tetapi, siapa mendengar perkataan-Ku dan tidak melaksanakannya, ia sama dengan orang bodoh, yang membangun rumahnya tanpa dasar yang kuat.",
Matius,7,27,Matius 7:27,فَنَزَلَ ٱلْمَطَرُ، وَجَاءَتِ ٱلْأَنْهَارُ، وَهَبَّتِ ٱلرِّيَاحُ، وَصَدَمَتْ ذَلِكَ ٱلْبَيْتَ فَسَقَطَ، وَكَانَ سُقُوطُهُ عَظِيمًا!».,"Lalu, turunlah hujan dan datanglah banjir, dan angin bertiup menerpa rumah itu, dan rumah itu roboh, dan sangat besar kerusakannya.”","Pada saat hujan turun, banjir datang dan angin kencang menerpa rumah itu maka robohlah rumah itu dan besarlah kerusakannya.”",
Matius,7,28,Matius 7:28,فَلَمَّا أَكْمَلَ يَسُوعُ هَذِهِ ٱلْأَقْوَالَ بُهِتَتِ ٱلْجُمُوعُ مِنْ تَعْلِيمِهِ،,"Ketika Yesus selesai mengatakan hal-hal ini, orang banyak terheran-heran pada pengajaran-Nya,","Setelah Isa mengakhiri pengajaran-Nya, orang banyak menjadi heran",
Matius,7,29,Matius 7:29,لِأَنَّهُ كَانَ يُعَلِّمُهُمْ كَمَنْ لَهُ سُلْطَانٌ وَلَيْسَ كَٱلْكَتَبَةِ.,"karena Ia mengajar mereka sebagai orang yang berkuasa, dan tidak seperti ahli-ahli Taurat mereka.","karena Ia mengajar mereka sebagai seorang yang berwibawa, tidak seperti para ahli Kitab Suci Taurat.",
Matius,8,1,Matius 8:1,وَلَمَّا نَزَلَ مِنَ ٱلْجَبَلِ تَبِعَتْهُ جُمُوعٌ كَثِيرَةٌ.,"Ketika Yesus turun dari bukit itu, kerumunan orang banyak mengikuti-Nya.","Setelah Isa turun dari bukit, orang banyak yang jumlahnya besar mengikuti Dia.",
Matius,8,2,Matius 8:2,وَإِذَا أَبْرَصُ قَدْ جَاءَ وَسَجَدَ لَهُ قَائِلًا: «يَا سَيِّدُ، إِنْ أَرَدْتَ تَقْدِرْ أَنْ تُطَهِّرَنِي».,"Dan, lihat, seorang yang sakit kusta datang kepada-Nya, dan sujud di hadapan-Nya, dan berkata, “Tuan, kalau Engkau mau, Engkau dapat menahirkanku.”","Lalu, datanglah kepada-Nya seorang yang berpenyakit kusta. Ia sujud di hadapan-Nya dan berkata, “Tuan, jika Tuan menghendaki, Tuan dapat menahirkan aku.”",
Matius,8,3,Matius 8:3,فَمَدَّ يَسُوعُ يَدَهُ وَلَمَسَهُ قَائِلًا: «أُرِيدُ، فَٱطْهُرْ!». وَلِلْوَقْتِ طَهُرَ بَرَصُهُ.,"Dan, Yesus mengulurkan tangan-Nya serta menjamahnya, kata-Nya, “Aku mau, tahirlah.” Saat itu juga, ditahirkanlah kusta orang itu.","Isa mengulurkan tangan-Nya dan menyentuh orang itu, lalu bersabda, “Aku menghendakinya, tahirlah!” Saat itu juga, orang itu sembuh dari kustanya.",
Matius,8,4,Matius 8:4,فَقَالَ لَهُ يَسُوعُ: «ٱنْظُرْ أَنْ لَا تَقُولَ لِأَحَدٍ. بَلِ ٱذْهَبْ أَرِ نَفْسَكَ لِلْكَاهِنِ، وَقَدِّمِ ٱلْقُرْبَانَ ٱلَّذِي أَمَرَ بِهِ مُوسَى شَهَادَةً لَهُمْ».,"Dan, Yesus berkata kepadanya, “Perhatikanlah, jangan kamu menceritakan apa-apa kepada seorang pun, tetapi pergilah, perlihatkanlah dirimu kepada imam, dan persembahkanlah persembahan yang diperintahkan Musa sebagai kesaksian terhadap mereka. ”","Lalu, sabda Isa kepadanya, “Ingat, jangan kauceritakan hal ini kepada seorang pun, tetapi pergi dan tunjukkanlah dirimu kepada imam, lalu persembahkanlah persembahan yang diperintahkan oleh Musa, sebagai kesaksian bagi mereka.”",
Matius,8,5,Matius 8:5,وَلَمَّا دَخَلَ يَسُوعُ كَفْرَنَاحُومَ، جَاءَ إِلَيْهِ قَائِدُ مِئَةٍ يَطْلُبُ إِلَيْهِ,"Ketika Yesus masuk ke Kapernaum, seorang perwira datang kepada-Nya, memohon kepada-Nya,","Ketika Isa masuk ke Kota Kapernaum, datanglah seorang perwira kepada-Nya dan memohon,",
Matius,8,6,Matius 8:6,وَيَقُولُ: «يَا سَيِّدُ، غُلَامِي مَطْرُوحٌ فِي ٱلْبَيْتِ مَفْلُوجًا مُتَعَذِّبًا جِدًّا».,"dan berkata, “Tuan, hambaku sedang terbaring lumpuh di rumah, sangat menderita.”","“Ya Junjungan, di rumahku ada seorang hamba yang sedang terbaring karena sakit lumpuh. Ia sangat menderita.”",
Matius,8,7,Matius 8:7,فَقَالَ لَهُ يَسُوعُ: «أَنَا آتِي وَأَشْفِيهِ».,"Dan, Yesus berkata kepadanya, “Aku akan datang dan menyembuhkan dia.”","Sabda Isa kepadanya, “Aku akan datang untuk menyembuhkannya.”",
Matius,8,8,Matius 8:8,فَأَجَابَ قَائِدُ ٱلْمِئَةِ وَقَالَ: «يَا سَيِّدُ، لَسْتُ مُسْتَحِقًّا أَنْ تَدْخُلَ تَحْتَ سَقْفِي، لَكِنْ قُلْ كَلِمَةً فَقَطْ فَيَبْرَأَ غُلَامِي.,"Akan tetapi, perwira itu menjawab dan berkata, “Tuan, aku tidak layak untuk menerima Engkau masuk ke bawah atapku, tetapi katakanlah sepatah kata saja dan hambaku akan disembuhkan.","Jawab perwira itu, “Ya Junjungan, aku tidak layak menerima Junjungan di rumahku, tetapi katakanlah sepatah kata saja maka hambaku akan sembuh.",
Matius,8,9,Matius 8:9,لِأَنِّي أَنَا أَيْضًا إِنْسَانٌ تَحْتَ سُلْطَانٍ. لِي جُنْدٌ تَحْتَ يَدِي. أَقُولُ لِهَذَا: ٱذْهَبْ! فَيَذْهَبُ، وَلِآخَرَ: ٱئْتِ! فَيَأْتِي، وَلِعَبْدِيَ: ٱفْعَلْ هَذَا! فَيَفْعَلُ».,"Sebab, aku juga adalah orang yang ada di bawah kekuasaan, dengan tentara-tentara di bawahku. Dan, aku berkata kepada yang satu, ‘Pergilah,’ dia pun pergi, dan kepada yang lain, ‘Datanglah,’ dan dia pun datang, dan kepada hambaku, ‘Lakukan ini,’ dan dia pun melakukannya.”","Karena aku adalah seorang bawahan, dan di bawahku pun ada para prajurit. Jika aku berkata kepada seorang dari antara mereka, ‘Pergi,’ ia segera pergi; jika aku berkata kepada yang lainnya, ‘Kemari,’ ia pun segera datang; dan jika aku berkata kepada hambaku, ‘Kerjakan ini,’ ia pun segera mengerjakannya.”",
Matius,8,10,Matius 8:10,فَلَمَّا سَمِعَ يَسُوعُ تَعَجَّبَ، وَقَالَ لِلَّذِينَ يَتْبَعُونَ: «اَلْحَقَّ أَقُولُ لَكُمْ: لَمْ أَجِدْ وَلَا فِي إِسْرَائِيلَ إِيمَانًا بِمِقْدَارِ هَذَا!,"Ketika Yesus mendengar hal ini, Dia kagum dan berkata kepada orang-orang yang mengikuti-Nya, “Aku mengatakan yang sebenarnya kepadamu, Aku belum menemukan iman sebesar ini di antara orang Israel.","Mendengar hal itu, Isa merasa heran. Lalu, Ia bersabda kepada para pengikut-Nya, “Sesungguhnya, Aku berkata kepadamu, belum pernah Kudapati iman yang demikian ini, bahkan di antara orang Israil sekalipun.",
Matius,8,11,Matius 8:11,وَأَقُولُ لَكُمْ: إِنَّ كَثِيرِينَ سَيَأْتُونَ مِنَ ٱلْمَشَارِقِ وَٱلْمَغَارِبِ وَيَتَّكِئُونَ مَعَ إِبْرَاهِيمَ وَإِسْحَاقَ وَيَعْقُوبَ فِي مَلَكُوتِ ٱلسَّمَاوَاتِ،,"Aku mengatakan kepadamu bahwa banyak yang akan datang dari timur dan barat, dan duduk makan dengan Abraham, Ishak, dan Yakub dalam Kerajaan Surga,","Aku berkata pula kepadamu, banyak orang akan datang dari timur dan barat, lalu mereka duduk makan di dalam Kerajaan Surga bersama-sama dengan Ibrahim, Ishak, dan Yakub.",
Matius,8,12,Matius 8:12,وَأَمَّا بَنُو ٱلْمَلَكُوتِ فَيُطْرَحُونَ إِلَى ٱلظُّلْمَةِ ٱلْخَارِجِيَّةِ. هُنَاكَ يَكُونُ ٱلْبُكَاءُ وَصَرِيرُ ٱلْأَسْنَانِ».,tetapi anak-anak kerajaan itu akan dibuang ke dalam kegelapan yang paling gelap. Di sana akan ada ratapan dan kertak gigi.”,"Tetapi, anak-anak kerajaan itu sendiri akan dicampakkan ke dalam kegelapan yang paling gelap. Di tempat itu akan ada ratapan dan kertak gigi.”",
Matius,8,13,Matius 8:13,ثُمَّ قَالَ يَسُوعُ لِقَائِدِ ٱلْمِئَةِ: «ٱذْهَبْ، وَكَمَا آمَنْتَ لِيَكُنْ لَكَ». فَبَرَأَ غُلَامُهُ فِي تِلْكَ ٱلسَّاعَةِ.,"Dan, Yesus berkata kepada perwira itu, “Pergilah, biarlah terjadi kepadamu seperti yang kamu percayai.” Dan, pada saat itu juga, hambanya disembuhkan.","Kemudian, sabda Isa kepada perwira itu, “Pulanglah, jadilah seperti yang kaupercayai.” Maka, sembuhlah hambanya pada saat itu juga.",
Matius,8,14,Matius 8:14,وَلَمَّا جَاءَ يَسُوعُ إِلَى بَيْتِ بُطْرُسَ، رَأَى حَمَاتَهُ مَطْرُوحَةً وَمَحْمُومَةً،,"Ketika Yesus tiba di rumah Petrus, Ia melihat ibu mertuanya sedang terbaring dan demam.","Ketika Isa masuk ke rumah Petrus, Ia melihat ibu mertua Petrus sedang terbaring karena demam.",
Matius,8,15,Matius 8:15,فَلَمَسَ يَدَهَا فَتَرَكَتْهَا ٱلْحُمَّى، فَقَامَتْ وَخَدَمَتْهُمْ.,"Lalu, Yesus menjamah tangan ibu itu dan demamnya hilang. Kemudian, dia bangun dan melayani Yesus.","Isa menyentuh tangannya, lalu demamnya pun hilang. Kemudian, perempuan itu bangun dan menyambut kedatangan-Nya.",
Matius,8,16,Matius 8:16,وَلَمَّا صَارَ ٱلْمَسَاءُ قَدَّمُوا إِلَيْهِ مَجَانِينَ كَثِيرِينَ، فَأَخْرَجَ ٱلْأَرْوَاحَ بِكَلِمَةٍ، وَجَمِيعَ ٱلْمَرْضَى شَفَاهُمْ،,"Ketika menjelang malam, mereka membawa kepada-Nya banyak orang yang kerasukan roh jahat, dan Dia mengusir roh-roh itu dengan satu kata, dan menyembuhkan semua orang yang sakit,","Pada waktu magrib banyak orang yang dibelenggu setan dibawa kepada-Nya. Ia mengusir setan-setan itu dengan sepatah kata, dan menyembuhkan semua orang yang menderita sakit.",
Matius,8,17,Matius 8:17,لِكَيْ يَتِمَّ مَا قِيلَ بِإِشَعْيَاءَ ٱلنَّبِيِّ ٱلْقَائِلِ: «هُوَ أَخَذَ أَسْقَامَنَا وَحَمَلَ أَمْرَاضَنَا».,supaya digenapilah apa yang dikatakan oleh Nabi Yesaya: “Dialah yang mengambil kelemahan-kelemahan kita dan menanggung penyakit-penyakit kita.” Yesaya 53:4,"Dengan demikian, genaplah firman yang disampaikan melalui Nabi Yesaya, “Dialah yang mengangkat kelemahan kita dan yang menanggung penyakit kita.”",
Matius,8,18,Matius 8:18,وَلَمَّا رَأَى يَسُوعُ جُمُوعًا كَثِيرَةً حَوْلَهُ، أَمَرَ بِٱلذَّهَابِ إِلَى ٱلْعَبْرِ.,"Sekarang, ketika Yesus melihat orang banyak di sekeliling-Nya, Dia memberi perintah untuk bertolak ke seberang.","Pada waktu Isa melihat orang banyak berkerumun mengelilingi-Nya, Ia menyuruh para pengikut-Nya berlayar ke seberang.",
Matius,8,19,Matius 8:19,فَتَقَدَّمَ كَاتِبٌ وَقَالَ لَهُ: «يَا مُعَلِّمُ، أَتْبَعُكَ أَيْنَمَا تَمْضِي».,"Kemudian, seorang ahli Taurat datang dan berkata kepada-Nya, “Guru, aku akan mengikuti-Mu ke mana saja Engkau pergi.”","Lalu, datanglah seorang ahli Kitab Suci Taurat dan berkata kepada-Nya, “Ya Guru, aku akan mengikut Engkau ke mana pun Engkau pergi.”",
Matius,8,20,Matius 8:20,فَقَالَ لَهُ يَسُوعُ: «لِلثَّعَالِبِ أَوْجِرَةٌ وَلِطُيُورِ ٱلسَّمَاءِ أَوْكَارٌ، وَأَمَّا ٱبْنُ ٱلْإِنْسَانِ فَلَيْسَ لَهُ أَيْنَ يُسْنِدُ رَأْسَهُ».,"Dan, Yesus berkata kepadanya, “Rubah mempunyai liang dan burung di langit mempunyai sarang. Akan tetapi, Anak Manusia tidak mempunyai tempat untuk meletakkan kepala-Nya.”","Sabda Isa, “Serigala mempunyai liang dan burung mempunyai sarang, tetapi Anak Manusia tidak mempunyai tempat untuk meletakkan kepala-Nya.”",
Matius,8,21,Matius 8:21,وَقَالَ لَهُ آخَرُ مِنْ تَلَامِيذِهِ: «يَا سَيِّدُ، ٱئْذَنْ لِي أَنْ أَمْضِيَ أَوَّلًا وَأَدْفِنَ أَبِي».,"Satu dari para murid berkata kepada-Nya, “Tuhan, izinkanlah aku untuk terlebih dahulu pergi dan menguburkan ayahku.”","Kemudian, seorang pengikut-Nya yang lain berkata kepada-Nya, “Ya Junjungan, izinkanlah aku pergi memakamkan ayahku terlebih dahulu.”",
Matius,8,22,Matius 8:22,فَقَالَ لَهُ يَسُوعُ: «ٱتْبَعْنِي، وَدَعِ ٱلْمَوْتَى يَدْفِنُونَ مَوْتَاهُمْ».,"Akan tetapi, Yesus berkata kepadanya, “Ikutlah Aku, dan biarlah orang mati menguburkan orang mati mereka sendiri.”","Tetapi, sabda Isa kepadanya, “Ikutlah Aku, dan biarkanlah orang-orang mati memakamkan mereka yang mati.”",
Matius,8,23,Matius 8:23,وَلَمَّا دَخَلَ ٱلسَّفِينَةَ تَبِعَهُ تَلَامِيذُهُ.,"Dan, ketika Yesus naik ke perahu, murid-murid-Nya mengikuti Dia.","Setelah itu, Isa naik ke perahu dan para pengikut-Nya pun mengikuti Dia.",
Matius,8,24,Matius 8:24,وَإِذَا ٱضْطِرَابٌ عَظِيمٌ قَدْ حَدَثَ فِي ٱلْبَحْرِ حَتَّى غَطَّتِ ٱلْأَمْوَاجُ ٱلسَّفِينَةَ، وَكَانَ هُوَ نَائِمًا.,"Dan, lihat, terjadi badai besar di danau sehingga perahu itu tertutup ombak. Akan tetapi, Yesus tidur.",Tiba-tiba danau itu dilanda badai besar sehingga perahu mereka terpukul ombak. Waktu itu Isa sedang tidur.,
Matius,8,25,Matius 8:25,فَتَقَدَّمَ تَلَامِيذُهُ وَأَيْقَظُوهُ قَائِلِينَ: «يَا سَيِّدُ، نَجِّنَا فَإِنَّنَا نَهْلِكُ!».,"Dan, murid-murid mendatangi Yesus dan membangunkan-Nya, dengan berkata, “Tuhan, selamatkan kami! Kita sedang binasa!”","Lalu, para pengikut-Nya datang membangunkan Dia dan berseru kepada-Nya, “Ya Junjungan, selamatkanlah kami! Kita binasa!”",
Matius,8,26,Matius 8:26,فَقَالَ لَهُمْ: «مَا بَالُكُمْ خَائِفِينَ يا قَلِيلِي ٱلْإِيمَانِ؟». ثُمَّ قَامَ وَٱنْتَهَرَ ٱلرِّيَاحَ وَٱلْبَحْرَ، فَصَارَ هُدُوٌّ عَظِيمٌ.,"Dan, Dia berkata kepada mereka, “Mengapa kamu takut, hai kamu yang kurang beriman?” Lalu, Dia berdiri dan menghardik angin serta danau itu, lalu menjadi tenang sekali.","Sabda Isa kepada mereka, “Mengapa kamu takut, hai kamu yang kurang percaya?” Maka, bangunlah Isa. Dihardik-Nya angin serta danau itu, hingga danau menjadi teduh sekali.",
Matius,8,27,Matius 8:27,فَتَعَجَّبَ ٱلنَّاسُ قَائِلِينَ: «أَيُّ إِنْسَانٍ هَذَا؟ فَإِنَّ ٱلرِّيَاحَ وَٱلْبَحْرَ جَمِيعًا تُطِيعُهُ!».,"Orang-orang itu terheran-heran dan berkata, “Orang macam apakah Dia ini, bahkan angin dan danau pun mematuhi-Nya?”","Mereka merasa heran, lalu berkata, “Orang macam apa ini hingga angin dan danau pun menuruti perintah-Nya?”",
Matius,8,28,Matius 8:28,وَلَمَّا جَاءَ إِلَى ٱلْعَبْرِ إِلَى كُورَةِ ٱلْجِرْجَسِيِّينَ، ٱسْتَقْبَلَهُ مَجْنُونَانِ خَارِجَانِ مِنَ ٱلْقُبُورِ هَائِجَانِ جِدًّا، حَتَّى لَمْ يَكُنْ أَحَدٌ يَقْدِرُ أَنْ يَجْتَازَ مِنْ تِلْكَ ٱلطَّرِيقِ.,"Ketika Yesus tiba di seberang danau, di daerah orang Gadara, dua orang yang kerasukan roh jahat menemui-Nya. Mereka keluar dari kuburan dengan sangat ganas sehingga tidak ada orang yang dapat melewati jalan itu.","Kemudian, sampailah Isa di seberang danau, di daerah orang Gadara. Di situ Ia bertemu dengan dua orang yang dikuasai setan-setan. Keduanya datang dari pemakaman. Mereka sangat berbahaya sehingga tidak ada seorang pun yang berani melintasi jalan itu.",
Matius,8,29,Matius 8:29,وَإِذَا هُمَا قَدْ صَرَخَا قَائِلَيْنِ: «مَا لَنَا وَلَكَ يا يَسُوعُ ٱبْنَ ٱللهِ؟ أَجِئْتَ إِلَى هُنَا قَبْلَ ٱلْوَقْتِ لِتُعَذِّبَنَا؟».,"Dan, lihat, mereka berteriak, katanya, “Apa urusan antara Engkau dengan kami, hai Anak Allah? Apakah Engkau datang untuk menyiksa kami sebelum waktunya?”","Lalu, berteriaklah mereka, “Apa sangkut paut-Mu dengan kami, hai Sang Anak yang datang dari Allah? Apakah kedatangan-Mu ini untuk mengazab kami sebelum waktunya?”",
Matius,8,30,Matius 8:30,وَكَانَ بَعِيدًا مِنْهُمْ قَطِيعُ خَنَازِيرَ كَثِيرَةٍ تَرْعَى.,"Dan, agak jauh dari mereka ada sekawanan besar babi yang sedang mencari makan.",Agak jauh dari tempat mereka itu ada sekawanan babi yang sedang mencari makan.,
Matius,8,31,Matius 8:31,فَٱلشَّيَاطِينُ طَلَبُوا إِلَيْهِ قَائِلِينَ: «إِنْ كُنْتَ تُخْرِجُنَا، فَأْذَنْ لَنَا أَنْ نَذْهَبَ إِلَى قَطِيعِ ٱلْخَنَازِيرِ».,"Setan-setan itu meminta kepada-Nya dan berkata, “Jika Engkau mau mengusir kami, suruhlah kami pindah ke dalam kawanan babi itu.”","Kemudian, setan-setan itu memohon kepada Isa, “Jika Engkau hendak mengusir kami, izinkanlah kami memasuki kawanan babi itu.”",
Matius,8,32,Matius 8:32,فَقَالَ لَهُمُ: «ٱمْضُوا». فَخَرَجُوا وَمَضَوْا إِلَى قَطِيعِ ٱلْخَنَازِيرِ، وَإِذَا قَطِيعُ ٱلْخَنَازِيرِ كُلُّهُ قَدِ ٱنْدَفَعَ مِنْ عَلَى ٱلْجُرُفِ إِلَى ٱلْبَحْرِ، وَمَاتَ فِي ٱلْمِيَاهِ.,"Dan, Yesus berkata kepada mereka, “Pergilah!” Lalu, mereka keluar dan masuk ke dalam babi-babi itu. Kemudian, seluruh kawanan babi itu pun terjun dari tebing danau dan mati di dalam air.","Sabda Isa kepada setan-setan itu, “Pergilah!” Maka, setan-setan itu pun keluar dan memasuki babi-babi itu. Kemudian, dengan tiba-tiba seluruh kawanan babi itu terjun dari tepi tebing bukit ke danau, lalu mati di dalam air.",
Matius,8,33,Matius 8:33,أَمَّا ٱلرُّعَاةُ فَهَرَبُوا وَمَضَوْا إِلَى ٱلْمَدِينَةِ، وَأَخْبَرُوا عَنْ كُلِّ شَيْءٍ، وَعَنْ أَمْرِ ٱلْمَجْنُونَيْنِ.,"Orang-orang yang menggembalakan kawanan babi itu melarikan diri, dan masuk ke dalam kota, dan menceritakan semuanya, termasuk apa yang terjadi dengan orang-orang yang dirasuk setan itu.","Gembala-gembala dari kawanan babi itu lari ke kota. Mereka menceritakan semuanya, juga tentang dua orang yang dikuasai setan-setan.",
Matius,8,34,Matius 8:34,فَإِذَا كُلُّ ٱلْمَدِينَةِ قَدْ خَرَجَتْ لِمُلَاقَاةِ يَسُوعَ. وَلَمَّا أَبْصَرُوهُ طَلَبُوا أَنْ يَنْصَرِفَ عَنْ تُخُومِهِمْ.,"Dan, lihat, seluruh kota keluar untuk bertemu dengan Yesus. Ketika melihat Yesus, mereka meminta-Nya untuk meninggalkan wilayah mereka.","Kemudian, keluarlah semua penduduk kota itu untuk menemui Isa. Setelah mereka bertemu dengan-Nya, mereka meminta agar Ia pergi dari daerah mereka.",
Matius,9,1,Matius 9:1,فَدَخَلَ ٱلسَّفِينَةَ وَٱجْتَازَ وَجَاءَ إِلَى مَدِينَتِهِ.,"Setelah masuk ke perahu, Yesus menyeberangi danau dan tiba di kota-Nya sendiri .","Setelah naik ke perahu, Isa menyeberang, lalu sampai di kota-Nya sendiri.",
Matius,9,2,Matius 9:2,وَإِذَا مَفْلُوجٌ يُقَدِّمُونَهُ إِلَيْهِ مَطْرُوحًا عَلَى فِرَاشٍ. فَلَمَّا رَأَى يَسُوعُ إِيمَانَهُمْ قَالَ لِلْمَفْلُوجِ: «ثِقْ يا بُنَيَّ. مَغْفُورَةٌ لَكَ خَطَايَاكَ».,"Dan, lihat, mereka membawa kepada-Nya seorang lumpuh yang terbaring di tempat tidur. Ketika melihat iman mereka, Yesus berkata kepada orang lumpuh itu, “Teguhkanlah hatimu, anak-Ku, dosamu sudah diampuni.”","Kemudian, datanglah beberapa orang kepada-Nya membawa seorang lumpuh yang terbaring di tempat tidurnya. Ketika Isa melihat iman mereka, bersabdalah Ia kepada orang lumpuh itu, “Teguhkanlah hatimu, hai anak-Ku, dosamu sudah diampuni.”",
Matius,9,3,Matius 9:3,وَإِذَا قَوْمٌ مِنَ ٱلْكَتَبَةِ قَدْ قَالُوا فِي أَنْفُسِهِمْ: «هَذَا يُجَدِّفُ!».,"Kemudian, lihat, beberapa ahli Taurat berkata dalam hatinya, “Orang ini menghujat!”","Beberapa ahli Kitab Suci Taurat yang ada di situ berkata dalam hati mereka, “Ia menghujah Allah.”",
Matius,9,4,Matius 9:4,فَعَلِمَ يَسُوعُ أَفْكَارَهُمْ، فَقَالَ: «لِمَاذَا تُفَكِّرُونَ بِٱلشَّرِّ فِي قُلُوبِكُمْ؟,"Namun, Yesus mengetahui pikiran mereka, kata-Nya, “Mengapa kamu memikirkan yang jahat dalam hatimu?","Isa mengetahui pikiran mereka. Oleh karena itu, Ia bersabda, “Apa sebabnya kamu memikirkan hal yang jahat di dalam hatimu?",
Matius,9,5,Matius 9:5,أَيُّمَا أَيْسَرُ، أَنْ يُقَالَ: مَغْفُورَةٌ لَكَ خَطَايَاكَ، أَمْ أَنْ يُقَالَ: قُمْ وَٱمْشِ؟,"Manakah yang lebih mudah, berkata, ‘Dosa-dosamu diampuni,’ atau berkata, ‘Bangunlah dan berjalanlah’?","Manakah lebih mudah dikatakan, ‘Dosamu sudah diampuni,’ atau, ‘Bangun dan berjalanlah?’",
Matius,9,6,Matius 9:6,وَلَكِنْ لِكَيْ تَعْلَمُوا أَنَّ لِٱبْنِ ٱلْإِنْسَانِ سُلْطَانًا عَلَى ٱلْأَرْضِ أَنْ يَغْفِرَ ٱلْخَطَايَا». حِينَئِذٍ قَالَ لِلْمَفْلُوجِ: «قُمِ ٱحْمِلْ فِرَاشَكَ وَٱذْهَبْ إِلَى بَيْتِكَ!».,"Akan tetapi, supaya kamu dapat mengetahui bahwa di bumi Anak Manusia memiliki kuasa untuk mengampuni dosa.” Kemudian, Yesus berkata kepada orang lumpuh itu, “Bangunlah, angkatlah tempat tidurmu, dan pulanglah ke rumahmu!”","Akan tetapi, kamu harus tahu bahwa di bumi ini Anak Manusia mempunyai wewenang untuk mengampuni dosa.” Lalu, Ia bersabda kepada orang lumpuh itu, “Bangun, angkatlah tempat tidurmu dan pulanglah ke rumahmu!”",
Matius,9,7,Matius 9:7,فَقَامَ وَمَضَى إِلَى بَيْتِهِ.,"Maka, ia bangun dan pulang ke rumahnya.","Orang itu pun bangun, lalu pulang ke rumahnya.",
Matius,9,8,Matius 9:8,فَلَمَّا رَأَى ٱلْجُمُوعُ تَعَجَّبُوا وَمَجَّدُوا ٱللهَ ٱلَّذِي أَعْطَى ٱلنَّاسَ سُلْطَانًا مِثْلَ هَذَا.,"Namun, ketika orang banyak melihat hal ini, mereka menjadi takjub dan memuliakan Allah yang memberi kuasa seperti itu kepada manusia.","Ketika orang banyak melihat hal itu, mereka menjadi takut, lalu memuliakan Allah yang memberi wewenang sebesar itu kepada manusia.",
Matius,9,9,Matius 9:9,وَفِيمَا يَسُوعُ مُجْتَازٌ مِنْ هُنَاكَ، رَأَى إِنْسَانًا جَالِسًا عِنْدَ مَكَانِ ٱلْجِبَايَةِ، ٱسْمُهُ مَتَّى. فَقَالَ لَهُ: «ٱتْبَعْنِي». فَقَامَ وَتَبِعَهُ.,"Ketika Yesus pergi dari situ, Dia melihat seorang yang dipanggil Matius sedang duduk di tempat pengumpulan pajak. Lalu, Yesus berkata kepadanya, “Ikutlah Aku.” Dan, Matius berdiri dan mengikut Yesus.","Dari sana, Isa melanjutkan perjalanan-Nya. Kemudian, Ia melihat seseorang bernama Matius sedang duduk di tempat pembayaran cukai. Sabda Isa kepadanya, “Ikutlah Aku!” Ia berdiri, lalu mengikut Isa.",
Matius,9,10,Matius 9:10,وَبَيْنَمَا هُوَ مُتَّكِئٌ فِي ٱلْبَيْتِ، إِذَا عَشَّارُونَ وَخُطَاةٌ كَثِيرُونَ قَدْ جَاءُوا وَٱتَّكَأُوا مَعَ يَسُوعَ وَتَلَامِيذِهِ.,"Pada waktu Yesus duduk makan di dalam rumah itu, lihat, banyak pengumpul pajak dan orang-orang berdosa datang, lalu duduk dan makan bersama Yesus dan murid-murid-Nya.","Selanjutnya, ketika Isa makan di rumah Matius, datanglah para pemungut cukai dan para pendosa, lalu mereka turut makan bersama-sama dengan Isa serta para pengikut-Nya.",
Matius,9,11,Matius 9:11,فَلَمَّا نَظَرَ ٱلْفَرِّيسِيُّونَ قَالُوا لِتَلَامِيذِهِ: «لِمَاذَا يَأْكُلُ مُعَلِّمُكُمْ مَعَ ٱلْعَشَّارِينَ وَٱلْخُطَاةِ؟».,"Dan, ketika orang-orang Farisi melihat hal ini, mereka berkata kepada murid-murid-Nya, “Mengapa Gurumu makan bersama para pengumpul pajak dan orang-orang berdosa?”","Pada waktu orang-orang dari mazhab Farisi melihat hal itu, mereka berkata kepada para pengikut-Nya, “Mengapa Gurumu makan dengan para pemungut cukai dan para pendosa?”",
Matius,9,12,Matius 9:12,فَلَمَّا سَمِعَ يَسُوعُ قَالَ لَهُمْ: «لَا يَحْتَاجُ ٱلْأَصِحَّاءُ إِلَى طَبِيبٍ بَلِ ٱلْمَرْضَى.,"Akan tetapi, ketika Yesus mendengar hal itu, Dia berkata, “Mereka yang sehat tidak membutuhkan tabib, melainkan mereka yang sakit.","Hal itu didengar oleh Isa, lalu bersabdalah Ia, “Orang-orang yang sehat tidak memerlukan tabib, melainkan orang-orang sakitlah yang memerlukannya.",
Matius,9,13,Matius 9:13,فَٱذْهَبُوا وَتَعَلَّمُوا مَا هُوَ: إِنِّي أُرِيدُ رَحْمَةً لَا ذَبِيحَةً، لِأَنِّي لَمْ آتِ لِأَدْعُوَ أَبْرَارًا بَلْ خُطَاةً إِلَى ٱلتَّوْبَةِ».,"Namun, pergilah dan pelajari apa artinya ini, ‘Aku menghendaki belas kasihan, bukannya persembahan,’ sebab Aku datang bukan untuk memanggil yang benar, melainkan orang-orang berdosa.”","Pergilah dan pelajarilah arti firman ini, ‘Aku menghendaki belas kasihan dan bukan persembahan.’ Kedatangan-Ku pun bukan untuk memanggil orang-orang saleh, melainkan orang-orang berdosa.”",
Matius,9,14,Matius 9:14,حِينَئِذٍ أَتَى إِلَيْهِ تَلَامِيذُ يُوحَنَّا قَائِلِينَ: «لِمَاذَا نَصُومُ نَحْنُ وَٱلْفَرِّيسِيُّونَ كَثِيرًا، وَأَمَّا تَلَامِيذُكَ فَلَا يَصُومُونَ؟».,"Kemudian, murid-murid Yohanes datang kepada Yesus dan bertanya, “Mengapa kami dan orang-orang Farisi melakukan puasa, tetapi murid-murid-Mu tidak berpuasa?”","Pada suatu ketika, para pengikut Yahya datang kepada Isa. Mereka bertanya, “Apa sebabnya kami dan juga orang-orang dari mazhab Farisi kerap berpuasa, sedangkan para pengikut-Mu tidak?”",
Matius,9,15,Matius 9:15,فَقَالَ لَهُمْ يَسُوعُ: «هَلْ يَسْتَطِيعُ بَنُو ٱلْعُرْسِ أَنْ يَنُوحُوا مَا دَامَ ٱلْعَرِيسُ مَعَهُمْ؟ وَلَكِنْ سَتَأْتِي أَيَّامٌ حِينَ يُرْفَعُ ٱلْعَرِيسُ عَنْهُمْ، فَحِينَئِذٍ يَصُومُونَ.,"Dan, Yesus berkata kepada mereka, “Dapatkah para pengiring pengantin berdukacita selama pengantin laki-laki masih bersama-sama dengan mereka? Akan tetapi, akan tiba waktunya ketika pengantin laki-laki itu diambil dari mereka, dan kemudian mereka akan berpuasa.”","Maka, sabda Isa kepada mereka, “Bolehkah sahabat-sahabat mempelai pria berdukacita selama mempelai itu masih bersama-sama dengan mereka? Tetapi, akan tiba waktunya mempelai pria itu diambil dari antara mereka. Pada saat itu barulah mereka akan berpuasa.",
Matius,9,16,Matius 9:16,لَيْسَ أَحَدٌ يَجْعَلُ رُقْعَةً مِنْ قِطْعَةٍ جَدِيدَةٍ عَلَى ثَوْبٍ عَتِيقٍ، لِأَنَّ ٱلْمِلْءَ يَأْخُذُ مِنَ ٱلثَّوْبِ، فَيَصِيرُ ٱلْخَرْقُ أَرْدَأَ.,"“Tidak ada seorang pun yang menambalkan kain yang baru pada pakaian yang lama, karena tambalan itu akan merobek pakaian yang lama dan makin besarlah robeknya.",Tidak seorang pun akan menambalkan secarik kain baru pada pakaian yang sudah tua karena kain penambal itu akan menyebabkan pakaian itu koyak sehingga semakin besarlah koyaknya.,
Matius,9,17,Matius 9:17,وَلَا يَجْعَلُونَ خَمْرًا جَدِيدَةً فِي زِقَاقٍ عَتِيقَةٍ، لِئَلَّا تَنْشَقَّ ٱلزِّقَاقُ، فَٱلْخَمْرُ تَنْصَبُّ وَٱلزِّقَاقُ تَتْلَفُ. بَلْ يَجْعَلُونَ خَمْرًا جَدِيدَةً فِي زِقَاقٍ جَدِيدَةٍ فَتُحْفَظُ جَمِيعًا».,"Juga, tidak ada orang yang menuang anggur baru ke dalam kantong kulit yang lama. Jika demikian, kantong kulit itu akan robek, dan anggurnya akan tumpah, dan kantong kulitnya hancur. Akan tetapi, mereka menyimpan anggur yang baru ke kantong kulit yang baru pula sehingga keduanya terpelihara.”","Demikian pula tidak seorang pun akan menuang air anggur baru ke dalam kirbat-kirbat kulit yang sudah tua karena jika begitu, maka air anggur akan merusak kirbat-kirbat kulit itu. Akibatnya air anggur itu akan tertumpah dan kirbat-kirbat kulitnya pun akan hancur. Jadi, air anggur baru harus disimpan pada kirbat-kirbat kulit yang baru pula sehingga terpeliharalah keduanya.”",
Matius,9,18,Matius 9:18,وَفِيمَا هُوَ يُكَلِّمُهُمْ بِهَذَا، إِذَا رَئِيسٌ قَدْ جَاءَ فَسَجَدَ لَهُ قَائِلًا: «إِنَّ ٱبْنَتِي ٱلْآنَ مَاتَتْ، لَكِنْ تَعَالَ وَضَعْ يَدَكَ عَلَيْهَا فَتَحْيَا».,"Sementara Yesus mengatakan hal-hal ini kepada mereka, lihat, seorang pemimpin rumah ibadah datang dan menyembah-Nya, dan berkata, “Anak perempuanku baru saja mati. Akan tetapi, datang dan letakkanlah tangan-Mu ke atasnya, maka dia akan hidup.”","Sementara Isa masih berbicara dengan mereka, tiba-tiba datanglah seorang kepala rumah ibadah, lalu sujud dan berkata, “Anakku yang perempuan baru saja meninggal, tetapi datanglah dan tumpangkanlah tangan-Mu ke atasnya maka ia akan hidup.”",
Matius,9,19,Matius 9:19,فَقَامَ يَسُوعُ وَتَبِعَهُ هُوَ وَتَلَامِيذُهُ.,"Lalu, Yesus bangun dan mengikuti orang itu, begitu pula dengan murid-murid-Nya.","Kemudian, berdirilah Isa, lalu beserta para pengikut-Nya mengikuti kepala rumah ibadah itu.",
Matius,9,20,Matius 9:20,وَإِذَا ٱمْرَأَةٌ نَازِفَةُ دَمٍ مُنْذُ ٱثْنَتَيْ عَشْرَةَ سَنَةً قَدْ جَاءَتْ مِنْ وَرَائِهِ وَمَسَّتْ هُدْبَ ثَوْبِهِ،,"Dan, lihat, seorang perempuan yang sudah menderita pendarahan selama dua belas tahun mendekati Yesus dari belakang dan menjamah ujung jubah-Nya,","Sementara itu, di situ ada seorang perempuan yang sudah dua belas tahun menderita sakit pendarahan. Ia mendekati Isa dari arah belakang, lalu menyentuh jumbai jubah-Nya",
Matius,9,21,Matius 9:21,لِأَنَّهَا قَالَتْ فِي نَفْسِهَا: «إِنْ مَسَسْتُ ثَوْبَهُ فَقَطْ شُفِيتُ».,"sebab perempuan itu berkata kepada dirinya sendiri, “Jika aku menyentuh jubah-Nya saja, aku akan sembuh.”","karena katanya dalam hatinya, “Jika aku dapat memegang jubah-Nya saja, maka aku akan sembuh.”",
Matius,9,22,Matius 9:22,فَٱلْتَفَتَ يَسُوعُ وَأَبْصَرَهَا، فَقَالَ: «ثِقِي يا ٱبْنَةُ، إِيمَانُكِ قَدْ شَفَاكِ». فَشُفِيَتِ ٱلْمَرْأَةُ مِنْ تِلْكَ ٱلسَّاعَةِ.,"Akan tetapi, Yesus berbalik dan memandang perempuan itu, lalu berkata, “Teguhkanlah hatimu, hai anak-Ku, imanmu telah menyembuhkanmu.” Seketika itu juga, sembuhlah perempuan itu.","Kemudian, berpalinglah Isa dan memandang perempuan itu sambil bersabda, “Teguhkanlah hatimu, hai anak-Ku, imanmu telah mendatangkan kesembuhan bagimu.” Pada saat itu juga sembuhlah perempuan itu dari penyakitnya.",
Matius,9,23,Matius 9:23,وَلَمَّا جَاءَ يَسُوعُ إِلَى بَيْتِ ٱلرَّئِيسِ، وَنَظَرَ ٱلْمُزَمِّرِينَ وَٱلْجَمْعَ يَضِجُّونَ،,"Ketika Yesus tiba di rumah kepala rumah ibadah itu dan melihat para peniup seruling dan orang banyak yang bising,","Setelah Isa sampai di tempat tinggal kepala rumah ibadah tadi dan melihat para peniup seruling serta orang-orang berkabung yang sedang meratap,",
Matius,9,24,Matius 9:24,قَالَ لَهُمْ: «تَنَحَّوْا، فَإِنَّ ٱلصَّبِيَّةَ لَمْ تَمُتْ لَكِنَّهَا نَائِمَةٌ». فَضَحِكُوا عَلَيْهِ.,"Dia berkata, “Pergilah, karena anak perempuan itu tidak mati, melainkan sedang tidur.” Dan, mereka menertawakan-Nya.","bersabdalah Ia, “Keluarlah, karena anak perempuan ini tidak mati, tetapi tidur.” Mereka lalu menertawakan-Nya.",
Matius,9,25,Matius 9:25,فَلَمَّا أُخْرِجَ ٱلْجَمْعُ دَخَلَ وَأَمْسَكَ بِيَدِهَا، فَقَامَتِ ٱلصَّبِيَّةُ.,"Namun, ketika orang banyak itu sudah diusir keluar, Yesus masuk lalu memegang tangan anak itu, dan anak perempuan itu pun bangun.","Setelah orang banyak itu diminta keluar, masuklah Isa. Ia memegang tangan anak perempuan itu, dan anak itu pun bangun.",
Matius,9,26,Matius 9:26,فَخَرَجَ ذَلِكَ ٱلْخَبَرُ إِلَى تِلْكَ ٱلْأَرْضِ كُلِّهَا.,"Dan, berita ini tersebar ke seluruh daerah itu.","Kemudian, tersiarlah kabar mengenai hal ini ke seluruh wilayah itu.",
Matius,9,27,Matius 9:27,وَفِيمَا يَسُوعُ مُجْتَازٌ مِنْ هُنَاكَ، تَبِعَهُ أَعْمَيَانِ يَصْرَخَانِ وَيَقُولَانِ: «ٱرْحَمْنَا يا ٱبْنَ دَاوُدَ!».,"Ketika Yesus pergi dari situ, dua orang buta mengikuti Dia sambil berteriak-teriak, “Kasihanilah kami, Anak Daud.”","Ketika Isa berangkat dari sana, ada dua orang buta yang mengikuti-Nya, dan sambil berteriak-teriak mereka memohon, “Ya Anak Daud, kasihanilah kami!”",
Matius,9,28,Matius 9:28,وَلَمَّا جَاءَ إِلَى ٱلْبَيْتِ تَقَدَّمَ إِلَيْهِ ٱلْأَعْمَيَانِ، فَقَالَ لَهُمَا يَسُوعُ: «أَتُؤْمِنَانِ أَنِّي أَقْدِرُ أَنْ أَفْعَلَ هَذَا؟». قَالَا لَهُ: «نَعَمْ، يا سَيِّدُ!».,"Setelah Dia memasuki rumah itu, kedua orang buta tersebut mendatangi-Nya, lalu Yesus bertanya kepada mereka, “Apakah kamu percaya kalau Aku dapat melakukan hal ini?” Mereka berkata kepada-Nya, “Ya, Tuhan!”","Setelah Ia masuk ke rumah, kedua orang buta itu datang ke hadapan-Nya. Lalu, sabda Isa kepada mereka, “Apakah kamu percaya bahwa Aku dapat melakukan hal itu?” Jawab mereka, “Ya Junjungan, kami percaya!”",
Matius,9,29,Matius 9:29,حِينَئِذٍ لَمَسَ أَعْيُنَهُمَا قَائِلًا: «بِحَسَبِ إِيمَانِكُمَا لِيَكُنْ لَكُمَا».,"Kemudian, Yesus menjamah mata mereka, kata-Nya, “Jadilah kepadamu menurut imanmu.”","Isa menyentuh mata kedua orang itu sambil bersabda, “Jadilah padamu seperti yang engkau imani!”",
Matius,9,30,Matius 9:30,فَٱنْفَتَحَتْ أَعْيُنُهُمَا. فَٱنْتَهَرَهُمَا يَسُوعُ قَائِلًا: «ٱنْظُرَا، لَا يَعْلَمْ أَحَدٌ!».,"Dan, terbukalah mata mereka. Lalu, Yesus dengan tegas memperingatkan mereka, “Perhatikanlah, jangan ada seorang pun mengetahui hal ini.”","Maka, mata mereka pun dapat melihat. Lalu, dengan tegas Isa melarang mereka, “Ingat, jangan sampai hal ini diketahui oleh siapa pun!”",
Matius,9,31,Matius 9:31,وَلَكِنَّهُمَا خَرَجَا وَأَشَاعَاهُ فِي تِلْكَ ٱلْأَرْضِ كُلِّهَا.,"Akan tetapi, mereka keluar dan menyebarkan berita tentang Yesus ke seluruh daerah itu.","Tetapi, kedua orang itu tetap saja pergi memasyhurkan Dia ke seluruh wilayah itu.",
Matius,9,32,Matius 9:32,وَفِيمَا هُمَا خَارِجَانِ، إِذَا إِنْسَانٌ أَخْرَسُ مَجْنُونٌ قَدَّمُوهُ إِلَيْهِ.,"Setelah kedua orang itu keluar, lihatlah, orang-orang membawa kepada Yesus seorang bisu yang dirasuk roh jahat.","Sesaat setelah kedua orang yang tadinya buta itu pergi, dibawalah kepada Isa seorang yang menjadi bisu karena dibelenggu setan.",
Matius,9,33,Matius 9:33,فَلَمَّا أُخْرِجَ ٱلشَّيْطَانُ تَكَلَّمَ ٱلْأَخْرَسُ، فَتَعَجَّبَ ٱلْجُمُوعُ قَائِلِينَ: «لَمْ يَظْهَرْ قَطُّ مِثْلُ هَذَا فِي إِسْرَائِيلَ!».,"Sesudah roh jahat itu diusir, orang bisu itu pun berbicara. Orang banyak itu menjadi terheran-heran dan berkata, “Hal seperti ini belum pernah terlihat di Israel.”","Setelah setan itu diusir, orang bisu itu dapat berbicara lagi. Orang banyak pun menjadi heran, lalu mereka berkata, “Belum pernah terlihat hal yang demikian ini di Israil.”",
Matius,9,34,Matius 9:34,أَمَّا ٱلْفَرِّيسِيُّونَ فَقَالُوا: «بِرَئِيسِ ٱلشَّيَاطِينِ يُخْرِجُ ٱلشَّيَاطِينَ!».,"Akan tetapi, orang-orang Farisi berkata, “Dia mengusir roh-roh jahat dengan penguasa roh-roh jahat.”","Tetapi, orang-orang dari mazhab Farisi berkata, “Ia mengusir setan dengan kuasa pemimpin para setan.”",
Matius,9,35,Matius 9:35,وَكَانَ يَسُوعُ يَطُوفُ ٱلْمُدُنَ كُلَّهَا وَٱلْقُرَى يُعَلِّمُ فِي مَجَامِعِهَا، وَيَكْرِزُ بِبِشَارَةِ ٱلْمَلَكُوتِ، وَيَشْفِي كُلَّ مَرَضٍ وَكُلَّ ضُعْفٍ فِي ٱلشَّعْبِ.,"Dan, Yesus pergi mengelilingi semua kota dan desa sambil mengajar di sinagoge-sinagoge mereka, dan memberitakan Injil Kerajaan, serta menyembuhkan segala penyakit dan kesakitan.","Kemudian, Isa pergi ke semua kota dan desa sambil mengajar di rumah-rumah ibadah mereka, memberitakan Injil Kerajaan Surga, dan menyembuhkan segala penyakit serta kelemahan.",
Matius,9,36,Matius 9:36,وَلَمَّا رَأَى ٱلْجُمُوعَ تَحَنَّنَ عَلَيْهِمْ، إِذْ كَانُوا مُنْزَعِجِينَ وَمُنْطَرِحِينَ كَغَنَمٍ لَا رَاعِيَ لَهَا.,"Ketika Yesus melihat orang banyak itu, Dia merasa kasihan kepada mereka karena mereka lelah dan terlantar seperti domba-domba tanpa gembala.","Ketika Isa melihat orang banyak itu, Ia merasa kasihan kepada mereka sebab mereka lelah dan terlantar, seperti domba yang tak bergembala.",
Matius,9,37,Matius 9:37,حِينَئِذٍ قَالَ لِتَلَامِيذِهِ: «ٱلْحَصَادُ كَثِيرٌ وَلَكِنَّ ٱلْفَعَلَةَ قَلِيلُونَ.,"Kemudian Dia berkata kepada murid-murid-Nya, “Sesungguhnya, panenan banyak, tetapi pekerja-pekerjanya sedikit.","Kemudian, Ia bersabda kepada para pengikut-Nya, “Tuaian memang banyak, tetapi penuainya hanya sedikit.",
Matius,9,38,Matius 9:38,فَٱطْلُبُوا مِنْ رَبِّ ٱلْحَصَادِ أَنْ يُرْسِلَ فَعَلَةً إِلَى حَصَادِهِ».,"Karena itu, mintalah kepada Tuhan yang mempunyai panenan, untuk mengirimkan pekerja-pekerja dalam panenan-Nya.”","Sebab itu, mintalah kepada Sang Tuan pemilik tuaian supaya Ia mengutus para penuai untuk menuai tuaian-Nya.”",
Matius,10,1,Matius 10:1,ثُمَّ دَعَا تَلَامِيذَهُ ٱلِٱثْنَيْ عَشَرَ وَأَعْطَاهُمْ سُلْطَانًا عَلَى أَرْوَاحٍ نَجِسَةٍ حَتَّى يُخْرِجُوهَا، وَيَشْفُوا كُلَّ مَرَضٍ وَكُلَّ ضُعْفٍ.,"Dan, Yesus memanggil kedua belas murid-Nya serta memberi mereka kuasa atas roh-roh najis untuk mengusir roh-roh itu dan untuk menyembuhkan segala macam penyakit maupun segala macam kesakitan.","Isa memanggil kedua belas pengikut-Nya, lalu memberikan kepada mereka wewenang untuk mengusir setan-setan dan menyembuhkan segala penyakit serta segala kelemahan.",
Matius,10,2,Matius 10:2,وَأَمَّا أَسْمَاءُ ٱلِٱثْنَيْ عَشَرَ رَسُولًا فَهِيَ هَذِهِ: اَلْأَوَّلُ سِمْعَانُ ٱلَّذِي يُقَالُ لَهُ بُطْرُسُ، وَأَنْدَرَاوُسُ أَخُوهُ. يَعْقُوبُ بْنُ زَبْدِي، وَيُوحَنَّا أَخُوهُ.,"Inilah nama-nama kedua belas rasul itu: Yang pertama, Simon yang disebut Petrus, dan Andreas saudaranya, dan Yakobus anak Zebedeus, dan Yohanes saudaranya,","Inilah nama kedua belas rasul itu: Simon, yang disebut Petrus, dan Andreas, saudaranya; Yakub bin Zabdi, dan Yahya, saudaranya;",
Matius,10,3,Matius 10:3,فِيلُبُّسُ، وَبَرْثُولَمَاوُسُ. تُومَا، وَمَتَّى ٱلْعَشَّارُ. يَعْقُوبُ بْنُ حَلْفَى، وَلَبَّاوُسُ ٱلْمُلَقَّبُ تَدَّاوُسَ.,"Filipus, dan Bartolomeus, Tomas, dan Matius si pengumpul pajak, Yakobus anak Alfeus, dan Tadeus,","Filipus dan Bartolomeus; Tomas dan Matius, pemungut cukai; Yakub bin Alpius, dan Tadeus;",
Matius,10,4,Matius 10:4,سِمْعَانُ ٱلْقَانَوِيُّ، وَيَهُوذَا ٱلْإِسْخَرْيُوطِيُّ ٱلَّذِي أَسْلَمَهُ.,"Simon orang Zelot, dan Yudas Iskariot yang mengkhianati Yesus.","Simon orang Zelot, dan Yudas Iskariot, yaitu orang yang mengkhianati Isa.",
Matius,10,5,Matius 10:5,هَؤُلَاءِ ٱلِٱثْنَا عَشَرَ أَرْسَلَهُمْ يَسُوعُ وَأَوْصَاهُمْ قَائِلًا: «إِلَى طَرِيقِ أُمَمٍ لَا تَمْضُوا، وَإِلَى مَدِينَةٍ لِلسَّامِرِيِّينَ لَا تَدْخُلُوا.,"Yesus mengutus kedua belas rasul itu dan memerintahkan mereka, “Jangan pergi ke jalan bangsa-bangsa lain atau masuk ke dalam kota orang Samaria,","Kemudian, Isa mengutus kedua belas pengikut-Nya itu. Ia berpesan kepada mereka, sabda-Nya, “Jangan pergi ke wilayah orang-orang bukan Yahudi atau ke kota orang Samaria,",
Matius,10,6,Matius 10:6,بَلِ ٱذْهَبُوا بِٱلْحَرِيِّ إِلَى خِرَافِ بَيْتِ إِسْرَائِيلَ ٱلضَّالَّةِ.,melainkan pergilah kepada domba-domba yang tersesat dari antara umat Israel.,tetapi pergilah kepada domba-domba yang hilang dari antara bani Israil.,
Matius,10,7,Matius 10:7,وَفِيمَا أَنْتُمْ ذَاهِبُونَ ٱكْرِزُوا قَائِلِينَ: إِنَّهُ قَدِ ٱقْتَرَبَ مَلَكُوتُ ٱلسَّمَاوَاتِ.,"Dan, selama kamu pergi, beritakanlah dengan berkata, ‘Kerajaan Surga sudah dekat.’","Pergilah dan beritakanlah kepada mereka, ‘Kerajaan Surga sudah dekat.’",
Matius,10,8,Matius 10:8,اِشْفُوا مَرْضَى. طَهِّرُوا بُرْصًا. أَقِيمُوا مَوْتَى. أَخْرِجُوا شَيَاطِينَ. مَجَّانًا أَخَذْتُمْ، مَجَّانًا أَعْطُوا.,"Sembuhkanlah yang sakit, hidupkanlah yang mati, tahirkanlah yang kusta, dan usirlah roh-roh jahat. Kamu menerima dengan cuma-cuma, berikanlah dengan cuma-cuma.","Sembuhkanlah orang sakit, hidupkanlah orang mati, tahirkan orang yang najis karena penyakit kusta, dan usirlah setan-setan. Kamu menerima dengan cuma-cuma karena itu berilah dengan cuma-cuma pula.",
Matius,10,9,Matius 10:9,لَا تَقْتَنُوا ذَهَبًا وَلَا فِضَّةً وَلَا نُحَاسًا فِي مَنَاطِقِكُمْ،,"Janganlah kamu membawa emas, atau perak, atau tembaga dalam ikat pinggangmu ,","Jangan bawa emas, perak, atau tembaga dalam ikat pinggangmu.",
Matius,10,10,Matius 10:10,وَلَا مِزْوَدًا لِلطَّرِيقِ وَلَا ثَوْبَيْنِ وَلَا أَحْذِيَةً وَلَا عَصًا، لِأَنَّ ٱلْفَاعِلَ مُسْتَحِقٌّ طَعَامَهُ.,"atau tas untuk perjalanan, atau dua helai baju, atau sandal, atau tongkat sebab seorang pekerja pantas untuk makanannya.","Jangan bawa tempat bekal dalam perjalananmu, dan juga jangan kenakan dua rangkap pakaian, alas kaki, atau tongkat karena setiap orang yang bekerja patut mendapatkan nafkahnya.",
Matius,10,11,Matius 10:11,«وَأَيَّةُ مَدِينَةٍ أَوْ قَرْيَةٍ دَخَلْتُمُوهَا فَٱفْحَصُوا مَنْ فِيهَا مُسْتَحِقٌّ، وَأَقِيمُوا هُنَاكَ حَتَّى تَخْرُجُوا.,"Dan, di kota atau desa mana pun yang kamu masuki, selidikilah siapa yang layak di dalamnya dan tinggallah di sana sampai kamu berangkat.","Jika kamu masuk ke suatu kota atau desa, carilah di sana orang yang mau menerima kamu, lalu tinggallah di situ sampai kamu pergi dari tempat itu.",
Matius,10,12,Matius 10:12,وَحِينَ تَدْخُلُونَ ٱلْبَيْتَ سَلِّمُوا عَلَيْهِ،,"Ketika kamu memasuki rumah itu, berikanlah salam.","Ketika kamu masuk ke sebuah rumah, ucapkanlah salam padanya.",
Matius,10,13,Matius 10:13,فَإِنْ كَانَ ٱلْبَيْتُ مُسْتَحِقًّا فَلْيَأْتِ سَلَامُكُمْ عَلَيْهِ، وَلَكِنْ إِنْ لَمْ يَكُنْ مُسْتَحِقًّا فَلْيَرْجِعْ سَلَامُكُمْ إِلَيْكُمْ.,"Dan, jika rumah itu layak, biarlah damai sejahteramu turun atasnya, tetapi jika tidak, biarlah damai sejahteramu kembali kepadamu.","Jika penghuni rumah itu mau menerima kamu, maka sejahtera yang berasal darimu akan turun ke atasnya. Tetapi, jika tidak, maka sejahtera itu akan kembali kepadamu.",
Matius,10,14,Matius 10:14,وَمَنْ لَا يَقْبَلُكُمْ وَلَا يَسْمَعُ كَلَامَكُمْ فَٱخْرُجُوا خَارِجًا مِنْ ذَلِكَ ٱلْبَيْتِ أَوْ مِنْ تِلْكَ ٱلْمَدِينَةِ، وَٱنْفُضُوا غُبَارَ أَرْجُلِكُمْ.,"Dan, siapa saja yang tidak menerima kamu atau tidak mau mendengar perkataanmu, ketika kamu keluar dari rumah atau kota itu, kebaskanlah debu kakimu.","Jika ada orang yang tidak mau menerima kamu dan tidak mendengarkan perkataanmu, kebaskanlah debu dari kakimu ketika kamu pergi dari rumah atau kota itu.",
Matius,10,15,Matius 10:15,اَلْحَقَّ أَقُولُ لَكُمْ: سَتَكُونُ لِأَرْضِ سَدُومَ وَعَمُورَةَ يَوْمَ ٱلدِّينِ حَالَةٌ أَكْثَرُ ٱحْتِمَالًا مِمَّا لِتِلْكَ ٱلْمَدِينَةِ.,"Aku mengatakan yang sebenarnya kepadamu bahwa pada hari penghakiman, tanah Sodom dan Gomora akan lebih bisa menanggungnya daripada kota itu.”","Sesungguhnya, Aku berkata kepadamu, pada hari kiamat, azab atas Sodom dan Gomora akan lebih ringan daripada azab atas kota itu.”",
Matius,10,16,Matius 10:16,«هَا أَنَا أُرْسِلُكُمْ كَغَنَمٍ فِي وَسْطِ ذِئَابٍ، فَكُونُوا حُكَمَاءَ كَٱلْحَيَّاتِ وَبُسَطَاءَ كَٱلْحَمَامِ.,"“Lihat, Aku mengutus kamu seperti domba ke tengah-tengah serigala. Karena itu, jadilah cerdik seperti ular dan tulus seperti burung-burung merpati.","“Lihat, Aku mengutus kamu seperti domba ke tengah-tengah serigala. Sebab itu, hendaklah kamu cerdik seperti ular dan tulus seperti merpati.",
Matius,10,17,Matius 10:17,وَلَكِنِ ٱحْذَرُوا مِنَ ٱلنَّاسِ، لِأَنَّهُمْ سَيُسْلِمُونَكُمْ إِلَى مَجَالِسَ، وَفِي مَجَامِعِهِمْ يَجْلِدُونَكُمْ.,"Akan tetapi, berhati-hatilah terhadap orang-orang karena mereka akan menyerahkanmu kepada Sanhedrin dan akan mencambukmu di sinagoge-sinagoge mereka.","Waspadalah, karena orang-orang akan menyerahkan kamu ke Mahkamah-mahkamah Agama, dan kamu akan disesah di rumah-rumah ibadah mereka.",
Matius,10,18,Matius 10:18,وَتُسَاقُونَ أَمَامَ وُلَاةٍ وَمُلُوكٍ مِنْ أَجْلِي شَهَادَةً لَهُمْ وَلِلْأُمَمِ.,"Dan, kamu akan dibawa ke hadapan para penguasa dan para raja demi Aku, sebagai kesaksian untuk mereka dan untuk bangsa-bangsa lain.","Karena Aku, kamu akan digiring ke hadapan para penguasa serta para raja untuk memberi kesaksian di hadapan mereka dan bangsa-bangsa lain.",
Matius,10,19,Matius 10:19,فَمَتَى أَسْلَمُوكُمْ فَلَا تَهْتَمُّوا كَيْفَ أَوْ بِمَا تَتَكَلَّمُونَ، لِأَنَّكُمْ تُعْطَوْنَ فِي تِلْكَ ٱلسَّاعَةِ مَا تَتَكَلَّمُونَ بِهِ،,"Namun, ketika mereka menyerahkan kamu, jangan khawatir tentang bagaimana atau apa yang akan kamu katakan karena saat itu juga akan diberikan kepadamu apa yang harus kamu katakan.","Apabila mereka menyerahkan kamu, janganlah khawatir mengenai bagaimana atau apa yang akan kamu katakan karena pada waktu itu juga akan dikaruniakan kepadamu apa yang sepatutnya kamu katakan.",
Matius,10,20,Matius 10:20,لِأَنْ لَسْتُمْ أَنْتُمُ ٱلْمُتَكَلِّمِينَ بَلْ رُوحُ أَبِيكُمُ ٱلَّذِي يَتَكَلَّمُ فِيكُمْ.,"Sebab, bukan kamu yang berbicara, melainkan Roh Bapamu yang berbicara di dalam kamu.","Sebab bukan kamu lagi yang berkata-kata, melainkan Ruh Bapamu yang ada di dalam kamu.",
Matius,10,21,Matius 10:21,وَسَيُسْلِمُ ٱلْأَخُ أَخَاهُ إِلَى ٱلْمَوْتِ، وَٱلْأَبُ وَلَدَهُ، وَيَقُومُ ٱلْأَوْلَادُ عَلَى وَالِدِيهِمْ وَيَقْتُلُونَهُمْ،,"Saudara akan menyerahkan saudaranya kepada kematian, dan ayah terhadap anaknya. Dan, anak-anak akan melawan para orang tua dan membunuh mereka.","Orang akan menyerahkan saudaranya sendiri untuk dibunuh, dan ayah akan menyerahkan anaknya. Anak-anak pun akan melawan orang tuanya, bahkan akan menjatuhkan hukuman mati atas mereka.",
Matius,10,22,Matius 10:22,وَتَكُونُونَ مُبْغَضِينَ مِنَ ٱلْجَمِيعِ مِنْ أَجْلِ ٱسْمِي. وَلَكِنِ ٱلَّذِي يَصْبِرُ إِلَى ٱلْمُنْتَهَى فَهَذَا يَخْلُصُ.,"Kamu akan dibenci oleh setiap orang karena nama-Ku, tetapi orang yang bertahan sampai akhir akan diselamatkan.","Kamu akan dibenci oleh semua orang karena nama-Ku, tetapi siapa yang bertahan sampai kesudahannya akan diselamatkan.",
Matius,10,23,Matius 10:23,وَمَتَى طَرَدُوكُمْ فِي هَذِهِ ٱلْمَدِينَةِ فَٱهْرُبُوا إِلَى ٱلْأُخْرَى. فَإِنِّي ٱلْحَقَّ أَقُولُ لَكُمْ: لَا تُكَمِّلُونَ مُدُنَ إِسْرَائِيلَ حَتَّى يَأْتِيَ ٱبْنُ ٱلْإِنْسَانِ.,"Ketika mereka menganiaya kamu dalam satu kota, larilah ke kota yang lain. Aku mengatakan yang sebenarnya kepadamu bahwa kamu tidak akan selesai melewati kota-kota Israel sampai Anak Manusia datang.","Apabila kamu dianiaya di salah satu kota, larilah ke kota yang lain. Karena sesungguhnya Aku berkata kepadamu, sebelum kamu selesai menjelajahi semua kota lainnya di Israil, Anak Manusia sudah datang.",
Matius,10,24,Matius 10:24,«لَيْسَ ٱلتِّلْمِيذُ أَفْضَلَ مِنَ ٱلْمُعَلِّمِ، وَلَا ٱلْعَبْدُ أَفْضَلَ مِنْ سَيِّدِهِ.,"Murid tidak melebihi gurunya, demikian juga hamba tidak melebihi tuannya.","Seorang murid tidak akan lebih daripada gurunya, dan seorang hamba tidak akan lebih daripada tuannya.",
Matius,10,25,Matius 10:25,يَكْفِي ٱلتِّلْمِيذَ أَنْ يَكُونَ كَمُعَلِّمِهِ، وَٱلْعَبْدَ كَسَيِّدِهِ. إِنْ كَانُوا قَدْ لَقَّبُوا رَبَّ ٱلْبَيْتِ بَعْلَزَبُولَ، فَكَمْ بِٱلْحَرِيِّ أَهْلَ بَيْتِهِ!,"Cukuplah jika murid menjadi seperti gurunya, dan hamba menjadi seperti tuannya. Jika mereka menyebut tuan rumah itu Beelzebul, betapa lebih buruk lagi kepada anggota keluarganya.”","Cukuplah bagi seorang murid apabila ia menjadi sama dengan gurunya, dan bagi seorang hamba apabila ia menjadi sama dengan tuannya. Jadi, jika kepala keluarga mendapat julukan Baalzebul, apalagi anggota-anggota keluarganya!",
Matius,10,26,Matius 10:26,فَلَا تَخَافُوهُمْ. لِأَنْ لَيْسَ مَكْتُومٌ لَنْ يُسْتَعْلَنَ، وَلَا خَفِيٌّ لَنْ يُعْرَفَ.,"“Karena itu, jangan kamu takut terhadap mereka sebab tidak ada apa pun yang tertutup yang tidak akan diungkap, atau yang tersembunyi yang tidak akan diketahui.","Sebab itu, janganlah kamu takut kepada mereka. Karena apa yang tertutup akan dinyatakan, dan apa yang tersembunyi akan diketahui orang.",
Matius,10,27,Matius 10:27,اَلَّذِي أَقُولُهُ لَكُمْ فِي ٱلظُّلْمَةِ قُولُوهُ فِي ٱلنُّورِ، وَٱلَّذِي تَسْمَعُونَهُ فِي ٱلْأُذُنِ نَادُوا بِهِ عَلَى ٱلسُّطُوحِ،,"Apa yang Aku katakan kepadamu dalam kegelapan, katakanlah itu dalam terang. Dan, apa yang kamu dengar dibisikkan di telingamu, beritakanlah di atas atap rumah.","Katakanlah di tempat terang apa yang Kukatakan kepadamu di tempat gelap, dan serukanlah dari sotoh rumahmu apa yang dibisikkan di telingamu.",
Matius,10,28,Matius 10:28,وَلَا تَخَافُوا مِنَ ٱلَّذِينَ يَقْتُلُونَ ٱلْجَسَدَ وَلَكِنَّ ٱلنَّفْسَ لَا يَقْدِرُونَ أَنْ يَقْتُلُوهَا، بَلْ خَافُوا بِٱلْحَرِيِّ مِنَ ٱلَّذِي يَقْدِرُ أَنْ يُهْلِكَ ٱلنَّفْسَ وَٱلْجَسَدَ كِلَيْهِمَا فِي جَهَنَّمَ.,"Jangan takut kepada mereka yang membunuh tubuh, tetapi yang tidak dapat membunuh jiwa, melainkan terlebih takutlah kepada Dia yang dapat memusnahkan jiwa maupun tubuh di neraka.","Janganlah takut kepada mereka yang dapat membunuh tubuh, tetapi tidak mampu membunuh jiwa. Hendaklah kamu lebih takut kepada Dia, yang dapat membinasakan, baik jiwa maupun tubuh, di neraka jahanam.",
Matius,10,29,Matius 10:29,أَلَيْسَ عُصْفُورَانِ يُبَاعَانِ بِفَلْسٍ؟ وَوَاحِدٌ مِنْهُمَا لَا يَسْقُطُ عَلَى ٱلْأَرْضِ بِدُونِ أَبِيكُمْ.,"Bukankah dua ekor burung pipit dijual untuk satu duit ? Dan, tidak ada seekor pun dari mereka akan jatuh ke tanah di luar kehendak Bapamu.","Bukankah burung pipit dijual orang dengan harga seduit untuk dua ekor? Meskipun demikian, tidak seekor pun dari burung-burung itu akan jatuh ke tanah jika Bapamu tidak menghendakinya.",
Matius,10,30,Matius 10:30,وَأَمَّا أَنْتُمْ فَحَتَّى شُعُورُ رُؤُوسِكُمْ جَمِيعُهَا مُحْصَاةٌ.,"Bahkan, rambut kepalamu semuanya terhitung.",Rambut di kepalamu pun semuanya terhitung.,
Matius,10,31,Matius 10:31,فَلَا تَخَافُوا! أَنْتُمْ أَفْضَلُ مِنْ عَصَافِيرَ كَثِيرَةٍ!,"Karena itu, jangan takut, kamu lebih bernilai daripada banyak burung pipit.”","Sebab itu, janganlah kamu takut karena kamu lebih bernilai daripada banyak burung pipit.",
Matius,10,32,Matius 10:32,فَكُلُّ مَنْ يَعْتَرِفُ بِي قُدَّامَ ٱلنَّاسِ أَعْتَرِفُ أَنَا أَيْضًا بِهِ قُدَّامَ أَبِي ٱلَّذِي فِي ٱلسَّمَاوَاتِ،,"“Jadi, setiap orang yang mengakui Aku di hadapan manusia, Aku juga akan mengakuinya di hadapan Bapa-Ku yang ada di surga.","Siapa mengakui Aku di hadapan manusia, Aku pun akan mengakuinya di hadapan Bapa-Ku yang di surga.",
Matius,10,33,Matius 10:33,وَلَكِنْ مَنْ يُنْكِرُنِي قُدَّامَ ٱلنَّاسِ أُنْكِرُهُ أَنَا أَيْضًا قُدَّامَ أَبِي ٱلَّذِي فِي ٱلسَّمَاوَاتِ.,"Akan tetapi, siapa yang menyangkal Aku di hadapan manusia, Aku juga akan menyangkalnya di hadapan Bapa-Ku yang ada di surga.”","Tetapi, siapa menyangkal Aku di hadapan manusia, Aku pun akan menyangkalnya di hadapan Bapa-Ku yang di surga.”",
Matius,10,34,Matius 10:34,«لَا تَظُنُّوا أَنِّي جِئْتُ لِأُلْقِيَ سَلَامًا عَلَى ٱلْأَرْضِ. مَا جِئْتُ لِأُلْقِيَ سَلَامًا بَلْ سَيْفًا.,"“Jangan berpikir bahwa Aku datang untuk membawa perdamaian di bumi. Aku datang bukan untuk membawa perdamaian, melainkan pedang.","“Jangan menyangka bahwa Aku datang ke bumi untuk membawa damai. Aku datang bukan membawa damai, melainkan pedang.",
Matius,10,35,Matius 10:35,فَإِنِّي جِئْتُ لِأُفَرِّقَ ٱلْإِنْسَانَ ضِدَّ أَبِيهِ، وَٱلِٱبْنَةَ ضِدَّ أُمِّهَا، وَٱلْكَنَّةَ ضِدَّ حَمَاتِهَا.,"Sebab, Aku datang untuk memisahkan laki-laki dari ayahnya, anak perempuan dari ibunya, menantu perempuan dari ibu mertuanya,","Karena kedatangan-Ku ini akan memisahkan anak laki-laki dari ayahnya, anak perempuan dari ibunya, dan menantu perempuan dari mertuanya.",
Matius,10,36,Matius 10:36,وَأَعْدَاءُ ٱلْإِنْسَانِ أَهْلُ بَيْتِهِ.,dan musuh seseorang adalah dari anggota keluarganya.,Anggota keluarga sendiri akan menjadi musuhnya.,
Matius,10,37,Matius 10:37,مَنْ أَحَبَّ أَبًا أَوْ أُمًّا أَكْثَرَ مِنِّي فَلَا يَسْتَحِقُّنِي، وَمَنْ أَحَبَّ ٱبْنًا أَوِ ٱبْنَةً أَكْثَرَ مِنِّي فَلَا يَسْتَحِقُّنِي،,"Siapa yang lebih mengasihi ayah atau ibunya daripada Aku, tidak layak bagi-Ku. Dan, siapa yang lebih mengasihi anak laki-laki atau anaknya perempuan daripada Aku, tidak layak bagi-Ku.","Siapa lebih mengasihi ayahnya atau ibunya daripada Aku, ia tidak layak bagi-Ku. Demikian pula orang yang lebih mengasihi anaknya laki-laki atau anaknya perempuan daripada Aku, ia tidak layak bagi-Ku.",
Matius,10,38,Matius 10:38,وَمَنْ لَا يَأْخُذُ صَلِيبَهُ وَيَتْبَعُنِي فَلَا يَسْتَحِقُّنِي.,"Dan, siapa yang tidak memikul salibnya dan mengikuti Aku, tidak layak bagi-Ku.","Siapa tidak memikul salibnya serta mengikut Aku, ia tidak layak bagi-Ku.",
Matius,10,39,Matius 10:39,مَنْ وَجَدَ حَيَاتَهُ يُضِيعُهَا، وَمَنْ أَضَاعَ حَيَاتَهُ مِنْ أَجْلِي يَجِدُهَا.,"Siapa yang mempertahankan nyawanya akan kehilangan nyawanya, dan siapa yang kehilangan nyawanya demi Aku akan mendapatkannya.”","Siapa berusaha mempertahankan nyawanya, ia akan kehilangan nyawanya, dan siapa kehilangan nyawanya karena Aku, ia akan mendapatkannya.",
Matius,10,40,Matius 10:40,مَنْ يَقْبَلُكُمْ يَقْبَلُنِي، وَمَنْ يَقْبَلُنِي يَقْبَلُ ٱلَّذِي أَرْسَلَنِي.,"“Siapa yang menerima kamu, menerima Aku. Dan, siapa yang menerima Aku, menerima Dia yang mengutus Aku.","Siapa menyambut kamu, ia menyambut Aku, dan siapa menyambut Aku, ia menyambut Dia yang mengutus Aku.",
Matius,10,41,Matius 10:41,مَنْ يَقْبَلُ نَبِيًّا بِٱسْمِ نَبِيٍّ فَأَجْرَ نَبِيٍّ يَأْخُذُ، وَمَنْ يَقْبَلُ بَارًّا بِٱسْمِ بَارٍّ فَأَجْرَ بَارٍّ يَأْخُذُ،,"Siapa yang menerima nabi dalam nama nabi akan menerima upah nabi. Dan, siapa yang menerima orang benar dalam nama orang benar akan menerima upah orang benar.","Siapa menyambut seorang nabi karena kenabiannya, ia akan mendapat pahala nabi, dan siapa menyambut seorang yang saleh karena kesalehannya, ia akan mendapat pahala orang saleh.",
Matius,10,42,Matius 10:42,وَمَنْ سَقَى أَحَدَ هَؤُلَاءِ ٱلصِّغَارِ كَأْسَ مَاءٍ بَارِدٍ فَقَطْ بِٱسْمِ تِلْمِيذٍ، فَٱلْحَقَّ أَقُولُ لَكُمْ: إِنَّهُ لَا يُضِيعُ أَجْرَهُ».,"Dan, siapa yang memberi minum kepada salah satu dari orang-orang yang kecil ini meskipun hanya secangkir air dingin dalam nama seorang murid, Aku mengatakan yang sebenarnya kepadamu, ia tidak akan kehilangan upahnya.”","Siapa memberi minum—meskipun hanya secangkir air sejuk—kepada salah seorang yang kecil ini karena ia pengikut-Ku, sesungguhnya Aku berkata kepadamu, sekali-kali ia tidak akan kehilangan pahalanya.”",
Matius,11,1,Matius 11:1,وَلَمَّا أَكْمَلَ يَسُوعُ أَمْرَهُ لِتَلَامِيذِهِ ٱلِٱثْنَيْ عَشَرَ، ٱنْصَرَفَ مِنْ هُنَاكَ لِيُعَلِّمَ وَيَكْرِزَ فِي مُدُنِهِمْ.,"Ketika Yesus selesai memberikan perintah kepada kedua belas murid-Nya, Ia pergi dari sana untuk mengajar dan berkhotbah di kota-kota mereka.","Setelah Isa selesai menyampaikan pesan-Nya kepada kedua belas pengikut-Nya itu, Ia pergi dari situ untuk mengajar dan mengabarkan Injil di kota-kota lainnya. Isa dan Nabi Yahya 2 Di dalam penjara, Yahya mendengar segala sesuatu yang dilakukan oleh Al-Masih. Lalu, ia mengutus para pengikutnya 3 untuk bertanya kepada Isa, “Engkaukah yang akan datang itu, atau kami masih harus menunggu yang lain?” 4 Sabda Isa kepada mereka, “Pergi dan beritahukanlah kepada Yahya segala sesuatu yang telah kamu dengar dan kamu lihat: 5 Orang buta dapat melihat, orang lumpuh dapat berjalan, orang kusta menjadi tahir karena sembuh, orang tuli dapat mendengar, orang mati dihidupkan kembali, dan Injil diberitakan kepada orang-orang miskin. 6 Berbahagialah orang yang tidak meragukan Aku.” 7 Setelah para utusan Yahya itu pergi, mulailah Isa berbicara tentang Yahya kepada orang banyak itu, sabda-Nya, “Untuk melihat apa kamu pergi ke padang belantara? Untuk melihat serumpun bambu yang bergoyang-goyang karena ditiup angin? 8 Lalu, untuk melihat apa maksud kepergianmu itu? Untuk melihat orang yang berpakaian indahkah? Orang yang berpakaian demikian itu di istana-istana raja tempatnya. 9 Jadi, untuk apa kamu pergi ke sana? Untuk melihat seorang nabikah? Benar, dan Aku berkata kepadamu, ia bahkan lebih daripada sekadar seorang nabi. 10 Mengenai dia tertulis dalam Kitab Suci, ‘Lihat, Aku menyuruh utusan-Ku mendahului Engkau, dialah yang akan mempersiapkan jalan bagi-Mu.’ 11 Sesungguhnya, Aku berkata kepadamu, di antara mereka yang dilahirkan perempuan, belum pernah tampil seorang pun yang lebih besar daripada Yahya. Meskipun demikian, orang yang terkecil dalam Kerajaan Surga lebih besar daripadanya. 12 Sejak kedatangan Yahya hingga sekarang ini, Kerajaan Surga menjadi sasaran tindak kekerasan, dan orang-orang yang bertindak demikian itu berusaha menguasainya. 13 Karena para nabi dan Kitab Suci Taurat bernubuat sampai datangnya Yahya, 14 dan jika kamu mau menerimanya, dialah Ilyas, nabi yang akan datang itu. 15 Siapa bertelinga, dengarlah! 16 Dengan apakah generasi ini akan Kusamakan? Mereka ini seperti anak-anak yang duduk-duduk di pasar dan berseru kepada kawan-kawan mereka, 17 ‘Kami meniup seruling untukmu, tetapi kamu tidak menari; kami melantunkan nyanyian ratapan, tetapi kamu tidak berduka.’ 18 Karena Yahya datang, ia tidak makan dan minum, lalu kata mereka, ‘Ia kerasukan setan.’ 19 Datang pula Anak Manusia, Ia makan dan minum, lalu kata mereka, ‘Lihatlah si rakus, peminum anggur, sahabat para pemungut cukai serta para pendosa.’ Namun, hikmah terbukti benar melalui perbuatan-perbuatannya.” Isa Mengecam Beberapa Kota 20 Kemudian, mulailah Isa mencela kota-kota yang tidak bertobat, padahal di tempat-tempat itu Ia banyak melakukan mukjizat, 21 “Celakalah engkau, hai Khorazim! Celakalah engkau, hai Baitsaida! Karena seandainya mukjizat yang terjadi di antaramu terjadi juga di Tirus dan Sidon, maka sudah sejak lama penduduk kota itu bertobat serta berkabung dengan memakai kain karung dan duduk dalam debu. 22 Sebab itu, Aku berkata kepadamu, pada hari kiamat, azab untuk Kota Tirus dan Sidon akan lebih ringan daripada azab yang akan kamu terima. 23 Demikian pula engkau, hai Kapernaum! Akankah engkau ditinggikan sampai ke langit? Tidak, engkau bahkan akan diturunkan sampai ke alam maut. Karena apabila mukjizat yang terjadi di antaramu terjadi pula di Sodom, tentu kota itu akan tetap ada sampai hari ini. 24 Sebab itu, Aku berkata kepadamu, pada hari kiamat, azab untuk Kota Sodom akan lebih ringan daripada azab yang akan kamu terima.” Ajakan Penyelamat 25 Pada waktu itu Isa memanjatkan syukur, “Ya Bapa, ya Penguasa langit dan bumi, Aku memuji Engkau sebab Engkau menyembunyikan semua ini dari orang-orang yang berakal dan bijaksana, tetapi menyatakannya kepada orang-orang kecil. 26 Memang itulah yang berkenan kepada-Mu, Ya Bapa. 27 Segala sesuatu telah diserahkan kepada-Ku oleh Bapa-Ku. Tidak seorang pun yang mengenal siapa Sang Anak, kecuali Sang Bapa, dan tidak ada seorang pun yang mengenal siapa Sang Bapa, kecuali Sang Anak dan orang-orang yang kepadanya Sang Anak berkenan menyatakannya. 28 Marilah kepada-Ku, hai kamu semua yang lelah dan menanggung beban berat, Aku akan memberikan kelegaan bagimu. 29 Terimalah kuk dari-Ku dan belajarlah pada-Ku karena Aku lemah lembut serta rendah hati, dan jiwamu pun akan mendapat kelegaan. 30 Karena kuk dari-Ku menyenangkan dan beban-Ku pun ringan.” << Matius 11 >>",
Matius,11,2,Matius 11:2,أَمَّا يُوحَنَّا فَلَمَّا سَمِعَ فِي ٱلسِّجْنِ بِأَعْمَالِ ٱلْمَسِيحِ، أَرْسَلَ ٱثْنَيْنِ مِنْ تَلَامِيذِهِ،,"Sekarang, ketika Yohanes, yang ada di penjara, mendengar pekerjaan-pekerjaan Kristus, ia mengirim pesan melalui murid-muridnya,","Di dalam penjara, Yahya mendengar segala sesuatu yang dilakukan oleh Al-Masih. Lalu, ia mengutus para pengikutnya",
Matius,11,3,Matius 11:3,وَقَالَ لَهُ: «أَنْتَ هُوَ ٱلْآتِي أَمْ نَنْتَظِرُ آخَرَ؟».,"dan bertanya kepada-Nya, “Apakah Engkau yang akan datang itu, atau haruskah kami menunggu yang lainnya?”","untuk bertanya kepada Isa, “Engkaukah yang akan datang itu, atau kami masih harus menunggu yang lain?”",
Matius,11,4,Matius 11:4,فَأَجَابَ يَسُوعُ وَقَالَ لَهُمَا: «ٱذْهَبَا وَأَخْبِرَا يُوحَنَّا بِمَا تَسْمَعَانِ وَتَنْظُرَانِ:,"Yesus menjawab dan berkata kepada mereka, “Pergi dan beritahukan kepada Yohanes apa yang kamu dengar dan lihat,","Sabda Isa kepada mereka, “Pergi dan beritahukanlah kepada Yahya segala sesuatu yang telah kamu dengar dan kamu lihat:",
Matius,11,5,Matius 11:5,اَلْعُمْيُ يُبْصِرُونَ، وَٱلْعُرْجُ يَمْشُونَ، وَٱلْبُرْصُ يُطَهَّرُونَ، وَٱلصُّمُّ يَسْمَعُونَ، وَٱلْمَوْتَى يَقُومُونَ، وَٱلْمَسَاكِينُ يُبَشَّرُونَ.,"yang buta melihat, yang lumpuh berjalan, yang sakit kusta ditahirkan , yang tuli mendengar, yang mati dibangkitkan, dan kepada yang miskin diberitakan Injil.","Orang buta dapat melihat, orang lumpuh dapat berjalan, orang kusta menjadi tahir karena sembuh, orang tuli dapat mendengar, orang mati dihidupkan kembali, dan Injil diberitakan kepada orang-orang miskin.",
Matius,11,6,Matius 11:6,وَطُوبَى لِمَنْ لَا يَعْثُرُ فِيَّ».,"Dan, diberkatilah orang yang tidak tersandung oleh-Ku .”",Berbahagialah orang yang tidak meragukan Aku.”,
Matius,11,7,Matius 11:7,وَبَيْنَمَا ذَهَبَ هَذَانِ ٱبْتَدَأَ يَسُوعُ يَقُولُ لِلْجُمُوعِ عَنْ يُوحَنَّا: «مَاذَا خَرَجْتُمْ إِلَى ٱلْبَرِّيَّةِ لِتَنْظُرُوا؟ أَقَصَبَةً تُحَرِّكُهَا ٱلرِّيحُ؟,"Dan, setelah mereka pergi, Yesus mulai berbicara kepada orang banyak tentang Yohanes, “Apa yang ingin kamu lihat di padang belantara ? Sebatang buluh yang digoyang angin?","Setelah para utusan Yahya itu pergi, mulailah Isa berbicara tentang Yahya kepada orang banyak itu, sabda-Nya, “Untuk melihat apa kamu pergi ke padang belantara? Untuk melihat serumpun bambu yang bergoyang-goyang karena ditiup angin?",
Matius,11,8,Matius 11:8,لَكِنْ مَاذَا خَرَجْتُمْ لِتَنْظُرُوا؟ أَإِنْسَانًا لَابِسًا ثِيَابًا نَاعِمَةً؟ هُوَذَا ٱلَّذِينَ يَلْبَسُونَ ٱلثِّيَابَ ٱلنَّاعِمَةَ هُمْ فِي بُيُوتِ ٱلْمُلُوكِ.,Kamu pergi untuk melihat apa? Seorang yang berpakaian halus? Mereka yang berpakaian halus itu ada di istana-istana raja.,"Lalu, untuk melihat apa maksud kepergianmu itu? Untuk melihat orang yang berpakaian indahkah? Orang yang berpakaian demikian itu di istana-istana raja tempatnya.",
Matius,11,9,Matius 11:9,لَكِنْ مَاذَا خَرَجْتُمْ لِتَنْظُرُوا؟ أَنَبِيًّا؟ نَعَمْ، أَقُولُ لَكُمْ، وَأَفْضَلَ مِنْ نَبِيٍّ.,"Untuk melihat apakah kamu pergi? Seorang nabi? Ya, Aku mengatakan kepadamu, ia bahkan lebih besar daripada seorang nabi.","Jadi, untuk apa kamu pergi ke sana? Untuk melihat seorang nabikah? Benar, dan Aku berkata kepadamu, ia bahkan lebih daripada sekadar seorang nabi.",
Matius,11,10,Matius 11:10,فَإِنَّ هَذَا هُوَ ٱلَّذِي كُتِبَ عَنْهُ: هَا أَنَا أُرْسِلُ أَمَامَ وَجْهِكَ مَلَاكِي ٱلَّذِي يُهَيِّئُ طَرِيقَكَ قُدَّامَكَ.,"Sebab, dialah orang yang tentangnya telah tertulis: ‘Lihat! Aku mengirim utusan-Ku mendahului-Mu. Ia yang akan mempersiapkan jalan bagi-Mu di hadapan-Mu.’ Maleakhi 3:1","Mengenai dia tertulis dalam Kitab Suci, ‘Lihat, Aku menyuruh utusan-Ku mendahului Engkau, dialah yang akan mempersiapkan jalan bagi-Mu.’",
Matius,11,11,Matius 11:11,اَلْحَقَّ أَقُولُ لَكُمْ: لَمْ يَقُمْ بَيْنَ ٱلْمَوْلُودِينَ مِنَ ٱلنِّسَاءِ أَعْظَمُ مِنْ يُوحَنَّا ٱلْمَعْمَدَانِ، وَلَكِنَّ ٱلْأَصْغَرَ فِي مَلَكُوتِ ٱلسَّمَاوَاتِ أَعْظَمُ مِنْهُ.,"Aku mengatakan yang sebenarnya kepadamu, di antara mereka yang dilahirkan oleh perempuan, tidak pernah tampil orang yang lebih besar daripada Yohanes Pembaptis. Akan tetapi, yang paling kecil dalam Kerajaan Surga, lebih besar daripada dia.","Sesungguhnya, Aku berkata kepadamu, di antara mereka yang dilahirkan perempuan, belum pernah tampil seorang pun yang lebih besar daripada Yahya. Meskipun demikian, orang yang terkecil dalam Kerajaan Surga lebih besar daripadanya.",
Matius,11,12,Matius 11:12,وَمِنْ أَيَّامِ يُوحَنَّا ٱلْمَعْمَدَانِ إِلَى ٱلْآنَ مَلَكُوتُ ٱلسَّمَاوَاتِ يُغْصَبُ، وَٱلْغَاصِبُونَ يَخْتَطِفُونَهُ.,"Sejak zaman Yohanes Pembaptis hingga sekarang, Kerajaan Surga menderita kekerasan, dan orang-orang yang kejam itu melakukannya dengan paksa.","Sejak kedatangan Yahya hingga sekarang ini, Kerajaan Surga menjadi sasaran tindak kekerasan, dan orang-orang yang bertindak demikian itu berusaha menguasainya.",
Matius,11,13,Matius 11:13,لِأَنَّ جَمِيعَ ٱلْأَنْبِيَاءِ وَٱلنَّامُوسَ إِلَى يُوحَنَّا تَنَبَّأُوا.,"Sebab, semua nabi dan Hukum Taurat bernubuat sampai zaman Yohanes.","Karena para nabi dan Kitab Suci Taurat bernubuat sampai datangnya Yahya,",
Matius,11,14,Matius 11:14,وَإِنْ أَرَدْتُمْ أَنْ تَقْبَلُوا، فَهَذَا هُوَ إِيلِيَّا ٱلْمُزْمِعُ أَنْ يَأْتِيَ.,"Dan, jika kamu mau menerimanya, dialah Elia yang akan datang itu.","dan jika kamu mau menerimanya, dialah Ilyas, nabi yang akan datang itu.",
Matius,11,15,Matius 11:15,مَنْ لَهُ أُذُنَانِ لِلسَّمْعِ فَلْيَسْمَعْ.,"Siapa yang mempunyai telinga untuk mendengar, hendaklah ia mendengarkan!","Siapa bertelinga, dengarlah!",
Matius,11,16,Matius 11:16,«وَبِمَنْ أُشَبِّهُ هَذَا ٱلْجِيلَ؟ يُشْبِهُ أَوْلَادًا جَالِسِينَ فِي ٱلْأَسْوَاقِ يُنَادُونَ إِلَى أَصْحَابِهِمْ,"Namun, dengan apakah akan Kubandingkan generasi ini? Mereka itu seperti anak-anak kecil yang duduk di tempat-tempat umum, yang memanggil teman-temannya,","Dengan apakah generasi ini akan Kusamakan? Mereka ini seperti anak-anak yang duduk-duduk di pasar dan berseru kepada kawan-kawan mereka,",
Matius,11,17,Matius 11:17,وَيَقُولُونَ: زَمَّرْنَا لَكُمْ فَلَمْ تَرْقُصُوا! نُحْنَا لَكُمْ فَلَمْ تَلْطِمُوا!,"dan berkata, ‘Kami meniupkan seruling untukmu, tetapi kamu tidak menari. Kami menyanyikan lagu dukacita, tetapi kamu tidak berduka.’","‘Kami meniup seruling untukmu, tetapi kamu tidak menari; kami melantunkan nyanyian ratapan, tetapi kamu tidak berduka.’",
Matius,11,18,Matius 11:18,لِأَنَّهُ جَاءَ يُوحَنَّا لَا يَأْكُلُ وَلَا يَشْرَبُ، فَيَقُولُونَ: فِيهِ شَيْطَانٌ.,"Karena Yohanes datang tanpa makan, juga tanpa minum, dan mereka berkata, ‘Ia kerasukan roh jahat.’","Karena Yahya datang, ia tidak makan dan minum, lalu kata mereka, ‘Ia kerasukan setan.’",
Matius,11,19,Matius 11:19,جَاءَ ٱبْنُ ٱلْإِنْسَانِ يَأْكُلُ وَيَشْرَبُ، فَيَقُولُونَ: هُوَذَا إِنْسَانٌ أَكُولٌ وَشِرِّيبُ خَمْرٍ، مُحِبٌّ لِلْعَشَّارِينَ وَٱلْخُطَاةِ. وَٱلْحِكْمَةُ تَبَرَّرَتْ مِنْ بَنِيهَا».,"Akan tetapi, ketika Anak Manusia datang lalu makan dan minum, dan mereka berkata, ‘Lihat, seorang yang rakus dan pemabuk, teman para pengumpul pajak dan orang-orang berdosa.’ Akan tetapi, hikmat dibenarkan oleh perbuatannya.”","Datang pula Anak Manusia, Ia makan dan minum, lalu kata mereka, ‘Lihatlah si rakus, peminum anggur, sahabat para pemungut cukai serta para pendosa.’ Namun, hikmah terbukti benar melalui perbuatan-perbuatannya.”",
Matius,11,20,Matius 11:20,حِينَئِذٍ ٱبْتَدَأَ يُوَبِّخُ ٱلْمُدُنَ ٱلَّتِي صُنِعَتْ فِيهَا أَكْثَرُ قُوَّاتِهِ لِأَنَّهَا لَمْ تَتُبْ:,"Kemudian, Yesus mulai mencela kota-kota tempat Dia melakukan paling banyak mukjizat karena mereka tidak bertobat.","Kemudian, mulailah Isa mencela kota-kota yang tidak bertobat, padahal di tempat-tempat itu Ia banyak melakukan mukjizat,",
Matius,11,21,Matius 11:21,«وَيْلٌ لَكِ يا كُورَزِينُ! وَيْلٌ لَكِ يا بَيْتَ صَيْدَا! لِأَنَّهُ لَوْ صُنِعَتْ فِي صُورَ وَصَيْدَاءَ ٱلْقُوَّاتُ ٱلْمَصْنُوعَةُ فِيكُمَا، لَتَابَتَا قَدِيمًا فِي ٱلْمُسُوحِ وَٱلرَّمَادِ.,"“Celakalah kamu, Khorazim! Celakalah kamu, Betsaida! Sebab, jika mukjizat-mukjizat yang telah terjadi di antara kamu juga terjadi di Tirus dan Sidon, mereka sudah lama bertobat dengan berpakaian kabung dan abu.","“Celakalah engkau, hai Khorazim! Celakalah engkau, hai Baitsaida! Karena seandainya mukjizat yang terjadi di antaramu terjadi juga di Tirus dan Sidon, maka sudah sejak lama penduduk kota itu bertobat serta berkabung dengan memakai kain karung dan duduk dalam debu.",
Matius,11,22,Matius 11:22,وَلَكِنْ أَقُولُ لَكُمْ: إِنَّ صُورَ وَصَيْدَاءَ تَكُونُ لَهُمَا حَالَةٌ أَكْثَرُ ٱحْتِمَالًا يَوْمَ ٱلدِّينِ مِمَّا لَكُمَا.,"Akan tetapi, Aku mengatakan kepadamu bahwa pada hari penghakiman, Tirus dan Sidon akan lebih bisa menanggungnya daripada kamu.","Sebab itu, Aku berkata kepadamu, pada hari kiamat, azab untuk Kota Tirus dan Sidon akan lebih ringan daripada azab yang akan kamu terima.",
Matius,11,23,Matius 11:23,وَأَنْتِ ياكَفْرَنَاحُومَ ٱلْمُرْتَفِعَةَ إِلَى ٱلسَّمَاءِ! سَتُهْبَطِينَ إِلَى ٱلْهَاوِيَةِ. لِأَنَّهُ لَوْ صُنِعَتْ فِي سَدُومَ ٱلْقُوَّاتُ ٱلْمَصْنُوعَةُ فِيكِ لَبَقِيَتْ إِلَى ٱلْيَوْمِ.,"Dan, kamu, Kapernaum, akankah kamu ditinggikan sampai ke langit? Tidak, kamu akan diturunkan ke dunia orang mati, sebab jika mukjizat-mukjizat yang telah terjadi di antara kamu itu terjadi di Sodom, kota itu akan tetap ada sampai hari ini.","Demikian pula engkau, hai Kapernaum! Akankah engkau ditinggikan sampai ke langit? Tidak, engkau bahkan akan diturunkan sampai ke alam maut. Karena apabila mukjizat yang terjadi di antaramu terjadi pula di Sodom, tentu kota itu akan tetap ada sampai hari ini.",
Matius,11,24,Matius 11:24,وَلَكِنْ أَقُولُ لَكُمْ: إِنَّ أَرْضَ سَدُومَ تَكُونُ لَهَا حَالَةٌ أَكْثَرُ ٱحْتِمَالًا يَوْمَ ٱلدِّينِ مِمَّا لَكِ».,"Akan tetapi, Aku mengatakan kepadamu bahwa pada hari penghakiman, tanah Sodom akan lebih bisa menanggungnya daripada kamu.”","Sebab itu, Aku berkata kepadamu, pada hari kiamat, azab untuk Kota Sodom akan lebih ringan daripada azab yang akan kamu terima.”",
Matius,11,25,Matius 11:25,فِي ذَلِكَ ٱلْوَقْتِ أَجَابَ يَسُوعُ وَقَالَ: «أَحْمَدُكَ أَيُّهَا ٱلْآبُ رَبُّ ٱلسَّمَاءِ وَٱلْأَرْضِ، لِأَنَّكَ أَخْفَيْتَ هَذِهِ عَنِ ٱلْحُكَمَاءِ وَٱلْفُهَمَاءِ وَأَعْلَنْتَهَا لِلْأَطْفَالِ.,"Pada waktu itu Yesus berkata, “Aku memuliakan Engkau, Bapa, Tuhan atas langit dan bumi, bahwa Engkau menyembunyikan semua ini dari orang-orang yang bijaksana dan pandai, dan mengungkapkannya kepada anak-anak kecil.","Pada waktu itu Isa memanjatkan syukur, “Ya Bapa, ya Penguasa langit dan bumi, Aku memuji Engkau sebab Engkau menyembunyikan semua ini dari orang-orang yang berakal dan bijaksana, tetapi menyatakannya kepada orang-orang kecil.",
Matius,11,26,Matius 11:26,نَعَمْ أَيُّهَا ٱلْآبُ، لِأَنْ هَكَذَا صَارَتِ ٱلْمَسَرَّةُ أَمَامَكَ.,"Ya, Bapa, karena seperti itulah yang berkenan di hadapan-Mu.","Memang itulah yang berkenan kepada-Mu, Ya Bapa.",
Matius,11,27,Matius 11:27,كُلُّ شَيْءٍ قَدْ دُفِعَ إِلَيَّ مِنْ أَبِي، وَلَيْسَ أَحَدٌ يَعْرِفُ ٱلِٱبْنَ إِلَّا ٱلْآبُ، وَلَا أَحَدٌ يَعْرِفُ ٱلْآبَ إِلَّا ٱلِٱبْنُ وَمَنْ أَرَادَ ٱلِٱبْنُ أَنْ يُعْلِنَ لَهُ.,"Segala sesuatu telah diserahkan kepada-Ku oleh Bapa-Ku. Dan, tidak seorang pun mengenal Anak, selain Bapa; tidak seorang pun mengenal Bapa selain Anak dan orang yang kepadanya Sang Anak berkenan untuk mengungkapkan-Nya.","Segala sesuatu telah diserahkan kepada-Ku oleh Bapa-Ku. Tidak seorang pun yang mengenal siapa Sang Anak, kecuali Sang Bapa, dan tidak ada seorang pun yang mengenal siapa Sang Bapa, kecuali Sang Anak dan orang-orang yang kepadanya Sang Anak berkenan menyatakannya.",
Matius,11,28,Matius 11:28,تَعَالَوْا إِلَيَّ يا جَمِيعَ ٱلْمُتْعَبِينَ وَٱلثَّقِيلِي ٱلْأَحْمَالِ، وَأَنَا أُرِيحُكُمْ.,"Datanglah kepada-Ku, semua yang letih lesu dan berbeban berat, dan Aku akan memberimu kelegaan.","Marilah kepada-Ku, hai kamu semua yang lelah dan menanggung beban berat, Aku akan memberikan kelegaan bagimu.",
Matius,11,29,Matius 11:29,اِحْمِلُوا نِيرِي عَلَيْكُمْ وَتَعَلَّمُوا مِنِّي، لِأَنِّي وَدِيعٌ وَمُتَوَاضِعُ ٱلْقَلْبِ، فَتَجِدُوا رَاحَةً لِنُفُوسِكُمْ.,"Pikullah kuk yang Kupasang, dan belajarlah dari-Ku karena Aku lemah lembut dan rendah hati, dan kamu akan mendapatkan ketenangan dalam jiwamu.","Terimalah kuk dari-Ku dan belajarlah pada-Ku karena Aku lemah lembut serta rendah hati, dan jiwamu pun akan mendapat kelegaan.",
Matius,11,30,Matius 11:30,لِأَنَّ نِيرِي هَيِّنٌ وَحِمْلِي خَفِيفٌ».,"Sebab, kuk yang Kupasang itu mudah dan beban-Ku ringan.”",Karena kuk dari-Ku menyenangkan dan beban-Ku pun ringan.”,
Matius,12,1,Matius 12:1,فِي ذَلِكَ ٱلْوَقْتِ ذَهَبَ يَسُوعُ فِي ٱلسَّبْتِ بَيْنَ ٱلزُّرُوعِ، فَجَاعَ تَلَامِيذُهُ وَٱبْتَدَأُوا يَقْطِفُونَ سَنَابِلَ وَيَأْكُلُونَ.,"Pada waktu itu, Yesus berjalan melalui ladang gandum pada hari Sabat, dan murid-murid-Nya lapar, dan mereka mulai memetik bulir-bulir gandum , dan memakannya.","Pada suatu hari, yaitu hari Sabat, Isa dan para pengikut-Nya melewati ladang-ladang gandum. Karena merasa lapar, para pengikut-Nya memetik bulir-bulir gandum serta memakannya.",
Matius,12,2,Matius 12:2,فَٱلْفَرِّيسِيُّونَ لَمَّا نَظَرُوا قَالُوا لَهُ: «هُوَذَا تَلَامِيذُكَ يَفْعَلُونَ مَا لَا يَحِلُّ فَعْلُهُ فِي ٱلسَّبْتِ!».,"Akan tetapi, ketika orang-orang Farisi melihatnya, mereka berkata kepada-Nya, “Lihat, murid-murid-Mu melakukan apa yang tidak dibenarkan untuk dilakukan pada hari Sabat.”","Hal itu terlihat oleh orang-orang dari mazhab Farisi. Lalu, kata mereka kepada-Nya, “Lihat, para pengikut-Mu berbuat sesuatu yang haram dilakukan pada hari Sabat.”",
Matius,12,3,Matius 12:3,فَقَالَ لَهُمْ: «أَمَا قَرَأْتُمْ مَا فَعَلَهُ دَاوُدُ حِينَ جَاعَ هُوَ وَٱلَّذِينَ مَعَهُ؟,"Namun, Yesus berkata kepada mereka, “Belum pernahkah kamu membaca apa yang dilakukan Daud ketika ia dan para pengikutnya lapar,","Sabda Isa kepada mereka, “Belum pernahkah kamu baca apa yang dilakukan oleh Daud ketika ia dan orang-orang yang menyertainya kelaparan?",
Matius,12,4,Matius 12:4,كَيْفَ دَخَلَ بَيْتَ ٱللهِ وَأَكَلَ خُبْزَ ٱلتَّقْدِمَةِ ٱلَّذِي لَمْ يَحِلَّ أَكْلُهُ لَهُ وَلَا لِلَّذِينَ مَعَهُ، بَلْ لِلْكَهَنَةِ فَقَطْ.,"bagaimana ia masuk ke dalam Rumah Allah dan makan roti persembahan yang tidak dibenarkan baginya untuk memakannya, begitu juga oleh orang-orang yang bersamanya, kecuali hanya untuk para imam?","Ia masuk ke dalam Kemah Suci Allah, lalu memakan roti persembahan yang haram hukumnya jika dimakan, baik olehnya maupun oleh orang-orang yang menyertainya, karena hanya para imam sajalah yang diperbolehkan makan roti itu.",
Matius,12,5,Matius 12:5,أَوَ مَا قَرَأْتُمْ فِي ٱلتَّوْرَاةِ أَنَّ ٱلْكَهَنَةَ فِي ٱلسَّبْتِ فِي ٱلْهَيْكَلِ يُدَنِّسُونَ ٱلسَّبْتَ وَهُمْ أَبْرِيَاءُ؟,"Atau, belum pernahkah kamu membaca dalam Hukum Taurat, bahwa pada hari Sabat, para imam di Bait Allah melanggar Sabat dan mereka tidak bersalah?","Belum pernah jugakah kamu baca dalam Kitab Suci bahwa pada hari Sabat para imam di Bait Allah senantiasa melanggar kesucian Sabat, tetapi tidak dipersalahkan?",
Matius,12,6,Matius 12:6,وَلَكِنْ أَقُولُ لَكُمْ: إِنَّ هَهُنَا أَعْظَمَ مِنَ ٱلْهَيْكَلِ!,"Akan tetapi, Aku mengatakan kepadamu bahwa yang lebih besar daripada Bait Allah ada di sini.","Aku berkata kepadamu, di sini ada yang lebih akbar daripada Bait Allah.",
Matius,12,7,Matius 12:7,فَلَوْ عَلِمْتُمْ مَا هُوَ: إِنِّي أُرِيدُ رَحْمَةً لَا ذَبِيحَةً، لَمَا حَكَمْتُمْ عَلَى ٱلْأَبْرِيَاءِ!,"Namun, jika kamu sudah mengetahui artinya ini: ‘Aku menghendaki belas kasihan dan bukan persembahan’, kamu tidak akan pernah menghukum yang tidak bersalah.","Lagi pula, jika kamu mengerti arti firman ini, ‘Aku menghendaki belas kasihan dan bukan persembahan,’ tentu kamu tidak akan menyalahkan orang-orang yang tidak bersalah.",
Matius,12,8,Matius 12:8,فَإِنَّ ٱبْنَ ٱلْإِنْسَانِ هُوَ رَبُّ ٱلسَّبْتِ أَيْضًا».,"Sebab, Anak Manusia adalah Tuhan atas hari Sabat.”",Karena Anak Manusia adalah Tuan atas hari Sabat.”,
Matius,12,9,Matius 12:9,ثُمَّ ٱنْصَرَفَ مِنْ هُنَاكَ وَجَاءَ إِلَى مَجْمَعِهِمْ،,"Setelah berangkat dari sana, Yesus tiba di sinagoge mereka.","Setelah pergi dari sana, masuklah Isa ke salah satu rumah ibadah mereka.",
Matius,12,10,Matius 12:10,وَإِذَا إِنْسَانٌ يَدُهُ يَابِسَةٌ، فَسَأَلُوهُ قَائِلِينَ: «هَلْ يَحِلُّ ٱلْإِبْرَاءُ فِي ٱلسُّبُوتِ؟» لِكَيْ يَشْتَكُوا عَلَيْهِ.,"Lihat, ada seorang laki-laki yang lumpuh sebelah tangannya. Dan, mereka bertanya kepada Yesus, kata mereka, “Apakah dibenarkan untuk menyembuhkan pada hari Sabat?” supaya mereka bisa menyalahkan Yesus.","Di situ ada seorang laki-laki yang salah satu tangannya lumpuh. Lalu, mereka bertanya kepada-Nya, “Bolehkah menyembuhkan orang pada hari Sabat?” Mereka bermaksud hendak mempersalahkan-Nya.",
Matius,12,11,Matius 12:11,فَقَالَ لَهُمْ: «أَيُّ إِنْسَانٍ مِنْكُمْ يَكُونُ لَهُ خَرُوفٌ وَاحِدٌ، فَإِنْ سَقَطَ هَذَا فِي ٱلسَّبْتِ فِي حُفْرَةٍ، أَفَمَا يُمْسِكُهُ وَيُقِيمُهُ؟,"Dan, Dia berkata kepada mereka, “Siapakah di antara kamu yang mempunyai seekor domba, dan jika domba itu jatuh ke dalam lubang pada hari Sabat, tidakkah ia akan meraihnya dan mengeluarkannya?","Bersabdalah Isa kepada mereka, “Jikalau salah seorang dari antara kamu ada yang memelihara seekor domba, lalu pada hari Sabat binatang itu jatuh ke dalam lubang, tentu ia akan berusaha untuk menangkap binatang itu dan mengangkatnya, bukan?",
Matius,12,12,Matius 12:12,فَٱلْإِنْسَانُ كَمْ هُوَ أَفْضَلُ مِنَ ٱلْخَرُوفِ! إِذًا يَحِلُّ فِعْلُ ٱلْخَيْرِ فِي ٱلسُّبُوتِ!».,"Betapa jauh lebih bernilainya manusia daripada seekor domba! Karena itu, dibenarkan berbuat baik pada hari Sabat.”","Apalagi manusia, yang lebih berharga daripada domba! Sebab itu, tidaklah haram hukumnya jika kamu berbuat kebaikan pada hari Sabat.”",
Matius,12,13,Matius 12:13,ثُمَّ قَالَ لِلْإِنْسَانِ: «مُدَّ يَدَكَ». فَمَدَّهَا. فَعَادَتْ صَحِيحَةً كَٱلْأُخْرَى.,"Kemudian, Yesus berkata kepada orang itu, “Ulurkan tanganmu.” Orang itu mengulurkan tangannya dan disembuhkan sepenuhnya seperti tangannya yang lain.","Kemudian, Ia bersabda kepada orang itu, “Ulurkanlah tanganmu!” Orang itu mengulurkan tangannya dan sembuhlah tangannya, sama seperti tangannya yang satu lagi.",
Matius,12,14,Matius 12:14,فَلَمَّا خَرَجَ ٱلْفَرِّيسِيُّونَ تَشَاوَرُوا عَلَيْهِ لِكَيْ يُهْلِكُوهُ،,"Akan tetapi, orang-orang Farisi pergi dari situ dan bersekongkol melawan Dia, bagaimana mereka bisa membinasakan-Nya.","Orang-orang dari mazhab Farisi itu keluar, lalu mereka bermufakat untuk mengadakan perlawanan terhadap Isa dan mencari cara untuk dapat membinasakan-Nya.",
Matius,12,15,Matius 12:15,فَعَلِمَ يَسُوعُ وَٱنْصَرَفَ مِنْ هُنَاكَ. وَتَبِعَتْهُ جُمُوعٌ كَثِيرَةٌ فَشَفَاهُمْ جَمِيعًا.,"Namun, Yesus, ketika mengetahui hal ini, menyingkir dari sana. Banyak yang mengikuti-Nya dan Dia menyembuhkan mereka semua,","Tetapi, karena Isa mengetahui hal itu, menyingkirlah Ia dari situ.",
Matius,12,16,Matius 12:16,وَأَوْصَاهُمْ أَنْ لَا يُظْهِرُوهُ،,dan memperingatkan mereka untuk tidak membuat diri-Nya diketahui.,(12-15b) Banyak orang mengikuti Dia dan semuanya disembuhkan oleh-Nya. (12-16) Kepada mereka Isa berpesan supaya mereka tidak memberitahukan siapa diri-Nya.,
Matius,12,17,Matius 12:17,لِكَيْ يَتِمَّ مَا قِيلَ بِإِشَعْيَاءَ ٱلنَّبِيِّ ٱلْقَائِلِ:,Hal ini terjadi untuk menggenapi apa yang disampaikan melalui Nabi Yesaya:,"Dengan demikian, genaplah firman yang disampaikan melalui Nabi Yesaya,",
Matius,12,18,Matius 12:18,«هُوَذَا فَتَايَ ٱلَّذِي ٱخْتَرْتُهُ، حَبِيبِي ٱلَّذِي سُرَّتْ بِهِ نَفْسِي. أَضَعُ رُوحِي عَلَيْهِ فَيُخْبِرُ ٱلْأُمَمَ بِٱلْحَقِّ.,"“Lihatlah, hamba-Ku yang telah Kupilih, yang Kukasihi, yang kepada-Nya jiwa-Ku berkenan. Aku akan menaruh roh-Ku ke atas-Nya, dan Ia akan menyatakan keadilan kepada bangsa-bangsa lain.","“Inilah Hamba pilihan-Ku, yaitu orang yang Kukasihi, yang berkenan di hati-Ku. Aku akan menaruh Ruh-Ku pada-Nya, dan Ia akan mengabarkan hukum kepada bangsa-bangsa.",
Matius,12,19,Matius 12:19,لَا يُخَاصِمُ وَلَا يَصِيحُ، وَلَا يَسْمَعُ أَحَدٌ فِي ٱلشَّوَارِعِ صَوْتَهُ.,"Ia tidak akan membantah, atau berteriak, dan tidak akan ada seorang pun yang mendengar suara-Nya di jalan-jalan.",Ia tidak akan bertengkar atau berteriak; bahkan suara-Nya pun tidak akan terdengar di jalan-jalan.,
Matius,12,20,Matius 12:20,قَصَبَةً مَرْضُوضَةً لَا يَقْصِفُ، وَفَتِيلَةً مُدَخِّنَةً لَا يُطْفِئُ، حَتَّى يُخْرِجَ ٱلْحَقَّ إِلَى ٱلنُّصْرَةِ.,"Buluh yang patah tidak akan Ia putuskan, dan sumbu yang hampir padam tidak akan ia matikan, sampai Ia membuat keadilan menang,","Buluh yang terkulai tidak akan dipatahkan-Nya, dan sumbu yang hampir padam pun tidak akan dipadamkan-Nya, sampai keadilan dapat Ia tegakkan.",
Matius,12,21,Matius 12:21,وَعَلَى ٱسْمِهِ يَكُونُ رَجَاءُ ٱلْأُمَمِ».,"dan dalam nama-Nya, bangsa-bangsa lain akan berharap.” Yesaya 42:1-4",Kepada nama-Nyalah bangsa-bangsa akan berharap.”,
Matius,12,22,Matius 12:22,حِينَئِذٍ أُحْضِرَ إِلَيْهِ مَجْنُونٌ أَعْمَى وَأَخْرَسُ فَشَفَاهُ، حَتَّى إِنَّ ٱلْأَعْمَى ٱلْأَخْرَسَ تَكَلَّمَ وَأَبْصَرَ.,"Kemudian seorang yang kerasukan roh jahat, yang buta dan bisu, dibawa kepada Yesus. Dan, Yesus menyembuhkannya sehingga orang yang buta dan bisu itu berbicara dan melihat.","Kemudian, dibawalah kepada Isa seorang yang bisu dan buta karena dibelenggu setan, lalu disembuhkan-Nya sehingga orang bisu itu dapat berbicara serta melihat.",
Matius,12,23,Matius 12:23,فَبُهِتَ كُلُّ ٱلْجُمُوعِ وَقَالُوا: «أَلَعَلَّ هَذَا هُوَ ٱبْنُ دَاوُدَ؟».,"Semua orang menjadi terheran-heran dan bertanya, “Mungkinkah Dia ini Anak Daud?”","Orang banyak itu tercengang, lalu berkata, “Diakah Anak Daud itu?”",
Matius,12,24,Matius 12:24,أَمَّا ٱلْفَرِّيسِيُّونَ فَلَمَّا سَمِعُوا قَالُوا: «هَذَا لَا يُخْرِجُ ٱلشَّيَاطِينَ إِلَّا بِبَعْلَزَبُولَ رَئِيسِ ٱلشَّيَاطِينِ».,"Akan tetapi, ketika orang-orang Farisi mendengarnya mereka berkata, “Orang ini tidak mungkin mengusir roh-roh jahat jika tidak dengan Beelzebul, pemimpin roh-roh jahat.”","Tetapi, ketika orang-orang dari mazhab Farisi mendengar hal itu, mereka berkata, “Orang ini mengusir setan-setan dengan kuasa Baalzebul, pemimpin para setan.”",
Matius,12,25,Matius 12:25,فَعَلِمَ يَسُوعُ أَفْكَارَهُمْ، وَقَالَ لَهُمْ: «كُلُّ مَمْلَكَةٍ مُنْقَسِمَةٍ عَلَى ذَاتِهَا تُخْرَبُ، وَكُلُّ مَدِينَةٍ أَوْ بَيْتٍ مُنْقَسِمٍ عَلَى ذَاتِهِ لَا يَثْبُتُ.,"Yesus mengetahui pikiran mereka dan berkata kepada mereka, “Setiap kerajaan yang terpecah-pecah melawan dirinya sendiri, ditinggalkan. Dan, setiap kota atau rumah yang terpecah-pecah melawan dirinya sendiri, tidak akan bertahan.","Isa mengetahui pikiran mereka. Oleh karena itu, bersabdalah Ia kepada mereka, “Setiap kerajaan yang warganya saling berselisih tentunya akan runtuh, dan setiap kota atau rumah tangga yang penduduk atau anggotanya saling berselisih tentu tidak akan berdiri kokoh.",
Matius,12,26,Matius 12:26,فَإِنْ كَانَ ٱلشَّيْطَانُ يُخْرِجُ ٱلشَّيْطَانَ فَقَدِ ٱنْقَسَمَ عَلَى ذَاتِهِ. فَكَيْفَ تَثْبُتُ مَمْلَكَتُهُ؟,"Dan, kalau Iblis mengusir Iblis, ia terpecah-pecah melawan dirinya sendiri. Jika demikian, bagaimana kerajaannya akan bertahan?","Jika setan mengusir setan, berarti mereka saling berselisih; bagaimana mungkin kerajaannya akan berdiri kokoh?",
Matius,12,27,Matius 12:27,وَإِنْ كُنْتُ أَنَا بِبَعْلَزَبُولَ أُخْرِجُ ٱلشَّيَاطِينَ، فَأَبْنَاؤُكُمْ بِمَنْ يُخْرِجُونَ؟ لِذَلِكَ هُمْ يَكُونُونَ قُضَاتَكُمْ!,"Dan, jika Aku, mengusir roh-roh jahat dengan Beelzebul, dengan siapakah anak-anakmu mengusir mereka? Karena itu, mereka akan menjadi hakimmu.","Lagi pula, jika Aku mengusir setan-setan dengan kuasa Baalzebul, dengan kuasa siapakah para pengikutmu mengusirnya? Sebab itu, merekalah yang akan menjadi hakim bagimu.",
Matius,12,28,Matius 12:28,وَلَكِنْ إِنْ كُنْتُ أَنَا بِرُوحِ ٱللهِ أُخْرِجُ ٱلشَّيَاطِينَ، فَقَدْ أَقْبَلَ عَلَيْكُمْ مَلَكُوتُ ٱللهِ!,"Akan tetapi, jika dengan Roh Allah, Aku mengusir roh-roh jahat, Kerajaan Allah sudah datang atas kamu.","Tetapi, jika Aku mengusir setan-setan dengan kuasa Ruh Allah, itu berarti bahwa Kerajaan Allah sudah datang di tengah-tengah kamu.",
Matius,12,29,Matius 12:29,أَمْ كَيْفَ يَسْتَطِيعُ أَحَدٌ أَنْ يَدْخُلَ بَيْتَ ٱلْقَوِيِّ وَيَنْهَبَ أَمْتِعَتَهُ، إِنْ لَمْ يَرْبِطِ ٱلْقَوِيَّ أَوَّلًا، وَحِينَئِذٍ يَنْهَبُ بَيْتَهُ؟,"Atau, bagaimana seseorang bisa masuk ke rumah orang yang kuat dan merampas benda-bendanya jika ia tidak mengikat orang kuat itu terlebih dahulu? Kemudian, ia baru dapat merampok rumah itu.","Bagaimana mungkin orang dapat masuk ke dalam rumah seorang yang kuat serta merampas hartanya kalau orang yang kuat itu belum diikatnya terlebih dahulu? Setelah itu, barulah hartanya dapat dirampas.",
Matius,12,30,Matius 12:30,مَنْ لَيْسَ مَعِي فَهُوَ عَلَيَّ، وَمَنْ لَا يَجْمَعُ مَعِي فَهُوَ يُفَرِّقُ.,"Siapa saja yang tidak bersama dengan Aku, melawan Aku. Dan, siapa saja yang tidak mengumpulkan bersama dengan Aku, mencerai-beraikan.","Orang yang tidak bersama-sama dengan Aku, ia melawan Aku, dan orang yang tidak mengumpulkan bersama-sama dengan Aku, ia mencerai-beraikan.",
Matius,12,31,Matius 12:31,لِذَلِكَ أَقُولُ لَكُمْ: كُلُّ خَطِيَّةٍ وَتَجْدِيفٍ يُغْفَرُ لِلنَّاسِ، وَأَمَّا ٱلتَّجْدِيفُ عَلَى ٱلرُّوحِ فَلَنْ يُغْفَرَ لِلنَّاسِ.,"Karena itu, Aku mengatakan kepadamu bahwa setiap dosa dan hujatan manusia akan diampuni, tetapi hujatan terhadap Roh tidak akan diampuni.","Sebab itu, Aku berkata kepadamu, segala dosa dan hujah manusia akan diampuni, tetapi hujah atas Ruh Allah tidak akan diampuni.",
Matius,12,32,Matius 12:32,وَمَنْ قَالَ كَلِمَةً عَلَى ٱبْنِ ٱلْإِنْسَانِ يُغْفَرُ لَهُ، وَأَمَّا مَنْ قَالَ عَلَى ٱلرُّوحِ ٱلْقُدُسِ فَلَنْ يُغْفَرَ لَهُ، لَا فِي هَذَا ٱلْعَالَمِ وَلَا فِي ٱلْآتِي.,"Dan, siapa saja yang mengatakan sesuatu yang melawan Anak Manusia akan diampuni, tetapi siapa saja yang berbicara melawan Roh Kudus tidak akan diampuni, baik pada masa ini maupun pada masa yang akan datang.”","Siapa mengucapkan perkataan yang melawan Anak Manusia, ia akan diampuni. Tetapi, siapa mengucapkan perkataan yang melawan Ruh Allah Yang Mahasuci, ia tidak akan diampuni, baik pada zaman ini maupun pada zaman yang akan datang.",
Matius,12,33,Matius 12:33,اِجْعَلُوا ٱلشَّجَرَةَ جَيِّدَةً وَثَمَرَهَا جَيِّدًا، أَوِ ٱجْعَلُوا ٱلشَّجَرَةَ رَدِيَّةً وَثَمَرَهَا رَدِيًّا، لِأَنْ مِنَ ٱلثَّمَرِ تُعْرَفُ ٱلشَّجَرَةُ.,"“Jika pohon itu baik, buahnya juga akan baik. Atau, jika pohon itu tidak baik, buahnya juga tidak akan baik. Sebab, pohon dikenal dari buahnya.","Pohon yang baik menghasilkan buah yang baik. Sebaliknya, pohon yang buruk akan menghasilkan buah yang buruk pula karena pohon dapat dikenali dari buahnya.",
Matius,12,34,Matius 12:34,يَا أَوْلَادَ ٱلْأَفَاعِي! كَيْفَ تَقْدِرُونَ أَنْ تَتَكَلَّمُوا بِٱلصَّالِحَاتِ وَأَنْتُمْ أَشْرَارٌ؟ فَإِنَّهُ مِنْ فَضْلَةِ ٱلْقَلْبِ يَتَكَلَّمُ ٱلْفَمُ.,"Hai, keturunan ular beludak, bagaimana mungkin kamu yang jahat mengucapkan hal-hal yang baik? Karena dari luapan hati, mulut berbicara.","Hai orang-orang yang bertabiat seperti ular, bagaimana mungkin kamu yang jahat dapat mengatakan hal-hal yang baik? Karena apa yang diucapkan mulut meluap dari hati.",
Matius,12,35,Matius 12:35,اَلْإِنْسَانُ ٱلصَّالِحُ مِنَ ٱلْكَنْزِ ٱلصَّالِحِ فِي ٱلْقَلْبِ يُخْرِجُ ٱلصَّالِحَاتِ، وَٱلْإِنْسَانُ ٱلشِّرِّيرُ مِنَ ٱلْكَنْزِ ٱلشِّرِّيرِ يُخْرِجُ ٱلشُّرُورَ.,"Orang baik mengeluarkan hal-hal yang baik dari kekayaannya yang baik, dan orang jahat mengeluarkan hal-hal yang jahat dari kekayaannya yang jahat.","Orang yang baik akan mengeluarkan hal-hal yang baik dari perbendaharaannya yang baik. Sebaliknya, orang yang jahat mengeluarkan hal-hal yang jahat dari perbendaharaannya yang jahat.",
Matius,12,36,Matius 12:36,وَلَكِنْ أَقُولُ لَكُمْ: إِنَّ كُلَّ كَلِمَةٍ بَطَّالَةٍ يَتَكَلَّمُ بِهَا ٱلنَّاسُ سَوْفَ يُعْطُونَ عَنْهَا حِسَابًا يَوْمَ ٱلدِّينِ.,"Namun, Aku mengatakan kepadamu bahwa setiap kata yang sia-sia, yang diucapkan orang, mereka akan mempertanggungjawabkannya pada hari penghakiman.","Lagi pula, Aku berkata kepadamu, pada hari kiamat setiap orang akan dimintai pertanggungjawaban atas setiap kata sia-sia yang pernah diucapkannya.",
Matius,12,37,Matius 12:37,لِأَنَّكَ بِكَلَامِكَ تَتَبَرَّرُ وَبِكَلَامِكَ تُدَانُ».,"Karena oleh perkataanmu, kamu akan dibenarkan, dan oleh perkataanmu, kamu akan dihukum.","Karena ucapanmu engkau akan dibenarkan, dan karena ucapanmu pula engkau akan dihukum.”",
Matius,12,38,Matius 12:38,حِينَئِذٍ أَجَابَ قَوْمٌ مِنَ ٱلْكَتَبَةِ وَٱلْفَرِّيسِيِّينَ قَائِلِينَ: «يَا مُعَلِّمُ، نُرِيدُ أَنْ نَرَى مِنْكَ آيَةً».,"Kemudian, beberapa ahli Taurat dan orang Farisi berkata kepada Yesus, “Guru, kami mau melihat tanda dari-Mu.”","Kemudian, beberapa ahli Kitab Suci Taurat dan orang-orang dari mazhab Farisi berkata, “Wahai Guru, kami ingin melihat suatu tanda dari-Mu.”",
Matius,12,39,Matius 12:39,فَأَجابَ وَقَالَ لَهُمْ: «جِيلٌ شِرِّيرٌ وَفَاسِقٌ يَطْلُبُ آيَةً، وَلَا تُعْطَى لَهُ آيَةٌ إِلَّا آيَةَ يُونَانَ ٱلنَّبِيِّ.,"Namun, Yesus menjawab dan berkata kepada mereka, “Generasi yang jahat dan berzina ini menuntut suatu tanda. Dan, tidak akan ada tanda yang diberikan kepada mereka, kecuali tanda Nabi Yunus.","Tetapi, Isa bersabda kepada mereka, “Generasi yang jahat dan tidak setia ini mencari suatu tanda ajaib, tetapi kepada mereka tidak akan diberikan tanda, selain tanda Nabi Yunus.",
Matius,12,40,Matius 12:40,لِأَنَّهُ كَمَا كَانَ يُونَانُ فِي بَطْنِ ٱلْحُوتِ ثَلَاثَةَ أَيَّامٍ وَثَلَاثَ لَيَالٍ، هَكَذَا يَكُونُ ٱبْنُ ٱلْإِنْسَانِ فِي قَلْبِ ٱلْأَرْضِ ثَلَاثَةَ أَيَّامٍ وَثَلَاثَ لَيَالٍ.,"Sebab, seperti Yunus yang berada di dalam perut ikan besar selama tiga hari dan tiga malam, demikian juga Anak Manusia akan berada selama tiga hari dan tiga malam dalam perut bumi.","Karena seperti Yunus berada di perut makhluk laut yang besar itu selama tiga hari tiga malam, begitu juga dengan Anak Manusia. Ia akan berada dalam perut bumi selama tiga hari tiga malam.",
Matius,12,41,Matius 12:41,رِجَالُ نِينَوَى سَيَقُومُونَ فِي ٱلدِّينِ مَعَ هَذَا ٱلْجِيلِ وَيَدِينُونَهُ، لِأَنَّهُمْ تَابُوا بِمُنَادَاةِ يُونَانَ، وَهُوَذَا أَعْظَمُ مِنْ يُونَانَ هَهُنَا!,"Orang-orang Niniwe akan berdiri bersama-sama dengan generasi ini pada penghakiman dan akan menghukumnya sebab mereka bertobat setelah mendengar khotbah Yunus. Dan, lihat, yang lebih besar daripada Yunus ada di sini.","Pada hari kiamat, orang-orang Niniwe akan bangkit bersama-sama dengan generasi ini dan akan menghukumnya. Karena orang-orang Niniwe itu segera bertobat setelah mendengar pemberitaan Yunus, sedangkan di sini ada yang lebih besar daripada Yunus.",
Matius,12,42,Matius 12:42,مَلِكَةُ ٱلتَّيْمَنِ سَتَقُومُ فِي ٱلدِّينِ مَعَ هَذَا ٱلْجِيلِ وَتَدِينُهُ، لِأَنَّهَا أَتَتْ مِنْ أَقَاصِي ٱلْأَرْضِ لِتَسْمَعَ حِكْمَةَ سُلَيْمَانَ، وَهُوَذَا أَعْظَمُ مِنْ سُلَيْمَانَ هَهُنَا!,"Ratu dari selatan akan bangkit bersama-sama generasi ini pada hari penghakiman dan akan menghukumnya karena ia datang dari ujung bumi untuk mendengar hikmat Salomo. Dan, lihat, yang lebih besar daripada Salomo ada di sini.","Pada hari kiamat juga, Ratu Sheba dari Selatan itu akan dibangkitkan bersama-sama dengan generasi ini dan akan menghakiminya. Karena Ratu dari ujung bumi itu dengan sengaja datang untuk mendengarkan kebijaksanaan Sulaiman, sedangkan di sini ada yang lebih besar daripada Sulaiman.”",
Matius,12,43,Matius 12:43,إِذَا خَرَجَ ٱلرُّوحُ ٱلنَّجِسُ مِنَ ٱلْإِنْسَانِ يَجْتَازُ فِي أَمَاكِنَ لَيْسَ فِيهَا مَاءٌ، يَطْلُبُ رَاحَةً وَلَا يَجِدُ.,"“Ketika roh najis keluar dari manusia, ia melewati tempat-tempat yang tidak berair untuk mencari tempat istirahat, tetapi tidak menemukannya.","“Apabila setan keluar dari diri seseorang, ia akan mengembara ke tempat-tempat yang gersang untuk mencari tempat peristirahatannya, tetapi tidak menemukannya.",
Matius,12,44,Matius 12:44,ثُمَّ يَقُولُ: أَرْجِعُ إِلَى بَيْتِي ٱلَّذِي خَرَجْتُ مِنْهُ. فَيَأْتِي وَيَجِدُهُ فَارِغًا مَكْنُوسًا مُزَيَّنًا.,"Lalu, ia berkata, ‘Aku akan kembali ke rumahku, tempat aku keluar.’ Dan, ketika tiba, ia mendapati rumah itu kosong, sudah disapu, dan teratur.","Lalu, kata setan itu, ‘Aku akan kembali ke rumahku yang kutinggalkan.’ Ketika setan itu kembali, didapatinya tempat itu kosong, bersih tersapu, dan rapi teratur.",
Matius,12,45,Matius 12:45,ثُمَّ يَذْهَبُ وَيَأْخُذُ مَعَهُ سَبْعَةَ أَرْوَاحٍ أُخَرَ أَشَرَّ مِنْهُ، فَتَدْخُلُ وَتَسْكُنُ هُنَاكَ، فَتَصِيرُ أَوَاخِرُ ذَلِكَ ٱلْإِنْسَانِ أَشَرَّ مِنْ أَوَائِلِهِ! هَكَذَا يَكُونُ أَيْضًا لِهَذَا ٱلْجِيلِ ٱلشِّرِّيرِ».,"Kemudian, ia itu pergi dan membawa bersamanya tujuh roh lain yang lebih jahat darinya, dan mereka masuk serta tinggal di sana. Akhirnya, keadaan orang itu menjadi jauh lebih buruk daripada sebelumnya. Demikian juga yang akan terjadi dengan generasi yang jahat ini.”","Lalu, pergilah setan itu dan mengajak tujuh setan lainnya yang lebih jahat daripadanya. Kemudian, mereka masuk dan tinggal di situ. Akhirnya keadaan orang itu menjadi lebih parah daripada keadaannya yang semula. Hal yang sama akan terjadi pula dengan generasi yang jahat ini.”",
Matius,12,46,Matius 12:46,وَفِيمَا هُوَ يُكَلِّمُ ٱلْجُمُوعَ إِذَا أُمُّهُ وَإِخْوَتُهُ قَدْ وَقَفُوا خَارِجًا طَالِبِينَ أَنْ يُكَلِّمُوهُ.,"Sementara Yesus masih berbicara dengan orang banyak, lihat, ibu dan saudara-saudara-Nya berdiri di luar, berusaha untuk berbicara dengan-Nya.","Pada saat Isa masih berbicara dengan orang banyak itu, ibu dan saudara-saudara-Nya datang. Mereka berdiri di luar dan bermaksud hendak berbicara dengan-Nya.",
Matius,12,47,Matius 12:47,فَقَالَ لَهُ وَاحِدٌ: «هُوَذَا أُمُّكَ وَإِخْوَتُكَ وَاقِفُونَ خَارِجًا طَالِبِينَ أَنْ يُكَلِّمُوكَ».,"Seseorang berkata kepada-Nya, “Lihat, ibu dan saudara-saudara-Mu berdiri di luar, berusaha berbicara dengan Engkau.”","Kemudian, seseorang memberitahukan kepada-Nya, “Lihatlah, ibu-Mu dan saudara-saudara-Mu ada di luar. Mereka mencari Engkau dan hendak berbicara dengan Engkau.”",
Matius,12,48,Matius 12:48,فَأَجَابَ وَقَالَ لِلْقَائِلِ لَهُ: «مَنْ هِيَ أُمِّي وَمَنْ هُمْ إِخْوَتي؟».,"Namun, Yesus menjawab orang yang memberitahu-Nya itu dan berkata, “Siapakah ibu-Ku dan siapakah saudara-saudara-Ku?”","Sabda Isa, “Siapakah ibu-Ku? Siapakah saudara-saudara-Ku?”",
Matius,12,49,Matius 12:49,ثُمَّ مَدَّ يَدَهُ نَحْوَ تَلَامِيذِهِ وَقَالَ: «هَا أُمِّي وَإِخْوَتِي.,"Dan, sambil merentangkan tangan-Nya ke arah murid-murid-Nya, Yesus berkata, “Inilah ibu-Ku dan saudara-saudara-Ku!","Lalu, sambil menunjuk kepada para pengikut-Nya, Isa bersabda, “Lihat, inilah ibu-Ku dan saudara-saudara-Ku.",
Matius,12,50,Matius 12:50,لِأَنَّ مَنْ يَصْنَعُ مَشِيئَةَ أَبِي ٱلَّذِي فِي ٱلسَّمَاوَاتِ هُوَ أَخِي وَأُخْتِي وَأُمِّي».,"Sebab, siapa saja yang melakukan kehendak Bapa-Ku yang ada di surga, dialah saudara laki-laki-Ku, saudara perempuan-Ku, dan ibu-Ku.”","Siapa melakukan kehendak Bapa-Ku di surga, dialah saudara-Ku laki-laki, saudara-Ku perempuan, dan ibu-Ku.”",
Matius,13,1,Matius 13:1,فِي ذَلِكَ ٱلْيَوْمِ خَرَجَ يَسُوعُ مِنَ ٱلْبَيْتِ وَجَلَسَ عِنْدَ ٱلْبَحْرِ،,"Pada hari itu, Yesus keluar dari rumah dan duduk di tepi danau.","Pada hari itu juga Isa keluar dari rumah itu, lalu duduk di tepi danau.",
Matius,13,2,Matius 13:2,فَٱجْتَمَعَ إِلَيْهِ جُمُوعٌ كَثِيرَةٌ، حَتَّى إِنَّهُ دَخَلَ ٱلسَّفِينَةَ وَجَلَسَ. وَٱلْجَمْعُ كُلُّهُ وَقَفَ عَلَى ٱلشَّاطِئِ.,"Dan, orang banyak terkumpul kepada-Nya. Karena itu, Dia naik ke perahu dan duduk, dan semua orang banyak itu berdiri di tepi danau.","Kemudian, sejumlah besar orang datang mengerumuni-Nya. Oleh sebab itu, naiklah Ia ke sebuah perahu. Ia duduk di situ, sedangkan orang banyak tetap berdiri di tepi danau.",
Matius,13,3,Matius 13:3,فَكَلَّمَهُمْ كَثِيرًا بِأَمْثَالٍ قَائِلًا: «هُوَذَا ٱلزَّارِعُ قَدْ خَرَجَ لِيَزْرَعَ،,"Dan, Dia mengatakan banyak hal kepada mereka dalam perumpamaan, kata-Nya, “Ada seorang penabur pergi untuk menabur,","Banyak hal yang disampaikan-Nya kepada mereka melalui ibarat. Sabda-Nya, “Dengarlah! Ada seorang penabur yang keluar untuk menabur benih.",
Matius,13,4,Matius 13:4,وَفِيمَا هُوَ يَزْرَعُ سَقَطَ بَعْضٌ عَلَى ٱلطَّرِيقِ، فَجَاءَتِ ٱلطُّيُورُ وَأَكَلَتْهُ.,"dan waktu ia menabur, beberapa benih jatuh di pinggir jalan, lalu burung-burung datang dan memakannya sampai habis.","Pada waktu benih itu ditabur, sebagian jatuh di tepi jalan. Lalu, datanglah burung-burung dan memakan benih itu sampai habis.",
Matius,13,5,Matius 13:5,وَسَقَطَ آخَرُ عَلَى ٱلْأَمَاكِنِ ٱلْمُحْجِرَةِ، حَيْثُ لَمْ تَكُنْ لَهُ تُرْبَةٌ كَثِيرَةٌ، فَنَبَتَ حَالًا إِذْ لَمْ يَكُنْ لَهُ عُمْقُ أَرْضٍ.,"Benih yang lain jatuh di tempat berbatu, yang tidak mengandung banyak tanah, dan cepat tumbuh karena tidak mempunyai kedalaman tanah.","Kemudian, sebagian lagi jatuh di tempat berbatu-batu yang tidak banyak tanahnya. Benih itu pun segera tumbuh karena tanahnya tidak dalam.",
Matius,13,6,Matius 13:6,وَلَكِنْ لَمَّا أَشْرَقَتِ ٱلشَّمْسُ ٱحْتَرَقَ، وَإِذْ لَمْ يَكُنْ لَهُ أَصْلٌ جَفَّ.,"Akan tetapi, setelah matahari terbit, tanaman itu tersengat panas. Dan, karena tidak memiliki akar, tanaman itu menjadi kering.","Tetapi, setelah matahari terbit dan panasnya semakin terik, layulah tumbuhan itu karena tidak berakar.",
Matius,13,7,Matius 13:7,وَسَقَطَ آخَرُ عَلَى ٱلشَّوْكِ، فَطَلَعَ ٱلشَّوْكُ وَخَنَقَهُ.,"Benih yang lain jatuh di antara semak duri, dan semak duri itu bertumbuh, dan mengimpitnya.","Sebagian lagi jatuh ke tengah-tengah semak duri. Semak-semak itu bertambah besar, lalu mengimpitnya.",
Matius,13,8,Matius 13:8,وَسَقَطَ آخَرُ عَلَى ٱلْأَرْضِ ٱلْجَيِّدَةِ فَأَعْطَى ثَمَرًا، بَعْضٌ مِئَةً وَآخَرُ سِتِّينَ وَآخَرُ ثَلَاثِينَ.,"Namun, benih yang lain jatuh di tanah yang baik dan menghasilkan buah, ada yang seratus kali lipat, ada yang enam puluh kali lipat, dan ada yang tiga puluh kali lipat.","Sedangkan benih-benih lainnya jatuh di tanah yang baik, lalu menghasilkan banyak buah, ada yang seratus kali lipat, ada yang enam puluh kali lipat, dan ada pula yang tiga puluh kali lipat.",
Matius,13,9,Matius 13:9,مَنْ لَهُ أُذُنَانِ لِلسَّمْعِ، فَلْيَسْمَعْ».,"Siapa yang bertelinga, biarlah ia mendengar.”","Siapa bertelinga, dengarlah!”",
Matius,13,10,Matius 13:10,فَتَقَدَّمَ ٱلتَّلَامِيذُ وَقَالُوا لَهُ: «لِمَاذَا تُكَلِّمُهُمْ بِأَمْثَالٍ؟».,"Dan, murid-murid Yesus datang dan bertanya kepada-Nya, “Mengapa Engkau berbicara kepada mereka dalam perumpamaan?”","Kemudian, para pengikut Isa datang dan bertanya kepada-Nya, “Ya Junjungan, mengapa Engkau mengajar mereka melalui ibarat?”",
Matius,13,11,Matius 13:11,فَأَجَابَ وَقَالَ لَهُمْ: «لِأَنَّهُ قَدْ أُعْطِيَ لَكُمْ أَنْ تَعْرِفُوا أَسْرَارَ مَلَكُوتِ ٱلسَّمَاوَاتِ، وَأَمَّا لِأُولَئِكَ فَلَمْ يُعْطَ.,"Yesus menjawab mereka, “Kepadamu sudah dikaruniakan untuk mengetahui rahasia Kerajaan Surga, tetapi kepada mereka tidak dikaruniakan.","Sabda Isa, “Kepadamu diberikan anugerah untuk mengetahui rahasia-rahasia Kerajaan Surga, tetapi kepada mereka tidak.",
Matius,13,12,Matius 13:12,فَإِنَّ مَنْ لَهُ سَيُعْطَى وَيُزَادُ، وَأَمَّا مَنْ لَيْسَ لَهُ فَٱلَّذِي عِنْدَهُ سَيُؤْخَذُ مِنْهُ.,"Sebab, orang yang mempunyai, kepadanya akan diberikan dan ia akan berkelimpahan. Namun, siapa yang tidak mempunyai, bahkan apa yang ia punyai akan diambil darinya.","Karena setiap orang yang mempunyai, kepadanya akan ditambahkan sehingga ia mempunyainya berlimpah-limpah. Tetapi, setiap orang yang tidak mempunyai, apa yang dipunyainya pun akan diambil darinya.",
Matius,13,13,Matius 13:13,مِنْ أَجْلِ هَذَا أُكَلِّمُهُمْ بِأَمْثَالٍ، لِأَنَّهُمْ مُبْصِرِينَ لَا يُبْصِرُونَ، وَسَامِعِينَ لَا يَسْمَعُونَ وَلَا يَفْهَمُونَ.,"Karena itulah, aku berbicara kepada mereka dalam perumpamaan karena ketika melihat, mereka tidak melihat, dan ketika mendengar, mereka tidak mendengar, juga tidak mengerti.","Itulah sebabnya, Aku mengajar mereka dengan ibarat. Karena ketika mereka memandang, mereka tidak melihat, dan ketika mereka mendengar, mereka tidak menyimak, apalagi mengerti.",
Matius,13,14,Matius 13:14,فَقَدْ تَمَّتْ فِيهِمْ نُبُوَّةُ إِشَعْيَاءَ ٱلْقَائِلَةُ: تَسْمَعُونَ سَمْعًا وَلَا تَفْهَمُونَ، وَمُبْصِرِينَ تُبْصِرُونَ وَلَا تَنْظُرُونَ.,"Mengenai mereka, digenapilah nubuat Yesaya yang berkata, ‘Dengan pendengaran, kamu akan mendengar, tetapi tidak akan pernah mengerti. Dan, dengan melihat, kamu akan melihat, tetapi tidak akan memahami.’","Dengan demikian, bagi mereka genaplah firman yang disampaikan melalui Nabi Yesaya, ‘Kamu akan mendengar dan mendengar lagi, tetapi tidak mengerti. Kamu pun akan melihat dan melihat lagi, tetapi tidak memahami.",
Matius,13,15,Matius 13:15,لِأَنَّ قَلْبَ هَذَا ٱلشَّعْبِ قَدْ غَلُظَ، وَآذَانَهُمْ قَدْ ثَقُلَ سَمَاعُهَا. وَغَمَّضُوا عُيُونَهُمْ، لِئَلَّا يُبْصِرُوا بِعُيُونِهِمْ، وَيَسْمَعُوا بِآذَانِهِمْ، وَيَفْهَمُوا بِقُلُوبِهِمْ، وَيَرْجِعُوا فَأَشْفِيَهُمْ.,"Karena hati bangsa ini telah menebal, telinga mereka malas untuk mendengar, dan mereka menutup mata mereka. Jika tidak, tentu mereka dapat melihat dengan mata mereka, mendengar dengan telinga mereka, dan dapat mengerti dengan hati mereka, lalu berbalik kepada-Ku dan disembuhkan.’ Yesaya 6:9-10","Karena hati bangsa ini sudah menjadi tegar, telinganya berat mendengar, dan matanya tertutup rapat. Kalau tidak demikian, mereka tentu melihat dengan matanya, mendengar dengan telinganya, dan mengerti dengan hatinya, lalu berbalik kepada-Ku sehingga Aku menyembuhkan mereka.’",
Matius,13,16,Matius 13:16,وَلَكِنْ طُوبَى لِعُيُونِكُمْ لِأَنَّهَا تُبْصِرُ، وَلِآذَانِكُمْ لِأَنَّهَا تَسْمَعُ.,"Akan tetapi, diberkatilah matamu karena melihat dan telingamu karena mendengar.","Tetapi, berbahagialah kamu karena matamu melihat dan telingamu mendengar.",
Matius,13,17,Matius 13:17,فَإِنِّي ٱلْحَقَّ أَقُولُ لَكُمْ: إِنَّ أَنْبِيَاءَ وَأَبْرَارًا كَثِيرِينَ ٱشْتَهَوْا أَنْ يَرَوْا مَا أَنْتُمْ تَرَوْنَ وَلَمْ يَرَوْا، وَأَنْ يَسْمَعُوا مَا أَنْتُمْ تَسْمَعُونَ وَلَمْ يَسْمَعُوا.,"Aku mengatakan yang sebenarnya kepadamu bahwa banyak nabi dan orang-orang benar yang ingin melihat apa yang kamu lihat, tetapi tidak melihatnya, dan ingin mendengar apa yang kamu dengar, tetapi tidak mendengarnya.”","Karena sesungguhnya Aku berkata kepadamu, banyak nabi dan orang-orang saleh ingin melihat apa yang kamu lihat, tetapi mereka tidak melihatnya. Mereka ingin mendengar apa yang kamu dengar, tetapi mereka tidak mendengarnya.",
Matius,13,18,Matius 13:18,«فَٱسْمَعُوا أَنْتُمْ مَثَلَ ٱلزَّارِعِ:,"“Oleh karena itu, dengarkanlah arti perumpamaan tentang penabur.","Sebab itu, dengarlah arti ibarat tentang orang yang menabur benih itu.",
Matius,13,19,Matius 13:19,كُلُّ مَنْ يَسْمَعُ كَلِمَةَ ٱلْمَلَكُوتِ وَلَا يَفْهَمُ، فَيَأْتِي ٱلشِّرِّيرُ وَيَخْطَفُ مَا قَدْ زُرِعَ فِي قَلْبِهِ. هَذَا هُوَ ٱلْمَزْرُوعُ عَلَى ٱلطَّرِيقِ.,"Ketika orang mendengar firman Kerajaan dan tidak memahaminya, si jahat datang dan merampas apa yang telah tertabur dalam hati orang itu. Inilah orang yang benihnya tertabur di pinggir jalan.","Ketika seseorang mendengar firman mengenai Kerajaan Surga, tetapi tidak memahaminya, maka si jahat datang dan merampas apa yang telah tertabur di hatinya. Ini adalah benih yang tertabur di tepi jalan.",
Matius,13,20,Matius 13:20,وَٱلْمَزْرُوعُ عَلَى ٱلْأَمَاكِنِ ٱلْمُحْجِرَةِ هُوَ ٱلَّذِي يَسْمَعُ ٱلْكَلِمَةَ، وَحَالًا يَقْبَلُهَا بِفَرَحٍ،,"Adapun yang tertabur di tempat-tempat yang berbatu, inilah orang yang mendengarkan firman dan langsung menerimanya dengan sukacita,","Kemudian, benih yang tertabur di tempat berbatu-batu menceritakan tentang orang yang menerima firman dan segera menerimanya dengan senang hati.",
Matius,13,21,Matius 13:21,وَلَكِنْ لَيْسَ لَهُ أَصْلٌ فِي ذَاتِهِ، بَلْ هُوَ إِلَى حِينٍ. فَإِذَا حَدَثَ ضِيقٌ أَوِ ٱضْطِهَادٌ مِنْ أَجْلِ ٱلْكَلِمَةِ فَحَالًا يَعْثُرُ.,"tetapi ia tidak mempunyai akar dalam dirinya dan bertahan sebentar saja. Dan, ketika penindasan atau penganiayaan terjadi karena firman itu, ia langsung terjatuh.","Meskipun begitu, firman itu tidak berakar di hatinya dan hanya bertahan sebentar. Ketika kesusahan atau aniaya yang disebabkan oleh firman itu datang menimpanya, ia pun segera murtad.",
Matius,13,22,Matius 13:22,وَٱلْمَزْرُوعُ بَيْنَ ٱلشَّوْكِ هُوَ ٱلَّذِي يَسْمَعُ ٱلْكَلِمَةَ، وَهَمُّ هَذَا ٱلْعَالَمِ وَغُرُورُ ٱلْغِنَى يَخْنُقَانِ ٱلْكَلِمَةَ فَيَصِيرُ بِلَا ثَمَرٍ.,"Benih yang jatuh di tengah semak-semak duri adalah orang yang mendengar firman itu, kemudian kekhawatiran dunia dan tipu daya kekayaan mendesak firman itu sehingga tidak berbuah.","Lalu, benih yang tertabur di antara semak duri menceritakan tentang orang yang menerima firman, tetapi kekhawatiran tentang perkara dunia dan tipu daya kekayaan mengimpit firman itu sehingga tidak berbuah.",
Matius,13,23,Matius 13:23,وَأَمَّا ٱلْمَزْرُوعُ عَلَى ٱلْأَرْضِ ٱلْجَيِّدَةِ فَهُوَ ٱلَّذِي يَسْمَعُ ٱلْكَلِمَةَ وَيَفْهَمُ. وَهُوَ ٱلَّذِي يَأْتِي بِثَمَرٍ، فَيَصْنَعُ بَعْضٌ مِئَةً وَآخَرُ سِتِّينَ وَآخَرُ ثَلَاثِينَ».,"Namun, orang yang benihnya tertabur di tanah yang baik, ialah orang yang mendengarkan firman itu dan memahaminya. Dialah yang benar-benar berbuah dan menghasilkan, ada yang 100 kali lipat, beberapa 60, dan beberapa 30.”","Sedangkan benih yang tertabur di tanah yang baik menceritakan tentang orang yang menerima firman dan memahaminya, lalu menghasilkan buah berlipat ganda, ada yang seratus kali lipat, ada yang enam puluh kali lipat, dan ada yang tiga puluh kali lipat.”",
Matius,13,24,Matius 13:24,قَدَّمَ لَهُمْ مَثَلًا آخَرَ قَائِلًا: «يُشْبِهُ مَلَكُوتُ ٱلسَّمَاوَاتِ إِنْسَانًا زَرَعَ زَرْعًا جَيِّدًا فِي حَقْلِهِ.,"Yesus menyampaikan perumpamaan yang lainnya kepada mereka, kata-Nya, “Kerajaan Surga itu dapat diumpamakan seperti orang yang menaburkan benih yang baik di ladangnya.","Ada satu ibarat lain lagi yang disampaikan Isa kepada mereka. Sabda-Nya, “Kerajaan Surga itu dapat diibaratkan dengan orang yang menabur benih yang baik di ladangnya.",
Matius,13,25,Matius 13:25,وَفِيمَا ٱلنَّاسُ نِيَامٌ جَاءَ عَدُوُّهُ وَزَرَعَ زَوَانًا فِي وَسْطِ ٱلْحِنْطَةِ وَمَضَى.,"Akan tetapi, sementara orang-orang tidur, musuhnya datang dan menaburkan benih lalang di antara benih gandum, dan pergi.","Tetapi, pada saat semua orang tidur, datanglah musuhnya untuk menaburkan benih lalang di antara benih gandum itu, kemudian pergi.",
Matius,13,26,Matius 13:26,فَلَمَّا طَلَعَ ٱلنَّبَاتُ وَصَنَعَ ثَمَرًا، حِينَئِذٍ ظَهَرَ ٱلزَّوَانُ أَيْضًا.,"Ketika tanaman bertunas dan berbulir, kemudian lalang itu terlihat juga.","Ketika benih gandum itu tumbuh dan mulai menghasilkan buah, barulah lalang itu kelihatan.",
Matius,13,27,Matius 13:27,فَجَاءَ عَبِيدُ رَبِّ ٱلْبَيْتِ وَقَالُوا لَهُ: يَا سَيِّدُ، أَلَيْسَ زَرْعًا جَيِّدًا زَرَعْتَ فِي حَقْلِكَ؟ فَمِنْ أَيْنَ لَهُ زَوَانٌ؟.,"Maka, hamba-hamba dari pemilik ladang itu datang dan bertanya kepadanya, ‘Tuan, bukankah engkau menabur benih yang baik di ladangmu? Lalu, dari manakah datangnya lalang itu?’","Lalu, hamba-hamba pemilik ladang itu datang dan bertanya kepadanya, ‘Tuan, bukankah Tuan menabur benih yang baik di ladang ini? Dari manakah lalang-lalang itu?’",
Matius,13,28,Matius 13:28,فَقَالَ لَهُمْ: إِنْسَانٌ عَدُوٌّ فَعَلَ هَذَا. فَقَالَ لَهُ ٱلْعَبِيدُ: أَتُرِيدُ أَنْ نَذْهَبَ وَنَجْمَعَهُ؟,"Ia berkata kepada mereka, ‘Seorang musuh telah melakukannya.’ Lalu, hamba-hamba itu berkata kepadanya, ‘Apakah engkau mau kami pergi dan mengumpulkannya?’","Jawab tuan itu, ‘Itu perbuatan musuh.’ Kemudian, kata hamba-hamba itu, ‘Apakah Tuan menghendaki agar kami mencabut lalang-lalang itu?’",
Matius,13,29,Matius 13:29,فَقَالَ: لَا! لِئَلَّا تَقْلَعُوا ٱلْحِنْطَةَ مَعَ ٱلزَّوَانِ وَأَنْتُمْ تَجْمَعُونَهُ.,"Akan tetapi, tuan itu berkata, ‘Jangan! Sebab, ketika kamu mengumpulkan lalang-lalang itu, jangan-jangan kamu juga mencabut gandum itu bersamanya.","Jawabnya, ‘Tidak perlu! Karena jangan-jangan gandum-gandum pun turut tercabut ketika kamu mencabut lalang-lalang itu.",
Matius,13,30,Matius 13:30,دَعُوهُمَا يَنْمِيَانِ كِلَاهُمَا مَعًا إِلَى ٱلْحَصَادِ، وَفِي وَقْتِ ٱلْحَصَادِ أَقُولُ لِلْحَصَّادِينَ: ٱجْمَعُوا أَوَّلًا ٱلزَّوَانَ وَٱحْزِمُوهُ حُزَمًا لِيُحْرَقَ، وَأَمَّا ٱلْحِنْطَةَ فَٱجْمَعُوهَا إِلَى مَخْزَنِي».,"Biarlah keduanya tumbuh bersama sampai musim panen. Dan, pada waktu panen, aku akan berkata kepada para penabur, “Pertama-tama, kumpulkanlah lalang-lalang itu dan ikatlah dalam berkas-berkas untuk dibakar. Namun, kumpulkanlah gandumnya ke dalam lumbungku.”’”","Biarkanlah keduanya tumbuh bersama sampai musim menuai. Pada waktu musim tuai, aku akan berkata kepada para penuai: Cabutlah lalang itu lebih dahulu dan ikatlah menjadi beberapa berkas untuk dibakar, setelah itu bawalah gandum-gandum itu ke lumbungku.’”",
Matius,13,31,Matius 13:31,قَدَّمَ لَهُمْ مَثَلًا آخَرَ قَائِلًا: «يُشْبِهُ مَلَكُوتُ ٱلسَّمَاوَاتِ حَبَّةَ خَرْدَلٍ أَخَذَهَا إِنْسَانٌ وَزَرَعَهَا فِي حَقْلِهِ،,"Kemudian Yesus menceritakan perumpamaan yang lain kepada mereka, kata-Nya, “Kerajaan Surga itu seperti biji sesawi yang diambil orang dan ditaburkan di ladangnya.","Isa pun menyampaikan ibarat yang lain lagi kepada mereka. Sabda-Nya, “Kerajaan Surga itu dapat diibaratkan dengan benih sesawi yang diambil seseorang untuk ditabur di ladangnya.",
Matius,13,32,Matius 13:32,وَهِيَ أَصْغَرُ جَمِيعِ ٱلْبُزُورِ. وَلَكِنْ مَتَى نَمَتْ فَهِيَ أَكْبَرُ ٱلْبُقُولِ، وَتَصِيرُ شَجَرَةً، حَتَّى إِنَّ طُيُورَ ٱلسَّمَاءِ تَأْتِي وَتَتَآوَى فِي أَغْصَانِهَا».,"Biji itu adalah yang terkecil dari semua jenis benih, tetapi ketika tumbuh, ia lebih besar dari semua jenis sayuran, bahkan menjadi pohon sehingga burung-burung di langit datang dan bersarang di cabang-cabangnya.”","Benih ini adalah benih yang terkecil di antara semua benih yang ditabur. Tetapi, apabila benih itu telah tumbuh, besarnya melebihi tumbuhan yang lain, bahkan kemudian menjadi pohon sehingga burung-burung pun berdatangan dan hinggap pada cabang-cabangnya.”",
Matius,13,33,Matius 13:33,قَالَ لَهُمْ مَثَلًا آخَرَ: «يُشْبِهُ مَلَكُوتُ ٱلسَّمَاوَاتِ خَمِيرَةً أَخَذَتْهَا ٱمْرَأَةٌ وَخَبَّأَتْهَا فِي ثَلَاثَةِ أَكْيَالِ دَقِيقٍ حَتَّى ٱخْتَمَرَ ٱلْجَمِيعُ».,"Kemudian, Yesus menceritakan sebuah perumpamaan yang lain kepada mereka, “Kerajaan Surga itu seperti ragi, yang oleh seorang perempuan diambil dan dimasukkan ke dalam adonan tepung terigu sebanyak tiga sukat sampai seluruh adonan itu tercampur ragi.”","Isa pun menyampaikan ibarat lainnya kepada mereka. Sabda-Nya, “Kerajaan Surga itu dapat diibaratkan dengan ragi yang diambil oleh seorang perempuan untuk kemudian dicampurkan dengan empat puluh liter tepung sampai semuanya menjadi khamir.”",
Matius,13,34,Matius 13:34,هَذَا كُلُّهُ كَلَّمَ بِهِ يَسُوعُ ٱلْجُمُوعَ بِأَمْثَالٍ، وَبِدُونِ مَثَلٍ لَمْ يَكُنْ يُكَلِّمُهُمْ،,"Semua hal ini Yesus katakan kepada orang banyak dalam perumpamaan-perumpamaan, dan Dia tidak berbicara kepada mereka tanpa perumpamaan.",Semua hal tentang Kerajaan Surga itu disampaikan oleh Isa kepada orang banyak melalui ibarat. Tidak satu pun yang diajarkan-Nya kepada mereka tanpa ibarat.,
Matius,13,35,Matius 13:35,لِكَيْ يَتِمَّ مَا قِيلَ بِٱلنَّبِيِّ ٱلْقَائِلِ: «سَأَفْتَحُ بِأَمْثَالٍ فَمِي، وَأَنْطِقُ بِمَكْتُومَاتٍ مُنْذُ تَأْسِيسِ ٱلْعَالَمِ».,"Dengan demikian, tergenapilah apa yang disampaikan melalui nabi, “Aku akan membuka mulutku dalam perumpamaan-perumpamaan, Aku akan mengucapkan hal-hal yang tersembunyi sejak dunia dijadikan.” Mazmur 78:2","Dengan demikian, terbuktilah kebenaran firman yang disampaikan Allah melalui nabi-Nya, “Aku akan membuka mulut-Ku menyampaikan ibarat. Aku akan mengatakan hal-hal yang tersembunyi sejak dunia diciptakan.”",
Matius,13,36,Matius 13:36,حِينَئِذٍ صَرَفَ يَسُوعُ ٱلْجُمُوعَ وَجَاءَ إِلَى ٱلْبَيْتِ. فَتَقَدَّمَ إِلَيْهِ تَلَامِيذُهُ قَائِلِينَ: «فَسِّرْ لَنَا مَثَلَ زَوَانِ ٱلْحَقْلِ».,"Kemudian, Yesus meninggalkan orang banyak itu lalu masuk ke rumah. Dan, murid-murid-Nya datang kepada-Nya dan berkata, “Jelaskanlah kepada kami perumpamaan tentang lalang-lalang di ladang.”","Setelah itu, Isa pergi meninggalkan orang banyak, lalu masuk ke sebuah rumah. Kemudian, datanglah para pengikut-Nya dan berkata kepada-Nya, “Jelaskanlah kepada kami ibarat tentang lalang yang di ladang itu.”",
Matius,13,37,Matius 13:37,فَأَجَابَ وَقَالَ لَهُمْ: «اَلزَّارِعُ ٱلزَّرْعَ ٱلْجَيِّدَ هُوَ ٱبْنُ ٱلْإِنْسَانِ.,"Dan, jawab-Nya, “Orang yang menaburkan benih yang baik adalah Anak Manusia,","Sabda Isa kepada mereka, “Orang yang menabur benih yang baik itu adalah Anak Manusia,",
Matius,13,38,Matius 13:38,وَٱلْحَقْلُ هُوَ ٱلْعَالَمُ. وَٱلزَّرْعُ ٱلْجَيِّدُ هُوَ بَنُو ٱلْمَلَكُوتِ. وَٱلزَّوَانُ هُوَ بَنُو ٱلشِّرِّيرِ.,"dan ladang itu adalah dunia ini. Benih yang baik adalah anak-anak Kerajaan, dan lalang adalah anak-anak si jahat,","dan ladang itu adalah dunia ini. Benih yang baik itu adalah anak-anak Kerajaan, dan lalang itu adalah anak-anak si jahat.",
Matius,13,39,Matius 13:39,وَٱلْعَدُوُّ ٱلَّذِي زَرَعَهُ هُوَ إِبْلِيسُ. وَٱلْحَصَادُ هُوَ ٱنْقِضَاءُ ٱلْعَالَمِ. وَٱلْحَصَّادُونَ هُمُ ٱلْمَلَائِكَةُ.,"dan musuh yang menaburnya adalah Iblis, dan musim panen adalah akhir zaman, dan para penuai itu adalah para malaikat.","Sedangkan musuh yang menabur benih lalang itu adalah Iblis. Musim menuai adalah hari kiamat, dan orang-orang yang menuai itu adalah para malaikat.",
Matius,13,40,Matius 13:40,فَكَمَا يُجْمَعُ ٱلزَّوَانُ وَيُحْرَقُ بِٱلنَّارِ، هَكَذَا يَكُونُ فِي ٱنْقِضَاءِ هَذَا ٱلْعَالَمِ:,"Jadi, sama seperti lalang yang dikumpulkan dan dibakar dalam api, demikianlah yang akan terjadi pada akhir zaman.","Jadi, ibarat lalang-lalang dikumpulkan, kemudian dibakar dengan api, demikian jugalah akan terjadi pada hari kiamat nanti.",
Matius,13,41,Matius 13:41,يُرْسِلُ ٱبْنُ ٱلْإِنْسَانِ مَلَائِكَتَهُ فَيَجْمَعُونَ مِنْ مَلَكُوتِهِ جَمِيعَ ٱلْمَعَاثِرِ وَفَاعِلِي ٱلْإِثْمِ،,"Anak Manusia akan mengutus para malaikat-Nya, dan mereka akan mengumpulkan semua batu sandungan serta orang-orang yang melakukan kejahatan dari kerajaan-Nya,","Anak Manusia akan menyuruh semua malaikat-Nya untuk mengumpulkan segala sesuatu yang menyesatkan serta semua orang durhaka, mengeluarkan mereka dari dalam Kerajaan-Nya,",
Matius,13,42,Matius 13:42,وَيَطْرَحُونَهُمْ فِي أَتُونِ ٱلنَّارِ. هُنَاكَ يَكُونُ ٱلْبُكَاءُ وَصَرِيرُ ٱلْأَسْنَانِ.,dan akan melemparkannya ke dalam tungku api. Di tempat itu akan ada tangisan dan kertak gigi.,dan melemparkan mereka ke dapur api. Di tempat itu ada ratapan dan kertak gigi.,
Matius,13,43,Matius 13:43,حِينَئِذٍ يُضِيءُ ٱلْأَبْرَارُ كَٱلشَّمْسِ فِي مَلَكُوتِ أَبِيهِمْ. مَنْ لَهُ أُذُنَانِ لِلسَّمْعِ، فَلْيَسْمَعْ.,"Kemudian, orang-orang benar akan bersinar seperti matahari dalam Kerajaan Bapa mereka. Siapa yang bertelinga, biarlah ia mendengar.”","Pada waktu itu, orang-orang saleh akan bercahaya seperti matahari di dalam Kerajaan Sang Bapa. Siapa bertelinga, dengarlah!”",
Matius,13,44,Matius 13:44,«أَيْضًا يُشْبِهُ مَلَكُوتُ ٱلسَّمَاوَاتِ كَنْزًا مُخْفًى فِي حَقْلٍ، وَجَدَهُ إِنْسَانٌ فَأَخْفَاهُ. وَمِنْ فَرَحِهِ مَضَى وَبَاعَ كُلَّ مَا كَانَ لَهُ وَٱشْتَرَى ذَلِكَ ٱلْحَقْلَ.,"“Kerajaan Surga adalah seperti harta yang terpendam di ladang, yang ditemukan orang, lalu disembunyikannya lagi. Dan, karena sukacitanya, ia pergi, menjual semua yang dipunyainya, dan membeli ladang itu.","“Kerajaan Surga itu ibarat harta karun yang terpendam di ladang. Seseorang menemukannya, lalu menyembunyikannya kembali. Karena sedemikian senangnya, pergilah ia menjual segala miliknya, lalu membeli ladang itu.",
Matius,13,45,Matius 13:45,أَيْضًا يُشْبِهُ مَلَكُوتُ ٱلسَّمَاوَاتِ إِنْسَانًا تَاجِرًا يَطْلُبُ لَآلِئَ حَسَنَةً،,"Sekali lagi, Kerajaan Surga adalah seperti seorang pedagang yang mencari mutiara yang indah.",Kerajaan Surga pun ibarat seorang saudagar yang mencari mutiara yang indah.,
Matius,13,46,Matius 13:46,فَلَمَّا وَجَدَ لُؤْلُؤَةً وَاحِدَةً كَثِيرَةَ ٱلثَّمَنِ، مَضَى وَبَاعَ كُلَّ مَا كَانَ لَهُ وَٱشْتَرَاهَا.,"Ketika ia menemukan sebuah mutiara yang bernilai tinggi, ia pergi dan menjual semua yang dipunyainya, lalu membeli mutiara itu.”","Ketika ia mendapatkan sebutir mutiara yang bernilai tinggi, maka ia pun menjual segala miliknya, lalu membeli mutiara itu.”",
Matius,13,47,Matius 13:47,أَيْضًا يُشْبِهُ مَلَكُوتُ ٱلسَّمَاوَاتِ شَبَكَةً مَطْرُوحَةً فِي ٱلْبَحْرِ، وَجَامِعَةً مِنْ كُلِّ نَوْعٍ.,"“Demikian juga, Kerajaan Surga adalah seperti jala yang ditebarkan ke dalam laut, dan mengumpulkan berbagai jenis ikan.",“Kerajaan Surga itu dapat pula diibaratkan dengan pukat yang ditebarkan di laut untuk menjaring berbagai jenis ikan.,
Matius,13,48,Matius 13:48,فَلَمَّا ٱمْتَلَأَتْ أَصْعَدُوهَا عَلَى ٱلشَّاطِئِ، وَجَلَسُوا وَجَمَعُوا ٱلْجِيَادَ إِلَى أَوْعِيَةٍ، وَأَمَّا ٱلْأَرْدِيَاءُ فَطَرَحُوهَا خَارِجًا.,"Ketika jala itu penuh, mereka menyeretnya ke pantai dan duduk, lalu mengumpulkan ikan-ikan yang baik ke dalam keranjang-keranjang besar, tetapi membuang yang tidak baik.","Setelah penuh, pukat itu ditarik ke pantai, lalu ikan-ikan yang didapat dipisah-pisahkan. Ikan-ikan yang baik disimpan dalam keranjang, sedangkan yang tidak baik dibuang.",
Matius,13,49,Matius 13:49,هَكَذَا يَكُونُ فِي ٱنْقِضَاءِ ٱلْعَالَمِ: يَخْرُجُ ٱلْمَلَائِكَةُ وَيُفْرِزُونَ ٱلْأَشْرَارَ مِنْ بَيْنِ ٱلْأَبْرَارِ،,"Jadi, itulah yang akan terjadi pada akhir zaman. Para malaikat akan keluar dan memisahkan yang jahat dari orang-orang benar,",Demikianlah yang akan terjadi pada hari kiamat. Para malaikat akan keluar untuk memisahkan orang-orang durhaka dari orang-orang saleh.,
Matius,13,50,Matius 13:50,وَيَطْرَحُونَهُمْ فِي أَتُونِ ٱلنَّارِ. هُنَاكَ يَكُونُ ٱلْبُكَاءُ وَصَرِيرُ ٱلْأَسْنَانِ».,dan melemparkan orang-orang jahat itu ke dalam tungku api. Di tempat itu akan ada ratapan dan kertak gigi.,"Kemudian, orang-orang durhaka itu akan dimasukkan ke dapur api. Di tempat itu akan ada ratapan dan kertak gigi.",
Matius,13,51,Matius 13:51,قَالَ لَهُمْ يَسُوعُ: «أَفَهِمْتُمْ هَذَا كُلَّهُ؟». فَقَالُوا: «نَعَمْ، يا سَيِّدُ».,"Sudahkah kamu mengerti akan semua ini?” Mereka berkata kepada-Nya, “Ya.”","Sudahkah kamu mengerti semua hal itu?” Jawab mereka kepada Isa, “Mengerti!”",
Matius,13,52,Matius 13:52,فَقَالَ لَهُمْ: «مِنْ أَجْلِ ذَلِكَ كُلُّ كَاتِبٍ مُتَعَلِّمٍ فِي مَلَكُوتِ ٱلسَّمَاوَاتِ يُشْبِهُ رَجُلًا رَبَّ بَيْتٍ يُخْرِجُ مِنْ كَنْزِهِ جُدُدًا وَعُتَقَاءَ».,"Dan, Yesus berkata kepada mereka, “Karena itu, setiap ahli Taurat yang telah menjadi murid Kerajaan Surga, ia seperti tuan rumah yang mengeluarkan harta yang baru dan yang lama dari kekayaannya.”","Lebih lanjut Ia bersabda kepada mereka, “Sebab itu, semua ahli Kitab Suci Taurat yang mempelajari Kerajaan Surga dapat diibaratkan dengan seorang tuan rumah yang mengeluarkan harta yang baru maupun yang lama dari perbendaharaannya.”",
Matius,13,53,Matius 13:53,وَلَمَّا أَكْمَلَ يَسُوعُ هَذِهِ ٱلْأَمْثَالَ ٱنْتَقَلَ مِنْ هُنَاكَ.,"Ketika Yesus telah menyelesaikan perumpamaan-perumpamaan itu, Dia pergi dari sana.","Setelah Isa selesai menyampaikan semua ibarat itu, pergilah Ia dari situ,",
Matius,13,54,Matius 13:54,وَلَمَّا جَاءَ إِلَى وَطَنِهِ كَانَ يُعَلِّمُهُمْ فِي مَجْمَعِهِمْ حَتَّى بُهِتُوا وَقَالُوا: «مِنْ أَيْنَ لِهَذَا هَذِهِ ٱلْحِكْمَةُ وَٱلْقُوَّاتُ؟,"Dan, ketika Dia tiba di kota asal-Nya, Dia mengajar di sinagoge-sinagoge mereka sehingga mereka takjub dan berkata, “Dari mana Orang ini mendapat kebijaksanaan dan mukjizat-mukjizat ini?","lalu kembali ke kota asal-Nya. Di sana Ia mengajar orang-orang di rumah ibadah mereka. Mereka pun merasa heran dan berkata, “Dari mana orang ini memperoleh hikmah dan kuasa untuk mengadakan mukjizat-mukjizat itu?",
Matius,13,55,Matius 13:55,أَلَيْسَ هَذَا ٱبْنَ ٱلنَّجَّارِ؟ أَلَيْسَتْ أُمُّهُ تُدْعَى مَرْيَمَ، وَإِخْوَتُهُ يَعْقُوبَ وَيُوسِي وَسِمْعَانَ وَيَهُوذَا؟,"Bukankah Dia ini anak seorang tukang kayu? Bukankah ibu-Nya disebut Maria, dan saudara-saudara-Nya adalah Yakobus, Yusuf, Simon, dan Yudas?","Bukankah Ia adalah anak seorang tukang kayu? Bukankah ibu-Nya bernama Maryam dan saudara-saudara-Nya adalah Yakub, Yusuf, Simon, dan Yuda?",
Matius,13,56,Matius 13:56,أَوَلَيْسَتْ أَخَوَاتُهُ جَمِيعُهُنَّ عِنْدَنَا؟ فَمِنْ أَيْنَ لِهَذَا هَذِهِ كُلُّهَا؟».,"Bukankah saudara-saudara-Nya yang perempuan ada di antara kita? Lalu, dari mana Orang ini mendapatkan semua hal ini?”","Bukankah semua saudara-Nya yang perempuan ada bersama kita? Jadi, dari manakah Ia memperoleh semua itu?”",
Matius,13,57,Matius 13:57,فَكَانُوا يَعْثُرُونَ بِهِ. وَأَمَّا يَسُوعُ فَقَالَ لَهُمْ: «لَيْسَ نَبِيٌّ بِلَا كَرَامَةٍ إِلَّا فِي وَطَنِهِ وَفِي بَيْتِهِ».,"Dan, mereka menolak Dia. Namun, Yesus berkata kepada mereka, “Seorang nabi tidak pernah tidak dihormati, kecuali di tempat asalnya dan di rumahnya sendiri.”","Mereka semua meragukan-Nya. Lalu, sabda Isa kepada mereka, “Seorang nabi dihormati di mana-mana, kecuali di kota asalnya dan di rumahnya.”",
Matius,13,58,Matius 13:58,وَلَمْ يَصْنَعْ هُنَاكَ قُوَّاتٍ كَثِيرَةً لِعَدَمِ إِيمَانِهِمْ.,"Dan, Dia tidak melakukan banyak mukjizat di sana karena ketidakpercayaan mereka.","Karena ketidakpercayaan mereka, Isa tidak membuat banyak mukjizat di situ.",
Matius,14,1,Matius 14:1,فِي ذَلِكَ ٱلْوَقْتِ سَمِعَ هِيرُودُسُ رَئِيسُ ٱلرُّبْعِ خَبَرَ يَسُوعَ،,"Pada waktu itu, Herodes, raja wilayah , mendengar berita-berita tentang Yesus.","Pada waktu itu kabar mengenai Isa didengar oleh Herodes, raja wilayah.",
Matius,14,2,Matius 14:2,فَقَالَ لِغِلْمَانِهِ: «هَذَا هُوَ يُوحَنَّا ٱلْمَعْمَدَانُ قَدْ قَامَ مِنَ ٱلْأَمْوَاتِ! وَلِذَلِكَ تُعْمَلُ بِهِ ٱلْقُوَّاتُ».,"Dan, ia berkata kepada hamba-hambanya, “Inilah Yohanes Pembaptis. Dia telah bangkit dari antara orang mati dan karena itulah mukjizat-mukjizat ini bekerja di dalam-Nya.”","Kemudian, ia berkata kepada para hambanya, “Orang ini tentunya Nabi Yahya yang hidup kembali dari antara orang mati. Itulah sebabnya, Ia dapat mengadakan mukjizat-mukjizat itu.”",
Matius,14,3,Matius 14:3,فَإِنَّ هِيرُودُسَ كَانَ قَدْ أَمْسَكَ يُوحَنَّا وَأَوْثَقَهُ وَطَرَحَهُ فِي سِجْنٍ مِنْ أَجْلِ هِيرُودِيَّا ٱمْرَأَةِ فِيلُبُّسَ أَخِيهِ،,"Sebab, Herodes telah menangkap Yohanes, mengikatnya, dan menjebloskannya ke penjara karena Herodias, istri Filipus, saudara Herodes.","Herodes memang pernah menyuruh orang-orangnya untuk menangkap Yahya. Yahya kemudian diikat, dimasukkan ke dalam penjara. Hal itu dilakukannya berkenaan dengan Herodiah, istri Filipus, saudaranya.",
Matius,14,4,Matius 14:4,لِأَنَّ يُوحَنَّا كَانَ يَقُولُ لَهُ: «لَا يَحِلُّ أَنْ تَكُونَ لَكَ».,"Karena Yohanes pernah berkata kepadanya, “Tidak dibenarkan bagimu untuk memiliki Herodias.”","Sebab Yahya telah menegurnya, “Haram hukumnya engkau memperistri dia.”",
Matius,14,5,Matius 14:5,وَلَمَّا أَرَادَ أَنْ يَقْتُلَهُ خَافَ مِنَ ٱلشَّعْبِ، لِأَنَّهُ كَانَ عِنْدَهُمْ مِثْلَ نَبِيٍّ.,"Dan, meskipun Herodes ingin membunuh Yohanes, ia takut kepada orang banyak karena mereka menganggap Yohanes sebagai nabi.","Herodes berkehendak membunuhnya, tetapi ia takut kepada orang banyak karena mereka menganggap Yahya sebagai seorang nabi.",
Matius,14,6,Matius 14:6,ثُمَّ لَمَّا صَارَ مَوْلِدُ هِيرُودُسَ، رَقَصَتِ ٱبْنَةُ هِيرُودِيَّا فِي ٱلْوَسْطِ فَسَرَّتْ هِيرُودُسَ.,"Akan tetapi, ketika hari ulang tahun Herodes tiba, anak perempuan Herodias menari di hadapan mereka, dan itu menyenangkan Herodes,","Tetapi kemudian, ketika diadakan perjamuan berkenaan dengan hari kelahiran Herodes, anak perempuan Herodiah menari di tengah-tengah orang-orang yang hadir, dan hal itu menyukakan hati Herodes.",
Matius,14,7,Matius 14:7,مِنْ ثَمَّ وَعَدَ بِقَسَمٍ أَنَّهُ مَهْمَا طَلَبَتْ يُعْطِيهَا.,sehingga ia bersumpah untuk memberikan apa saja yang diminta gadis itu.,"Lalu, dengan sumpah Herodes berjanji untuk memberikan apa saja yang dimintanya.",
Matius,14,8,Matius 14:8,فَهِيَ إِذْ كَانَتْ قَدْ تَلَقَّنَتْ مِنْ أُمِّهَا قَالَتْ: «أَعْطِنِي هَهُنَا عَلَى طَبَقٍ رَأْسَ يُوحَنَّا ٱلْمَعْمَدَانِ».,"Oleh karena itu, setelah didesak oleh ibunya, gadis itu berkata, “Berikanlah kepadaku di sini, kepala Yohanes Pembaptis di atas nampan.”","Akibat bujukan ibunya, anak perempuan itu berkata, “Berikanlah kepadaku kepala Nabi Yahya di sini, pada sebuah talam.”",
Matius,14,9,Matius 14:9,فَٱغْتَمَّ ٱلْمَلِكُ. وَلَكِنْ مِنْ أَجْلِ ٱلْأَقْسَامِ وَٱلْمُتَّكِئِينَ مَعَهُ أَمَرَ أَنْ يُعْطَى.,"Meskipun raja sedih, tetapi karena sumpahnya dan karena orang-orang yang makan bersamanya, ia pun memerintahkan agar hal itu diberikan.","Maka, sedihlah hati raja. Tetapi, karena sumpahnya, dan juga karena orang-orang yang sedang makan bersamanya itu, ia pun memerintahkan agar permintaan itu dipenuhi.",
Matius,14,10,Matius 14:10,فَأَرْسَلَ وَقَطَعَ رَأْسَ يُوحَنَّا فِي ٱلسِّجْنِ.,Ia menyuruh untuk memenggal kepala Yohanes di penjara.,Disuruhnya orang memenggal kepala Yahya dalam penjara.,
Matius,14,11,Matius 14:11,فَأُحْضِرَ رَأْسُهُ عَلَى طَبَقٍ وَدُفِعَ إِلَى ٱلصَّبِيَّةِ، فَجَاءَتْ بِهِ إِلَى أُمِّهَا.,"Dan, kepala Yohanes dibawa di atas nampan, diberikan kepada gadis itu dan ia membawanya kepada ibunya.","Lalu, kepala itu dibawa pada sebuah talam dan diberikan kepada anak perempuan itu. Kemudian, anak perempuan itu membawanya kepada ibunya.",
Matius,14,12,Matius 14:12,فَتَقَدَّمَ تَلَامِيذُهُ وَرَفَعُوا ٱلْجَسَدَ وَدَفَنُوهُ. ثُمَّ أَتَوْا وَأَخْبَرُوا يَسُوعَ.,"Kemudian, murid-murid Yohanes datang, mengambil tubuhnya, dan menguburkannya. Lalu, mereka pergi dan memberitahu Yesus.","Setelah itu, para pengikut Yahya datang untuk mengambil jenazahnya dan memakamkannya. Kemudian, mereka pergi untuk memberitahukan hal itu kepada Isa.",
Matius,14,13,Matius 14:13,فَلَمَّا سَمِعَ يَسُوعُ ٱنْصَرَفَ مِنْ هُنَاكَ فِي سَفِينَةٍ إِلَى مَوْضِعٍ خَلَاءٍ مُنْفَرِدًا. فَسَمِعَ ٱلْجُمُوعُ وَتَبِعُوهُ مُشَاةً مِنَ ٱلْمُدُنِ.,"Ketika Yesus mendengar hal ini, Dia menarik diri dari sana dengan perahu, ke tempat yang sunyi sendirian. Dan, ketika orang-orang mendengar ini, mereka mengikuti-Nya dengan berjalan kaki dari kota-kota.","Setelah Isa menerima kabar tentang Yahya, pergilah Ia dengan perahu ke tempat yang sunyi untuk mengasingkan diri. Tetapi, ketika orang banyak mendengar hal itu, mereka meninggalkan kota mereka masing-masing, lalu mengikuti-Nya dengan mengambil jalan darat.",
Matius,14,14,Matius 14:14,فَلَمَّا خَرَجَ يَسُوعُ أَبْصَرَ جَمْعًا كَثِيرًا فَتَحَنَّنَ عَلَيْهِمْ وَشَفَى مَرْضَاهُمْ.,"Ketika Yesus keluar, Dia melihat kerumunan besar orang, dan berbelas kasihan kepada mereka, dan menyembuhkan sakit mereka.","Setelah menepi, Isa melihat sejumlah besar orang yang sedang menanti-Nya. Ia pun merasa kasihan terhadap mereka, lalu menyembuhkan orang-orang sakit yang ada di antara mereka.",
Matius,14,15,Matius 14:15,وَلَمَّا صَارَ ٱلْمَسَاءُ تَقَدَّمَ إِلَيْهِ تَلَامِيذُهُ قَائِلِينَ: «ٱلْمَوْضِعُ خَلَاءٌ وَٱلْوَقْتُ قَدْ مَضَى. اِصْرِفِ ٱلْجُمُوعَ لِكَيْ يَمْضُوا إِلَى ٱلْقُرَى وَيَبْتَاعُوا لَهُمْ طَعَامًا».,"Ketika hari menjelang malam, para murid datang kepada Yesus dan berkata, “Tempat ini sunyi dan hari sudah mulai malam. Suruhlah orang banyak itu pergi ke desa-desa dan membeli makanan bagi mereka sendiri.”","Pada waktu magrib para pengikut Isa datang kepada-Nya dan berkata, “Tempat ini sepi dan sekarang sudah magrib. Suruhlah orang banyak ini pulang supaya mereka pergi ke desa-desa dan membeli makanan bagi diri mereka sendiri.”",
Matius,14,16,Matius 14:16,فَقَالَ لَهُمْ يَسُوعُ: «لَا حَاجَةَ لَهُمْ أَنْ يَمْضُوا. أَعْطُوهُمْ أَنْتُمْ لِيَأْكُلُوا».,"Akan tetapi, Yesus berkata kepada mereka, “Mereka tidak perlu pergi. Kamu, berilah mereka makanan.”","Sabda Isa kepada mereka, “Tidak perlu mereka pergi. Kamu harus memberi mereka makan!”",
Matius,14,17,Matius 14:17,فَقَالُوا لَهُ: «لَيْسَ عِنْدَنَا هَهُنَا إِلَّا خَمْسَةُ أَرْغِفَةٍ وَسَمَكَتَانِ».,"Mereka berkata kepada-Nya, “Di sini kita tidak mempunyai apa-apa, kecuali 5 roti dan 2 ikan.”","Jawab para pengikut-Nya, “Kami tidak mempunyai sesuatu pun di sini, kecuali lima roti dan dua ikan.”",
Matius,14,18,Matius 14:18,فَقَالَ: «ٱئْتُونِي بِهَا إِلَى هُنَا».,"Dan, Dia berkata, “Bawalah itu kemari, kepada-Ku.”","Sabda Isa, “Bawalah kemari!”",
Matius,14,19,Matius 14:19,فَأَمَرَ ٱلْجُمُوعَ أَنْ يَتَّكِئُوا عَلَى ٱلْعُشْبِ. ثُمَّ أَخَذَ ٱلْأَرْغِفَةَ ٱلْخَمْسَةَ وَٱلسَّمَكَتَيْنِ، وَرَفَعَ نَظَرَهُ نَحْوَ ٱلسَّمَاءِ وَبَارَكَ وَكَسَّرَ وَأَعْطَى ٱلْأَرْغِفَةَ لِلتَّلَامِيذِ، وَٱلتَّلَامِيذُ لِلْجُمُوعِ.,"Kemudian, Dia menyuruh orang banyak itu duduk di rumput, dan Dia mengambil 5 roti dan 2 ikan itu, lalu sambil memandang ke langit, Dia mengucap syukur dan memecah-mecahkan roti itu. Setelah itu, Dia memberikannya kepada murid-murid-Nya, dan murid-murid-Nya kepada orang banyak.","Disuruh-Nya orang banyak itu duduk di rerumputan, lalu diambil-Nya lima roti dan dua ikan itu. Setelah itu, dengan menengadah ke langit Ia mengucap syukur. Selanjutnya, roti itu dipecah-pecahkan-Nya dan diberikan kepada para pengikut-Nya yang kemudian membagi-bagikannya kepada orang banyak itu.",
Matius,14,20,Matius 14:20,فَأَكَلَ ٱلْجَمِيعُ وَشَبِعُوا. ثُمَّ رَفَعُوا مَا فَضَلَ مِنَ ٱلْكِسَرِ ٱثْنَتَيْ عَشْرَةَ قُفَّةً مَمْلُوءةً.,"Dan, mereka semua makan dan dikenyangkan. Lalu, mereka mengambil potongan-potongan yang sisa, ada dua belas keranjang penuh.","Mereka semua makan sampai kenyang. Lalu, sisa-sisa kelebihannya itu mereka kumpulkan, kira-kira dua belas keranjang penuh banyaknya.",
Matius,14,21,Matius 14:21,وَٱلْآ كِلُونَ كَانُوا نَحْوَ خَمْسَةِ آلَافِ رَجُلٍ، مَا عَدَا ٱلنِّسَاءَ وَٱلْأَوْلَادَ.,"Dan, mereka yang makan kira-kira ada 5.000 laki-laki, belum termasuk perempuan dan anak-anak.","Jumlah orang yang makan roti itu lima ribu laki-laki, tidak termasuk anak-anak dan perempuan.",
Matius,14,22,Matius 14:22,وَلِلْوَقْتِ أَلْزَمَ يَسُوعُ تَلَامِيذَهُ أَنْ يَدْخُلُوا ٱلسَّفِينَةَ وَيَسْبِقُوهُ إِلَى ٱلْعَبْرِ حَتَّى يَصْرِفَ ٱلْجُمُوعَ.,"Yesus segera mendesak murid-murid-Nya masuk ke perahu dan pergi mendahului-Nya ke seberang, sementara Dia menyuruh orang banyak itu pulang.","Sesudah itu, Isa segera menyuruh para pengikut-Nya naik ke perahu untuk menyeberang mendahului-Nya. Bersamaan dengan itu Ia pun menyuruh orang banyak itu pulang.",
Matius,14,23,Matius 14:23,وَبَعْدَمَا صَرَفَ ٱلْجُمُوعَ صَعِدَ إِلَى ٱلْجَبَلِ مُنْفَرِدًا لِيُصَلِّيَ. وَلَمَّا صَارَ ٱلْمَسَاءُ كَانَ هُنَاكَ وَحْدَهُ.,"Dan, setelah Yesus menyuruh orang banyak itu pulang, Dia naik ke atas gunung seorang diri untuk berdoa. Ketika menjelang malam, Dia sendirian di sana.","Setelah mereka disuruh-Nya pulang, naiklah Ia ke atas gunung seorang diri untuk berdoa. Saat malam hari tiba, Ia ada di sana sendirian.",
Matius,14,24,Matius 14:24,وَأَمَّا ٱلسَّفِينَةُ فَكَانَتْ قَدْ صَارَتْ فِي وَسْطِ ٱلْبَحْرِ مُعَذَّبَةً مِنَ ٱلْأَمْوَاجِ. لِأَنَّ ٱلرِّيحَ كَانَتْ مُضَادَّةً.,"Akan tetapi, perahu itu sudah jauh dari daratan, diombang-ambingkan gelombang karena berlawanan dengan angin.","Sementara itu, perahu para pengikut-Nya telah berada agak jauh dari pantai dan sedang diombang-ambingkan ombak karena angin kencang menerpa mereka dari arah yang berlawanan.",
Matius,14,25,Matius 14:25,وَفِي ٱلْهَزِيعِ ٱلرَّابِعِ مِنَ ٱللَّيْلِ مَضَى إِلَيْهِمْ يَسُوعُ مَاشِيًا عَلَى ٱلْبَحْرِ.,"Dan, pada jam keempat malam itu, Dia datang kepada mereka, berjalan di atas air.",Menjelang subuh Isa mendatangi mereka dengan berjalan di atas air danau itu.,
Matius,14,26,Matius 14:26,فَلَمَّا أَبْصَرَهُ ٱلتَّلَامِيذُ مَاشِيًا عَلَى ٱلْبَحْرِ ٱضْطَرَبُوا قَائِلِينَ: «إِنَّهُ خَيَالٌ». وَمِنَ ٱلْخَوْفِ صَرَخُوا!,"Ketika para murid melihat-Nya berjalan di atas air, mereka sangat takut dan berseru, “Itu hantu!” Lalu, mereka berteriak-teriak karena ketakutan.","Ketika para pengikut-Nya melihat Ia berjalan di atas air danau itu, mereka sangat terkejut dan berseru, “Itu hantu!” Kemudian, mereka berteriak-teriak karena mereka merasa takut.",
Matius,14,27,Matius 14:27,فَلِلْوَقْتِ كَلَّمَهُمْ يَسُوعُ قَائِلًا: «تَشَجَّعُوا! أَنَا هُوَ. لَا تَخَافُوا».,"Akan tetapi, Yesus langsung berbicara kepada mereka, kata-Nya, “Kuatkanlah hatimu! Ini Aku, jangan takut.”","Dengan segera Isa bersabda kepada mereka, “Tenanglah! Ini Aku, jangan takut!”",
Matius,14,28,Matius 14:28,فَأَجَابَهُ بُطْرُسُ وَقَالَ: «يَا سَيِّدُ، إِنْ كُنْتَ أَنْتَ هُوَ، فَمُرْنِي أَنْ آتِيَ إِلَيْكَ عَلَى ٱلْمَاءِ».,"Dan, Petrus berkata kepada-Nya, “Tuhan, jika itu Engkau, suruhlah aku datang kepada-Mu di atas air.”","Jawab Petrus kepada-Nya, “Jika benar Engkau, ya Junjungan, suruhlah aku datang kepada-Mu dengan berjalan di atas air juga.”",
Matius,14,29,Matius 14:29,فَقَالَ: «تَعَالَ». فَنَزَلَ بُطْرُسُ مِنَ ٱلسَّفِينَةِ وَمَشَى عَلَى ٱلْمَاءِ لِيَأْتِيَ إِلَى يَسُوعَ.,"Yesus berkata, “Datanglah!” Maka, Petrus keluar dari perahu, dan berjalan di atas air, dan datang kepada Yesus.","Sabda Isa, “Kemarilah!” Petrus pun turun dari perahu, lalu berjalan di atas air mendekati Isa.",
Matius,14,30,Matius 14:30,وَلَكِنْ لَمَّا رَأَى ٱلرِّيحَ شَدِيدَةً خَافَ. وَإِذِ ٱبْتَدَأَ يَغْرَقُ، صَرَخَ قَائِلًا: «يَارَبُّ، نَجِّنِي!».,"Namun, ketika melihat angin, ia ketakutan dan mulai tenggelam. Ia berteriak, “Tuhan, selamatkan aku!”","Tetapi, ketika ia merasakan tiupan angin, ia menjadi takut, lalu mulai tenggelam. Kemudian, berteriaklah ia, “Ya Junjungan, selamatkanlah aku!”",
Matius,14,31,Matius 14:31,فَفِي ٱلْحَالِ مَدَّ يَسُوعُ يَدَهُ وَأَمْسَكَ بِهِ وَقَالَ لَهُ: «يَا قَلِيلَ ٱلْإِيمَانِ، لِمَاذَا شَكَكْتَ؟».,"Yesus langsung mengulurkan tangan-Nya, memegang Petrus, dan berkata, “Kamu yang kurang iman, mengapa kamu ragu-ragu?”","Isa pun segera mengulurkan tangan dan memegangnya. Setelah itu, Ia bersabda kepadanya, “Hai engkau orang yang kurang percaya, mengapa hatimu bimbang?”",
Matius,14,32,Matius 14:32,وَلَمَّا دَخَلَا ٱلسَّفِينَةَ سَكَنَتِ ٱلرِّيحُ.,"Ketika mereka masuk ke dalam perahu, angin pun berhenti.","Setelah keduanya naik ke perahu, angin pun menjadi teduh.",
Matius,14,33,Matius 14:33,وَٱلَّذِينَ فِي ٱلسَّفِينَةِ جَاءُوا وَسَجَدُوا لَهُ قَائِلِينَ: «بِٱلْحَقِيقَةِ أَنْتَ ٱبْنُ ٱللهِ!».,"Kemudian, mereka yang ada di perahu menyembah Yesus dan berkata, “Sesungguhnya, Engkau adalah Anak Allah!”","Semua orang yang ada di perahu itu sujud di hadapan Isa. Mereka berkata, “Sesungguhnya, Junjunganlah Al-Masih, Sang Anak yang datang dari Allah.”",
Matius,14,34,Matius 14:34,فَلَمَّا عَبَرُوا جَاءُوا إِلَى أَرْضِ جَنِّيسَارَتَ،,"Setelah menyeberang, mereka sampai di tanah Genesaret.","Setibanya di seberang, Isa dan para pengikut-Nya mendarat di Genesarat.",
Matius,14,35,Matius 14:35,فَعَرَفَهُ رِجَالُ ذَلِكَ ٱلْمَكَانِ. فَأَرْسَلُوا إِلَى جَمِيعِ تِلْكَ ٱلْكُورَةِ ٱلْمُحِيطَةِ وَأَحْضَرُوا إِلَيْهِ جَمِيعَ ٱلْمَرْضَى،,"Ketika orang-orang di tempat itu mengenali-Nya, mereka memberitahukannya ke seluruh daerah itu dan membawa semua orang yang sakit kepada Yesus.","Ketika orang-orang di tempat itu mengenali Isa, mereka menyebarkan berita ke seluruh daerah sekelilingnya, lalu dibawalah kepada-Nya semua orang yang sakit.",
Matius,14,36,Matius 14:36,وَطَلَبُوا إِلَيْهِ أَنْ يَلْمِسُوا هُدْبَ ثَوْبِهِ فَقَطْ. فَجَمِيعُ ٱلَّذِينَ لَمَسُوهُ نَالُوا ٱلشِّفَاءَ.,"Mereka memohon kepada Yesus supaya boleh menyentuh ujung jubah-Nya, dan semua orang yang menyentuhnya menjadi sembuh.","Mereka meminta kepada-Nya agar mereka diperbolehkan menyentuh jumbai jubah-Nya saja, dan semua orang yang menyentuh-Nya menjadi sembuh.",
Matius,15,1,Matius 15:1,حِينَئِذٍ جَاءَ إِلَى يَسُوعَ كَتَبَةٌ وَفَرِّيسِيُّونَ ٱلَّذِينَ مِنْ أُورُشَلِيمَ قَائِلِينَ:,"Kemudian, beberapa orang Farisi dan ahli-ahli Taurat dari Yerusalem datang kepada Yesus dan berkata,","Kemudian, orang-orang dari mazhab Farisi dan para ahli Kitab Suci Taurat dari Yerusalem datang menemui Isa.",
Matius,15,2,Matius 15:2,«لِمَاذَا يَتَعَدَّى تَلَامِيذُكَ تَقْلِيدَ ٱلشُّيُوخِ، فَإِنَّهُمْ لَا يَغْسِلُونَ أَيْدِيَهُمْ حِينَمَا يَأْكُلُونَ خُبْزًا؟».,"“Mengapa murid-murid-Mu melanggar tradisi nenek moyang? Sebab, mereka tidak mencuci tangan ketika makan roti!”","Mereka berkata kepada Isa, “Mengapa para pengikut-Mu melanggar ajaran yang diwariskan para tua-tua terdahulu? Mereka tidak membasuh tangan ketika hendak makan.”",
Matius,15,3,Matius 15:3,فَأَجَابَ وَقَالَ لَهُمْ: «وَأَنْتُمْ أَيْضًا، لِمَاذَا تَتَعَدَّوْنَ وَصِيَّةَ ٱللهِ بِسَبَبِ تَقْلِيدِكُمْ؟,"Dan, Yesus menjawab serta berkata kepada mereka, “Dan, mengapa kamu juga melanggar perintah Allah demi tradisimu?","Sabda Isa kepada mereka, “Mengapa kamu juga mengabaikan perintah-perintah Allah demi ajaranmu?",
Matius,15,4,Matius 15:4,فَإِنَّ ٱللهَ أَوْصَى قَائِلًا: أَكْرِمْ أَبَاكَ وَأُمَّكَ، وَمَنْ يَشْتِمْ أَبًا أَوْ أُمًّا فَلْيَمُتْ مَوْتًا.,"Sebab, Allah berfirman, ‘Hormatilah ayah dan ibumu,’ dan, ‘Siapa yang mengutuki ayah atau ibunya, harus dihukum mati.’","Karena Allah berfirman, ‘Hormatilah ayah dan ibumu,’ dan, ‘Siapa mengucapkan hal yang buruk kepada ayah atau ibunya, ia patut dihukum mati.’",
Matius,15,5,Matius 15:5,وَأَمَّا أَنْتُمْ فَتَقُولُونَ: مَنْ قَالَ لِأَبِيهِ أَوْ أُمِّهِ: قُرْبَانٌ هُوَ ٱلَّذِي تَنْتَفِعُ بِهِ مِنِّي. فَلَا يُكْرِمُ أَبَاهُ أَوْ أُمَّهُ.,"Namun, kamu berkata, “Siapa saja yang berkata kepada ayah atau ibunya, ‘Apa pun pemberian untukmu sudah dipersembahkan kepada Allah,’”","Tetapi, kamu mengajarkan: Siapa berkata kepada ayah atau ibunya, ‘Nafkah yang seharusnya ayah atau ibu terima dariku telah kupersembahkan kepada Allah,’",
Matius,15,6,Matius 15:6,فَقَدْ أَبْطَلْتُمْ وَصِيَّةَ ٱللهِ بِسَبَبِ تَقْلِيدِكُمْ!,"ia tidak perlu menghormati ayah atau ibunya. Dengan demikian, kamu membatalkan firman Allah demi tradisimu.","orang itu tidak wajib lagi menghormati ayahnya. Dengan demikian, melalui pengajaranmu itu firman Allah kamu anggap tidak berlaku lagi.",
Matius,15,7,Matius 15:7,يَا مُرَاؤُونَ! حَسَنًا تَنَبَّأَ عَنْكُمْ إِشَعْيَاءُ قَائِلًا:,"Kamu, orang-orang munafik, memang benar nubuatan Yesaya tentang kamu:","Hai orang-orang munafik, memang pantas apa yang telah dinubuatkan Yesaya mengenai kamu,",
Matius,15,8,Matius 15:8,يَقْتَرِبُ إِلَيَّ هَذَا ٱلشَّعْبُ بِفَمِهِ، وَيُكْرِمُنِي بِشَفَتَيْهِ، وَأَمَّا قَلْبُهُ فَمُبْتَعِدٌ عَنِّي بَعِيدًا.,"‘Bangsa ini menghormati Aku dengan mulut mereka, tetapi hati mereka jauh dari-Ku.","‘Bangsa ini menghormati Aku dengan ucapan mulutnya, tetapi hatinya jauh daripada-Ku.",
Matius,15,9,Matius 15:9,وَبَاطِلًا يَعْبُدُونَنِي وَهُمْ يُعَلِّمُونَ تَعَالِيمَ هِيَ وَصَايَا ٱلنَّاسِ».,"Dan, sia-sia mereka menyembah-Ku dengan mengajarkan perintah-perintah manusia.’”","Sia-sia saja mereka menyembah Aku karena mereka mengajarkan ajarannya sendiri, yaitu perintah-perintah manusia.’”",
Matius,15,10,Matius 15:10,ثُمَّ دَعَا ٱلْجَمْعَ وَقَالَ لَهُمُ: «ٱسْمَعُوا وَٱفْهَمُوا.,"Dan, Yesus memanggil orang banyak dan berkata, “Dengar dan pahamilah!","Kemudian, Isa memanggil orang banyak dan bersabda kepada mereka, “Dengarlah dan pahamilah.",
Matius,15,11,Matius 15:11,لَيْسَ مَا يَدْخُلُ ٱلْفَمَ يُنَجِّسُ ٱلْإِنْسَانَ، بَلْ مَا يَخْرُجُ مِنَ ٱلْفَمِ هَذَا يُنَجِّسُ ٱلْإِنْسَانَ».,"Bukan apa yang masuk ke dalam mulut yang menajiskan orang, tetapi apa yang keluar dari mulutnya, inilah yang menajiskan orang.”","Bukan apa yang masuk ke dalam mulut yang menajiskan orang, melainkan apa yang keluar dari mulutlah yang menajiskan orang.”",
Matius,15,12,Matius 15:12,حِينَئِذٍ تَقَدَّمَ تَلَامِيذُهُ وَقَالُوا لَهُ: «أَتَعْلَمُ أَنَّ ٱلْفَرِّيسِيِّينَ لَمَّا سَمِعُوا ٱلْقَوْلَ نَفَرُوا؟».,"Kemudian, murid-murid Yesus datang dan bertanya kepadanya, “Tahukah Engkau bahwa orang-orang Farisi tersinggung ketika mendengar pernyataan ini?”","Para pengikut-Nya datang mendekat serta berkata kepada-Nya, “Tahukah Engkau, ya Junjungan, bahwa orang-orang dari mazhab Farisi itu sakit hati ketika mereka mendengar perkataan tadi?”",
Matius,15,13,Matius 15:13,فَأَجَابَ وَقَالَ: «كُلُّ غَرْسٍ لَمْ يَغْرِسْهُ أَبِي ٱلسَّمَاوِيُّ يُقْلَعُ.,"Namun, Yesus menjawab dan berkata, “Setiap tanaman yang tidak ditanam oleh Bapa-Ku yang di surga akan dicabut sampai ke akar-akarnya.","Sabda Isa, “Setiap tanaman yang tidak ditanam oleh Bapa-Ku yang di surga akan dicabut.",
Matius,15,14,Matius 15:14,اُتْرُكُوهُمْ. هُمْ عُمْيَانٌ قَادَةُ عُمْيَانٍ. وَإِنْ كَانَ أَعْمَى يَقُودُ أَعْمَى يَسْقُطَانِ كِلَاهُمَا فِي حُفْرَةٍ».,"Biarkanlah mereka. Mereka adalah penuntun-penuntun buta dari orang-orang buta. Dan, jika orang buta menuntun orang buta, keduanya akan jatuh ke dalam lubang.”","Biarkanlah mereka itu. Mereka adalah pemimpin-pemimpin yang buta. Jika orang buta menuntun orang buta, pastilah keduanya akan jatuh ke dalam lubang.”",
Matius,15,15,Matius 15:15,فَأَجَابَ بُطْرُسُ وَقَالَ لَهُ: «فَسِّرْ لَنَا هَذَا ٱلْمَثَلَ».,"Petrus berkata kepada-Nya, “Jelaskanlah perumpamaan itu kepada kami.”","Kata Petrus kepada-Nya, “Jelaskanlah kepada kami maksud dari ibarat itu.”",
Matius,15,16,Matius 15:16,فَقَالَ يَسُوعُ: «هَلْ أَنْتُمْ أَيْضًا حَتَّى ٱلْآنَ غَيْرُ فَاهِمِينَ؟,"Yesus berkata, “Apakah kamu masih belum paham juga?","Sabda Isa, “Masih belum mengertikah kamu?",
Matius,15,17,Matius 15:17,أَلَا تَفْهَمُونَ بَعْدُ أَنَّ كُلَّ مَا يَدْخُلُ ٱلْفَمَ يَمْضِي إِلَى ٱلْجَوْفِ وَيَنْدَفِعُ إِلَى ٱلْمَخْرَجِ؟,Apakah kamu tidak mengerti bahwa segala sesuatu yang masuk ke dalam mulut akan turun ke perut dan dibuang ke dalam jamban?,Tidakkah kamu paham bahwa segala sesuatu yang masuk melalui mulut akan masuk ke perut dan akan dibuang di jamban?,
Matius,15,18,Matius 15:18,وَأَمَّا مَا يَخْرُجُ مِنَ ٱلْفَمِ فَمِنَ ٱلْقَلْبِ يَصْدُرُ، وَذَاكَ يُنَجِّسُ ٱلْإِنْسَانَ،,"Akan tetapi, apa yang keluar dari mulut timbul dari hati, dan itulah yang menajiskan orang.","Tetapi, segala sesuatu yang keluar dari mulut berasal dari hati, dan itulah yang menajiskan orang.",
Matius,15,19,Matius 15:19,لِأَنْ مِنَ ٱلْقَلْبِ تَخْرُجُ أَفْكَارٌ شِرِّيرَةٌ: قَتْلٌ، زِنىً، فِسْقٌ، سِرْقَةٌ، شَهَادَةُ زُورٍ، تَجْدِيفٌ.,"Karena dari hati timbul pikiran-pikiran jahat, pembunuhan, perzinaan, dosa-dosa seksual, pencurian, kesaksian palsu, dan fitnah.","Karena dari dalam hati keluar pikiran-pikiran yang jahat, seperti pembunuhan, percabulan, perzinaan, pencurian, saksi dusta, dan hujahan.",
Matius,15,20,Matius 15:20,هَذِهِ هِيَ ٱلَّتِي تُنَجِّسُ ٱلْإِنْسَانَ. وَأَمَّا ٱلْأَ كْلُ بِأَيْدٍ غَيْرِ مَغْسُولَةٍ فَلَا يُنَجِّسُ ٱلْإِنْسَانَ».,"Hal-hal inilah yang menajiskan orang, tetapi makan tanpa mencuci tangan tidak menajiskan orang.”","Hal-hal itulah yang menajiskan orang. Tetapi, makan dengan tangan yang tidak dibasuh tidak menajiskan orang.”",
Matius,15,21,Matius 15:21,ثُمَّ خَرَجَ يَسُوعُ مِنْ هُنَاكَ وَٱنْصَرَفَ إِلَى نَوَاحِي صُورَ وَصَيْدَاءَ.,"Kemudian, Yesus pergi dari sana dan menyingkir ke daerah Tirus dan Sidon.","Setelah meninggalkan tempat itu, pergilah Isa ke daerah Tirus dan Sidon.",
Matius,15,22,Matius 15:22,وَإِذَا ٱمْرَأَةٌ كَنْعَانِيَّةٌ خَارِجَةٌ مِنْ تِلْكَ ٱلتُّخُومِ صَرَخَتْ إِلَيْهِ قَائِلَةً: «ٱرْحَمْنِي، يا سَيِّدُ، يا ٱبْنَ دَاوُدَ! اِبْنَتِي مَجْنُونَةٌ جِدًّا».,"Dan, lihat, seorang perempuan Kanaan yang berasal dari daerah itu datang dan berseru, “Kasihanilah Aku, Tuhan, Anak Daud! Anak perempuanku kerasukan roh jahat sangat parah.”","Kemudian, ada seorang perempuan keturunan Kanaan, penduduk daerah itu, mendatangi Isa sambil berseru, “Ya Tuan, ya Anak Daud, kasihanilah aku. Anakku yang perempuan kerasukan setan dan sangat menderita.”",
Matius,15,23,Matius 15:23,فَلَمْ يُجِبْهَا بِكَلِمَةٍ. فَتَقَدَّمَ تَلَامِيذُهُ وَطَلَبُوا إِلَيْهِ قَائِلِينَ: «ٱصْرِفْهَا، لِأَنَّهَا تَصِيحُ وَرَاءَنَا!».,"Akan tetapi, Yesus tidak menjawab perempuan itu, satu kata pun. Dan, murid-murid-Nya datang dan mendesak-Nya, kata mereka, “Suruhlah ia pergi karena ia terus-menerus berteriak di belakang kita.”","Tetapi, Isa tidak menjawabnya sepatah kata pun. Lalu, para pengikut-Nya mendekati Isa dan meminta kepada-Nya, “Suruhlah perempuan itu pergi karena ia mengikuti kita sambil berteriak-teriak.”",
Matius,15,24,Matius 15:24,فَأَجَابَ وَقَالَ: «لَمْ أُرْسَلْ إِلَّا إِلَى خِرَافِ بَيْتِ إِسْرَائِيلَ ٱلضَّالَّةِ».,"Lalu, Dia menjawab dan berkata, “Aku hanya diutus kepada domba-domba yang hilang dari umat Israel.”","Bersabdalah Isa, “Aku hanya diutus kepada domba-domba yang hilang dari antara bani Israil.”",
Matius,15,25,Matius 15:25,فَأَتَتْ وَسَجَدَتْ لَهُ قَائِلَةً: «يَا سَيِّدُ، أَعِنِّي!»,"Kemudian, perempuan itu mendatangi dan sujud di hadapan Yesus, katanya, “Tuhan, tolonglah aku!”","Kemudian, perempuan itu datang dan sujud di hadapan-Nya, katanya, “Ya Tuan, tolonglah aku.”",
Matius,15,26,Matius 15:26,فَأَجَابَ وَقَالَ: «لَيْسَ حَسَنًا أَنْ يُؤْخَذَ خُبْزُ ٱلْبَنِينَ وَيُطْرَحَ لِلْكِلَابِ».,"Namun, Yesus menjawab dan berkata, “Tidak baik mengambil roti milik anak-anak dan melemparkannya kepada anjing-anjing. ”","Tetapi, sabda Isa, “Tidak patut mengambil makanan anak-anak, lalu melemparkannya kepada anjing.”",
Matius,15,27,Matius 15:27,فَقَالَتْ: «نَعَمْ، يا سَيِّدُ! وَٱلْكِلَابُ أَيْضًا تَأْكُلُ مِنَ ٱلْفُتَاتِ ٱلَّذِي يَسْقُطُ مِنْ مَائِدَةِ أَرْبَابِهَا!».,"Perempuan itu menjawab, “Benar, Tuhan, tetapi anjing-anjing itu makan remah-remah yang jatuh dari meja tuannya.”","Kata perempuan itu, “Benar, ya Tuan, tetapi anjing-anjing itu pun makan remah-remah yang jatuh dari meja tuannya.”",
Matius,15,28,Matius 15:28,حِينَئِذٍ أَجَابَ يَسُوعُ وَقَالَ لَهَا: «يَا ٱمْرَأَةُ، عَظِيمٌ إِيمَانُكِ! لِيَكُنْ لَكِ كَمَا تُرِيدِينَ». فَشُفِيَتِ ٱبْنَتُهَا مِنْ تِلْكَ ٱلسَّاعَةِ.,"Kemudian, Yesus berkata kepadanya, “Hai perempuan, imanmu besar! Terjadilah kepadamu seperti keinginanmu.” Pada saat itu juga, anak perempuannya disembuhkan.","Mendengar jawaban dari perempuan itu, bersabdalah Isa kepadanya, “Hai Ibu, engkau sangat beriman. Jadilah padamu menurut apa yang kauinginkan.” Pada saat itu juga sembuhlah anaknya.",
Matius,15,29,Matius 15:29,ثُمَّ ٱنْتَقَلَ يَسُوعُ مِنْ هُنَاكَ وَجَاءَ إِلَى جَانِبِ بَحْرِ ٱلْجَلِيلِ، وَصَعِدَ إِلَى ٱلْجَبَلِ وَجَلَسَ هُنَاكَ.,"Yesus pergi dari sana, menyusuri tepi danau Galilea. Dan, setelah mendaki ke atas bukit, Dia duduk di sana.","Setelah meninggalkan daerah Tirus dan Sidon, Isa kembali menyusuri Danau Galilea. Ia naik ke sebuah bukit, lalu duduk di situ.",
Matius,15,30,Matius 15:30,فَجَاءَ إِلَيْهِ جُمُوعٌ كَثِيرَةٌ، مَعَهُمْ عُرْجٌ وَعُمْيٌ وَخُرْسٌ وَشُلٌّ وَآخَرُونَ كَثِيرُونَ، وَطَرَحُوهُمْ عِنْدَ قَدَمَيْ يَسُوعَ. فَشَفَاهُمْ,"Kemudian, kerumunan besar orang datang kepada-Nya, membawa orang-orang yang lumpuh, cacat, buta, bisu, dan orang banyak lainnya. Lalu, mereka membaringkan orang-orang itu di kaki Yesus dan Dia menyembuhkan mereka,","Sejumlah besar orang datang kepada Isa. Mereka membawa orang yang lumpuh, timpang, buta, bisu, dan banyak lagi yang lain. Kemudian, para penderita itu mereka letakkan di dekat kaki-Nya dan Ia menyembuhkan mereka semua.",
Matius,15,31,Matius 15:31,حَتَّى تَعَجَّبَ ٱلْجُمُوعُ إِذْ رَأَوْا ٱلْخُرْسَ يَتَكَلَّمُونَ، وَٱلشُّلَّ يَصِحُّونَ، وَٱلْعُرْجَ يَمْشُونَ، وَٱلْعُمْيَ يُبْصِرُونَ. وَمَجَّدُوا إِلَهَ إِسْرَائِيلَ.,"sehingga orang banyak itu terheran-heran ketika mereka melihat yang bisu berbicara, yang cacat dipulihkan, yang lumpuh berjalan, dan yang buta melihat. Dan, mereka memuliakan Allah Israel.","Orang banyak itu menjadi heran karena orang bisu dapat berbicara, orang timpang disembuhkan, orang lumpuh dapat berjalan, dan orang buta dapat melihat. Lalu, mereka memuliakan Tuhan bani Israil.",
Matius,15,32,Matius 15:32,وَأَمَّا يَسُوعُ فَدَعَا تَلَامِيذَهُ وَقَالَ: «إِنِّي أُشْفِقُ عَلَى ٱلْجَمْعِ، لِأَنَّ ٱلْآنَ لَهُمْ ثَلَاثَةَ أَيَّامٍ يَمْكُثُونَ مَعِي وَلَيْسَ لَهُمْ مَا يَأْكُلُونَ. وَلَسْتُ أُرِيدُ أَنْ أَصْرِفَهُمْ صَائِمِينَ لِئَلَّا يُخَوِّرُوا فِي ٱلطَّرِيقِ».,"Lalu, Yesus memanggil murid-murid-Nya dan berkata, “Aku berbelas kasihan terhadap orang-orang itu karena mereka sudah bersama-Ku selama tiga hari dan tidak mempunyai makanan. Dan, Aku tidak mau menyuruh mereka pulang kelaparan supaya mereka tidak pingsan dalam perjalanan.”","Kemudian, Isa memanggil para pengikut-Nya dan bersabda, “Aku merasa kasihan kepada orang banyak ini. Sudah tiga hari lamanya mereka bersama-sama dengan Aku, tetapi tidak ada sesuatu pun yang dapat mereka makan. Aku tidak sampai hati menyuruh mereka pulang dalam keadaan lapar. Jangan-jangan mereka pingsan di jalan.”",
Matius,15,33,Matius 15:33,فَقَالَ لَهُ تَلَامِيذُهُ: «مِنْ أَيْنَ لَنَا فِي ٱلْبَرِّيَّةِ خُبْزٌ بِهَذَا ٱلْمِقْدَارِ، حَتَّى يُشْبِعَ جَمْعًا هَذَا عَدَدُهُ؟».,"Kemudian, para murid berkata kepada-Nya, “Dari mana kita akan mendapatkan roti sebanyak itu di tempat sunyi ini untuk mengenyangkan orang yang sangat banyak ini?”","Jawab para pengikut-Nya, “Di tempat sesepi ini di mana kita dapat memperoleh sedemikian banyak roti untuk mengenyangkan orang sebanyak ini?”",
Matius,15,34,Matius 15:34,فَقَالَ لَهُمْ يَسُوعُ: «كَمْ عِنْدَكُمْ مِنَ ٱلْخُبْزِ؟». فَقَالُوا: «سَبْعَةٌ وَقَلِيلٌ مِنْ صِغَارِ ٱلسَّمَكِ».,"Yesus bertanya kepada mereka, “Berapa banyak roti yang kamu punya?” Mereka menjawab, “Tujuh, dan beberapa ikan kecil.”","Sabda Isa, “Berapa roti ada padamu?” Jawab mereka, “Ada tujuh roti dan beberapa ikan kecil.”",
Matius,15,35,Matius 15:35,فَأَمَرَ ٱلْجُمُوعَ أَنْ يَتَّكِئُوا عَلَى ٱلْأَرْضِ،,"Lalu, Yesus memerintahkan orang banyak itu duduk di tanah.","Kemudian, disuruh-Nya orang banyak itu duduk di tanah.",
Matius,15,36,Matius 15:36,وَأَخَذَ ٱلسَّبْعَ خُبْزَاتٍ وَٱلسَّمَكَ، وَشَكَرَ وَكَسَّرَ وَأَعْطَى تَلَامِيذَهُ، وَٱلتَّلَامِيذُ أَعْطَوْا ٱلْجَمْعَ.,"Kemudian, Dia mengambil ketujuh roti serta ikan-ikan itu. Dan, sambil mengucap syukur, Dia memecah-mecahkannya, dan memberikannya kepada murid-murid-Nya, dan murid-murid-Nya memberikannya kepada orang banyak itu.","Ia mengambil ketujuh roti dan ikan-ikan itu, lalu mengucap syukur atasnya. Setelah roti-roti itu dipecah-pecahkan, Ia memberikannya kepada para pengikut-Nya, lalu para pengikut-Nya membagi-bagikannya kepada orang banyak itu.",
Matius,15,37,Matius 15:37,فَأَكَلَ ٱلْجَمِيعُ وَشَبِعُوا. ثُمَّ رَفَعُوا مَا فَضَلَ مِنَ ٱلْكِسَرِ سَبْعَةَ سِلَالٍ مَمْلُوءَةٍ،,"Mereka semua makan dan dikenyangkan. Lalu, mereka mengambil potongan-potongan yang sisa, ada tujuh keranjang penuh.","Mereka semua makan sampai kenyang, kemudian ketika sisa-sisa kelebihannya dikumpulkan, ternyata tujuh keranjang penuh banyaknya.",
Matius,15,38,Matius 15:38,وَٱلْآكِلُونَ كَانُوا أَرْبَعَةَ آلَافِ رَجُلٍ مَا عَدَا ٱلنِّسَاءَ وَٱلْأَوْلَادَ.,"Mereka yang makan ada empat ribu orang laki-laki, tidak termasuk perempuan dan anak-anak.","Jumlah orang yang turut makan adalah empat ribu orang laki-laki, belum terhitung perempuan dan anak-anak.",
Matius,15,39,Matius 15:39,ثُمَّ صَرَفَ ٱلْجُمُوعَ وَصَعِدَ إِلَى ٱلسَّفِينَةِ وَجَاءَ إِلَى تُخُومِ مَجْدَلَ.,"Setelah menyuruh orang banyak itu pulang, Yesus masuk ke perahu dan pergi ke daerah Magadan.","Akhirnya setelah Isa menyuruh orang banyak itu pulang, Ia naik ke sebuah perahu, lalu pergi ke daerah Magadan.",
Matius,16,1,Matius 16:1,وَجَاءَ إِلَيْهِ ٱلْفَرِّيسِيُّونَ وَٱلصَّدُّوقِيُّونَ لِيُجَرِّبُوهُ، فَسَأَلُوهُ أَنْ يُرِيَهُمْ آيَةً مِنَ ٱلسَّمَاءِ.,Orang-orang Farisi dan Saduki datang untuk mencobai Yesus. Mereka meminta agar Yesus memperlihatkan kepada mereka suatu tanda dari surga.,Datanglah orang-orang dari mazhab Farisi dan mazhab Saduki untuk mencobai Isa. Mereka meminta agar Ia menunjukkan suatu tanda ajaib dari langit.,
Matius,16,2,Matius 16:2,فَأَجَابَ وَقَالَ لَهُمْ: «إِذَا كَانَ ٱلْمَسَاءُ قُلْتُمْ: صَحْوٌ لِأَنَّ ٱلسَّمَاءَ مُحْمَرَّةٌ.,"Akan tetapi, jawab Yesus, “Saat menjelang malam, kamu berkata, ‘Cuaca akan cerah karena langit merah.’","Tetapi, Isa bersabda kepada mereka, “Ketika magrib tiba kamu berkata, ‘Cuaca baik,’ karena langit kelihatan merah.",
Matius,16,3,Matius 16:3,وَفِي ٱلصَّبَاحِ: ٱلْيَوْمَ شِتَاءٌ لِأَنَّ ٱلسَّمَاءَ مُحْمَرَّةٌ بِعُبُوسَةٍ.يَا مُرَاؤُونَ! تَعْرِفُونَ أَنْ تُمَيِّزُوا وَجْهَ ٱلسَّمَاءِ، وَأَمَّا عَلَامَاتُ ٱلْأَزْمِنَةِ فَلَا تَسْتَطِيعُونَ!,"Dan, pada pagi hari, ‘Hari ini akan ada angin kencang karena langit merah dan gelap.’ Kamu tahu bagaimana membedakan rupa langit, tetapi tidak mampu membedakan tanda-tanda zaman.","Sedangkan pada waktu subuh kamu berkata, ‘Hari ini buruk,’ karena langit kelihatan merah redup. Kamu tahu membedakan rupa langit, tetapi kamu tidak dapat mengetahui tanda-tanda zaman.",
Matius,16,4,Matius 16:4,جِيلٌ شِرِّيرٌ فَاسِقٌ يَلْتَمِسُ آيَةً، وَلَا تُعْطَى لَهُ آيَةٌ إِلَّا آيَةَ يُونَانَ ٱلنَّبِيِّ». ثُمَّ تَرَكَهُمْ وَمَضَى.,"Suatu generasi yang jahat dan pezina ini menuntut sebuah tanda, tetapi satu tanda pun tidak akan diberikan kepadanya, kecuali tanda Nabi Yunus. ” Lalu, Dia meninggalkan mereka dan pergi.","Generasi yang jahat dan tidak setia ini mencari suatu tanda ajaib, tetapi tanda itu tidak akan diberikan kepada mereka, selain tanda Yunus.” Kemudian, Isa pergi meninggalkan mereka.",
Matius,16,5,Matius 16:5,وَلَمَّا جَاءَ تَلَامِيذُهُ إِلَى ٱلْعَبْرِ نَسُوا أَنْ يَأْخُذُوا خُبْزًا.,"Ketika murid-murid-Nya tiba di seberang danau, mereka lupa membawa roti.","Ketika Isa dan para pengikut-Nya sampai di seberang, ternyata para pengikut-Nya lupa membawa roti.",
Matius,16,6,Matius 16:6,وَقَالَ لَهُمْ يَسُوعُ: «ٱنْظُرُوا، وَتَحَرَّزُوا مِنْ خَمِيرِ ٱلْفَرِّيسِيِّينَ وَٱلصَّدُّوقِيِّينَ».,"Dan, Yesus berkata kepada mereka, “Perhatikanlah dan waspadalah terhadap ragi orang-orang Farisi dan para Saduki.”","Isa bersabda kepada mereka, “Ingat baik-baik, jagalah dirimu terhadap ragi orang-orang dari mazhab Farisi dan mazhab Saduki.”",
Matius,16,7,Matius 16:7,فَفَكَّرُوا فِي أَنْفُسِهِمْ قَائِلِينَ: «إِنَّنَا لَمْ نَأْخُذْ خُبْزًا».,"Dan, mereka mulai membicarakan hal itu di antara mereka sendiri dan berkata, “Itu karena kita tidak membawa roti.”","Kemudian, mereka membicarakannya antara satu dengan yang lain dan berkata, “Ia berkata begitu karena kita tidak membawa roti.”",
Matius,16,8,Matius 16:8,فَعَلِمَ يَسُوعُ وَقَالَ لَهُمْ: «لِمَاذَا تُفَكِّرُونَ فِي أَنْفُسِكُمْ يا قَلِيلِي ٱلْإِيمَانِ أَنَّكُمْ لَمْ تَأْخُذُوا خُبْزًا؟,"Akan tetapi, Yesus mengetahui hal ini dan berkata, “Hai, orang yang kurang iman, mengapa kamu membicarakan di antaramu sendiri tentang tidak ada roti?","Hal itu diketahui oleh Isa, lalu sabda-Nya, “Hai orang-orang yang kurang percaya, mengapa kamu membicarakan soal tidak ada roti?",
Matius,16,9,Matius 16:9,أَحَتَّى ٱلْآنَ لَا تَفْهَمُونَ؟ وَلَا تَذْكُرُونَ خَمْسَ خُبْزَاتِ ٱلْخَمْسَةِ ٱلْآلَافِ وَكَمْ قُفَّةً أَخَذْتُمْ؟,"Apakah kamu masih belum mengerti dan juga tidak ingat akan lima roti untuk lima ribu orang, dan berapa banyak keranjang sisanya yang kamu kumpulkan?","Belum jugakah kamu mengerti? Tidakkah kamu ingat perihal lima roti yang dibagi-bagikan untuk lima ribu orang? Setelah kamu kumpulkan, ada berapa keranjangkah kelebihannya?",
Matius,16,10,Matius 16:10,وَلَا سَبْعَ خُبْزَاتِ ٱلْأَرْبَعَةِ ٱلْآلَافِ وَكَمْ سَلًّا أَخَذْتُمْ؟,"Atau, tujuh roti untuk empat ribu orang, dan berapa banyak keranjang sisanya yang kamu kumpulkan?","Atau perihal tujuh roti yang dibagi-bagikan untuk empat ribu orang. Setelah kamu kumpulkan, ada berapa keranjangkah kelebihannya?",
Matius,16,11,Matius 16:11,كَيْفَ لَا تَفْهَمُونَ أَنِّي لَيْسَ عَنِ ٱلْخُبْزِ قُلْتُ لَكُمْ أَنْ تَتَحَرَّزُوا مِنْ خَمِيرِ ٱلْفَرِّيسِيِّينَ وَٱلصَّدُّوقِيِّينَ؟».,"Bagaimana kamu tidak mengerti bahwa Aku tidak sedang berbicara kepadamu tentang roti? Akan tetapi, waspadalah terhadap ragi orang-orang Farisi dan para Saduki.”",Mengapa kamu tidak mengerti bahwa bukan soal roti yang Aku bicarakan kepadamu itu? Jagalah dirimu terhadap ragi orang-orang dari mazhab Farisi dan mazhab Saduki.”,
Matius,16,12,Matius 16:12,حِينَئِذٍ فَهِمُوا أَنَّهُ لَمْ يَقُلْ أَنْ يَتَحَرَّزُوا مِنْ خَمِيرِ ٱلْخُبْزِ، بَلْ مِنْ تَعْلِيمِ ٱلْفَرِّيسِيِّينَ وَٱلصَّدُّوقِيِّينَ.,"Kemudian, mereka mengerti bahwa Dia tidak mengatakan untuk waspada terhadap ragi roti, tetapi terhadap ajaran orang-orang Farisi dan para Saduki.","Kemudian, barulah mereka mengerti bahwa Ia tidak menyuruh mereka untuk menjaga diri terhadap ragi roti, melainkan terhadap ajaran orang-orang dari mazhab Farisi dan mazhab Saduki.",
Matius,16,13,Matius 16:13,وَلَمَّا جَاءَ يَسُوعُ إِلَى نَوَاحِي قَيْصَرِيَّةِ فِيلُبُّسَ سَأَلَ تَلَامِيذَهُ قَائِلًا: «مَنْ يَقُولُ ٱلنَّاسُ إِنِّي أَنَا ٱبْنُ ٱلْإِنْسَانِ؟».,"Ketika Yesus tiba di daerah Kaisarea Filipi, Dia bertanya kepada murid-murid-Nya, “Menurut perkataan orang, siapakah Anak Manusia itu?”","Kemudian, sampailah Isa di wilayah Kaisarea Filipi. Ia bertanya kepada para pengikut-Nya, “Menurut pendapat orang, siapakah Anak Manusia itu?”",
Matius,16,14,Matius 16:14,فَقَالُوا: «قَوْمٌ: يُوحَنَّا ٱلْمَعْمَدَانُ، وَآخَرُونَ: إِيلِيَّا، وَآخَرُونَ: إِرْمِيَا أَوْ وَاحِدٌ مِنَ ٱلْأَنْبِيَاءِ».,"Mereka menjawab, “Beberapa mengatakan Yohanes Pembaptis, yang lain mengatakan Elia, dan yang lain lagi mengatakan Yeremia, atau salah satu dari para nabi.”","Jawab mereka, “Ada yang mengatakan ‘Yahya,’ dan ada pula yang mengatakan, ‘Ilyas.’ Sedangkan yang lain lagi berkata, ‘Yeremia atau salah seorang dari nabi-nabi lainnya.’”",
Matius,16,15,Matius 16:15,قَالَ لَهُمْ: «وَأَنْتُمْ، مَنْ تَقُولُونَ إِنِّي أَنَا؟».,"Lalu, Yesus bertanya kepada mereka, “Akan tetapi, menurutmu, siapakah Aku ini?”","Isa bertanya kepada mereka, “Tetapi, menurut kamu, siapakah Aku ini?”",
Matius,16,16,Matius 16:16,فَأَجَابَ سِمْعَانُ بُطْرُسُ وَقَالَ: «أَنْتَ هُوَ ٱلْمَسِيحُ ٱبْنُ ٱللهِ ٱلْحَيِّ!».,"Simon Petrus menjawab, “Engkau adalah Mesias, Anak Allah yang hidup!”","Jawab Simon Petrus, “Ya Junjungan, Engkaulah Al-Masih, Sang Anak yang datang dari Allah Yang Hidup.”",
Matius,16,17,Matius 16:17,فَأجَابَ يَسُوعُ وَقَالَ لَهُ: «طُوبَى لَكَ يا سِمْعَانُ بْنَ يُونَا، إِنَّ لَحْمًا وَدَمًا لَمْ يُعْلِنْ لَكَ، لَكِنَّ أَبِي ٱلَّذِي فِي ٱلسَّمَاوَاتِ.,"Yesus berkata kepadanya, “Diberkatilah kamu, Simon anak Yunus, sebab bukan daging dan darah yang menyatakan ini kepadamu, melainkan Bapa-Ku yang di surga.","Sabda Isa kepadanya, “Berbahagialah engkau, hai Simon bin Yunus karena bukan manusia yang menyatakan itu kepadamu, melainkan Bapa-Ku yang di surga.",
Matius,16,18,Matius 16:18,وَأَنَا أَقُولُ لَكَ أَيْضًا: أَنْتَ بُطْرُسُ، وَعَلَى هَذِهِ ٱلصَّخْرَةِ أَبْنِي كَنِيسَتِي، وَأَبْوَابُ ٱلْجَحِيمِ لَنْ تَقْوَى عَلَيْهَا.,"Dan, Aku juga mengatakan kepadamu bahwa kamu adalah Petrus. Dan, di atas batu ini, Aku akan membangun gereja-Ku dan gerbang-gerbang Hades tidak akan menguasainya.","Aku pun berkata kepadamu, engkau adalah Petrus, dan di atas batu ini Aku akan membangun jemaah-Ku, dan pintu-pintu alam maut pun tidak akan menguasainya.",
Matius,16,19,Matius 16:19,وَأُعْطِيكَ مَفَاتِيحَ مَلَكُوتِ ٱلسَّمَاوَاتِ، فَكُلُّ مَا تَرْبِطُهُ عَلَى ٱلْأَرْضِ يَكُونُ مَرْبُوطًا فِي ٱلسَّمَاوَاتِ. وَكُلُّ مَا تَحُلُّهُ عَلَى ٱلْأَرْضِ يَكُونُ مَحْلُولًا فِي ٱلسَّمَاوَاتِ».,"Aku akan memberimu kunci-kunci Kerajaan Surga. Dan, apa saja yang kamu ikat di bumi akan terikat di surga. Dan, apa saja yang kamu lepaskan di bumi akan terlepas di surga.”","Selain itu, Aku akan memberikan kepadamu anak kunci Kerajaan Surga. Apa yang engkau ikat di bumi akan terikat di surga, dan apa yang engkau lepaskan di bumi akan terlepas pula di surga.”",
Matius,16,20,Matius 16:20,حِينَئِذٍ أَوْصَى تَلَامِيذَهُ أَنْ لَا يَقُولُوا لِأَحَدٍ إِنَّهُ يَسُوعُ ٱلْمَسِيحُ.,"Lalu, Yesus memperingatkan murid-murid supaya tidak memberitahukan siapa-siapa bahwa Dia adalah Mesias.","Setelah itu, Ia memperingatkan para pengikut-Nya supaya mereka jangan menceritakan kepada siapa pun bahwa Ia adalah Al-Masih.",
Matius,16,21,Matius 16:21,مِنْ ذَلِكَ ٱلْوَقْتِ ٱبْتَدَأَ يَسُوعُ يُظْهِرُ لِتَلَامِيذِهِ أَنَّهُ يَنْبَغِي أَنْ يَذْهَبَ إِلَى أُورُشَلِيمَ وَيَتَأَلَّمَ كَثِيرًا مِنَ ٱلشُّيُوخِ وَرُؤَسَاءِ ٱلْكَهَنَةِ وَٱلْكَتَبَةِ، وَيُقْتَلَ، وَفِي ٱلْيَوْمِ ٱلثَّالِثِ يَقُومَ.,"Sejak saat itu, Yesus mulai menunjukkan kepada murid-murid-Nya bahwa Dia harus pergi ke Yerusalem dan menderita banyak hal dari para tua-tua, imam-imam kepala, maupun ahli-ahli Taurat, lalu dibunuh dan dibangkitkan pada hari ketiga.","Sejak saat itu Isa Al-Masih mulai menyatakan kepada para pengikut-Nya bahwa Ia harus pergi ke Yerusalem, dan akan mengalami banyak kesengsaraan karena perlakuan para tua-tua bani Israil, para imam kepala, serta para ahli Kitab Suci Taurat. Ia akan mati, tetapi pada hari yang ketiga Ia akan dibangkitkan.",
Matius,16,22,Matius 16:22,فَأَخَذَهُ بُطْرُسُ إِلَيْهِ وَٱبْتَدَأَ يَنْتَهِرُهُ قَائِلًا: «حَاشَاكَ يَارَبُّ! لَا يَكُونُ لَكَ هَذَا!».,"Kemudian, Petrus menarik Yesus ke samping, menegur-Nya, dan berkata, “Tuhan, kiranya Allah menjauhkan hal itu dari Engkau! Hal ini tidak akan pernah terjadi pada-Mu.”","Lalu, Petrus menarik Isa ke samping dan mulai menegur-Nya dengan berkata, “Allah berkenan kepada-Mu, ya Junjungan. Hal itu sekali-kali tidak akan terjadi pada-Mu.”",
Matius,16,23,Matius 16:23,فَٱلْتَفَتَ وَقَالَ لِبُطْرُسَ: «ٱذْهَبْ عَنِّي يَاشَيْطَانُ! أَنْتَ مَعْثَرَةٌ لِي، لِأَنَّكَ لَا تَهْتَمُّ بِمَا لِلهِ لَكِنْ بِمَا لِلنَّاسِ».,"Akan tetapi, Yesus berbalik dan berkata kepada Petrus, “Enyahlah dari hadapan-Ku, hai Setan! Kamu adalah batu sandungan bagi-Ku sebab engkau tidak menetapkan pikiranmu pada hal-hal dari Allah, melainkan hal-hal dari manusia.”","Tetapi, Isa berpaling, lalu bersabda kepada Petrus, “Pergilah dari hadapan-Ku, hai penggoda! Engkau menjadi batu sandungan bagi-Ku. Pikiranmu tidak berasal dari Allah, melainkan dari manusia.”",
Matius,16,24,Matius 16:24,حِينَئِذٍ قَالَ يَسُوعُ لِتَلَامِيذِهِ: «إِنْ أَرَادَ أَحَدٌ أَنْ يَأْتِيَ وَرَائِي فَلْيُنْكِرْ نَفْسَهُ وَيَحْمِلْ صَلِيبَهُ وَيَتْبَعْنِي،,"Kemudian Yesus berkata kepada murid-murid-Nya, “Jika ada yang mau mengikuti Aku, ia harus menyangkal dirinya sendiri, memikul salibnya, dan mengikut Aku.","Kemudian, sabda Isa kepada para pengikut-Nya, “Siapa mau mengikut Aku, ia harus menyangkal dirinya, memikul salibnya, dan mengikut Aku.",
Matius,16,25,Matius 16:25,فَإِنَّ مَنْ أَرَادَ أَنْ يُخَلِّصَ نَفْسَهُ يُهْلِكُهَا، وَمَنْ يُهْلِكُ نَفْسَهُ مِنْ أَجْلِي يَجِدُهَا.,"Karena siapa yang ingin menyelamatkan nyawanya akan kehilangan nyawanya. Akan tetapi, siapa yang kehilangan nyawanya karena Aku, ia akan mendapatkannya.","Karena siapa hendak menyelamatkan nyawanya, ia akan kehilangan nyawanya, tetapi siapa kehilangan nyawanya karena Aku, ia akan mendapatkannya kembali.",
Matius,16,26,Matius 16:26,لِأَنَّهُ مَاذَا يَنْتَفِعُ ٱلْإِنْسَانُ لَوْ رَبِحَ ٱلْعَالَمَ كُلَّهُ وَخَسِرَ نَفْسَهُ؟ أَوْ مَاذَا يُعْطِي ٱلْإِنْسَانُ فِدَاءً عَنْ نَفْسِهِ؟,"Apa untungnya jika seseorang memperoleh seluruh dunia, tetapi kehilangan nyawanya? Atau, apa yang bisa seseorang berikan sebagai ganti nyawanya?","Apa untungnya seseorang memperoleh seluruh dunia, tetapi kehilangan nyawanya? Atau apa yang dapat diberikan seseorang sebagai penukar nyawanya?",
Matius,16,27,Matius 16:27,فَإِنَّ ٱبْنَ ٱلْإِنْسَانِ سَوْفَ يَأْتِي فِي مَجْدِ أَبِيهِ مَعَ مَلَائِكَتِهِ، وَحِينَئِذٍ يُجَازِي كُلَّ وَاحِدٍ حَسَبَ عَمَلِهِ.,"Sebab, Anak Manusia akan datang dalam kemuliaan Bapa-Nya bersama dengan para malaikat-Nya dan kemudian akan membalas setiap orang menurut perbuatannya.",Karena Anak Manusia akan datang dalam kemuliaan Bapa-Nya dengan disertai para malaikat-Nya. Pada saat itu Ia akan membalas masing-masing orang sesuai dengan amalnya.,
Matius,16,28,Matius 16:28,اَلْحَقَّ أَقُولُ لَكُمْ: إِنَّ مِنَ ٱلْقِيَامِ هَهُنَا قَوْمًا لَا يَذُوقُونَ ٱلْمَوْتَ حَتَّى يَرَوْا ٱبْنَ ٱلْإِنْسَانِ آتِيًا فِي مَلَكُوتِهِ».,"Aku mengatakan yang sebenarnya kepadamu, ada beberapa orang yang berdiri di sini yang tidak akan mengalami kematian sampai mereka melihat Anak Manusia datang dalam Kerajaan-Nya.”","Sesungguhnya, Aku berkata kepadamu, di antara orang-orang yang hadir di sini, ada yang tidak akan menghadap maut sebelum mereka melihat Anak Manusia datang sebagai raja dalam kerajaan-Nya.”",
Matius,17,1,Matius 17:1,وَبَعْدَ سِتَّةِ أَيَّامٍ أَخَذَ يَسُوعُ بُطْرُسَ وَيَعْقُوبَ وَيُوحَنَّا أَخَاهُ وَصَعِدَ بِهِمْ إِلَى جَبَلٍ عَالٍ مُنْفَرِدِينَ.,"Enam hari kemudian, Yesus mengajak Petrus, Yakobus, serta Yohanes saudara Yakobus, dan membawa mereka naik ke gunung yang tinggi secara tersendiri.","Enam hari kemudian Isa membawa Petrus, Yakub, dan Yahya, saudara Yakub, mendaki sebuah gunung yang tinggi untuk menyendiri di sana.",
Matius,17,2,Matius 17:2,وَتَغَيَّرَتْ هَيْئَتُهُ قُدَّامَهُمْ، وَأَضَاءَ وَجْهُهُ كَٱلشَّمْسِ، وَصَارَتْ ثِيَابُهُ بَيْضَاءَ كَٱلنُّورِ.,"Lalu, Yesus berubah rupa di depan mereka. Wajah-Nya bersinar seperti matahari dan pakaian-Nya menjadi seputih cahaya.",Di tempat itu Ia berubah rupa di hadapan ketiga pengikut-Nya itu. Muka-Nya bersinar seperti matahari dan pakaian-Nya menjadi putih berkilau-kilau.,
Matius,17,3,Matius 17:3,وَإِذَا مُوسَى وَإِيلِيَّا قَدْ ظَهَرَا لَهُمْ يَتَكَلَّمَانِ مَعَهُ.,"Dan, lihat, tampaklah kepada mereka Musa dan Elia, sedang berbincang dengan Yesus.",Tiba-tiba mereka melihat Musa dan Ilyas sedang bercakap-cakap dengan Isa.,
Matius,17,4,Matius 17:4,فَجَعَلَ بُطْرُسُ يَقُولُ لِيَسُوعَ: «يَارَبُّ، جَيِّدٌ أَنْ نَكُونَ هَهُنَا! فَإِنْ شِئْتَ نَصْنَعْ هُنَا ثَلَاثَ مَظَالَّ: لَكَ وَاحِدَةٌ، وَلِمُوسَى وَاحِدَةٌ، وَلِإِيلِيَّا وَاحِدَةٌ».,"Petrus berkata kepada Yesus, “Tuhan, adalah baik bagi kita untuk berada di sini. Jika Engkau menghendaki, aku akan mendirikan tiga kemah di sini, satu untuk-Mu, satu untuk Musa, dan satu untuk Elia.”","Lalu, berkatalah Petrus kepada-Nya, “Ya Junjungan, baik juga kami di sini. Jika Engkau mengizinkan, aku akan membuat tiga kemah di sini, satu untuk Junjungan, satu untuk Nabi Musa, dan yang satu lagi untuk Nabi Ilyas.”",
Matius,17,5,Matius 17:5,وَفِيمَا هُوَ يَتَكَلَّمُ إِذَا سَحَابَةٌ نَيِّرَةٌ ظَلَّلَتْهُمْ، وَصَوْتٌ مِنَ ٱلسَّحَابَةِ قَائِلًا: «هَذَا هُوَ ٱبْنِي ٱلْحَبِيبُ ٱلَّذِي بِهِ سُرِرْتُ. لَهُ ٱسْمَعُوا».,"Ketika Petrus masih bicara, sebuah awan yang terang menaungi mereka, dan lihat, ada suara dari dalam awan itu yang berkata, “Inilah Anak-Ku yang Kukasihi, kepada-Nya Aku berkenan. Dengarkanlah Dia.”","Sementara Petrus masih berbicara, tiba-tiba turunlah awan yang bercahaya menaungi mereka. Lalu, terdengarlah suara dari awan itu yang berkata, “Inilah Sang Anak yang Kukasihi, kepada-Nyalah Aku berkenan. Dengarkanlah Dia!”",
Matius,17,6,Matius 17:6,وَلَمَّا سَمِعَ ٱلتَّلَامِيذُ سَقَطُوا عَلَى وُجُوهِهِمْ وَخَافُوا جِدًّا.,"Ketika murid-murid mendengar ini, mereka tersungkur dengan wajah sampai ke tanah dan sangat ketakutan.","Ketika ketiga pengikut-Nya mendengar suara itu, tersungkurlah mereka dan sangat ketakutan.",
Matius,17,7,Matius 17:7,فَجَاءَ يَسُوعُ وَلَمَسَهُمْ وَقَالَ: «قُومُوا، وَلَا تَخَافُوا».,"Namun, Yesus datang dan menyentuh mereka, kata-Nya, “Bangunlah dan jangan takut.”","Kemudian, Isa mendatangi mereka. Disentuh-Nya mereka, lalu bersabda, “Bangunlah, jangan takut!”",
Matius,17,8,Matius 17:8,فَرَفَعُوا أَعْيُنَهُمْ وَلَمْ يَرَوْا أَحَدًا إِلَّا يَسُوعَ وَحْدَهُ.,"Ketika mereka mengangkat mata mereka, mereka tidak melihat siapa pun, kecuali Yesus sendiri.","Ketika mereka mengangkat wajah mereka, mereka tidak melihat seorang pun, kecuali Isa.",
Matius,17,9,Matius 17:9,وَفِيمَا هُمْ نَازِلُونَ مِنَ ٱلْجَبَلِ أَوْصَاهُمْ يَسُوعُ قَائِلًا: «لَا تُعْلِمُوا أَحَدًا بِمَا رَأَيْتُمْ حَتَّى يَقُومَ ٱبْنُ ٱلْإِنْسَانِ مِنَ ٱلْأَمْوَاتِ».,"Saat mereka turun dari gunung, Yesus memerintahkan mereka, kata-Nya, “Jangan ceritakan penglihatan itu kepada siapa pun sampai Anak Manusia dibangkitkan dari antara orang mati.”","Pada waktu Isa dan ketiga pengikut-Nya menuruni gunung itu, Ia bersabda kepada mereka, “Jangan kamu ceritakan apa yang telah kamu lihat itu kepada seorang pun sampai Anak Manusia bangkit dari antara orang mati.”",
Matius,17,10,Matius 17:10,وَسَأَلَهُ تَلَامِيذُهُ قَائِلِينَ: «فَلِمَاذَا يَقُولُ ٱلْكَتَبَةُ: إِنَّ إِيلِيَّا يَنْبَغِي أَنْ يَأْتِيَ أَوَّلًا؟».,"Dan, murid-murid bertanya kepada-Nya, “Lalu, mengapa ahli-ahli Taurat berkata bahwa Elia harus datang terlebih dahulu? ”","Kemudian, para pengikut-Nya bertanya kepada-Nya, “Jika demikian, mengapa para ahli Kitab Suci Taurat mengatakan bahwa Ilyas harus datang terlebih dahulu?”",
Matius,17,11,Matius 17:11,فَأَجَابَ يَسُوعُ وَقَالَ لَهُمْ: «إِنَّ إِيلِيَّا يَأْتِي أَوَّلًا وَيَرُدُّ كُلَّ شَيْءٍ.,"Yesus menjawab, “Elia memang datang terlebih dahulu dan akan memulihkan segala sesuatu.","Sabda-Nya, “Memang benar, Ilyas datang dan memperbaharui segala sesuatunya.",
Matius,17,12,Matius 17:12,وَلَكِنِّي أَقُولُ لَكُمْ: إِنَّ إِيلِيَّا قَدْ جَاءَ وَلَمْ يَعْرِفُوهُ، بَلْ عَمِلُوا بِهِ كُلَّ مَا أَرَادُوا. كَذَلِكَ ٱبْنُ ٱلْإِنْسَانِ أَيْضًا سَوْفَ يَتَأَلَّمُ مِنْهُمْ».,"Namun, Aku mengatakan kepadamu bahwa Elia sudah datang, tetapi mereka tidak mengenalinya dan memperlakukannya menurut kemauan mereka. Demikian juga Anak Manusia akan menderita di tangan mereka.”","Aku berkata kepadamu bahwa Ilyas sudah datang, hanya saja mereka tidak mengenalinya. Itulah sebabnya, mereka berbuat sekehendak hati mereka. Begitu pulalah halnya dengan Anak Manusia, Ia akan menderita di tangan mereka.”",
Matius,17,13,Matius 17:13,حِينَئِذٍ فَهِمَ ٱلتَّلَامِيذُ أَنَّهُ قَالَ لَهُمْ عَنْ يُوحَنَّا ٱلْمَعْمَدَانِ.,"Kemudian, para murid mengerti bahwa Dia berbicara kepada mereka tentang Yohanes Pembaptis.","Kemudian, barulah para pengikut-Nya paham bahwa yang dimaksudkan Isa adalah Nabi Yahya.",
Matius,17,14,Matius 17:14,وَلَمَّا جَاءُوا إِلَى ٱلْجَمْعِ تَقَدَّمَ إِلَيْهِ رَجُلٌ جَاثِيًا لَهُ,"Ketika Yesus dan murid-murid kembali kepada orang banyak, seorang laki-laki datang kepada Yesus dengan berlutut di hadapan-Nya sambil berkata,","Ketika Isa dan ketiga pengikut-Nya itu sampai di tempat orang banyak yang sedang berkumpul, datanglah seseorang dan sujud di hadapan Isa. Ia berkata,",
Matius,17,15,Matius 17:15,وَقَائِلًا: «يَا سَيِّدُ، ٱرْحَمِ ٱبْنِي فَإِنَّهُ يُصْرَعُ وَيَتَأَلَّمُ شَدِيدًا، وَيَقَعُ كَثِيرًا فِي ٱلنَّارِ وَكَثِيرًا فِي ٱلْمَاءِ.,"“Tuhan, kasihanilah anakku sebab ia sakit ayan dan sangat menderita. Ia sering jatuh ke dalam api dan ke dalam air.","“Ya Tuan, kasihanilah anakku yang laki-laki sebab ia sakit ayan dan keadaannya sangat buruk. Kerap kali ia jatuh ke dalam api atau ke dalam air.",
Matius,17,16,Matius 17:16,وَأَحْضَرْتُهُ إِلَى تَلَامِيذِكَ فَلَمْ يَقْدِرُوا أَنْ يَشْفُوهُ».,"Aku sudah membawanya kepada murid-murid-Mu, tetapi mereka tidak dapat menyembuhkan dia.”","Aku sudah membawanya kepada para pengikut-Mu, tetapi mereka tidak dapat menyembuhkannya.”",
Matius,17,17,Matius 17:17,فَأَجَابَ يَسُوعُ وَقَالَ: «أَيُّهَا ٱلْجِيلُ غَيْرُ ٱلْمُؤْمِنِ، ٱلْمُلْتَوِي، إِلَى مَتَى أَكُونُ مَعَكُمْ؟ إِلَى مَتَى أَحْتَمِلُكُمْ؟ قَدِّمُوهُ إِلَيَّ هَهُنَا!».,"Yesus menjawab, “Hai, kamu generasi yang tidak percaya dan sesat! Berapa lama lagi Aku akan tinggal bersamamu? Berapa lama lagi Aku harus bersabar terhadap kamu? Bawalah anak itu kepada-Ku.”","Sabda Isa, “Hai kamu, generasi yang tidak percaya dan yang sesat, berapa lama lagi Aku harus bersama-sama dengan kamu? Berapa lama lagi Aku harus sabar terhadap kamu? Bawalah anak itu kemari!”",
Matius,17,18,Matius 17:18,فَٱنْتَهَرَهُ يَسُوعُ، فَخَرَجَ مِنْهُ ٱلشَّيْطَانُ. فَشُفِيَ ٱلْغُلَامُ مِنْ تِلْكَ ٱلسَّاعَةِ.,"Maka Yesus membentak roh jahat itu sehingga keluar dari anak laki-laki itu, dan anak itu sembuh saat itu juga.","Isa menghardik setan itu, lalu keluarlah setan itu dari anak laki-laki itu, dan saat itu juga anak itu sembuh.",
Matius,17,19,Matius 17:19,ثُمَّ تَقَدَّمَ ٱلتَّلَامِيذُ إِلَى يَسُوعَ عَلَى ٱنْفِرَادٍ وَقَالُوا: «لِمَاذَا لَمْ نَقْدِرْ نَحْنُ أَنْ نُخْرِجَهُ؟».,"Kemudian para murid datang kepada Yesus, ketika mereka sendirian dengan-Nya dan bertanya, “Mengapa kami tidak dapat mengusir roh jahat itu?”","Kemudian, para pengikut-Nya datang sendirian kepada-Nya dan bertanya, “Mengapa kami tidak dapat mengusir setan itu?”",
Matius,17,20,Matius 17:20,فَقَالَ لَهُمْ يَسُوعُ: «لِعَدَمِ إِيمَانِكُمْ. فَٱلْحَقَّ أَقُولُ لَكُمْ: لَوْ كَانَ لَكُمْ إِيمَانٌ مِثْلُ حَبَّةِ خَرْدَلٍ لَكُنْتُمْ تَقُولُونَ لِهَذَا ٱلْجَبَلِ: ٱنْتَقِلْ مِنْ هُنَا إِلَى هُنَاكَ فَيَنْتَقِلُ، وَلَا يَكُونُ شَيْءٌ غَيْرَ مُمْكِنٍ لَدَيْكُمْ.,"Kata-Nya kepada mereka, “Karena imanmu yang kecil. Aku mengatakan yang sebenarnya kepadamu, kalau kamu mempunyai iman sebesar biji sesawi saja , maka kamu dapat berkata kepada gunung ini, ‘Pindahlah dari tempat ini ke sana!’ dan gunung ini akan pindah. Tidak ada yang mustahil bagimu.","Sabda Isa kepada mereka, “Karena kamu kurang beriman. Aku berkata kepadamu, jika kamu memiliki iman sebesar biji sesawi, maka kamu dapat berkata kepada gunung itu, ‘Pindahlah dari sini ke sana,’ dan gunung itu akan berpindah. Tidak akan ada sesuatu pun yang mustahil bagimu.",
Matius,17,21,Matius 17:21,وَأَمَّا هَذَا ٱلْجِنْسُ فَلَا يَخْرُجُ إِلَّا بِٱلصَّلَاةِ وَٱلصَّوْمِ».,"[Akan tetapi, jenis ini hanya dapat diusir dengan doa dan puasa.”]","Jenis ini tidak dapat diusir, kecuali dengan berdoa dan berpuasa.”",
Matius,17,22,Matius 17:22,وَفِيمَا هُمْ يَتَرَدَّدُونَ فِي ٱلْجَلِيلِ قَالَ لَهُمْ يَسُوعُ: «ٱبْنُ ٱلْإِنْسَانِ سَوْفَ يُسَلَّمُ إِلَى أَيْدِي ٱلنَّاسِ,"Ketika Yesus dan murid-murid-Nya sedang berkumpul di wilayah Galilea, Dia berkata kepada mereka, “Anak Manusia akan diserahkan ke dalam tangan manusia,","Saat Isa dan para pengikut-Nya berkumpul di wilayah Galilea, bersabdalah Ia kepada mereka, “Anak Manusia akan diserahkan ke tangan manusia.",
Matius,17,23,Matius 17:23,فَيَقْتُلُونَهُ، وَفِي ٱلْيَوْمِ ٱلثَّالِثِ يَقُومُ». فَحَزِنُوا جِدًّا.,"dan mereka akan membunuh-Nya, dan Dia akan dibangkitkan pada hari yang ketiga.” Dan, para murid-Nya menjadi sangat sedih.","Mereka akan menjatuhkan hukuman mati atas diri-Nya, tetapi pada hari yang ketiga setelah Ia mati, Ia akan dibangkitkan.” Kemudian, para pengikut-Nya pun menjadi sangat sedih.",
Matius,17,24,Matius 17:24,وَلَمَّا جَاءُوا إِلَى كَفْرَنَاحُومَ تَقَدَّمَ ٱلَّذِينَ يَأْخُذُونَ ٱلدِّرْهَمَيْنِ إِلَى بُطْرُسَ وَقَالُوا: «أَمَا يُوفِي مُعَلِّمُكُمُ ٱلدِّرْهَمَيْنِ؟».,"Ketika mereka tiba di Kapernaum, para pengumpul pajak 2 dirham datang kepada Petrus dan bertanya, “Apakah gurumu tidak membayar pajak 2 dirham? ”","Ketika Isa dan para pengikut-Nya sampai di Kota Kapernaum, datanglah seorang pemungut pajak Bait Allah. Ia menemui Petrus dan berkata, “Tidakkah gurumu membayar pajak yang besarnya dua dirham itu?”",
Matius,17,25,Matius 17:25,قَالَ: «بَلَى». فَلَمَّا دَخَلَ ٱلْبَيْتَ سَبَقَهُ يَسُوعُ قَائِلًا: «مَاذَا تَظُنُّ يا سِمْعَانُ؟ مِمَّنْ يَأْخُذُ مُلُوكُ ٱلْأَرْضِ ٱلْجِبَايَةَ أَوِ ٱلْجِزْيَةَ، أَمِنْ بَنِيهِمْ أَمْ مِنَ ٱلْأَجَانِبِ؟».,"Petrus menjawab, “Ya.” Ketika ia masuk ke dalam rumah, Yesus terlebih dahulu berbicara kepadanya, “Bagaimana pendapatmu, Simon? Dari siapakah raja-raja dunia ini menagih bea dan pajak? Dari anak-anaknya atau dari orang lain?”","Jawab Petrus, “Ia membayar!” Ketika Petrus masuk ke rumah, Isa bertanya mendahuluinya, “Hai Simon, bagaimanakah pendapatmu? Dari siapa raja-raja dunia ini memungut pajak? Dari anak-anaknya atau dari orang lain?”",
Matius,17,26,Matius 17:26,قَالَ لَهُ بُطْرُسُ: «مِنَ ٱلْأَجَانِبِ». قَالَ لَهُ يَسُوعُ: «فَإِذًا ٱلْبَنُونَ أَحْرَارٌ.,"Ketika Petrus menjawab, “Dari orang lain,” Yesus berkata kepadanya, “Kalau begitu, anak-anaknya bebas.","Jawab Petrus, “Dari orang lain.” Lalu, sabda Isa, “Jika begitu, bebaslah anak-anaknya.",
Matius,17,27,Matius 17:27,وَلَكِنْ لِئَلَّا نُعْثِرَهُمُ، ٱذْهَبْ إِلَى ٱلْبَحْرِ وَأَلْقِ صِنَّارَةً، وَٱلسَّمَكَةُ ٱلَّتِي تَطْلُعُ أَوَّلًا خُذْهَا، وَمَتَى فَتَحْتَ فَاهَا تَجِدْ إِسْتَارًا، فَخُذْهُ وَأَعْطِهِمْ عَنِّي وَعَنْكَ».,"Akan tetapi, supaya kita tidak menyinggung mereka, pergilah ke danau dan lemparkan kail. Ambillah ikan yang pertama muncul dan ketika kamu membuka mulutnya, kamu akan menemukan sekeping stater . Ambillah uang itu dan berikan kepada mereka, bagi-Ku dan bagimu.”","Tetapi, supaya kita tidak menyebabkan mereka tersandung, pergilah engkau dan mengaillah di danau. Ambillah ikan pertama yang kaudapatkan dan bukalah mulutnya. Di dalamnya akan kautemukan uang sebesar empat dirham. Ambillah uang itu, lalu berikan kepada mereka, untuk-Ku dan untukmu.”",
Matius,18,1,Matius 18:1,فِي تِلْكَ ٱلسَّاعَةِ تَقَدَّمَ ٱلتَّلَامِيذُ إِلَى يَسُوعَ قَائِلِينَ: «فَمَنْ هُوَ أَعْظَمُ فِي مَلَكُوتِ ٱلسَّمَاوَاتِ؟».,"Pada waktu itu, murid-murid datang kepada Yesus dan bertanya, “Siapakah yang terbesar dalam Kerajaan Surga?”","Pada waktu itu datanglah para pengikut-Nya kepada Isa dan bertanya, “Siapakah yang terbesar dalam Kerajaan Surga?”",
Matius,18,2,Matius 18:2,فَدَعَا يَسُوعُ إِلَيْهِ وَلَدًا وَأَقَامَهُ فِي وَسْطِهِمْ,"Lalu, Yesus memanggil seorang anak kecil kepada-Nya, dan menempatkan anak kecil itu di tengah-tengah mereka,","Kemudian, Ia memanggil anak kecil dan menempatkannya di tengah-tengah mereka.",
Matius,18,3,Matius 18:3,وَقَالَ: «اَلْحَقَّ أَقُولُ لَكُمْ: إِنْ لَمْ تَرْجِعُوا وَتَصِيرُوا مِثْلَ ٱلْأَوْلَادِ فَلَنْ تَدْخُلُوا مَلَكُوتَ ٱلسَّمَاوَاتِ.,"dan berkata, “Aku mengatakan yang sebenarnya kepadamu, kecuali kamu bertobat dan menjadi seperti anak-anak, kamu tidak akan masuk ke dalam Kerajaan Surga.","Sabda-Nya, “Sesungguhnya, Aku berkata kepadamu, jika kamu semua tidak berubah dan menjadi seperti anak-anak, kamu tidak akan masuk dalam Kerajaan Surga.",
Matius,18,4,Matius 18:4,فَمَنْ وَضَعَ نَفْسَهُ مِثْلَ هَذَا ٱلْوَلَدِ فَهُوَ ٱلْأَعْظَمُ فِي مَلَكُوتِ ٱلسَّمَاوَاتِ.,Siapa yang merendahkan dirinya seperti anak ini adalah yang terbesar dalam Kerajaan Surga.,"Sebab itu, siapa merendahkan dirinya seperti anak ini, dialah yang terbesar dalam Kerajaan Surga,",
Matius,18,5,Matius 18:5,وَمَنْ قَبِلَ وَلَدًا وَاحِدًا مِثْلَ هَذَا بِٱسْمِي فَقَدْ قَبِلَنِي.,"Dan, siapa yang menerima anak kecil seperti yang satu ini dalam nama-Ku, ia menerima Aku.”","dan siapa menyambut anak kecil seperti ini atas nama-Ku, ia menyambut Aku.”",
Matius,18,6,Matius 18:6,وَمَنْ أَعْثَرَ أَحَدَ هَؤُلَاءِ ٱلصِّغَارِ ٱلْمُؤْمِنِينَ بِي فَخَيْرٌ لَهُ أَنْ يُعَلَّقَ فِي عُنُقِهِ حَجَرُ ٱلرَّحَى وَيُغْرَقَ فِي لُجَّةِ ٱلْبَحْرِ.,"“Akan tetapi, siapa yang menyesatkan salah satu dari anak-anak kecil yang percaya kepada-Ku ini, lebih baik baginya jika sebuah batu kilangan digantungkan pada lehernya dan ditenggelamkan ke laut yang paling dalam.","“Siapa menyebabkan salah satu dari anak-anak kecil yang percaya kepada-Ku ini berdosa, maka lebih baik sebuah batu kisaran digantungkan pada lehernya, lalu ia ditenggelamkan di laut yang dalam.",
Matius,18,7,Matius 18:7,وَيْلٌ لِلْعَالَمِ مِنَ ٱلْعَثَرَاتِ! فَلَا بُدَّ أَنْ تَأْتِيَ ٱلْعَثَرَاتُ، وَلَكِنْ وَيْلٌ لِذَلِكَ ٱلْإِنْسَانِ ٱلَّذِي بِهِ تَأْتِي ٱلْعَثْرَةُ!,"Celakalah dunia karena penyesat-penyesat yang ada di dalamnya! Sebab, penyesatan memang harus terjadi, tetapi celakalah orang yang mendatangkannya.","Celakalah dunia ini! Sebab dari dunia ini muncul berbagai hal yang menyebabkan orang berdosa! Memang akan muncul berbagai hal yang menyebabkan orang berdosa, tetapi celakalah orang yang menjadi penyebabnya.",
Matius,18,8,Matius 18:8,فَإِنْ أَعْثَرَتْكَ يَدُكَ أَوْ رِجْلُكَ فَٱقْطَعْهَا وَأَلْقِهَا عَنْكَ. خَيْرٌ لَكَ أَنْ تَدْخُلَ ٱلْحَيَاةَ أَعْرَجَ أَوْ أَقْطَعَ مِنْ أَنْ تُلْقَى فِي ٱلنَّارِ ٱلْأَبَدِيَّةِ وَلَكَ يَدَانِ أَوْ رِجْلَانِ.,"Jika tangan atau kakimu membuatmu berdosa, potong dan buanglah itu. Lebih baik bagimu masuk ke dalam hidup dengan tangan yang buntung atau pincang daripada mempunyai dua tangan dan dua kaki, tetapi dibuang ke dalam api kekal.","Jika tangan atau kakimu menyebabkan kamu berdosa, potong dan buanglah! Karena lebih baik bagimu masuk ke dalam hidup dengan tangan kudung atau kaki timpang daripada kamu mempunyai dua tangan atau dua kaki, tetapi dicampakkan ke dalam api neraka jahanam.",
Matius,18,9,Matius 18:9,وَإِنْ أَعْثَرَتْكَ عَيْنُكَ فَٱقْلَعْهَا وَأَلْقِهَا عَنْكَ. خَيْرٌ لَكَ أَنْ تَدْخُلَ ٱلْحَيَاةَ أَعْوَرَ مِنْ أَنْ تُلْقَى فِي جَهَنَّمِ ٱلنَّارِ وَلَكَ عَيْنَانِ.,"Jika matamu membuatmu berdosa, cungkil dan buanglah itu. Lebih baik kamu masuk ke dalam hidup dengan satu mata, daripada mempunyai dua mata tetapi dibuang ke dalam neraka api.”","Jika matamu menyebabkan kamu berdosa, cungkil dan buanglah! Karena lebih baik bagimu masuk ke dalam hidup dengan hanya sebelah mata daripada kamu mempunyai dua mata, tetapi dicampakkan ke dalam api neraka jahanam.",
Matius,18,10,Matius 18:10,«اُنْظُرُوا، لَا تَحْتَقِرُوا أَحَدَ هَؤُلَاءِ ٱلصِّغَارِ، لِأَنِّي أَقُولُ لَكُمْ: إِنَّ مَلَائِكَتَهُمْ فِي ٱلسَّمَاوَاتِ كُلَّ حِينٍ يَنْظُرُونَ وَجْهَ أَبِي ٱلَّذِي فِي ٱلسَّمَاوَاتِ.,"“Perhatikanlah, jangan kamu meremehkan satu dari anak-anak kecil ini. Sebab, Aku mengatakan kepadamu bahwa malaikat-malaikat mereka di surga selalu memandang wajah Bapa-Ku yang di surga.","Ingatlah, jangan kamu menganggap hina seorang pun dari anak-anak yang kecil ini. Karena Aku berkata kepadamu bahwa di surga, malaikat-malaikat mereka selalu memandang wajah Bapa-Ku yang di surga.",
Matius,18,11,Matius 18:11,لِأَنَّ ٱبْنَ ٱلْإِنْسَانِ قَدْ جَاءَ لِكَيْ يُخَلِّصَ مَا قَدْ هَلَكَ.,"[Sebab, Anak Manusia telah datang untuk menyelamatkan orang yang hilang.]",Karena Anak Manusia datang untuk menyelamatkan yang hilang.”,
Matius,18,12,Matius 18:12,مَاذَا تَظُنُّونَ؟ إِنْ كَانَ لِإِنْسَانٍ مِئَةُ خَرُوفٍ، وَضَلَّ وَاحِدٌ مِنْهَا، أَفَلَا يَتْرُكُ ٱلتِّسْعَةَ وَٱلتِّسْعِينَ عَلَى ٱلْجِبَالِ وَيَذْهَبُ يَطْلُبُ ٱلضَّالَّ؟,"Bagaimana menurutmu? Jika seseorang mempunyai 100 ekor domba, tetapi yang satu dari mereka tersesat, tidakkah orang itu meninggalkan yang 99 ekor di gunung dan pergi untuk mencari satu yang tersesat itu?","Sabda Isa, “Bagaimanakah pendapatmu? Jika seseorang mempunyai seratus ekor domba, lalu seekor di antaranya tersesat, bukankah yang sembilan puluh sembilan ekor itu akan ditinggalkannya di perbukitan untuk mencari yang seekor yang tersesat itu?",
Matius,18,13,Matius 18:13,وَإِنِ ٱتَّفَقَ أَنْ يَجِدَهُ، فَٱلْحَقَّ أَقُولُ لَكُمْ: إِنَّهُ يَفْرَحُ بِهِ أَكْثَرَ مِنَ ٱلتِّسْعَةِ وَٱلتِّسْعِينَ ٱلَّتِي لَمْ تَضِلَّ.,"Dan, jika ia menemukannya, sesungguhnya Aku mengatakan kepadamu, ia lebih bersukacita atas satu yang tersesat itu daripada 99 yang tidak tersesat.","Lalu, jika ia telah mendapatkannya kembali, Aku berkata kepadamu, ia akan lebih bergembira atas yang seekor itu daripada atas sembilan puluh sembilan ekor yang tidak tersesat.",
Matius,18,14,Matius 18:14,هَكَذَا لَيْسَتْ مَشِيئَةً أَمَامَ أَبِيكُمُ ٱلَّذِي فِي ٱلسَّمَاوَاتِ أَنْ يَهْلِكَ أَحَدُ هَؤُلَاءِ ٱلصِّغَارِ.,"Demikian juga, bukanlah kehendak Bapamu yang di surga jika seorang dari anak-anak kecil ini binasa.”",Begitu juga Bapamu yang di surga. Ia tidak menghendaki seorang pun dari anak-anak yang kecil ini binasa.”,
Matius,18,15,Matius 18:15,«وَإِنْ أَخْطَأَ إِلَيْكَ أَخُوكَ فَٱذْهَبْ وَعَاتِبْهُ بَيْنَكَ وَبَيْنَهُ وَحْدَكُمَا. إِنْ سَمِعَ مِنْكَ فَقَدْ رَبِحْتَ أَخَاكَ.,"“Jika saudaramu berdosa, pergi dan tunjukkan kesalahannya, antara kamu dan ia sendiri saja. Jika ia mendengarkanmu, kamu telah mendapatkan saudaramu.","“Karena itu, jika saudaramu berbuat dosa, tegurlah dia secara pribadi. Jika ia mau mendengarkanmu, maka engkau telah mendapatkannya kembali.",
Matius,18,16,Matius 18:16,وَإِنْ لَمْ يَسْمَعْ، فَخُذْ مَعَكَ أَيْضًا وَاحِدًا أَوِ ٱثْنَيْنِ، لِكَيْ تَقُومَ كُلُّ كَلِمَةٍ عَلَى فَمِ شَاهِدَيْنِ أَوْ ثَلَاثَةٍ.,"Akan tetapi, jika ia tidak mendengarkanmu, ajaklah satu atau dua orang lagi bersamamu supaya dengan mulut dari dua atau tiga orang saksi, setiap perkataan ditetapkan.","Tetapi, jika ia tidak mau mendengarkanmu, ajaklah bersamamu seorang atau dua orang lagi supaya dengan dua atau tiga orang saksi hal itu menjadi sah.",
Matius,18,17,Matius 18:17,وَإِنْ لَمْ يَسْمَعْ مِنْهُمْ فَقُلْ لِلْكَنِيسَةِ. وَإِنْ لَمْ يَسْمَعْ مِنَ ٱلْكَنِيسَةِ فَلْيَكُنْ عِنْدَكَ كَٱلْوَثَنِيِّ وَٱلْعَشَّارِ.,"Jika ia menolak untuk mendengarkan mereka, katakan hal itu kepada jemaat. Dan, jika ia bahkan menolak untuk mendengarkan jemaat, biarlah ia menjadi seperti bangsa-bangsa lain dan pengumpul pajak.","Jika ia tidak mendengarkan mereka, ajukanlah hal itu kepada jemaah. Jika ia masih juga tidak mau mendengarkan jemaah, anggaplah ia sebagai orang yang tidak mengenal Allah atau sebagai pemungut cukai.",
Matius,18,18,Matius 18:18,اَلْحَقَّ أَقُولُ لَكُمْ: كُلُّ مَا تَرْبِطُونَهُ عَلَى ٱلْأَرْضِ يَكُونُ مَرْبُوطًا فِي ٱلسَّمَاءِ، وَكُلُّ مَا تَحُلُّونَهُ عَلَى ٱلْأَرْضِ يَكُونُ مَحْلُولًا فِي ٱلسَّمَاءِ.,"Aku mengatakan yang sebenarnya kepadamu bahwa apa yang kamu ikat di bumi akan terikat di surga. Dan, apa yang kamu lepaskan di bumi akan terlepas di surga.","Sesungguhnya, Aku berkata kepadamu, segala sesuatu yang kamu ikat di bumi akan terikat di surga, dan segala sesuatu yang kamu lepaskan di bumi akan terlepas juga di surga.",
Matius,18,19,Matius 18:19,وَأَقُولُ لَكُمْ أَيْضًا: إِنِ ٱتَّفَقَ ٱثْنَانِ مِنْكُمْ عَلَى ٱلْأَرْضِ فِي أَيِّ شَيْءٍ يَطْلُبَانِهِ فَإِنَّهُ يَكُونُ لَهُمَا مِنْ قِبَلِ أَبِي ٱلَّذِي فِي ٱلسَّمَاوَاتِ،,"Sekali lagi, Aku mengatakan kepadamu bahwa jika dua orang di antaramu sepakat di bumi tentang sesuatu yang mereka minta, hal itu akan terjadi bagi mereka oleh Bapa-Ku yang ada di surga.","Aku berkata pula kepadamu, jika dua orang di antara kamu di bumi ini bersepakat untuk meminta sesuatu, maka permintaan itu akan dikabulkan oleh Bapa-Ku yang di surga.",
Matius,18,20,Matius 18:20,لِأَنَّهُ حَيْثُمَا ٱجْتَمَعَ ٱثْنَانِ أَوْ ثَلَاثَةٌ بِٱسْمِي فَهُنَاكَ أَكُونُ فِي وَسْطِهِمْ».,"Sebab, di tempat dua atau tiga orang berkumpul bersama dalam Nama-Ku, Aku ada di tengah-tengah mereka.”","Karena di mana dua atau tiga orang berhimpun dalam nama-Ku, di situ Aku ada di tengah-tengah mereka.”",
Matius,18,21,Matius 18:21,حِينَئِذٍ تَقَدَّمَ إِلَيْهِ بُطْرُسُ وَقَالَ: «يَارَبُّ، كَمْ مَرَّةً يُخْطِئُ إِلَيَّ أَخِي وَأَنَا أَغْفِرُ لَهُ؟ هَلْ إِلَى سَبْعِ مَرَّاتٍ؟».,"Kemudian, Petrus datang kepada Yesus dan bertanya, “Tuhan, seberapa sering seharusnya aku mengampuni saudaraku yang berdosa terhadapku? Sampai 7 kali?”","Kemudian, Petrus mendekati Isa dan bertanya, “Ya Junjungan, berapa kalikah aku harus mengampuni saudaraku yang bersalah kepadaku? Sampai tujuh kalikah?”",
Matius,18,22,Matius 18:22,قَالَ لَهُ يَسُوعُ: «لَا أَقُولُ لَكَ إِلَى سَبْعِ مَرَّاتٍ، بَلْ إِلَى سَبْعِينَ مَرَّةً سَبْعَ مَرَّاتٍ.,"Yesus berkata kepadanya, “Aku tidak mengatakan kepadamu sampai 7 kali tetapi sampai 70 kali 7 kali.","Sabda Isa kepadanya, “Aku berkata kepadamu, bukan hanya tujuh kali, tetapi sampai tujuh puluh kali tujuh.",
Matius,18,23,Matius 18:23,لِذَلِكَ يُشْبِهُ مَلَكُوتُ ٱلسَّمَاوَاتِ إِنْسَانًا مَلِكًا أَرَادَ أَنْ يُحَاسِبَ عَبِيدَهُ.,"Karena itulah, Kerajaan Surga diumpamakan seperti seorang raja yang mengadakan perhitungan dengan para hambanya.",Sebab Kerajaan Surga itu dapat diibaratkan dengan seorang raja yang hendak mengadakan perhitungan dengan para hambanya.,
Matius,18,24,Matius 18:24,فَلَمَّا ٱبْتَدَأَ فِي ٱلْمُحَاسَبَةِ قُدِّمَ إِلَيْهِ وَاحِدٌ مَدْيُونٌ بِعَشَرِ آلَافِ وَزْنَةٍ.,"Ketika ia mulai mengadakan perhitungan, orang yang berutang sebesar 10.000 talenta dibawa kepadanya.","Ketika ia memulainya, dibawalah ke hadapannya seorang hamba yang berutang sebanyak enam puluh juta dinar.",
Matius,18,25,Matius 18:25,وَإِذْ لَمْ يَكُنْ لَهُ مَا يُوفِي أَمَرَ سَيِّدُهُ أَنْ يُبَاعَ هُوَ وَٱمْرَأَتُهُ وَأَوْلَادُهُ وَكُلُّ مَا لَهُ، وَيُوفَي ٱلدَّيْنُ.,"Karena ia itu tidak mampu membayar, tuannya memerintahkan supaya ia dijual, beserta istri dan anak-anaknya, juga semua yang ia miliki, dan dengan itu pembayaran dilakukan.","Karena hamba itu tidak dapat membayar utangnya, maka sang tuan memerintahkan agar ia beserta anak-anaknya, istrinya, dan segala miliknya dijual untuk membayar utang-utangnya itu.",
Matius,18,26,Matius 18:26,فَخَرَّ ٱلْعَبْدُ وَسَجَدَ لَهُ قَائِلًا: يا سَيِّدُ، تَمَهَّلْ عَلَيَّ فَأُوفِيَكَ ٱلْجَمِيعَ.,"Maka, hamba itu tersungkur dan menyembah tuannya, katanya, ‘Bersabarlah kepadaku dan aku akan membayar semuanya kepadamu.’","Maka, sujudlah hamba itu di hadapannya dan berkata, ‘Sabarlah ya Tuan, aku akan membayar semuanya.’",
Matius,18,27,Matius 18:27,فَتَحَنَّنَ سَيِّدُ ذَلِكَ ٱلْعَبْدِ وَأَطْلَقَهُ، وَتَرَكَ لَهُ ٱلدَّيْنَ.,"Kemudian, tuan dari hamba itu berbelas kasihan, dan membebaskannya, dan memberi ampunan atas utangnya itu.","Melihat hal itu, ibalah hati sang tuan terhadap hambanya itu sehingga ia membebaskan hamba itu dari semua utangnya.",
Matius,18,28,Matius 18:28,وَلَمَّا خَرَجَ ذَلِكَ ٱلْعَبْدُ وَجَدَ وَاحِدًا مِنَ ٱلْعَبِيدِ رُفَقَائِهِ، كَانَ مَدْيُونًا لَهُ بِمِئَةِ دِينَارٍ، فَأَمْسَكَهُ وَأَخَذَ بِعُنُقِهِ قَائِلًا: أَوْفِنِي مَا لِي عَلَيْكَ.,"Akan tetapi, ketika hamba itu keluar dan bertemu dengan hamba lain yang berutang 100 dinar kepadanya, ia menangkap serta mencekik hamba itu, dan berkata, ‘Bayar kembali uang yang kamu pinjam dariku!’","Tetapi, ketika hamba itu keluar dan bertemu dengan kawannya yang berutang kepadanya sebanyak seratus dinar, ia menangkap dan mencekik kawannya itu serta berkata, ‘Bayarlah utangmu!’",
Matius,18,29,Matius 18:29,فَخَرَّ ٱلْعَبْدُ رَفِيقُهُ عَلَى قَدَمَيْهِ وَطَلَبَ إِلَيْهِ قَائِلًا: تَمَهَّلْ عَلَيَّ فَأُوفِيَكَ ٱلْجَمِيعَ.,"Maka, hamba yang berutang itu bersujud dan memohon kepadanya, katanya, ‘Bersabarlah kepadaku dan aku akan membayar semuanya kepadamu.’","Maka, sujudlah kawannya itu serta meminta kepadanya, ‘Sabarlah, aku akan membayarnya.’",
Matius,18,30,Matius 18:30,فَلَمْ يُرِدْ بَلْ مَضَى وَأَلْقَاهُ فِي سِجْنٍ حَتَّى يُوفِيَ ٱلدَّيْنَ.,"Akan tetapi, ia menolak dan menjebloskan temannya itu ke penjara sampai ia bisa melunasi semua utangnya.","Tetapi, ia menolaknya, bahkan kawannya itu dijebloskannya ke dalam penjara sampai utangnya lunas.",
Matius,18,31,Matius 18:31,فَلَمَّا رَأَى ٱلْعَبِيدُ رُفَقَاؤُهُ مَا كَانَ، حَزِنُوا جِدًّا. وَأَتَوْا وَقَصُّوا عَلَى سَيِّدِهِمْ كُلَّ مَا جَرَى.,"Ketika hamba-hamba yang lain melihat kejadian itu, mereka menjadi sangat sedih lalu datang dan melaporkan kepada tuannya tentang segala sesuatu yang telah terjadi.","Melihat hal itu, kawan-kawannya yang lain menjadi sangat sedih, lalu menceritakan semua hal yang terjadi kepada tuan mereka.",
Matius,18,32,Matius 18:32,فَدَعَاهُ حِينَئِذٍ سَيِّدُهُ وَقَالَ لَهُ: أَيُّهَا ٱلْعَبْدُ ٱلشِّرِّيرُ، كُلُّ ذَلِكَ ٱلدَّيْنِ تَرَكْتُهُ لَكَ لِأَنَّكَ طَلَبْتَ إِلَيَّ.,"Kemudian, tuannya memanggil hamba yang pertama itu dan berkata kepadanya, ‘Kamu hamba yang jahat. Aku mengampuni semua utangmu karena kamu memohon kepadaku.","Mendengar hal itu, tuan itu pun segera memanggil hamba yang telah dibebaskan utangnya itu dan berkata, ‘Hai hamba yang jahat, seluruh utangmu sudah kuhapuskan karena engkau memintanya kepadaku.",
Matius,18,33,Matius 18:33,أَفَمَا كَانَ يَنْبَغِي أَنَّكَ أَنْتَ أَيْضًا تَرْحَمُ ٱلْعَبْدَ رَفِيقَكَ كَمَا رَحِمْتُكَ أَنَا؟,"Bukankah kamu seharusnya memiliki belas kasihan kepada hamba sesamamu, seperti aku juga telah menunjukkan belas kasihan kepadamu?’",Bukankah engkau pun harus mengasihani kawanmu itu seperti aku sudah mengasihanimu?’,
Matius,18,34,Matius 18:34,وَغَضِبَ سَيِّدُهُ وَسَلَّمَهُ إِلَى ٱلْمُعَذِّبِينَ حَتَّى يُوفِيَ كُلَّ مَا كَانَ لَهُ عَلَيْهِ.,"Dan, tuannya, dengan penuh kemarahan, menyerahkannya kepada para penyiksa sampai ia dapat membayar kembali semua yang dipinjamkan kepadanya.","Tuannya itu menjadi sangat marah, lalu menyerahkan hamba yang jahat itu kepada algojo-algojonya sampai ia membayar semua utangnya.",
Matius,18,35,Matius 18:35,فَهَكَذَا أَبِي ٱلسَّمَاوِيُّ يَفْعَلُ بِكُمْ إِنْ لَمْ تَتْرُكُوا مِنْ قُلُوبِكُمْ كُلُّ وَاحِدٍ لِأَخِيهِ زَلَّاتِهِ».,"Bapa-Ku di surga juga akan melakukan hal yang sama kepadamu, jika kamu tidak mengampuni saudaramu dari dalam hatimu.”","Maka, begitu jugalah akan dilakukan oleh Bapa-Ku yang di surga jika kamu tidak mengampuni saudaramu dengan segenap hatimu.”",
Matius,19,1,Matius 19:1,وَلَمَّا أَكْمَلَ يَسُوعُ هَذَا ٱلْكَلَامَ ٱنْتَقَلَ مِنَ ٱلْجَلِيلِ وَجَاءَ إِلَى تُخُومِ ٱلْيَهُودِيَّةِ مِنْ عَبْرِ ٱلْأُرْدُنِّ.,"Ketika Yesus sudah menyelesaikan perkataan-perkataan ini, Dia berangkat dari Galilea dan tiba di wilayah Yudea, di seberang sungai Yordan.","Setelah Isa selesai menyampaikan perkataan itu, pergilah Ia dari wilayah Galilea ke wilayah Yudea, yang terletak di seberang Sungai Yordan.",
Matius,19,2,Matius 19:2,وَتَبِعَتْهُ جُمُوعٌ كَثِيرَةٌ فَشَفَاهُمْ هُنَاكَ.,"Dan, kerumunan besar orang mengikuti-Nya, dan Dia menyembuhkan mereka di sana.","Sejumlah besar orang mengikuti-Nya, dan Ia menyembuhkan mereka di sana.",
Matius,19,3,Matius 19:3,وَجَاءَ إِلَيْهِ ٱلْفَرِّيسِيُّونَ لِيُجَرِّبُوهُ قَائِلِينَ لَهُ: «هَلْ يَحِلُّ لِلرَّجُلِ أَنْ يُطَلِّقَ ٱمْرَأَتَهُ لِكُلِّ سَبَبٍ؟».,"Beberapa orang Farisi datang kepada Yesus untuk mencobai Dia dan bertanya, “Apakah dibenarkan bagi laki-laki untuk menceraikan istrinya dengan berbagai alasan?”","Kemudian, datanglah orang-orang dari mazhab Farisi kepada-Nya dengan maksud hendak mencobai-Nya. Mereka bertanya, “Bolehkah seseorang menceraikan istrinya karena berbagai alasan?”",
Matius,19,4,Matius 19:4,فَأَجَابَ وَقَالَ لَهُمْ: «أَمَا قَرَأْتُمْ أَنَّ ٱلَّذِي خَلَقَ مِنَ ٱلْبَدْءِ خَلَقَهُمَا ذَكَرًا وَأُنْثَى؟,"Lalu, Yesus menjawab dan berkata, “Tidakkah kamu membaca bahwa Ia, yang menciptakan mereka sejak semula, menjadikan mereka laki-laki dan perempuan,","Sabda Isa, “Tidakkah kamu baca bahwa Dia, yang menciptakan manusia, dari mulanya menjadikan laki-laki dan perempuan?",
Matius,19,5,Matius 19:5,وَقَالَ: مِنْ أَجْلِ هَذَا يَتْرُكُ ٱلرَّجُلُ أَبَاهُ وَأُمَّهُ وَيَلْتَصِقُ بِٱمْرَأَتِهِ، وَيَكُونُ ٱلِٱثْنَانِ جَسَدًا وَاحِدًا.,"dan Ia berfirman, ‘Karena itu, laki-laki harus meninggalkan ayahnya dan ibunya, dan menjadi satu dengan istrinya, dan keduanya itu akan menjadi satu tubuh’?","Firman-Nya, ‘Oleh sebab itu, seorang laki-laki akan meninggalkan ayah serta ibunya dan hidup bersama-sama dengan istrinya sehingga keduanya akan menjadi satu.’",
Matius,19,6,Matius 19:6,إِذًا لَيْسَا بَعْدُ ٱثْنَيْنِ بَلْ جَسَدٌ وَاحِدٌ. فَٱلَّذِي جَمَعَهُ ٱللهُ لَا يُفَرِّقُهُ إِنْسَانٌ».,"Jadi, mereka bukan lagi dua, melainkan satu tubuh. Karena itu, apa yang sudah dipersatukan Allah, manusia tidak boleh memisahkannya.”","Dengan demikian, mereka bukan lagi dua, melainkan satu. Sebab itu, apa yang sudah dipersatukan oleh Allah janganlah dipisahkan oleh manusia.”",
Matius,19,7,Matius 19:7,قَالُوا لَهُ: «فَلِمَاذَا أَوْصَى مُوسَى أَنْ يُعْطَى كِتَابُ طَلَاقٍ فَتُطَلَّقُ؟».,"Mereka berkata kepada Yesus, “Lalu, mengapa Musa memerintahkan untuk memberikan istrinya surat cerai dan menyuruhnya pulang ?”","Jawab mereka, “Kalau begitu, mengapa Musa memerintahkan untuk memberi surat talak dan menceraikannya?”",
Matius,19,8,Matius 19:8,قَالَ لَهُمْ: «إِنَّ مُوسَى مِنْ أَجْلِ قَسَاوَةِ قُلُوبِكُمْ أَذِنَ لَكُمْ أَنْ تُطَلِّقُوا نِسَاءَكُمْ. وَلَكِنْ مِنَ ٱلْبَدْءِ لَمْ يَكُنْ هَكَذَا.,"Yesus berkata kepada mereka, “Karena kekerasan hatimu, Musa mengizinkan kamu menceraikan istrimu. Akan tetapi, pada awalnya tidaklah demikian.","Sabda Isa, “Sebab sikapmu yang keras kepala itulah, maka Musa meluluskan permintaanmu untuk menceraikan istrimu, tetapi sejak mulanya tidaklah demikian.",
Matius,19,9,Matius 19:9,وَأَقُولُ لَكُمْ: إِنَّ مَنْ طَلَّقَ ٱمْرَأَتَهُ إِلَّا بِسَبَبِ ٱلزِّنَا وَتَزَوَّجَ بِأُخْرَى يَزْنِي، وَٱلَّذِي يَتَزَوَّجُ بِمُطَلَّقَةٍ يَزْنِي».,"Dan, Aku mengatakan kepadamu bahwa siapa yang menceraikan istrinya, kecuali karena zina, lalu menikah dengan perempuan lain, ia berzina.”","Aku berkata kepadamu, siapa menceraikan istrinya, kecuali karena percabulan, lalu menikah dengan perempuan lain, ia melakukan perzinaan.”",
Matius,19,10,Matius 19:10,قَالَ لَهُ تَلَامِيذُهُ: «إِنْ كَانَ هَكَذَا أَمْرُ ٱلرَّجُلِ مَعَ ٱلْمَرْأَةِ، فَلَا يُوافِقُ أَنْ يَتَزَوَّجَ!».,"Murid-murid berkata kepada-Nya, “Jika seperti ini halnya suami dengan istrinya, lebih baik tidak menikah.”","Kata para pengikut-Nya, “Jika hal tentang suami istri itu demikian adanya, maka lebih baik tidak menikah.”",
Matius,19,11,Matius 19:11,فَقَالَ لَهُمْ: «لَيْسَ ٱلْجَمِيعُ يَقْبَلُونَ هَذَا ٱلْكَلَامَ بَلِ ٱلَّذِينَ أُعْطِيَ لَهُم،,"Namun, Yesus berkata kepada mereka, “Tidak semua orang dapat menerima perkataan ini, kecuali mereka yang dikaruniai.","Tetapi, sabda-Nya kepada mereka, “Tidak semua orang dapat menerima ajaran ini, melainkan hanya mereka yang dikaruniai pengertian.",
Matius,19,12,Matius 19:12,لِأَنَّهُ يُوجَدُ خِصْيَانٌ وُلِدُوا هَكَذَا مِنْ بُطُونِ أُمَّهَاتِهِمْ، وَيُوجَدُ خِصْيَانٌ خَصَاهُمُ ٱلنَّاسُ، وَيُوجَدُ خِصْيَانٌ خَصَوْا أَنْفُسَهُمْ لِأَجْلِ مَلَكُوتِ ٱلسَّمَاوَاتِ. مَنِ ٱسْتَطَاعَ أَنْ يَقْبَلَ فَلْيَقْبَلْ».,"Sebab, ada orang yang tidak menikah karena memang lahir demikian dari rahim ibunya, dan ada orang yang tidak menikah karena dimandulkan oleh orang lain , dan ada juga orang yang mandul yang memandulkan dirinya sendiri demi Kerajaan Surga. Barang siapa dapat menerima hal ini, biarlah ia menerimanya.”","Ada orang yang tidak dapat menikah karena begitulah keadaannya sejak dari rahim ibunya. Ada juga yang dibuat demikian oleh orang lain, tetapi ada pula yang tidak menikah karena ia sendiri memutuskan demikian demi Kerajaan Surga. Jadi, orang yang dapat menerima ajaran ini, hendaklah ia menerimanya.”",
Matius,19,13,Matius 19:13,حِينَئِذٍ قُدِّمَ إِلَيْهِ أَوْلَادٌ لِكَيْ يَضَعَ يَدَيْهِ عَلَيْهِمْ وَيُصَلِّيَ، فَٱنْتَهَرَهُمُ ٱلتَّلَامِيذُ.,"Kemudian, beberapa anak kecil dibawa kepada-Nya supaya Dia dapat meletakkan tangan-Nya atas anak-anak itu dan mendoakan mereka. Akan tetapi, murid-murid menegur orang-orang itu.","Kemudian, beberapa orang membawa anak-anaknya kepada Isa dengan maksud supaya Ia menumpangkan tangan ke atas mereka serta mendoakan mereka. Akan tetapi, para pengikut-Nya menegur mereka.",
Matius,19,14,Matius 19:14,أَمَّا يَسُوعُ فَقَالَ: «دَعُوا ٱلْأَوْلَادَ يَأْتُونَ إِلَيَّ وَلَا تَمْنَعُوهُمْ لِأَنَّ لِمِثْلِ هَؤُلَاءِ مَلَكُوتَ ٱلسَّمَاوَاتِ».,"Namun, Yesus berkata, “Biarkanlah anak-anak kecil itu. Jangan menghalangi mereka datang kepada-Ku sebab Kerajaan Surga adalah milik orang-orang yang seperti anak-anak kecil ini.”","Lalu, Isa bersabda, “Biarkanlah anak-anak itu, jangan halangi mereka datang kepada-Ku karena orang-orang yang demikianlah yang memiliki Kerajaan Surga.”",
Matius,19,15,Matius 19:15,فَوَضَعَ يَدَيْهِ عَلَيْهِمْ، وَمَضَى مِنْ هُنَاكَ.,"Setelah Yesus meletakkan tangan-Nya atas anak-anak itu, Dia pergi dari situ.","Kemudian, Ia menumpangkan tangan-Nya atas anak-anak itu, lalu pergi dari sana.",
Matius,19,16,Matius 19:16,وَإِذَا وَاحِدٌ تَقَدَّمَ وَقَالَ لَهُ: «أَيُّهَا ٱلْمُعَلِّمُ ٱلصَّالِحُ، أَيَّ صَلَاحٍ أَعْمَلُ لِتَكُونَ لِيَ ٱلْحَيَاةُ ٱلْأَبَدِيَّةُ؟».,"Kemudian, lihat, seseorang datang kepada Yesus dan bertanya, “Guru, hal baik apa yang harus aku lakukan supaya mendapat hidup yang kekal?”","Tiba-tiba datanglah seseorang kepada Isa. Ia berkata, “Ya Guru, perbuatan baik apa yang patut kulakukan supaya aku mendapatkan hidup yang kekal?”",
Matius,19,17,Matius 19:17,فَقَالَ لَهُ: «لِمَاذَا تَدْعُونِي صَالِحًا؟ لَيْسَ أَحَدٌ صَالِحًا إِلَّا وَاحِدٌ وَهُوَ ٱللهُ. وَلَكِنْ إِنْ أَرَدْتَ أَنْ تَدْخُلَ ٱلْحَيَاةَ فَٱحْفَظِ ٱلْوَصَايَا».,"Dan, Yesus berkata kepada orang itu, “Mengapa kamu bertanya kepada-Ku tentang apa yang baik? Hanya ada Satu yang baik. Namun, jika kamu mau masuk ke dalam hidup, taatilah perintah-perintah itu.”","Sabda Isa, “Mengapa engkau bertanya kepada-Ku tentang apa yang baik? Hanya ada Satu yang baik. Tetapi, apabila engkau ingin masuk ke dalam hidup, taatilah perintah-perintah-Nya.”",
Matius,19,18,Matius 19:18,قَالَ لَهُ: «أَيَّةَ ٱلْوَصَايَا؟». فَقَالَ يَسُوعُ: «لَا تَقْتُلْ. لَا تَزْنِ. لَا تَسْرِقْ. لَا تَشْهَدْ بِٱلزُّورِ.,"Orang itu bertanya kepada Yesus, “Perintah yang mana?” ‘Jawab Yesus, “Jangan membunuh, jangan berzina, jangan mencuri, jangan memberi kesaksian palsu,","Lalu, bertanyalah ia kepada-Nya, “Perintah-perintah yang mana?” Sabda Isa, “Jangan membunuh, jangan berzina, jangan mencuri, jangan menjadi saksi dusta,",
Matius,19,19,Matius 19:19,أَكْرِمْ أَبَاكَ وَأُمَّكَ، وَأَحِبَّ قَرِيبَكَ كَنَفْسِكَ».,"hormatilah ayahmu dan ibumu, dan kasihilah sesamamu manusia seperti dirimu sendiri.”","hormatilah ayah serta ibumu, dan kasihilah sesamamu manusia seperti dirimu sendiri.”",
Matius,19,20,Matius 19:20,قَالَ لَهُ ٱلشَّابُّ: «هَذِهِ كُلُّهَا حَفِظْتُهَا مُنْذُ حَدَاثَتِي. فَمَاذَا يُعْوِزُنِي بَعْدُ؟».,"Orang muda itu berkata kepada-Nya, “Semua hal itu sudah aku taati, apa lagi yang masih kurang?”","Jawab orang muda itu, “Semua itu sudah kuturuti, apa lagi yang masih kurang?”",
Matius,19,21,Matius 19:21,قَالَ لَهُ يَسُوعُ: «إِنْ أَرَدْتَ أَنْ تَكُونَ كَامِلًا فَٱذْهَبْ وَبِعْ أَمْلَاكَكَ وَأَعْطِ ٱلْفُقَرَاءَ، فَيَكُونَ لَكَ كَنْزٌ فِي ٱلسَّمَاءِ، وَتَعَالَ ٱتْبَعْنِي».,"Yesus berkata kepadanya, “Jika kamu ingin sempurna, pergi dan juallah semua yang kamu miliki. Lalu, berikanlah kepada orang miskin, dan kamu akan memiliki harta di surga, dan mari ikutlah Aku.”","Sabda Isa, “Jika engkau ingin sempurna, pergilah, juallah segala sesuatu yang kamu miliki, kemudian berikanlah hasil penjualannya kepada fakir miskin maka engkau akan memperoleh harta di surga. Setelah itu, ikutlah Aku.”",
Matius,19,22,Matius 19:22,فَلَمَّا سَمِعَ ٱلشَّابُّ ٱلْكَلِمَةَ مَضَى حَزِينًا، لِأَنَّهُ كَانَ ذَا أَمْوَالٍ كَثِيرَةٍ.,"Namun, ketika orang muda itu mendengar pernyataan ini, ia pergi dengan sedih sebab ia sangat kaya.","Tetapi, ketika orang muda itu mendengar sabda-Nya, pergilah ia dengan hati sedih karena ia memiliki banyak harta.",
Matius,19,23,Matius 19:23,فَقَالَ يَسُوعُ لِتَلَامِيذِهِ: «ٱلْحَقَّ أَقُولُ لَكُمْ: إِنَّهُ يَعْسُرُ أَنْ يَدْخُلَ غَنِيٌّ إِلَى مَلَكُوتِ ٱلسَّمَاوَاتِ!,"Lalu, Yesus berkata kepada murid-murid-Nya, “Aku mengatakan yang sebenarnya kepadamu, sulit bagi orang kaya untuk masuk ke dalam Kerajaan Surga.","Kemudian, Isa bersabda kepada para pengikut-Nya, “Sesungguhnya, Aku berkata kepadamu, orang kaya sulit masuk Kerajaan Surga.",
Matius,19,24,Matius 19:24,وَأَقُولُ لَكُمْ أَيْضًا: إِنَّ مُرُورَ جَمَلٍ مِنْ ثَقْبِ إِبْرَةٍ أَيْسَرُ مِنْ أَنْ يَدْخُلَ غَنِيٌّ إِلَى مَلَكُوتِ ٱللهِ!».,"Sekali lagi, Aku mengatakan kepadamu bahwa lebih mudah bagi seekor unta untuk melewati lubang jarum daripada orang kaya masuk ke dalam Kerajaan Allah.”","Sekali lagi Aku berkata kepadamu, lebih mudah seekor unta melewati lubang jarum daripada seorang kaya masuk Kerajaan Allah.”",
Matius,19,25,Matius 19:25,فَلَمَّا سَمِعَ تَلَامِيذُهُ بُهِتُوا جِدًّا قَائِلِينَ: «إِذًا مَنْ يَسْتَطِيعُ أَنْ يَخْلُصَ؟».,"Ketika para murid mendengar perkataan itu, mereka menjadi sangat terheran-heran, dan berkata, “Kalau begitu, siapa yang bisa diselamatkan?”","Mendengar hal itu, para pengikut-Nya merasa sangat heran. Lalu, tanya mereka, “Kalau begitu, siapakah yang dapat diselamatkan?”",
Matius,19,26,Matius 19:26,فَنَظَرَ إِلَيْهِمْ يَسُوعُ وَقَالَ لَهُمْ: «هَذَا عِنْدَ ٱلنَّاسِ غَيْرُ مُسْتَطَاعٍ، وَلَكِنْ عِنْدَ ٱللهِ كُلُّ شَيْءٍ مُسْتَطَاعٌ».,"Sambil memandang mereka, Yesus berkata, “Bagi manusia, hal ini mustahil, tetapi bagi Allah, semua hal itu mungkin.”","Isa memandang mereka dan bersabda, “Memang bagi manusia hal itu mustahil, tetapi bagi Allah tidak ada satu pun yang mustahil.”",
Matius,19,27,Matius 19:27,فَأَجَابَ بُطْرُسُ حِينَئِذٍ وَقَالَ لَهُ: «هَا نَحْنُ قَدْ تَرَكْنَا كُلَّ شَيْءٍ وَتَبِعْنَاكَ. فَمَاذَا يَكُونُ لَنَا؟».,"Kemudian, Petrus berkata kepada-Nya, “Lihat, kami sudah meninggalkan semuanya dan mengikuti Engkau. Jadi, apa yang akan kami terima?”","Setelah itu, bertanyalah Petrus kepada Isa, “Kami sudah meninggalkan segala-galanya dan mengikut Engkau, ya Junjungan. Jadi, apa yang akan kami peroleh?”",
Matius,19,28,Matius 19:28,فَقَالَ لَهُمْ يَسُوعُ: «ٱلْحَقَّ أَقُولُ لَكُمْ: إِنَّكُمْ أَنْتُمُ ٱلَّذِينَ تَبِعْتُمُونِي، فِي ٱلتَّجْدِيدِ، مَتَى جَلَسَ ٱبْنُ ٱلْإِنْسَانِ عَلَى كُرْسِيِّ مَجْدِهِ، تَجْلِسُونَ أَنْتُمْ أَيْضًا عَلَى ٱثْنَيْ عَشَرَ كُرْسِيًّا تَدِينُونَ أَسْبَاطَ إِسْرَائِيلَ ٱلِٱثْنَيْ عَشَرَ.,"Dan, Yesus berkata kepada mereka, “Aku mengatakan yang sebenarnya kepadamu bahwa kamu, yang mengikuti Aku dalam dunia yang baru, ketika Anak Manusia duduk di takhta kebesaran-Nya, kamu juga akan duduk di atas dua belas takhta untuk menghakimi kedua belas suku Israel.","Sabda Isa kepada mereka, “Sesungguhnya, Aku berkata kepadamu, di dunia yang baru, pada waktu Anak Manusia duduk di Takhta Kemuliaan-Nya, kamu akan menempati dua belas takhta untuk menghakimi kedua belas suku bani Israil.",
Matius,19,29,Matius 19:29,وَكُلُّ مَنْ تَرَكَ بُيُوتًا أَوْ إِخْوَةً أَوْ أَخَوَاتٍ أَوْ أَبًا أَوْ أُمًّا أَوِ ٱمْرَأَةً أَوْ أَوْلَادًا أَوْ حُقُولًا مِنْ أَجْلِ ٱسْمِي، يَأْخُذُ مِئَةَ ضِعْفٍ وَيَرِثُ ٱلْحَيَاةَ ٱلْأَبَدِيَّةَ.,"Dan, setiap orang yang sudah meninggalkan rumah, saudara laki-laki, saudara perempuan, ayah, ibu, anak-anak, atau ladangnya karena nama-Ku akan menerima seratus kali lipat dan akan mewarisi hidup yang kekal.","Siapa meninggalkan rumahnya, saudaranya laki-laki, saudaranya perempuan, ayahnya, ibunya, anak-anaknya, atau ladangnya karena nama-Ku, ia akan mendapatkannya kembali seratus kali lipat serta akan mewarisi hidup yang kekal.",
Matius,19,30,Matius 19:30,وَلَكِنْ كَثِيرُونَ أَوَّلُونَ يَكُونُونَ آخِرِينَ، وَآخِرُونَ أَوَّلِينَ.,"Akan tetapi, banyak orang yang pertama akan menjadi yang terakhir, dan yang terakhir akan menjadi yang pertama.”","Tetapi, banyak orang yang pertama menjadi yang terakhir, dan orang-orang yang terakhir menjadi yang pertama.”",
Matius,20,1,Matius 20:1,«فَإِنَّ مَلَكُوتَ ٱلسَّمَاوَاتِ يُشْبِهُ رَجُلًا رَبَّ بَيْتٍ خَرَجَ مَعَ ٱلصُّبْحِ لِيَسْتَأْجِرَ فَعَلَةً لِكَرْمِهِ،,"“Sebab, Kerajaan Surga adalah seperti pemilik kebun yang pagi-pagi sekali pergi untuk mencari pekerja-pekerja bagi kebun anggurnya.",“Kerajaan Surga itu seperti seorang tuan rumah yang pergi keluar ketika hari masih pagi. Ia hendak mengupah orang-orang yang mau bekerja di kebun anggurnya.,
Matius,20,2,Matius 20:2,فَٱتَّفَقَ مَعَ ٱلْفَعَلَةِ عَلَى دِينَارٍ فِي ٱلْيَوْمِ، وَأَرْسَلَهُمْ إِلَى كَرْمِهِ.,"Ketika ia sudah sepakat dengan para pekerja itu untuk sedinar sehari, ia menyuruh mereka ke kebun anggurnya.","Setelah ia membuat perjanjian dengan para pekerja, yaitu bahwa mereka akan memperoleh gaji satu dinar sehari, disuruhnya mereka pergi ke kebunnya.",
Matius,20,3,Matius 20:3,ثُمَّ خَرَجَ نَحْوَ ٱلسَّاعَةِ ٱلثَّالِثَةِ وَرَأَى آخَرِينَ قِيَامًا فِي ٱلسُّوقِ بَطَّالِينَ،,"Dan, kira-kira pada jam ketiga ia pergi dan melihat yang lainnya sedang berdiri menganggur di pasar.","Kira-kira pukul sembilan ia keluar lagi. Dilihatnya beberapa orang lain sedang berdiam diri saja di pasar, tidak bekerja.",
Matius,20,4,Matius 20:4,فَقَالَ لَهُمُ: ٱذْهَبُوا أَنْتُمْ أَيْضًا إِلَى ٱلْكَرْمِ فَأُعْطِيَكُمْ مَا يَحِقُّ لَكُمْ. فَمَضَوْا.,"Lalu, ia berkata kepada mereka, ‘Kamu, pergilah juga ke kebun anggur dan apa yang pantas akan aku berikan kepadamu.’ Dan, mereka pun pergi.","Lalu, ia berkata kepada mereka, ‘Pergilah ke kebun anggurku, dan aku akan memberikan kepadamu upah yang pantas.’ Maka, mereka pun pergilah.",
Matius,20,5,Matius 20:5,وَخَرَجَ أَيْضًا نَحْوَ ٱلسَّاعَةِ ٱلسَّادِسَةِ وَٱلتَّاسِعَةِ وَفَعَلَ كَذَلِكَ.,"Sekali lagi, sekitar jam keenam dan jam kesembilan ia pergi dan melakukan hal yang sama.","Setelah itu, ia keluar lagi, yaitu kira-kira pukul dua belas siang dan pukul tiga sore, dan melakukan hal yang sama.",
Matius,20,6,Matius 20:6,ثُمَّ نَحْوَ ٱلسَّاعَةِ ٱلْحَادِيَةَ عَشْرَةَ خَرَجَ وَوَجَدَ آخَرِينَ قِيَامًا بَطَّالِينَ، فَقَالَ لَهُمْ: لِمَاذَا وَقَفْتُمْ هَهُنَا كُلَّ ٱلنَّهَارِ بَطَّالِينَ؟,"Dan, kira-kira pada jam kesebelas , ia pergi dan menemukan yang lainnya sedang berdiri dan berkata kepada mereka, ‘Mengapa kamu berdiri di sini menganggur sepanjang hari?’","Kira-kira sampai pukul lima sore, ia masih juga keluar. Lalu, didapatinya beberapa orang lainnya yang sedang berdiam diri, dan bertanyalah ia kepada mereka, ‘Mengapa seharian kamu berdiam diri di sini dan tidak bekerja?’",
Matius,20,7,Matius 20:7,قَالُوا لَهُ: لِأَنَّهُ لَمْ يَسْتَأْجِرْنَا أَحَدٌ. قَالَ لَهُمُ: ٱذْهَبُوا أَنْتُمْ أَيْضًا إِلَى ٱلْكَرْمِ فَتَأْخُذُوا مَا يَحِقُّ لَكُمْ.,"Mereka berkata kepadanya, ‘Karena belum ada yang mempekerjakan kami.’ Pemilik kebun itu berkata kepada mereka, ‘Kamu, pergilah juga ke kebun anggurku.’","Jawab mereka, ‘Sebab tidak ada seorang pun yang mengupah kami.’ Lalu, berkatalah ia kepada mereka, ‘Pergilah ke kebun anggurku.’",
Matius,20,8,Matius 20:8,فَلَمَّا كَانَ ٱلْمَسَاءُ قَالَ صَاحِبُ ٱلْكَرْمِ لِوَكِيلِهِ: ٱدْعُ ٱلْفَعَلَةَ وَأَعْطِهِمُ ٱلْأُجْرَةَ مُبْتَدِئًا مِنَ ٱلْآخِرِينَ إِلَى ٱلْأَوَّلِينَ.,"Ketika hari sudah mulai malam, pemilik kebun itu berkata kepada mandornya, ‘Panggillah para pekerja dan bayarkan kepada mereka upahnya, dimulai dengan yang terakhir sampai yang pertama.’","Setelah magrib, tuan si pemilik kebun anggur itu berkata kepada mandornya, ‘Panggillah para pekerja itu dan bayarlah upahnya, mulai dari orang yang datang paling akhir sampai yang datang paling awal.’",
Matius,20,9,Matius 20:9,فَجَاءَ أَصْحَابُ ٱلسَّاعَةِ ٱلْحَادِيَةَ عَشْرَةَ وَأَخَذُوا دِينَارًا دِينَارًا.,"Ketika mereka yang dipekerjakan pada jam kesebelas, datang, masing-masing orang menerima 1 dinar.","Lalu, datanglah para pekerja yang masuk pukul lima petang, dan masing-masing menerima upah satu dinar.",
Matius,20,10,Matius 20:10,فَلَمَّا جَاءَ ٱلْأَوَّلُونَ ظَنُّوا أَنَّهُمْ يَأْخُذُونَ أَكْثَرَ. فَأَخَذُوا هُمْ أَيْضًا دِينَارًا دِينَارًا.,"Ketika mereka yang dipekerjakan pertama kali, datang, mereka mengira akan menerima lebih banyak. Namun, mereka masing-masing juga menerima 1 dinar.","Ketika orang-orang yang masuk paling awal datang, mereka menyangka bahwa mereka akan menerima upah lebih banyak. Tetapi, ternyata mereka masing-masing juga menerima upah satu dinar.",
Matius,20,11,Matius 20:11,وَفِيمَا هُمْ يَأْخُذُونَ تَذَمَّرُوا عَلَى رَبِّ ٱلْبَيْتِ,"Ketika menerimanya, mereka memprotes kepada pemilik kebun.","Setelah mereka menerimanya, mereka bersungut-sungut kepada tuan pemilik kebun anggur itu.",
Matius,20,12,Matius 20:12,قَائِلِينَ: هَؤُلَاءِ ٱلْآخِرُونَ عَمِلُوا سَاعَةً وَاحِدَةً، وَقَدْ سَاوَيْتَهُمْ بِنَا نَحْنُ ٱلَّذِينَ ٱحْتَمَلْنَا ثِقَلَ ٱلنَّهَارِ وَٱلْحَرَّ!,"Mereka berkata, ‘Orang-orang yang masuk terakhir hanya bekerja selama 1 jam, dan engkau membuat mereka sama dengan kami, yang sudah menanggung beban dan panas terik seharian.’","Kata mereka, ‘Orang yang masuk paling akhir hanya bekerja selama satu jam, tetapi Tuan menyamakan upah mereka dengan upah kami, yang sudah menanggung lelah seharian penuh di bawah panas matahari.’",
Matius,20,13,Matius 20:13,فَأجَابَ وَقَالَ لِوَاحِدٍ مِنْهُمْ: يا صَاحِبُ، مَا ظَلَمْتُكَ! أَمَا اتَّفَقْتَ مَعِي عَلَى دِينَارٍ؟,"Akan tetapi, pemilik kebun itu menjawab dan berkata kepada satu dari mereka, ‘Saudara, aku tidak bersalah kepadamu. Bukankah kamu sudah sepakat denganku untuk satu dinar?","Tetapi, jawab tuan itu kepada salah seorang dari antara mereka, ‘Hai sahabat, aku tidak bersalah terhadapmu. Bukankah upah satu dinar itu merupakan kesepakatan kita bersama?",
Matius,20,14,Matius 20:14,فَخُذِ ٱلَّذِي لَكَ وَٱذْهَبْ، فَإِنِّي أُرِيدُ أَنْ أُعْطِيَ هَذَا ٱلْأَخِيرَ مِثْلَكَ.,"Ambillah milikmu dan pergilah, tetapi aku ingin memberi kepada orang yang terakhir ini, sama seperti kepadamu.","Sekarang ambillah bagianmu dan pergilah. Kepada orang yang datang paling akhir ini, aku hendak memberikan upah yang sama dengan upahmu.",
Matius,20,15,Matius 20:15,أَوَ مَا يَحِلُّ لِي أَنْ أَفْعَلَ مَا أُرِيدُ بِمَا لِي؟ أَمْ عَيْنُكَ شِرِّيرَةٌ لِأَنِّي أَنَا صَالِحٌ؟,"Apakah aku tidak dibenarkan untuk melakukan apa pun yang kuinginkan terhadap milikku sendiri? Atau, apakah matamu jahat karena aku baik?’",Tidak bolehkah aku memutuskan apa yang hendak kuperbuat dengan hartaku sendiri? Atau irikah engkau karena kemurahan hatiku?’,
Matius,20,16,Matius 20:16,هَكَذَا يَكُونُ ٱلْآخِرُونَ أَوَّلِينَ وَٱلْأَوَّلُونَ آخِرِينَ، لِأَنَّ كَثِيرِينَ يُدْعَوْنَ وَقَلِيلِينَ يُنْتَخَبُونَ».,"Jadi, yang terakhir akan menjadi yang pertama, dan yang pertama akan menjadi yang terakhir.”","Demikianlah jadinya, orang-orang yang terakhir akan menjadi yang pertama, dan yang pertama akan menjadi yang terakhir.”",
Matius,20,17,Matius 20:17,وَفِيمَا كَانَ يَسُوعُ صَاعِدًا إِلَى أُورُشَلِيمَ أَخَذَ ٱلِٱثْنَيْ عَشَرَ تِلْمِيذًا عَلَى ٱنْفِرَادٍ فِي ٱلطَّرِيقِ وَقَالَ لَهُمْ:,"Ketika Yesus akan pergi ke Yerusalem, Dia membawa dua belas murid-Nya secara terpisah. Dalam perjalanan, Dia berkata kepada mereka,","Ketika Isa sedang dalam perjalanan ke Yerusalem, Ia memanggil kedua belas pengikut-Nya secara tersendiri. Lalu, Ia bersabda kepada mereka,",
Matius,20,18,Matius 20:18,«هَا نَحْنُ صَاعِدُونَ إِلَى أُورُشَلِيمَ، وَٱبْنُ ٱلْإِنْسَانِ يُسَلَّمُ إِلَى رُؤَسَاءِ ٱلْكَهَنَةِ وَٱلْكَتَبَةِ، فَيَحْكُمُونَ عَلَيْهِ بِٱلْمَوْتِ،,"“Lihatlah, kita sedang menuju Yerusalem dan Anak Manusia akan diserahkan kepada imam-imam kepala dan ahli-ahli Taurat. Mereka akan menghukum-Nya dengan kematian.",“Sekarang kita sedang menuju ke Yerusalem. Di sana Anak Manusia akan diserahkan ke tangan para imam kepala dan para ahli Kitab Suci Taurat. Mereka akan menjatuhkan hukuman mati atas diri-Nya.,
Matius,20,19,Matius 20:19,وَيُسَلِّمُونَهُ إِلَى ٱلْأُمَمِ لِكَيْ يَهْزَأُوا بِهِ وَيَجْلِدُوهُ وَيَصْلِبُوهُ، وَفِي ٱلْيَوْمِ ٱلثَّالِثِ يَقُومُ».,"Lalu, mereka akan menyerahkan Dia kepada bangsa-bangsa lain untuk diejek, dicambuki, dan disalibkan. Dan, pada hari ketiga, Dia akan dibangkitkan.”","Mereka akan menyerahkan Dia ke tangan bangsa-bangsa yang tidak mengenal Allah, dan orang-orang itu akan memperolokkan-Nya, menyesah-Nya, serta menyalibkan-Nya. Tetapi, pada hari yang ketiga Ia akan dibangkitkan.”",
Matius,20,20,Matius 20:20,حِينَئِذٍ تَقَدَّمَتْ إِلَيْهِ أُمُّ ٱبْنَيْ زَبْدِي مَعَ ٱبْنَيْهَا، وَسَجَدَتْ وَطَلَبَتْ مِنْهُ شَيْئًا.,"Kemudian, ibu dari anak-anak Zebedeus bersama anak-anaknya datang kepada Yesus dan bersujud untuk meminta sesuatu kepada Yesus.","Kemudian, ibu dari kedua anak Zabdi datang kepada Isa bersama dengan anak-anaknya. Sambil sujud di hadapan Isa, ia memohon sesuatu kepada-Nya.",
Matius,20,21,Matius 20:21,فَقَالَ لَهَا: «مَاذَا تُرِيدِينَ؟». قَالَتْ لَهُ: «قُلْ أَنْ يَجْلِسَ ٱبْنَايَ هَذَانِ وَاحِدٌ عَنْ يَمِينِكَ وَٱلْآخَرُ عَنِ ٱلْيَسَارِ فِي مَلَكُوتِكَ».,"Dan, Yesus berkata kepadanya, “Apa yang kamu inginkan?” Ibu itu menjawab, “Perintahkanlah supaya kedua anakku boleh duduk dalam Kerajaan-Mu, satu di sebelah kanan-Mu dan satu di sebelah kiri-Mu.”","Sabda Isa kepada ibu itu, “Apa yang menjadi kehendakmu?” Jawab ibu itu kepada-Nya, “Ya Junjungan, perintahkanlah supaya kedua anakku ini dapat duduk dalam kerajaan-Mu, yang seorang di sebelah kanan dan yang seorang lagi di sebelah kiri-Mu.”",
Matius,20,22,Matius 20:22,فَأَجَابَ يَسُوعُ وَقَالَ: «لَسْتُمَا تَعْلَمَانِ مَا تَطْلُبَانِ. أَتَسْتَطِيعَانِ أَنْ تَشْرَبَا ٱلْكَأْسَ ٱلَّتِي سَوْفَ أَشْرَبُهَا أَنَا، وَأَنْ تَصْطَبِغَا بِٱلصِّبْغَةِ ٱلَّتِي أَصْطَبِغُ بِهَا أَنَا؟». قَالَا لَهُ: «نَسْتَطِيعُ».,"Akan tetapi, Yesus menjawab, “Kamu tidak mengerti apa yang kamu minta. Apakah kamu sanggup minum dari cawan yang harus Kuminum?” Mereka berkata kepada Yesus, “Ya, kami sanggup.”","Sabda Isa, “Kamu tidak tahu apa yang kamu minta. Dapatkah kamu meminum isi cawan yang akan Kuminum?” Jawab mereka, “Kami dapat.”",
Matius,20,23,Matius 20:23,فَقَالَ لَهُمَا: «أَمَّا كَأْسِي فَتَشْرَبَانِهَا، وَبِالصِّبْغَةِ ٱلَّتِي أَصْطَبِغُ بِهَا أَنَا تَصْطَبِغَانِ. وَأَمَّا ٱلْجُلُوسُ عَنْ يَمِينِي وَعَنْ يَسَارِي فَلَيْسَ لِي أَنْ أُعْطِيَهُ إِلَّا لِلَّذِينَ أُعِدَّ لَهُمْ مِنْ أَبِي».,"Yesus berkata kepada mereka, “Kamu memang akan minum dari cawan-Ku, tetapi untuk duduk kanan-Ku atau kiri-Ku, bukanlah hak-Ku memberikannya, melainkan bagi mereka yang telah dipersiapkan oleh Bapa-Ku.”","Sabda Isa kepada mereka, “Memang cawan berisi minuman yang akan Kuminum itu akan kamu minum juga. Akan tetapi, perihal duduk di sebelah kanan dan di sebelah kiri-Ku, bukan Aku yang berwenang memberikannya karena tempat itu dipersiapkan Bapa-Ku bagi mereka yang akan menempatinya.”",
Matius,20,24,Matius 20:24,فَلَمَّا سَمِعَ ٱلْعَشَرَةُ ٱغْتَاظُوا مِنْ أَجْلِ ٱلْأَخَوَيْنِ.,"Ketika sepuluh murid yang lain mendengarnya, mereka marah kepada kedua saudara itu.","Ketika kesepuluh pengikut lainnya mendengar hal itu, gusarlah mereka kepada dua bersaudara itu.",
Matius,20,25,Matius 20:25,فَدَعَاهُمْ يَسُوعُ وَقَالَ: «أَنْتُمْ تَعْلَمُونَ أَنَّ رُؤَسَاءَ ٱلْأُمَمِ يَسُودُونَهُمْ، وَٱلْعُظَمَاءَ يَتَسَلَّطُونَ عَلَيْهِمْ.,"Namun, Yesus memanggil mereka dan berkata, “Kamu tahu bahwa para penguasa bangsa-bangsa lain memerintah atas mereka, dan orang-orang besar mereka menjalankan wewenang atas mereka.","Isa memanggil mereka semua, lalu bersabda, “Kamu tahu bahwa para penguasa bangsa yang tidak mengenal Allah memerintah rakyat mereka dengan tangan besi, dan para pembesarnya mempunyai wewenang penuh atas mereka.",
Matius,20,26,Matius 20:26,فَلَا يَكُونُ هَكَذَا فِيكُمْ. بَلْ مَنْ أَرَادَ أَنْ يَكُونَ فِيكُمْ عَظِيمًا فَلْيَكُنْ لَكُمْ خَادِمًا،,"Seharusnya tidak demikian di antara kamu, tetapi siapa yang ingin menjadi besar di antara kamu harus menjadi pelayanmu.","Tetapi, janganlah begitu di antara kamu. Siapa ingin menjadi besar di antara kamu, ia harus menjadi abdimu,",
Matius,20,27,Matius 20:27,وَمَنْ أَرَادَ أَنْ يَكُونَ فِيكُمْ أَوَّلًا فَلْيَكُنْ لَكُمْ عَبْدًا،,"Dan, siapa saja yang ingin menjadi yang pertama di antara kamu harus menjadi hambamu,","dan siapa ingin menjadi yang pertama di antara kamu, ia harus menjadi hambamu.",
Matius,20,28,Matius 20:28,كَمَا أَنَّ ٱبْنَ ٱلْإِنْسَانِ لَمْ يَأْتِ لِيُخْدَمَ بَلْ لِيَخْدِمَ، وَلِيَبْذِلَ نَفْسَهُ فِدْيَةً عَنْ كَثِيرِينَ».,"sama seperti Anak Manusia yang datang bukan untuk dilayani, tetapi untuk melayani dan memberikan nyawa-Nya sebagai tebusan bagi banyak orang.”","Seperti Anak Manusia juga datang bukan untuk dilayani, melainkan untuk melayani dan memberikan nyawa-Nya menjadi tebusan bagi banyak orang.”",
Matius,20,29,Matius 20:29,وَفِيمَا هُمْ خَارِجُونَ مِنْ أَرِيحَا تَبِعَهُ جَمْعٌ كَثِيرٌ،,"Dan, ketika mereka meninggalkan Yerikho, kerumunan besar orang mengikuti-Nya.","Ketika Isa dan para pengikut-Nya keluar dari Kota Yerikho, sejumlah besar orang mengikuti-Nya.",
Matius,20,30,Matius 20:30,وَإِذَا أَعْمَيَانِ جَالِسَانِ عَلَى ٱلطَّرِيقِ. فَلَمَّا سَمِعَا أَنَّ يَسُوعَ مُجْتَازٌ صَرَخَا قَائِلَيْنِ: «ٱرْحَمْنَا ياسَيِّدُ، يا ٱبْنَ دَاوُدَ!».,"Dan, dua orang buta yang sedang duduk di pinggir jalan ketika mendengar bahwa Yesus lewat, berseru dengan berkata, “Tuhan, Anak Daud, kasihanilah kami!”","Di sana ada dua orang buta yang duduk di tepi jalan. Setelah mereka mendengar bahwa Isa melewati tempat itu, berteriaklah mereka, “Ya Junjungan, ya Anak Daud, kasihanilah kami!”",
Matius,20,31,Matius 20:31,فَٱنْتَهَرَهُمَا ٱلْجَمْعُ لِيَسْكُتَا، فَكَانَا يَصْرُخَانِ أَكْثَرَ قَائِلَيْنِ: «ٱرْحَمْنَا ياسَيِّدُ، يا ٱبْنَ دَاوُدَ!».,"Orang banyak menegur mereka supaya mereka diam. Akan tetapi, mereka semakin keras berteriak dan berkata, “Tuhan, Anak Daud, kasihanilah kami!”","Orang banyak menegur mereka supaya mereka diam. Tetapi, malah semakin keras saja mereka berteriak, “Ya Junjungan, ya Anak Daud, kasihanilah kami!”",
Matius,20,32,Matius 20:32,فَوَقَفَ يَسُوعُ وَنَادَاهُمَا وَقَالَ: «مَاذَا تُرِيدَانِ أَنْ أَفْعَلَ بِكُمَا؟».,"Lalu, Yesus berhenti dan memanggil mereka, kata-Nya, “Apa yang kamu ingin Aku lakukan untukmu?”","Kemudian, Isa berhenti dan memanggil keduanya. Sabda-Nya, “Apa yang kamu kehendaki Aku perbuat bagimu?”",
Matius,20,33,Matius 20:33,قَالَا لَهُ: «يَا سَيِّدُ، أَنْ تَنْفَتِحَ أَعْيُنُنَا!».,"Mereka berkata kepada-Nya, “Tuhan, kami ingin mata kami dibukakan.”","Jawab mereka, “Ya Junjungan, supaya mata kami dapat melihat.”",
Matius,20,34,Matius 20:34,فَتَحَنَّنَ يَسُوعُ وَلَمَسَ أَعْيُنَهُمَا، فَلِلْوَقْتِ أَبْصَرَتْ أَعْيُنُهُمَا فَتَبِعَاهُ.,"Yesus tergerak oleh belas kasihan kepada mereka, dan menjamah mata mereka, dan saat itu juga mereka menerima penglihatan mereka kembali, dan mengikut Yesus.","Isa merasa iba pada keduanya, lalu menyentuh mata mereka, dan pada saat itu juga mereka dapat melihat. Kemudian, mereka pun mengikut Dia.",
Matius,21,1,Matius 21:1,وَلَمَّا قَرُبُوا مِنْ أُورُشَلِيمَ وَجَاءُوا إِلَى بَيْتِ فَاجِي عِنْدَ جَبَلِ ٱلزَّيْتُونِ، حِينَئِذٍ أَرْسَلَ يَسُوعُ تِلْمِيذَيْنِ,"Ketika mereka sudah dekat dengan Yerusalem dan sudah tiba di Betfage, di bukit Zaitun, Yesus mengutus dua orang murid-Nya;","Isa dan para pengikut-Nya hampir mendekati Yerusalem. Mereka tiba di Baitfagi, yang terletak di Bukit Zaitun. Kemudian, Ia menyuruh dua orang pengikut-Nya,",
Matius,21,2,Matius 21:2,قَائِلًا لَهُمَا: «اِذْهَبَا إِلَى ٱلْقَرْيَةِ ٱلَّتِي أَمَامَكُمَا، فَلِلْوَقْتِ تَجِدَانِ أَتَانًا مَرْبُوطَةً وَجَحْشًا مَعَهَا، فَحُلَّاهُمَا وَأْتِيَانِي بِهِمَا.,"Kata-Nya kepada mereka, “Pergilah ke desa yang ada di depanmu, dan kamu akan langsung menemukan seekor keledai yang terikat dan seekor anak keledai bersamanya. Lepaskan ikatan mereka dan bawalah keduanya kepada-Ku.","sabda-Nya kepada mereka, “Pergilah ke desa yang ada di hadapanmu itu. Di sana kamu segera akan mendapati seekor keledai betina yang tertambat beserta dengan anaknya. Lepaskanlah keledai-keledai itu dan bawalah kepada-Ku.",
Matius,21,3,Matius 21:3,وَإِنْ قَالَ لَكُمَا أَحَدٌ شَيْئًا، فَقُولَا: ٱلرَّبُّ مُحْتَاجٌ إِلَيْهِمَا. فَلِلْوَقْتِ يُرْسِلُهُمَا».,"Jika ada orang yang mengatakan sesuatu kepadamu, kamu harus berkata, ‘Tuhan memerlukannya,’ dan Ia akan segera mengirimnya.”","Jika ada orang yang bertanya kepadamu, katakanlah, ‘Sang Junjungan memerlukannya,’ maka orang itu akan segera menyuruhmu membawa kedua keledai itu.”",
Matius,21,4,Matius 21:4,فَكَانَ هَذَا كُلُّهُ لِكَيْ يَتِمَّ مَا قِيلَ بِٱلنَّبِيِّ ٱلْقَائِلِ:,Hal ini terjadi supaya tergenapilah apa yang dikatakan oleh nabi:,"Hal itu terjadi supaya genaplah firman yang telah disampaikan Allah melalui nabi-Nya,",
Matius,21,5,Matius 21:5,«قُولُوا لِٱبْنَةِ صِهْيَوْنَ: هُوَذَا مَلِكُكِ يَأْتِيكِ وَدِيعًا، رَاكِبًا عَلَى أَتَانٍ وَجَحْشٍ ٱبْنِ أَتَانٍ».,"“Katakan kepada putri Sion, ‘Lihat, Rajamu datang kepadamu, rendah hati, dan menunggang seekor keledai, dengan seekor keledai muda, anak dari keledai beban.” Zakharia 9:9","“Katakanlah kepada putri Sion, ‘Lihatlah! Rajamu datang kepadamu. Ia rendah hati dan menunggang seekor keledai serta seekor anak keledai beban yang muda.’”",
Matius,21,6,Matius 21:6,فَذَهَبَ ٱلتِّلْمِيذَانِ وَفَعَلَا كَمَا أَمَرَهُمَا يَسُوعُ،,Murid-murid pergi dan melakukan seperti yang sudah Yesus perintahkan kepada mereka.,"Kemudian, pergilah kedua pengikut-Nya itu dan melaksanakan apa yang disuruh oleh Isa kepada mereka.",
Matius,21,7,Matius 21:7,وَأَتَيَا بِٱلْأَتَانِ وَٱلْجَحْشِ، وَوَضَعَا عَلَيْهِمَا ثِيَابَهُمَا فَجَلَسَ عَلَيْهِمَا.,"Mereka membawa keledai beserta anak keledai itu, dan meletakkan jubah-jubah mereka di atas keledai-keledai itu, dan Yesus duduk di atasnya.","Mereka membawa keledai itu dan juga anaknya. Mereka membentangkan pakaian mereka di punggung keledai itu, lalu Isa duduk di atasnya.",
Matius,21,8,Matius 21:8,وَٱلْجَمْعُ ٱلْأَكْثَرُ فَرَشُوا ثِيَابَهُمْ فِي ٱلطَّرِيقِ. وَآخَرُونَ قَطَعُوا أَغْصَانًا مِنَ ٱلشَّجَرِ وَفَرَشُوهَا فِي ٱلطَّرِيقِ.,"Sebagian besar dari orang banyak itu membentangkan jubah-jubah mereka di jalan, dan yang lainnya memotong ranting-ranting pohon, lalu menyebarkannya di jalan.","Sejumlah besar orang menghamparkan pakaian mereka di jalan, sedangkan yang lain memotong beberapa ranting dari pepohonan, kemudian menyerakkannya di jalan.",
Matius,21,9,Matius 21:9,وَٱلْجُمُوعُ ٱلَّذِينَ تَقَدَّمُوا وَٱلَّذِينَ تَبِعُوا كَانُوا يَصْرَخُونَ قَائِلِينَ: «أُوصَنَّا لِٱبْنِ دَاوُدَ! مُبَارَكٌ ٱلْآتِي بِٱسْمِ ٱلرَّبِّ! أُوصَنَّا فِي ٱلْأَعَالِي!».,"Banyak orang berjalan di depan-Nya dan mereka yang mengikuti-Nya berseru, “Hosana bagi Anak Daud! Diberkatilah Dia yang datang dalam nama Tuhan. Hosana di tempat yang tertinggi!” Mazmur 118:25-26","Sebagian dari orang banyak itu berjalan mendahului Isa, sedangkan sebagian lagi mengiringi-Nya dari belakang. Sambil berjalan mereka berseru-seru, “Segala puji bagi Anak Daud, mubaraklah Dia yang datang atas nama Tuhan! Segala puji di Tempat Yang Mahatinggi!”",
Matius,21,10,Matius 21:10,وَلَمَّا دَخَلَ أُورُشَلِيمَ ٱرْتَجَّتِ ٱلْمَدِينَةُ كُلُّهَا قَائِلَةً: «مَنْ هَذَا؟».,"Ketika Yesus memasuki Yerusalem, seluruh kota digemparkan. Mereka bertanya, “Siapakah Dia ini?”","Ketika Isa masuk ke Kota Yerusalem, gemparlah seluruh penduduk kota itu, lalu mereka bertanya, “Siapakah gerangan orang ini?”",
Matius,21,11,Matius 21:11,فَقَالَتِ ٱلْجُمُوعُ: «هَذَا يَسُوعُ ٱلنَّبِيُّ ٱلَّذِي مِنْ نَاصِرَةِ ٱلْجَلِيلِ».,"Dan, orang banyak itu menjawab, “Dia adalah Nabi Yesus, dari Nazaret di Galilea.”","Jawab orang banyak yang mengiringi Isa, “Dialah Isa, nabi dari Kota Nazaret, di wilayah Galilea.”",
Matius,21,12,Matius 21:12,وَدَخَلَ يَسُوعُ إِلَى هَيْكَلِ ٱللهِ وَأَخْرَجَ جَمِيعَ ٱلَّذِينَ كَانُوا يَبِيعُونَ وَيَشْتَرُونَ فِي ٱلْهَيْكَلِ، وَقَلَبَ مَوَائِدَ ٱلصَّيَارِفَةِ وَكَرَاسِيَّ بَاعَةِ ٱلْحَمَامِ,"Lalu, Yesus masuk ke Bait Allah dan mengusir orang-orang yang sedang berjualbeli di Bait Allah , lalu menjungkirbalikkan meja-meja penukaran uang dan bangku-bangku mereka yang menjual burung-burung merpati.","Kemudian, Isa masuk ke Bait Allah dan mengusir semua orang yang sedang berjual beli di halaman Bait Allah. Ia menjungkirbalikkan meja-meja penukar uang dan kursi-kursi penjual burung merpati.",
Matius,21,13,Matius 21:13,وَقَالَ لَهُمْ: «مَكْتُوبٌ: بَيْتِي بَيْتَ ٱلصَّلَاةِ يُدْعَى. وَأَنْتُمْ جَعَلْتُمُوهُ مَغَارَةَ لُصُوصٍ!».,"Dia berkata kepada mereka, “Telah tertulis, ‘Rumah-Ku akan disebut rumah doa,’ tetapi kamu menjadikannya sebagai sarang para perampok.’”","Sabda-Nya kepada mereka, “Telah tertulis, ‘Rumah-Ku akan disebut rumah doa,’ tetapi kamu menjadikannya sarang penyamun.”",
Matius,21,14,Matius 21:14,وَتَقَدَّمَ إِلَيْهِ عُمْيٌ وَعُرْجٌ فِي ٱلْهَيْكَلِ فَشَفَاهُمْ.,"Dan, orang yang buta serta yang lumpuh datang kepada-Nya di Bait Allah, lalu Dia menyembuhkan mereka.","Orang-orang buta dan timpang datang kepada Isa di Bait Allah, lalu Ia menyembuhkan mereka.",
Matius,21,15,Matius 21:15,فَلَمَّا رَأَى رُؤَسَاءُ ٱلْكَهَنَةِ وَٱلْكَتَبَةِ ٱلْعَجَائِبَ ٱلَّتِي صَنَعَ، وَٱلْأَوْلَادَ يَصْرَخُونَ فِي ٱلْهَيْكَلِ وَيَقُولُونَ: «أُوصَنَّا لِٱبْنِ دَاوُدَ!». غَضِبُوا,"Namun, ketika para imam kepala dan ahli-ahli Taurat melihat mukjizat-mukjizat yang sudah dilakukan Yesus dan melihat anak-anak yang berseru dalam Bait Allah, “Hosana bagi Anak Daud,” mereka menjadi marah.","Tetapi, ketika imam-imam kepala dan para ahli Kitab Suci Taurat melihat perbuatan ajaib yang dilakukan Isa dan mendengar anak-anak yang mengelu-elukan-Nya di Bait Allah, “Segala puji bagi Anak Daud,” mereka menjadi sangat marah.",
Matius,21,16,Matius 21:16,وَقَالُوا لَهُ: «أَتَسْمَعُ مَا يَقُولُ هَؤُلَاءِ؟». فَقَالَ لَهُمْ يَسُوعُ: «نَعَمْ! أَمَا قَرَأْتُمْ قَطُّ: مِنْ أَفْوَاهِ ٱلْأَطْفَالِ وَٱلرُّضَّعِ هَيَّأْتَ تَسْبِيحًا؟».,"Lalu, mereka bertanya kepada Yesus, “Apakah Engkau mendengar yang dikatakan anak-anak ini?” Dan, Yesus menjawab mereka, “Ya. Belum pernahkah kamu membaca, ‘Dari mulut bayi-bayi dan anak-anak yang menyusu, Engkau sudah menyiapkan pujian untuk diri-Mu sendiri. ’?”","Kemudian, mereka berkata kepada Isa, “Engkau dengar apa yang diserukan oleh anak-anak itu?” Sabda Isa, “Ya, Aku mendengarnya! Belum pernahkah kamu baca, ‘Dari mulut anak-anak, bahkan bayi-bayi yang sedang menyusu, Tuhan telah menyediakan puji-pujian?’”",
Matius,21,17,Matius 21:17,ثُمَّ تَرَكَهُمْ وَخَرَجَ خَارِجَ ٱلْمَدِينَةِ إِلَى بَيْتِ عَنْيَا وَبَاتَ هُنَاكَ.,"Kemudian, Yesus meninggalkan mereka dan keluar dari kota itu ke Betania dan bermalam di sana.","Setelah mengatakan hal itu Isa meninggalkan mereka, lalu pergi menuju ke Baitani untuk bermalam di sana.",
Matius,21,18,Matius 21:18,وَفِي ٱلصُّبْحِ إِذْ كَانَ رَاجِعًا إِلَى ٱلْمَدِينَةِ جَاعَ،,"Sekarang, pada pagi hari, ketika Yesus kembali ke kota, Dia menjadi lapar.","Esok paginya, ketika Isa hendak kembali ke Kota Yerusalem, Ia merasa lapar.",
Matius,21,19,Matius 21:19,فَنَظَرَ شَجَرَةَ تِينٍ عَلَى ٱلطَّرِيقِ، وَجَاءَ إِلَيْهَا فَلَمْ يَجِدْ فِيهَا شَيْئًا إِلَّا وَرَقًا فَقَطْ. فَقَالَ لَهَا: «لَا يَكُنْ مِنْكِ ثَمَرٌ بَعْدُ إِلَى ٱلْأَبَدِ!». فَيَبِسَتِ ٱلتِّينَةُ فِي ٱلْحَالِ.,"Dan, ketika melihat pohon ara di pinggir jalan, Dia mendatanginya dan tidak mendapati apa-apa, kecuali daun-daun saja. Dan, Dia berkata kepada pohon itu, “Tidak akan pernah ada buah lagi darimu sampai selama-lamanya!” Saat itu juga, pohon ara itu menjadi kering.","Dilihat-Nya sebatang pohon ara di tepi jalan, lalu didekati-Nya pohon itu. Ternyata Ia tidak mendapati apa pun, selain dedaunan. Lalu, sabda-Nya kepada pohon itu, “Jangan berbuah lagi sampai selama-lamanya.” Seketika itu juga keringlah pohon itu.",
Matius,21,20,Matius 21:20,فَلَمَّا رَأَى ٱلتَّلَامِيذُ ذَلِكَ تَعَجَّبُوا قَائِلِينَ: «كَيْفَ يَبِسَتِ ٱلتِّينَةُ فِي ٱلْحَالِ؟».,"Ketika murid-murid melihat hal ini, para murid terheran-heran dan bertanya, “Bagaimana pohon ara itu kering seketika itu juga?”","Melihat hal itu para pengikut-Nya menjadi heran dan bertanya, “Bagaimana mungkin pohon ara ini menjadi kering dalam sekejap?”",
Matius,21,21,Matius 21:21,فَأَجَابَ يَسُوعُ وَقَالَ لَهُمْ: «اَلْحَقَّ أَقُولُ لَكُمْ: إِنْ كَانَ لَكُمْ إِيمَانٌ وَلَا تَشُكُّونَ، فَلَا تَفْعَلُونَ أَمْرَ ٱلتِّينَةِ فَقَطْ، بَلْ إِنْ قُلْتُمْ أَيْضًا لِهَذَا ٱلْجَبَلِ: ٱنْتَقِلْ وَٱنْطَرِحْ فِي ٱلْبَحْرِ فَيَكُونُ.,"Dan, Yesus menjawab mereka, “Sesungguhnya Aku berkata kepadamu, jika kamu memiliki iman dan tidak bimbang, kamu bukan hanya akan melakukan apa yang dilakukan terhadap pohon ara ini, bahkan jika kamu berkata kepada gunung ini, ‘Terangkatlah dan tercampaklah ke dalam laut,’ hal itu akan terjadi.","Sabda Isa, “Sesungguhnya, Aku berkata kepadamu, jika kamu percaya dan tidak bimbang, maka kamu tidak hanya dapat melakukan apa yang telah Kulakukan terhadap pohon ara ini, tetapi kamu pun dapat berkata kepada gunung itu, ‘Terangkatlah dan tercampaklah ke laut,’ dan hal itu akan terjadi.",
Matius,21,22,Matius 21:22,وَكُلُّ مَا تَطْلُبُونَهُ فِي ٱلصَّلَاةِ مُؤْمِنِينَ تَنَالُونَهُ».,"Dan, segala sesuatu yang kamu minta dalam doa, percayalah, kamu akan menerimanya.”",Segala sesuatu yang kamu minta melalui doa akan kamu peroleh jika kamu percaya.”,
Matius,21,23,Matius 21:23,وَلَمَّا جَاءَ إِلَى ٱلْهَيْكَلِ تَقَدَّمَ إِلَيْهِ رُؤَسَاءُ ٱلْكَهَنَةِ وَشُيُوخُ ٱلشَّعْبِ وَهُوَ يُعَلِّمُ، قَائِلِينَ: «بِأَيِّ سُلْطَانٍ تَفْعَلُ هَذَا؟ وَمَنْ أَعْطَاكَ هَذَا ٱلسُّلْطَانَ؟».,"Ketika Yesus memasuki Bait Allah, para imam kepala dan para tua-tua bangsa Yahudi datang kepada-Nya sementara Dia sedang mengajar dan bertanya, “Dengan kuasa apakah Engkau melakukan hal-hal ini? Dan, siapakah yang memberi-Mu kuasa ini?”","Setelah Isa masuk ke Bait Allah, datanglah para imam kepala dan para tua-tua kepada-Nya sementara Ia sedang mengajar. Lalu, mereka berkata, “Apa wewenang-Mu melakukan semua itu? Siapakah yang memberikan wewenang itu kepada-Mu?”",
Matius,21,24,Matius 21:24,فَأَجَابَ يَسُوعُ وَقَالَ لَهُمْ: «وَأَنَا أَيْضًا أَسْأَلُكُمْ كَلِمَةً وَاحِدَةً، فَإِنْ قُلْتُمْ لِي عَنْهَا أَقُولُ لَكُمْ أَنَا أَيْضًا بِأَيِّ سُلْطَانٍ أَفْعَلُ هَذَا:,"Yesus menjawab mereka, “Aku juga akan menanyakan satu hal kepadamu, yang jika kamu bisa menjawabnya, Aku juga akan memberitahumu dengan kuasa apa Aku melakukan semua hal ini.","Jawab Isa kepada mereka, “Aku pun hendak menanyakan kepadamu satu hal. Jika kamu dapat memberitahukan jawabannya kepada-Ku, maka Aku akan memberitahukan juga kepadamu wewenang yang Kumiliki untuk melakukan semua itu.",
Matius,21,25,Matius 21:25,مَعْمُودِيَّةُ يُوحَنَّا: مِنْ أَيْنَ كَانَتْ؟ مِنَ ٱلسَّمَاءِ أَمْ مِنَ ٱلنَّاسِ؟». فَفَكَّرُوا فِي أَنْفُسِهِمْ قَائِلِينَ: «إِنْ قُلْنَا: مِنَ ٱلسَّمَاءِ، يَقُولُ لَنَا: فَلِمَاذَا لَمْ تُؤْمِنُوا بِهِ؟,"Dari manakah baptisan Yohanes? Dari surga atau dari manusia?” Dan, mereka mulai membicarakannya di antara mereka sendiri, katanya, “Jika kita berkata, ‘Dari surga,’ Ia akan berkata, ‘Kalau begitu, mengapa kamu tidak percaya kepada Yohanes?’","Dari manakah asalnya permandian Yahya? Dari surga atau dari manusia?” Lalu, mereka membicarakannya di antara mereka, “Jika kita katakan, ‘dari surga,’ maka Ia akan berkata, ‘Kalau begitu, mengapa kamu tidak percaya kepadanya?’",
Matius,21,26,Matius 21:26,وَإِنْ قُلْنَا: مِنَ ٱلنَّاسِ، نَخَافُ مِنَ ٱلشَّعْبِ، لِأَنَّ يُوحَنَّا عِنْدَ ٱلْجَمِيعِ مِثْلُ نَبِيٍّ».,"Akan tetapi, jika kita menjawab, ‘Berasal dari manusia,’ kita takut kepada orang banyak karena mereka semua menganggap bahwa Yohanes adalah nabi.”","Tetapi, jika kita katakan, ‘dari manusia,’ kita takut kepada orang banyak yang mengakui bahwa Yahya adalah seorang nabi.”",
Matius,21,27,Matius 21:27,فَأَجَابُوا يَسُوعَ وَقَالُوا: «لَا نَعْلَمُ». فَقَالَ لَهُمْ هُوَ أَيْضًا: «وَلَا أَنَا أَقُولُ لَكُمْ بِأَيِّ سُلْطَانٍ أَفْعَلُ هَذَا.,"Maka mereka menjawab Yesus, “Kami tidak tahu.” Dan, Yesus berkata, “Kalau begitu, Aku juga tidak akan memberitahumu dengan kuasa apakah Aku melakukan hal-hal ini.”","Itulah sebabnya, mereka menjawab, “Kami tidak tahu.” Kemudian, sabda Isa kepada mereka, “Kalau begitu, Aku pun tidak akan mengatakan kepadamu dari mana wewenang yang Kumiliki untuk melakukan semua itu.”",
Matius,21,28,Matius 21:28,«مَاذَا تَظُنُّونَ؟ كَانَ لِإِنْسَانٍ ٱبْنَانِ، فَجَاءَ إِلَى ٱلْأَوَّلِ وَقَالَ: يا ٱبْنِي، ٱذْهَبِ ٱلْيَوْمَ ٱعْمَلْ فِي كَرْمِي.,"“Namun, apa pendapatmu? Ada orang yang mempunyai dua anak laki-laki, dan ia datang kepada yang pertama dan berkata, ‘Anakku, pergi dan bekerjalah hari ini di kebun anggur.’","“Apakah pendapatmu mengenai hal ini? Ada seorang bapak yang mempunyai dua anak laki-laki. Kepada anak yang pertama ia berkata, ‘Hai anakku, pergilah dan bekerjalah hari ini di kebun anggur kita.’",
Matius,21,29,Matius 21:29,فَأَجَابَ وَقَالَ: مَا أُرِيدُ. وَلَكِنَّهُ نَدِمَ أَخِيرًا وَمَضَى.,"Dan, ia menjawab, ‘Ya, Bapa,’ tetapi setelah itu ia tidak pergi.","Jawabnya, ‘Tidak mau!’ Tetapi kemudian, ia menyesal dan akhirnya pergi juga ke kebun anggur itu.",
Matius,21,30,Matius 21:30,وَجَاءَ إِلَى ٱلثَّانِي وَقَالَ كَذَلِكَ. فَأَجَابَ وَقَالَ: هَا أَنَا يا سَيِّدُ. وَلَمْ يَمْضِ.,"Kemudian ayah itu pergi kepada yang kedua dan mengatakan hal yang sama. Anak itu menjawab, ‘Tidak mau,’ tetapi ia menyesal dan pergi.","Bapak itu pun menemui anak bungsunya dan mengatakan hal yang sama. Lalu, jawab si bungsu, ‘Ya, Bapa!’ Tetapi, ia tidak pergi.",
Matius,21,31,Matius 21:31,فَأَيُّ ٱلِٱثْنَيْنِ عَمِلَ إِرَادَةَ ٱلْأَبِ؟». قَالُوا لَهُ: «ٱلْأَوَّلُ». قَالَ لَهُمْ يَسُوعُ: «ٱلْحَقَّ أَقُولُ لَكُمْ: إِنَّ ٱلْعَشَّارِينَ وَٱلزَّوَانِيَ يَسْبِقُونَكُمْ إِلَى مَلَكُوتِ ٱللهِ،,"Siapakah dari kedua anak itu yang mematuhi ayahnya?” Mereka berkata, “Yang terakhir.” Yesus berkata kepada mereka, “Sesungguhnya, Aku mengatakan kepadamu bahwa para pengumpul pajak dan pelacur-pelacur akan masuk ke dalam Kerajaan Allah mendahului kamu.","Jadi, dari antara kedua anak itu, siapakah yang melakukan kehendak bapaknya?” Jawab mereka, “Yang pertama.” Sabda Isa kepada mereka, “Sesungguhnya, Aku berkata kepadamu, para pemungut cukai dan perempuan-perempuan sundal akan mendahului kamu masuk ke dalam Kerajaan Allah.",
Matius,21,32,Matius 21:32,لِأَنَّ يُوحَنَّا جَاءَكُمْ فِي طَرِيقِ ٱلْحَقِّ فَلَمْ تُؤْمِنُوا بِهِ، وَأَمَّا ٱلْعَشَّارُونَ وَٱلزَّوَانِي فَآمَنُوا بِهِ. وَأَنْتُمْ إِذْ رَأَيْتُمْ لَمْ تَنْدَمُوا أَخِيرًا لِتُؤْمِنُوا بِهِ.,"Sebab, Yohanes datang kepadamu dalam jalan kebenaran dan kamu tidak memercayainya, tetapi, para pengumpul pajak dan pelacur-pelacur memercayainya. Dan, kamu, ketika melihat hal ini bahkan tidak menyesal sesudahnya sehingga kamu dapat memercayainya.”","Karena ketika Yahya datang kepadamu untuk menunjukkan jalan yang benar, kamu tidak mau percaya kepadanya. Sedangkan para pemungut cukai dan perempuan-perempuan sundal mau percaya kepadanya. Bahkan setelah melihat hal itu pun kamu tidak mau berubah dan percaya kepadanya.”",
Matius,21,33,Matius 21:33,«اِسْمَعُوا مَثَلًا آخَرَ: كَانَ إِنْسَانٌ رَبُّ بَيْتٍ غَرَسَ كَرْمًا، وَأَحَاطَهُ بِسِيَاجٍ، وَحَفَرَ فِيهِ مَعْصَرَةً، وَبَنَى بُرْجًا، وَسَلَّمَهُ إِلَى كَرَّامِينَ وَسَافَرَ.,"“Dengarlah perumpamaan yang lain. Ada pemilik kebun yang menanami sebuah kebun anggur, dan memasang pagar di sekelilingnya, dan menggali tempat pemerasan anggur, dan mendirikan menara. Kemudian, ia menyewakan kebun anggurnya kepada beberapa petani, dan ia berangkat ke luar negeri.","“Dengarkanlah juga ibarat lainnya. Ada seorang tuan yang membuat kebun anggur, lalu memagari sekelilingnya. Digalinya juga tempat untuk memeras anggur. Selain itu, didirikannya pula menara jaga. Kemudian, ia menyewakannya kepada para penggarap sementara ia sendiri pergi ke negeri lain.",
Matius,21,34,Matius 21:34,وَلَمَّا قَرُبَ وَقْتُ ٱلْأَثْمَارِ أَرْسَلَ عَبِيدَهُ إِلَى ٱلْكَرَّامِينَ لِيَأْخُذَ أَثْمَارَهُ.,"Ketika musim buah hampir tiba, ia mengutus hamba-hambanya kepada petani-petani itu untuk menerima buahnya.","Ketika hampir tiba musim memetik buah, ia mengutus hamba-hambanya kepada para penggarap itu untuk menerima hasil buah yang menjadi bagiannya.",
Matius,21,35,Matius 21:35,فَأَخَذَ ٱلْكَرَّامُونَ عَبِيدَهُ وَجَلَدُوا بَعْضًا وَقَتَلُوا بَعْضًا وَرَجَمُوا بَعْضًا.,"Dan, para petani menangkap para pelayan itu dan memukul yang seorang, dan membunuh yang satu, dan yang lainnya dilempari batu.","Tetapi, para penggarap itu menangkap hamba-hamba yang datang itu. Mereka memukul yang satu, membunuh yang lain, dan merajam yang lainnya lagi.",
Matius,21,36,Matius 21:36,ثُمَّ أَرْسَلَ أَيْضًا عَبِيدًا آخَرِينَ أَكْثَرَ مِنَ ٱلْأَوَّلِينَ، فَفَعَلُوا بِهِمْ كَذَلِكَ.,"Sekali lagi, pemilik kebun itu menyuruh hamba-hambanya yang lain, yang lebih banyak daripada sebelumnya. Dan, para petani itu melakukan hal yang sama terhadap mereka.","Kemudian, tuan itu mengutus lagi hamba-hambanya yang lain lebih banyak dari semula. Meskipun begitu, mereka pun mendapat perlakuan yang sama dengan hamba-hamba yang terdahulu.",
Matius,21,37,Matius 21:37,فَأَخِيرًا أَرْسَلَ إِلَيْهِمُ ٱبْنَهُ قَائِلًا: يَهَابُونَ ٱبْنِي!,"Akhirnya, pemilik kebun itu mengutus anaknya kepada mereka, katanya, ‘Mereka akan menghormati anakku.’","Akhirnya tuan itu mengutus anaknya kepada mereka, pikirnya, ‘Mereka tentu akan menghormati anakku.’",
Matius,21,38,Matius 21:38,وَأَمَّا ٱلْكَرَّامُونَ فَلَمَّا رَأَوْا ٱلِٱبْنَ قَالُوا فِيمَا بَيْنَهُمْ: هَذَا هُوَ ٱلْوَارِثُ! هَلُمُّوا نَقْتُلْهُ وَنَأْخُذْ مِيرَاثَهُ!,"Akan tetapi, ketika para petani itu melihat anaknya, mereka berkata di antara mereka sendiri, ‘Ia adalah ahli waris, mari kita bunuh dia dan merampas warisannya.’","Tetapi, ketika para penggarap itu melihat anak tuan mereka, berkatalah mereka satu kepada lainnya, ‘Dia adalah ahli warisnya. Mari kita bunuh dia dan kita ambil warisannya!’",
Matius,21,39,Matius 21:39,فَأَخَذُوهُ وَأَخْرَجُوهُ خَارِجَ ٱلْكَرْمِ وَقَتَلُوهُ.,"Lalu, mereka menangkap anak pemilik kebun itu, melemparkannya ke luar kebun anggur, dan membunuhnya.","Lalu, mereka menangkapnya, mengeluarkannya dari kebun anggur itu, dan membunuhnya.",
Matius,21,40,Matius 21:40,فَمَتَى جَاءَ صَاحِبُ ٱلْكَرْمِ، مَاذَا يَفْعَلُ بِأُولَئِكَ ٱلْكَرَّامِينَ؟».,"Karena itu, ketika pemilik kebun anggur itu datang, apa yang akan ia lakukan kepada petani-petani itu?”","Ketika pemilik kebun anggur itu datang, apa yang akan ia perbuat terhadap para penggarap itu?”",
Matius,21,41,Matius 21:41,قَالُوا لَهُ: «أُولَئِكَ ٱلْأَرْدِيَاءُ يُهْلِكُهُمْ هَلَاكًا رَدِيًّا، وَيُسَلِّمُ ٱلْكَرْمَ إِلَى كَرَّامِينَ آخَرِينَ يُعْطُونَهُ ٱلْأَثْمَارَ فِي أَوْقَاتِهَا».,"Mereka berkata kepada-Nya, “Ia akan membinasakan orang-orang jahat itu dengan sangat jahat, dan akan menyewakan kebun anggurnya kepada petani-petani yang lain, yang akan menyerahkan kepadanya buah-buah pada musimnya.”","Jawab orang-orang yang ada di situ, “Celakalah mereka karena ia akan membinasakan orang-orang yang jahat itu, lalu kebun anggur itu akan dipercayakannya kepada para penggarap lain yang akan menyerahkan hasilnya pada setiap musimnya.”",
Matius,21,42,Matius 21:42,قَالَ لَهُمْ يَسُوعُ: «أَمَا قَرَأْتُمْ قَطُّ فِي ٱلْكُتُبِ: ٱلْحَجَرُ ٱلَّذِي رَفَضَهُ ٱلْبَنَّاؤُونَ هُوَ قَدْ صَارَ رَأْسَ ٱلزَّاوِيَةِ؟ مِنْ قِبَلِ ٱلرَّبِّ كَانَ هَذَا وَهُوَ عَجِيبٌ فِي أَعْيُنِنَا!,"Yesus berkata kepada mereka, “Apakah kamu tidak pernah membaca dalam Kitab Suci: ‘Batu yang ditolak oleh tukang-tukang bangunan telah menjadi batu penjuru. Ini adalah perbuatan TUHAN, keajaiban-keajaiban di mata kita.’? Mazmur 118:22-23","Kemudian, sabda Isa, “Belum pernahkah kamu baca dalam Kitab Suci, ‘Batu yang dibuang oleh tukang-tukang bangunan, telah menjadi batu penjuru. Hal ini terjadi dari pihak Tuhan, dan merupakan hal yang ajaib di mata kita.’?",
Matius,21,43,Matius 21:43,لِذَلِكَ أَقُولُ لَكُمْ: إِنَّ مَلَكُوتَ ٱللهِ يُنْزَعُ مِنْكُمْ وَيُعْطَى لِأُمَّةٍ تَعْمَلُ أَثْمَارَهُ.,"Karena itu, Aku berkata kepadamu, Kerajaan Allah akan diambil darimu dan akan diberikan kepada orang-orang yang menghasilkan buah darinya.","Sebab itu, Aku berkata padamu, Kerajaan Allah akan diambil darimu dan dipercayakan kepada suatu bangsa yang akan menghasilkan buah.",
Matius,21,44,Matius 21:44,وَمَنْ سَقَطَ عَلَى هَذَا ٱلْحَجَرِ يَتَرَضَّضُ، وَمَنْ سَقَطَ هُوَ عَلَيْهِ يَسْحَقُهُ!».,"Dan, siapa yang jatuh ke atas batu ini akan dipecahkan berkeping-keping; dan siapa pun yang ditimpa batu ini akan remuk.”","Siapa jatuh ke atas batu itu akan remuk, dan siapa ditimpa oleh batu itu akan hancur luluh.”",
Matius,21,45,Matius 21:45,وَلَمَّا سَمِعَ رُؤَسَاءُ ٱلْكَهَنَةِ وَٱلْفَرِّيسِيُّونَ أَمْثَالَهُ، عَرَفُوا أَنَّهُ تَكَلَّمَ عَلَيْهِمْ.,"Ketika imam-imam kepala dan orang-orang Farisi mendengar perumpamaan-perumpamaan-Nya, mereka mengerti bahwa Yesus sedang berbicara tentang mereka.","Ketika para imam kepala dan orang-orang dari mazhab Farisi mendengar semua ibarat itu, mereka tahu bahwa diri merekalah yang dibicarakan-Nya.",
Matius,21,46,Matius 21:46,وَإِذْ كَانُوا يَطْلُبُونَ أَنْ يُمْسِكُوهُ، خَافُوا مِنَ ٱلْجُمُوعِ، لِأَنَّهُ كَانَ عِنْدَهُمْ مِثْلَ نَبِيٍّ.,"Akan tetapi, ketika mereka berusaha untuk menangkap Yesus, mereka takut kepada orang banyak karena orang banyak itu menganggap bahwa Yesus adalah nabi.","Kemudian, mereka mencari jalan untuk menangkap-Nya, tetapi mereka takut kepada orang banyak yang menganggap Isa seorang nabi.",
Matius,22,1,Matius 22:1,وَجَعَلَ يَسُوعُ يُكَلِّمُهُمْ أَيْضًا بِأَمْثَالٍ قَائِلًا:,"Yesus berbicara lagi kepada mereka dalam perumpamaan-perumpamaan, kata-Nya,","Kembali Isa bersabda kepada mereka melalui ibarat,",
Matius,22,2,Matius 22:2,«يُشْبِهُ مَلَكُوتُ ٱلسَّمَاوَاتِ إِنْسَانًا مَلِكًا صَنَعَ عُرْسًا لِٱبْنِهِ،,“Kerajaan Surga dapat diumpamakan seperti seorang raja yang mengadakan pesta pernikahan untuk anak laki-lakinya.,“Kerajaan Surga itu dapat diibaratkan dengan seorang raja yang mengadakan perjamuan nikah bagi anaknya.,
Matius,22,3,Matius 22:3,وَأَرْسَلَ عَبِيدَهُ لِيَدْعُوا ٱلْمَدْعُوِّينَ إِلَى ٱلْعُرْسِ، فَلَمْ يُرِيدُوا أَنْ يَأْتُوا.,"Dan, ia menyuruh para hambanya untuk memanggil orang-orang yang sudah diundang ke pesta itu, tetapi mereka tidak mau datang.","Ia menyuruh hamba-hambanya menjemput orang-orang yang sudah diundangnya, tetapi para undangan itu tidak mau datang.",
Matius,22,4,Matius 22:4,فَأَرْسَلَ أَيْضًا عَبِيدًا آخَرِينَ قَائِلًا: قُولُوا لِلْمَدْعُوِّينَ: هُوَذَا غَدَائِي أَعْدَدْتُهُ. ثِيرَانِي وَمُسَمَّنَاتِي قَدْ ذُبِحَتْ، وَكُلُّ شَيْءٍ مُعَدٌّ. تَعَالَوْا إِلَى ٱلْعُرْسِ!,"Lalu, raja menyuruh lagi hamba-hamba yang lain, katanya, ‘Katakanlah kepada orang-orang yang diundang: Lihat, aku sudah mempersiapkan hidanganku. Lembu-lembu jantan dan ternak-ternak gemukan semuanya telah disembelih, dan semuanya sudah siap. Datanglah ke perjamuan kawin ini.’","Sang raja kembali menyuruh hamba-hambanya yang lain dengan pesan, ‘Katakanlah kepada para undangan itu: Lihatlah, jamuan sudah kusediakan, lembu-lembu dan ternak peliharaan lain yang tambun-tambun pun sudah disembelih, dan semuanya sudah tersedia. Jadi, hadirlah pada perjamuan nikah itu.’",
Matius,22,5,Matius 22:5,وَلَكِنَّهُمْ تَهَاوَنُوا وَمَضَوْا، وَاحِدٌ إِلَى حَقْلِهِ، وَآخَرُ إِلَى تِجَارَتِهِ،,"Akan tetapi, mereka mengabaikan dan pergi, yang satu ke ladangnya, yang lain ke usahanya,","Tetapi, tetap saja mereka tidak mempedulikannya. Ada yang pergi ke ladangnya dan ada pula yang mengurus usahanya.",
Matius,22,6,Matius 22:6,وَٱلْبَاقُونَ أَمْسَكُوا عَبِيدَهُ وَشَتَمُوهُمْ وَقَتَلُوهُمْ.,"dan yang lainnya menangkap hamba-hamba raja itu, menyiksa, dan membunuh mereka.","Bahkan ada yang menangkap hamba-hamba itu, lalu menganiaya dan membunuh mereka.",
Matius,22,7,Matius 22:7,فَلَمَّا سَمِعَ ٱلْمَلِكُ غَضِبَ، وَأَرْسَلَ جُنُودَهُ وَأَهْلَكَ أُولَئِكَ ٱلْقَاتِلِينَ وَأَحْرَقَ مَدِينَتَهُمْ.,"Maka, sang raja marah, dan mengirim tentara-tentaranya, membinasakan pembunuh-pembunuh itu, dan membakar kota mereka.","Sang raja pun menjadi sangat murka, lalu ia mengerahkan bala tentaranya untuk membinasakan para pembunuh itu dan membakar kota mereka.",
Matius,22,8,Matius 22:8,ثُمَّ قَالَ لِعَبِيدِهِ: أَمَّا ٱلْعُرْسُ فَمُسْتَعَدٌّ، وَأَمَّا ٱلْمَدْعُوُّونَ فَلَمْ يَكُونُوا مُسْتَحِقِّينَ.,"Kemudian, ia berkata kepada hamba-hambanya, ‘Pesta pernikahan sudah siap, tetapi orang-orang yang diundang itu tidak layak.","Selanjutnya, sabda raja kepada hamba-hambanya, ‘Jamuan pernikahan sudah tersedia, tetapi mereka yang telah diundang itu memang tidak layak diundang.",
Matius,22,9,Matius 22:9,فَٱذْهَبُوا إِلَى مَفَارِقِ ٱلطُّرُقِ، وَكُلُّ مَنْ وَجَدْتُمُوهُ فَٱدْعُوهُ إِلَى ٱلْعُرْسِ.,"Oleh karena itu, pergilah ke jalan-jalan raya dan undanglah seberapa banyak orang yang dapat kamu jumpai ke pesta pernikahan ini.’","Sebab itu, pergilah ke setiap persimpangan jalan dan ajaklah setiap orang yang kamu jumpai untuk hadir di perjamuan nikah ini.’",
Matius,22,10,Matius 22:10,فَخَرَجَ أُولَئِكَ ٱلْعَبِيدُ إِلَى ٱلطُّرُقِ، وَجَمَعُوا كُلَّ ٱلَّذِينَ وَجَدُوهُمْ أَشْرَارًا وَصَالِحِينَ. فَٱمْتَلَأَ ٱلْعُرْسُ مِنَ ٱلْمُتَّكِئِينَ.,"Maka, hamba-hamba itu pergi ke jalan-jalan dan mengumpulkan semua orang yang mereka temui, yang baik dan yang jahat. Dan, tempat perkawinan itu dipenuhi dengan para tamu.","Kemudian, hamba-hamba itu pergi ke jalan-jalan untuk mengundang setiap orang yang dijumpainya di sana, yang jahat dan juga yang baik. Akhirnya penuhlah tempat perjamuan nikah itu dengan para tamu.",
Matius,22,11,Matius 22:11,فَلَمَّا دَخَلَ ٱلْمَلِكُ لِيَنْظُرَ ٱلْمُتَّكِئِينَ، رَأَى هُنَاكَ إِنْسَانًا لَمْ يَكُنْ لَابِسًا لِبَاسَ ٱلْعُرْسِ.,"Akan tetapi, ketika raja masuk untuk bertemu dengan para tamunya, ia melihat seseorang di sana, yang tidak mengenakan pakaian untuk pesta pernikahan.","Lalu, sang raja pun masuk untuk melihat para tamu. Ia melihat seorang yang tidak mengenakan pakaian yang layak dipakai untuk hadir di perjamuan nikah.",
Matius,22,12,Matius 22:12,فَقَالَ لَهُ: يا صَاحِبُ، كَيْفَ دَخَلْتَ إِلَى هُنَا وَلَيْسَ عَلَيْكَ لِبَاسُ ٱلْعُرْسِ؟ فَسَكَتَ.,"Ia berkata kepadanya, ‘Teman, bagaimana kamu bisa masuk ke sini tanpa memakai pakaian untuk pesta pernikahan?’ Dan, orang itu tidak berkata apa-apa.","Lalu, kata sang raja kepada orang itu, ‘Hai Saudara, mengapa engkau masuk kemari dengan tidak mengenakan pakaian perjamuan?’ Tetapi, orang itu diam saja.",
Matius,22,13,Matius 22:13,حِينَئِذٍ قَالَ ٱلْمَلِكُ لِلْخُدَّامِ: ٱرْبُطُوا رِجْلَيْهِ وَيَدَيْهِ، وَخُذُوهُ وَٱطْرَحُوهُ فِي ٱلظُّلْمَةِ ٱلْخَارِجِيَّةِ. هُنَاكَ يَكُونُ ٱلْبُكَاءُ وَصَرِيرُ ٱلْأَسْنَانِ.,"Kemudian, raja itu berkata kepada hamba-hambanya, ‘Ikatlah tangan dan kakinya, dan lemparkanlah ia ke dalam kegelapan yang paling luar. Di sana, akan ada tangis dan kertak gigi.’","Maka, berkatalah raja itu kepada para hambanya, ‘Ikatlah tangan dan kakinya, lalu campakkanlah ia ke tempat yang paling gelap. Di tempat itu ada ratapan dan kertak gigi.’",
Matius,22,14,Matius 22:14,لِأَنَّ كَثِيرِينَ يُدْعَوْنَ وَقَلِيلِينَ يُنْتَخَبُونَ».,"Sebab, banyak yang dipanggil, tetapi sedikit yang dipilih.”","Karena banyak orang yang dipanggil, tetapi hanya sedikit yang dipilih.”",
Matius,22,15,Matius 22:15,حِينَئِذٍ ذَهَبَ ٱلْفَرِّيسِيُّونَ وَتَشَاوَرُوا لِكَيْ يَصْطَادُوهُ بِكَلِمَةٍ.,"Kemudian, orang-orang Farisi pergi dan berkomplot supaya mereka dapat menjerat Yesus dengan ucapan-Nya.","Setelah itu, orang-orang dari mazhab Farisi itu pergi dan bermufakat tentang bagaimana cara menjerat Isa dari perkataan-Nya.",
Matius,22,16,Matius 22:16,فَأَرْسَلُوا إِلَيْهِ تَلَامِيذَهُمْ مَعَ ٱلْهِيرُودُسِيِّينَ قَائِلِينَ: «يَا مُعَلِّمُ، نَعْلَمُ أَنَّكَ صَادِقٌ وَتُعَلِّمُ طَرِيقَ ٱللهِ بِٱلْحَقِّ، وَلَا تُبَالِي بِأَحَدٍ، لِأَنَّكَ لَا تَنْظُرُ إِلَى وُجُوهِ ٱلنَّاسِ.,"Dan, mereka mengutus murid-murid mereka kepada Yesus, bersama dengan orang-orang Herodian. Mereka berkata, “Guru, kami tahu bahwa Engkau jujur dan mengajarkan jalan Allah dalam kebenaran. Engkau tidak takut pada siapa pun karena Engkau tidak melihat rupa.","Kemudian, mereka menyuruh para pengikut mereka beserta orang-orang Herodian bertanya kepada Isa, “Wahai Guru, kami tahu bahwa Engkau adalah orang yang jujur. Engkau mengajarkan jalan Allah dengan jujur, dan Engkau tidak merasa takut kepada siapa pun karena Engkau tidak memandang muka.",
Matius,22,17,Matius 22:17,فَقُلْ لَنَا: مَاذَا تَظُنُّ؟ أَيَجُوزُ أَنْ تُعْطَى جِزْيَةٌ لِقَيْصَرَ أَمْ لَا؟».,"Kalau begitu, katakanlah pendapat-Mu kepada kami. Apakah dibenarkan untuk membayar pajak kepada kaisar atau tidak?”","Karena itu, katakanlah kepada kami bagaimana pendapat-Mu. Bolehkah membayar pajak kepada Kaisar atau tidak?”",
Matius,22,18,Matius 22:18,فَعَلِمَ يَسُوعُ خُبْثَهُمْ وَقَالَ: «لِمَاذَا تُجَرِّبُونَنِي يا مُرَاؤُونَ؟,"Akan tetapi, Yesus mengetahui kejahatan mereka dan berkata, “Mengapa kamu mencobai Aku, hai munafik?","Tetapi, Isa mengetahui kejahatan hati mereka. Lalu, sabda-Nya kepada mereka, “Hai orang-orang munafik, mengapa kamu mencobai Aku?",
Matius,22,19,Matius 22:19,أَرُونِي مُعَامَلَةَ ٱلْجِزْيَةِ». فَقَدَّمُوا لَهُ دِينَارًا.,"Tunjukkanlah kepada-Ku uang untuk pajak itu.” Lalu, mereka menyerahkan sekeping dinar kepada-Nya.",Tunjukkanlah kepada-Ku uang yang kamu pakai untuk membayar pajak.” Mereka pun membawa sekeping uang dinar kepada-Nya.,
Matius,22,20,Matius 22:20,فَقَالَ لَهُمْ: «لِمَنْ هَذِهِ ٱلصُّورَةُ وَٱلْكِتَابَةُ؟».,"Dan, Dia berkata kepada mereka, “Gambar dan tulisan siapakah ini?”","Lalu, sabda-Nya kepada mereka, “Gambar dan cap siapakah ini?”",
Matius,22,21,Matius 22:21,قَالُوا لَهُ: «لِقَيْصَرَ». فَقَالَ لَهُمْ: «أَعْطُوا إِذًا مَا لِقَيْصَرَ لِقَيْصَرَ وَمَا لِلهِ لِلهِ».,"Mereka menjawab, “Kaisar.” Kemudian, Yesus berkata kepada mereka, “Oleh karena itu, bayarlah kepada kaisar hal-hal milik kaisar, dan kepada Allah hal-hal yang adalah milik Allah.”","Jawab mereka, “Gambar dan cap Kaisar.” Kemudian, sabda Isa kepada mereka, “Serahkanlah kepada Kaisar apa yang seharusnya diserahkan kepada Kaisar, dan serahkanlah kepada Allah apa yang seharusnya diserahkan kepada Allah.”",
Matius,22,22,Matius 22:22,فَلَمَّا سَمِعُوا تَعَجَّبُوا وَتَرَكُوهُ وَمَضَوْا.,"Ketika mendengarnya, mereka terheran-heran, dan meninggalkan-Nya lalu pergi.","Mendengar jawaban itu mereka pun merasa heran, kemudian pergi meninggalkan Isa.",
Matius,22,23,Matius 22:23,فِي ذَلِكَ ٱلْيَوْمِ جَاءَ إِلَيْهِ صَدُّوقِيُّونَ، ٱلَّذِينَ يَقُولُونَ لَيْسَ قِيَامَةٌ، فَسَأَلُوهُ,"Pada hari yang sama, orang-orang Saduki, yang berkata bahwa tidak ada kebangkitan, datang kepada Yesus dan bertanya kepada-Nya.","Pada hari itu juga datanglah kepada Isa orang-orang dari mazhab Saduki yang berpendapat bahwa kebangkitan orang mati itu tidak ada. Kemudian, mereka bertanya kepada-Nya,",
Matius,22,24,Matius 22:24,قَائِلِينَ: «يَا مُعَلِّمُ، قَالَ مُوسَى: إِنْ مَاتَ أَحَدٌ وَلَيْسَ لَهُ أَوْلَادٌ، يَتَزَوَّجْ أَخُوهُ بِٱمْرَأَتِهِ وَيُقِمْ نَسْلًا لِأَخِيهِ.,"Mereka berkata, “Guru, Musa berkata bahwa jika seorang laki-laki mati dan tidak mempunyai anak, saudara laki-lakinya harus mengawini istrinya dan meneruskan keturunan bagi saudaranya yang meninggal itu.","“Wahai Guru, menurut firman yang disampaikan melalui Musa, jika seorang suami meninggal tanpa meninggalkan anak, maka saudaranya yang laki-laki harus memperistri janda almarhum itu supaya diperolehnya keturunan bagi almarhum.",
Matius,22,25,Matius 22:25,فَكَانَ عِنْدَنَا سَبْعَةُ إِخْوَةٍ، وَتَزَوَّجَ ٱلْأَوَّلُ وَمَاتَ. وَإِذْ لَمْ يَكُنْ لَهُ نَسْلٌ تَرَكَ ٱمْرَأَتَهُ لِأَخِيهِ.,"Sekarang, ada tujuh bersaudara di antara kami. Yang pertama menikah, dan mati tanpa mempunyai anak, dan meninggalkan istrinya bagi saudaranya.","Di antara kami ada tujuh orang bersaudara. Saudara yang pertama meninggal setelah menikah. Karena ia tidak mempunyai keturunan, maka janda almarhum itu dinikahi oleh saudaranya.",
Matius,22,26,Matius 22:26,وَكَذَلِكَ ٱلثَّانِي وَٱلثَّالِثُ إِلَى ٱلسَّبْعَةِ.,"Demikian juga dengan yang kedua, yang ketiga, sampai yang ketujuh.","Begitu juga dengan saudaranya yang kedua, yang ketiga, bahkan sampai yang ketujuh.",
Matius,22,27,Matius 22:27,وَآخِرَ ٱلْكُلِّ مَاتَتِ ٱلْمَرْأَةُ أَيْضًا.,"Akhir dari semuanya, perempuan itu juga mati.","Pada akhirnya, sesudah semuanya meninggal, perempuan itu meninggal juga.",
Matius,22,28,Matius 22:28,فَفِي ٱلْقِيَامَةِ لِمَنْ مِنَ ٱلسَّبْعَةِ تَكُونُ زَوْجَةً؟ فَإِنَّهَا كَانَتْ لِلْجَمِيعِ!».,"Pada hari kebangkitan, perempuan itu menjadi istri siapa dari ketujuh bersaudara itu? Sebab, mereka semua telah mengawininya.”","Pada hari kebangkitan nanti, siapa dari ketujuh saudara itu yang akan menjadi suami dari perempuan itu? Karena semuanya sudah menikahinya.”",
Matius,22,29,Matius 22:29,فَأَجَابَ يَسُوعُ وَقَالَ لَهُمْ: «تَضِلُّونَ إِذْ لَا تَعْرِفُونَ ٱلْكُتُبَ وَلَا قُوَّةَ ٱللهِ.,"Akan tetapi, Yesus menjawab dan berkata kepada mereka, “Kamu tersesat, tidak mengerti Kitab Suci ataupun kuasa Allah.","Sabda Isa kepada mereka, “Kamu sesat sebab kamu tidak mengerti isi Kitab Suci maupun kuasa Allah.",
Matius,22,30,Matius 22:30,لِأَنَّهُمْ فِي ٱلْقِيَامَةِ لَا يُزَوِّجُونَ وَلَا يَتَزَوَّجُونَ، بَلْ يَكُونُونَ كَمَلَائِكَةِ ٱللهِ فِي ٱلسَّمَاءِ.,"Sebab, pada hari kebangkitan, mereka tidak kawin ataupun dikawini, tetapi seperti malaikat-malaikat di surga.","Pada hari kebangkitan, orang-orang tidak akan menikah dan tidak akan dinikahkan. Keadaan mereka di surga akan seperti para malaikat.",
Matius,22,31,Matius 22:31,وَأَمَّا مِنْ جِهَةِ قِيَامَةِ ٱلْأَمْوَاتِ، أَفَمَا قَرَأْتُمْ مَا قِيلَ لَكُمْ مِنْ قِبَلِ ٱللهِ ٱلْقَائِلِ:,"Namun, mengenai kebangkitan orang-orang mati, belumkah kamu membaca apa yang dikatakan kepadamu oleh Allah,","Sedangkan mengenai kebangkitan orang-orang mati, belum pernahkah kamu baca apa yang telah disabdakan Allah kepadamu?",
Matius,22,32,Matius 22:32,أَنَا إِلَهُ إِبْرَاهِيمَ وَإِلَهُ إِسْحَاقَ وَإِلَهُ يَعْقُوبَ؟ لَيْسَ ٱللهُ إِلَهَ أَمْوَاتٍ بَلْ إِلَهُ أَحْيَاءٍ».,"‘Akulah Allah Abraham, Allah Ishak, dan Allah Yakub’? Ia bukan Allah orang mati, melainkan Allah orang yang hidup.”","‘Akulah Tuhan Ibrahim, Ishak, dan Yakub.’ Ia bukan Tuhan yang disembah oleh orang mati, melainkan oleh orang hidup.”",
Matius,22,33,Matius 22:33,فَلَمَّا سَمِعَ ٱلْجُمُوعُ بُهِتُوا مِنْ تَعْلِيمِهِ.,"Ketika orang banyak mendengar hal ini, mereka terheran-heran terhadap pengajaran-Nya.","Ketika orang banyak mendengar hal itu, mereka merasa heran atas ajaran-Nya.",
Matius,22,34,Matius 22:34,أَمَّا ٱلْفَرِّيسِيُّونَ فَلَمَّا سَمِعُوا أَنَّهُ أَبْكَمَ ٱلصَّدُّوقِيِّينَ ٱجْتَمَعُوا مَعًا،,"Namun, ketika orang-orang Farisi mendengar bahwa Yesus telah membuat orang-orang Saduki terdiam, mereka berkumpul bersama.","Ketika orang-orang dari mazhab Farisi mendengar kabar bahwa Isa telah membungkam orang-orang dari mazhab Saduki, berkumpullah mereka.",
Matius,22,35,Matius 22:35,وَسَأَلَهُ وَاحِدٌ مِنْهُمْ، وَهُوَ نَامُوسِيٌّ، لِيُجَرِّبَهُ قَائِلًا:,"Kemudian, satu dari mereka, seorang ahli Hukum Taurat, bertanya kepada Yesus untuk menguji-Nya,","Kemudian, salah seorang dari mereka, yakni seorang ahli Kitab Suci Taurat, datang dan bertanya kepada Isa untuk mencobai-Nya. Ia bertanya,",
Matius,22,36,Matius 22:36,«يَا مُعَلِّمُ، أَيَّةُ وَصِيَّةٍ هِيَ ٱلْعُظْمَى فِي ٱلنَّامُوسِ؟».,"“Guru, perintah manakah yang terpenting dalam Hukum Taurat?”","“Wahai Guru, perintah manakah yang paling utama dalam hukum Taurat?”",
Matius,22,37,Matius 22:37,فَقَالَ لَهُ يَسُوعُ: «تُحِبُّ ٱلرَّبَّ إِلَهَكَ مِنْ كُلِّ قَلْبِكَ، وَمِنْ كُلِّ نَفْسِكَ، وَمِنْ كُلِّ فِكْرِكَ.,"Dan, Yesus berkata kepadanya, “Kamu harus mengasihi Tuhan Allahmu dengan segenap hatimu, dan dengan segenap jiwamu, dan dengan segenap pikiranmu.","Sabda Isa kepadanya, “‘Kasihilah Allah, Tuhanmu, dengan segenap hatimu, dengan segenap jiwamu, dan dengan segenap akal budimu.’",
Matius,22,38,Matius 22:38,هَذِهِ هِيَ ٱلْوَصِيَّةُ ٱلْأُولَى وَٱلْعُظْمَى.,Ini adalah perintah yang terbesar dan yang pertama.,Itulah perintah yang terutama dan yang pertama.,
Matius,22,39,Matius 22:39,وَٱلثَّانِيَةُ مِثْلُهَا: تُحِبُّ قَرِيبَكَ كَنَفْسِكَ.,"Yang kedua adalah seperti ini, ‘Kamu harus mengasihi sesamamu seperti dirimu sendiri.’","Sedangkan perintah yang kedua, yang sama dengan itu, ‘Kasihilah sesamamu manusia seperti dirimu sendiri.’",
Matius,22,40,Matius 22:40,بِهَاتَيْنِ ٱلْوَصِيَّتَيْنِ يَتَعَلَّقُ ٱلنَّامُوسُ كُلُّهُ وَٱلْأَنْبِيَاءُ».,"Dalam kedua perintah ini, tergantung semua Hukum Taurat dan kitab para nabi.”",Pada kedua perintah inilah terhimpun seluruh hukum Taurat dan juga semua wahyu Allah yang dituliskan oleh para nabi.”,
Matius,22,41,Matius 22:41,وَفِيمَا كَانَ ٱلْفَرِّيسِيُّونَ مُجْتَمِعِينَ سَأَلَهُمْ يَسُوعُ,"Sekarang, sementara orang-orang Farisi berkumpul bersama, Yesus bertanya kepada mereka,","Pada waktu orang-orang dari mazhab Farisi sedang berkerumun, bersabdalah Isa kepada mereka,",
Matius,22,42,Matius 22:42,قَائِلًا: «مَاذَا تَظُنُّونَ فِي ٱلْمَسِيحِ؟ ٱبْنُ مَنْ هُوَ؟» قَالُوا لَهُ: «ٱبْنُ دَاوُدَ».,"“Bagaimana pendapatmu tentang Kristus? Anak siapakah Dia?” Mereka berkata kepada-Nya, “Anak Daud.”","“Bagaimanakah pendapatmu tentang Al-Masih? Anak siapakah Dia?” Jawab mereka, “Anak Daud!”",
Matius,22,43,Matius 22:43,قَالَ لَهُمْ: «فَكَيْفَ يَدْعُوهُ دَاوُدُ بِٱلرُّوحِ رَبًّا؟ قَائِلًا:,"Dia berkata kepada mereka, “Kalau begitu, bagaimanakah Daud, dalam Roh, memanggil-Nya ‘Tuan’, katanya,","Sabda Isa, “Kalau begitu, bagaimana mungkin Daud dengan kuasa Ruh Allah menyebut-Nya ‘Junjungan’ ketika ia berkata,",
Matius,22,44,Matius 22:44,قَالَ ٱلرَّبُّ لِرَبِّي: ٱجْلِسْ عَنْ يَمِينِي حَتَّى أَضَعَ أَعْدَاءَكَ مَوْطِئًا لِقَدَمَيْكَ.,"‘Tuhan berfirman kepada Tuanku, “Duduklah di sebelah kanan-Ku, sampai Aku menempatkan musuh-musuh-Mu di bawah kaki-Mu.’? Mazmur 110:1",‘Tuhan bersabda kepada Junjungan: Duduklah di sebelah kanan-Ku sampai Aku menaruh musuh-musuh-Mu di bawah kaki-Mu.’,
Matius,22,45,Matius 22:45,فَإِنْ كَانَ دَاوُدُ يَدْعُوهُ رَبًّا، فَكَيْفَ يَكُونُ ٱبْنَهُ؟».,"Jika Daud memanggil Kristus sebagai ‘Tuan’, bagaimana mungkin Ia adalah anak Daud?”","Jadi, kalau Daud sendiri menyebut-Nya ‘Junjungan,’ bagaimana mungkin Dia adalah anaknya?”",
Matius,22,46,Matius 22:46,فَلَمْ يَسْتَطِعْ أَحَدٌ أَنْ يُجِيبَهُ بِكَلِمَةٍ. وَمِنْ ذَلِكَ ٱلْيَوْمِ لَمْ يَجْسُرْ أَحَدٌ أَنْ يَسْأَلَهُ بَتَّةً.,"Tidak seorang pun yang dapat menjawab satu kata pun kepada-Nya. Dan, sejak hari itu, tidak ada orang yang berani menanyakan pertanyaan-pertanyaan lagi kepada-Nya.","Tidak seorang pun yang dapat menjawab-Nya, dan sejak hari itu tidak seorang pun yang berani mengajukan pertanyaan kepada-Nya.",
Matius,23,1,Matius 23:1,حِينَئِذٍ خَاطَبَ يَسُوعُ ٱلْجُمُوعَ وَتَلَامِيذَهُ,"Kemudian, Yesus berbicara kepada orang banyak dan murid-murid-Nya,","Kemudian, bersabdalah Isa kepada orang banyak dan para pengikut-Nya,",
Matius,23,2,Matius 23:2,قَائِلًا: «عَلَى كُرْسِيِّ مُوسَى جَلَسَ ٱلْكَتَبَةُ وَٱلْفَرِّيسِيُّونَ،,“Para ahli Taurat dan orang-orang Farisi duduk di atas kursi Musa.,“Para ahli Kitab Suci Taurat dan orang-orang dari mazhab Farisi telah menduduki kursi Musa.,
Matius,23,3,Matius 23:3,فَكُلُّ مَا قَالُوا لَكُمْ أَنْ تَحْفَظُوهُ فَٱحْفَظُوهُ وَٱفْعَلُوهُ، وَلَكِنْ حَسَبَ أَعْمَالِهِمْ لَا تَعْمَلُوا، لِأَنَّهُمْ يَقُولُونَ وَلَا يَفْعَلُونَ.,"Oleh karena itu, segala hal yang mereka katakan kepadamu, lakukanlah dan perhatikanlah. Akan tetapi, jangan lakukan perbuatan-perbuatannya karena mereka mengatakannya, tetapi tidak melakukannya.","Sebab itu, turuti dan amalkan segala sesuatu yang mereka ajarkan, tetapi jangan turuti akhlak mereka karena ajaran mereka tidak selaras dengan perbuatan mereka sendiri.",
Matius,23,4,Matius 23:4,فَإِنَّهُمْ يَحْزِمُونَ أَحْمَالًا ثَقِيلَةً عَسِرَةَ ٱلْحَمْلِ وَيَضَعُونَهَا عَلَى أَكْتَافِ ٱلنَّاسِ، وَهُمْ لَا يُرِيدُونَ أَنْ يُحَرِّكُوهَا بِإِصْبِعِهِمْ،,"Mereka mengikatkan beban-beban yang berat dan meletakkannya di atas pundak orang lain. Akan tetapi, mereka sendiri tidak mau memindahkannya dengan jari mereka.","Mereka mengikat beban yang berat-berat, lalu meletakkannya di atas bahu orang-orang, padahal mereka sendiri sama sekali tidak mau menyentuhnya.",
Matius,23,5,Matius 23:5,وَكُلَّ أَعْمَالِهِمْ يَعْمَلُونَهَا لِكَيْ تَنْظُرَهُمُ ٱلنَّاسُ: فَيُعَرِّضُونَ عَصَائِبَهُمْ وَيُعَظِّمُونَ أَهْدَابَ ثِيَابِهِمْ،,Mereka melakukan semua perbuatan mereka supaya dilihat orang. Mereka memperlebar tali-tali sembahyangnya dan memperbesar rumbai-rumbai ujung jubah mereka.,"Semua yang mereka lakukan, mereka buat sedemikian rupa supaya dilihat orang. Mereka memakai tali sembahyang yang lebar dan juga memanjangkan rumbai-rumbai yang ada pada jubah mereka.",
Matius,23,6,Matius 23:6,وَيُحِبُّونَ ٱلْمُتَّكَأَ ٱلْأَوَّلَ فِي ٱلْوَلَائِمِ، وَٱلْمَجَالِسَ ٱلْأُولَى فِي ٱلْمَجَامِعِ،,"Mereka menyukai tempat terhormat dalam perjamuan, tempat duduk terdepan dalam sinagoge-sinagoge,","Mereka menyukai tempat-tempat terhormat, baik di tempat-tempat perjamuan maupun di rumah-rumah ibadah.",
Matius,23,7,Matius 23:7,وَٱلتَّحِيَّاتِ فِي ٱلْأَسْوَاقِ، وَأَنْ يَدْعُوَهُمُ ٱلنَّاسُ: سَيِّدِي سَيِّدِي!,"salam penghormatan di tempat-tempat umum, dan disebut Rabi oleh orang-orang.",Mereka senang menerima salam dari orang di pasar-pasar dan menyukai sebutan ‘Guru’.,
Matius,23,8,Matius 23:8,وَأَمَّا أَنْتُمْ فَلَا تُدْعَوْا سَيِّدِي، لِأَنَّ مُعَلِّمَكُمْ وَاحِدٌ ٱلْمَسِيحُ، وَأَنْتُمْ جَمِيعًا إِخْوَةٌ.,"Akan tetapi, kamu jangan disebut rabi karena hanya satu Gurumu, dan kamu semua bersaudara.","Tetapi, janganlah kamu mau disebut ‘Guru’ karena Gurumu hanya satu dan kamu semua adalah saudara.",
Matius,23,9,Matius 23:9,وَلَا تَدْعُوا لَكُمْ أَبًا عَلَى ٱلْأَرْضِ، لِأَنَّ أَبَاكُمْ وَاحِدٌ ٱلَّذِي فِي ٱلسَّمَاوَاتِ.,"Jangan menyebut siapa saja sebagai bapamu di dunia ini karena satu saja Bapamu, yaitu Ia yang di surga.","Lagi pula, janganlah kamu menyebut ‘Bapa’ siapa pun di dunia ini karena Bapamu hanya satu, yaitu Dia yang di surga.",
Matius,23,10,Matius 23:10,وَلَا تُدْعَوْا مُعَلِّمِينَ، لِأَنَّ مُعَلِّمَكُمْ وَاحِدٌ ٱلْمَسِيحُ.,"Jangan pula kamu disebut pemimpin karena satu saja Pemimpinmu, yaitu Kristus.","Selain itu, janganlah kamu mau disebut ‘pemimpin’ karena hanya satu Pemimpinmu, yaitu Al-Masih.",
Matius,23,11,Matius 23:11,وَأَكْبَرُكُمْ يَكُونُ خَادِمًا لَكُمْ.,"Namun, yang terbesar di antara kamu, hendaklah ia menjadi pelayanmu.","Sedangkan yang terbesar di antara kamu, hendaklah ia menjadi abdi dari semuanya.",
Matius,23,12,Matius 23:12,فَمَنْ يَرْفَعْ نَفْسَهُ يَتَّضِعْ، وَمَنْ يَضَعْ نَفْسَهُ يَرْتَفِعْ.,Siapa yang meninggikan dirinya akan direndahkan dan siapa yang merendahkan dirinya akan ditinggikan.,"Siapa meninggikan dirinya, ia akan direndahkan. Tetapi, siapa merendahkan dirinya, ia akan ditinggikan.",
Matius,23,13,Matius 23:13,«لَكِنْ وَيْلٌ لَكُمْ أَيُّهَا ٱلْكَتَبَةُ وَٱلْفَرِّيسِيُّونَ ٱلْمُرَاؤُونَ! لِأَنَّكُمْ تُغْلِقُونَ مَلَكُوتَ ٱلسَّمَاوَاتِ قُدَّامَ ٱلنَّاسِ، فَلَا تَدْخُلُونَ أَنْتُمْ وَلَا تَدَعُونَ ٱلدَّاخِلِينَ يَدْخُلُونَ.,"Celakalah kamu, ahli-ahli Taurat dan orang-orang Farisi, orang-orang munafik! Kamu menutup pintu Kerajaan Surga di depan orang karena kamu sendiri tidak memasukinya dan juga tidak mengizinkan mereka yang sedang masuk untuk memasukinya.","Celakalah kamu, hai para ahli Kitab Suci Taurat dan orang-orang dari mazhab Farisi, hai orang-orang yang munafik! Kamu mengunci pintu-pintu Kerajaan Surga di hadapan orang-orang. Kamu sendiri tidak mau masuk, dan orang yang hendak masuk pun kamu halangi.",
Matius,23,14,Matius 23:14,وَيْلٌ لَكُمْ أَيُّهَا ٱلْكَتَبَةُ وَٱلْفَرِّيسِيُّونَ ٱلْمُرَاؤُونَ! لِأَنَّكُمْ تَأْكُلُونَ بُيُوتَ ٱلْأَرَامِلِ، ولِعِلَّةٍ تُطِيلُونَ صَلَوَاتِكُمْ. لِذَلِكَ تَأْخُذُونَ دَيْنُونَةً أَعْظَمَ.,"Celakalah kamu, hai ahli-ahli Taurat dan orang-orang Farisi, orang-orang munafik! Kamu melahap rumah para janda dan untuk kepura-puraan kamu membuat doa-doa yang panjang. Karena itu, kamu akan menerima hukuman yang lebih berat.","Celakalah kamu, hai para ahli Kitab Suci Taurat dan orang-orang dari mazhab Farisi, hai orang-orang yang munafik! Kamu merampas rumah para janda dan berpura-pura suci dengan memanjang-manjangkan doamu. Sebab itu, kamu akan menerima hukuman yang lebih berat.",
Matius,23,15,Matius 23:15,وَيْلٌ لَكُمْ أَيُّهَا ٱلْكَتَبَةُ وَٱلْفَرِّيسِيُّونَ ٱلْمُرَاؤُونَ! لِأَنَّكُمْ تَطُوفُونَ ٱلْبَحْرَ وَٱلْبَرَّ لِتَكْسَبُوا دَخِيلًا وَاحِدًا، وَمَتَى حَصَلَ تَصْنَعُونَهُ ٱبْنًا لِجَهَنَّمَ أَكْثَرَ مِنْكُمْ مُضَاعَفًا.,"Celakalah kamu, hai ahli-ahli Taurat dan orang-orang Farisi, orang-orang munafik! Kamu menjelajahi lautan dan daratan untuk membawa seseorang masuk ke dalam agamamu. Dan, ketika ia sudah menjadi salah satunya, kamu menjadikannya anak neraka, dua kali lipat daripada kamu sendiri.","Celakalah kamu, hai para ahli Kitab Suci Taurat dan orang-orang dari mazhab Farisi, hai orang-orang yang munafik! Kamu menjelajahi laut dan daratan hanya untuk membawa satu orang saja menjadi pemeluk agamamu, tetapi setelah itu kamu menjadikan dia calon penghuni neraka yang dua kali lebih jahat daripada dirimu.",
Matius,23,16,Matius 23:16,وَيْلٌ لَكُمْ أَيُّهَا ٱلْقَادَةُ ٱلْعُمْيَانُ! ٱلْقَائِلُونَ: مَنْ حَلَفَ بِٱلْهَيْكَلِ فَلَيْسَ بِشَيْءٍ، وَلَكِنْ مَنْ حَلَفَ بِذَهَبِ ٱلْهَيْكَلِ يَلْتَزِمُ.,"Celakalah kamu, hai para pemimpin buta, yang berkata, ‘Siapa yang bersumpah demi Bait Allah, hal itu tidak ada artinya. Akan tetapi, siapa yang bersumpah demi emas Bait Allah, ia terikat oleh sumpahnya itu.’","Celakalah kamu, hai para pemimpin buta yang berkata, ‘Siapa bersumpah demi Bait Allah, maka sumpahnya itu tidak sah. Tetapi, siapa bersumpah demi emas Bait Allah, maka sumpahnya itu mengikatnya.’",
Matius,23,17,Matius 23:17,أَيُّهَا ٱلْجُهَّالُ وَٱلْعُمْيَانُ! أَيُّمَا أَعْظَمُ: أَلذَّهَبُ أَمِ ٱلْهَيْكَلُ ٱلَّذِي يُقَدِّسُ ٱلذَّهَبَ؟,"Kamu, yang bodoh dan yang buta! Mana yang terbesar, emas atau Bait Allah yang menguduskan emas itu?","Hai kamu, orang-orang bodoh dan buta! Mana yang lebih berarti, emaskah atau Bait Allah yang menyucikan emas itu?",
Matius,23,18,Matius 23:18,وَمَنْ حَلَفَ بِٱلْمَذْبَحِ فَلَيْسَ بِشَيْءٍ، وَلَكِنْ مَنْ حَلَفَ بِٱلْقُرْبَانِ ٱلَّذِي عَلَيْهِ يَلْتَزِمُ.,"Dan, ‘Siapa yang bersumpah demi mazbah, sumpah itu tidak ada artinya. Akan tetapi, siapa yang bersumpah demi persembahan di atas mazbah itu, ia terikat oleh sumpahnya itu.’","Kamu juga berkata, ‘Siapa bersumpah demi tempat pembakaran kurban, maka sumpahnya itu tidak sah. Tetapi, siapa bersumpah demi kurban yang ada di atasnya, maka sumpahnya itu mengikat.’",
Matius,23,19,Matius 23:19,أَيُّهَا ٱلْجُهَّالُ وَٱلْعُمْيَانُ! أَيُّمَا أَعْظَمُ: ٱلْقُرْبَانُ أَمِ ٱلْمَذْبَحُ ٱلَّذِي يُقَدِّسُ ٱلْقُرْبَانَ؟,"Hai kamu orang-orang buta! Mana yang terbesar, persembahan atau mazbah yang menguduskan persembahan itu?","Hai kamu, orang-orang buta! Mana yang lebih berarti, kurbankah atau tempat pembakaran kurban yang menyucikan kurban itu?",
Matius,23,20,Matius 23:20,فَإِنَّ مَنْ حَلَفَ بِٱلْمَذْبَحِ فَقَدْ حَلَفَ بِهِ وَبِكُلِّ مَا عَلَيْهِ!,"Karena itu, siapa yang bersumpah demi mazbah, bersumpah demi mazbah dan semua yang ada di atasnya.","Ketahuilah bahwa orang yang bersumpah demi tempat pembakaran kurban, berarti juga bersumpah demi tempat pembakaran kurban itu dan segala sesuatu yang ada di atasnya.",
Matius,23,21,Matius 23:21,وَمَنْ حَلَفَ بِٱلْهَيْكَلِ فَقَدْ حَلَفَ بِهِ وَبِالسَّاكِنِ فِيهِ،,"Dan, siapa yang bersumpah demi Bait Allah, bersumpah demi Bait Allah dan demi Dia yang diam di dalamnya.","Orang yang bersumpah demi Bait Allah, berarti juga bersumpah demi Bait Allah itu dan demi Tuhan yang bersemayam di situ,",
Matius,23,22,Matius 23:22,وَمَنْ حَلَفَ بِٱلسَّمَاءِ فَقَدْ حَلَفَ بِعَرْشِ ٱللهِ وَبِالْجَالِسِ عَلَيْهِ.,"Dan, siapa yang bersumpah demi surga, bersumpah demi takhta Allah, dan demi Dia yang duduk di atasnya.","dan orang yang bersumpah demi surga, berarti juga bersumpah demi arasy Allah dan demi Dia yang bersemayam di atasnya.",
Matius,23,23,Matius 23:23,وَيْلٌ لَكُمْ أَيُّهَا ٱلْكَتَبَةُ وَٱلْفَرِّيسِيُّونَ ٱلْمُرَاؤُونَ! لِأَنَّكُمْ تُعَشِّرُونَ ٱلنَّعْنَعَ وَٱلشِّبِثَّ وَٱلْكَمُّونَ، وَتَرَكْتُمْ أَثْقَلَ ٱلنَّامُوسِ: ٱلْحَقَّ وَٱلرَّحْمَةَ وَٱلْإِيمَانَ. كَانَ يَنْبَغِي أَنْ تَعْمَلُوا هَذِهِ وَلَا تَتْرُكُوا تِلْكَ.,"Celakalah kamu, hai ahli-ahli Taurat dan orang-orang Farisi, orang-orang munafik! Kamu memberi persepuluhanmu dari selasih, adas manis, dan jintan, tetapi telah mengabaikan hal-hal yang lebih berat dari Hukum Taurat, yaitu keadilan, belas kasihan, dan iman. Hal-hal inilah yang seharusnya sudah kamu lakukan tanpa mengabaikan hal-hal yang lain.","Celakalah kamu, hai para ahli Kitab Suci Taurat dan orang-orang dari mazhab Farisi, hai orang-orang yang munafik! Kamu membayar sepersepuluh dari selasih, adas manis, dan jintan, tetapi segala sesuatu yang lebih penting yang juga tertulis dalam hukum Taurat seperti keadilan, belas kasihan, dan kesetiaan, kamu abaikan. Hal-hal itu memang patut kamu kerjakan, tetapi yang lainnya jangan ditinggalkan.",
Matius,23,24,Matius 23:24,أَيُّهَا ٱلْقَادَةُ ٱلْعُمْيَانُ! ٱلَّذِينَ يُصَفُّونَ عَنِ ٱلْبَعُوضَةِ وَيَبْلَعُونَ ٱلْجَمَلَ.,"Kamu pemimpin-pemimpin buta, yang menyaring nyamuk dan menelan seekor unta!","Hai kamu, para pemimpin buta! Nyamuk kamu tapis, tetapi unta kamu telan.",
Matius,23,25,Matius 23:25,وَيْلٌ لَكُمْ أَيُّهَا ٱلْكَتَبَةُ وَٱلْفَرِّيسِيُّونَ ٱلْمُرَاؤُونَ! لِأَنَّكُمْ تُنَقُّونَ خَارِجَ ٱلْكَأْسِ وَٱلصَّحْفَةِ، وَهُمَا مِنْ دَاخِلٍ مَمْلُوآنِ ٱخْتِطَافًا وَدَعَارَةً.,"Celakalah kamu, hai ahli-ahli Taurat dan orang-orang Farisi, orang-orang munafik! Sebab, kamu membersihkan bagian luar cangkir dan piringmu, tetapi bagian dalamnya penuh rampasan dan keserakahan.","Celakalah kamu, hai para ahli Kitab Suci Taurat dan orang-orang dari mazhab Farisi, hai orang-orang yang munafik! Kamu hanya membersihkan bagian luar dari cawan dan pinggan, sedangkan bagian dalamnya penuh dengan rampasan dan ketamakan.",
Matius,23,26,Matius 23:26,أَيُّهَا ٱلْفَرِّيسِيُّ ٱلْأَعْمَى! نَقِّ أَوَّلًا دَاخِلَ ٱلْكَأْسِ وَٱلصَّحْفَةِ لِكَيْ يَكُونَ خَارِجُهُمَا أَيْضًا نَقِيًّا.,"Kamu, orang-orang Farisi yang buta! Bersihkan dahulu bagian dalam cangkir dan piring, maka bagian luarnya juga bisa menjadi bersih.","Hai kamu, orang-orang dari mazhab Farisi yang buta! Bersihkanlah lebih dahulu bagian dalam dari cawan itu maka luarnya pun akan menjadi bersih.",
Matius,23,27,Matius 23:27,وَيْلٌ لَكُمْ أَيُّهَا ٱلْكَتَبَةُ وَٱلْفَرِّيسِيُّونَ ٱلْمُرَاؤُونَ! لِأَنَّكُمْ تُشْبِهُونَ قُبُورًا مُبَيَّضَةً تَظْهَرُ مِنْ خَارِجٍ جَمِيلَةً، وَهِيَ مِنْ دَاخِلٍ مَمْلُوءَةٌ عِظَامَ أَمْوَاتٍ وَكُلَّ نَجَاسَةٍ.,"Celakalah kamu, ahli-ahli Taurat dan orang-orang Farisi, orang-orang munafik! Sebab, kamu sama seperti kuburan yang dicat putih, pada bagian luarnya kelihatan bagus, tetapi bagian dalamnya penuh dengan tulang-tulang orang mati dan semua kenajisan.","Celakalah kamu, hai para ahli Kitab Suci Taurat dan orang-orang dari mazhab Farisi, hai orang-orang yang munafik! Kamu sama seperti makam yang dikapur putih, luarnya tampak indah, tetapi bagian dalamnya penuh dengan tulang-belulang orang mati dan semua yang najis.",
Matius,23,28,Matius 23:28,هَكَذَا أَنْتُمْ أَيْضًا: مِنْ خَارِجٍ تَظْهَرُونَ لِلنَّاسِ أَبْرَارًا، وَلَكِنَّكُمْ مِنْ دَاخِلٍ مَشْحُونُونَ رِيَاءً وَإِثْمًا.,"Begitu pula dengan kamu, pada bagian luar kamu tampak benar bagi manusia. Akan tetapi, pada bagian dalam kamu penuh kemunafikan dan kejahatan.","Begitu jugalah kamu! Di hadapan orang, kamu kelihatan seperti orang yang bertakwa dan berakhlak, tetapi di balik apa yang nampak, kamu penuh dengan kemunafikan dan kejahatan.",
Matius,23,29,Matius 23:29,وَيْلٌ لَكُمْ أَيُّهَا ٱلْكَتَبَةُ وَٱلْفَرِّيسِيُّونَ ٱلْمُرَاؤُونَ! لِأَنَّكُمْ تَبْنُونَ قُبُورَ ٱلْأَنْبِيَاءِ وَتُزَيِّنُونَ مَدَافِنَ ٱلصِّدِّيقِينَ،,"Celakalah kamu, ahli-ahli Taurat dan orang-orang Farisi, orang-orang munafik! Sebab, kamu membangun kuburan-kuburan para nabi dan memperindah nisan-nisan orang-orang saleh,","Celakalah kamu, hai para ahli Kitab Suci Taurat dan orang-orang dari mazhab Farisi, hai orang-orang yang munafik! Kamu membangun makam para nabi dan menghiasi nisan-nisan orang saleh,",
Matius,23,30,Matius 23:30,وَتَقُولُونَ: لَوْ كُنَّا فِي أَيَّامِ آبَائِنَا لَمَا شَارَكْنَاهُمْ فِي دَمِ ٱلْأَنْبِيَاءِ.,"dan berkata, ‘Jika kami sudah hidup pada masa nenek moyang kami, kami tidak akan ambil bagian dengan mereka dalam menumpahkan darah para nabi.’","lalu kamu berkata, ‘Jika kami hidup pada zaman nenek moyang kami, maka kami tidak akan turut serta dengan orang-orang yang menumpahkan darah para nabi ini.’",
Matius,23,31,Matius 23:31,فَأَنْتُمْ تَشْهَدُونَ عَلَى أَنْفُسِكُمْ أَنَّكُمْ أَبْنَاءُ قَتَلَةِ ٱلْأَنْبِيَاءِ.,"Dengan begitu, kamu bersaksi terhadap dirimu sendiri bahwa kamu adalah anak-anak mereka yang membunuh para nabi.","Dengan demikian, kamu sendiri memberi kesaksian bahwa kamu adalah anak cucu dari orang-orang yang telah membunuh nabi-nabi itu.",
Matius,23,32,Matius 23:32,فَٱمْلَأُوا أَنْتُمْ مِكْيَالَ آبَائِكُمْ.,"Jadi, genapilah ukuran para nenek moyangmu.","Jadi, genapilah apa yang telah diperbuat oleh nenek moyangmu itu!",
Matius,23,33,Matius 23:33,أَيُّهَا ٱلْحَيَّاتُ أَوْلَادَ ٱلْأَفَاعِي! كَيْفَ تَهْرُبُونَ مِنْ دَيْنُونَةِ جَهَنَّمَ؟,"Kamu, ular-ular, keturunan ular-ular beludak, bagaimana kamu akan melepaskan diri dari hukuman neraka?","Hai kamu yang berperilaku seperti ular, bahkan seperti ular berbisa! Bagaimana kamu dapat melepaskan diri dari hukuman neraka?",
Matius,23,34,Matius 23:34,لِذَلِكَ هَا أَنَا أُرْسِلُ إِلَيْكُمْ أَنْبِيَاءَ وَحُكَمَاءَ وَكَتَبَةً، فَمِنْهُمْ تَقْتُلُونَ وَتَصْلِبُونَ، وَمِنْهُمْ تَجْلِدُونَ فِي مَجَامِعِكُمْ، وَتَطْرُدُونَ مِنْ مَدِينَةٍ إِلَى مَدِينَةٍ،,"Karena itu, lihatlah, Aku mengutus nabi-nabi, orang-orang bijaksana, dan ahli-ahli Taurat kepadamu. Beberapa dari mereka akan kamu bunuh dan salibkan, beberapa akan kamu pukuli di sinagoge-sinagogemu, dan kamu aniaya dari kota ke kota,","Lihat! Aku akan mengutus kepadamu nabi-nabi, orang-orang bijaksana, dan para ahli kitab. Tetapi, sebagian dari mereka akan kamu jatuhi hukuman mati dan kamu salibkan, sedangkan sebagian lagi akan kamu sesah di rumah-rumah ibadahmu dan akan kamu kejar-kejar dari satu kota ke kota lainnya.",
Matius,23,35,Matius 23:35,لِكَيْ يَأْتِيَ عَلَيْكُمْ كُلُّ دَمٍ زَكِيٍّ سُفِكَ عَلَى ٱلْأَرْضِ، مِنْ دَمِ هَابِيلَ ٱلصِّدِّيقِ إِلَى دَمِ زَكَرِيَّا بْنِ بَرَخِيَّا ٱلَّذِي قَتَلْتُمُوهُ بَيْنَ ٱلْهَيْكَلِ وَٱلْمَذْبَحِ.,"supaya semua darah orang-orang benar yang ditumpahkan di bumi akan datang kepadamu, mulai dari darah Habel, orang yang benar itu, sampai kepada darah Zakharia, anak Berekhya, yang kamu bunuh di antara Bait Allah dan altar.","Dengan demikian, darah semua orang saleh yang tertumpah di bumi ini akan ditanggungkan kepada kamu, mulai dari darah Habil, yang tidak bersalah itu, sampai darah Zakharia bin Berekhya, yang telah kamu bunuh di antara bangunan Bait Allah dan tempat pembakaran kurban.",
Matius,23,36,Matius 23:36,اَلْحَقَّ أَقُولُ لَكُمْ: إِنَّ هَذَا كُلَّهُ يَأْتِي عَلَى هَذَا ٱلْجِيلِ!,"Sesungguhnya, Aku mengatakan kepadamu bahwa semua hal-hal ini akan datang atas generasi ini.”","Sesungguhnya, Aku berkata kepadamu, semuanya itu akan ditanggungkan kepada generasi ini.”",
Matius,23,37,Matius 23:37,«يَا أُورُشَلِيمُ، يا أُورُشَلِيمُ! يا قَاتِلَةَ ٱلْأَنْبِيَاءِ وَرَاجِمَةَ ٱلْمُرْسَلِينَ إِلَيْهَا، كَمْ مَرَّةٍ أَرَدْتُ أَنْ أَجْمَعَ أَوْلَادَكِ كَمَا تَجْمَعُ ٱلدَّجَاجَةُ فِرَاخَهَا تَحْتَ جَنَاحَيْهَا، وَلَمْ تُرِيدُوا!,"“Oh Yerusalem, Yerusalem, yang membunuh para nabi dan melempari dengan batu mereka yang diutus kepadanya. Betapa seringnya Aku ingin mengumpulkan anak-anakmu bersama, bagaikan induk ayam mengumpulkan anak-anaknya di bawah sayapnya, tetapi kamu tidak mau.","“Hai Yerusalem, Yerusalem! Kota yang menjatuhkan hukuman mati bagi para nabi dan yang merajam semua orang yang diutus kepadamu! Berulangkali Aku hendak mengumpulkan anak-anakmu seperti seekor induk ayam yang mengumpulkan anak-anaknya di bawah kepaknya, tetapi kamu tidak mau!",
Matius,23,38,Matius 23:38,هُوَذَا بَيْتُكُمْ يُتْرَكُ لَكُمْ خَرَابًا.,"Lihatlah, rumahmu ditinggalkan bagimu dan menjadi sunyi.","Karena itu, rumahmu akan ditinggalkan dan menjadi sunyi.",
Matius,23,39,Matius 23:39,لِأَنِّي أَقُولُ لَكُمْ: إِنَّكُمْ لَا تَرَوْنَنِي مِنَ ٱلْآنَ حَتَّى تَقُولُوا: مُبَارَكٌ ٱلْآتِي بِٱسْمِ ٱلرَّبِّ!».,"Sebab, Aku mengatakan kepadamu bahwa mulai sekarang, kamu tidak akan melihat Aku lagi sampai kamu berkata, ‘Diberkatilah Dia yang datang dalam nama Tuhan.’”","Aku berkata kepadamu, mulai saat ini kamu tidak akan melihat Aku lagi sampai suatu saat kamu berkata, ‘Mubaraklah Dia yang datang dalam nama Tuhan.’”",
Matius,24,1,Matius 24:1,ثُمَّ خَرَجَ يَسُوعُ وَمَضَى مِنَ ٱلْهَيْكَلِ، فَتَقَدَّمَ تَلَامِيذُهُ لِكَيْ يُرُوهُ أَبْنِيَةَ ٱلْهَيْكَلِ.,Yesus keluar dari Bait Allah lalu pergi ketika para murid-Nya datang untuk menunjukkan bangunan-bangunan Bait Allah kepada-Nya.,"Kemudian, Isa keluar dari Bait Allah, lalu pergi. Setelah itu, para pengikut-Nya datang kepada-Nya dan menunjuk ke arah bangunan-bangunan Bait Allah.",
Matius,24,2,Matius 24:2,فَقَالَ لَهُمْ يَسُوعُ: «أَمَا تَنْظُرُونَ جَمِيعَ هَذِهِ؟ اَلْحَقَّ أَقُولُ لَكُمْ: إِنَّهُ لَا يُتْرَكُ هَهُنَا حَجَرٌ عَلَى حَجَرٍ لَا يُنْقَضُ!».,"Dan, Dia bertanya kepada mereka, “Tidakkah kamu melihat semua hal ini? Aku mengatakan yang sebenarnya kepadamu bahwa tidak ada satu pun batu di sini akan dibiarkan ada di atas batu yang lain, yang tidak akan diruntuhkan.”","Sabda Isa kepada mereka, “Kamu lihat semua itu? Sesungguhnya, Aku berkata kepadamu, tidak satu batu pun yang akan tinggal tersusun di atas batu lainnya. Semuanya akan diruntuhkan.”",
Matius,24,3,Matius 24:3,وَفِيمَا هُوَ جَالِسٌ عَلَى جَبَلِ ٱلزَّيْتُونِ، تَقَدَّمَ إِلَيْهِ ٱلتَّلَامِيذُ عَلَى ٱنْفِرَادٍ قَائِلِينَ: «قُلْ لَنَا مَتَى يَكُونُ هَذَا؟ وَمَا هِيَ عَلَامَةُ مَجِيئِكَ وَٱنْقِضَاءِ ٱلدَّهْرِ؟».,"Dan, ketika Yesus duduk di atas bukit Zaitun, murid-murid datang kepada-Nya secara tersendiri dan berkata, “Katakanlah kepada kami, kapan hal-hal itu akan terjadi dan apakah yang akan menjadi tanda kedatangan-Mu dan akhir zaman ini?”","Ketika Isa sedang duduk di Bukit Zaitun, para pengikut-Nya datang kepada-Nya untuk bercakap-cakap sendirian dengan-Nya. Kata mereka, “Katakanlah kepada kami, kapan hal-hal itu akan terjadi dan apa tanda kedatangan Junjungan serta kesudahan zaman ini?”",
Matius,24,4,Matius 24:4,فَأَجَابَ يَسُوعُ وَقَالَ لَهُمْ: «ٱنْظُرُوا! لَا يُضِلَّكُمْ أَحَدٌ.,"Yesus menjawab mereka, “Perhatikanlah supaya jangan ada orang yang menyesatkan kamu.","Sabda Isa kepada mereka, “Perhatikan, jangan sampai kamu disesatkan orang.",
Matius,24,5,Matius 24:5,فَإِنَّ كَثِيرِينَ سَيَأْتُونَ بِٱسْمِي قَائِلِينَ: أَنَا هُوَ ٱلْمَسِيحُ! وَيُضِلُّونَ كَثِيرِينَ.,"Sebab, banyak yang akan datang dalam nama-Ku dan berkata, ‘Aku adalah Kristus ,’ dan mereka akan menyesatkan banyak orang.","Karena banyak orang akan datang dengan nama-Ku dan berkata, ‘Akulah Al-Masih,’ sehingga banyak orang akan mereka sesatkan.",
Matius,24,6,Matius 24:6,وَسَوْفَ تَسْمَعُونَ بِحُرُوبٍ وَأَخْبَارِ حُرُوبٍ. اُنْظُرُوا، لَا تَرْتَاعُوا. لِأَنَّهُ لَا بُدَّ أَنْ تَكُونَ هَذِهِ كُلُّهَا، وَلَكِنْ لَيْسَ ٱلْمُنْتَهَى بَعْدُ.,"Kamu akan mendengar peperangan dan kabar-kabar tentang perang. Perhatikanlah supaya kamu tidak takut karena hal-hal ini harus terjadi, tetapi ini belum kesudahannya.","Kamu akan mendengar peperangan dan berita-berita tentang peperangan. Namun ingatlah, jangan kamu gelisah. Karena hal-hal itu harus terjadi, tetapi itu belum kesudahannya.",
Matius,24,7,Matius 24:7,لِأَنَّهُ تَقُومُ أُمَّةٌ عَلَى أُمَّةٍ وَمَمْلَكَةٌ عَلَى مَمْلَكَةٍ، وَتَكُونُ مَجَاعَاتٌ وَأَوْبِئَةٌ وَزَلَازِلُ فِي أَمَاكِنَ.,"Sebab, bangsa akan bangkit melawan bangsa, dan kerajaan akan melawan kerajaan, dan di berbagai tempat akan ada kelaparan dan gempa bumi.","Bangsa yang satu akan bangkit melawan bangsa lainnya, dan kerajaan yang satu melawan kerajaan lainnya. Selain itu, akan terjadi kelaparan dan gempa bumi di berbagai tempat,",
Matius,24,8,Matius 24:8,وَلَكِنَّ هَذِهِ كُلَّهَا مُبْتَدَأُ ٱلْأَوْجَاعِ.,Semua hal ini adalah awal dari penderitaan sakit melahirkan.,tetapi semua itu barulah permulaan penderitaan.,
Matius,24,9,Matius 24:9,حِينَئِذٍ يُسَلِّمُونَكُمْ إِلَى ضِيقٍ وَيَقْتُلُونَكُمْ، وَتَكُونُونَ مُبْغَضِينَ مِنْ جَمِيعِ ٱلْأُمَمِ لِأَجْلِ ٱسْمِي.,"Kemudian, mereka akan menyerahkan kamu kepada penganiayaan, dan akan membunuhmu, dan kamu akan dibenci oleh seluruh bangsa karena nama-Ku.","Pada masa itu kamu akan diserahkan untuk disiksa dan dihukum mati. Karena nama-Ku, kamu akan dibenci oleh semua orang.",
Matius,24,10,Matius 24:10,وَحِينَئِذٍ يَعْثُرُ كَثِيرُونَ وَيُسَلِّمُونَ بَعْضُهُمْ بَعْضًا وَيُبْغِضُونَ بَعْضُهُمْ بَعْضًا.,"Pada waktu itu, banyak yang akan tersandung, dan akan saling menyerahkan, dan membenci satu sama lain.",Banyak orang akan goyah imannya karena apa yang terjadi sehingga mereka akan saling menyerahkan dan saling membenci.,
Matius,24,11,Matius 24:11,وَيَقُومُ أَنْبِيَاءُ كَذَبَةٌ كَثِيرُونَ وَيُضِلُّونَ كَثِيرِينَ.,Banyak nabi palsu akan muncul dan menyesatkan banyak orang.,Nabi-nabi palsu akan bermunculan dan banyak orang akan mereka sesatkan.,
Matius,24,12,Matius 24:12,وَلِكَثْرَةِ ٱلْإِثْمِ تَبْرُدُ مَحَبَّةُ ٱلْكَثِيرِينَ.,"Sebab, pelanggaran semakin bertambah, kasih kebanyakan orang akan menjadi dingin.","Karena kejahatan semakin bertambah, maka kasih kebanyakan orang akan menjadi tawar.",
Matius,24,13,Matius 24:13,وَلَكِنِ ٱلَّذِي يَصْبِرُ إِلَى ٱلْمُنْتَهَى فَهَذَا يَخْلُصُ.,"Akan tetapi, orang yang bertahan sampai akhir akan diselamatkan.","Tetapi, orang yang tetap bertahan sampai kesudahannya akan diselamatkan.",
Matius,24,14,Matius 24:14,وَيُكْرَزُ بِبِشَارَةِ ٱلْمَلَكُوتِ هَذِهِ فِي كُلِّ ٱلْمَسْكُونَةِ شَهَادَةً لِجَمِيعِ ٱلْأُمَمِ. ثُمَّ يَأْتِي ٱلْمُنْتَهَى.,"Dan, Injil Kerajaan ini akan diberitakan ke seluruh dunia sebagai kesaksian bagi semua bangsa, dan kemudian kesudahannya akan datang.”","Selain itu, Injil Kerajaan akan diberitakan ke seluruh dunia menjadi kesaksian bagi semua suku bangsa, kemudian barulah tiba masa kesudahannya.”",
Matius,24,15,Matius 24:15,«فَمَتَى نَظَرْتُمْ «رِجْسَةَ ٱلْخَرَابِ» ٱلَّتِي قَالَ عَنْهَا دَانِيآلُ ٱلنَّبِيُّ قَائِمَةً فِي ٱلْمَكَانِ ٱلْمُقَدَّسِ - لِيَفْهَمِ ٱلْقَارِئُ -,"“Jadi, ketika kamu melihat pembinasa keji , seperti yang dikatakan Nabi Daniel, berdiri di tempat suci, hendaklah para pembaca memahaminya,","“Sebab itu, apabila kamu melihat Pembinasa Keji berdiri di tempat suci sesuai dengan firman yang telah disampaikan Allah kepada Nabi Daniel—hendaklah para pembaca memperhatikannya—",
Matius,24,16,Matius 24:16,فَحِينَئِذٍ لِيَهْرُبِ ٱلَّذِينَ فِي ٱلْيَهُودِيَّةِ إِلَى ٱلْجِبَالِ،,maka mereka yang ada di Yudea harus melarikan diri ke pegunungan.,"maka pada saat itu, orang-orang yang berada di wilayah Yudea harus melarikan diri ke pegunungan,",
Matius,24,17,Matius 24:17,وَٱلَّذِي عَلَى ٱلسَّطْحِ فَلَا يَنْزِلْ لِيَأْخُذَ مِنْ بَيْتِهِ شَيْئًا،,"Siapa yang ada di atap rumah, janganlah ia turun untuk mengambil apa pun dari dalam rumahnya.","orang yang berada di sotoh rumah jangan turun untuk mengambil barang-barang yang ada di rumahnya,",
Matius,24,18,Matius 24:18,وَٱلَّذِي فِي ٱلْحَقْلِ فَلَا يَرْجِعْ إِلَى وَرَائِهِ لِيَأْخُذَ ثِيَابَهُ.,"Siapa yang ada di ladang, jangan pulang untuk mengambil jubahnya.",dan orang yang berada di ladang jangan pulang untuk mengambil bajunya.,
Matius,24,19,Matius 24:19,وَوَيْلٌ لِلْحَبَالَى وَٱلْمُرْضِعَاتِ فِي تِلْكَ ٱلْأَيَّامِ!,"Namun, celakalah mereka yang sedang hamil dan mereka yang sedang menyusui bayinya pada hari-hari itu.",Celakalah para ibu yang pada masa itu sedang mengandung dan yang sedang menyusui anaknya!,
Matius,24,20,Matius 24:20,وَصَلُّوا لِكَيْ لَا يَكُونَ هَرَبُكُمْ فِي شِتَاءٍ وَلَا فِي سَبْتٍ،,Berdoalah supaya pelarianmu jangan pada musim dingin atau pada hari Sabat.,Berdoalah supaya saat kamu melarikan diri itu tidak jatuh pada musim dingin atau pada hari Sabat.,
Matius,24,21,Matius 24:21,لِأَنَّهُ يَكُونُ حِينَئِذٍ ضِيقٌ عَظِيمٌ لَمْ يَكُنْ مِثْلُهُ مُنْذُ ٱبْتِدَاءِ ٱلْعَالَمِ إِلَى ٱلْآنَ وَلَنْ يَكُونَ.,"Karena kemudian akan terjadi masa penderitaan besar, seperti yang belum pernah terjadi sejak permulaan dunia sampai sekarang, dan tidak akan pernah terjadi lagi.","Karena pada waktu itu akan terjadi kesusahan besar yang belum pernah terjadi sejak permulaan dunia sampai sekarang, dan yang tidak akan pernah terjadi lagi.",
Matius,24,22,Matius 24:22,وَلَوْ لَمْ تُقَصَّرْ تِلْكَ ٱلْأَيَّامُ لَمْ يَخْلُصْ جَسَدٌ. وَلَكِنْ لِأَجْلِ ٱلْمُخْتَارِينَ تُقَصَّرُ تِلْكَ ٱلْأَيَّامُ.,"Dan, jika hari-hari itu tidak diperpendek, tidak ada hidup yang akan diselamatkan. Namun, demi mereka yang terpilih, hari-hari itu akan diperpendek.","Jika masa itu tidak dipersingkat, maka tidak ada seorang pun yang akan selamat. Tetapi, karena orang-orang pilihan-Nya, maka masa itu akan dipersingkat.",
Matius,24,23,Matius 24:23,حِينَئِذٍ إِنْ قَالَ لَكُمْ أَحَدٌ: هُوَذَا ٱلْمَسِيحُ هُنَا! أَوْ: هُنَاكَ! فَلَا تُصَدِّقُوا.,"Kemudian, jika seseorang berkata kepadamu, ‘Lihat, Kristus ada di sini,’ atau ‘Ia ada di sana,’ janganlah percaya kepadanya.","Pada masa itu jika ada orang berkata kepadamu, ‘Lihat, Al-Masih ada di sini,’ atau, ‘Lihat, Al-Masih ada di sana,’ jangan kamu percaya.",
Matius,24,24,Matius 24:24,لِأَنَّهُ سَيَقُومُ مُسَحَاءُ كَذَبَةٌ وَأَنْبِيَاءُ كَذَبَةٌ وَيُعْطُونَ آيَاتٍ عَظِيمَةً وَعَجَائِبَ، حَتَّى يُضِلُّوا لَوْ أَمْكَنَ ٱلْمُخْتَارِينَ أَيْضًا.,"Sebab, kristus-kristus palsu dan nabi-nabi palsu akan muncul dan akan mengadakan tanda-tanda yang besar dan mukjizat-mukjizat sehingga menyesatkan, jika mungkin, bahkan mereka yang terpilih.","Karena akan datang banyak al-masih dan nabi yang palsu. Mereka akan memberikan tanda-tanda ajaib yang dahsyat serta juga berbagai mukjizat supaya kalau bisa, mereka menyesatkan orang-orang pilihan-Nya juga.",
Matius,24,25,Matius 24:25,هَا أَنَا قَدْ سَبَقْتُ وَأَخْبَرْتُكُمْ.,"Perhatikanlah, Aku telah mengatakannya kepadamu sebelumnya.","Sebab itu, perhatikanlah, Aku sudah lebih dahulu mengatakannya kepadamu.",
Matius,24,26,Matius 24:26,فَإِنْ قَالُوا لَكُمْ: هَا هُوَ فِي ٱلْبَرِّيَّةِ! فَلَا تَخْرُجُوا. هَا هُوَ فِي ٱلْمَخَادِعِ! فَلَا تُصَدِّقُوا.,"Jadi, jika mereka berkata kepadamu, ‘Lihat, Ia ada di padang belantara,’ jangan pergi ke sana, atau ‘Lihat, Ia ada di dalam kamar itu,’ jangan mempercayainya.","Jadi, jika ada orang yang berkata kepadamu, ‘Lihatlah, Ia ada di padang belantara,’ jangan kamu ke sana! Atau, ‘Lihatlah, Ia ada di kamar-Nya,’ jangan kamu percaya!",
Matius,24,27,Matius 24:27,لِأَنَّهُ كَمَا أَنَّ ٱلْبَرْقَ يَخْرُجُ مِنَ ٱلْمَشَارِقِ وَيَظْهَرُ إِلَى ٱلْمَغَارِبِ، هَكَذَا يَكُونُ أَيْضًا مَجِيءُ ٱبْنِ ٱلْإِنْسَانِ.,"Sebab, sama seperti kilat yang memancar dari timur dan bersinar sampai ke barat, begitu pula kedatangan Anak Manusia akan terjadi.","Karena sama seperti kilat memancarkan cahayanya dari timur ke barat, demikianlah pula kedatangan Anak Manusia kelak.",
Matius,24,28,Matius 24:28,لِأَنَّهُ حَيْثُمَا تَكُنِ ٱلْجُثَّةُ، فَهُنَاكَ تَجْتَمِعُ ٱلنُّسُورُ.,"Di tempat yang ada bangkai, di situlah burung nasar akan berkumpul.”","Di mana ada bangkai, di situlah burung nasar berkumpul.”",
Matius,24,29,Matius 24:29,«وَلِلْوَقْتِ بَعْدَ ضِيقِ تِلْكَ ٱلْأَيَّامِ تُظْلِمُ ٱلشَّمْسُ، وَٱلْقَمَرُ لَا يُعْطِي ضَوْءَهُ، وَٱلنُّجُومُ تَسْقُطُ مِنَ ٱلسَّمَاءِ، وَقُوَّاتُ ٱلسَّمَاوَاتِ تَتَزَعْزَعُ.,"“Segera, sesudah masa penderitaan itu, ‘Matahari akan dijadikan gelap, dan bulan tidak akan memberikan cahayanya, Bintang-bintang akan berjatuhan dari langit, dan kuasa-kuasa di langit akan diguncangkan.’ Yesaya 13:10; 34:4","“Segera setelah masa kesusahan itu, matahari akan menjadi gelap, bulan tidak akan bercahaya, bintang-bintang di langit akan berguguran, dan semua kuasa langit akan diguncangkan.",
Matius,24,30,Matius 24:30,وَحِينَئِذٍ تَظْهَرُ عَلَامَةُ ٱبْنِ ٱلْإِنْسَانِ فِي ٱلسَّمَاءِ. وَحِينَئِذٍ تَنُوحُ جَمِيعُ قَبَائِلِ ٱلْأَرْضِ، وَيُبْصِرُونَ ٱبْنَ ٱلْإِنْسَانِ آتِيًا عَلَى سَحَابِ ٱلسَّمَاءِ بِقُوَّةٍ وَمَجْدٍ كَثِيرٍ.,"Lalu, tanda Anak Manusia akan muncul di langit dan suku-suku di bumi akan meratap. Mereka akan melihat Anak Manusia datang dalam awan-awan di langit, dengan kuasa dan kemuliaan yang besar.","Lalu, akan terlihat tanda Anak Manusia di langit. Semua suku bangsa di bumi ini akan meratap, dan mereka akan melihat Anak Manusia datang di awan-awan dengan kuasa serta kemuliaan-Nya yang besar.",
Matius,24,31,Matius 24:31,فَيُرْسِلُ مَلَائِكَتَهُ بِبُوقٍ عَظِيمِ ٱلصَّوْتِ، فَيَجْمَعُونَ مُخْتَارِيهِ مِنَ ٱلْأَرْبَعِ ٱلرِّيَاحِ، مِنْ أَقْصَاءِ ٱلسَّمَاوَاتِ إِلَى أَقْصَائِهَا.,"Dan, Ia akan mengutus malaikat-malaikat-Nya dengan suara trompet yang keras, dan mereka akan mengumpulkan umat pilihan-Nya dari keempat penjuru bumi, dari ujung langit yang satu ke ujungnya yang lain.","Ia akan menyuruh para malaikat-Nya meniup nafiri dengan bunyi yang dahsyat, lalu para malaikat itu akan mengumpulkan orang-orang pilihan-Nya dari keempat penjuru bumi, dari ujung langit yang satu sampai ke ujung langit lainnya.",
Matius,24,32,Matius 24:32,فَمِنْ شَجَرَةِ ٱلتِّينِ تَعَلَّمُوا ٱلْمَثَلَ: مَتَى صَارَ غُصْنُهَا رَخْصًا وَأَخْرَجَتْ أَوْرَاقَهَا، تَعْلَمُونَ أَنَّ ٱلصَّيْفَ قَرِيبٌ.,"Sekarang, pelajarilah perumpamaan dari pohon ara ketika rantingnya menjadi lembut dan daun-daunnya bertunas, kamu mengetahui bahwa musim panas sudah dekat.","Kamu dapat menarik pelajaran melalui ibarat tentang pohon ara. Apabila ranting-rantingnya melembut dan bertunas, kamu tahu bahwa musim panas hampir tiba.",
Matius,24,33,Matius 24:33,هَكَذَا أَنْتُمْ أَيْضًا، مَتَى رَأَيْتُمْ هَذَا كُلَّهُ فَٱعْلَمُوا أَنَّهُ قَرِيبٌ عَلَى ٱلْأَبْوَابِ.,"Begitu juga ketika kamu melihat semua hal ini, kamu mengetahui bahwa Ia sudah dekat, di ambang pintu.","Begitu juga apabila kamu melihat semua hal itu terjadi, ketahuilah bahwa waktunya sudah dekat, sudah di ambang pintu.",
Matius,24,34,Matius 24:34,اَلْحَقَّ أَقُولُ لَكُمْ: لَا يَمْضِي هَذَا ٱلْجِيلُ حَتَّى يَكُونَ هَذَا كُلُّهُ.,"Sesungguhnya, Aku mengatakan kepadamu bahwa generasi ini tidak akan berlalu sampai semua hal ini terjadi.","Sesungguhnya, Aku berkata kepadamu, semua itu akan terjadi sebelum generasi ini lenyap.",
Matius,24,35,Matius 24:35,اَلسَّمَاءُ وَٱلْأَرْضُ تَزُولَانِ وَلَكِنَّ كَلَامِي لَا يَزُولُ.,"Langit dan bumi akan lenyap, tetapi firman-firman-Ku tidak akan lenyap.”","Langit dan bumi akan lenyap, tetapi perkataan-Ku tidak akan lenyap.",
Matius,24,36,Matius 24:36,«وَأَمَّا ذَلِكَ ٱلْيَوْمُ وَتِلْكَ ٱلسَّاعَةُ فَلَا يَعْلَمُ بِهِمَا أَحَدٌ، وَلَا مَلَائِكَةُ ٱلسَّمَاوَاتِ، إِلَّا أَبِي وَحْدَهُ.,"“Akan tetapi, mengenai hari dan waktunya, tidak ada satu pun yang tahu, malaikat-malaikat di surga juga tidak, Sang Anak pun tidak, tetapi Sang Bapa saja.","Tetapi, mengenai kapan hari dan waktunya, tidak seorang pun yang tahu, malaikat-malaikat yang di surga tidak, Sang Anak pun tidak, hanya Sang Bapa saja.”",
Matius,24,37,Matius 24:37,وَكَمَا كَانَتْ أَيَّامُ نُوحٍ كَذَلِكَ يَكُونُ أَيْضًا مَجِيءُ ٱبْنِ ٱلْإِنْسَانِ.,"Sama seperti yang terjadi pada zaman Nuh, begitu pula kedatangan Anak Manusia akan terjadi.","“Sama seperti telah terjadi pada zaman Nabi Nuh, demikianlah juga akan terjadi pada saat kedatangan Anak Manusia nanti.",
Matius,24,38,Matius 24:38,لِأَنَّهُ كَمَا كَانُوا فِي ٱلْأَيَّامِ ٱلَّتِي قَبْلَ ٱلطُّوفَانِ يَأْكُلُونَ وَيَشْرَبُونَ وَيَتَزَوَّجُونَ وَيُزَوِّجُونَ، إِلَى ٱلْيَوْمِ ٱلَّذِي دَخَلَ فِيهِ نُوحٌ ٱلْفُلْكَ،,"Sebab, seperti pada hari-hari sebelum air bah, mereka makan dan minum, menikah dan dinikahkan, sampai pada hari Nuh masuk ke dalam bahtera.","Karena pada zaman itu, yakni sebelum air bah melanda, mereka makan, minum, menikah dan menikahkan sampai pada hari Nuh masuk ke dalam bahtera.",
Matius,24,39,Matius 24:39,وَلَمْ يَعْلَمُوا حَتَّى جَاءَ ٱلطُّوفَانُ وَأَخَذَ ٱلْجَمِيعَ، كَذَلِكَ يَكُونُ أَيْضًا مَجِيءُ ٱبْنِ ٱلْإِنْسَانِ.,"Dan, mereka tidak memahaminya sampai air bah datang dan melenyapkan mereka semua; begitu jugalah kedatangan Anak Manusia akan terjadi.",Mereka tidak peduli dengan apa yang akan terjadi sampai saatnya air bah itu datang dan membinasakan semuanya. Begitu jugalah halnya dengan kedatangan Anak Manusia nanti.,
Matius,24,40,Matius 24:40,حِينَئِذٍ يَكُونُ ٱثْنَانِ فِي ٱلْحَقْلِ، يُؤْخَذُ ٱلْوَاحِدُ وَيُتْرَكُ ٱلْآخَرُ.,"Kemudian, akan ada dua orang di ladang; yang satu akan diambil dan yang satu akan ditinggalkan.","Pada waktu itu jika ada dua orang sedang berada di ladangnya, yang seorang akan diambil dan yang lain akan ditinggalkan.",
Matius,24,41,Matius 24:41,اِثْنَتَانِ تَطْحَنَانِ عَلَى ٱلرَّحَى، تُؤْخَذُ ٱلْوَاحِدَةُ وَتُتْرَكُ ٱلْأُخْرَى.,"Dua perempuan akan menggiling pada batu kilangan, yang satu akan diambil dan yang satu akan ditinggalkan.","Demikian pula jika ada dua orang perempuan sedang menggiling di penggilingan, yang seorang akan diambil dan yang lain ditinggalkan.",
Matius,24,42,Matius 24:42,«اِسْهَرُوا إِذًا لِأَنَّكُمْ لَا تَعْلَمُونَ فِي أَيَّةِ سَاعَةٍ يَأْتِي رَبُّكُمْ.,"Karena itu, berjaga-jagalah karena kamu tidak tahu pada hari apa Tuhanmu akan datang.","Sebab itu, berjaga-jagalah, karena kamu tidak tahu kapan Junjunganmu datang.",
Matius,24,43,Matius 24:43,وَٱعْلَمُوا هَذَا: أَنَّهُ لَوْ عَرَفَ رَبُّ ٱلْبَيْتِ فِي أَيِّ هَزِيعٍ يَأْتِي ٱلسَّارِقُ، لَسَهِرَ وَلَمْ يَدَعْ بَيْتَهُ يُنْقَبُ.,"Namun, ketahuilah ini bahwa jika tuan rumah sudah mengetahui kapan, pada waktu malam, si pencuri akan datang, ia akan berjaga-jaga dan tidak akan membiarkan rumahnya dibongkar.","Tetapi, ketahuilah juga jika tuan rumah sudah tahu kapan saatnya pencuri akan datang, tentu ia akan berjaga-jaga dan tidak akan membiarkan rumahnya dimasuki.",
Matius,24,44,Matius 24:44,لِذَلِكَ كُونُوا أَنْتُمْ أَيْضًا مُسْتَعِدِّينَ، لِأَنَّهُ فِي سَاعَةٍ لَا تَظُنُّونَ يَأْتِي ٱبْنُ ٱلْإِنْسَانِ.,"Oleh karena itu, kamu juga harus siap sedia karena Anak Manusia datang pada waktu yang kamu tidak menduganya.”","Jadi, kamu harus selalu siap sedia karena Anak Manusia akan datang pada waktu yang tidak kamu sangka.”",
Matius,24,45,Matius 24:45,فَمَنْ هُوَ ٱلْعَبْدُ ٱلْأَمِينُ ٱلْحَكِيمُ ٱلَّذِي أَقَامَهُ سَيِّدُهُ عَلَى خَدَمِهِ لِيُعْطِيَهُمُ ٱلطَّعَامَ فِي حِينِهِ؟,"“Lalu, siapakah hamba yang setia dan bijaksana, yang tuannya angkat atas seluruh rumahnya untuk memberi mereka makanan pada waktu yang tepat?","“Hamba seperti apakah yang akan disebut setia dan bijak, yang dipercaya oleh tuannya untuk mengatur seisi rumahnya serta menyediakan makanan pada waktunya?",
Matius,24,46,Matius 24:46,طُوبَى لِذَلِكَ ٱلْعَبْدِ ٱلَّذِي إِذَا جَاءَ سَيِّدُهُ يَجِدُهُ يَفْعَلُ هَكَذَا!,"Diberkatilah hamba itu, yang ketika tuannya datang, tuannya itu mendapati dia sedang bekerja demikian rupa.",Berbahagialah hamba yang kedapatan sedang melakukan tugasnya pada waktu tuannya datang.,
Matius,24,47,Matius 24:47,اَلْحَقَّ أَقُولُ لَكُمْ: إِنَّهُ يُقِيمُهُ عَلَى جَمِيعِ أَمْوَالِهِ.,"Sesungguhnya, Aku berkata kepadamu bahwa tuan itu akan mengangkat hambanya tersebut atas semua miliknya.","Sesungguhnya, Aku berkata kepadamu, ia akan mempercayakan seluruh harta miliknya kepada hamba itu.",
Matius,24,48,Matius 24:48,وَلَكِنْ إِنْ قَالَ ذَلِكَ ٱلْعَبْدُ ٱلرَّدِيُّ فِي قَلْبِهِ: سَيِّدِي يُبْطِئُ قُدُومَهُ.,"Namun, jika hamba yang jahat itu berkata dalam hatinya, ‘Tuanku menunda datang,’","Tetapi, jika seorang hamba yang jahat berkata dalam hatinya, ‘Tuanku masih lama baru kembali,’",
Matius,24,49,Matius 24:49,فَيَبْتَدِئُ يَضْرِبُ ٱلْعَبِيدَ رُفَقَاءَهُ وَيَأْكُلُ وَيَشْرَبُ مَعَ ٱلسُّكَارَى.,"lalu ia mulai memukuli hamba-hamba yang lain, lalu makan serta minum bersama dengan para pemabuk;","lalu mulai memukuli semua hamba yang lain, dan makan minum dengan para pemabuk,",
Matius,24,50,Matius 24:50,يَأْتِي سَيِّدُ ذَلِكَ ٱلْعَبْدِ فِي يَوْمٍ لَا يَنْتَظِرُهُ وَفِي سَاعَةٍ لَا يَعْرِفُهَا،,"tuan dari hamba itu akan datang pada hari ketika ia tidak mengharapkannya dan pada waktu yang tidak ia ketahui,",maka tiba-tiba tuannya datang pada hari yang tidak ia sangka-sangka dan pada waktu yang tidak ia ketahui.,
Matius,24,51,Matius 24:51,فَيُقَطِّعُهُ وَيَجْعَلُ نَصِيبَهُ مَعَ ٱلْمُرَائِينَ. هُنَاكَ يَكُونُ ٱلْبُكَاءُ وَصَرِيرُ ٱلْأَسْنَانِ.,"dan akan memenggalnya, dan menempatkan ia bersama-sama orang-orang munafik. Di tempat itu, akan ada tangisan dan kertak gigi.”","Kemudian, ia akan disesah oleh tuannya dan ditempatkan bersama-sama dengan orang-orang munafik. Di tempat itu ada ratapan dan kertak gigi.”",
Matius,25,1,Matius 25:1,«حِينَئِذٍ يُشْبِهُ مَلَكُوتُ ٱلسَّمَاوَاتِ عَشْرَ عَذَارَى، أَخَذْنَ مَصَابِيحَهُنَّ وَخَرَجْنَ لِلِقَاءِ ٱلْعَرِيسِ.,"“Kemudian, Kerajaan Surga akan diumpamakan dengan sepuluh gadis yang membawa pelita-pelitanya dan pergi untuk bertemu mempelai laki-laki.","“Pada waktu itu Kerajaan Surga dapat diibaratkan dengan sepuluh gadis yang mengambil pelita mereka, lalu pergi untuk menyongsong mempelai pria.",
Matius,25,2,Matius 25:2,وَكَانَ خَمْسٌ مِنْهُنَّ حَكِيمَاتٍ، وَخَمْسٌ جَاهِلَاتٍ.,"Lima di antara mereka bodoh, dan lima yang lainnya bijaksana.",Lima orang di antaranya bodoh dan lima orang lainnya bijaksana.,
Matius,25,3,Matius 25:3,أَمَّا ٱلْجَاهِلَاتُ فَأَخَذْنَ مَصَابِيحَهُنَّ وَلَمْ يَأْخُذْنَ مَعَهُنَّ زَيْتًا،,"Ketika yang bodoh itu membawa pelita-pelitanya, mereka tidak membawa minyak bersamanya.","Gadis-gadis yang bodoh membawa pelita mereka, tetapi tidak membawa minyak.",
Matius,25,4,Matius 25:4,وَأَمَّا ٱلْحَكِيمَاتُ فَأَخَذْنَ زَيْتًا فِي آنِيَتِهِنَّ مَعَ مَصَابِيحِهِنَّ.,"Namun, yang bijaksana membawa minyak dalam guci kecil bersama dengan pelita-pelita mereka.",Sedangkan gadis-gadis yang bijaksana membawa minyak persediaan dalam suatu tempat bersama-sama dengan pelita mereka.,
Matius,25,5,Matius 25:5,وَفِيمَا أَبْطَأَ ٱلْعَرِيسُ نَعَسْنَ جَمِيعُهُنَّ وَنِمْنَ.,"Sekarang, ketika mempelai laki-laki itu menunda kedatangannya, mereka semua mengantuk dan tidur.","Karena sang mempelai terlambat datang, maka mengantuklah mereka dan kemudian tertidur.",
Matius,25,6,Matius 25:6,فَفِي نِصْفِ ٱللَّيْلِ صَارَ صُرَاخٌ: هُوَذَا ٱلْعَرِيسُ مُقْبِلٌ، فَٱخْرُجْنَ لِلِقَائِهِ!,"Namun, pada tengah malam ada teriakan, ‘Lihat, mempelai laki-laki datang! Keluarlah untuk menyambutnya!’","Pada tengah malam terdengarlah suara orang berseru, ‘Lihat, sang mempelai datang! Pergilah kamu untuk menyongsongnya.’",
Matius,25,7,Matius 25:7,فَقَامَتْ جَمِيعُ أُولَئِكَ ٱلْعَذَارَى وَأَصْلَحْنَ مَصَابِيحَهُنَّ.,"Kemudian, semua gadis itu bangun dan merapikan pelita-pelita mereka.","Lalu, para gadis itu pun bangun dan mempersiapkan pelita mereka masing-masing.",
Matius,25,8,Matius 25:8,فَقَالَتِ ٱلْجَاهِلَاتُ لِلْحَكِيمَاتِ: أَعْطِينَنَا مِنْ زَيْتِكُنَّ فَإِنَّ مَصَابِيحَنَا تَنْطَفِئُ.,"Dan, yang bodoh berkata kepada yang bijaksana, ‘Berilah kepada kami sedikit minyakmu karena pelita-pelita kami hampir padam.’","Kemudian, kata gadis-gadis yang bodoh itu kepada gadis-gadis yang bijaksana, ‘Bagikanlah minyakmu itu kepada kami karena pelita kami akan padam.’",
Matius,25,9,Matius 25:9,فَأَجَابَتِ ٱلْحَكِيمَاتُ قَائِلاتٍ: لَعَلَّهُ لَا يَكْفِي لَنَا وَلَكُنَّ، بَلِ ٱذْهَبْنَ إِلَى ٱلْبَاعَةِ وَٱبْتَعْنَ لَكُنَّ.,"Akan tetapi, yang bijaksana menjawab, ‘Tidak, tidak akan cukup untuk kami dan kamu. Lebih baik, pergilah kepada yang menjual minyak dan belilah untuk dirimu sendiri.’","Jawab gadis-gadis yang bijaksana itu, ‘Tidak, sebab mungkin tidak akan cukup untuk kami dan untuk kamu. Lebih baik kamu pergi ke penjual minyak dan membelinya untuk dirimu sendiri.’",
Matius,25,10,Matius 25:10,وَفِيمَا هُنَّ ذَاهِبَاتٌ لِيَبْتَعْنَ جَاءَ ٱلْعَرِيسُ، وَٱلْمُسْتَعِدَّاتُ دَخَلْنَ مَعَهُ إِلَى ٱلْعُرْسِ، وَأُغْلِقَ ٱلْبَابُ.,"Sementara mereka pergi untuk membeli, mempelai laki-laki itu datang, dan mereka yang siap, masuk bersama-sama dengan dia ke perjamuan kawin, dan pintu ditutup.","Sementara gadis-gadis yang bodoh itu pergi untuk membeli minyak, datanglah mempelai itu, dan gadis-gadis yang telah siap sedia, masuk bersama-sama dengan sang mempelai ke perjamuan nikah. Setelah itu, pintunya pun dikunci.",
Matius,25,11,Matius 25:11,أَخِيرًا جَاءَتْ بَقِيَّةُ ٱلْعَذَارَى أَيْضًا قَائِلَاتٍ: يا سَيِّدُ، يا سَيِّدُ، ٱفْتَحْ لَنَا!,"Setelah itu, datang pula gadis-gadis yang lainnya dan berkata, ‘Tuan, tuan! Bukakanlah bagi kami.’","Tidak lama kemudian gadis-gadis yang bodoh itu datang dan berkata, ‘Tuan, Tuan, bukakan kami pintu!’",
Matius,25,12,Matius 25:12,فَأَجَابَ وَقَالَ: ٱلْحَقَّ أَقُولُ لَكُنَّ: إِنِّي مَا أَعْرِفُكُنَّ.,"Akan tetapi, ia menjawab, ‘Sesungguhnya, aku berkata kepadamu, aku tidak mengenalmu.’","Jawab tuan itu, ‘Sesungguhnya, Aku berkata kepadamu, aku tidak mengenal kamu.’",
Matius,25,13,Matius 25:13,فَٱسْهَرُوا إِذًا لِأَنَّكُمْ لَا تَعْرِفُونَ ٱلْيَوْمَ وَلَا ٱلسَّاعَةَ ٱلَّتِي يَأْتِي فِيهَا ٱبْنُ ٱلْإِنْسَانِ.,"Oleh karena itu, berjaga-jagalah karena kamu tidak tahu hari atau waktunya.”","Sebab itu, berjaga-jagalah, karena kamu tidak tahu kapan hari atau waktunya tiba.”",
Matius,25,14,Matius 25:14,«وَكَأَنَّمَا إِنْسَانٌ مُسَافِرٌ دَعَا عَبِيدَهُ وَسَلَّمَهُمْ أَمْوَالَهُ،,"“Sebab, Kerajaan Surga sama seperti seseorang yang akan pergi ke luar negeri, yang memanggil hamba-hambanya dan mempercayakan miliknya kepada mereka.","“Hal itu pun dapat digambarkan dengan seseorang yang hendak bepergian, lalu memanggil para hambanya dan mempercayakan hartanya kepada mereka.",
Matius,25,15,Matius 25:15,فَأَعْطَى وَاحِدًا خَمْسَ وَزَنَاتٍ، وَآخَرَ وَزْنَتَيْنِ، وَآخَرَ وَزْنَةً. كُلَّ وَاحِدٍ عَلَى قَدْرِ طَاقَتِهِ. وَسَافَرَ لِلْوَقْتِ.,"Kepada yang seorang, ia memberikan 5 talenta. Kepada yang lainnya, 2 talenta, dan kepada yang lainnya lagi, 1 talenta. Masing-masing sesuai kemampuannya. Kemudian, ia pergi.","Kepada yang seorang dipercayakan lima talenta, kepada yang lain dua talenta, dan kepada yang lainnya lagi satu talenta sesuai dengan kadar kemampuan masing-masing. Setelah itu, pergilah tuan itu.",
Matius,25,16,Matius 25:16,فَمَضَى ٱلَّذِي أَخَذَ ٱلْخَمْسَ وَزَنَاتٍ وَتَاجَرَ بِهَا، فَرَبِحَ خَمْسَ وَزَنَاتٍ أُخَرَ.,"Orang yang menerima 5 talenta itu langsung pergi, dan menjalankan talenta itu, dan ia menghasilkan 5 talenta lagi.","Hamba yang menerima lima talenta segera pergi dan menjalankan uangnya, lalu ia mendapatkan keuntungan sebanyak lima talenta.",
Matius,25,17,Matius 25:17,وَهَكَذَا ٱلَّذِي أَخَذَ ٱلْوَزْنَتَيْنِ، رَبِحَ أَيْضًا وَزْنَتَيْنِ أُخْرَيَيْنِ.,"Demikian juga orang yang menerima 2 talenta, ia juga menghasilkan 2 talenta lagi.",Begitu juga halnya dengan hamba yang menerima dua talenta. Ia memperoleh keuntungan sebanyak dua talenta.,
Matius,25,18,Matius 25:18,وَأَمَّا ٱلَّذِي أَخَذَ ٱلْوَزْنَةَ فَمَضَى وَحَفَرَ فِي ٱلْأَرْضِ وَأَخْفَى فِضَّةَ سَيِّدِهِ.,"Akan tetapi, orang yang menerima 1 talenta itu pergi, menggali lubang di tanah, dan menyembunyikan uang tuannya.","Sedangkan hamba yang menerima satu talenta pergi menggali lubang, lalu menyembunyikan uang perak milik tuannya itu.",
Matius,25,19,Matius 25:19,وَبَعْدَ زَمَانٍ طَوِيلٍ أَتَى سَيِّدُ أُولَئِكَ ٱلْعَبِيدِ وَحَاسَبَهُمْ.,"Lama sesudah itu, tuan dari hamba-hamba itu datang dan mengadakan perhitungan dengan mereka.","Setelah sekian lama, tuan dari hamba-hamba itu pulang dan mengadakan perhitungan dengan mereka.",
Matius,25,20,Matius 25:20,فَجَاءَ ٱلَّذِي أَخَذَ ٱلْخَمْسَ وَزَنَاتٍ وَقَدَّمَ خَمْسَ وَزَنَاتٍ أُخَرَ قَائِلًا: يا سَيِّدُ، خَمْسَ وَزَنَاتٍ سَلَّمْتَنِي. هُوَذَا خَمْسُ وَزَنَاتٍ أُخَرُ رَبِحْتُهَا فَوْقَهَا.,"Orang yang telah menerima 5 talenta itu menghadap dan membawa 5 talenta lagi, katanya, ‘Tuan, engkau mempercayakan 5 talenta kepadaku. Lihatlah, aku telah menghasilkan 5 talenta lagi.’","Kemudian, datanglah hamba yang menerima lima talenta dengan membawa serta lima talenta hasil usahanya, katanya, ‘Tuan, inilah lima talenta yang pernah Tuan percayakan kepadaku. Lihatlah, aku sudah memperoleh keuntungan sebanyak lima talenta juga.’",
Matius,25,21,Matius 25:21,فَقَالَ لَهُ سَيِّدُهُ: نِعِمَّا أَيُّهَا ٱلْعَبْدُ ٱلصَّالِحُ وَٱلْأَمِينُ! كُنْتَ أَمِينًا فِي ٱلْقَلِيلِ فَأُقِيمُكَ عَلَى ٱلْكَثِيرِ. اُدْخُلْ إِلَى فَرَحِ سَيِّدِكَ.,"Tuannya berkata kepadanya, ‘Bagus sekali, hamba yang baik dan setia. Kamu setia dengan hal-hal kecil, aku akan mengangkat engkau atas banyak hal, masuklah ke dalam sukacita tuanmu.’","Jawab sang tuan kepadanya, ‘Baik sekali ikhtiarmu itu, hai hamba yang baik dan setia! Engkau telah memperlihatkan kesetiaanmu dalam hal yang kecil. Oleh karena itu, aku akan mempercayakan kepadamu hal yang besar. Masuklah engkau ke dalam kebahagiaan Tuanmu.’",
Matius,25,22,Matius 25:22,ثُمَّ جَاءَ ٱلَّذِي أَخَذَ ٱلْوَزْنَتَيْنِ وَقَالَ: يا سَيِّدُ، وَزْنَتَيْنِ سَلَّمْتَنِي. هُوَذَا وَزْنَتَانِ أُخْرَيَانِ رَبِحْتُهُمَا فَوْقَهُمَا.,"Dan, orang yang menerima 2 talenta juga menghadap dan berkata, ‘Tuan, engkau mempercayakan 2 talenta kepadaku. Lihat, aku telah menghasilkan dua talenta lagi.’","Lalu, datanglah hamba yang menerima dua talenta. Ia berkata, ‘Tuan, inilah dua talenta yang pernah Tuan percayakan kepadaku. Lihatlah, aku sudah memperoleh keuntungan sebanyak dua talenta juga.’",
Matius,25,23,Matius 25:23,قَالَ لَهُ سَيِّدُهُ: نِعِمَّا أَيُّهَا ٱلْعَبْدُ ٱلصَّالِحُ ٱلْأَمِينُ! كُنْتَ أَمِينًا فِي ٱلْقَلِيلِ فَأُقِيمُكَ عَلَى ٱلْكَثِيرِ. اُدْخُلْ إِلَى فَرَحِ سَيِّدِكَ.,"Tuannya menjawab, ‘Bagus sekali, hamba yang baik dan setia. Kamu setia dengan hal-hal kecil, aku akan mengangkat engkau atas banyak hal, masuklah ke dalam sukacita tuanmu.’","Kata tuannya itu, ‘Baik sekali ikhtiarmu itu, hai hamba yang baik dan setia! Engkau telah memperlihatkan kesetiaanmu dalam hal yang kecil. Oleh karena itu, aku akan mempercayakan kepadamu hal yang besar. Masuklah engkau ke dalam kebahagiaan Tuanmu.’",
Matius,25,24,Matius 25:24,ثُمَّ جَاءَ أَيْضًا ٱلَّذِي أَخَذَ ٱلْوَزْنَةَ ٱلْوَاحِدَةَ وَقَالَ: يا سَيِّدُ، عَرَفْتُ أَنَّكَ إِنْسَانٌ قَاسٍ، تَحْصُدُ حَيْثُ لَمْ تَزْرَعْ، وَتَجْمَعُ مِنْ حَيْثُ لَمْ تَبْذُرْ.,"Kemudian, orang yang menerima 1 talenta juga menghadap dan berkata, ‘Tuan, aku tahu engkau orang yang kejam, menuai di tempat yang engkau tidak menabur, dan mengumpulkan di tempat yang engkau tidak menyebarkan benih.","Setelah itu, datanglah pula hamba yang hanya menerima satu talenta, lalu berkata, ‘Tuan, aku mengenal Tuan sebagai seorang yang keras tabiatnya. Tuan menuai di tempat yang tidak pernah Tuan taburi dan memungut di tempat yang tidak pernah Tuan tebari.",
Matius,25,25,Matius 25:25,فَخِفْتُ وَمَضَيْتُ وَأَخْفَيْتُ وَزْنَتَكَ فِي ٱلْأَرْضِ. هُوَذَا ٱلَّذِي لَكَ.,"Karena itu, aku takut, dan pergi dan menyembunyikan talentamu di dalam tanah. Lihat, engkau memiliki apa yang menjadi milikmu.’","Itulah sebabnya, aku merasa takut sehingga aku pergi mengubur talenta Tuan. Lihatlah, aku mengembalikan milik Tuan.’",
Matius,25,26,Matius 25:26,فَأَجَابَ سَيِّدُهُ وَقَالَ لَهُ: أَيُّهَا ٱلْعَبْدُ ٱلشِّرِّيرُ وَٱلْكَسْلَانُ، عَرَفْتَ أَنِّي أَحْصُدُ حَيْثُ لَمْ أَزْرَعْ، وَأَجْمَعُ مِنْ حَيْثُ لَمْ أَبْذُرْ،,"Namun, tuannya menjawab dan berkata kepadanya, ‘Kamu hamba yang jahat dan malas! Kamu tahu bahwa aku menuai di tempat yang aku tidak menabur dan mengumpulkan di tempat yang aku tidak menyebarkan benih.","Jawab tuan itu kepadanya, ‘Hai hamba yang jahat dan malas! Engkau tahu bahwa aku menuai di tempat yang tidak pernah aku taburi dan mengumpulkan sesuatu di tempat yang tidak pernah aku tebari.",
Matius,25,27,Matius 25:27,فَكَانَ يَنْبَغِي أَنْ تَضَعَ فِضَّتِي عِنْدَ ٱلصَّيَارِفَةِ، فَعِنْدَ مَجِيئِي كُنْتُ آخُذُ ٱلَّذِي لِي مَعَ رِبًا.,"Karena itu, seharusnya kamu menyimpan uangku di bank dan ketika aku kembali, aku akan menerima milikku kembali dengan bunganya.","Seharusnya engkau menyerahkan uangku itu pada orang-orang yang dapat menjalankannya sehingga jika aku datang, aku dapat menerima uangku beserta dengan bunganya.",
Matius,25,28,Matius 25:28,فَخُذُوا مِنْهُ ٱلْوَزْنَةَ وَأَعْطُوهَا لِلَّذِي لَهُ ٱلْعَشْرُ وَزَنَاتٍ.,"Ambillah 1 talenta itu darinya dan berikan kepada dia, yang memiliki 10 talenta itu.","Jadi, ambillah talenta itu dari dia dan berikanlah kepada hamba yang mempunyai sepuluh talenta.",
Matius,25,29,Matius 25:29,لِأَنَّ كُلَّ مَنْ لَهُ يُعْطَى فَيَزْدَادُ، وَمَنْ لَيْسَ لَهُ فَٱلَّذِي عِنْدَهُ يُؤْخَذُ مِنْهُ.,"Sebab, setiap orang yang memiliki akan diberi lagi, dan ia akan berkelimpahan. Akan tetapi, dari orang yang tidak memiliki, bahkan apa yang ia miliki akan diambil.","Karena siapa mempunyai, kepadanya akan ditambahkan sehingga ia mempunyainya berlimpah-limpah. Tetapi, siapa tidak mempunyai, maka apa yang ada padanya pun akan diambil kembali.",
Matius,25,30,Matius 25:30,وَٱلْعَبْدُ ٱلْبَطَّالُ ٱطْرَحُوهُ إِلَى ٱلظُّلْمَةِ ٱلْخَارِجِيَّةِ، هُنَاكَ يَكُونُ ٱلْبُكَاءُ وَصَرِيرُ ٱلْأَسْنَانِ.,Lemparkanlah hamba yang tidak berguna itu ke dalam kegelapan yang paling pekat. Di tempat itu akan ada tangisan dan kertak gigi.’”,"Setelah itu, campakkanlah hamba yang tidak berguna ini ke tempat yang paling gelap. Di tempat itu ada ratapan dan kertak gigi.’”",
Matius,25,31,Matius 25:31,«وَمَتَى جَاءَ ٱبْنُ ٱلْإِنْسَانِ فِي مَجْدِهِ وَجَمِيعُ ٱلْمَلَائِكَةِ ٱلْقِدِّيسِينَ مَعَهُ، فَحِينَئِذٍ يَجْلِسُ عَلَى كُرْسِيِّ مَجْدِهِ.,"“Ketika Anak Manusia datang dalam kemuliaan-Nya, dan para malaikat bersama-Nya, lalu Ia akan duduk di takhta kemuliaan-Nya.","“Pada saatnya nanti apabila Anak Manusia datang kembali dengan kemuliaan-Nya disertai para malaikat-Nya, Ia akan duduk di takhta kemuliaan-Nya.",
Matius,25,32,Matius 25:32,وَيَجْتَمِعُ أَمَامَهُ جَمِيعُ ٱلشُّعُوبِ، فَيُمَيِّزُ بَعْضَهُمْ مِنْ بَعْضٍ كَمَا يُمَيِّزُ ٱلرَّاعِي ٱلْخِرَافَ مِنَ ٱلْجِدَاءِ،,"Semua bangsa akan dikumpulkan di hadapan-Nya, dan Ia akan memisahkan mereka satu dari yang lain, seperti gembala yang memisahkan domba dari kambing-kambing.","Kemudian, semua suku bangsa akan dikumpulkan dan dibawa ke hadapan-Nya. Ia akan memisahkan mereka satu demi satu, seperti seorang gembala yang memisahkan domba-domba dari kambing-kambing.",
Matius,25,33,Matius 25:33,فَيُقِيمُ ٱلْخِرَافَ عَنْ يَمِينِهِ وَٱلْجِدَاءَ عَنِ ٱلْيَسَارِ.,"Dan, Ia akan menempatkan domba-domba di sebelah kanan-Nya, dan kambing-kambing di sebelah kiri.","Domba-domba akan Ia tempatkan di sebelah kanan-Nya, tetapi kambing-kambing di sebelah kiri-Nya.",
Matius,25,34,Matius 25:34,ثُمَّ يَقُولُ ٱلْمَلِكُ لِلَّذِينَ عَنْ يَمِينِهِ: تَعَالَوْا يا مُبَارَكِي أَبِي، رِثُوا ٱلْمَلَكُوتَ ٱلْمُعَدَّ لَكُمْ مُنْذُ تَأْسِيسِ ٱلْعَالَمِ.,"Kemudian Raja akan berkata kepada mereka yang di sebelah kanan-Nya, ‘Marilah, kamu yang diberkati oleh Bapa-Ku, warisilah Kerajaan yang disediakan untukmu dari permulaan dunia.","Setelah itu, Sang Raja akan bersabda kepada mereka yang ada di sebelah kanan-Nya, ‘Marilah, hai kamu yang mendapat berkah dari Bapa-Ku. Terimalah warisanmu, yaitu kerajaan yang disediakan bagimu sejak dunia dijadikan.",
Matius,25,35,Matius 25:35,لِأَنِّي جُعْتُ فَأَطْعَمْتُمُونِي. عَطِشْتُ فَسَقَيْتُمُونِي. كُنْتُ غَرِيبًا فَآوَيْتُمُونِي.,"Karena ketika Aku lapar, kamu memberi Aku makan. Aku haus dan kamu memberi Aku minum. Aku orang asing, dan kamu mengundang Aku masuk.","Karena ketika Aku lapar, kamu memberi Aku makan. Ketika Aku haus, kamu memberi Aku minum. Ketika Aku datang sebagai orang asing, kamu memberi Aku tumpangan.",
Matius,25,36,Matius 25:36,عُرْيَانًا فَكَسَوْتُمُونِي. مَرِيضًا فَزُرْتُمُونِي. مَحْبُوسًا فَأَتَيْتُمْ إِلَيَّ.,Aku telanjang dan kamu memakaikan Aku pakaian. Aku sakit dan kamu menengok Aku. Aku di penjara dan kamu datang kepada-Ku.’,"Ketika Aku telanjang, kamu memberi Aku pakaian. Ketika Aku sakit, kamu menengok Aku, dan ketika Aku di penjara, kamu mengunjungi Aku.’",
Matius,25,37,Matius 25:37,فَيُجِيبُهُ ٱلْأَبْرَارُ حِينَئِذٍ قَائِلِينَ: يَارَبُّ، مَتَى رَأَيْنَاكَ جَائِعًا فَأَطْعَمْنَاكَ، أَوْ عَطْشَانًا فَسَقَيْنَاكَ؟,"Lalu, orang-orang benar itu akan menjawab-Nya, ‘Tuhan, kapan kami melihat Engkau lapar dan memberi-Mu makan, atau haus dan memberi-Mu minum?","Lalu, orang-orang saleh itu akan menjawab, ‘Ya Junjungan, kapankah kami melihat Sang Junjungan dalam keadaan lapar sehingga kami memberi Junjungan makan, atau kapankah kami melihat Sang Junjungan dalam keadaan haus sehingga kami memberi Junjungan minum?",
Matius,25,38,Matius 25:38,وَمَتَى رَأَيْنَاكَ غَرِيبًا فَآوَيْنَاكَ، أَوْ عُرْيَانًا فَكَسَوْنَاكَ؟,"Kapan kami melihat Engkau seorang asing dan mengundang Engkau masuk, atau telanjang dan memakaikan Engkau pakaian?","Kapankah kami melihat Sang Junjungan datang sebagai orang asing sehingga kami memberi Junjungan tempat untuk menumpang, atau kapankah kami melihat Sang Junjungan dalam keadaan telanjang sehingga kami memberi Junjungan pakaian?",
Matius,25,39,Matius 25:39,وَمَتَى رَأَيْنَاكَ مَرِيضًا أَوْ مَحْبُوسًا فَأَتَيْنَا إِلَيْكَ؟,Kapan kami melihat Engkau sakit atau di penjara dan kami datang kepada-Mu?’,Kapan pulakah kami melihat Sang Junjungan dalam keadaan sakit atau di penjara sehingga kami menjenguk Junjungan?’,
Matius,25,40,Matius 25:40,فَيُجِيبُ ٱلْمَلِكُ وَيَقُولُ لَهُمُ: ٱلْحَقَّ أَقُولُ لَكُمْ: بِمَا أَنَّكُمْ فَعَلْتُمُوهُ بِأَحَدِ إِخْوَتِي هَؤُلَاءِ ٱلْأَصَاغِرِ، فَبِي فَعَلْتُمْ.,"Raja itu akan menjawab, ‘Aku mengatakan yang sebenarnya kepadamu, sebagaimana kamu melakukannya terhadap satu dari saudara-saudara-Ku yang paling kecil ini, kamu melakukannya untuk-Ku.’","Kemudian, sabda Sang Raja kepada mereka, ‘Sesungguhnya, Aku berkata kepadamu, ketika kamu melakukan hal-hal itu untuk salah seorang saudara-Ku yang hina ini, kamu telah melakukannya untuk-Ku.’",
Matius,25,41,Matius 25:41,«ثُمَّ يَقُولُ أَيْضًا لِلَّذِينَ عَنِ ٱلْيَسَارِ: ٱذْهَبُوا عَنِّي يامَلَاعِينُ إِلَى ٱلنَّارِ ٱلْأَبَدِيَّةِ ٱلْمُعَدَّةِ لِإِبْلِيسَ وَمَلَائِكَتِهِ،,"Kemudian, Ia akan berkata juga kepada mereka yang di sebelah kiri-Nya, ‘Pergilah dari hadapan-Ku, kamu yang terkutuk, ke dalam api abadi yang telah disiapkan untuk Iblis dan malaikat-malaikatnya.","Lalu, Ia akan berkata pula kepada orang-orang yang ada di sebelah kiri-Nya, ‘Hai orang-orang yang terkutuk, enyahlah kamu dari hadapan-Ku dan masuklah ke api yang kekal, yang telah disediakan bagi Iblis dan para utusannya.",
Matius,25,42,Matius 25:42,لِأَنِّي جُعْتُ فَلَمْ تُطْعِمُونِي. عَطِشْتُ فَلَمْ تَسْقُونِي.,"Sebab, Aku lapar dan kamu tidak memberi-Ku makan. Aku haus dan kamu tidak memberi-Ku minum.","Karena ketika Aku lapar, kamu tidak memberi Aku makan. Ketika Aku haus, kamu tidak memberi Aku minum.",
Matius,25,43,Matius 25:43,كُنْتُ غَرِيبًا فَلَمْ تَأْوُونِي. عُرْيَانًا فَلَمْ تَكْسُونِي. مَرِيضًا وَمَحْبُوسًا فَلَمْ تَزُورُونِي.,"Aku orang asing dan kamu tidak mengundang-Ku masuk; telanjang dan kamu tidak memakaikan Aku pakaian; sakit dan di penjara, dan kamu tidak menengok Aku.’","Ketika Aku datang sebagai orang asing, kamu tidak memberi Aku tempat untuk menumpang. Ketika Aku telanjang, kamu tidak memberi Aku pakaian. Ketika Aku sakit dan di penjara, kamu tidak mengunjungi Aku.’",
Matius,25,44,Matius 25:44,حِينَئِذٍ يُجِيبُونَهُ هُمْ أَيْضًا قَائِلِينَ: يَارَبُّ، مَتَى رَأَيْنَاكَ جَائِعًا أَوْ عَطْشَانًا أَوْ غَرِيبًا أَوْ عُرْيَانًا أَوْ مَرِيضًا أَوْ مَحْبُوسًا وَلَمْ نَخْدِمْكَ؟,"Kemudian, mereka juga akan menjawab, ‘Tuhan, kapan kami melihat Engkau lapar atau haus, atau seorang asing, atau sakit, atau telanjang, atau di penjara, dan tidak melayani-Mu?’","Lalu, mereka pun akan bertanya, ‘Ya Junjungan kami, kapankah kami melihat Sang Junjungan dalam keadaan lapar, kehausan, datang sebagai orang asing, telanjang, sakit, atau di penjara, dan kami tidak memperhatikan Junjungan?’",
Matius,25,45,Matius 25:45,فَيُجِيبُهُمْ قَائِلًا: ٱلْحَقَّ أَقُولُ لَكُمْ: بِمَا أَنَّكُمْ لَمْ تَفْعَلُوهُ بِأَحَدِ هَؤُلَاءِ ٱلْأَصَاغِرِ، فَبِي لَمْ تَفْعَلُوا.,"Kemudian, Ia akan menjawab mereka, “Aku mengatakan yang sebenarnya kepadamu, sebagaimana kamu tidak melakukannya terhadap satu dari mereka yang paling kecil ini, kamu tidak melakukannya kepada-Ku.’","Sabda Sang Raja kepada mereka, ‘Sesungguhnya, Aku berkata kepadamu, ketika kamu tidak melakukan hal-hal itu untuk salah seorang saudara-Ku yang paling hina ini, kamu pun tidak melakukannya untuk-Ku.’",
Matius,25,46,Matius 25:46,فَيَمْضِي هَؤُلَاءِ إِلَى عَذَابٍ أَبَدِيٍّ وَٱلْأَبْرَارُ إِلَى حَيَاةٍ أَبَدِيَّةٍ».,"Dan, mereka ini akan pergi ke dalam penghukuman kekal, tetapi orang-orang benar ke dalam kehidupan kekal.”","Mereka ini akan dimasukkan ke tempat siksaan yang kekal, tetapi orang-orang saleh itu akan masuk ke dalam hidup yang kekal.”",
Matius,26,1,Matius 26:1,وَلَمَّا أَكْمَلَ يَسُوعُ هَذِهِ ٱلْأَقْوَالَ كُلَّهَا قَالَ لِتَلَامِيذِهِ:,"Ketika Yesus sudah menyelesaikan semua perkataan-perkataan ini, Dia berkata kepada murid-murid-Nya,","Setelah Isa selesai menyampaikan semua ajaran-Nya itu, bersabdalah Ia kepada para pengikut-Nya,",
Matius,26,2,Matius 26:2,«تَعْلَمُونَ أَنَّهُ بَعْدَ يَوْمَيْنِ يَكُونُ ٱلْفِصْحُ، وَٱبْنُ ٱلْإِنْسَانِ يُسَلَّمُ لِيُصْلَبَ».,"“Kamu tahu bahwa dua hari lagi Paskah tiba, dan Anak Manusia akan diserahkan untuk disalibkan.”",“Kamu tahu bahwa dua hari lagi perayaan Paskah akan dimulai dan Anak Manusia akan diserahkan untuk disalibkan.”,
Matius,26,3,Matius 26:3,حِينَئِذٍ ٱجْتَمَعَ رُؤَسَاءُ ٱلْكَهَنَةِ وَٱلْكَتَبَةُ وَشُيُوخُ ٱلشَّعْبِ إِلَى دَارِ رَئِيسِ ٱلْكَهَنَةِ ٱلَّذِي يُدْعَى قَيَافَا،,"Kemudian, para imam kepala dan tua-tua bangsa itu berkumpul bersama di istana Imam Besar, yang bernama Kayafas.",Pada waktu itu imam-imam kepala dan para tua-tua berhimpun di balai Imam Besar Kayafas.,
Matius,26,4,Matius 26:4,وَتَشَاوَرُوا لِكَيْ يُمْسِكُوا يَسُوعَ بِمَكْرٍ وَيَقْتُلُوهُ.,"Dan, mereka bersekongkol untuk menangkap Yesus dengan tipu daya dan membunuh-Nya.",Mereka bermufakat untuk menangkap Isa dan menjatuhkan hukuman mati atas diri-Nya dengan tipu daya.,
Matius,26,5,Matius 26:5,وَلَكِنَّهُمْ قَالُوا: «لَيْسَ فِي ٱلْعِيدِ لِئَلَّا يَكُونَ شَغَبٌ فِي ٱلشَّعْبِ».,"Akan tetapi, mereka berkata, “Jangan selama perayaan supaya jangan ada kerusuhan di antara orang banyak.”","Tetapi, mereka berkata, “Jangan pada saat perayaan supaya rakyat tidak menjadi gempar.”",
Matius,26,6,Matius 26:6,وَفِيمَا كَانَ يَسُوعُ فِي بَيْتِ عَنْيَا فِي بَيْتِ سِمْعَانَ ٱلْأَبْرَصِ،,"Sekarang, ketika Yesus berada di Betania, di rumah Simon si Kusta,","Ketika Isa berada di Baitani, di rumah Simon yang mendapat julukan si kusta,",
Matius,26,7,Matius 26:7,تَقَدَّمَتْ إِلَيْهِ ٱمْرَأَةٌ مَعَهَا قَارُورَةُ طِيبٍ كَثِيرِ ٱلثَّمَنِ، فَسَكَبَتْهُ عَلَى رَأْسِهِ وَهُوَ مُتَّكِئٌ.,"seorang perempuan datang kepada-Nya dengan sebotol guci pualam kecil berisi minyak wangi yang sangat mahal, dan perempuan itu menyiramkannya ke atas kepala Yesus ketika Dia sedang duduk makan.","datanglah kepada-Nya seorang perempuan dengan membawa buli-buli pualam berisi minyak wangi yang mahal. Lalu, dituangkannya minyak itu pada kepala Isa yang sedang duduk makan.",
Matius,26,8,Matius 26:8,فَلَمَّا رَأَى تَلَامِيذُهُ ذَلِكَ ٱغْتَاظُوا قَائِلِينَ: «لِمَاذَا هَذَا ٱلْإِتْلَافُ؟,"Ketika murid-murid melihatnya, mereka marah dan berkata, “Apa gunanya pemborosan ini?","Melihat hal itu para pengikut-Nya menjadi gusar dan berkata, “Apa gunanya menghambur-hamburkan minyak wangi itu?",
Matius,26,9,Matius 26:9,لِأَنَّهُ كَانَ يُمْكِنُ أَنْ يُبَاعَ هَذَا ٱلطِّيبُ بِكَثِيرٍ وَيُعْطَى لِلْفُقَرَاءِ».,"Sebab, minyak wangi itu dapat dijual untuk harga yang mahal dan diberikan kepada yang miskin.”",Minyak itu dapat dijual dengan harga yang mahal dan uangnya dapat disedekahkan kepada orang-orang miskin.”,
Matius,26,10,Matius 26:10,فَعَلِمَ يَسُوعُ وَقَالَ لَهُمْ: «لِمَاذَا تُزْعِجُونَ ٱلْمَرْأَةَ؟ فَإِنَّهَا قَدْ عَمِلَتْ بِي عَمَلًا حَسَنًا!,"Namun, Yesus, mengetahui hal ini, berkata kepada mereka, “Mengapa kamu menyusahkan perempuan ini? Sebab, ia melakukan perbuatan baik atas-Ku.","Tetapi, Isa mengetahui hal itu, lalu bersabdalah Ia kepada mereka, “Mengapa kamu menyusahkan perempuan ini? Ia telah melakukan suatu hal yang baik bagi-Ku.",
Matius,26,11,Matius 26:11,لِأَنَّ ٱلْفُقَرَاءَ مَعَكُمْ فِي كُلِّ حِينٍ، وَأَمَّا أَنَا فَلَسْتُ مَعَكُمْ فِي كُلِّ حِينٍ.,"Sebab, kamu selalu mempunyai orang-orang miskin bersamamu, tetapi kamu tidak akan selalu mempunyai Aku.","Orang-orang miskin selalu ada di antara kamu, tetapi Aku tidak akan selalu ada di antara kamu.",
Matius,26,12,Matius 26:12,فَإِنَّهَا إِذْ سَكَبَتْ هَذَا ٱلطِّيبَ عَلَى جَسَدِي إِنَّمَا فَعَلَتْ ذَلِكَ لِأَجْلِ تَكْفِينِي.,"Ketika perempuan ini menyiramkan minyak wangi ke tubuh-Ku, ia melakukannya untuk mempersiapkan penguburan-Ku.","Dengan menuangkan minyak ke tubuh-Ku ini, ia sedang membuat persiapan bagi pemakaman-Ku.",
Matius,26,13,Matius 26:13,اَلْحَقَّ أَقُولُ لَكُمْ: حَيْثُمَا يُكْرَزْ بِهَذَا ٱلْإِنْجِيلِ فِي كُلِّ ٱلْعَالَمِ، يُخْبَرْ أَيْضًا بِمَا فَعَلَتْهُ هَذِهِ تَذْكَارًا لَهَا».,"Aku mengatakan yang sebenarnya kepadamu bahwa di mana saja Injil ini diberitakan ke seluruh dunia, apa yang sudah dilakukan perempuan ini akan dibicarakan pula sebagai peringatan akan dia.”","Sesungguhnya, Aku berkata kepadamu, di mana pun Injil dikabarkan di seluruh dunia, apa yang diperbuatnya ini akan disebut-sebut juga untuk mengingatnya.”",
Matius,26,14,Matius 26:14,حِينَئِذٍ ذَهَبَ وَاحِدٌ مِنَ ٱلِٱثْنَيْ عَشَرَ، ٱلَّذِي يُدْعَى يَهُوذَا ٱلْإِسْخَرْيُوطِيَّ، إِلَى رُؤَسَاءِ ٱلْكَهَنَةِ,"Kemudian, satu dari kedua belas murid, yang bernama Yudas Iskariot, pergi kepada imam-imam kepala,","Setelah itu, Yudas Iskariot, salah seorang dari kedua belas pengikut itu, pergi menemui imam-imam kepala.",
Matius,26,15,Matius 26:15,وَقَالَ: «مَاذَا تُرِيدُونَ أَنْ تُعْطُونِي وَأَنَا أُسَلِّمُهُ إِلَيْكُمْ؟». فَجَعَلُوا لَهُ ثَلَاثِينَ مِنَ ٱلْفِضَّةِ.,"dan berkata, “Kamu akan memberiku apa jika aku menyerahkan Dia kepadamu?” Dan, mereka menetapkan 30 keping perak untuknya.","Katanya kepada mereka, “Apa yang hendak kamu berikan kepadaku jika aku menyerahkan Isa kepadamu?” Kemudian, mereka menimbang tiga puluh keping uang perak bagi Yudas.",
Matius,26,16,Matius 26:16,وَمِنْ ذَلِكَ ٱلْوَقْتِ كَانَ يَطْلُبُ فُرْصَةً لِيُسَلِّمَهُ.,"Dan, sejak itu, ia mencari kesempatan baik untuk menyerahkan Yesus.",Sejak saat itu Yudas mencari waktu yang baik untuk menyerahkan Isa.,
Matius,26,17,Matius 26:17,وَفِي أَوَّلِ أَيَّامِ ٱلْفَطِيرِ تَقَدَّمَ ٱلتَّلَامِيذُ إِلَى يَسُوعَ قَائِلِينَ لَهُ: «أَيْنَ تُرِيدُ أَنْ نُعِدَّ لَكَ لِتَأْكُلَ ٱلْفِصْحَ؟».,"Sekarang, pada hari pertama Roti Tidak Beragi , para murid datang kepada Yesus dan bertanya, “Di mana Engkau ingin kami mempersiapkan makan Paskah bagi-Mu?”","Pada hari pertama dari hari raya Roti Tidak Beragi, datanglah para pengikut Isa kepada-Nya dan berkata, “Ya Junjungan, tempat manakah yang Engkau kehendaki supaya kami mempersiapkan makanan Paskah bagi-Mu?”",
Matius,26,18,Matius 26:18,فَقَالَ: «ٱذْهَبُوا إِلَى ٱلْمَدِينَةِ، إِلَى فُلَانٍ وَقُولُوا لَهُ: ٱلْمُعَلِّمُ يَقُولُ: إِنَّ وَقْتِي قَرِيبٌ. عِنْدَكَ أَصْنَعُ ٱلْفِصْحَ مَعَ تَلَامِيذِي».,"Yesus menjawab, “Masuklah ke kota, kepada seseorang, dan katakan kepada-Nya, ‘Guru berkata, “Waktu-Ku sudah dekat. Aku akan merayakan Paskah di rumahmu bersama murid-murid-Ku.”’”","Sabda Isa, “Pergilah ke kota. Di sana temuilah si Anu dan katakan kepadanya, ‘Sabda Guru: Waktu-Ku hampir tiba, dan di rumahmulah Aku hendak makan Paskah bersama-sama dengan para pengikut-Ku.’”",
Matius,26,19,Matius 26:19,فَفَعَلَ ٱلتَّلَامِيذُ كَمَا أَمَرَهُمْ يَسُوعُ وَأَعَدُّوا ٱلْفِصْحَ.,"Para murid melakukan seperti yang telah Yesus pesankan kepada mereka, dan mempersiapkan Paskah itu.","Kedua pengikut itu melakukan apa yang disabdakan Isa kepada mereka. Lalu, mereka pun mempersiapkan Paskah.",
Matius,26,20,Matius 26:20,وَلَمَّا كَانَ ٱلْمَسَاءُ ٱتَّكَأَ مَعَ ٱلِٱثْنَيْ عَشَرَ.,"Sekarang, ketika mulai malam, Yesus duduk makan bersama dengan kedua belas murid.",Menjelang malam Isa duduk makan bersama-sama dengan kedua belas pengikut-Nya.,
Matius,26,21,Matius 26:21,وَفِيمَا هُمْ يَأْكُلُونَ قَالَ: «ٱلْحَقَّ أَقُولُ لَكُمْ: إِنَّ وَاحِدًا مِنْكُمْ يُسَلِّمُنِي».,"Dan, saat mereka sedang makan, Dia berkata, “Aku mengatakan yang sebenarnya kepadamu bahwa salah satu dari kamu akan mengkhianati Aku.”","Sementara mereka makan, Isa bersabda, “Sesungguhnya, Aku berkata kepadamu, salah satu dari antara kamu ada yang akan menyerahkan Aku.”",
Matius,26,22,Matius 26:22,فَحَزِنُوا جِدًّا، وَٱبْتَدَأَ كُلُّ وَاحِدٍ مِنْهُمْ يَقُولُ لَهُ: «هَلْ أَنَا هُوَ يَارَبُّ؟».,"Mereka sangat sedih dan masing-masing orang mulai berbicara kepada-Nya, “Pastinya, bukan aku, Tuhan?”","Mereka semua menjadi sangat sedih. Lalu, satu demi satu dari antara mereka mulai bertanya kepada-Nya, “Bukan aku, ya Junjungan?”",
Matius,26,23,Matius 26:23,فَأَجَابَ وَقَالَ: «ٱلَّذِي يَغْمِسُ يَدَهُ مَعِي فِي ٱلصَّحْفَةِ هُوَ يُسَلِّمُنِي!,"Dan, Dia menjawab, “Ia, yang mencelupkan tangannya ke dalam mangkuk bersama-sama Aku, dialah yang akan mengkhianati Aku.","Sabda Isa, “Orang yang mencelupkan tangannya ke dalam pinggan bersama-sama dengan Aku, dialah yang akan menyerahkan Aku.",
Matius,26,24,Matius 26:24,إِنَّ ٱبْنَ ٱلْإِنْسَانِ مَاضٍ كَمَا هُوَ مَكْتُوبٌ عَنْهُ، وَلَكِنْ وَيْلٌ لِذَلِكَ ٱلرَّجُلِ ٱلَّذِي بِهِ يُسَلَّمُ ٱبْنُ ٱلْإِنْسَانِ. كَانَ خَيْرًا لِذَلِكَ ٱلرَّجُلِ لَوْ لَمْ يُولَدْ!».,"Anak Manusia akan pergi seperti yang tertulis tentang Dia. Namun, celakalah orang itu, yang olehnya Anak Manusia dikhianati! Akan lebih baik bagi orang itu jika ia tidak pernah dilahirkan.”","Memang Anak Manusia akan pergi sebagaimana telah tertulis tentang Dia, tetapi celakalah orang yang menyerahkan-Nya. Alangkah baiknya bagi orang itu jika ia tidak dilahirkan.”",
Matius,26,25,Matius 26:25,فَأَجَابَ يَهُوذَا مُسَلِّمُهُ وَقَالَ: «هَلْ أَنَا هُوَ يا سَيِّدِي؟». قَالَ لَهُ: «أَنْتَ قُلْتَ».,"Kemudian Yudas, yang akan menyerahkan Yesus, berkata kepada-Nya, “Pasti bukan aku, Rabi?” Yesus berkata kepadanya, “Kamu sudah mengatakannya.”","Jawab Yudas, yang akan menyerahkan Dia itu, “Bukan aku, ya Guru?” Sabda Isa kepadanya, “Engkau sudah mengatakannya sendiri.”",
Matius,26,26,Matius 26:26,وَفِيمَا هُمْ يَأْكُلُونَ أَخَذَ يَسُوعُ ٱلْخُبْزَ، وَبَارَكَ وَكَسَّرَ وَأَعْطَى ٱلتَّلَامِيذَ وَقَالَ: «خُذُوا كُلُوا. هَذَا هُوَ جَسَدِي».,"Ketika mereka sedang makan, Yesus mengambil roti. Dan, setelah memberkatinya, Yesus memecah-mecahkannya dan memberikannya kepada para murid serta berkata, “Ambillah dan makanlah, ini adalah tubuh-Ku.”","Pada waktu Isa dan para pengikut-Nya makan, Ia mengambil roti dan mengucap syukur atasnya. Kemudian, Ia memecah-mecahkan roti itu dan memberikannya kepada para pengikut-Nya sambil bersabda, “Ambil dan makanlah, inilah tubuh-Ku!”",
Matius,26,27,Matius 26:27,وَأَخَذَ ٱلْكَأْسَ وَشَكَرَ وَأَعْطَاهُمْ قَائِلًا: «ٱشْرَبُوا مِنْهَا كُلُّكُمْ،,"Kemudian, Dia mengambil cawan, mengucap syukur, dan memberikannya kepada mereka, kata-Nya, “Kamu semua, minumlah darinya.","Setelah itu, diambil-Nya sebuah cawan, lalu Ia mengucap syukur. Kemudian, Ia memberikannya kepada mereka sambil bersabda, “Minumlah kamu semua dari cawan ini,",
Matius,26,28,Matius 26:28,لِأَنَّ هَذَا هُوَ دَمِي ٱلَّذِي لِلْعَهْدِ ٱلْجَدِيدِ ٱلَّذِي يُسْفَكُ مِنْ أَجْلِ كَثِيرِينَ لِمَغْفِرَةِ ٱلْخَطَايَا.,"Sebab, ini adalah darah-Ku, darah perjanjian, yang ditumpahkan untuk banyak orang untuk pengampunan dosa-dosa.","karena inilah darah-Ku, darah perjanjian yang ditumpahkan bagi banyak orang untuk pengampunan dosa.",
Matius,26,29,Matius 26:29,وَأَقُولُ لَكُمْ: إِنِّي مِنَ ٱلْآنَ لَا أَشْرَبُ مِنْ نِتَاجِ ٱلْكَرْمَةِ هَذَا إِلَى ذَلِكَ ٱلْيَوْمِ حِينَمَا أَشْرَبُهُ مَعَكُمْ جَدِيدًا فِي مَلَكُوتِ أَبِي».,"Aku mengatakan kepadamu bahwa Aku tidak akan meminum hasil pohon anggur ini, dari sekarang sampai hari itu, ketika Aku meminum anggur yang baru bersama kamu dalam kerajaan Bapa-Ku.”",Aku juga berkata kepadamu bahwa Aku tidak akan minum air anggur ini lagi sampai pada hari Aku meminum yang baru bersama-sama dengan kamu dalam Kerajaan Bapa-Ku.”,
Matius,26,30,Matius 26:30,ثُمَّ سَبَّحُوا وَخَرَجُوا إِلَى جَبَلِ ٱلزَّيْتُونِ.,"Setelah menyanyikan sebuah pujian, mereka pergi ke bukit Zaitun.","Setelah Isa dan para pengikut-Nya menyanyikan nyanyian pujian, mereka pergi ke Bukit Zaitun.",
Matius,26,31,Matius 26:31,حِينَئِذٍ قَالَ لَهُمْ يَسُوعُ: «كُلُّكُمْ تَشُكُّونَ فِيَّ فِي هَذِهِ ٱللَّيْلَةِ، لِأَنَّهُ مَكْتُوبٌ: أَنِّي أَضْرِبُ ٱلرَّاعِيَ فَتَتَبَدَّدُ خِرَافُ ٱلرَّعِيَّةِ.,"Kemudian Yesus berkata kepada murid-murid-Nya, “Kamu semua akan tersandung karena Aku malam ini. Karena ada tertulis, ‘Aku akan memukul gembala, dan domba-domba dari kawanan itu akan tercerai-berai’. Zakharia 13:7","Kemudian, sabda Isa kepada mereka, “Malam ini kamu semua akan goyah imannya oleh apa yang akan terjadi atas diri-Ku karena telah tertulis, ‘Aku akan memukul Sang Gembala dan domba-domba dari kawanan itu akan tercerai-berai.’",
Matius,26,32,Matius 26:32,وَلَكِنْ بَعْدَ قِيَامِي أَسْبِقُكُمْ إِلَى ٱلْجَلِيلِ».,"Akan tetapi, sesudah Aku bangkit, Aku akan mendahului kamu ke Galilea.”","Tetapi, setelah Aku dibangkitkan, Aku akan mendahuluimu ke Galilea.”",
Matius,26,33,Matius 26:33,فَأَجَابَ بُطْرُسُ وَقَالَ لَهُ: «وَإِنْ شَكَّ فِيكَ ٱلْجَمِيعُ فَأَنَا لَا أَشُكُّ أَبَدًا».,"Petrus berkata, “Sekalipun semua tersandung karena-Mu, aku tidak akan pernah tersandung.”","Jawab Petrus kepada-Nya, “Meskipun mereka semua goyah imannya karena apa yang akan terjadi atas-Mu, ya Junjungan, aku sekali-kali tidak!”",
Matius,26,34,Matius 26:34,قَالَ لَهُ يَسُوعُ: «ٱلْحَقَّ أَقُولُ لَكَ: إِنَّكَ فِي هَذِهِ ٱللَّيْلَةِ قَبْلَ أَنْ يَصِيحَ دِيكٌ تُنْكِرُنِي ثَلَاثَ مَرَّاتٍ».,"Kata Yesus kepadanya, “Aku mengatakan yang sebenarnya kepadamu bahwa pada malam ini, sebelum ayam jantan berkokok, kamu akan menyangkal Aku tiga kali.”","Sabda Isa kepadanya, “Sesungguhnya, Aku berkata kepadamu, malam ini juga, sebelum ayam berkokok, engkau akan menyangkal Aku tiga kali.”",
Matius,26,35,Matius 26:35,قَالَ لَهُ بُطْرُسُ: «وَلَوِ ٱضْطُرِرْتُ أَنْ أَمُوتَ مَعَكَ لَا أُنْكِرُكَ!». هَكَذَا قَالَ أَيْضًا جَمِيعُ ٱلتَّلَامِيذِ.,"Petrus berkata kepada-Nya, “Sekalipun aku harus mati bersama-Mu, aku tidak akan menyangkal-Mu!” Semua murid yang lain juga mengatakan hal yang sama.","Tetapi, jawab Petrus kepada-Nya, “Sekalipun aku harus mati bersama-sama dengan-Mu, aku tidak akan menyangkal Engkau, ya Junjungan.” Begitu juga kata semua pengikut lainnya.",
Matius,26,36,Matius 26:36,حِينَئِذٍ جَاءَ مَعَهُمْ يَسُوعُ إِلَى ضَيْعَةٍ يُقَالُ لَهَا جَثْسَيْمَانِي، فَقَالَ لِلتَّلَامِيذِ: «ٱجْلِسُوا هَهُنَا حَتَّى أَمْضِيَ وَأُصَلِّيَ هُنَاكَ».,"Kemudian Yesus tiba bersama murid-murid-Nya di tempat yang bernama Getsemani dan Dia berkata kepada murid-murid-Nya, “Duduklah di sini, sementara Aku ke sana untuk berdoa.”","Isa dan para pengikut-Nya sampai di suatu tempat yang disebut Getsemani. Lalu, sabda-Nya kepada para pengikut-Nya, “Duduklah di sini sementara Aku pergi ke sana untuk berdoa.”",
Matius,26,37,Matius 26:37,ثُمَّ أَخَذَ مَعَهُ بُطْرُسَ وَٱبْنَيْ زَبْدِي، وَٱبْتَدَأَ يَحْزَنُ وَيَكْتَئِبُ.,"Dan, Dia membawa Petrus dan kedua anak Zebedeus bersama-Nya, dan Dia mulai berduka dan bersusah hati.","Kemudian, Isa mengajak Petrus dan kedua anak Zabdi. Ia mulai merasa sedih dan sangat gundah.",
Matius,26,38,Matius 26:38,فَقَالَ لَهُمْ: «نَفْسِي حَزِينَةٌ جِدًّا حَتَّى ٱلْمَوْتِ. اُمْكُثُوا هَهُنَا وَٱسْهَرُوا مَعِي».,"Kemudian, Dia berkata kepada mereka, “Hati-Ku sangat berduka, bahkan seperti mau mati rasanya. Tinggallah di sini dan tetaplah berjaga-jaga bersama-Ku.”","Lalu, sabda Isa kepada mereka, “Hati-Ku sangat sedih, seperti akan mati rasanya. Tinggallah di sini dan berjaga-jagalah bersama-sama dengan Aku.”",
Matius,26,39,Matius 26:39,ثُمَّ تَقَدَّمَ قَلِيلًا وَخَرَّ عَلَى وَجْهِهِ، وَكَانَ يُصَلِّي قَائِلًا: «يَا أَبَتَاهُ، إِنْ أَمْكَنَ فَلْتَعْبُرْ عَنِّي هَذِهِ ٱلْكَأْسُ، وَلَكِنْ لَيْسَ كَمَا أُرِيدُ أَنَا بَلْ كَمَا تُرِيدُ أَنْتَ».,"Dan, Dia sedikit menjauh, lalu sujud dengan wajah-Nya menyentuh tanah dan berdoa, kata-Nya, “Bapa-Ku, kalau mungkin, biarlah cawan ini berlalu dari-Ku. Akan tetapi, jangan seperti yang Aku kehendaki, melainkan seperti kehendak-Mu.”","Setelah maju sedikit ke depan, Ia sujud dan berdoa, “Ya Bapa-Ku, jika boleh, biarlah cawan minuman ini lalu dari-Ku. Meskipun demikian, janganlah terjadi menurut kehendak-Ku, melainkan menurut kehendak-Mu.”",
Matius,26,40,Matius 26:40,ثُمَّ جَاءَ إِلَى ٱلتَّلَامِيذِ فَوَجَدَهُمْ نِيَامًا، فَقَالَ لِبُطْرُسَ: «أَهَكَذَا مَا قَدَرْتُمْ أَنْ تَسْهَرُوا مَعِي سَاعَةً وَاحِدَةً؟,"Kemudian, Dia datang kepada murid-murid-Nya dan mendapati mereka sedang tidur. Lalu, Dia berkata kepada Petrus, “Jadi, kamu tidak sanggup berjaga-jaga bersama Aku selama 1 jam?","Ketika Ia kembali kepada ketiga pengikut-Nya, didapati-Nya mereka sedang tidur. Lalu, sabda-Nya kepada Petrus, “Bagaimana, tidak sanggupkah engkau berjaga-jaga dengan Aku selama satu jam saja?",
Matius,26,41,Matius 26:41,اِسْهَرُوا وَصَلُّوا لِئَلَّا تَدْخُلُوا فِي تَجْرِبَةٍ. أَمَّا ٱلرُّوحُ فَنَشِيطٌ وَأَمَّا ٱلْجَسَدُ فَضَعِيفٌ».,Berjaga-jaga dan berdoalah supaya kamu jangan jatuh ke dalam pencobaan. Roh memang penurut tetapi daging lemah.”,"Berjaga-jagalah dan berdoalah supaya kamu tidak terkena pencobaan karena ruh berkehendak baik, tetapi badan lemah.”",
Matius,26,42,Matius 26:42,فَمَضَى أَيْضًا ثَانِيَةً وَصَلَّى قَائِلًا: «يَا أَبَتَاهُ، إِنْ لَمْ يُمْكِنْ أَنْ تَعْبُرَ عَنِّي هَذِهِ ٱلْكَأْسُ إِلَّا أَنْ أَشْرَبَهَا، فَلْتَكُنْ مَشِيئَتُكَ».,"Yesus pergi lagi untuk kedua kalinya dan berdoa, kata-Nya, “Bapa-Ku, jika ini tidak dapat berlalu kecuali Aku meminumnya, kehendak-Mulah yang akan terjadi.”","Kemudian, Ia pergi lagi untuk kedua kalinya dan berdoa, “Ya Bapa-Ku, jika cawan ini tidak dapat lalu, kecuali Aku meminumnya, maka biarlah hal itu terjadi sesuai dengan kehendak-Mu.”",
Matius,26,43,Matius 26:43,ثُمَّ جَاءَ فَوَجَدَهُمْ أَيْضًا نِيَامًا، إِذْ كَانَتْ أَعْيُنُهُمْ ثَقِيلَةً.,"Sekali lagi, Dia datang dan mendapati mereka tidur karena mata mereka terasa berat.","Lalu, ketika Ia kembali lagi, didapati-Nya mereka sedang tidur karena mata mereka terasa berat.",
Matius,26,44,Matius 26:44,فَتَرَكَهُمْ وَمَضَى أَيْضًا وَصَلَّى ثَالِثَةً قَائِلًا ذَلِكَ ٱلْكَلَامَ بِعَيْنِهِ.,"Maka, Dia meninggalkan mereka, dan Dia pergi lagi, lalu berdoa untuk ketiga kalinya, mengucapkan kata-kata yang sama.","Ia pergi meninggalkan mereka, lalu kembali berdoa untuk ketiga kalinya dan mengucapkan kata-kata yang sama.",
Matius,26,45,Matius 26:45,ثُمَّ جَاءَ إِلَى تَلَامِيذِهِ وَقَالَ لَهُمْ: «نَامُوا ٱلْآنَ وَٱسْتَرِيحُوا! هُوَذَا ٱلسَّاعَةُ قَدِ ٱقْتَرَبَتْ، وَٱبْنُ ٱلْإِنْسَانِ يُسَلَّمُ إِلَى أَيْدِي ٱلْخُطَاةِ.,"Kemudian Yesus kembali kepada murid-murid dan berkata, “Tidurlah sekarang dan beristirahatlah. Lihat, waktunya makin dekat dan Anak Manusia diserahkan ke tangan orang-orang berdosa.","Sesudah itu, Ia kembali kepada ketiga pengikut-Nya dan bersabda, “Masih jugakah kamu tidur dan beristirahat? Lihat, sudah tiba waktunya Anak Manusia akan diserahkan ke tangan para pendosa.",
Matius,26,46,Matius 26:46,قُومُوا نَنْطَلِقْ! هُوَذَا ٱلَّذِي يُسَلِّمُنِي قَدِ ٱقْتَرَبَ!».,"Bangunlah, mari kita pergi. Lihat, orang yang menyerahkan Aku sudah dekat.”","Bangunlah, marilah kita pergi. Lihat, orang yang menyerahkan Aku sudah dekat.”",
Matius,26,47,Matius 26:47,وَفِيمَا هُوَ يَتَكَلَّمُ، إِذَا يَهُوذَا أَحَدُ ٱلِٱثْنَيْ عَشَرَ قَدْ جَاءَ وَمَعَهُ جَمْعٌ كَثِيرٌ بِسُيُوفٍ وَعِصِيٍّ مِنْ عِنْدِ رُؤَسَاءِ ٱلْكَهَنَةِ وَشُيُوخِ ٱلشَّعْبِ.,"Sementara Yesus masih berbicara, Yudas, satu dari kedua belas murid itu datang. Bersama-sama dengan dia, kerumunan besar orang banyak dari imam-imam kepala dan tua-tua bangsa itu, dengan pedang dan pentung.","Sementara Isa masih bersabda datanglah Yudas, salah seorang dari kedua belas pengikut-Nya. Ia datang disertai serombongan besar orang yang membawa pedang dan pentungan. Mereka adalah orang-orang suruhan dari imam-imam kepala dan para tua-tua bangsa itu.",
Matius,26,48,Matius 26:48,وَٱلَّذِي أَسْلَمَهُ أَعْطَاهُمْ عَلَامَةً قَائِلًا: «ٱلَّذِي أُقَبِّلُهُ هُوَ هُوَ. أَمْسِكُوهُ».,"Sekarang, ia yang menyerahkan Yesus memberi mereka tanda, katanya, “Siapa yang aku cium, itulah Dia, tangkaplah Dia.”","Orang yang menyerahkan Isa itu sudah menyiapkan tanda bagi orang-orang yang dibawanya, katanya, “Orang yang kusalami dengan ciuman, itulah Dia dan tangkaplah!”",
Matius,26,49,Matius 26:49,فَلِلْوَقْتِ تَقَدَّمَ إِلَى يَسُوعَ وَقَالَ: «ٱلسَّلَامُ يا سَيِّدِي!» وَقَبَّلَهُ.,"Yudas segera mendekat kepada Yesus dan berkata, “Salam, Rabi!” Dan, Yudas mencium-Nya.","Ia segera mendekati Isa dan menyapa-Nya, “Salam bagimu, ya Guru.” Lalu, diciumnya Isa.",
Matius,26,50,Matius 26:50,فَقَالَ لَهُ يَسُوعُ: «يَا صَاحِبُ، لِمَاذَا جِئْتَ؟». حِينَئِذٍ تَقَدَّمُوا وَأَلْقَوْا ٱلْأَيَادِيَ عَلَى يَسُوعَ وَأَمْسَكُوهُ.,"Yesus berkata kepadanya, “Teman, lakukanlah maksud kedatanganmu.” Kemudian orang banyak itu mendekat, meletakkan tangan pada Yesus, dan menangkap-Nya.","Sabda Isa kepadanya, “Hai sahabat, lakukanlah apa yang menjadi tujuanmu datang kemari.” Kemudian, majulah orang-orang itu memegang Isa dan menangkap-Nya.",
Matius,26,51,Matius 26:51,وَإِذَا وَاحِدٌ مِنَ ٱلَّذِينَ مَعَ يَسُوعَ مَدَّ يَدَهُ وَٱسْتَلَّ سَيْفَهُ وَضَرَبَ عَبْدَ رَئِيسِ ٱلْكَهَنَةِ، فَقَطَعَ أُذْنَهُ.,"Dan, lihat, satu dari mereka yang bersama Yesus mengulurkan tangannya, menarik pedangnya, dan menyerang hamba imam besar itu, dan memotong telinganya.","Tiba-tiba salah seorang dari orang-orang yang menyertai Isa mengulurkan tangannya, menghunus pedangnya, dan menyerang seorang hamba Imam Besar sampai salah satu telinganya putus.",
Matius,26,52,Matius 26:52,فَقَالَ لَهُ يَسُوعُ: «رُدَّ سَيْفَكَ إِلَى مَكَانِهِ. لِأَنَّ كُلَّ ٱلَّذِينَ يَأْخُذُونَ ٱلسَّيْفَ بِٱلسَّيْفِ يَهْلِكُونَ!,"Kemudian, Yesus berkata kepadanya, “Kembalikan pedangmu ke tempatnya karena semua yang menggunakan pedang akan binasa oleh pedang.","Lalu, sabda Isa kepada orang itu, “Sarungkanlah pedangmu karena semua orang yang mempergunakan pedang akan binasa oleh pedang juga.",
Matius,26,53,Matius 26:53,أَتَظُنُّ أَنِّي لَا أَسْتَطِيعُ ٱلْآنَ أَنْ أَطْلُبَ إِلَى أَبِي فَيُقَدِّمَ لِي أَكْثَرَ مِنِ ٱثْنَيْ عَشَرَ جَيْشًا مِنَ ٱلْمَلَائِكَةِ؟,"Atau, kamu pikir aku tidak mampu memohon kepada Bapa-Ku, dan Ia, sekarang juga, akan memberi-Ku lebih dua belas pasukan malaikat?",Apakah kausangka Aku tidak dapat meminta kepada Bapa-Ku supaya pada saat ini juga Ia mengirimkan kepada-Ku para malaikat-Nya lebih dari dua belas pasukan banyaknya?,
Matius,26,54,Matius 26:54,فَكَيْفَ تُكَمَّلُ ٱلْكُتُبُ: أَنَّهُ هَكَذَا يَنْبَغِي أَنْ يَكُونَ؟».,"Namun, bagaimana kemudian Kitab Suci akan digenapi yang mengatakan bahwa harus terjadi demikian?","Tetapi, kalau begitu, bagaimana mungkin akan digenapi apa yang telah tertulis dalam Kitab Suci yang mengatakan bahwa hal ini harus terjadi?”",
Matius,26,55,Matius 26:55,فِي تِلْكَ ٱلسَّاعَةِ قَالَ يَسُوعُ لِلْجُمُوعِ: «كَأَنَّهُ عَلَى لِصٍّ خَرَجْتُمْ بِسُيُوفٍ وَعِصِيٍّ لِتَأْخُذُونِي! كُلَّ يَوْمٍ كُنْتُ أَجْلِسُ مَعَكُمْ أُعَلِّمُ فِي ٱلْهَيْكَلِ وَلَمْ تُمْسِكُونِي.,"Pada waktu itu, Yesus berkata kepada orang banyak itu, “Apakah seperti melawan perampok kamu keluar dengan pedang dan pentung untuk menangkap Aku? Setiap hari, Aku duduk mengajar di Bait Allah dan kamu tidak menangkap Aku.","Saat itu juga bersabdalah Isa kepada orang banyak itu, “Mengapa kamu datang seperti hendak menangkap penyamun? Kamu membawa pedang dan pentungan untuk menangkap Aku, padahal setiap hari Aku duduk mengajar di Bait Allah, dan kamu tidak menangkap Aku.",
Matius,26,56,Matius 26:56,وَأَمَّا هَذَا كُلُّهُ فَقَدْ كَانَ لِكَيْ تُكَمَّلَ كُتُبُ ٱلْأَنْبِيَاءِ». حِينَئِذٍ تَرَكَهُ ٱلتَّلَامِيذُ كُلُّهُمْ وَهَرَبُوا.,"Akan tetapi, semua ini terjadi supaya kitab-kitab para nabi digenapi.” Kemudian, semua murid meninggalkan-Nya dan melarikan diri.","Tetapi, semua ini terjadi supaya genaplah apa yang telah dituliskan oleh para nabi.” Kemudian, semua pengikut-Nya melarikan diri, meninggalkan Dia.",
Matius,26,57,Matius 26:57,وَٱلَّذِينَ أَمْسَكُوا يَسُوعَ مَضَوْا بِهِ إِلَى قَيَافَا رَئِيسِ ٱلْكَهَنَةِ، حَيْثُ ٱجْتَمَعَ ٱلْكَتَبَةُ وَٱلشُّيُوخُ.,"Mereka yang menangkap Yesus membawa-Nya kepada Kayafas, sang Imam Besar, tempat para ahli Taurat dan para tua-tua berkumpul bersama.",Orang-orang yang menangkap Isa membawa Dia kepada Imam Besar Kayafas. Di situ telah berkumpul para ahli Kitab Suci Taurat dan para tua-tua.,
Matius,26,58,Matius 26:58,وَأَمَّا بُطْرُسُ فَتَبِعَهُ مِنْ بَعِيدٍ إِلَى دَارِ رَئِيسِ ٱلْكَهَنَةِ، فَدَخَلَ إِلَى دَاخِلٍ وَجَلَسَ بَيْنَ ٱلْخُدَّامِ لِيَنْظُرَ ٱلنِّهَايَةَ.,"Lalu, Petrus mengikuti Yesus dari kejauhan sampai ke halaman rumah imam besar. Dan, Petrus masuk, duduk bersama para pengawal untuk melihat kesudahannya.","Petrus mengikuti-Nya dari jauh sampai ke pelataran tempat Imam Besar itu. Setelah masuk, ia pun duduk di antara para pengawal untuk mengetahui kesudahannya.",
Matius,26,59,Matius 26:59,وَكَانَ رُؤَسَاءُ ٱلْكَهَنَةِ وَٱلشُّيُوخُ وَٱلْمَجْمَعُ كُلُّهُ يَطْلُبُونَ شَهَادَةَ زُورٍ عَلَى يَسُوعَ لِكَيْ يَقْتُلُوهُ،,"Sekarang, para imam kepala dan seluruh Sanhedrin mencari kesaksian palsu terhadap Yesus supaya mereka dapat menghukum mati Dia.",Para imam kepala dan seluruh anggota Mahkamah Agama mencari kesaksian palsu untuk mendakwa Isa dengan maksud supaya mereka dapat menjatuhkan hukuman mati atas diri-Nya.,
Matius,26,60,Matius 26:60,فَلَمْ يَجِدُوا. وَمَعَ أَنَّهُ جَاءَ شُهُودُ زُورٍ كَثِيرُونَ، لَمْ يَجِدُوا. وَلَكِنْ أَخِيرًا تَقَدَّمَ شَاهِدَا زُورٍ,"Akan tetapi, mereka tidak dapat menemukannya meskipun banyak saksi dusta yang datang. Kemudian, ada dua orang yang muncul,","Namun, satu pun tidak mereka dapatkan sekalipun banyak orang tampil dengan kesaksian-kesaksian mereka yang palsu. Kemudian, tampillah dua orang",
Matius,26,61,Matius 26:61,وَقَالَا: «هَذَا قَالَ: إِنِّي أَقْدِرُ أَنْ أَنْقُضَ هَيْكَلَ ٱللهِ، وَفِي ثَلَاثَةِ أَيَّامٍ أَبْنِيهِ».,"dan berkata, “Orang ini berkata, ‘Aku mampu merobohkan Bait Allah dan membangunnya kembali dalam tiga hari.’”","yang berkata, “Orang ini pernah berkata, ‘Aku dapat meruntuhkan Bait Allah dan membangunnya kembali dalam tiga hari.’”",
Matius,26,62,Matius 26:62,فَقَامَ رَئِيسُ ٱلْكَهَنَةِ وَقَالَ لَهُ: «أَمَا تُجِيبُ بِشَيْءٍ؟ مَاذَا يَشْهَدُ بِهِ هَذَانِ عَلَيْكَ؟».,"Kemudian, Imam Besar berdiri dan berkata kepada Yesus, “Apakah Engkau tidak punya jawaban? Apa yang orang-orang ini saksikan terhadap-Mu?”","Kemudian, berdirilah Imam Besar itu dan berkata kepada-Nya, “Tidak maukah Engkau menjawab satu saja dari semua yang mereka tuduhkan kepada-Mu?”",
Matius,26,63,Matius 26:63,وَأَمَّا يَسُوعُ فَكَانَ سَاكِتًا. فَأَجَابَ رَئِيسُ ٱلْكَهَنَةِ وَقَالَ لَهُ: «أَسْتَحْلِفُكَ بِٱللهِ ٱلْحَيِّ أَنْ تَقُولَ لَنَا: هَلْ أَنْتَ ٱلْمَسِيحُ ٱبْنُ ٱللهِ؟».,"Namun, Yesus tetap diam. Dan, Imam Besar itu berkata kepada Yesus, “Aku menyumpahi-Mu demi Allah yang hidup agar Engkau mengatakan kepada kami, apakah Engkau adalah Mesias, Anak Allah?”","Tetapi, Isa diam saja. Lalu, kata Imam Besar itu kepada-Nya, “Demi Tuhan yang hidup, katakanlah kepada kami, benarkah Engkau Al-Masih, Sang Anak yang datang dari Allah?”",
Matius,26,64,Matius 26:64,قَالَ لَهُ يَسُوعُ: «أَنْتَ قُلْتَ! وَأَيْضًا أَقُولُ لَكُمْ: مِنَ ٱلْآنَ تُبْصِرُونَ ٱبْنَ ٱلْإِنْسَانِ جَالِسًا عَنْ يَمِينِ ٱلْقُوَّةِ، وَآتِيًا عَلَى سَحَابِ ٱلسَّمَاءِ».,"Yesus berkata kepadanya, “Kamu telah mengatakannya sendiri. Akan tetapi, Aku mengatakan kepadamu bahwa mulai dari sekarang kamu akan melihat Anak Manusia duduk di sebelah kanan Yang Mahakuasa, dan datang di atas awan-awan di langit.”","Sabda Isa kepadanya, “Engkau sudah mengatakannya. Aku berkata kepadamu bahwa mulai saat ini kamu semua akan melihat Anak Manusia duduk di sebelah kanan Yang Mahakuasa dan datang di atas awan-awan di langit.”",
Matius,26,65,Matius 26:65,فَمَزَّقَ رَئِيسُ ٱلْكَهَنَةِ حِينَئِذٍ ثِيَابَهُ قَائِلًا: «قَدْ جَدَّفَ! مَا حَاجَتُنَا بَعْدُ إِلَى شُهُودٍ؟ هَا قَدْ سَمِعْتُمْ تَجْدِيفَهُ!,"Kemudian, Imam Besar merobek pakaiannya dan berkata, “Dia sudah menghujat! Apakah lagi perlunya para saksi? Lihat, sekarang kamu sudah mendengar hujatan-Nya.","Lalu, Imam Besar itu mengoyakkan pakaiannya dan berkata, “Ia menghujah Allah! Perlukah ada kesaksian lagi? Sekarang kamu semua sudah mendengar hujahan-Nya.",
Matius,26,66,Matius 26:66,مَاذَا تَرَوْنَ؟». فَأَجَابُوا وَقَالُوا: «إِنَّهُ مُسْتَوْجِبُ ٱلْمَوْتِ».,"Bagaimana pendapatmu?” Para pemimpin Yahudi itu menjawab, “Ia pantas dihukum mati.”","Bagaimana pendapatmu?” Kata mereka, “Ia patut dihukum mati!”",
Matius,26,67,Matius 26:67,حِينَئِذٍ بَصَقُوا فِي وَجْهِهِ وَلَكَمُوهُ، وَآخَرُونَ لَطَمُوهُ,"Kemudian, mereka meludahi muka-Nya dan meninju-Nya. Dan, yang lain menampar-Nya.","Kemudian, mereka meludahi muka-Nya dan memukul-Nya. Ada juga yang menampar-Nya",
Matius,26,68,Matius 26:68,قَائِلِينَ: «تَنَبَّأْ لَنَا أَيُّهَا ٱلْمَسِيحُ، مَنْ ضَرَبَكَ؟».,"Mereka berkata, “Bernubuatlah terhadap kami, hai Mesias; siapakah yang memukul Engkau?”","seraya berkata, “Katakanlah kepada kami, hai Al-Masih, siapa yang memukul Engkau?”",
Matius,26,69,Matius 26:69,أَمَّا بُطْرُسُ فَكَانَ جَالِسًا خَارِجًا فِي ٱلدَّارِ، فَجَاءَتْ إِلَيْهِ جَارِيَةٌ قَائِلَةً: «وَأَنْتَ كُنْتَ مَعَ يَسُوعَ ٱلْجَلِيلِيِّ!».,"Sekarang, Petrus duduk di luar halaman dan seorang pelayan perempuan datang kepadanya dan berkata, “Kamu juga bersama dengan Yesus, Orang Galilea itu.”","Sementara itu, Petrus duduk di luar, di pelataran. Kemudian, datanglah seorang hamba perempuan kepadanya dan berkata, “Engkau juga orang yang selalu bersama-sama dengan Isa, orang Galilea itu.”",
Matius,26,70,Matius 26:70,فَأَنْكَرَ قُدَّامَ ٱلْجَمِيعِ قَائِلًا: «لَسْتُ أَدْرِي مَا تَقُولِينَ!».,"Namun, Petrus menyangkalnya di depan mereka semua, katanya, “Aku tidak tahu apa yang kamu bicarakan.”","Tetapi, di hadapan semua orang yang ada di situ ia menyangkal, “Aku tidak tahu apa yang kaumaksudkan.”",
Matius,26,71,Matius 26:71,ثُمَّ إِذْ خَرَجَ إِلَى ٱلدِّهْلِيزِ رَأَتْهُ أُخْرَى، فَقَالَتْ لِلَّذِينَ هُنَاكَ: «وَهَذَا كَانَ مَعَ يَسُوعَ ٱلنَّاصِرِيِّ!».,"Ketika Petrus keluar ke pintu gerbang, pelayan perempuan yang lainnya melihat dia dan berkata kepada orang-orang yang ada di sana, “Orang ini bersama-sama dengan Yesus dari Nazaret itu.”","Kemudian, pergilah Petrus ke serambi. Di sini pun seorang hamba perempuan lainnya melihat dia, lalu kata perempuan itu kepada orang-orang yang ada di situ, “Orang ini selalu bersama-sama dengan Isa, orang Nazaret itu.”",
Matius,26,72,Matius 26:72,فَأَنْكَرَ أَيْضًا بِقَسَمٍ: «إِنِّي لَسْتُ أَعْرِفُ ٱلرَّجُلَ!».,"Dan, sekali lagi Petrus menyangkalnya dengan sumpah, “Aku tidak mengenal Orang itu.”","Petrus pun kembali menyangkal sambil bersumpah, “Aku tidak kenal orang itu!”",
Matius,26,73,Matius 26:73,وَبَعْدَ قَلِيلٍ جَاءَ ٱلْقِيَامُ وَقَالُوا لِبُطْرُسَ: «حَقًّا أَنْتَ أَيْضًا مِنْهُمْ، فَإِنَّ لُغَتَكَ تُظْهِرُكَ!».,"Tidak lama kemudian, orang-orang yang berdiri di situ mendekati Petrus dan berkata, “Pasti kamu juga adalah salah satu dari mereka karena logatmu membuatmu jelas.”","Sesaat kemudian, beberapa orang yang berdiri di situ mendekatinya dan berkata, “Engkau pasti salah seorang dari antara mereka karena dialek bahasamu sama.”",
Matius,26,74,Matius 26:74,فَٱبْتَدَأَ حِينَئِذٍ يَلْعَنُ وَيَحْلِفُ: «إِنِّي لَا أَعْرِفُ ٱلرَّجُلَ!». وَلِلْوَقْتِ صَاحَ ٱلدِّيكُ.,"Kemudian, Petrus mulai mengutuk dan bersumpah, katanya, “Aku tidak mengenal Orang itu.” Dan, tiba-tiba, ayam jantan berkokok.","Petrus pun mulai mengucapkan kutuk dan sumpah, “Aku tidak kenal orang itu!” Segera setelah ia berkata begitu, berkokoklah ayam.",
Matius,26,75,Matius 26:75,فَتَذَكَّرَ بُطْرُسُ كَلَامَ يَسُوعَ ٱلَّذِي قَالَ لَهُ: «إِنَّكَ قَبْلَ أَنْ يَصِيحَ ٱلدِّيكُ تُنْكِرُنِي ثَلَاثَ مَرَّاتٍ». فَخَرَجَ إِلَى خَارِجٍ وَبَكَى بُكَاءً مُرًّا.,"Lalu, Petrus teringat akan perkataan Yesus, “Sebelum ayam jantan berkokok, kamu akan menyangkali Aku tiga kali.” Kemudian, Petrus keluar dan menangis dengan sangat sedih.","Lalu, teringatlah Petrus pada sabda yang telah disampaikan Isa kepadanya, “Sebelum ayam berkokok, engkau akan menyangkali Aku tiga kali.” Akhirnya Petrus pun pergi dari situ sambil menangis tersedu-sedu.",
Matius,27,1,Matius 27:1,وَلَمَّا كَانَ ٱلصَّبَاحُ تَشَاوَرَ جَمِيعُ رُؤَسَاءِ ٱلْكَهَنَةِ وَشُيُوخُ ٱلشَّعْبِ عَلَى يَسُوعَ حَتَّى يَقْتُلُوهُ،,"Sekarang, ketika pagi datang, semua imam kepala dan para tua-tua bangsa itu mengambil keputusan bersama mengenai Yesus untuk menghukum mati Dia.","Pada waktu hari mulai siang, berembuklah semua imam kepala dan tua-tua bangsa itu mengenai Isa, tentang bagaimana cara untuk dapat menjatuhkan hukuman mati atas diri-Nya.",
Matius,27,2,Matius 27:2,فَأَوْثَقُوهُ وَمَضَوْا بِهِ وَدَفَعُوهُ إِلَى بِيلَاطُسَ ٱلْبُنْطِيِّ ٱلْوَالِي.,"Dan, mereka mengikat Yesus, lalu membawa dan menyerahkan-Nya kepada Gubernur Pilatus.","Mereka mengikat Dia, lalu membawa-Nya dan menyerahkan-Nya kepada Pilatus, penguasa setempat.",
Matius,27,3,Matius 27:3,حِينَئِذٍ لَمَّا رَأَى يَهُوذَا ٱلَّذِي أَسْلَمَهُ أَنَّهُ قَدْ دِينَ، نَدِمَ وَرَدَّ ٱلثَّلَاثِينَ مِنَ ٱلْفِضَّةِ إِلَى رُؤَسَاءِ ٱلْكَهَنَةِ وَٱلشُّيُوخِ,"Ketika Yudas, yang menyerahkan Yesus, melihat bahwa Yesus dijatuhi hukuman, ia merasa menyesal dan mengembalikan 30 keping perak kepada imam-imam kepala dan para tua-tua,","Ketika Yudas, yang menyerahkan Isa itu, tahu bahwa Isa telah dijatuhi hukuman mati, ia sangat menyesal. Dikembalikannya tiga puluh keping uang perak itu kepada imam-imam kepala dan para tua-tua,",
Matius,27,4,Matius 27:4,قَائِلًا: «قَدْ أَخْطَأْتُ إِذْ سَلَّمْتُ دَمًا بَرِيئًا». فَقَالُوا: «مَاذَا عَلَيْنَا؟ أَنْتَ أَبْصِرْ!».,"katanya, “Aku telah berdosa karena menyerahkan darah yang tidak bersalah.” Akan tetapi, mereka berkata, “Apa urusannya dengan kami? Itu urusanmu!”","katanya, “Aku telah berdosa sebab aku telah menyerahkan darah orang yang tidak bersalah.” Tetapi, jawab mereka, “Peduli apa kami? Itu urusanmu!”",
Matius,27,5,Matius 27:5,فَطَرَحَ ٱلْفِضَّةَ فِي ٱلْهَيْكَلِ وَٱنْصَرَفَ، ثُمَّ مَضَى وَخَنَقَ نَفْسَهُ.,"Dan, Yudas melemparkan keping-keping perak itu ke dalam Bait Allah dan meninggalkannya. Lalu, ia pergi dan menggantung dirinya.","Ia pun mencampakkan uang perak itu ke dalam Bait Allah, lalu pergi menggantung dirinya.",
Matius,27,6,Matius 27:6,فَأَخَذَ رُؤَسَاءُ ٱلْكَهَنَةِ ٱلْفِضَّةَ وَقَالُوا: «لَا يَحِلُّ أَنْ نُلْقِيَهَا فِي ٱلْخِزَانَةِ لِأَنَّهَا ثَمَنُ دَمٍ».,"Akan tetapi, imam-imam kepala mengambil keping-keping perak itu dan berkata, “Tidak dibenarkan untuk menyimpannya dalam perbendaharaan karena ini adalah harga darah.”","Selanjutnya, imam-imam kepala mengambil uang itu dan berkata, “Haram hukumnya jika uang ini dimasukkan ke dalam peti persembahan karena uang ini adalah uang darah.”",
Matius,27,7,Matius 27:7,فَتَشَاوَرُوا وَٱشْتَرَوْا بِهَا حَقْلَ ٱلْفَخَّارِيِّ مَقْبَرَةً لِلْغُرَبَاءِ.,"Maka, mereka mengambil keputusan bersama dan dengan uang itu, mereka membeli tanah tukang periuk sebagai tempat pekuburan untuk orang-orang asing.","Setelah mereka berembuk, uang itu mereka pergunakan untuk membeli tanah tukang periuk yang kemudian dijadikan tempat pemakaman bagi orang asing.",
Matius,27,8,Matius 27:8,لِهَذَا سُمِّيَ ذَلِكَ ٱلْحَقْلُ «حَقْلَ ٱلدَّمِ» إِلَى هَذَا ٱلْيَوْمِ.,"Itulah sebabnya, tanah itu disebut ‘Tanah Darah’ sampai hari ini.","Itulah sebabnya, sampai hari ini tanah itu disebut Tanah Darah.",
Matius,27,9,Matius 27:9,حِينَئِذٍ تَمَّ مَا قِيلَ بِإِرْمِيَا ٱلنَّبِيِّ ٱلْقَائِلِ: «وَأَخَذُوا ٱلثَّلَاثِينَ مِنَ ٱلْفِضَّةِ، ثَمَنَ ٱلْمُثَمَّنِ ٱلَّذِي ثَمَّنُوهُ مِنْ بَنِي إِسْرَائِيلَ،,"Dengan demikian, genaplah apa yang dikatakan Nabi Yeremia:","Dengan demikian, genaplah apa yang telah disampaikan oleh Nabi Yeremia, “Mereka mengambil tiga puluh keping uang perak itu, yaitu harga yang ditetapkan oleh orang-orang Israil bagi-Nya,",
Matius,27,10,Matius 27:10,وَأَعْطَوْهَا عَنْ حَقْلِ ٱلْفَخَّارِيِّ، كَمَا أَمَرَنِي ٱلرَّبُّ».,"Mereka menggunakannya untuk membeli tanah tukang periuk, seperti yang telah Tuhan perintahkan kepadaku.”","lalu mereka gunakan untuk membayar tanah tukang periuk, seperti telah diperintahkan Tuhan kepadaku.”",
Matius,27,11,Matius 27:11,فَوَقَفَ يَسُوعُ أَمَامَ ٱلْوَالِي. فَسَأَلَهُ ٱلْوَالِي قَائِلًا: «أَأَنْتَ مَلِكُ ٱلْيَهُودِ؟». فَقَالَ لَهُ يَسُوعُ: «أَنْتَ تَقُولُ».,"Sekarang, Yesus berdiri di hadapan Gubernur dan Gubernur bertanya kepada-Nya, “Apakah Engkau Raja orang Yahudi?” Jawab Yesus, “Ya, seperti yang kamu katakan.”","Pada waktu Isa diperhadapkan pada Pilatus, penguasa setempat, bertanyalah Pilatus kepada-Nya, “Engkaukah raja bani Israil?” Sabda Isa, “Engkau mengatakannya.”",
Matius,27,12,Matius 27:12,وَبَيْنَمَا كَانَ رُؤَسَاءُ ٱلْكَهَنَةِ وَٱلشُّيُوخُ يَشْتَكُونَ عَلَيْهِ لَمْ يُجِبْ بِشَيْءٍ.,"Akan tetapi, ketika Ia dituduh oleh imam-imam kepala dan para tua-tua, Ia tidak menjawab apa pun.","Tetapi, ketika imam-imam kepala dan para tua-tua melemparkan tuduhan kepada Isa, tidak ada satu pun yang dijawab-Nya.",
Matius,27,13,Matius 27:13,فَقَالَ لَهُ بِيلَاطُسُ: «أَمَا تَسْمَعُ كَمْ يَشْهَدُونَ عَلَيْكَ؟».,"Kemudian, Pilatus berkata kepada-Nya, “Apakah Engkau tidak mendengar betapa banyaknya mereka menuduh Engkau?”","Lalu, kata Pilatus kepada-Nya, “Tidakkah Kaudengar betapa banyaknya perkara yang mereka tuduhkan kepada-Mu?”",
Matius,27,14,Matius 27:14,فَلَمْ يُجِبْهُ وَلَا عَنْ كَلِمَةٍ وَاحِدَةٍ، حَتَّى تَعَجَّبَ ٱلْوَالِي جِدًّا.,"Namun, Yesus tidak menjawab Pilatus, bahkan untuk satu tuduhan pun sehingga Gubernur itu sangat heran.","Tetapi, Isa tidak memberi jawab sepatah kata pun kepada Pilatus sehingga penguasa setempat itu merasa heran.",
Matius,27,15,Matius 27:15,وَكَانَ ٱلْوَالِي مُعْتَادًا فِي ٱلْعِيدِ أَنْ يُطْلِقَ لِلْجَمْعِ أَسِيرًا وَاحِدًا، مَنْ أَرَادُوهُ.,"Sekarang, pada setiap hari raya, Gubernur biasa membebaskan bagi orang banyak, seorang tahanan yang dikehendaki oleh mereka.","Sudah menjadi kebiasaan bahwa pada hari raya Paskah, penguasa setempat membebaskan bagi orang banyak seorang yang dipenjarakan.",
Matius,27,16,Matius 27:16,وَكَانَ لَهُمْ حِينَئِذٍ أَسِيرٌ مَشْهُورٌ يُسَمَّى بَارَابَاسَ.,"Pada waktu itu, mereka mempunyai seorang tahanan yang terkenal, yang disebut Barabas.",Pada waktu itu di dalam penjara ada seorang terhukum yang sangat terkenal kejahatannya. Orang itu bernama Barabas.,
Matius,27,17,Matius 27:17,فَفِيمَا هُمْ مُجْتَمِعُونَ قَالَ لَهُمْ بِيلَاطُسُ: «مَنْ تُرِيدُونَ أَنْ أُطْلِقَ لَكُمْ؟ بَارَابَاسَ أَمْ يَسُوعَ ٱلَّذِي يُدْعَى ٱلْمَسِيحَ؟».,"Jadi, ketika orang banyak berkumpul, Pilatus bertanya kepada mereka, “Siapa yang kamu inginkan untuk kubebaskan, Barabas atau Yesus, yang disebut Kristus?”","Oleh sebab itu, ketika semua orang sudah berkumpul, berkatalah Pilatus kepada mereka, “Siapa yang kamu pilih untuk kubebaskan, Barabaskah atau Isa yang disebut Al-Masih ini?”",
Matius,27,18,Matius 27:18,لِأَنَّهُ عَلِمَ أَنَّهُمْ أَسْلَمُوهُ حَسَدًا.,"Sebab, Pilatus tahu bahwa karena iri, mereka telah menyerahkan Yesus kepadanya.",Sebab Pilatus tahu bahwa mereka menyerahkan Isa karena rasa dengki.,
Matius,27,19,Matius 27:19,وَإِذْ كَانَ جَالِسًا عَلَى كُرْسِيِّ ٱلْوِلَايَةِ أَرْسَلَتْ إِلَيْهِ ٱمْرَأَتُهُ قَائِلَةً: «إِيَّاكَ وَذَلِكَ ٱلْبَارَّ، لِأَنِّي تَأَلَّمْتُ ٱلْيَوْمَ كَثِيرًا فِي حُلْمٍ مِنْ أَجْلِهِ».,"Ketika Pilatus sedang duduk di kursi pengadilan, istrinya mengirim pesan kepadanya, “Jangan lakukan apa pun terhadap Orang benar itu. Sebab, aku telah menderita banyak hal hari ini dalam mimpi karena Dia.”","Sementara ia duduk di kursi pengadilan, datanglah pesuruh istrinya kepadanya dengan pesan, “Janganlah kaucampuri perkara orang benar itu! Sebab karena Dia, aku sangat menderita dalam mimpiku tadi malam.”",
Matius,27,20,Matius 27:20,وَلَكِنَّ رُؤَسَاءَ ٱلْكَهَنَةِ وَٱلشُّيُوخَ حَرَّضُوا ٱلْجُمُوعَ عَلَى أَنْ يَطْلُبُوا بَارَابَاسَ وَيُهْلِكُوا يَسُوعَ.,"Akan tetapi, imam-imam kepala dan para tua-tua meyakinkan orang banyak untuk meminta Barabas dan membunuh Yesus.","Akan tetapi, imam-imam kepala dan para tua-tua menghasut orang banyak agar mereka meminta supaya Barabas dibebaskan dan Isa dihukum mati.",
Matius,27,21,Matius 27:21,فَأجَابَ ٱلْوَالِي وَقَالَ لَهُمْ: «مَنْ مِنْ ٱلِٱثْنَيْنِ تُرِيدُونَ أَنْ أُطْلِقَ لَكُمْ؟». فَقَالُوا: «بَارَابَاسَ!».,"Gubernur bertanya kepada mereka, “Yang mana dari kedua orang itu yang kamu kehendaki untuk aku bebaskan bagimu? Dan, mereka berkata, “Barabas!”","Itulah sebabnya, ketika penguasa setempat bertanya kepada mereka, “Dari kedua orang ini, mana yang kamu pilih supaya kubebaskan bagimu?” Mereka berkata, “Barabas!”",
Matius,27,22,Matius 27:22,قَالَ لَهُمْ بِيلَاطُسُ: «فَمَاذَا أَفْعَلُ بِيَسُوعَ ٱلَّذِي يُدْعَى ٱلْمَسِيحَ؟». قَالَ لَهُ ٱلْجَمِيعُ: «لِيُصْلَبْ!».,"Pilatus berkata kepada mereka, “Kalau begitu, apa yang harus kulakukan dengan Yesus, yang disebut Kristus?” Mereka semua berkata, “Salibkan Dia!”","Lalu, kata Pilatus kepada mereka, “Kalau begitu, apa yang harus kuperbuat terhadap Isa yang disebut Al-Masih ini?” Jawab mereka semua, “Salibkan Dia!”",
Matius,27,23,Matius 27:23,فَقَالَ ٱلْوَالِي: «وَأَيَّ شَرٍّ عَمِلَ؟». فَكَانُوا يَزْدَادُونَ صُرَاخًا قَائِلِينَ: «لِيُصْلَبْ!».,"Dan, Pilatus bertanya, “Mengapa? Dia telah melakukan kejahatan apa?” Akan tetapi, mereka berteriak lebih keras lagi, “Salibkan Dia!”","Kata Pilatus, “Kejahatan apa yang telah dilakukan-Nya?” Tetapi, mereka malah semakin keras berteriak, “Salibkan Dia!”",
Matius,27,24,Matius 27:24,فَلَمَّا رَأَى بِيلَاطُسُ أَنَّهُ لَا يَنْفَعُ شَيْئًا، بَلْ بِٱلْحَرِيِّ يَحْدُثُ شَغَبٌ، أَخَذَ مَاءً وَغَسَلَ يَدَيْهِ قُدَّامَ ٱلْجَمْعِ قَائِلًا: «إِنِّي بَرِيءٌ مِنْ دَمِ هَذَا ٱلْبَارِّ! أَبْصِرُوا أَنْتُمْ!».,"Ketika Pilatus melihat bahwa ia tidak menyelesaikan apa pun, malah kerusuhan mulai terjadi, ia mengambil air dan mencuci tangannya di depan orang banyak itu dan berkata, “Aku tidak bersalah atas darah Orang ini. Itu urusanmu sendiri!”","Ketika Pilatus melihat bahwa semua usahanya tidak lagi berguna, malah membuat semakin gempar, ia mengambil air, membasuh tangannya di hadapan orang banyak itu dan berkata, “Aku tidak bersalah atas darah orang ini! Kamu semualah yang menanggungnya!”",
Matius,27,25,Matius 27:25,فَأَجَابَ جَمِيعُ ٱلشَّعْبِ وَقَالُوا: «دَمُهُ عَلَيْنَا وَعَلَى أَوْلَادِنَا».,"Dan, semua orang itu menjawab, “Darah-Nya ada atas kami dan anak-anak kami!”","Kemudian, semua orang yang ada di situ menjawab, “Darah-Nya adalah tanggungan kami dan anak-anak kami!”",
Matius,27,26,Matius 27:26,حِينَئِذٍ أَطْلَقَ لَهُمْ بَارَابَاسَ، وَأَمَّا يَسُوعُ فَجَلَدَهُ وَأَسْلَمَهُ لِيُصْلَبَ.,"Kemudian, Pilatus membebaskan Barabas bagi mereka dan setelah mencambuki Yesus, Pilatus menyerahkan Dia untuk disalibkan.","Kemudian, dibebaskannya Barabas bagi mereka, tetapi Isa disesah dan diserahkannya untuk disalibkan.",
Matius,27,27,Matius 27:27,فَأَخَذَ عَسْكَرُ ٱلْوَالِي يَسُوعَ إِلَى دَارِ ٱلْوِلَايَةِ وَجَمَعُوا عَلَيْهِ كُلَّ ٱلْكَتِيبَةِ،,"Kemudian, para tentara gubernur membawa Yesus ke markas kediaman gubernur dan mengumpulkan seluruh pasukan Romawi mengelilingi Dia.","Setelah itu, para prajurit dari penguasa setempat membawa Isa ke markas, lalu seluruh pasukan itu berkumpul mengelilingi-Nya.",
Matius,27,28,Matius 27:28,فَعَرَّوْهُ وَأَلْبَسُوهُ رِدَاءً قِرْمِزِيًّا،,Mereka menanggalkan pakaian Yesus dan memakaikan jubah ungu kepada-Nya.,"Mereka membuka pakaian Isa, lalu mengenakan kepada-Nya jubah berwarna ungu.",
Matius,27,29,Matius 27:29,وَضَفَرُوا إِكْلِيلًا مِنْ شَوْكٍ وَوَضَعُوهُ عَلَى رَأْسِهِ، وَقَصَبَةً فِي يَمِينِهِ. وَكَانُوا يَجْثُونَ قُدَّامَهُ وَيَسْتَهْزِئُونَ بِهِ قَائِلِينَ: «ٱلسَّلَامُ يا مَلِكَ ٱلْيَهُودِ!».,"Dan, sesudah menganyam sebuah mahkota berduri, mereka memakaikannya di kepala Yesus, sebatang buluh pada tangan kanan-Nya, dan bersujud di hadapan-Nya, dan mengejek Dia, kata mereka, “Salam, Raja orang Yahudi!”","Kemudian, mereka menganyam sebuah mahkota dari duri dan memasangkannya di kepala Isa. Setelah itu, mereka memberikan sebatang buluh pada tangan kanan-Nya. Lalu, mereka sujud di hadapan-Nya dan mengolok-olok Dia dengan berkata, “Daulat, hai raja bani Israil!”",
Matius,27,30,Matius 27:30,وَبَصَقُوا عَلَيْهِ، وَأَخَذُوا ٱلْقَصَبَةَ وَضَرَبُوهُ عَلَى رَأْسِهِ.,"Mereka meludahi-Nya, mengambil buluh itu, lalu memukulkannya ke kepala-Nya.","Mereka pun meludahi-Nya, mengambil buluh yang dipegang-Nya, lalu memukulkannya ke kepala-Nya.",
Matius,27,31,Matius 27:31,وَبَعْدَ مَا ٱسْتَهْزَأُوا بِهِ، نَزَعُوا عَنْهُ ٱلرِّدَاءَ وَأَلْبَسُوهُ ثِيَابَهُ، وَمَضَوْا بِهِ لِلصَّلْبِ.,"Setelah mereka mengejek Dia, mereka melepaskan jubah ungu itu dari Yesus, dan memakaikan kembali pakaian-Nya sendiri, dan membawa-Nya pergi untuk menyalibkan-Nya.","Setelah mengolok-olok Dia, mereka menanggalkan jubah ungu itu dan memakaikan kembali pakaian-Nya, lalu membawa-Nya pergi untuk disalibkan.",
Matius,27,32,Matius 27:32,وَفِيمَا هُمْ خَارِجُونَ وَجَدُوا إِنْسَانًا قَيْرَوَانِيًّا ٱسْمُهُ سِمْعَانُ، فَسَخَّرُوهُ لِيَحْمِلَ صَلِيبَهُ.,"Ketika para tentara itu keluar, mereka menjumpai seorang laki-laki dari Kirene yang bernama Simon. Mereka memaksa Simon untuk memikul salib Yesus.","Sementara mereka berjalan ke luar kota, mereka bertemu dengan seorang Kirene bernama Simon. Kemudian, mereka memaksanya untuk memikul kayu salib Isa.",
Matius,27,33,Matius 27:33,وَلَمَّا أَتَوْا إِلَى مَوْضِعٍ يُقَالُ لَهُ جُلْجُثَةُ، وَهُوَ ٱلْمُسَمَّى «مَوْضِعَ ٱلْجُمْجُمَةِ»,"Dan, ketika mereka tiba di sebuah tempat yang bernama Golgota, yang berarti “Tempat Tengkorak”,","Sampailah mereka ke tempat yang bernama Golgota, artinya Tempat Tengkorak.",
Matius,27,34,Matius 27:34,أَعْطَوْهُ خَلًّا مَمْزُوجًا بِمَرَارَةٍ لِيَشْرَبَ. وَلَمَّا ذَاقَ لَمْ يُرِدْ أَنْ يَشْرَبَ.,"mereka memberi-Nya anggur untuk diminum yang dicampur dengan empedu, dan setelah mencecapnya, Dia tidak mau meminumnya.","Lalu, mereka memberi Isa air anggur yang dicampur dengan empedu. Setelah anggur itu dikecap-Nya, Ia tidak mau meminumnya.",
Matius,27,35,Matius 27:35,وَلَمَّا صَلَبُوهُ ٱقْتَسَمُوا ثِيَابَهُ مُقْتَرِعِينَ عَلَيْهَا، لِكَيْ يَتِمَّ مَا قِيلَ بِٱلنَّبِيِّ: «ٱقْتَسَمُوا ثِيَابِي بَيْنَهُمْ، وَعَلَى لِبَاسِي أَلْقَوْا قُرْعَةً».,"Ketika mereka menyalibkan Yesus, mereka membagi-bagikan pakaian-Nya di antara mereka dengan membuang undi.","Setelah Isa disalibkan, mereka membagi-bagi pakaian-Nya dengan cara melempar undi.",
Matius,27,36,Matius 27:36,ثُمَّ جَلَسُوا يَحْرُسُونَهُ هُنَاكَ.,"Kemudian, mereka duduk dan mengawasi-Nya di situ.","Lalu, mereka duduk di situ untuk menjaga-Nya.",
Matius,27,37,Matius 27:37,وَجَعَلُوا فَوْقَ رَأْسِهِ عِلَّتَهُ مَكْتُوبَةً: «هَذَا هُوَ يَسُوعُ مَلِكُ ٱلْيَهُودِ».,"Dan, di atas kepala-Nya, mereka memasang tuduhan terhadap-Nya, “INILAH YESUS, RAJA ORANG YAHUDI.”","Di sebelah atas dekat kepala-Nya dilekatkan tulisan berisi tuduhan, “Inilah Isa, Raja bani Israil.”",
Matius,27,38,Matius 27:38,حِينَئِذٍ صُلِبَ مَعَهُ لِصَّانِ، وَاحِدٌ عَنِ ٱلْيَمِينِ وَوَاحِدٌ عَنِ ٱلْيَسَارِ.,"Pada saat itu, ada dua orang penjahat yang disalibkan bersama dengan Yesus. Satu di sebelah kanan dan yang satu di sebelah kiri.","Pada waktu itu ada dua orang penyamun yang disalibkan bersama-sama dengan Isa, yang seorang di sebelah kanan-Nya dan yang seorang lagi di sebelah kiri-Nya.",
Matius,27,39,Matius 27:39,وَكَانَ ٱلْمُجْتَازُونَ يُجَدِّفُونَ عَلَيْهِ وَهُمْ يَهُزُّونَ رُؤُوسَهُمْ,"Dan, orang-orang yang lewat menghujat Dia sambil menggeleng-gelengkan kepala,","Orang-orang yang lalu-lalang di tempat itu menghujah Isa, bahkan sambil menggeleng-gelengkan kepala",
Matius,27,40,Matius 27:40,قَائِلِينَ: «يَا نَاقِضَ ٱلْهَيْكَلِ وَبَانِيَهُ فِي ثَلَاثَةِ أَيَّامٍ، خَلِّصْ نَفْسَكَ! إِنْ كُنْتَ ٱبْنَ ٱللهِ فَٱنْزِلْ عَنِ ٱلصَّلِيبِ!».,"dan berkata, “Engkau yang akan merobohkan Bait Allah dan membangunnya kembali dalam tiga hari, selamatkanlah diri-Mu sendiri! Jika Engkau Anak Allah, turunlah dari salib itu!”","mereka berkata, “Hai Engkau yang dapat meruntuhkan Bait Allah dan membangunnya kembali dalam tiga hari, selamatkanlah diri-Mu! Jika Engkau benar-benar Sang Anak yang datang dari Allah, turunlah dari salib itu!”",
Matius,27,41,Matius 27:41,وَكَذَلِكَ رُؤَسَاءُ ٱلْكَهَنَةِ أَيْضًا وَهُمْ يَسْتَهْزِئُونَ مَعَ ٱلْكَتَبَةِ وَٱلشُّيُوخِ قَالُوا:,"Demikian juga imam-imam kepala, bersama ahli-ahli Taurat, dan para tua-tua mengejek Yesus, kata mereka,","Imam-imam kepala, para ahli Kitab Suci Taurat, dan para tua-tua pun mengolok-olok Isa seraya berkata,",
Matius,27,42,Matius 27:42,«خَلَّصَ آخَرِينَ وَأَمَّا نَفْسُهُ فَمَا يَقْدِرُ أَنْ يُخَلِّصَهَا! إِنْ كَانَ هُوَ مَلِكَ إِسْرَائِيلَ فَلْيَنْزِلِ ٱلْآنَ عَنِ ٱلصَّلِيبِ فَنُؤْمِنَ بِهِ!,"“Ia menyelamatkan orang lain, tetapi Ia tidak dapat menyelamatkan Diri-Nya sendiri. Jika Ia adalah Raja Israel, biarlah Ia turun dari salib itu sekarang dan kita akan percaya kepada-Nya.","“Orang lain Ia selamatkan, tetapi diri-Nya sendiri tidak dapat Ia selamatkan. Diakah raja Israil? Biarlah sekarang Ia turun dari salib itu maka kita akan percaya kepada-Nya.",
Matius,27,43,Matius 27:43,قَدِ ٱتَّكَلَ عَلَى ٱللهِ، فَلْيُنْقِذْهُ ٱلْآنَ إِنْ أَرَادَهُ! لِأَنَّهُ قَالَ: أَنَا ٱبْنُ ٱللهِ!».,"Ia percaya kepada Allah, maka biarlah Allah menyelamatkan-Nya sekarang, jika Allah menghendaki-Nya. Karena Ia sendiri mengatakan, ‘Aku adalah Anak Allah.’”","Ia berharap kepada Allah, jadi biarlah Allah menyelamatkan-Nya sekarang juga jika Tuhan memang berkenan kepada-Nya karena Ia pernah berkata, ‘Akulah Sang Anak yang datang dari Allah.’”",
Matius,27,44,Matius 27:44,وَبِذَلِكَ أَيْضًا كَانَ ٱللِّصَّانِ ٱللَّذَانِ صُلِبَا مَعَهُ يُعَيِّرَانِهِ.,Para penjahat yang disalibkan bersama dengan Dia juga mengejek-Nya.,Bahkan penyamun-penyamun yang disalibkan bersama-sama dengan Dia pun mencela-Nya.,
Matius,27,45,Matius 27:45,وَمِنَ ٱلسَّاعَةِ ٱلسَّادِسَةِ كَانَتْ ظُلْمَةٌ عَلَى كُلِّ ٱلْأَرْضِ إِلَى ٱلسَّاعَةِ ٱلتَّاسِعَةِ.,"Sekarang, dari jam keenam , kegelapan atas seluruh tanah itu, sampai jam kesembilan .","Sejak pukul dua belas siang, seluruh wilayah itu menjadi gelap hingga pukul tiga sore.",
Matius,27,46,Matius 27:46,وَنَحْوَ ٱلسَّاعَةِ ٱلتَّاسِعَةِ صَرَخَ يَسُوعُ بِصَوْتٍ عَظِيمٍ قَائِلًا: «إِيلِي، إِيلِي، لَمَا شَبَقْتَنِي؟» أَيْ: إِلَهِي، إِلَهِي، لِمَاذَا تَرَكْتَنِي؟,"Kira-kira, pada jam kesembilan, Yesus berseru dengan suara keras, kata-Nya, “Eli, Eli, lama sabakhtani?” yang artinya, “Allah-Ku, Allah-Ku, mengapa Engkau meninggalkan Aku?”","Kemudian, kira-kira pukul tiga sore, berserulah Isa dengan suara nyaring, “Eli, Eli, lama sabakhtani?” Artinya, “Ya Allah, ya Allah, mengapa Engkau meninggalkan Aku?”",
Matius,27,47,Matius 27:47,فَقَوْمٌ مِنَ ٱلْوَاقِفِينَ هُنَاكَ لَمَّا سَمِعُوا قَالُوا: «إِنَّهُ يُنَادِي إِيلِيَّا».,"Dan, beberapa dari mereka yang berdiri di sana, ketika mereka mendengar itu, mereka berkata, “Orang ini sedang memanggil Elia.”","Mendengar seruan itu, beberapa orang yang berdiri di situ berkata, “Ia memanggil Ilyas.”",
Matius,27,48,Matius 27:48,وَلِلْوَقْتِ رَكَضَ وَاحِدٌ مِنْهُمْ وَأَخَذَ إِسْفِنْجَةً وَمَلَأَهَا خَلًّا وَجَعَلَهَا عَلَى قَصَبَةٍ وَسَقَاهُ.,"Tiba-tiba, satu dari mereka berlari, dan mengambil bunga karang, membasahinya dengan anggur asam, dan mengikatkannya pada sebuah buluh, dan memberikannya kepada Yesus untuk diminum.","Sesaat kemudian, berlarilah salah seorang dari mereka mengambil bunga karang dan mencelupkannya ke dalam air anggur asam. Lalu, ditaruhnya bunga karang itu pada ujung sebatang buluh untuk memberi Dia minum.",
Matius,27,49,Matius 27:49,وَأَمَّا ٱلْبَاقُونَ فَقَالُوا: «ٱتْرُكْ. لِنَرَى هَلْ يَأْتِي إِيلِيَّا يُخَلِّصُهُ!».,"Akan tetapi, yang selebihnya berkata, “Mari kita lihat, apakah Elia akan datang untuk menyelamatkan-Nya.”","Tetapi, orang-orang yang lain berkata, “Mari kita lihat apakah Ilyas akan datang untuk menyelamatkan-Nya.”",
Matius,27,50,Matius 27:50,فَصَرَخَ يَسُوعُ أَيْضًا بِصَوْتٍ عَظِيمٍ، وَأَسْلَمَ ٱلرُّوحَ.,"Dan, Yesus berseru sekali lagi dengan suara keras dan menyerahkan Roh-Nya.","Kemudian, Isa kembali berseru dengan suara nyaring, lalu menyerahkan ruh-Nya.",
Matius,27,51,Matius 27:51,وَإِذَا حِجَابُ ٱلْهَيْكَلِ قَدِ ٱنْشَقَّ إِلَى ٱثْنَيْنِ، مِنْ فَوْقُ إِلَى أَسْفَلُ. وَٱلْأَرْضُ تَزَلْزَلَتْ، وَٱلصُّخُورُ تَشَقَّقَتْ،,"Dan, lihat, tirai dalam Bait Allah robek menjadi dua bagian, dari atas sampai ke bawah, dan bumi berguncang, dan batu-batu terbelah.","Tiba-tiba tabir Bait Allah pun robek dari atas ke bawah. Bumi dilanda gempa, gunung-gunung batu terbelah,",
Matius,27,52,Matius 27:52,وَٱلْقُبُورُ تَفَتَّحَتْ، وَقَامَ كَثِيرٌ مِنْ أَجْسَادِ ٱلْقِدِّيسِينَ ٱلرَّاقِدِينَ,"Kuburan-kuburan terbuka, dan banyak tubuh orang-orang suci yang telah mati dibangkitkan.","makam-makam terbuka, dan beberapa jenazah orang saleh hidup kembali,",
Matius,27,53,Matius 27:53,وَخَرَجُوا مِنَ ٱلْقُبُورِ بَعْدَ قِيَامَتِهِ، وَدَخَلُوا ٱلْمَدِينَةَ ٱلْمُقَدَّسَةَ، وَظَهَرُوا لِكَثِيرِينَ.,"Dan, setelah keluar dari kuburan-kuburannya, sesudah kebangkitan Yesus, mereka masuk ke kota suci dan memperlihatkan diri kepada banyak orang.","lalu keluar dari tempat mereka dimakamkan. Selanjutnya, setelah Isa bangkit, mereka pun masuk ke kota suci dan memperlihatkan diri mereka kepada orang banyak.",
Matius,27,54,Matius 27:54,وَأَمَّا قَائِدُ ٱلْمِئَةِ وَٱلَّذِينَ مَعَهُ يَحْرُسُونَ يَسُوعَ فَلَمَّا رَأَوْا ٱلزَّلْزَلَةَ وَمَا كَانَ، خَافُوا جِدًّا وَقَالُوا: «حَقًّا كَانَ هَذَا ٱبْنَ ٱللهِ!».,"Sekarang, kepala pasukan, dan mereka yang bersama dengannya mengawasi Yesus, ketika mereka melihat gempa bumi dan segala hal yang terjadi ini, menjadi sangat takut dan berkata, “Benar, Ia adalah Anak Allah!”","Ketika kepala pasukan dan para prajurit yang menjaga Isa melihat gempa bumi serta semua yang telah terjadi, mereka menjadi sangat takut serta berkata, “Sesungguhnya, orang ini adalah Sang Anak yang datang dari Allah.”",
Matius,27,55,Matius 27:55,وَكَانَتْ هُنَاكَ نِسَاءٌ كَثِيرَاتٌ يَنْظُرْنَ مِنْ بَعِيدٍ، وَهُنَّ كُنَّ قَدْ تَبِعْنَ يَسُوعَ مِنَ ٱلْجَلِيلِ يَخْدِمْنَهُ،,"Di sana, ada banyak perempuan yang melihat dari kejauhan, yang mengikuti Yesus dari Galilea untuk melayani Dia.",Di sana ada pula beberapa perempuan yang menyaksikan semua itu dari jauh. Mereka adalah perempuan-perempuan yang mengikut Isa dari Galilea demi membantu Dia.,
Matius,27,56,Matius 27:56,وَبَيْنَهُنَّ مَرْيَمُ ٱلْمَجْدَلِيَّةُ، وَمَرْيَمُ أُمُّ يَعْقُوبَ وَيُوسِي، وَأُمُّ ٱبْنَيْ زَبْدِي.,"Di antara mereka, ada Maria Magdalena, Maria ibu Yakobus dan Yusuf, serta ibu dari anak-anak Zebedeus.","Di antara mereka terdapat Maryam dari Magdala, Maryam ibu Yakub dan Yusuf, dan ibu dari anak-anak Zabdi.",
Matius,27,57,Matius 27:57,وَلَمَّا كَانَ ٱلْمَسَاءُ، جَاءَ رَجُلٌ غَنِيٌّ مِنَ ٱلرَّامَةِ ٱسْمُهُ يُوسُفُ، وَكَانَ هُوَ أَيْضًا تِلْمِيذًا لِيَسُوعَ.,"Ketika hari mulai malam, datanglah seorang yang kaya dari Arimatea bernama Yusuf, yang juga telah menjadi murid Yesus.","Menjelang magrib datanglah Yusuf, orang kaya yang berasal dari Arimatea, salah seorang pengikut Isa juga.",
Matius,27,58,Matius 27:58,فَهَذَا تَقَدَّمَ إِلَى بِيلَاطُسَ وَطَلَبَ جَسَدَ يَسُوعَ. فَأَمَرَ بِيلَاطُسُ حِينَئِذٍ أَنْ يُعْطَى ٱلْجَسَدُ.,"Ia pergi kepada Pilatus dan meminta tubuh Yesus. Lalu, Pilatus memerintahkan agar tubuh Yesus diberikan kepada Yusuf.","Ia menghadap Pilatus untuk meminta jenazah Isa. Kemudian, Pilatus memberi perintah kepada orang-orangnya supaya jenazah itu diberikan kepadanya.",
Matius,27,59,Matius 27:59,فَأَخَذَ يُوسُفُ ٱلْجَسَدَ وَلَفَّهُ بِكَتَّانٍ نَقِيٍّ،,"Dan, Yusuf mengambil tubuh Yesus, dan membungkus-Nya dengan kain linen yang bersih,","Setelah Yusuf mengambil jenazah Isa, ia mengafaninya dengan kain yang bersih.",
Matius,27,60,Matius 27:60,وَوَضَعَهُ فِي قَبْرِهِ ٱلْجَدِيدِ ٱلَّذِي كَانَ قَدْ نَحَتَهُ فِي ٱلصَّخْرَةِ، ثُمَّ دَحْرَجَ حَجَرًا كَبِيرًا عَلَى بَابِ ٱلْقَبْرِ وَمَضَى.,"dan membaringkan-Nya dalam kuburan yang baru, miliknya sendiri, yang sudah ia gali pada bukit batu. Lalu, Yusuf menggulingkan sebuah batu besar ke pintu kuburan itu dan pergi.","Selanjutnya, ia membaringkan jenazah itu dalam makam baru kepunyaannya sendiri yang digali pada bukit batu. Digulingkannya sebuah batu besar ke pintu makam itu, lalu ia pulang.",
Matius,27,61,Matius 27:61,وَكَانَتْ هُنَاكَ مَرْيَمُ ٱلْمَجْدَلِيَّةُ وَمَرْيَمُ ٱلْأُخْرَى جَالِسَتَيْنِ تُجَاهَ ٱلْقَبْرِ.,"Dan, di sana, ada Maria Magdalena dan Maria yang lain sedang duduk di hadapan kuburan itu.","Tetapi, Maryam dari Magdala dan Maryam yang lain tetap tinggal di situ, duduk di depan makam itu.",
Matius,27,62,Matius 27:62,وَفِي ٱلْغَدِ ٱلَّذِي بَعْدَ ٱلِٱسْتِعْدَادِ ٱجْتَمَعَ رُؤَسَاءُ ٱلْكَهَنَةِ وَٱلْفَرِّيسِيُّونَ إِلَى بِيلَاطُسَ,"Pada hari berikutnya, yaitu hari sesudah persiapan untuk Sabat , imam-imam kepala dan orang-orang Farisi dikumpulkan ke hadapan Pilatus.","Esoknya, yaitu setelah hari persiapan, berhimpunlah imam-imam kepala dan orang-orang dari mazhab Farisi untuk menghadap Pilatus.",
Matius,27,63,Matius 27:63,قَائِلِينَ: «يَا سَيِّدُ، قَدْ تَذَكَّرْنَا أَنَّ ذَلِكَ ٱلْمُضِلَّ قَالَ وَهُوَ حَيٌّ: إِنِّي بَعْدَ ثَلَاثَةِ أَيَّامٍ أَقُومُ.,"Mereka berkata, “Tuan, kami ingat bahwa ketika si pembohong itu masih hidup, Ia pernah berkata, ‘Setelah tiga hari, Aku akan bangkit lagi.’","Kata mereka, “Ya Tuanku, kami ingat sewaktu si penipu itu masih hidup, Ia pernah berkata, ‘Pada hari yang ketiga, Aku akan bangkit kembali.’",
Matius,27,64,Matius 27:64,فَمُرْ بِضَبْطِ ٱلْقَبْرِ إِلَى ٱلْيَوْمِ ٱلثَّالِثِ، لِئَلَّا يَأْتِيَ تَلَامِيذُهُ لَيْلًا وَيَسْرِقُوهُ، وَيَقُولُوا لِلشَّعْبِ: إِنَّهُ قَامَ مِنَ ٱلْأَمْوَاتِ، فَتَكُونَ ٱلضَّلَالَةُ ٱلْأَخِيرَةُ أَشَرَّ مِنَ ٱلْأُولَى!».,"Karena itu, perintahkanlah supaya kuburan itu dijaga sampai hari yang ketiga, kalau-kalau murid-murid-Nya mungkin datang dan mencuri-Nya, dan berkata kepada orang banyak, ‘Ia sudah bangkit dari antara orang mati.’ Dan, penipuan yang terakhir ini akan lebih buruk daripada yang pertama.”","Sebab itu, sebaiknya Tuanku menyuruh orang untuk menjaga makam itu sampai hari yang ketiga supaya jangan sampai para pengikut-Nya datang mencuri-Nya, lalu berkata kepada bangsa ini, ‘Ia telah bangkit dari antara orang mati.’ Dengan demikian, tipu muslihat yang terakhir itu akan berakibat lebih buruk daripada yang pertama.”",
Matius,27,65,Matius 27:65,فَقَالَ لَهُمْ بِيلَاطُسُ: «عِنْدَكُمْ حُرَّاسٌ. اِذْهَبُوا وَٱضْبُطُوهُ كَمَا تَعْلَمُونَ».,"Pilatus berkata kepada mereka, “Kamu mempunyai penjaga . Pergi, jagalah sebagaimana yang kamu tahu.”","Kata Pilatus kepada mereka, “Para pengawal disediakan bagimu. Pergi dan jagalah makam itu sebisa-bisanya.”",
Matius,27,66,Matius 27:66,فَمَضَوْا وَضَبَطُوا ٱلْقَبْرَ بِٱلْحُرَّاسِ وَخَتَمُوا ٱلْحَجَرَ.,"Lalu, mereka pergi dan mengamankan kuburan itu bersama dengan regu penjaga, serta menyegel batu penutup kubur.","Lalu, pergilah mereka bersama-sama dengan para pengawal untuk menyegel batu penutup makam itu dan menjaganya.",
Matius,28,1,Matius 28:1,وَبَعْدَ ٱلسَّبْتِ، عِنْدَ فَجْرِ أَوَّلِ ٱلْأُسْبُوعِ، جَاءَتْ مَرْيَمُ ٱلْمَجْدَلِيَّةُ وَمَرْيَمُ ٱلْأُخْرَى لِتَنْظُرَا ٱلْقَبْرَ.,"Sekarang, setelah Sabat, saat menjelang fajar, pada hari pertama minggu itu, Maria Magdalena dan Maria yang lain pergi untuk melihat kuburan itu.","Setelah lewat hari Sabat, yaitu hari pertama minggu itu, Maryam dari Magdala dan Maryam yang lain datang untuk melihat makam itu, saat hari hampir siang.",
Matius,28,2,Matius 28:2,وَإِذَا زَلْزَلَةٌ عَظِيمَةٌ حَدَثَتْ، لِأَنَّ مَلَاكَ ٱلرَّبِّ نَزَلَ مِنَ ٱلسَّمَاءِ وَجَاءَ وَدَحْرَجَ ٱلْحَجَرَ عَنِ ٱلْبَابِ، وَجَلَسَ عَلَيْهِ.,"Dan, lihat, terjadilah gempa bumi yang besar karena malaikat Tuhan turun dari surga, datang dan menggulingkan batu itu, kemudian duduk di atasnya.","Tiba-tiba terjadilah gempa bumi yang amat dahsyat. Malaikat Tuhan turun dari surga untuk menggulingkan batu penutup makam itu, lalu duduk di atasnya.",
Matius,28,3,Matius 28:3,وَكَانَ مَنْظَرُهُ كَٱلْبَرْقِ، وَلِبَاسُهُ أَبْيَضَ كَٱلثَّلْجِ.,Wajahnya bagaikan kilat dan pakaiannya putih bagaikan salju.,Rupa malaikat itu berkilauan seperti kilat dan pakaiannya putih seperti salju.,
Matius,28,4,Matius 28:4,فَمِنْ خَوْفِهِ ٱرْتَعَدَ ٱلْحُرَّاسُ وَصَارُوا كَأَمْوَاتٍ.,"Karena rasa takut terhadapnya, para penjaga itu terguncang dan menjadi seperti orang-orang mati.","Karena takutnya, para pengawal gemetar dan menjadi seperti orang-orang mati.",
Matius,28,5,Matius 28:5,فَأَجَابَ ٱلْمَلَاكُ وَقَالَ لِلْمَرْأَتَيْنِ: «لَا تَخَافَا أَنْتُمَا، فَإِنِّي أَعْلَمُ أَنَّكُمَا تَطْلُبَانِ يَسُوعَ ٱلْمَصْلُوبَ.,"Dan, malaikat tersebut berkata kepada perempuan-perempuan itu, “Jangan takut karena aku tahu kalau kamu mencari Yesus yang sudah disalibkan.","Kemudian, malaikat itu berkata kepada perempuan-perempuan itu, “Janganlah takut! Aku tahu, kamu mencari Isa yang telah disalibkan itu.",
Matius,28,6,Matius 28:6,لَيْسَ هُوَ هَهُنَا، لِأَنَّهُ قَامَ كَمَا قَالَ! هَلُمَّا ٱنْظُرَا ٱلْمَوْضِعَ ٱلَّذِي كَانَ ٱلرَّبُّ مُضْطَجِعًا فِيهِ.,"Dia tidak ada di sini karena Dia telah bangkit seperti yang dikatakan-Nya. Mari, lihatlah tempat Dia berbaring.","Ia tidak ada di sini karena Ia sudah bangkit, seperti yang telah disabdakan-Nya. Mari, lihatlah tempat bekas Ia dibaringkan.",
Matius,28,7,Matius 28:7,وَٱذْهَبَا سَرِيعًا قُولَا لِتَلَامِيذِهِ: إِنَّهُ قَدْ قَامَ مِنَ ٱلْأَمْوَاتِ. هَا هُوَ يَسْبِقُكُمْ إِلَى ٱلْجَلِيلِ. هُنَاكَ تَرَوْنَهُ. هَا أَنَا قَدْ قُلْتُ لَكُمَا».,"Cepatlah pergi dan beritahukan murid-murid-Nya bahwa Dia sudah bangkit dari antara orang mati, dan lihat, Dia mendahuluimu ke Galilea. Di sana, kamu akan melihat Dia. Perhatikanlah, aku sudah mengatakannya kepadamu.”","Karena itu, pergilah segera dan katakan kepada para pengikut-Nya bahwa Ia sudah bangkit dari antara orang mati dan bahwa Ia akan mendahului kamu ke Galilea. Di sana kamu akan melihat Dia. Ingatlah, aku sudah mengatakannya kepadamu.”",
Matius,28,8,Matius 28:8,فَخَرَجَتَا سَرِيعًا مِنَ ٱلْقَبْرِ بِخَوْفٍ وَفَرَحٍ عَظِيمٍ، رَاكِضَتَيْنِ لِتُخْبِرَا تَلَامِيذَهُ.,"Dan, mereka cepat-cepat meninggalkan kuburan itu dengan ketakutan dan sukacita besar; dan berlari untuk memberitahukan itu kepada murid-murid-Nya.","Lalu, mereka cepat-cepat pergi meninggalkan makam itu dengan perasaan takut bercampur gembira. Mereka lari untuk memberitahukan hal itu kepada para pengikut-Nya.",
Matius,28,9,Matius 28:9,وَفِيمَا هُمَا مُنْطَلِقَتَانِ لِتُخْبِرَا تَلَامِيذَهُ إِذَا يَسُوعُ لَاقَاهُمَا وَقَالَ: «سَلَامٌ لَكُمَا». فَتَقَدَّمَتَا وَأَمْسَكَتَا بِقَدَمَيْهِ وَسَجَدَتَا لَهُ.,"Dan, lihat, Yesus menemui mereka dan berkata, “Salam!” Lalu, mereka datang kepada Yesus, memegang kaki-Nya, dan menyembah-Nya.","Tiba-tiba Isa menjumpai mereka serta berkata, “Salam bagimu.” Lalu, perempuan-perempuan itu mendekati Isa, menyentuh kaki-Nya, serta sujud di hadapan-Nya.",
Matius,28,10,Matius 28:10,فَقَالَ لَهُمَا يَسُوعُ: «لَا تَخَافَا. اِذْهَبَا قُولَا لِإِخْوَتِي أَنْ يَذْهَبُوا إِلَى ٱلْجَلِيلِ، وَهُنَاكَ يَرَوْنَنِي».,"Kemudian, Yesus berkata kepada mereka, “Jangan takut; pergi dan beritahukanlah saudara-saudara-Ku untuk pergi ke Galilea, dan di sana, mereka akan melihat Aku.”","Sabda Isa kepada mereka, “Jangan takut! Pergi dan beritahukanlah kepada saudara-saudara-Ku supaya mereka pergi ke Galilea. Di sana mereka akan melihat Aku.”",
Matius,28,11,Matius 28:11,وَفِيمَا هُمَا ذَاهِبَتَانِ إِذَا قَوْمٌ مِنَ ٱلْحُرَّاسِ جَاءُوا إِلَى ٱلْمَدِينَةِ وَأَخْبَرُوا رُؤَسَاءَ ٱلْكَهَنَةِ بِكُلِّ مَا كَانَ.,"Sementara mereka pergi, beberapa penjaga pergi ke kota dan memberi tahu imam-imam kepala tentang semua hal yang telah terjadi.","Sementara kedua perempuan itu masih dalam perjalanan, para penjaga makam telah sampai di kota dan memberitahukan segala sesuatu yang terjadi kepada imam-imam kepala.",
Matius,28,12,Matius 28:12,فَٱجْتَمَعُوا مَعَ ٱلشُّيُوخِ، وَتَشَاوَرُوا، وَأَعْطَوْا ٱلْعَسْكَرَ فِضَّةً كَثِيرَةً,"Dan, ketika mereka dikumpulkan bersama para tua-tua. Setelah berunding, lalu mereka memberikan banyak uang kepada para penjaga itu,","Setelah mereka berkumpul dengan para tua-tua dan membicarakan hal itu, mereka memberikan uang perak secukupnya kepada para pengawal itu",
Matius,28,13,Matius 28:13,قَائِلِينَ: «قُولُوا إِنَّ تَلَامِيذَهُ أَتَوْا لَيْلًا وَسَرَقُوهُ وَنَحْنُ نِيَامٌ.,"dan berkata, “Katakanlah, ‘Murid-murid Yesus datang pada malam hari dan mencuri-Nya saat kami tidur.’","serta berpesan, “Kamu harus mengatakan bahwa ketika kamu sedang tidur, para pengikut-Nya datang pada malam hari dan mencuri jenazah-Nya.",
Matius,28,14,Matius 28:14,وَإِذَا سُمِعَ ذَلِكَ عِنْدَ ٱلْوَالِي فَنَحْنُ نَسْتَعْطِفُهُ، وَنَجْعَلُكُمْ مُطْمَئِنِّينَ».,"Dan, jika hal ini terdengar oleh gubernur, kami akan meyakinkannya dan membuatmu tidak cemas.”","Jika hal ini sampai terdengar oleh penguasa setempat, kami akan meyakinkan dia supaya kamu tidak mendapat kesulitan.”",
Matius,28,15,Matius 28:15,فَأَخَذُوا ٱلْفِضَّةَ وَفَعَلُوا كَمَا عَلَّمُوهُمْ، فَشَاعَ هَذَا ٱلْقَوْلُ عِنْدَ ٱلْيَهُودِ إِلَى هَذَا ٱلْيَوْمِ.,"Maka, mereka menerima uang itu dan melakukan seperti yang telah diajarkan kepada mereka; dan perkataan itu masih tersebar di antara orang Yahudi sampai hari ini.","Mereka mengambil uang itu, lalu melakukan seperti yang dipesankan kepada mereka. Cerita itu kemudian tersebar di antara orang Israil, bahkan sampai sekarang ini.",
Matius,28,16,Matius 28:16,وَأَمَّا ٱلْأَحَدَ عَشَرَ تِلْمِيذًا فَٱنْطَلَقُوا إِلَى ٱلْجَلِيلِ إِلَى ٱلْجَبَلِ، حَيْثُ أَمَرَهُمْ يَسُوعُ.,"Kemudian, kesebelas murid pergi ke Galilea, ke bukit yang telah ditunjukkan Yesus kepada mereka.","Kemudian, kesebelas pengikut Isa pergi ke salah satu bukit di wilayah Galilea sesuai dengan yang telah ditunjuk oleh Isa sebelumnya.",
Matius,28,17,Matius 28:17,وَلَمَّا رَأَوْهُ سَجَدُوا لَهُ، وَلَكِنَّ بَعْضَهُمْ شَكُّوا.,"Ketika mereka melihat-Nya, mereka menyembah-Nya. Akan tetapi, beberapa ragu-ragu.","Ketika mereka melihat Dia, mereka pun sujud di hadapan-Nya walaupun ada juga yang masih ragu-ragu.",
Matius,28,18,Matius 28:18,فَتَقَدَّمَ يَسُوعُ وَكَلَّمَهُمْ قَائِلًا: «دُفِعَ إِلَيَّ كُلُّ سُلْطَانٍ فِي ٱلسَّمَاءِ وَعَلَى ٱلْأَرْضِ،,"Lalu, Yesus datang dan berkata kepada mereka, “Segala kuasa telah diberikan kepada-Ku, di surga maupun di bumi.","Isa mendekati mereka dan bersabda, “Segala wewenang dan kuasa, baik di surga maupun di bumi, sudah diserahkan kepada-Ku.",
Matius,28,19,Matius 28:19,فَٱذْهَبُوا وَتَلْمِذُوا جَمِيعَ ٱلْأُمَمِ وَعَمِّدُوهُمْ بِٱسْمِ ٱلْآبِ وَٱلِٱبْنِ وَٱلرُّوحِ ٱلْقُدُسِ.,"Karena itu, pergilah dan muridkanlah semua bangsa, baptiskanlah mereka dalam nama Bapa, dan Anak, dan Roh Kudus,","Sebab itu, pergilah, jadikanlah semua suku bangsa pengikut-Ku dan permandikanlah mereka dalam nama Sang Bapa, Sang Anak, dan Ruh Allah Yang Mahasuci.",
Matius,28,20,Matius 28:20,وَعَلِّمُوهُمْ أَنْ يَحْفَظُوا جَمِيعَ مَا أَوْصَيْتُكُمْ بِهِ. وَهَا أَنَا مَعَكُمْ كُلَّ ٱلْأَيَّامِ إِلَى ٱنْقِضَاءِ ٱلدَّهْرِ». آمِينَ.,"ajarkanlah mereka untuk menaati semua yang Aku perintahkan kepadamu; dan lihat, Aku selalu bersamamu, bahkan sampai kepada akhir zaman.”","Ajarlah mereka menaati segala sesuatu yang telah Kuperintahkan kepadamu dan ingatlah, Aku menyertai kamu sampai kesudahan zaman.”",
