Book,Chapter,Verse,Ref,Arabic,Indonesian,KitabSuci,Notes
Lukas,1,1,Lukas 1:1,إِذْ كَانَ كَثِيرُونَ قَدْ أَخَذُوا بِتَأْلِيفِ قِصَّةٍ فِي ٱلْأُمُورِ ٱلْمُتَيَقَّنَةِ عِنْدَنَا،,"Sudah ada banyak orang berusaha menyusun sebuah catatan tentang peristiwa-peristiwa yang telah terjadi di tengah-tengah kita,","Sesungguhnya, banyak orang telah berusaha menulis kisah tentang peristiwa-peristiwa yang terjadi di antara kita.",
Lukas,1,2,Lukas 1:2,كَمَا سَلَّمَهَا إِلَيْنَا ٱلَّذِينَ كَانُوا مُنْذُ ٱلْبَدْءِ مُعَايِنِينَ وَخُدَّامًا لِلْكَلِمَةِ،,seperti halnya catatan yang telah disampaikan kepada kita oleh orang-orang yang sejak semula telah menjadi saksi mata dan pemberita Firman.,Kisah itu disampaikan kepada kita oleh orang-orang yang sejak semula melihat dengan mata kepala sendiri peristiwa-peristiwa itu dan yang juga menjadi pemberita firman.,
Lukas,1,3,Lukas 1:3,رَأَيْتُ أَنَا أَيْضًا إِذْ قَدْ تَتَبَّعْتُ كُلَّ شَيْءٍ مِنَ ٱلْأَوَّلِ بِتَدْقِيقٍ، أَنْ أَكْتُبَ عَلَى ٱلتَّوَالِي إِلَيْكَ أَيُّهَا ٱلْعَزِيزُ ثَاوُفِيلُسُ،,"Karena aku telah mempelajari semuanya dengan teliti dari awal, baiklah aku juga menuliskannya secara berurutan bagimu, hai Teofilus yang mulia,","Aku sendiri telah memeriksa semuanya dengan teliti dari awal. Maka sekarang, Tuan Teofilus yang mulia, aku berkenan menulisnya lagi dengan teratur untuk Tuan.",
Lukas,1,4,Lukas 1:4,لِتَعْرِفَ صِحَّةَ ٱلْكَلَامِ ٱلَّذِي عُلِّمْتَ بِهِ.,supaya engkau dapat mengetahui kebenaran tentang hal-hal yang telah diajarkan kepadamu.,"Dengan demikian, Tuan dapat mengetahui dengan tepat kebenaran dari semua yang diajarkan kepada Tuan.",
Lukas,1,5,Lukas 1:5,كَانَ فِي أَيَّامِ هِيرُودُسَ مَلِكِ ٱلْيَهُودِيَّةِ كَاهِنٌ ٱسْمُهُ زَكَرِيَّا مِنْ فِرْقَةِ أَبِيَّا، وَٱمْرَأَتُهُ مِنْ بَنَاتِ هارُونَ وَٱسْمُهَا أَلِيصَابَاتُ.,"Pada masa pemerintahan Herodes , Raja Yudea , ada seorang imam bernama Zakharia yang berasal dari kelompok imam Abia . Istrinya berasal dari keturunan Harun , dan namanya adalah Elisabet.","Pada waktu Herodes menjadi raja wilayah Yudea, ada seorang imam bernama Zakharia. Ia termasuk rombongan imam Abia. Istrinya berasal dari keturunan Harun, namanya Elisabet.",
Lukas,1,6,Lukas 1:6,وَكَانَا كِلَاهُمَا بَارَّيْنِ أَمَامَ ٱللهِ، سَالِكَيْنِ فِي جَمِيعِ وَصَايَا ٱلرَّبِّ وَأَحْكَامِهِ بِلَا لَوْمٍ.,Zakharia dan Elisabet adalah orang-orang yang benar di hadapan Allah. Mereka hidup tak bercela sesuai dengan semua hukum dan perintah Tuhan.,Keduanya adalah orang yang saleh di hadapan Allah. Mereka hidup menurut segala perintah dan hukum Tuhan dengan tidak bercacat.,
Lukas,1,7,Lukas 1:7,وَلَمْ يَكُنْ لَهُمَا وَلَدٌ، إِذْ كَانَتْ أَلِيصَابَاتُ عَاقِرًا. وَكَانَا كِلَاهُمَا مُتَقَدِّمَيْنِ فِي أَيَّامِهِمَا.,"Akan tetapi, mereka tidak mempunyai anak karena Elisabet mandul dan keduanya sudah sangat tua.","Namun, mereka tidak mempunyai anak karena Elisabet mandul. Selain itu, keduanya pun sudah lanjut usia.",
Lukas,1,8,Lukas 1:8,فَبَيْنَمَا هُوَ يَكْهَنُ فِي نَوْبَةِ فِرْقَتِهِ أَمَامَ ٱللهِ،,"Ketika tiba giliran rombongannya untuk bertugas, Zakharia mendapat tugas untuk menjadi imam di hadapan Allah.","Pada suatu kali, ketika tiba giliran rombongan imam Abia, Zakharia menjalankan pekerjaan keimaman di hadapan Allah.",
Lukas,1,9,Lukas 1:9,حَسَبَ عَادَةِ ٱلْكَهَنُوتِ، أَصَابَتْهُ ٱلْقُرْعَةُ أَنْ يَدْخُلَ إِلَى هَيْكَلِ ٱلرَّبِّ وَيُبَخِّرَ.,"Menurut kebiasaan keimaman, Zakharia terpilih berdasarkan undian untuk masuk ke Bait Allah dan membakar ukupan .","Menurut adat istiadat pekerjaan imam, undian dilaksanakan untuk menentukan siapa imam yang bertugas masuk ke dalam Bait Allah dan membakar dupa di situ. Kali itu, Zakharialah yang terkena undian.",
Lukas,1,10,Lukas 1:10,وَكَانَ كُلُّ جُمْهُورِ ٱلشَّعْبِ يُصَلُّونَ خَارِجًا وَقْتَ ٱلْبَخُورِ.,"Pada saat ukupan dipersembahkan, seluruh umat berdoa di luar.","Pada saat pembakaran dupa itu dilakukan, seluruh umat yang berada di luar memanjatkan doa.",
Lukas,1,11,Lukas 1:11,فَظَهَرَ لَهُ مَلَاكُ ٱلرَّبِّ وَاقِفًا عَنْ يَمِينِ مَذْبَحِ ٱلْبَخُورِ.,"Tiba-tiba, malaikat Tuhan menampakkan diri kepada Zakharia dan berdiri di sebelah kanan mazbah ukupan.","Lalu, malaikat Tuhan memperlihatkan diri kepada Zakharia. Malaikat itu berdiri di sebelah kanan meja tempat pembakaran dupa.",
Lukas,1,12,Lukas 1:12,فَلَمَّا رَآهُ زَكَرِيَّا ٱضْطَرَبَ وَوَقَعَ عَلَيْهِ خَوْفٌ.,"Ketika melihat malaikat itu, Zakharia menjadi gemetar dan sangat ketakutan.","Ketika Zakharia melihat malaikat itu, ia terkejut dan menjadi sangat takut.",
Lukas,1,13,Lukas 1:13,فَقَالَ لَهُ ٱلْمَلَاكُ: «لَا تَخَفْ يَا زَكَرِيَّا، لِأَنَّ طِلْبَتَكَ قَدْ سُمِعَتْ، وَٱمْرَأَتُكَ أَلِيصَابَاتُ سَتَلِدُ لَكَ ٱبْنًا وَتُسَمِّيهِ يُوحَنَّا.,"Akan tetapi, malaikat itu berkata kepadanya, “Jangan takut, Zakharia, sebab doa permohonanmu sudah didengar. Istrimu, Elisabet, akan melahirkan seorang anak laki-laki bagimu dan kamu akan menamainya Yohanes.","Lalu, kata malaikat itu kepadanya, “Jangan takut, hai Zakharia. Permintaanmu telah didengar dan istrimu, Elisabet, akan melahirkan seorang anak laki-laki untukmu. Engkau harus menamainya Yahya.",
Lukas,1,14,Lukas 1:14,وَيَكُونُ لَكَ فَرَحٌ وَٱبْتِهَاجٌ، وَكَثِيرُونَ سَيَفْرَحُونَ بِوِلَادَتِهِ،,"Kamu akan bersukacita dan bergembira, dan banyak orang juga akan ikut bersukacita atas kelahirannya.","Engkau akan berbahagia dan gembira, dan banyak orang pun akan senang dengan kelahiran anak itu.",
Lukas,1,15,Lukas 1:15,لِأَنَّهُ يَكُونُ عَظِيمًا أَمَامَ ٱلرَّبِّ، وَخَمْرًا وَمُسْكِرًا لَا يَشْرَبُ، وَمِنْ بَطْنِ أُمِّهِ يَمْتَلِئُ مِنَ ٱلرُّوحِ ٱلْقُدُسِ.,"Ia akan menjadi besar di hadapan Tuhan dan tidak akan minum anggur atau minum minuman keras lainnya. Bahkan, sejak dari dalam kandungan ibunya, ia akan dipenuhi oleh Roh Kudus.","Ia akan menjadi orang yang besar di mata Tuhan. Ia tidak akan minum anggur atau minuman keras, dan ia akan dikuasai oleh Ruh Allah sejak dalam rahim ibunya.",
Lukas,1,16,Lukas 1:16,وَيَرُدُّ كَثِيرِينَ مِنْ بَنِي إِسْرَائِيلَ إِلَى ٱلرَّبِّ إِلَهِهِمْ.,"Ia akan membuat banyak orang Israel berbalik kepada Tuhan, Allah mereka.","Ia akan memimpin banyak orang dari bani Israil kembali kepada Allah, Tuhan mereka.",
Lukas,1,17,Lukas 1:17,وَيَتَقَدَّمُ أَمَامَهُ بِرُوحِ إِيلِيَّا وَقُوَّتِهِ، لِيَرُدَّ قُلُوبَ ٱلْآبَاءِ إِلَى ٱلْأَبْنَاءِ، وَٱلْعُصَاةَ إِلَى فِكْرِ ٱلْأَبْرَارِ، لِكَيْ يُهَيِّئَ لِلرَّبِّ شَعْبًا مُسْتَعِدًّا».,"Ia akan berjalan mendahului Tuhan dengan roh dan kuasa Elia, ‘untuk membuat hati bapa-bapa berbalik kepada anak-anak mereka’. Ia juga akan membuat orang-orang yang tidak taat berbalik kepada hikmat orang-orang benar. Dengan demikian, ia mempersiapkan umat yang telah disediakan bagi Tuhan.”","Dengan ruh dan kuasa Nabi Ilyas, ia akan berjalan mendahului Tuhan untuk membuat hati bapak-bapak kembali kepada anak-anaknya dan orang-orang durhaka kembali kepada hikmah orang-orang benar. Dengan demikian, ia menyiapkan bagi Tuhan suatu umat yang layak bagi-Nya.”",
Lukas,1,18,Lukas 1:18,فَقَالَ زَكَرِيَّا لِلْمَلَاكِ: «كَيْفَ أَعْلَمُ هَذَا، لِأَنِّي أَنَا شَيْخٌ وَٱمْرَأَتِي مُتَقَدِّمَةٌ فِي أَيَّامِهَا؟».,"Zakharia berkata kepada malaikat itu, “Bagaimanakah aku akan mengetahui tentang hal ini? Sebab, aku ini sudah tua dan istriku juga sudah lanjut usia.”","Maka, kata Zakharia kepada malaikat itu, “Bagaimana hamba dapat meyakininya? Hamba sudah tua dan istri hamba pun sudah lanjut usia.”",
Lukas,1,19,Lukas 1:19,فَأَجَابَ ٱلْمَلَاكُ وَقَالَ لَهُ: «أَنَا جِبْرَائِيلُ ٱلْوَاقِفُ قُدَّامَ ٱللهِ، وَأُرْسِلْتُ لِأُكَلِّمَكَ وَأُبَشِّرَكَ بِهَذَا.,"Malaikat itu menjawab, “Aku adalah Gabriel , malaikat yang berdiri di hadapan Allah. Aku diutus untuk berbicara denganmu dan menyampaikan kabar baik ini kepadamu.","Maka, jawab malaikat itu, “Aku ini Jibrail, yang selalu siap sedia di hadapan Allah. Aku diutus untuk berbicara kepadamu dan memberitakan kabar baik ini kepadamu.",
Lukas,1,20,Lukas 1:20,وَهَا أَنْتَ تَكُونُ صَامِتًا وَلَا تَقْدِرُ أَنْ تَتَكَلَّمَ، إِلَى ٱلْيَوْمِ ٱلَّذِي يَكُونُ فِيهِ هَذَا، لِأَنَّكَ لَمْ تُصَدِّقْ كَلَامِي ٱلَّذِي سَيَتِمُّ فِي وَقْتِهِ».,"Namun, sekarang dengarlah! Kamu akan menjadi bisu dan tidak dapat berbicara sampai pada hari ketika hal-hal ini terjadi karena kamu tidak percaya pada perkataanku, yang akan digenapi pada waktunya.”","Sesungguhnya, semua itu akan menjadi kenyataan pada waktunya. Akan tetapi, karena engkau tidak percaya pada kata-kataku, maka engkau akan menjadi bisu dan tidak dapat berbicara sampai saatnya semua itu terjadi.”",
Lukas,1,21,Lukas 1:21,وَكَانَ ٱلشَّعْبُ مُنْتَظِرِينَ زَكَرِيَّا وَمُتَعّجِّبِينَ مِنْ إِبْطَائِهِ فِي ٱلْهَيْكَلِ.,"Sementara itu, umat menunggu Zakharia. Mereka bertanya-tanya mengapa Zakharia berada terlalu lama di dalam Bait Allah.",Orang banyak yang berada di luar menunggu Zakharia. Mereka heran sebab ia begitu lama di dalam Bait Allah.,
Lukas,1,22,Lukas 1:22,فَلَمَّا خَرَجَ لَمْ يَسْتَطِعْ أَنْ يُكَلِّمَهُمْ، فَفَهِمُوا أَنَّهُ قَدْ رَأَى رُؤْيَا فِي ٱلْهَيْكَلِ. فَكَانَ يُومِئُ إِلَيْهِمْ وَبَقِيَ صَامِتًا.,"Ketika keluar, Zakharia tidak dapat berbicara kepada mereka. Mereka pun tahu bahwa Zakharia telah mendapat penglihatan di dalam Bait Allah sebab ia terus-menerus membuat isyarat kepada mereka, tetapi tidak dapat berbicara.","Maka, ketika ia keluar dan tidak lagi dapat berbicara kepada mereka, mereka pun tahu bahwa di dalam Bait Allah ia telah mendapat suatu penglihatan dari surga. Dengan bahasa isyarat ia berbicara kepada mereka sebab ia menjadi bisu.",
Lukas,1,23,Lukas 1:23,وَلَمَّا كَمِلَتْ أَيَّامُ خِدْمَتِهِ مَضَى إِلَى بَيْتِهِ.,"Setelah jangka waktu tugas keimamannya berakhir, pulanglah Zakharia ke rumahnya.","Setelah hari kerjanya berakhir, pulanglah ia ke rumahnya.",
Lukas,1,24,Lukas 1:24,وَبَعْدَ تِلْكَ ٱلْأَيَّامِ حَبِلَتْ أَلِيصَابَاتُ ٱمْرَأَتُهُ، وَأَخْفَتْ نَفْسَهَا خَمْسَةَ أَشْهُرٍ قَائِلَةً:,"Setelah peristiwa itu, Elisabet hamil dan menyembunyikan diri selama lima bulan. Ia berkata,","Tak lama kemudian, mengandunglah Elisabet, istrinya. Lima bulan lamanya Elisabet tidak memperlihatkan dirinya kepada orang-orang. Ia berkata,",
Lukas,1,25,Lukas 1:25,«هَكَذَا قَدْ فَعَلَ بِيَ ٱلرَّبُّ فِي ٱلْأَيَّامِ ٱلَّتِي فِيهَا نَظَرَ إِلَيَّ، لِيَنْزِعَ عَارِي بَيْنَ ٱلنَّاسِ».,“Inilah yang telah Tuhan lakukan kepadaku. Ia memperhatikanku dan menghapus aibku dari antara orang banyak .”,“Ini adalah pekerjaan Tuhan bagi diriku. Akhirnya Ia memperhatikan aku dan menghapuskan aibku di depan orang.”,
Lukas,1,26,Lukas 1:26,وَفِي ٱلشَّهْرِ ٱلسَّادِسِ أُرْسِلَ جِبْرَائِيلُ ٱلْمَلَاكُ مِنَ ٱللهِ إِلَى مَدِينَةٍ مِنَ ٱلْجَلِيلِ ٱسْمُهَا نَاصِرَةُ،,"Pada waktu usia kehamilan Elisabet berusia enam bulan, Allah mengutus malaikat Gabriel ke sebuah kota di wilayah Galilea, yang bernama Nazaret.","Dalam bulan yang keenam, malaikat Jibrail diutus Allah ke sebuah kota yang bernama Nazaret di Galilea.",
Lukas,1,27,Lukas 1:27,إِلَى عَذْرَاءَ مَخْطُوبَةٍ لِرَجُلٍ مِنْ بَيْتِ دَاوُدَ ٱسْمُهُ يُوسُفُ. وَٱسْمُ ٱلْعَذْرَاءِ مَرْيَمُ.,"Ia diutus untuk menemui seorang perawan yang bertunangan dengan seorang laki-laki bernama Yusuf, dari keturunan Daud. Nama perawan itu adalah Maria.","Ia diutus kepada seorang gadis perawan, tunangan seorang laki-laki yang bernama Yusuf, keturunan Nabi Daud. Nama gadis itu Maryam.",
Lukas,1,28,Lukas 1:28,فَدَخَلَ إِلَيْهَا ٱلْمَلَاكُ وَقَالَ: «سَلَامٌ لَكِ أَيَّتُهَا ٱلْمُنْعَمُ عَلَيْهَا! اَلرَّبُّ مَعَكِ. مُبَارَكَةٌ أَنْتِ فِي ٱلنِّسَاءِ».,"Lalu, malaikat itu datang kepada Maria dan berkata, “Salam, hai engkau yang diberkati! Tuhan besertamu.”","Malaikat itu datang menemui Maryam dan berkata, “Salam, hai engkau, yang memperoleh anugerah. Tuhan besertamu.”",
Lukas,1,29,Lukas 1:29,فَلَمَّا رَأَتْهُ ٱضْطَرَبَتْ مِنْ كَلَامِهِ، وَفَكَّرَتْ: «مَا عَسَى أَنْ تَكُونَ هَذِهِ ٱلتَّحِيَّةُ!».,"Mendengar perkataan itu, Maria menjadi heran. Ia bertanya-tanya dalam hatinya tentang arti salam itu.","Maryam terkejut mendengar perkataan itu dan berpikir, “Salam apakah ini?”",
Lukas,1,30,Lukas 1:30,فَقَالَ لَهَا ٱلْمَلَاكُ: «لَا تَخَافِي يَا مَرْيَمُ، لِأَنَّكِ قَدْ وَجَدْتِ نِعْمَةً عِنْدَ ٱللهِ.,"Malaikat itu berkata kepadanya, “Jangan takut, Maria, karena Allah telah memberikan kasih karunia-Nya kepadamu.","Kata malaikat itu kepadanya, “Jangan takut, Maryam, karena engkau memperoleh anugerah Allah.",
Lukas,1,31,Lukas 1:31,وَهَا أَنْتِ سَتَحْبَلِينَ وَتَلِدِينَ ٱبْنًا وَتُسَمِّينَهُ يَسُوعَ.,"Dengarlah, engkau akan mengandung dan melahirkan seorang Anak laki-laki, dan engkau akan menamai-Nya Yesus.","Engkau akan mengandung dan melahirkan seorang anak laki-laki, dan engkau harus menamai-Nya Isa.",
Lukas,1,32,Lukas 1:32,هَذَا يَكُونُ عَظِيمًا، وَٱبْنَ ٱلْعَلِيِّ يُدْعَى، وَيُعْطِيهِ ٱلرَّبُّ ٱلْإِلَهُ كُرْسِيَّ دَاوُدَ أَبِيهِ،,"Dia akan menjadi besar dan akan disebut Anak Allah Yang Mahatinggi. Tuhan Allah akan memberi-Nya takhta Daud, nenek moyang-Nya.","Ia akan menjadi besar dan akan disebut Sang Anak yang datang dari Allah Yang Mahatinggi. Allah, Tuhan kita, akan memberikan kepada-Nya takhta Daud, nenek moyang-Nya.",
Lukas,1,33,Lukas 1:33,وَيَمْلِكُ عَلَى بَيْتِ يَعْقُوبَ إِلَى ٱلْأَبَدِ، وَلَا يَكُونُ لِمُلْكِهِ نِهَايَةٌ».,Dia akan memerintah atas keturunan Yakub untuk selama-lamanya dan kerajaan-Nya tidak akan pernah berakhir.”,Ia akan memerintah keturunan Yakub untuk selama-lamanya dan kerajaan-Nya tidak akan berkesudahan.”,
Lukas,1,34,Lukas 1:34,فَقَالَتْ مَرْيَمُ لِلْمَلَاكِ: «كَيْفَ يَكُونُ هَذَا وَأَنَا لَسْتُ أَعْرِفُ رَجُلًا؟».,"Lalu, Maria berkata kepada malaikat itu, “Bagaimana hal ini akan terjadi sedangkan aku belum bersuami?”","Maka, kata Maryam kepada malaikat itu, “Bagaimana hal ini akan terjadi? Karena bukankah hamba belum pernah disentuh oleh seorang laki-laki pun?”",
Lukas,1,35,Lukas 1:35,فَأَجَابَ ٱلْمَلَاكُ وَقَالَ لَها: «اَلرُّوحُ ٱلْقُدُسُ يَحِلُّ عَلَيْكِ، وَقُوَّةُ ٱلْعَلِيِّ تُظَلِّلُكِ، فَلِذَلِكَ أَيْضًا ٱلْقُدُّوسُ ٱلْمَوْلُودُ مِنْكِ يُدْعَى ٱبْنَ ٱللهِ.,"Malaikat itu menjawab dan berkata kepadanya, “Roh Kudus akan datang atasmu dan kuasa Allah Yang Mahatinggi akan menaungimu. Itulah sebabnya, Anak yang akan lahir itu adalah kudus dan akan disebut Anak Allah.","Jawab malaikat itu, “Ruh Allah akan datang atasmu dan kuasa Allah Yang Mahatinggi akan meliputi engkau. Sebab itu, anak yang akan dilahirkan itu akan disebut suci, Sang Anak yang datang dari Allah.",
Lukas,1,36,Lukas 1:36,وَهُوَذَا أَلِيصَابَاتُ نَسِيبَتُكِ هِيَ أَيْضًا حُبْلَى بِٱبْنٍ فِي شَيْخُوخَتِهَا، وَهَذَا هُوَ ٱلشَّهْرُ ٱلسَّادِسُ لِتِلْكَ ٱلْمَدْعُوَّةِ عَاقِرًا،,"Dan, ketahuilah bahwa Elisabet, sanak saudaramu itu, sedang mengandung juga pada usia tuanya. Ia yang dahulu disebut mandul, sekarang sudah hamil selama enam bulan.","Sesungguhnya, Elisabet, sanak saudaramu itu, sedang mengandung seorang anak laki-laki pada masa tuanya ini. Memang dahulu ia dikatakan mandul, tetapi sekarang usia kandungannya sudah enam bulan.",
Lukas,1,37,Lukas 1:37,لِأَنَّهُ لَيْسَ شَيْءٌ غَيْرَ مُمْكِنٍ لَدَى ٱللهِ».,"Sebab, tidak ada hal yang mustahil bagi Allah.”",Sebab bagi Allah tidak ada satu pun yang mustahil.”,
Lukas,1,38,Lukas 1:38,فَقَالَتْ مَرْيَمُ: «هُوَذَا أَنَا أَمَةُ ٱلرَّبِّ. لِيَكُنْ لِي كَقَوْلِكَ». فَمَضَى مِنْ عِنْدِهَا ٱلْمَلَاكُ.,"Dan, Maria berkata, “Sesungguhnya, aku ini hamba Tuhan. Terjadilah padaku seperti yang engkau katakan itu.” Kemudian, malaikat itu pergi meninggalkannya.","Maryam berkata, “Sesungguhnya, aku ini hamba Tuhan, terjadilah pada hamba seperti yang Tuan katakan.” Lalu, malaikat itu pergi meninggalkannya.",
Lukas,1,39,Lukas 1:39,فَقَامَتْ مَرْيَمُ فِي تِلْكَ ٱلْأَيَّامِ وَذَهَبَتْ بِسُرْعَةٍ إِلَى ٱلْجِبَالِ إِلَى مَدِينَةِ يَهُوذَا،,"Pada hari-hari itu, Maria bersiap-siap untuk segera pergi ke daerah pegunungan, ke suatu kota di Yehuda.","Segera setelah itu, Maryam bersiap-siap, lalu bergegas pergi ke pegunungan, ke sebuah kota di Yudea.",
Lukas,1,40,Lukas 1:40,وَدَخَلَتْ بَيْتَ زَكَرِيَّا وَسَلَّمَتْ عَلَى أَلِيصَابَاتَ.,Ia masuk ke rumah Zakharia dan memberi salam kepada Elisabet.,Ia masuk ke rumah Zakharia dan memberi salam kepada Elisabet.,
Lukas,1,41,Lukas 1:41,فَلَمَّا سَمِعَتْ أَلِيصَابَاتُ سَلَامَ مَرْيَمَ ٱرْتَكَضَ ٱلْجَنِينُ فِي بَطْنِهَا، وَٱمْتَلَأَتْ أَلِيصَابَاتُ مِنَ ٱلرُّوحِ ٱلْقُدُسِ،,"Ketika Elisabet mendengar salam dari Maria, anak di dalam kandungannya melompat dan Elisabet dipenuhi Roh Kudus.","Ketika Elisabet mendengar salam Maryam, bayi yang ada dalam rahimnya bergerak-gerak dengan kuat, lalu Elisabet dikuasai oleh Ruh Allah.",
Lukas,1,42,Lukas 1:42,وَصَرَخَتْ بِصَوْتٍ عَظِيمٍ وَقَالَتْ: «مُبَارَكَةٌ أَنْتِ فِي ٱلنِّسَاءِ وَمُبَارَكَةٌ هِيَ ثَمَرَةُ بَطْنِكِ!,"Kemudian Elisabet berseru dengan suara keras, “Diberkatilah engkau di antara semua perempuan, dan diberkatilah buah kandunganmu .","Dengan suara yang nyaring ia berseru kepada Maryam, “Engkau paling dilimpahi berkah di antara semua perempuan. Diberkahi pula bayi yang ada dalam kandunganmu.",
Lukas,1,43,Lukas 1:43,فَمِنْ أَيْنَ لِي هَذَا أَنْ تَأْتِيَ أُمُّ رَبِّي إِلَيَّ؟,Siapakah aku ini sehingga ibu Tuhanku datang kepadaku?,Siapakah aku ini sehingga ibu dari Junjunganku datang mengunjungiku?,
Lukas,1,44,Lukas 1:44,فَهُوَذَا حِينَ صَارَ صَوْتُ سَلَامِكِ فِي أُذُنَيَّ ٱرْتَكَضَ ٱلْجَنِينُ بِٱبْتِهَاجٍ فِي بَطْنِي.,"Sungguh, ketika suara salammu sampai ke telingaku, anak dalam kandunganku melompat karena sukacita.","Sebab ketika salammu itu terdengar oleh telingaku, bayi yang ada dalam kandunganku tiba-tiba melonjak kegirangan.",
Lukas,1,45,Lukas 1:45,فَطُوبَى لِلَّتِي آمَنَتْ أَنْ يَتِمَّ مَا قِيلَ لَهَا مِنْ قِبَلِ ٱلرَّبِّ».,Berbahagialah dia yang percaya bahwa apa yang dikatakan Tuhan kepadanya akan digenapi.”,"Berbahagialah engkau, Maryam, karena engkau percaya bahwa apa yang dikatakan Tuhan kepadamu akan terjadi.”",
Lukas,1,46,Lukas 1:46,فَقَالَتْ مَرْيَمُ: «تُعَظِّمُ نَفْسِي ٱلرَّبَّ،,"Lalu, berkatalah Maria, “Jiwaku memuliakan Allah,","Lalu, Maryam berkata, “Jiwaku memuliakan Tuhan",
Lukas,1,47,Lukas 1:47,وَتَبْتَهِجُ رُوحِي بِٱللهِ مُخَلِّصِي،,"dan rohku bersukacita di dalam Allah, Juru Selamatku.",dan ruhku bergembira karena Allah Penyelamatku.,
Lukas,1,48,Lukas 1:48,لِأَنَّهُ نَظَرَ إِلَى ٱتِّضَاعِ أَمَتِهِ. فَهُوَذَا مُنْذُ ٱلْآنَ جَمِيعُ ٱلْأَجْيَالِ تُطَوِّبُنِي،,"Sebab, Allah telah memperhitungkan hamba-Nya yang hina ini. Dengarlah, mulai sekarang dan seterusnya, seluruh generasi akan menyebutku berbahagia.",Ia memperhatikan kerendahan hamba-Nya. Mulai sekarang ini hingga zaman ke zaman semua orang akan menyebut aku berbahagia,
Lukas,1,49,Lukas 1:49,لِأَنَّ ٱلْقَدِيرَ صَنَعَ بِي عَظَائِمَ، وَٱسْمُهُ قُدُّوسٌ،,"Karena Ia Yang Mahakuasa telah melakukan hal-hal yang besar kepadaku, dan kuduslah nama-Nya.",sebab Yang Mahakuasa telah melakukan hal-hal yang besar bagiku. Mahasuci nama-Nya.,
Lukas,1,50,Lukas 1:50,وَرَحْمَتُهُ إِلَى جِيلِ ٱلْأَجْيَالِ لِلَّذِينَ يَتَّقُونَهُ.,"Rahmat-Nya diberikan dari generasi ke generasi, kepada orang-orang yang takut akan Dia.",Rahmat-Nya berlaku turun-temurun bagi orang yang bertakwa kepada-Nya.,
Lukas,1,51,Lukas 1:51,صَنَعَ قُوَّةً بِذِرَاعِهِ. شَتَّتَ ٱلْمُسْتَكْبِرِينَ بِفِكْرِ قُلُوبِهِمْ.,Ia telah menunjukkan kuasa-Nya dengan tangan-Nya. Ia mencerai-beraikan orang-orang yang sombong dalam pikiran hatinya.,"Ditunjukkan-Nya kekuatan-Nya melalui pekerjaan tangan-Nya, dan dicerai-beraikan-Nya orang yang sombong hatinya.",
Lukas,1,52,Lukas 1:52,أَنْزَلَ ٱلْأَعِزَّاءَ عَنِ ٱلْكَرَاسِيِّ وَرَفَعَ ٱلْمُتَّضِعِينَ.,"Ia menurunkan para penguasa dari takhta mereka, dan meninggikan orang-orang yang rendah hati.",Raja-raja diturunkan-Nya dari takhta kerajaannya dan orang-orang yang rendah ditinggikan kedudukannya.,
Lukas,1,53,Lukas 1:53,أَشْبَعَ ٱلْجِيَاعَ خَيْرَاتٍ وَصَرَفَ ٱلْأَغْنِيَاءَ فَارِغِينَ.,"Ia telah mengenyangkan orang yang lapar dengan kebaikan, tetapi mengusir orang kaya pergi dengan tangan kosong.",Orang yang lapar dikenyangkan-Nya dengan hal-hal yang baik dan orang kaya disuruhnya pergi dengan tangan hampa.,
Lukas,1,54,Lukas 1:54,عَضَدَ إِسْرَائِيلَ فَتَاهُ لِيَذْكُرَ رَحْمَةً،,"Allah telah memberikan pertolongan kepada Israel, hamba-Nya, karena mengingat rahmat-Nya,","Ditolong-Nya Israil, hamba-Nya,",
Lukas,1,55,Lukas 1:55,كَمَا كَلَّمَ آبَاءَنَا. لِإِبْراهِيمَ وَنَسْلِهِ إِلَى ٱلْأَبَدِ».,"sebagaimana yang telah Ia katakan kepada nenek moyang kita, kepada Abraham dan keturunannya untuk selama-lamanya.”","karena Ia ingat akan rahmat-Nya yang dijanjikan-Nya kepada nenek moyang kita, kepada Nabi Ibrahim dan keturunannya untuk selama-lamanya.”",
Lukas,1,56,Lukas 1:56,فَمَكَثَتْ مَرْيَمُ عِنْدَهَا نَحْوَ ثَلَاثَةِ أَشْهُرٍ، ثُمَّ رَجَعَتْ إِلَى بَيْتِهَا.,"Dan, Maria tinggal bersama Elisabet kira-kira tiga bulan lamanya, lalu ia pulang ke rumahnya.","Maryam tinggal di rumah Elisabet kira-kira tiga bulan lamanya, kemudian ia pulang ke rumahnya.",
Lukas,1,57,Lukas 1:57,وَأَمَّا أَلِيصَابَاتُ فَتَمَّ زَمَانُهَا لِتَلِدَ، فَوَلَدَتِ ٱبْنًا.,Sekarang tibalah waktunya bagi Elisabet untuk melahirkan dan ia melahirkan seorang anak laki-laki.,"Setelah genap bulannya bagi Elisabet untuk bersalin, ia melahirkan seorang anak laki-laki.",
Lukas,1,58,Lukas 1:58,وَسَمِعَ جِيرَانُهَا وَأَقْرِبَاؤُهَا أَنَّ ٱلرَّبَّ عَظَّمَ رَحْمَتَهُ لَهَا، فَفَرِحُوا مَعَهَا.,"Para tetangga dan keluarganya mendengar bahwa Tuhan telah menunjukkan rahmat-Nya yang besar kepada Elisabet, dan mereka bersukacita bersama dengannya.","Tetangga-tetangganya dan kaum keluarganya mendengar bahwa Tuhan telah melimpahkan rahmat-Nya kepada Elisabet. Maka, mereka pun bergembira bersama-sama dengannya.",
Lukas,1,59,Lukas 1:59,وَفِي ٱلْيَوْمِ ٱلثَّامِنِ جَاءُوا لِيَخْتِنُوا ٱلصَّبِيَّ، وَسَمَّوْهُ بِٱسْمِ أَبِيهِ زَكَرِيَّا.,"Pada hari yang kedelapan, mereka datang untuk menyunatkan anak itu . Mereka hendak menamai anak itu Zakharia, seperti nama ayahnya.","Pada hari yang kedelapan datanglah mereka untuk mengkhitankan anak itu. Mereka hendak menamainya Zakharia, seperti nama ayahnya,",
Lukas,1,60,Lukas 1:60,فَأَجَابَتْ أمُّهُ وَقَالَتْ: «لَا! بَلْ يُسَمَّى يُوحَنَّا».,"Akan tetapi, ibunya berkata, “Tidak, ia akan dinamai Yohanes.”","tetapi ibunya berkata, “Jangan, ia harus diberi nama Yahya.”",
Lukas,1,61,Lukas 1:61,فَقَالُوا لَهَا: «لَيْسَ أَحَدٌ فِي عَشِيرَتِكِ تَسَمَّى بِهَذَا ٱلِٱسْمِ».,"Orang-orang itu berkata kepada Elisabet, “Tidak ada seorang pun di antara sanak saudaramu yang dinamai dengan nama itu.”","Mereka berkata, “Dalam keluargamu tidak ada seorang pun yang namanya begitu.”",
Lukas,1,62,Lukas 1:62,ثُمَّ أَوْمَأُوا إِلَى أَبِيهِ، مَاذَا يُرِيدُ أَنْ يُسَمَّى.,"Kemudian, mereka memberi isyarat kepada Zakharia untuk menanyakan kepadanya, nama apa yang ingin diberikannya kepada anaknya itu.","Lalu, dengan isyarat mereka bertanya kepada Zakharia, ayahnya, apa nama yang hendak diberikannya kepada anaknya itu.",
Lukas,1,63,Lukas 1:63,فَطَلَبَ لَوْحًا وَكَتَبَ قَائِلًا: «ٱسْمُهُ يُوحَنَّا». فَتَعَجَّبَ ٱلْجَمِيعُ.,"Zakharia meminta sebuah papan tulis, dan menulis seperti ini: “Namanya Yohanes.” Dan, semua orang menjadi heran.","Zakharia meminta sebuah batu tulis dari mereka, lalu menulis demikian, “Namanya Yahya.” Mereka semua heran.",
Lukas,1,64,Lukas 1:64,وَفِي ٱلْحَالِ ٱنْفَتَحَ فَمُهُ وَلِسَانُهُ وَتَكَلَّمَ وَبَارَكَ ٱللهَ.,"Seketika itu juga, mulut Zakharia terbuka dan lidahnya terbebas. Ia pun mulai berbicara dan memuji Allah.","Seketika itu juga mulut Zakharia dapat berbicara lagi dan lidahnya tidak lagi kaku, lalu ia memuliakan Allah.",
Lukas,1,65,Lukas 1:65,فَوَقَعَ خَوْفٌ عَلَى كُلِّ جِيرَانِهِمْ. وَتُحُدِّثَ بِهَذِهِ ٱلْأُمُورِ جَمِيعِهَا فِي كُلِّ جِبَالِ ٱلْيَهُودِيَّةِ،,Semua tetangga mereka menjadi takut dan kejadian ini menjadi bahan pembicaraan di seluruh desa perbukitan Yudea.,Orang-orang yang tinggal di sekitarnya menjadi takut. Semua peristiwa yang terjadi dibicarakan orang di seluruh daerah pegunungan Yudea.,
Lukas,1,66,Lukas 1:66,فَأَوْدَعَهَا جَمِيعُ ٱلسَّامِعِينَ فِي قُلُوبِهِمْ قَائِلِينَ: «أَتَرَى مَاذَا يَكُونُ هَذَا ٱلصَّبِيُّ؟». وَكَانَتْ يَدُ ٱلرَّبِّ مَعَهُ.,"Dan, semua orang yang mendengar hal ini bertanya-tanya dalam hati mereka, “Akan menjadi apakah anak ini nanti?” Sebab, tangan Tuhan menyertainya.","Setiap orang yang mendengar tentang hal itu berkata dalam hatinya, “Apa gerangan yang akan terjadi dengan anak itu nanti?” Karena tangan Tuhan menyertai dia.",
Lukas,1,67,Lukas 1:67,وَٱمْتَلَأَ زَكَرِيَّا أَبُوهُ مِنَ ٱلرُّوحِ ٱلْقُدُسِ، وَتَنَبَّأَ قَائِلًا:,"Zakaria, ayah Yohanes, juga dipenuhi dengan Roh Kudus dan bernubuat, katanya,","Zakharia, ayah anak itu, dikuasai oleh Ruh Allah, lalu bernubuat,",
Lukas,1,68,Lukas 1:68,«مُبَارَكٌ ٱلرَّبُّ إِلَهُ إِسْرَائِيلَ لِأَنَّهُ ٱفْتَقَدَ وَصَنَعَ فِدَاءً لِشَعْبِهِ،,"“Terpujilah Tuhan, Allah Israel sebab Ia telah melawat dan menebus umat-Nya.","“Segala puji bagi Allah, Tuhan bani Israil. Ia telah melawat umat-Nya dan membebaskan mereka.",
Lukas,1,69,Lukas 1:69,وَأَقَامَ لَنَا قَرْنَ خَلَاصٍ فِي بَيْتِ دَاوُدَ فَتَاهُ.,"Ia telah membangkitkan tanduk keselamatan untuk kita dari keturunan Daud, hamba-Nya,","Ia menetapkan bagi kita Penyelamat yang berkuasa dari antara keturunan Daud, hamba-Nya,",
Lukas,1,70,Lukas 1:70,كَمَا تَكَلَّمَ بِفَمِ أَنْبِيَائِهِ ٱلْقِدِّيسِينَ ٱلَّذِينَ هُمْ مُنْذُ ٱلدَّهْرِ،,seperti yang Ia firmankan melalui mulut nabi-nabi-Nya yang kudus sejak dahulu kala,seperti yang telah difirmankan-Nya melalui nabi-nabi-Nya yang suci sejak dahulu kala.,
Lukas,1,71,Lukas 1:71,خَلَاصٍ مِنْ أَعْدَائِنَا وَمِنْ أَيْدِي جَمِيعِ مُبْغِضِينَا.,"supaya kita diselamatkan dari musuh-musuh kita, dan dari tangan semua orang yang membenci kita.",Dialah yang menyelamatkan kita dari musuh-musuh kita dan dari tangan semua orang yang membenci kita.,
Lukas,1,72,Lukas 1:72,لِيَصْنَعَ رَحْمَةً مَعَ آبَائِنَا وَيَذْكُرَ عَهْدَهُ ٱلْمُقَدَّسَ،,"Ia melakukannya untuk menunjukkan rahmat kepada nenek moyang kita, dan karena mengingat akan perjanjian-Nya yang kudus,","Hal itu dilakukan-Nya untuk menunjukkan belas kasihan-Nya kepada nenek moyang kita dan untuk mengingat perjanjian-Nya yang suci,",
Lukas,1,73,Lukas 1:73,ٱلْقَسَمَ ٱلَّذِي حَلَفَ لِإِبْرَاهِيمَ أَبِينَا:,"yaitu sumpah yang Ia ucapkan kepada nenek moyang kita, Abraham,","yaitu sumpah yang diucapkan-Nya kepada Ibrahim, nenek moyang kita,",
Lukas,1,74,Lukas 1:74,أَنْ يُعْطِيَنَا إِنَّنَا بِلَا خَوْفٍ، مُنْقَذِينَ مِنْ أَيْدِي أَعْدَائِنَا، نَعْبُدُهُ,"bahwa kita akan dibebaskan dari tangan musuh-musuh kita supaya kita dapat melayani-Nya tanpa rasa takut,",untuk melepaskan kita dari tangan musuh-musuh kita supaya tanpa takut kita dapat beribadah kepada-Nya,
Lukas,1,75,Lukas 1:75,بِقَدَاسَةٍ وَبِرٍّ قُدَّامَهُ جَمِيعَ أَيَّامِ حَيَاتِنَا.,"dalam kekudusan dan kebenaran di hadapan-Nya, seumur hidup kita.",dalam kesucian dan kesalehan di hadapan-Nya seumur hidup kita.,
Lukas,1,76,Lukas 1:76,وَأَنْتَ أَيُّهَا ٱلصَّبِيُّ نَبِيَّ ٱلْعَلِيِّ تُدْعَى، لِأَنَّكَ تَتَقَدَّمُ أَمَامَ وَجْهِ ٱلرَّبِّ لِتُعِدَّ طُرُقَهُ.,"Dan engkau, anakku, akan disebut nabi Allah Yang Mahatinggi, sebab engkau akan berjalan mendahului Tuhan, untuk mempersiapkan jalan bagi-Nya.","Engkau, anakku, akan disebut nabi Allah Yang Mahatinggi karena engkau akan mendahului Tuhan untuk mempersiapkan jalan bagi-Nya",
Lukas,1,77,Lukas 1:77,لِتُعْطِيَ شَعْبَهُ مَعْرِفَةَ ٱلْخَلَاصِ بِمَغْفِرَةِ خَطَايَاهُمْ،,Untuk memberikan pengertian tentang keselamatan kepada umat-Nya melalui pengampunan atas dosa-dosa mereka.,dan untuk memberi pengertian kepada umat-Nya mengenai keselamatan yang didasarkan atas pengampunan dosa-dosa mereka,
Lukas,1,78,Lukas 1:78,بِأَحْشَاءِ رَحْمَةِ إِلَهِنَا ٱلَّتِي بِهَا ٱفْتَقَدَنَا ٱلْمُشْرَقُ مِنَ ٱلْعَلَاءِ.,"Karena rahmat dan belas kasih Allah kita, sinar Matahari akan menyinari kita dari tempat tinggi","karena kemurahan hati Tuhan kita. Bagaikan sinar surya di pagi hari dari tempat yang tinggi, demikian Ia datang melawat kita",
Lukas,1,79,Lukas 1:79,لِيُضِيءَ عَلَى ٱلْجَالِسِينَ فِي ٱلظُّلْمَةِ وَظِلَالِ ٱلْمَوْتِ، لِكَيْ يَهْدِيَ أَقْدَامَنَا فِي طَرِيقِ ٱلسَّلَامِ».,"untuk menyinari mereka yang tinggal dalam kegelapan dan yang berada dalam bayang-bayang maut, untuk menuntun kaki kita menuju ke jalan damai sejahtera.”","untuk menyinari orang yang hidup dalam kegelapan dan yang berada dalam bayang-bayang maut, serta mengarahkan langkah kita kepada jalan kesentosaan.”",
Lukas,1,80,Lukas 1:80,أَمَّا ٱلصَّبِيُّ فَكَانَ يَنْمُو وَيَتَقَوَّى بِٱلرُّوحِ، وَكَانَ فِي ٱلْبَرَارِي إِلَى يَوْمِ ظُهُورِهِ لِإِسْرَائِيلَ.,"Maka, anak itu bertumbuh semakin besar, dan semakin kuat di dalam roh. Ia tinggal di padang belantara sampai tiba waktunya untuk menunjukkan diri kepada bangsa Israel.",Anak Zakharia itu bertambah besar dan ruhnya semakin kuat. Ia tinggal di padang belantara sampai pada saatnya ia harus tampil di depan bani Israil.,
Lukas,2,1,Lukas 2:1,وَفِي تِلْكَ ٱلْأَيَّامِ صَدَرَ أَمْرٌ مِنْ أُوغُسْطُسَ قَيْصَرَ بِأَنْ يُكْتَتَبَ كُلُّ ٱلْمَسْكُونَةِ.,"Pada waktu itu, Kaisar Agustus mengeluarkan perintah agar diadakan sensus bagi semua penduduk di seluruh dunia .","Pada waktu itu, Kaisar Agustus mengeluarkan perintah supaya diadakan sensus di seluruh dunia.",
Lukas,2,2,Lukas 2:2,وَهَذَا ٱلِٱكْتِتَابُ ٱلْأَوَّلُ جَرَى إِذْ كَانَ كِيرِينِيُوسُ وَالِيَ سُورِيَّةَ.,Inilah sensus penduduk yang pertama kali diadakan ketika Kirenius menjadi gubernur di Siria.,Itulah sensus yang pertama kali diadakan ketika Kirenius menjadi penguasa di Siria.,
Lukas,2,3,Lukas 2:3,فَذَهَبَ ٱلْجَمِيعُ لِيُكْتَتَبُوا، كُلُّ وَاحِدٍ إِلَى مَدِينَتِهِ.,"Maka, semua orang kembali ke kota asal mereka masing-masing untuk mendaftarkan diri.","Karena itu, semua orang yang akan disensus kembali ke kotanya masing-masing.",
Lukas,2,4,Lukas 2:4,فَصَعِدَ يُوسُفُ أَيْضًا مِنَ ٱلْجَلِيلِ مِنْ مَدِينَةِ ٱلنَّاصِرَةِ إِلَى ٱلْيَهُودِيَّةِ، إِلَى مَدِينَةِ دَاوُدَ ٱلَّتِي تُدْعَى بَيْتَ لَحْمٍ، لِكَوْنِهِ مِنْ بَيْتِ دَاوُدَ وَعَشِيرَتِهِ،,"Yusuf juga meninggalkan Nazaret, kota di Galilea, dan menuju Yudea, ke kota Daud yang disebut Betlehem, karena ia berasal dari garis keturunan Daud,","Yusuf pun berangkat dari Kota Nazaret di Galilea ke Baitlahim, kota Daud, di wilayah Yudea sebab ia dari keluarga dan keturunan Daud.",
Lukas,2,5,Lukas 2:5,لِيُكْتَتَبَ مَعَ مَرْيَمَ ٱمْرَأَتِهِ ٱلْمَخْطُوبَةِ وَهِيَ حُبْلَى.,"supaya ia didaftarkan bersama dengan Maria, tunangannya, yang sedang hamil.","Ia pergi mendaftarkan diri bersama Maryam, tunangannya, yang pada waktu itu sedang mengandung.",
Lukas,2,6,Lukas 2:6,وَبَيْنَمَا هُمَا هُنَاكَ تَمَّتْ أَيَّامُهَا لِتَلِدَ.,"Ketika Yusuf dan Maria berada di Betlehem, tibalah waktunya bagi Maria untuk melahirkan.","Ketika mereka di sana, tibalah waktunya bagi Maryam untuk melahirkan.",
Lukas,2,7,Lukas 2:7,فَوَلَدَتِ ٱبْنَهَا ٱلْبِكْرَ وَقَمَّطَتْهُ وَأَضْجَعَتْهُ فِي ٱلْمِذْوَدِ، إِذْ لَمْ يَكُنْ لَهُمَا مَوْضِعٌ فِي ٱلْمَنْزِلِ.,Maria pun melahirkan Anak laki-lakinya yang pertama. Ia membungkus-Nya dengan kain lampin dan membaringkan-Nya di dalam palungan karena tidak ada tempat bagi mereka di rumah penginapan.,"Ia melahirkan seorang anak laki-laki, anaknya yang sulung. Maryam membungkus-Nya dengan kain bedung, lalu membaringkan-Nya di dalam palungan karena tidak ada tempat bagi mereka untuk menginap.",
Lukas,2,8,Lukas 2:8,وَكَانَ فِي تِلْكَ ٱلْكُورَةِ رُعَاةٌ مُتَبَدِّينَ يَحْرُسُونَ حِرَاسَاتِ ٱللَّيْلِ عَلَى رَعِيَّتِهِمْ،,"Di daerah yang sama, ada beberapa gembala yang tinggal di padang untuk menjaga kawanan domba mereka pada waktu malam.",Di daerah itu ada beberapa orang gembala yang sedang menjaga kawanan ternak mereka di padang pada waktu malam.,
Lukas,2,9,Lukas 2:9,وَإِذَا مَلَاكُ ٱلرَّبِّ وَقَفَ بِهِمْ، وَمَجْدُ ٱلرَّبِّ أَضَاءَ حَوْلَهُمْ، فَخَافُوا خَوْفًا عَظِيمًا.,"Tiba-tiba, malaikat Tuhan berdiri di depan mereka dan kemuliaan Tuhan bersinar di sekeliling mereka sehingga mereka sangat ketakutan.",Tiba-tiba malaikat Tuhan berdiri di dekat mereka dan cahaya kemuliaan Tuhan menyinari mereka. Mereka pun sangat ketakutan.,
Lukas,2,10,Lukas 2:10,فَقَالَ لَهُمُ ٱلْمَلَاكُ: «لَا تَخَافُوا! فَهَا أَنَا أُبَشِّرُكُمْ بِفَرَحٍ عَظِيمٍ يَكُونُ لِجَمِيعِ ٱلشَّعْبِ:,"Akan tetapi, malaikat itu berkata kepada mereka, “Jangan takut sebab dengarlah, Aku memberitakan kepadamu kabar baik tentang sukacita besar yang diperuntukkan bagi semua bangsa.","Malaikat itu berkata, “Jangan takut. Aku membawa kabar baik bagimu, yaitu kabar yang mendatangkan kesukaan besar bagi seluruh bangsa.",
Lukas,2,11,Lukas 2:11,أَنَّهُ وُلِدَ لَكُمُ ٱلْيَوْمَ فِي مَدِينَةِ دَاوُدَ مُخَلِّصٌ هُوَ ٱلْمَسِيحُ ٱلرَّبُّ.,"Pada hari ini, telah lahir bagimu seorang Juru Selamat, yaitu Kristus, Tuhan, di kota Daud.","Hari ini telah lahir bagimu di kota Daud seorang Penyelamat, yaitu Al-Masih, Junjungan kita.",
Lukas,2,12,Lukas 2:12,وَهَذِهِ لَكُمُ ٱلْعَلَامَةُ: تَجِدُونَ طِفْلًا مُقَمَّطًا مُضْجَعًا فِي مِذْوَدٍ».,Inilah tanda bagimu: Kamu akan menemukan Bayi yang dibungkus dengan kain lampin dan berbaring di dalam palungan.”,Inilah tandanya: Kamu akan menjumpai bayi yang dibungkus dengan kain bedung dan berbaring di palungan.”,
Lukas,2,13,Lukas 2:13,وَظَهَرَ بَغْتَةً مَعَ ٱلْمَلَاكِ جُمْهُورٌ مِنَ ٱلْجُنْدِ ٱلسَّمَاوِيِّ مُسَبِّحِينَ ٱللهَ وَقَائِلِينَ:,"Tiba-tiba, tampaklah bersama-sama malaikat itu sekumpulan besar tentara surgawi yang memuji Allah dan berkata,","Tiba-tiba bersama-sama dengan malaikat itu hadir banyak sekali tentara surgawi. Mereka memuji Allah dan berkata,",
Lukas,2,14,Lukas 2:14,«ٱلْمَجْدُ لِلهِ فِي ٱلْأَعَالِي، وَعَلَى ٱلْأَرْضِ ٱلسَّلَامُ، وَبِالنَّاسِ ٱلْمَسَرَّةُ».,"“Kemuliaan bagi Allah di tempat yang mahatinggi dan damai sejahtera di bumi, di antara orang-orang yang berkenan kepada-Nya.”","“Kemuliaan bagi Allah di tempat yang mahatinggi, sejahtera di bumi bagi orang yang berkenan di hati Allah.”",
Lukas,2,15,Lukas 2:15,وَلَمَّا مَضَتْ عَنْهُمُ ٱلْمَلَائِكَةُ إِلَى ٱلسَّمَاءِ، قَالَ ٱلرِّجَالُ ٱلرُّعَاةُ بَعْضُهُمْ لِبَعْضٍ: «لِنَذْهَبِ ٱلْآنَ إِلَى بَيْتِ لَحْمٍ وَنَنْظُرْ هَذَا ٱلْأَمْرَ ٱلْوَاقِعَ ٱلَّذِي أَعْلَمَنَا بِهِ ٱلرَّبُّ».,"Ketika para malaikat meninggalkan para gembala itu dan kembali ke surga, para gembala itu berkata satu kepada yang lain, “Mari kita ke Betlehem untuk melihat hal-hal yang sudah terjadi ini, yang telah Tuhan beritahukan kepada kita.”","Kemudian, malaikat-malaikat itu meninggalkan gembala-gembala itu dan kembali ke surga. Lalu, gembala-gembala itu berkata satu sama lain, “Mari kita ke Baitlahim melihat semua yang terjadi, seperti yang diberitahukan Tuhan kepada kita.”",
Lukas,2,16,Lukas 2:16,فَجَاءُوا مُسْرِعِينَ، وَوَجَدُوا مَرْيَمَ وَيُوسُفَ وَٱلطِّفْلَ مُضْجَعًا فِي ٱلْمِذْوَدِ.,"Lalu, mereka cepat-cepat pergi dan menemukan Maria dan Yusuf, serta Bayi yang terbaring di palungan.","Mereka pun segera pergi, lalu mendapati Maryam, Yusuf, dan bayi itu, yang sedang berbaring di palungan.",
Lukas,2,17,Lukas 2:17,فَلَمَّا رَأَوْهُ أَخْبَرُوا بِٱلْكَلَامِ ٱلَّذِي قِيلَ لَهُمْ عَنْ هَذَا ٱلصَّبِيِّ.,"Ketika para gembala melihat Dia, mereka menceritakan perkataan yang telah dikatakan kepada mereka tentang Anak itu.","Setelah mereka melihat bayi itu, mereka memberitakan kepada orang-orang, apa yang dikatakan oleh malaikat mengenai anak itu.",
Lukas,2,18,Lukas 2:18,وَكُلُّ ٱلَّذِينَ سَمِعُوا تَعَجَّبُوا مِمَّا قِيلَ لَهُمْ مِنَ ٱلرُّعَاةِ.,"Dan, semua orang yang mendengar hal itu heran atas hal-hal yang dikatakan para gembala kepada mereka.",Semua orang yang mendengar apa yang diceritakan oleh gembala-gembala itu merasa heran.,
Lukas,2,19,Lukas 2:19,وَأَمَّا مَرْيَمُ فَكَانَتْ تَحْفَظُ جَمِيعَ هَذَا ٱلْكَلَامِ مُتَفَكِّرَةً بِهِ فِي قَلْبِهَا.,"Akan tetapi, Maria menyimpan hal itu dan merenungkannya dalam hatinya.","Akan tetapi, Maryam menyimpan semua hal itu di dalam hatinya dan merenungkannya.",
Lukas,2,20,Lukas 2:20,ثُمَّ رَجَعَ ٱلرُّعَاةُ وَهُمْ يُمَجِّدُونَ ٱللهَ وَيُسَبِّحُونَهُ عَلَى كُلِّ مَا سَمِعُوهُ وَرَأَوْهُ كَمَا قِيلَ لَهُمْ.,"Lalu, para gembala kembali kepada domba-domba mereka sambil memuliakan dan memuji Allah atas semua yang telah mereka lihat dan dengar seperti yang dikatakan kepada mereka.","Lalu, gembala-gembala itu pulang sambil memuji dan memuliakan Allah sebab semua yang mereka dengar dan mereka lihat, sama seperti apa yang telah disampaikan malaikat itu kepada mereka.",
Lukas,2,21,Lukas 2:21,وَلَمَّا تَمَّتْ ثَمَانِيَةُ أَيَّامٍ لِيَخْتِنُوا ٱلصَّبِيَّ سُمِّيَ يَسُوعَ، كَمَا تَسَمَّى مِنَ ٱلْمَلَاكِ قَبْلَ أَنْ حُبِلَ بِهِ فِي ٱلْبَطْنِ.,"Dan, setelah genap delapan hari untuk menyunatkan Bayi itu, nama-Nya disebut Yesus, seperti nama yang diberikan oleh malaikat sebelum Ia dikandung di dalam rahim.","Setelah delapan hari, tibalah waktunya bagi bayi itu untuk dikhitan. Mereka menamai-Nya Isa, seperti yang dikatakan oleh malaikat kepada mereka sebelum Ia ada di dalam kandungan.",
Lukas,2,22,Lukas 2:22,وَلَمَّا تَمَّتْ أَيَّامُ تَطْهِيرِهَا، حَسَبَ شَرِيعَةِ مُوسَى، صَعِدُوا بِهِ إِلَى أُورُشَلِيمَ لِيُقَدِّمُوهُ لِلرَّبِّ،,"Ketika hari-hari penyucian sesuai hukum Musa telah usai, Maria dan Yusuf membawa Yesus ke Yerusalem untuk menyerahkan-Nya kepada Tuhan,","Ketika sudah genap hari penyucian menurut hukum Nabi Musa, mereka membawa anak itu ke Yerusalem untuk diserahkan kepada Tuhan",
Lukas,2,23,Lukas 2:23,كَمَا هُوَ مَكْتُوبٌ فِي نَامُوسِ ٱلرَّبِّ: أَنَّ كُلَّ ذَكَرٍ فَاتِحَ رَحِمٍ يُدْعَى قُدُّوسًا لِلرَّبِّ.,"seperti yang tertulis dalam hukum Tuhan, “Setiap anak laki-laki sulung harus dikuduskan bagi Tuhan","sebab dalam hukum Allah tertulis, “Setiap anak laki-laki sulung akan disucikan bagi Tuhan.”",
Lukas,2,24,Lukas 2:24,وَلِكَيْ يُقَدِّمُوا ذَبِيحَةً كَمَا قِيلَ فِي نَامُوسِ ٱلرَّبِّ: زَوْجَ يَمَامٍ أَوْ فَرْخَيْ حَمَامٍ.,"dan untuk memberikan persembahan sesuai dengan apa yang dikatakan dalam hukum Tuhan, yaitu sepasang burung dara atau dua ekor burung merpati muda .”","Selain itu, mereka pun hendak mempersembahkan kurban sebagaimana ditentukan dalam hukum Tuhan, yaitu sepasang burung tekukur atau dua ekor anak burung merpati.",
Lukas,2,25,Lukas 2:25,وَكَانَ رَجُلٌ فِي أُورُشَلِيمَ ٱسْمُهُ سِمْعَانُ، وَهَذَا ٱلرَّجُلُ كَانَ بَارًّا تَقِيًّا يَنْتَظِرُ تَعْزِيَةَ إِسْرَائِيلَ، وَٱلرُّوحُ ٱلْقُدُسُ كَانَ عَلَيْهِ.,"Ada seorang laki-laki bernama Simeon yang tinggal di Yerusalem. Ia adalah orang yang benar dan saleh, yang menanti-nantikan penghiburan Allah atas Israel, dan Roh Kudus menyertainya.",Di Yerusalem ada seorang laki-laki bernama Simeon. Ia seorang saleh dan bertakwa serta sedang menantikan penghiburan dari Allah untuk bani Israil. Ruh Allah ada padanya.,
Lukas,2,26,Lukas 2:26,وَكَانَ قَدْ أُوحِيَ إِلَيْهِ بِٱلرُّوحِ ٱلْقُدُسِ أَنَّهُ لَا يَرَى ٱلْمَوْتَ قَبْلَ أَنْ يَرَى مَسِيحَ ٱلرَّبِّ.,Roh Kudus memberitahunya bahwa ia tidak akan mati sebelum melihat Kristus yang diurapi Tuhan.,"Ia telah menerima wahyu dari Ruh bahwa ia tidak akan meninggal sebelum ia melihat Al-Masih, yang datang dari Tuhan.",
Lukas,2,27,Lukas 2:27,فَأَتَى بِٱلرُّوحِ إِلَى ٱلْهَيْكَلِ. وَعِنْدَمَا دَخَلَ بِٱلصَّبِيِّ يَسُوعَ أَبَوَاهُ، لِيَصْنَعَا لَهُ حَسَبَ عَادَةِ ٱلنَّامُوسِ،,"Lalu, Simeon datang ke Bait Allah atas tuntunan Roh Kudus, ketika Yusuf dan Maria membawa Bayi Yesus ke Bait Allah untuk melaksanakan kepada-Nya apa yang telah ditentukan oleh hukum Taurat.","Atas pimpinan Ruh, ia masuk ke Bait Allah. Ketika anak itu, yaitu Isa, dibawa masuk oleh ibu bapak-Nya yang hendak memenuhi tuntutan hukum Taurat, yaitu hukum yang terdapat dalam Kitab Suci Taurat,",
Lukas,2,28,Lukas 2:28,أَخَذَهُ عَلَى ذِرَاعَيْهِ وَبَارَكَ ٱللهَ وَقَالَ:,"Kemudian, Simeon menggendong Bayi itu dan memuji Allah, katanya,","Simeon menyambut anak itu dan menggendong-Nya. Ia lalu memuji Allah, katanya,",
Lukas,2,29,Lukas 2:29,«ٱلْآنَ تُطْلِقُ عَبْدَكَ يَا سَيِّدُ حَسَبَ قَوْلِكَ بِسَلَامٍ،,"“Sekarang, ya Tuhan, kiranya Engkau mengizinkan pelayan-Mu ini pergi dalam damai, sesuai dengan firman-Mu;","“Ya Tuhan, biarlah sekarang hamba-Mu ini pergi dengan sejahtera sesuai dengan firman-Mu.",
Lukas,2,30,Lukas 2:30,لِأَنَّ عَيْنَيَّ قَدْ أَبْصَرَتَا خَلَاصَكَ،,"sebab mataku telah melihat keselamatan-Mu,","Sebab sudah kulihat sendiri keselamatan yang berasal dari-Mu,",
Lukas,2,31,Lukas 2:31,ٱلَّذِي أَعْدَدْتَهُ قُدَّامَ وَجْهِ جَمِيعِ ٱلشُّعُوبِ.,yang telah Engkau sediakan di hadapan semua bangsa;,"yaitu keselamatan yang telah Engkau sediakan di hadapan segala bangsa,",
Lukas,2,32,Lukas 2:32,نُورَ إِعْلَانٍ لِلْأُمَمِ، وَمَجْدًا لِشَعْبِكَ إِسْرَائِيلَ».,"yaitu cahaya yang akan menerangi bangsa-bangsa yang tidak mengenal Tuhan, dan yang menjadi kemuliaan bagi umat-Mu, Israel.”","terang yang menyatakan kebenaran kepada bangsa-bangsa lain dan mendatangkan kemuliaan bagi umat-Mu, Israil.”",
Lukas,2,33,Lukas 2:33,وَكَانَ يُوسُفُ وَأُمُّهُ يَتَعَجَّبَانِ مِمَّا قِيلَ فِيهِ.,Yusuf dan ibu Anak itu menjadi heran atas apa yang dikatakan Simeon tentang Dia.,Bapak dan ibu anak itu heran mendengar semua yang dikatakan mengenai anak mereka.,
Lukas,2,34,Lukas 2:34,وَبَارَكَهُمَا سِمْعَانُ، وَقَالَ لِمَرْيَمَ أُمِّهِ: «هَا إِنَّ هَذَا قَدْ وُضِعَ لِسُقُوطِ وَقِيَامِ كَثِيرِينَ فِي إِسْرَائِيلَ، وَلِعَلَامَةٍ تُقَاوَمُ.,"Kemudian, Simeon memberkati mereka dan berkata kepada Maria, ibu Yesus, “Dengar, Anak ini telah ditetapkan untuk menjatuhkan dan membangkitkan banyak orang di Israel, serta menjadi tanda yang ditentang banyak orang.","Lalu, Simeon memohonkan berkah untuk ibu bapak anak itu, dan berkata kepada Maryam, ibu anak itu, “Anak ini ditentukan untuk menjatuhkan dan membangunkan kembali banyak orang dari bani Israil. Ia juga akan menjadi suatu tanda yang menimbulkan pertentangan",
Lukas,2,35,Lukas 2:35,وَأَنْتِ أَيْضًا يَجُوزُ فِي نَفْسِكِ سَيْفٌ، لِتُعْلَنَ أَفْكَارٌ مِنْ قُلُوبٍ كَثِيرَةٍ».,"(Dan, sebilah pedang akan menusuk jiwamu) supaya isi hati banyak orang akan dinyatakan.”",sehingga pikiran dan hati banyak orang menjadi nyata. Jiwamu sendiri pun akan seperti ditikam pedang.”,
Lukas,2,36,Lukas 2:36,وَكَانَتْ نَبِيَّةٌ، حَنَّةُ بِنْتُ فَنُوئِيلَ مِنْ سِبْطِ أَشِيرَ، وَهِيَ مُتَقدِّمَةٌ فِي أَيَّامٍ كَثِيرَةٍ، قَدْ عَاشَتْ مَعَ زَوْجٍ سَبْعَ سِنِينَ بَعْدَ بُكُورِيَّتِهَا.,"Di sana juga ada seorang nabiah bernama Hana, anak Fanuel dari suku Asyer. Ia sudah sangat tua. Ia hanya hidup dengan suaminya selama tujuh tahun setelah pernikahannya,","Di situ ada juga seorang nabiah yang sudah tua sekali, namanya Hana, anak Fanuel dari suku Asyer. Ia menikah pada waktu muda dan hidup dengan suaminya tujuh tahun lamanya,",
Lukas,2,37,Lukas 2:37,وَهِيَ أَرْمَلَةٌ نَحْوَ أَرْبَعٍ وَثَمَانِينَ سَنَةً، لَا تُفَارِقُ ٱلْهَيْكَلَ، عَابِدَةً بِأَصْوَامٍ وَطَلِبَاتٍ لَيْلًا وَنَهَارًا.,"dan kemudian menjadi janda sampai usia 84 tahun. Ia tidak pernah meninggalkan Bait Allah, tetapi beribadah siang dan malam dengan berpuasa dan berdoa.",kemudian setelah itu ia menjadi janda. Sekarang umurnya delapan puluh empat tahun. Ia selalu ada di Bait Allah dan beribadah di situ siang malam dengan berpuasa dan berdoa.,
Lukas,2,38,Lukas 2:38,فَهِيَ فِي تِلْكَ ٱلسَّاعَةِ وَقَفَتْ تُسَبِّحُ ٱلرَّبَّ، وَتَكَلَّمَتْ عَنْهُ مَعَ جَمِيعِ ٱلْمُنْتَظِرِينَ فِدَاءً فِي أُورُشَلِيمَ.,"Pada waktu itu, datanglah Hana dan ia mengucap syukur kepada Allah serta menceritakan tentang Yesus kepada semua orang yang menanti-nantikan penebusan Yerusalem.","Pada saat itu ia pun datang ke situ dan mengucap syukur kepada Allah. Lalu, ia berbicara mengenai anak itu kepada semua orang yang sedang menantikan pembebasan bagi Yerusalem.",
Lukas,2,39,Lukas 2:39,وَلَمَّا أَكْمَلُوا كُلَّ شَيْءٍ حَسَبَ نَامُوسِ ٱلرَّبِّ، رَجَعُوا إِلَى ٱلْجَلِيلِ إِلَى مَدِينَتِهِمُ ٱلنَّاصِرَةِ.,"Setelah Yusuf dan Maria melakukan segala sesuatu sesuai hukum Tuhan, mereka kembali ke Galilea, ke kota asal mereka, yaitu Nazaret.","Setelah Yusuf dan Maryam selesai melakukan semua yang harus dijalankan menurut hukum Tuhan, mereka kembali ke Kota Nazaret, kota kediaman mereka di Galilea.",
Lukas,2,40,Lukas 2:40,وَكَانَ ٱلصَّبِيُّ يَنْمُو وَيَتَقَوَّى بِٱلرُّوحِ، مُمْتَلِئًا حِكْمَةً، وَكَانَتْ نِعْمَةُ ٱللهِ عَلَيْهِ.,"Anak itu pun bertumbuh semakin besar, kuat, penuh dengan hikmat, dan anugerah Allah ada pada-Nya.","Anak itu semakin besar dan bertambah kuat, serta penuh dengan hikmah. Rahmat Allah ada pada-Nya.",
Lukas,2,41,Lukas 2:41,وَكَانَ أَبَوَاهُ يَذْهَبَانِ كُلَّ سَنَةٍ إِلَى أُورُشَلِيمَ فِي عِيدِ ٱلْفِصْحِ.,"Setiap tahun, orang tua Yesus pergi ke Yerusalem pada Hari Raya Pesakh.","Setiap tahun pada hari raya Paskah, bapak dan ibu Isa selalu pergi ke Yerusalem untuk merayakan hari raya Paskah.",
Lukas,2,42,Lukas 2:42,وَلَمَّا كَانَتْ لَهُ ٱثْنَتَا عَشْرَةَ سَنَةً صَعِدُوا إِلَى أُورُشَلِيمَ كَعَادَةِ ٱلْعِيدِ.,"Ketika Yesus berumur dua belas tahun, mereka pergi ke sana sesuai kebiasaan hari raya itu.","Pada waktu Isa berumur dua belas tahun, mereka pergi ke Yerusalem seperti yang biasa mereka lakukan pada hari raya.",
Lukas,2,43,Lukas 2:43,وَبَعْدَمَا أَكْمَلُوا ٱلْأَيَّامَ بَقِيَ عِنْدَ رُجُوعِهِمَا ٱلصَّبِيُّ يَسُوعُ فِي أُورُشَلِيمَ، وَيُوسُفُ وَأُمُّهُ لَمْ يَعْلَمَا.,"Setelah perayaan itu berakhir, mereka pulang. Namun, Yesus tetap tinggal di Yerusalem tanpa sepengetahuan orang tua-Nya.","Setelah hari-hari raya itu berakhir, mereka pun berjalan pulang. Tetapi, Isa, anak mereka itu, masih tinggal di Yerusalem. Bapak dan ibu-Nya tidak mengetahui hal itu",
Lukas,2,44,Lukas 2:44,وَإِذْ ظَنَّاهُ بَيْنَ ٱلرُّفْقَةِ، ذَهَبَا مَسِيرَةَ يَوْمٍ، وَكَانَا يَطْلُبَانِهِ بَيْنَ ٱلْأَقْرِبَاءِ وَٱلْمَعَارِفِ.,"Karena orang tua Yesus mengira bahwa Ia berada di antara rombongan, mereka pun melanjutkan perjalanan sampai sehari penuh. Lalu, mereka mulai mencari-Nya di antara kaum keluarga dan orang-orang yang mereka kenal.",karena mereka berpikir bahwa Ia ada di antara orang-orang seperjalanan. Setelah berjalan sehari lamanya mereka mencari Dia di antara kaum keluarga dan kenalan-kenalan mereka.,
Lukas,2,45,Lukas 2:45,وَلَمَّا لَمْ يَجِدَاهُ رَجَعَا إِلَى أُورُشَلِيمَ يَطْلُبَانِهِ.,"Ketika mereka tidak menemukan Yesus, mereka kembali ke Yerusalem untuk mencari-Nya.","Tetapi, karena mereka tidak menemukan Isa di situ, kembalilah mereka ke Yerusalem sambil terus mencari Dia.",
Lukas,2,46,Lukas 2:46,وَبَعْدَ ثَلَاثَةِ أَيَّامٍ وَجَدَاهُ فِي ٱلْهَيْكَلِ، جَالِسًا فِي وَسْطِ ٱلْمُعَلِّمِينَ، يَسْمَعُهُمْ وَيَسْأَلُهُمْ.,"Setelah tiga hari, mereka menemukan Yesus di Bait Allah sedang duduk di antara guru-guru agama, sambil mendengarkan dan mengajukan pertanyaan kepada mereka.","Setelah tiga hari, mereka menemukan Isa di dalam Bait Allah. Ia sedang duduk di situ, di tengah-tengah para alim ulama bani Israil sambil mendengarkan mereka dan mengajukan pertanyaan-pertanyaan kepada mereka.",
Lukas,2,47,Lukas 2:47,وَكُلُّ ٱلَّذِينَ سَمِعُوهُ بُهِتُوا مِنْ فَهْمِهِ وَأَجْوِبَتِهِ.,Semua orang yang mendengar-Nya terheran-heran akan pengetahuan dan jawaban-jawaban-Nya.,Semua orang yang mendengarkan kata-kata Isa merasa heran akan pengertian yang dimiliki-Nya serta jawaban-jawaban yang dilontarkan-Nya.,
Lukas,2,48,Lukas 2:48,فَلَمَّا أَبْصَرَاهُ ٱنْدَهَشَا. وَقَالَتْ لَهُ أُمُّهُ: «يَا بُنَيَّ، لِمَاذَا فَعَلْتَ بِنَا هَكَذَا؟ هُوَذَا أَبُوكَ وَأَنَا كُنَّا نَطْلُبُكَ مُعَذَّبَيْنِ!»,"Ketika orang tua-Nya melihat Dia, mereka juga heran. Lalu, ibu-Nya bertanya, “Nak, mengapa Engkau melakukan ini terhadap kami? Ayah-Mu dan aku sangat cemas mencari-Mu.”","Begitu bapak dan ibu-Nya melihat Dia, tercenganglah mereka. Lalu, ibu-Nya berkata, “Anakku, mengapa Kaulakukan hal ini terhadap kami? Aku dan bapak-Mu cemas mencari Engkau!”",
Lukas,2,49,Lukas 2:49,فَقَالَ لَهُمَا: «لِمَاذَا كُنْتُمَا تَطْلُبَانِنِي؟ أَلَمْ تَعْلَمَا أَنَّهُ يَنْبَغِي أَنْ أَكُونَ فِي مَا لِأَبِي؟».,"Jawab Yesus kepada mereka, “Mengapa kamu mencari Aku? Tidak tahukah engkau bahwa Aku pasti berada di rumah Bapa-Ku?”","Jawab Isa, “Mengapa Bapak dan Ibu mencari Aku? Tidakkah Bapak dan Ibu tahu bahwa Aku harus berada dalam rumah Bapa-Ku?”",
Lukas,2,50,Lukas 2:50,فَلَمْ يَفْهَمَا ٱلْكَلَامَ ٱلَّذِي قَالَهُ لَهُمَا.,"Akan tetapi, mereka tidak mengerti apa yang dikatakan-Nya kepada mereka.","Tetapi, mereka tidak mengerti apa yang dimaksudkan-Nya.",
Lukas,2,51,Lukas 2:51,ثُمَّ نَزَلَ مَعَهُمَا وَجَاءَ إِلَى ٱلنَّاصِرَةِ وَكَانَ خَاضِعًا لَهُمَا. وَكَانَتْ أُمُّهُ تَحْفَظُ جَمِيعَ هَذِهِ ٱلْأُمُورِ فِي قَلْبِهَا.,"Lalu, Yesus pulang bersama mereka ke Nazaret dan menuruti mereka. Namun, ibu-Nya menyimpan perkataan itu dalam hatinya.","Maka, pulanglah Isa bersama mereka ke Nazaret, dan hidup taat pada mereka. Ibu-Nya menyimpan semua kejadian itu di dalam hatinya.",
Lukas,2,52,Lukas 2:52,وَأَمَّا يَسُوعُ فَكَانَ يَتَقَدَّمُ فِي ٱلْحِكْمَةِ وَٱلْقَامَةِ وَٱلنِّعْمَةِ، عِنْدَ ٱللهِ وَٱلنَّاسِ.,Yesus pun bertumbuh semakin besar dan semakin bijaksana. Ia juga semakin disukai Allah dan manusia.,Isa semakin besar dan bertambah-tambah kebijaksanaan-Nya. Ia semakin berkenan di hadapan Allah dan juga manusia.,
Lukas,3,1,Lukas 3:1,وَفِي ٱلسَّنَةِ ٱلْخَامِسَةِ عَشْرَةَ مِنْ سَلْطَنَةِ طِيبَارِيُوسَ قَيْصَرَ، إِذْ كَانَ بِيلَاطُسُ ٱلْبُنْطِيُّ وَالِيًا عَلَى ٱلْيَهُودِيَّةِ، وَهِيرُودُسُ رَئِيسَ رُبْعٍ عَلَى ٱلْجَلِيلِ، وَفِيلُبُّسُ أَخُوهُ رَئِيسَ رُبْعٍ عَلَى إِيطُورِيَّةَ وَكُورَةِ تَرَاخُونِيتِسَ، وَلِيسَانِيُوسُ رَئِيسَ رُبْعٍ عَلَى ٱلْأَبِلِيَّةِ،,"Pada tahun kelima belas masa pemerintahan Kaisar Tiberius , ketika Pontius Pilatus menjadi gubernur Yudea, Herodes menjadi raja Galilea; Filipus saudara Herodes menjadi raja wilayah Iturea dan Trakhonitis; dan Lisanias menjadi raja Abilene,","Pada tahun kelima belas pemerintahan Kaisar Tiberius, yang menjadi penguasa di Yudea adalah Pontius Pilatus. Pada waktu itu Herodes adalah raja di Galilea, dan Filipus, saudaranya, adalah raja di Iturea dan Trakhonitis. Lisanias adalah raja di Abilene,",
Lukas,3,2,Lukas 3:2,فِي أَيَّامِ رَئِيسِ ٱلْكَهَنَةِ حَنَّانَ وَقَيَافَا، كَانَتْ كَلِمَةُ ٱللهِ عَلَى يُوحَنَّا بْنِ زَكَرِيَّا فِي ٱلْبَرِّيَّةِ،,"Hanas dan Kayafas menjabat sebagai imam agung, datanglah firman Allah kepada Yohanes, anak Zakharia, yang tinggal di padang belantara.","sedangkan yang menjadi Imam Besar adalah Hanas dan Kayafas. Pada masa itu Allah menurunkan firman-Nya kepada Nabi Yahya, anak Zakharia, di padang belantara.",
Lukas,3,3,Lukas 3:3,فَجَاءَ إِلَى جَمِيعِ ٱلْكُورَةِ ٱلْمُحِيطَةِ بِٱلْأُرْدُنِّ يَكْرِزُ بِمَعْمُودِيَّةِ ٱلتَّوْبَةِ لِمَغْفِرَةِ ٱلْخَطَايَا،,"Maka, pergilah Yohanes ke seluruh daerah di sekitar Yordan dan memberitakan baptisan pertobatan untuk pengampunan dosa,","Lalu, Yahya pergi ke seluruh daerah Sungai Yordan dan mengabarkan permandian sebagai tanda pertobatan demi pengampunan dosa.",
Lukas,3,4,Lukas 3:4,كَمَا هُوَ مَكْتُوبٌ فِي سِفْرِ أقْوَالِ إِشَعْيَاءَ ٱلنَّبِيِّ ٱلْقَائِلِ: «صَوْتُ صَارِخٍ فِي ٱلْبَرِّيَّةِ: أَعِدُّوا طَرِيقَ ٱلرَّبِّ، ٱصْنَعُوا سُبُلَهُ مُسْتَقِيمَةً.,"seperti yang tertulis di dalam kitab Nabi Yesaya: “Inilah suara orang yang berseru-seru di padang belantara, ‘Siapkanlah jalan bagi Tuhan, luruskanlah jalan bagi-Nya.","Hal itu telah tersurat dalam tulisan Nabi Yesaya yang berkata, “Terdengar suara orang yang berseru-seru di padang belantara, ‘Persiapkanlah jalan bagi Tuhan, luruskanlah jalan yang akan dilalui-Nya!’",
Lukas,3,5,Lukas 3:5,كُلُّ وَادٍ يَمْتَلِئُ، وَكُلُّ جَبَلٍ وَأَكَمَةٍ يَنْخَفِضُ، وَتَصِيرُ ٱلْمُعْوَجَّاتُ مُسْتَقِيمَةً، وَٱلشِّعَابُ طُرُقًا سَهْلَةً،,"Setiap lembah akan ditimbun, dan setiap gunung dan bukit akan diratakan. Jalan yang berliku-liku akan diluruskan, dan setiap jalan yang tidak rata akan dimuluskan.","Setiap lembah akan ditimbun, setiap gunung dan bukit akan diratakan. Yang berliku-liku akan diluruskan dan jalan yang berbatu-batu akan menjadi jalan yang rata.",
Lukas,3,6,Lukas 3:6,وَيُبْصِرُ كُلُّ بَشَرٍ خَلَاصَ ٱللهِ».,"Dan, semua orang akan melihat keselamatan dari Tuhan!’” Yesaya 40:3-5",Semua orang akan melihat keselamatan yang datang dari Allah.”,
Lukas,3,7,Lukas 3:7,وَكَانَ يَقُولُ لِلْجُمُوعِ ٱلَّذِينَ خَرَجُوا لِيَعْتَمِدُوا مِنْهُ: «يَا أَوْلَادَ ٱلْأَفَاعِي، مَنْ أَرَاكُمْ أَنْ تَهْرُبُوا مِنَ ٱلْغَضَبِ ٱلْآتِي؟,"Lalu, Yohanes berkata kepada orang banyak yang datang untuk dibaptis olehnya, “Hai, kamu keturunan ular beludak! Siapa yang memperingatkanmu untuk melarikan diri dari murka yang akan datang?","Kepada orang banyak yang datang untuk dipermandikan, Yahya berkata, “Hai kamu, orang-orang yang bertabiat ular! Siapakah yang mengingatkan kamu untuk lari dari murka Allah yang akan datang?",
Lukas,3,8,Lukas 3:8,فَٱصْنَعُوا أَثْمَارًا تَلِيقُ بِٱلتَّوْبَةِ. ولَا تَبْتَدِئُوا تَقُولُونَ فِي أَنْفُسِكُمْ: لَنَا إِبْرَاهِيمُ أَبًا. لِأَنِّي أَقُولُ لَكُمْ: إِنَّ ٱللهَ قَادِرٌ أَنْ يُقِيمَ مِنْ هَذِهِ ٱلْحِجَارَةِ أَوْلَادًا لِإِبْرَاهِيمَ.,"Oleh karena itu, hasilkan buah-buah yang menunjukkan pertobatanmu. Jangan berkata kepada dirimu sendiri, ‘Abraham adalah nenek moyang kami!’ Aku berkata kepadamu, sesungguhnya dari batu-batu ini Allah bisa membangkitkan anak-anak bagi Abraham!","Hasilkanlah buah yang sepadan dengan pertobatanmu, dan jangan berkata dalam hatimu, ‘Ibrahim adalah bapa leluhur kami.’ Aku berkata kepadamu, Allah dapat saja menjadikan anak-anak bagi Ibrahim dari batu-batu ini.",
Lukas,3,9,Lukas 3:9,وَٱلْآنَ قَدْ وُضِعَتِ ٱلْفَأْسُ عَلَى أَصْلِ ٱلشَّجَرِ، فَكُلُّ شَجَرَةٍ لَا تَصْنَعُ ثَمَرًا جَيِّدًا تُقْطَعُ وَتُلْقَى فِي ٱلنَّارِ».,"Bahkan, mulai sekarang kapak sudah diletakkan di akar pohon. Setiap pohon yang tidak menghasilkan buah yang baik akan ditebang dan dilemparkan ke dalam api.”",Kapak telah tersedia pada akar pohon. Setiap pohon yang tidak menghasilkan buah yang baik akan ditebang dan dibuang ke dalam api.”,
Lukas,3,10,Lukas 3:10,وَسَأَلَهُ ٱلْجُمُوعُ قَائِلِينَ: «فَمَاذَا نَفْعَلُ؟».,"Orang-orang bertanya kepada Yohanes, “Kalau begitu, apa yang harus kami lakukan?”","Lalu, orang banyak itu bertanya kepadanya, “Kalau begitu, apa yang harus kami lakukan?”",
Lukas,3,11,Lukas 3:11,فَأَجَابَ وَقَالَ لَهُمْ: «مَنْ لَهُ ثَوْبَانِ فَلْيُعْطِ مَنْ لَيْسَ لَهُ، وَمَنْ لَهُ طَعَامٌ فَلْيَفْعَلْ هَكَذَا».,"Ia menjawab, “Setiap orang yang mempunyai dua baju, ia harus membaginya dengan orang yang tidak mempunyai. Dan, setiap orang yang mempunyai makanan, harus melakukan hal yang sama.”","Yahya menjawab, “Orang yang punya dua helai baju harus berbagi dengan orang yang tidak punya, begitu juga orang yang mempunyai makanan.”",
Lukas,3,12,Lukas 3:12,وَجَاءَ عَشَّارُونَ أَيْضًا لِيَعْتَمِدُوا فَقَالُوا لَهُ: «يَا مُعَلِّمُ، مَاذَا نَفْعَلُ؟».,"Beberapa pengumpul pajak juga datang untuk dibaptis. Mereka bertanya kepada Yohanes, “Guru, apa yang harus kami lakukan?”","Pemungut-pemungut cukai pun datang kepada Yahya untuk dipermandikan. Mereka bertanya kepadanya, “Guru, apa yang harus kami lakukan?”",
Lukas,3,13,Lukas 3:13,فَقَالَ لَهُمْ: «لَا تَسْتَوْفُوا أَكْثَرَ مِمَّا فُرِضَ لَكُمْ».,"Yohanes memberi tahu mereka, “Jangan menarik pajak lebih dari yang telah ditetapkan bagimu.”","Yahya menjawab, “Jangan mengambil lebih daripada yang sudah ditentukan.”",
Lukas,3,14,Lukas 3:14,وَسَأَلَهُ جُنُودٌ أَيْضًا قَائِلِينَ: «وَمَاذَا نَفْعَلُ نَحْنُ؟». فَقَالَ لَهُمْ: «لَا تَظْلِمُوا أَحَدًا، وَلَا تَشُوا بِأَحَدٍ، وَٱكْتَفُوا بِعَلَائِفِكُمْ».,"Beberapa tentara bertanya kepadanya, “Bagaimana dengan kami? Apa yang harus kami lakukan?” Yohanes berkata kepada mereka, “Jangan meminta uang dari siapa pun secara paksa atau dengan tuduhan palsu. Cukupkanlah dirimu dengan gajimu.”","Prajurit-prajurit juga bertanya, “Bagaimana dengan kami? Apa yang harus kami lakukan?” Yahya menjawab, “Jangan memeras atau menipu siapa pun untuk merampas hartanya. Cukupkanlah dirimu dengan gajimu.”",
Lukas,3,15,Lukas 3:15,وَإِذْ كَانَ ٱلشَّعْبُ يَنْتَظِرُ، وَٱلْجَمِيعُ يُفَكِّرُونَ فِي قُلُوبِهِمْ عَنْ يُوحَنَّا لَعَلَّهُ ٱلْمَسِيحُ،,"Ketika semua orang sedang mengharapkan kedatangan Mesias, mereka semua bertanya-tanya dalam hati tentang Yohanes, apakah ia Kristus atau bukan.","Pada waktu itu orang-orang sedang menunggu-nunggu dan berharap sehingga mereka semua bertanya-tanya dalam hati mengenai Yahya, apakah dia Al-Masih.",
Lukas,3,16,Lukas 3:16,أَجَابَ يُوحَنَّا ٱلْجَمِيعَ قَائِلًا: «أَنَا أُعَمِّدُكُمْ بِمَاءٍ، وَلَكِنْ يَأْتِي مَنْ هُوَ أَقْوَى مِنِّي، ٱلَّذِي لَسْتُ أَهْلًا أَنْ أَحُلَّ سُيُورَ حِذَائِهِ. هُوَ سَيُعَمِّدُكُمْ بِٱلرُّوحِ ٱلْقُدُسِ وَنَارٍ.,"Yohanes menjawab mereka dan berkata, “Aku membaptis kamu dengan air. Akan tetapi, Seseorang yang lebih berkuasa daripada aku akan datang. Untuk membukakan tali sandal-Nya pun aku tidak layak. Ia akan membaptis kamu dengan Roh Kudus dan api.","Yahya berkata kepada mereka, “Aku mempermandikan kamu dengan air, tetapi akan datang seorang yang lebih berkuasa daripada aku. Membuka tali kasut-Nya pun aku tidak layak. Dialah yang akan mempermandikan kamu dengan Ruh Allah Yang Mahasuci dan dengan api.",
Lukas,3,17,Lukas 3:17,ٱلَّذِي رَفْشُهُ فِي يَدِهِ، وَسَيُنَقِّي بَيْدَرَهُ، وَيَجْمَعُ ٱلْقَمْحَ إِلَى مَخْزَنِهِ، وَأَمَّا ٱلتِّبْنُ فَيُحْرِقُهُ بِنَارٍ لَا تُطْفَأُ».,"Alat penampi sudah ada di tangan-Nya untuk membersihkan lantai pengirikan dan untuk mengumpulkan gandum yang baik ke dalam lumbung-Nya. Akan tetapi, Ia akan membakar sekam ke dalam api yang tidak akan pernah padam.”","Alat penampi ada di tangan-Nya, dan Ia akan membersihkan tempat pengirikan-Nya. Gandum akan dikumpulkan-Nya dalam lumbung, tetapi sekam akan dibakar dengan api yang tak pernah padam.”",
Lukas,3,18,Lukas 3:18,وَبِأَشْيَاءَ أُخَرَ كَثِيرَةٍ كَانَ يَعِظُ ٱلشَّعْبَ وَيُبَشِّرُهُمْ.,"Dengan banyak nasihat yang lain, Yohanes mengajarkan Injil kepada banyak orang.",Dengan banyak nasihat lain Yahya memberitakan Injil kepada orang banyak itu.,
Lukas,3,19,Lukas 3:19,أَمَّا هِيرُودُسُ رَئِيسُ ٱلرُّبْعِ فَإِذْ تَوَبَّخَ مِنْهُ لِسَبَبِ هِيرُودِيَّا ٱمْرَأَةِ فِيلُبُّسَ أَخِيهِ، وَلِسَبَبِ جَمِيعِ ٱلشُّرُورِ ٱلَّتِي كَانَ هِيرُودُسُ يَفْعَلُهَا،,"Akan tetapi, karena Yohanes menegur Herodes, raja wilayah, atas hal yang telah dilakukannya dengan Herodias, istri saudara Herodes, dan karena semua hal jahat yang telah dilakukannya,","Tetapi, Herodes, raja wilayah itu, setelah ditegur oleh Yahya sehubungan dengan Herodiah, istri saudaranya, dan mengenai segala kejahatannya yang lain,",
Lukas,3,20,Lukas 3:20,زَادَ هَذَا أَيْضًا عَلَى ٱلْجَمِيعِ أَنَّهُ حَبَسَ يُوحَنَّا فِي ٱلسِّجْنِ.,maka Herodes menambahkan ini atas semuanya dengan menjebloskan Yohanes ke dalam penjara.,malah menambah kejahatannya dengan memasukkan Yahya ke penjara.,
Lukas,3,21,Lukas 3:21,وَلَمَّا ٱعْتَمَدَ جَمِيعُ ٱلشَّعْبِ ٱعْتَمَدَ يَسُوعُ أَيْضًا. وَإِذْ كَانَ يُصَلِّي ٱنْفَتَحَتِ ٱلسَّمَاءُ،,"Ketika semua orang dibaptis, Yesus juga dibaptis. Dan, ketika Ia berdoa, langit terbuka,","Pada waktu semua orang dipermandikan, Isa juga dipermandikan. Ketika Isa sedang berdoa, langit terbuka",
Lukas,3,22,Lukas 3:22,وَنَزَلَ عَلَيْهِ ٱلرُّوحُ ٱلْقُدُسُ بِهَيْئَةٍ جِسْمِيَّةٍ مِثْلِ حَمَامَةٍ. وَكَانَ صَوْتٌ مِنَ ٱلسَّمَاءِ قَائِلًا: «أَنْتَ ٱبْنِي ٱلْحَبِيبُ، بِكَ سُرِرْتُ».,"dan Roh Kudus turun ke atas-Nya dalam wujud burung merpati. Lalu, ada suara datang dari langit dan berkata, “Engkau adalah Anak-Ku yang Kukasihi. Kepada-Mulah Aku berkenan.”","dan Ruh Allah turun ke atas-Nya dalam rupa burung merpati. Kemudian, terdengarlah suara dari surga, “Engkaulah Sang Anak yang Kukasihi. Kepada-Mulah Aku berkenan.”",
Lukas,3,23,Lukas 3:23,وَلَمَّا ٱبْتَدَأَ يَسُوعُ كَانَ لَهُ نَحْوُ ثَلَاثِينَ سَنَةً، وَهُوَ عَلَى مَا كَانَ يُظَنُّ ٱبْنَ يُوسُفَ، بْنِ هَالِي،,"Ketika Yesus memulai pelayanan-Nya, Ia berumur kira-kira tiga puluh tahun. Orang-orang berpendapat bahwa Yesus adalah anak Yusuf. Yusuf anak Eli.","Isa mulai mengajar orang-orang. Umur-Nya kurang lebih tiga puluh tahun. Menurut pendapat orang, Ia adalah anak Yusuf, anak Eli,",
Lukas,3,24,Lukas 3:24,بْنِ مَتْثَاتَ، بْنِ لَاوِي، بْنِ مَلْكِي، بْنِ يَنَّا، بْنِ يُوسُفَ،,Eli anak Matat. Matat anak Lewi. Lewi anak Malkhi. Malkhi anak Yanai. Yanai anak Yusuf.,"anak Matat, anak Lewi, anak Malkhi, anak Yanai, anak Yusuf,",
Lukas,3,25,Lukas 3:25,بْنِ مَتَّاثِيَا، بْنِ عَامُوصَ، بْنِ نَاحُومَ، بْنِ حَسْلِي، بْنِ نَجَّايِ،,Yusuf anak Matica. Matica anak Amos. Amos anak Nahum. Nahum anak Hesli. Hesli anak Nagai.,"anak Matica, anak Amos, anak Nahum, anak Hesli, anak Nagai,",
Lukas,3,26,Lukas 3:26,بْنِ مَآثَ، بْنِ مَتَّاثِيَا، بْنِ شِمْعِي، بْنِ يُوسُفَ، بْنِ يَهُوذَا،,Nagai anak Maat. Maat anak Matica. Matica anak Simei. Simei anak Yosekh. Yosekh anak Yoda.,"anak Maat, anak Matica, anak Simei, anak Yosekh, anak Yoda,",
Lukas,3,27,Lukas 3:27,بْنِ يُوحَنَّا، بْنِ رِيسَا، بْنِ زَرُبَّابِلَ، بْنِ شَأَلْتِيئِيلَ، بْنِ نِيرِي،,Yoda adalah anak Yohanan. Yohanan anak Resa. Resa anak Zerubabel. Zerubabel anak Sealtiel. Sealtiel anak Neri.,"anak Yohanan, anak Resa, anak Zerubabel, anak Sealtiel, anak Neri,",
Lukas,3,28,Lukas 3:28,بْنِ مَلْكِي، بْنِ أَدِّي، بْنِ قُصَمَ، بْنِ أَلْمُودَامَ، بْنِ عِيرِ،,Neri anak Malkhi. Malkhi anak Adi. Adi anak Kosam. Kosam anak Elmadam. Elmadam anak Er.,"anak Malkhi, anak Adi, anak Kosam, anak Elmodam, anak Er,",
Lukas,3,29,Lukas 3:29,بْنِ يُوسِي، بْنِ أَلِيعَازَرَ، بْنِ يُورِيمَ، بْنِ مَتْثَاتَ، بْنِ لَاوِي،,Er anak Yesua. Yesua anak Eliezer. Eliezer anak Yorim. Yorim anak Matat. Matat anak Lewi.,"anak Yesua, anak Eliezer, anak Yorim, anak Matat, anak Lewi,",
Lukas,3,30,Lukas 3:30,بْنِ شِمْعُونَ، بْنِ يَهُوذَا، بْنِ يُوسُفَ، بْنِ يُونَانَ، بْنِ أَلِيَاقِيمَ،,Lewi adalah anak Simeon. Simeon anak Yehuda. Yehuda anak Yusuf. Yusuf anak Yonam. Yonam anak Elyakim.,"anak Simeon, anak Yuda, anak Yusuf, anak Yonam, anak Elyakim,",
Lukas,3,31,Lukas 3:31,بْنِ مَلَيَا، بْنِ مَيْنَانَ، بْنِ مَتَّاثَا، بْنِ نَاثَانَ، بْنِ دَاوُدَ،,Elyakim anak Melea. Melea anak Mina. Mina anak Matata. Matata anak Natan. Natan anak Daud.,"anak Melea, anak Mina, anak Matata, anak Natan, anak Daud,",
Lukas,3,32,Lukas 3:32,بْنِ يَسَّى، بْنِ عُوبِيدَ، بْنِ بُوعَزَ، بْنِ سَلْمُونَ، بْنِ نَحْشُونَ،,Daud anak Isai. Isai anak Obed. Obed anak Boas. Boas anak Salmon. Salmon anak Nahason.,"anak Isai, anak Obed, anak Boas, anak Salmon, anak Nahason,",
Lukas,3,33,Lukas 3:33,بْنِ عَمِّينَادَابَ، بْنِ أَرَامَ، بْنِ حَصْرُونَ، بْنِ فَارِصَ، بْنِ يَهُوذَا،,Nahason adalah anak Aminadab. Aminadab anak Admin. Admin anak Arni. Arni anak Hezron. Hezron anak Peres. Peres anak Yehuda.,"anak Aminadab, anak Admin, anak Arni, anak Hezron, anak Peres, anak Yuda,",
Lukas,3,34,Lukas 3:34,بْنِ يَعْقُوبَ، بْنِ إِسْحَاقَ، بْنِ إِبْرَاهِيمَ، بْنِ تَارَحَ، بْنِ نَاحُورَ،,Yehuda anak Yakub. Yakub anak Ishak. Ishak anak Abraham. Abraham anak Terah. Terah anak Nahor.,"anak Yakub, anak Ishak, anak Ibrahim, anak Terah, anak Nahor,",
Lukas,3,35,Lukas 3:35,بْنِ سَرُوجَ، بْنِ رَعُو، بْنِ فَالَجَ، بْنِ عَابِرَ، بْنِ شَالَحَ،,Nahor anak Serug. Serug anak Rehu. Rehu anak Peleg. Peleg anak Eber. Eber anak Salmon.,"anak Serug, anak Rehu, anak Peleg, anak Eber, anak Salmon,",
Lukas,3,36,Lukas 3:36,بْنِ قِينَانَ، بْنِ أَرْفَكْشَادَ، بْنِ سَامِ، بْنِ نُوحِ، بْنِ لَامَكَ،,Salmon adalah anak Kenan. Kenan anak Arpakhsad. Arpakhsad anak Sem. Sem anak Nuh. Nuh anak Lamekh.,"anak Kenan, anak Arpakhsad, anak Sem, anak Nuh, anak Lamekh,",
Lukas,3,37,Lukas 3:37,بْنِ مَتُوشَالَحَ، بْنِ أَخْنُوخَ، بْنِ يَارِدَ، بْنِ مَهْلَلْئِيلَ، بْنِ قِينَانَ،,Lamekh anak Metusalah. Metusalah anak Henokh. Henokh anak Yared. Yared anak Mahalaleel. Mahalaleel anak Kenan.,"anak Metusalah, anak Henokh, anak Yared, anak Mahalaleel, anak Kenan,",
Lukas,3,38,Lukas 3:38,بْنِ أَنُوشَ، بْنِ شِيتِ، بْنِ آدَمَ، ٱبْنِ ٱللهِ.,Kenan anak Enos. Enos anak Set. Set anak Adam. Adam adalah anak Allah.,"anak Enos, anak Set, anak Adam, anak Allah.",
Lukas,4,1,Lukas 4:1,أَمَّا يَسُوعُ فَرَجَعَ مِنَ ٱلْأُرْدُنِّ مُمْتَلِئًا مِنَ ٱلرُّوحِ ٱلْقُدُسِ، وَكَانَ يُقْتَادُ بِٱلرُّوحِ فِي ٱلْبَرِّيَّةِ,"Yesus, yang penuh dengan Roh Kudus kembali dari Yordan. Kemudian, Dia dipimpin oleh Roh Kudus menuju padang belantara","Isa, yang penuh dengan Ruh Allah, meninggalkan Sungai Yordan. Kemudian, Ia dibawa oleh Ruh itu ke padang belantara.",
Lukas,4,2,Lukas 4:2,أَرْبَعِينَ يَوْمًا يُجَرَّبُ مِنْ إِبْلِيسَ. وَلَمْ يَأْكُلْ شَيْئًا فِي تِلْكَ ٱلْأَيَّامِ. وَلَمَّا تَمَّتْ جَاعَ أَخِيرًا.,"selama 40 hari, dan dicobai oleh Iblis. Dia tidak makan apa pun selama hari-hari itu. Ketika sudah berakhir, Dia menjadi lapar.","Di situ Ia tinggal empat puluh hari lamanya, digoda oleh Iblis. Selama itu Ia tidak makan sama sekali, dan akhirnya Ia pun lapar.",
Lukas,4,3,Lukas 4:3,وَقَالَ لَهُ إِبْلِيسُ: «إِنْ كُنْتَ ٱبْنَ ٱللهِ، فَقُلْ لِهَذَا ٱلْحَجَرِ أَنْ يَصِيرَ خُبْزًا».,"Lalu, Iblis berkata kepada-Nya, “Jika Engkau Anak Allah, suruhlah batu ini menjadi roti.”","Iblis berkata kepada-Nya, “Kalau Engkau adalah Sang Anak yang datang dari Allah, suruhlah supaya batu-batu ini menjadi roti.”",
Lukas,4,4,Lukas 4:4,فَأَجَابَهُ يَسُوعُ قَائِلًا: «مَكْتُوبٌ: أَنْ لَيْسَ بِٱلْخُبْزِ وَحْدَهُ يَحْيَا ٱلْإِنْسَانُ، بَلْ بِكُلِّ كَلِمَةٍ مِنَ ٱللهِ».,"Yesus menjawabnya, “Ada tertulis, ‘Manusia hidup bukan dari roti saja.’” Ulangan 8:3","Isa menjawab, “Telah tertulis, ‘Manusia hidup bukan dari roti saja.’”",
Lukas,4,5,Lukas 4:5,ثُمَّ أَصْعَدَهُ إِبْلِيسُ إِلَى جَبَلٍ عَالٍ وَأَرَاهُ جَمِيعَ مَمَالِكِ ٱلْمَسْكُونَةِ فِي لَحْظَةٍ مِنَ ٱلزَّمَانِ.,"Kemudian, Iblis membawa Yesus ke tempat yang tinggi dan memperlihatkan kepada-Nya semua kerajaan dunia secara sekilas.","Lalu, Iblis membawa Isa ke suatu tempat yang tinggi. Dalam sekejap diperlihatkannya kepada Isa semua kerajaan dunia,",
Lukas,4,6,Lukas 4:6,وَقَالَ لَهُ إِبْلِيسُ: «لَكَ أُعْطِي هَذَا ٱلسُّلْطَانَ كُلَّهُ وَمَجْدَهُنَّ، لِأَنَّهُ إِلَيَّ قَدْ دُفِعَ، وَأَنَا أُعْطِيهِ لِمَنْ أُرِيدُ.,"Lalu, Iblis berkata kepada-Nya, “Aku akan memberi-Mu kuasa dan kemuliaan atas semua tempat itu, sebab semuanya telah diberikan kepadaku. Dan, aku memberikannya kepada siapa saja yang aku inginkan.","lalu berkata, “Semua kuasa dan kemuliaan ini akan kuberikan kepada-Mu karena semuanya sudah diserahkan kepadaku dan aku berhak memberikannya kepada siapa saja yang kukehendaki.",
Lukas,4,7,Lukas 4:7,فَإِنْ سَجَدْتَ أَمَامِي يَكُونُ لَكَ ٱلْجَمِيعُ».,"Jadi, jika Engkau menyembahku, semuanya itu akan menjadi milik-Mu.”","Jadi, jika Engkau sujud menyembah aku, maka semuanya itu akan menjadi milik-Mu.”",
Lukas,4,8,Lukas 4:8,فَأَجَابَهُ يَسُوعُ وَقَالَ: «ٱذْهَبْ يَا شَيْطَانُ! إِنَّهُ مَكْتُوبٌ: لِلرَّبِّ إِلَهِكَ تَسْجُدُ وَإِيَّاهُ وَحْدَهُ تَعْبُدُ».,"Lalu, Yesus menjawab, “Ada tertulis, ‘Kamu harus menyembah Tuhan Allahmu, dan hanya kepada-Nya kamu harus berbakti.’” Ulangan 6:13","Isa menjawab, “Telah tertulis, ‘Sembahlah Allah, Tuhanmu, dan hanya kepada-Nya sajalah kamu harus beribadah!’”",
Lukas,4,9,Lukas 4:9,ثُمَّ جَاءَ بِهِ إِلَى أُورُشَلِيمَ، وَأَقَامَهُ عَلَى جَنَاحِ ٱلْهَيْكَلِ وَقَالَ لَهُ: «إِنْ كُنْتَ ٱبْنَ ٱللهِ فَٱطْرَحْ نَفْسَكَ مِنْ هُنَا إِلَى أَسْفَلُ،,"Kemudian, Iblis membawa Yesus ke Yerusalem lalu menempatkan-Nya di puncak Bait Allah. Kata Iblis kepada Yesus, “Jika Engkau Anak Allah, jatuhkanlah diri-Mu dari sini ke bawah,","Lalu, Iblis membawa Isa ke Yerusalem dan menempatkan Dia di puncak Bait Allah. Kata Iblis kepada-Nya, “Kalau Engkau adalah Sang Anak yang datang dari Allah, terjunlah dari sini!",
Lukas,4,10,Lukas 4:10,لِأَنَّهُ مَكْتُوبٌ: أَنَّهُ يُوصِي مَلَائِكَتَهُ بِكَ لِكَيْ يَحْفَظُوكَ،,"karena ada tertulis, ‘Mengenai Engkau, Allah akan memerintahkan malaikat-malaikat-Nya untuk menjaga-Mu.’ Mazmur 91:11","Karena telah tertulis, ‘Allah akan menyuruh malaikat-malaikat-Nya untuk melindungi Engkau.",
Lukas,4,11,Lukas 4:11,وَأَنَّهُمْ عَلَى أَيَادِيهِمْ يَحْمِلُونَكَ لِكَيْ لَا تَصْدِمَ بِحَجَرٍ رِجْلَكَ».,"Dan, ‘Dengan tangan mereka, mereka akan menopang-Mu supaya kaki-Mu tidak terbentur batu.’” Mazmur 91:12",Mereka pun akan menatang Engkau dengan tangannya sehingga kaki-Mu tidak terantuk batu.’”,
Lukas,4,12,Lukas 4:12,فَأَجَابَ يَسُوعُ وَقَالَ لَهُ: «إِنَّهُ قِيلَ: لَا تُجَرِّبِ ٱلرَّبَّ إِلَهَكَ».,"Jawab Yesus kepada Iblis, “Ada tertulis, ‘Jangan mencobai Tuhan Allahmu.’” Ulangan 6:16","Isa menjawab, “Telah tertulis, ‘Jangan mencobai Allah, Tuhanmu.’”",
Lukas,4,13,Lukas 4:13,وَلَمَّا أَكْمَلَ إِبْلِيسُ كُلَّ تَجْرِبَةٍ فَارَقَهُ إِلَى حِينٍ.,"Setelah Iblis selesai mencobai Yesus, ia pergi meninggalkan-Nya dan menunggu kesempatan yang lain.","Setelah Iblis selesai menggoda Isa, undurlah ia dari hadapan-Nya untuk sementara waktu.",
Lukas,4,14,Lukas 4:14,وَرَجَعَ يَسُوعُ بِقُوَّةِ ٱلرُّوحِ إِلَى ٱلْجَلِيلِ، وَخَرَجَ خَبَرٌ عَنْهُ فِي جَمِيعِ ٱلْكُورَةِ ٱلْمُحِيطَةِ.,"Yesus kembali ke Galilea dengan penuh kuasa Roh, dan berita tentang-Nya menyebar ke seluruh daerah di sekitarnya.","Dengan kekuatan dari Ruh Allah, Isa kembali ke Galilea. Lalu, tersiarlah kabar tentang Dia di seluruh wilayah itu.",
Lukas,4,15,Lukas 4:15,وَكَانَ يُعَلِّمُ فِي مَجَامِعِهِمْ مُمَجَّدًا مِنَ ٱلْجَمِيعِ.,"Lalu, Dia mulai mengajar di sinagoge dan semua orang memuji-Nya.",Ia mengajar orang di rumah-rumah ibadah dan semua orang memuji Dia.,
Lukas,4,16,Lukas 4:16,وَجَاءَ إِلَى ٱلنَّاصِرَةِ حَيْثُ كَانَ قَدْ تَرَبَّى. وَدَخَلَ ٱلْمَجْمَعَ حَسَبَ عَادَتِهِ يَوْمَ ٱلسَّبْتِ وَقَامَ لِيَقْرَأَ،,"Kemudian, Yesus pergi ke Nazaret, kota tempat Dia dibesarkan. Seperti kebiasaan-Nya, Yesus pergi ke sinagoge pada hari Sabat dan berdiri untuk membaca.","Kemudian, Isa kembali ke Nazaret, tempat Ia dibesarkan. Seperti biasanya pada hari Sabat Ia masuk ke rumah ibadah. Di situ Ia berdiri untuk membacakan Kitab Suci.",
Lukas,4,17,Lukas 4:17,فَدُفِعَ إِلَيْهِ سِفْرُ إِشَعْيَاءَ ٱلنَّبِيِّ. وَلَمَّا فَتَحَ ٱلسِّفْرَ وَجَدَ ٱلْمَوْضِعَ ٱلَّذِي كَانَ مَكْتُوبًا فِيهِ:,"Kitab Nabi Yesaya diberikan kepada-Nya, lalu Dia membuka kitab itu dan menemukan bagian yang menuliskan,","Lalu, orang memberikan kepada-Nya kitab Nabi Yesaya. Isa membuka kitab itu dan mendapatkan ayat yang tertulis begini,",
Lukas,4,18,Lukas 4:18,«رُوحُ ٱلرَّبِّ عَلَيَّ، لِأَنَّهُ مَسَحَنِي لِأُبَشِّرَ ٱلْمَسَاكِينَ، أَرْسَلَنِي لِأَشْفِيَ ٱلْمُنْكَسِرِي ٱلْقُلُوبِ، لِأُنَادِيَ لِلْمَأْسُورِينَ بِٱلْإِطْلَاقِ ولِلْعُمْيِ بِٱلْبَصَرِ، وَأُرْسِلَ ٱلْمُنْسَحِقِينَ فِي ٱلْحُرِّيَّةِ،,"“Roh Tuhan ada pada-Ku, karena Ia telah mengurapi Aku untuk memberitakan Kabar Baik kepada orang-orang miskin. Ia mengutus Aku untuk memberitakan pembebasan kepada para tawanan, dan pemulihan penglihatan kepada orang-orang buta, untuk membebaskan orang-orang yang tertindas,","“Ruh Tuhan ada pada-Ku sebab Ia sudah melantik Aku supaya Aku memberitakan kabar baik kepada orang-orang miskin. Ia mengutus Aku untuk mengumumkan kepada orang yang tertawan bahwa mereka akan dibebaskan, kepada orang yang buta bahwa mereka akan melihat lagi, dan kepada orang yang tertindas bahwa akan ada kelepasan bagi mereka,",
Lukas,4,19,Lukas 4:19,وَأَكْرِزَ بِسَنَةِ ٱلرَّبِّ ٱلْمَقْبُولَةِ».,dan untuk mengabarkan bahwa tahun rahmat Tuhan sudah datang.” Yesaya 61:1-2,serta mengumumkan bahwa tahun rahmat Tuhan telah tiba.”,
Lukas,4,20,Lukas 4:20,ثُمَّ طَوَى ٱلسِّفْرَ وَسَلَّمَهُ إِلَى ٱلْخَادِمِ، وَجَلَسَ. وَجَمِيعُ ٱلَّذِينَ فِي ٱلْمَجْمَعِ كَانَتْ عُيُونُهُمْ شَاخِصَةً إِلَيْهِ.,"Yesus menutup kitab itu lalu mengembalikannya kepada pejabat rumah ibadah, dan kemudian Dia duduk. Mata semua orang di dalam sinagoge itu terpaku pada diri-Nya.","Isa menutup kitab itu dan mengembalikannya kepada khadam, lalu duduk. Mata semua orang yang ada di rumah ibadah itu terpaku menatap Dia.",
Lukas,4,21,Lukas 4:21,فَٱبْتَدَأَ يَقُولُ لَهُمْ: «إِنَّهُ ٱلْيَوْمَ قَدْ تَمَّ هَذَا ٱلْمَكْتُوبُ فِي مَسَامِعِكُمْ».,"Lalu, Yesus mulai berbicara kepada mereka, “Hari ini, genaplah apa yang dituliskan Kitab Suci ini saat kamu mendengarnya.”","Ia mulai mengajar mereka, sabda-Nya, “Hari ini, apa yang tertulis di situ sudah terjadi, yaitu pada waktu kamu mendengarnya.”",
Lukas,4,22,Lukas 4:22,وَكَانَ ٱلْجَمِيعُ يَشْهَدُونَ لَهُ وَيَتَعَجَّبُونَ مِنْ كَلِمَاتِ ٱلنِّعْمَةِ ٱلْخَارِجَةِ مِنْ فَمِهِ، وَيَقُولُونَ: «أَلَيْسَ هَذَا ٱبْنَ يُوسُفَ؟».,"Dan, semua orang membenarkan-Nya sambil terheran-heran akan perkataan indah yang keluar dari mulut-Nya. Mereka berkata, “Bukankah Dia ini anak Yusuf?”","Mereka semua memuji Dia dan heran akan ucapan-ucapan-Nya yang begitu bagus. Kata mereka, “Bukankah Ia ini anak Yusuf?”",
Lukas,4,23,Lukas 4:23,فَقَالَ لَهُمْ: «عَلَى كُلِّ حَالٍ تَقُولُونَ لِي هَذَا ٱلْمَثَلَ: أَيُّهَا ٱلطَّبِيبُ ٱشْفِ نَفْسَكَ! كَمْ سَمِعْنَا أَنَّهُ جَرَى فِي كَفْرِنَاحُومَ، فَٱفْعَلْ ذَلِكَ هُنَا أَيْضًا فِي وَطَنِكَ».,"Kemudian, Yesus berkata kepada mereka, “Kamu pasti akan mengucapkan peribahasa ini kepada-Ku, ‘Tabib, sembuhkanlah diri-Mu sendiri! Kami mendengar tentang hal-hal yang Engkau lakukan di Kapernaum, lakukanlah itu juga di sini, di kota asal-Mu sendiri.’”","Lalu, Isa bersabda kepada mereka, “Pasti kamu akan mengutip kata-kata ini bagi-Ku, ‘Hai tabib, sembuhkanlah diri-Mu sendiri. Lakukanlah di sini juga, di kota asal-Mu sendiri, apa yang kami dengar terjadi di Kapernaum!’”",
Lukas,4,24,Lukas 4:24,وَقَالَ: «ٱلْحَقَّ أَقُولُ لَكُمْ: إِنَّهُ لَيْسَ نَبِيٌّ مَقْبُولًا فِي وَطَنِهِ.,"Kemudian Dia berkata, “Aku berkata kepadamu, sesungguhnya tidak ada nabi yang diterima di kota asalnya sendiri.","Lalu, Ia bersabda lagi, “Sesungguhnya, Aku berkata kepadamu, tidak ada nabi yang dihargai di kota asalnya.",
Lukas,4,25,Lukas 4:25,وَبِالْحَقِّ أَقُولُ لَكُمْ: إِنَّ أَرَامِلَ كَثِيرَةً كُنَّ فِي إِسْرَائِيلَ فِي أَيَّامِ إِيلِيَّا حِينَ أُغْلِقَتِ ٱلسَّمَاءُ مُدَّةَ ثَلَاثِ سِنِينَ وَسِتَّةِ أَشْهُرٍ، لَمَّا كَانَ جُوعٌ عَظِيمٌ فِي ٱلْأَرْضِ كُلِّهَا،,"Dalam kebenaran, Aku mengatakan kepadamu, ada banyak janda di Israel pada zaman Elia, ketika langit tertutup selama tiga tahun dan enam bulan, ketika kelaparan hebat terjadi di seluruh negeri.","Sesungguhnya, Aku berkata kepadamu, pernah pada zaman Nabi Ilyas seluruh negeri Israil ditimpa bahaya kelaparan karena hujan tidak turun-turun selama tiga tahun enam bulan. Pada waktu itu ada banyak janda di sana.",
Lukas,4,26,Lukas 4:26,وَلَمْ يُرْسَلْ إِيلِيَّا إِلَى وَاحِدَةٍ مِنْهَا، إِلَّا إِلَى ٱمْرَأَةٍ أَرْمَلَةٍ، إِلَى صَرْفَةِ صَيْدَاءَ.,"Akan tetapi, Elia tidak diutus kepada siapa pun kecuali kepada seorang janda di Sarfat, di daerah Sidon.","Namun, Ilyas tidak diutus kepada seorang pun di antara mereka, melainkan kepada seorang janda di Sarfat, di negeri Sidon.",
Lukas,4,27,Lukas 4:27,وَبُرْصٌ كَثِيرُونَ كَانُوا فِي إِسْرَائِيلَ فِي زَمَانِ أَلِيشَعَ ٱلنَّبِيِّ، وَلَمْ يُطَهَّرْ وَاحِدٌ مِنْهُمْ إِلَّا نُعْمَانُ ٱلسُّرْيَانِيُّ».,"Dan, ada banyak penderita kusta di Israel pada zaman Nabi Elisa, tetapi tidak ada seorang pun dari mereka yang ditahirkan selain Naaman, orang Siria itu.”","Begitu juga pada zaman Nabi Ilyasa ada banyak orang yang berpenyakit kusta di Israil. Namun, tidak seorang pun di antara mereka yang disembuhkan, melainkan Naaman orang Sirialah yang disembuhkan.”",
Lukas,4,28,Lukas 4:28,فَٱمْتَلَأَ غَضَبًا جَمِيعُ ٱلَّذِينَ فِي ٱلْمَجْمَعِ حِينَ سَمِعُوا هَذَا،,"Ketika mendengar hal-hal ini, semua orang di dalam sinagoge itu dipenuhi dengan amarah.",Semua orang yang ada di rumah ibadah itu marah sekali mendengar Isa berkata begitu.,
Lukas,4,29,Lukas 4:29,فَقَامُوا وَأَخْرَجُوهُ خَارِجَ ٱلْمَدِينَةِ، وَجَاءُوا بِهِ إِلَى حَافَّةِ ٱلْجَبَلِ ٱلَّذِي كَانَتْ مَدِينَتُهُمْ مَبْنِيَّةً عَلَيْهِ حَتَّى يَطْرَحُوهُ إِلَى أَسْفَلٍ.,"Maka, berdirilah mereka dan menyeret Yesus ke luar dari kota itu, lalu membawa-Nya ke puncak bukit tempat kota mereka dibangun untuk menjatuhkan-Nya dari tebing.","Mereka bangkit berdiri, lalu mengusir Dia keluar kota dan membawa-Nya ke tebing gunung tempat kota itu dibangun untuk melemparkan-Nya ke bawah.",
Lukas,4,30,Lukas 4:30,أَمَّا هُوَ فَجَازَ فِي وَسْطِهِمْ وَمَضَى.,"Akan tetapi, Yesus berlalu dari tengah-tengah mereka dan pergi.","Akan tetapi, Ia berjalan di tengah-tengah mereka, lalu pergi.",
Lukas,4,31,Lukas 4:31,وَٱنْحَدَرَ إِلَى كَفْرِنَاحُومَ، مَدِينَةٍ مِنَ ٱلْجَلِيلِ، وَكَانَ يُعَلِّمُهُمْ فِي ٱلسُّبُوتِ.,"Yesus pergi ke Kapernaum, sebuah kota di wilayah Galilea, dan mengajar orang banyak pada hari Sabat.","Kemudian, Isa pergi ke Kapernaum, sebuah kota di Galilea. Di situ Ia mengajar orang pada hari-hari Sabat.",
Lukas,4,32,Lukas 4:32,فَبُهِتُوا مِنْ تَعْلِيمِهِ، لِأَنَّ كَلَامَهُ كَانَ بِسُلْطَانٍ.,Mereka kagum terhadap pengajaran-Nya sebab perkataan-Nya penuh dengan kuasa.,Orang-orang merasa heran atas pengajaran-Nya karena kata-kata-Nya penuh dengan wibawa.,
Lukas,4,33,Lukas 4:33,وَكَانَ فِي ٱلْمَجْمَعِ رَجُلٌ بِهِ رُوحُ شَيْطَانٍ نَجِسٍ، فَصَرَخَ بِصَوْتٍ عَظِيمٍ,"Di sinagoge, ada seorang laki-laki yang kerasukan roh setan yang najis. Orang itu berteriak dengan suara keras,","Di rumah ibadah itu ada seorang yang kerasukan setan. Orang itu berteriak dengan suara yang nyaring,",
Lukas,4,34,Lukas 4:34,قَائِلًا: «آهِ! مَا لَنَا وَلَكَ يَا يَسُوعُ ٱلنَّاصِرِيُّ؟ أَتَيْتَ لِتُهْلِكَنَا! أَنَا أَعْرِفُكَ مَنْ أَنْتَ: قُدُّوسُ ٱللهِ!».,"“Biarkan kami sendiri! Apa urusan-Mu dengan kami, hai Yesus, Orang Nazaret? Apakah Engkau datang untuk membinasakan kami? Aku tahu siapa Engkau, Yang Kudus dari Allah!”","“Apa sangkut paut-Mu dengan kami, hai Isa orang Nazaret? Apakah Engkau datang hendak membinasakan kami? Aku tahu siapa Engkau, yaitu Yang Suci, yang datang dari Allah.”",
Lukas,4,35,Lukas 4:35,فَٱنْتَهَرَهُ يَسُوعُ قَائِلًا: «ٱخْرَسْ! وَٱخْرُجْ مِنْهُ!». فَصَرَعَهُ ٱلشَّيْطَانُ فِي ٱلْوَسْطِ وَخَرَجَ مِنْهُ وَلَمْ يَضُرَّهُ شَيْئًا.,"Akan tetapi, Yesus membentak roh setan itu, kata-Nya, “Diam! Keluarlah dari orang ini!” Setelah setan itu membanting orang itu ke tanah, di depan semua orang, ia keluar dari tubuh orang itu dan tidak menyakitinya.","Isa menghardiknya, “Diam, keluar dari orang ini!” Kemudian, setan itu membanting orang itu ke tengah-tengah orang banyak, lalu keluar tanpa menyakitinya.",
Lukas,4,36,Lukas 4:36,فَوَقَعَتْ دَهْشَةٌ عَلَى ٱلْجَمِيعِ، وَكَانُوا يُخَاطِبُونَ بَعْضُهُمْ بَعْضًا قَائِلِينَ: «مَا هَذِهِ ٱلْكَلِمَةُ؟ لِأَنَّهُ بِسُلْطَانٍ وَقُوَّةٍ يَأْمُرُ ٱلْأَرْوَاحَ ٱلنَّجِسَةَ فَتَخْرُجُ!».,"Dengan penuh kekaguman, semua orang yang ada di situ berkata satu dengan yang lain, “Perkataan apakah ini? Karena dengan wibawa dan kuasa, Ia memerintahkan roh-roh najis itu dan mereka keluar.”","Semua orang tercengang. Mereka berkata seorang kepada yang lain, “Hebat sekali perkataan-Nya! Dengan wibawa dan dengan kuasa yang besar Ia memerintahkan setan-setan itu keluar, dan mereka pun keluar!”",
Lukas,4,37,Lukas 4:37,وَخَرَجَ صِيتٌ عَنْهُ إِلَى كُلِّ مَوْضِعٍ فِي ٱلْكُورَةِ ٱلْمُحِيطَةِ.,"Dan, berita tentang Yesus tersebar ke semua tempat di seluruh daerah itu.","Lalu, tersebarlah berita tentang Dia ke mana-mana di sekitar wilayah itu.",
Lukas,4,38,Lukas 4:38,وَلَمَّا قَامَ مِنَ ٱلْمَجْمَعِ دَخَلَ بَيْتَ سِمْعَانَ. وَكَانَتْ حَمَاةُ سِمْعَانَ قَدْ أَخَذَتْهَا حُمَّى شَدِيدَةٌ. فَسَأَلُوهُ مِنْ أَجْلِهَا.,"Kemudian, Yesus meninggalkan rumah ibadah itu dan pergi ke rumah Simon . Saat itu, ibu mertua Simon sedang demam tinggi, karena itu mereka meminta Yesus untuk menyembuhkannya.","Kemudian, Isa meninggalkan rumah ibadah itu dan pergi ke rumah Simon. Ibu mertua Simon sedang sakit demam tinggi. Mereka meminta kepada Isa agar Ia menolongnya.",
Lukas,4,39,Lukas 4:39,فَوَقَفَ فَوْقَهَا وَٱنْتَهَرَ ٱلْحُمَّى فَتَرَكَتْهَا! وَفِي ٱلْحَالِ قَامَتْ وَصَارَتْ تَخْدُمُهُمْ.,"Lalu, berdirilah Yesus di dekat ibu mertua Simon dan membentak demam itu, dan sakitnya pun sembuh. Seketika itu juga, ibu mertua Simon bangun dan mulai melayani mereka.","Lalu, Isa berdiri di sebelah ibu itu, kemudian dihardik-Nyalah demam itu. Demam itu hilang, lalu saat itu juga ibu itu bangun dan menyambut kedatangan mereka.",
Lukas,4,40,Lukas 4:40,وَعِنْدَ غُرُوبِ ٱلشَّمْسِ، جَمِيعُ ٱلَّذِينَ كَانَ عِنْدَهُمْ سُقَمَاءُ بِأَمْرَاضٍ مُخْتَلِفَةٍ قَدَّمُوهُمْ إِلَيْهِ، فَوَضَعَ يَدَيْهِ عَلَى كُلِّ وَاحِدٍ مِنْهُمْ وَشَفَاهُمْ.,"Ketika matahari mulai terbenam, semua orang membawa keluarga mereka yang menderita berbagai jenis penyakit kepada Yesus. Kemudian Yesus meletakkan tangan-Nya ke atas mereka masing-masing dan menyembuhkan mereka.","Setelah matahari terbenam, dibawalah kepada Isa orang-orang yang menderita berbagai penyakit. Isa menjamah mereka masing-masing dan menyembuhkan mereka.",
Lukas,4,41,Lukas 4:41,وَكَانَتْ شَيَاطِينُ أَيْضًا تَخْرُجُ مِنْ كَثِيرِينَ وَهِيَ تَصْرُخُ وَتَقُولُ: «أَنْتَ ٱلْمَسِيحُ ٱبْنُ ٱللهِ!». فَٱنْتَهَرَهُمْ وَلَمْ يَدَعْهُمْ يَتَكَلَّمُونَ، لِأَنَّهُمْ عَرَفُوهُ أَنَّهُ ٱلْمَسِيحُ.,"Setan-setan pun keluar dari orang banyak itu sambil berteriak, “Engkau adalah Anak Allah!” Akan tetapi, Yesus membentak mereka, Ia tidak membiarkan mereka berbicara karena mereka tahu bahwa Ia adalah Kristus.","Setan-setan juga keluar dari banyak orang sambil berteriak, “Engkau adalah Sang Anak yang datang dari Allah.” Isa menghardik setan-setan itu dan tidak memperbolehkan mereka berbicara sebab mereka mengenal bahwa Dia adalah Al-Masih.",
Lukas,4,42,Lukas 4:42,وَلَمَّا صَارَ ٱلنَّهَارُ خَرَجَ وَذَهَبَ إِلَى مَوْضِعٍ خَلَاءٍ، وَكَانَ ٱلْجُمُوعُ يُفَتِّشُونَ عَلَيْهِ. فَجَاءُوا إِلَيْهِ وَأَمْسَكُوهُ لِئَلَّا يَذْهَبَ عَنْهُمْ.,"Keesokan paginya Yesus pergi ke suatu tempat yang sunyi untuk menyendiri. Orang banyak mencari-Nya, dan ketika mereka menemukan-Nya, mereka berusaha menghalangi Dia agar tidak meninggalkan mereka.","Ketika hari sudah siang, Isa berangkat, lalu pergi ke tempat yang sunyi. Tetapi, orang banyak mencari Dia, dan ketika mereka menemukan Dia, mereka berusaha menahan-Nya supaya Ia jangan meninggalkan mereka.",
Lukas,4,43,Lukas 4:43,فَقَالَ لَهُمْ: «إِنَّهُ يَنْبَغِي لِي أَنْ أُبَشِّرَ ٱلْمُدُنَ ٱلْأُخَرَ أَيْضًا بِمَلَكُوتِ ٱللهِ، لِأَنِّي لِهَذَا قَدْ أُرْسِلْتُ».,"Akan tetapi, Ia berkata kepada mereka, “Aku harus memberitakan Injil Kerajaan Allah ke kota-kota lain juga karena untuk inilah Aku diutus.”","Akan tetapi, Ia bersabda kepada mereka, “Aku harus memberitakan Injil Kerajaan Allah kepada orang-orang di daerah-daerah lain juga karena untuk itulah Aku diutus oleh Allah.”",
Lukas,4,44,Lukas 4:44,فَكَانَ يَكْرِزُ فِي مَجَامِعِ ٱلْجَلِيلِ.,"Lalu, Yesus berkhotbah di sinagoge-sinagoge di Yudea.",Demikianlah Isa memberitakan Injil di rumah-rumah ibadah di Yudea.,
Lukas,5,1,Lukas 5:1,وَإِذْ كَانَ ٱلْجَمْعُ يَزْدَحِمُ عَلَيْهِ لِيَسْمَعَ كَلِمَةَ ٱللهِ، كَانَ وَاقِفًا عِنْدَ بُحَيْرَةِ جَنِّيسَارَتَ.,"Pada suatu ketika, orang banyak berkerumun di sekeliling-Nya untuk mendengarkan firman Allah. Waktu itu, Yesus berdiri di tepi danau Genesaret ,","Pada suatu hari, Isa berdiri di tepi Danau Galilea dan orang banyak berdesak-desakan mengerumuni-Nya untuk mendengarkan firman Allah.",
Lukas,5,2,Lukas 5:2,فَرَأَى سَفِينَتَيْنِ وَاقِفَتَيْنِ عِنْدَ ٱلْبُحَيْرَةِ، وَٱلصَّيَّادُونَ قَدْ خَرَجُوا مِنْهُمَا وَغَسَلُوا ٱلشِّبَاكَ.,"dan melihat dua perahu yang sedang sandar di tepi danau itu, tetapi para nelayan sudah keluar dari perahu-perahu itu dan sedang mencuci jala mereka.","Isa melihat dua perahu yang ditambatkan di tepi danau, tetapi para nelayannya sudah turun dan sedang membersihkan jala mereka.",
Lukas,5,3,Lukas 5:3,فَدَخَلَ إِحْدَى ٱلسَّفِينَتَيْنِ ٱلَّتِي كَانَتْ لِسِمْعَانَ، وَسَأَلَهُ أَنْ يُبْعِدَ قَلِيلًا عَنِ ٱلْبَرِّ. ثُمَّ جَلَسَ وَصَارَ يُعَلِّمُ ٱلْجُمُوعَ مِنَ ٱلسَّفِينَةِ.,"Yesus naik ke salah satu perahu, yaitu milik Simon, dan menyuruh Simon untuk mendayung perahunya sedikit menjauh dari darat. Kemudian, Yesus duduk dan mengajar orang banyak dari atas perahu.","Isa naik ke salah satu perahu itu, yaitu perahu milik Simon, lalu meminta Simon untuk mendorong perahu itu sedikit jauh dari pantai. Setelah duduk, Ia pun mengajar orang banyak itu dari perahu.",
Lukas,5,4,Lukas 5:4,وَلَمَّا فَرَغَ مِنَ ٱلْكَلَامِ قَالَ لِسِمْعَانَ: «ٱبْعُدْ إِلَى ٱلْعُمْقِ وَأَلْقُوا شِبَاكَكُمْ لِلصَّيْدِ».,"Setelah selesai berbicara, Yesus berkata kepada Simon, “Pergilah ke tempat air yang dalam dan tebarkanlah jalamu untuk menangkap ikan.”","Setelah selesai berbicara, Isa bersabda kepada Simon, “Bertolaklah ke tempat yang dalam dan tebarkanlah jalamu untuk menangkap ikan.”",
Lukas,5,5,Lukas 5:5,فَأَجَابَ سِمْعَانُ وَقَالَ لَهُ: «يَا مُعَلِّمُ، قَدْ تَعِبْنَا ٱللَّيْلَ كُلَّهُ وَلَمْ نَأْخُذْ شَيْئًا. وَلَكِنْ عَلَى كَلِمَتِكَ أُلْقِي ٱلشَّبَكَةَ».,"Simon menjawab, “Guru, kami bekerja keras sepanjang malam, tetapi tidak mendapatkan apa-apa! Akan tetapi, karena Engkau yang menyuruh, aku akan menebarkan jala ini.”","Simon menjawab, “Tuan, kami sudah bekerja keras sepanjang malam dan tak satu ikan pun didapat. Akan tetapi, karena Tuan yang menyuruh, maka hamba akan menebarkan jala juga.”",
Lukas,5,6,Lukas 5:6,وَلَمَّا فَعَلُوا ذَلِكَ أَمْسَكُوا سَمَكًا كَثِيرًا جِدًّا، فَصَارَتْ شَبَكَتُهُمْ تَتَخَرَّقُ.,"Dan, ketika mereka melakukannya, mereka menangkap banyak sekali ikan sehingga jala mereka mulai robek.","Lalu, mereka menebarkan jala mereka dan menangkap banyak sekali ikan sehingga jala itu mulai koyak.",
Lukas,5,7,Lukas 5:7,فَأَشَارُوا إِلَى شُرَكَائِهِمُ ٱلَّذِينَ فِي ٱلسَّفِينَةِ ٱلْأُخْرَى أَنْ يَأْتُوا وَيُسَاعِدُوهُمْ. فَأَتَوْا وَمَلَأُوا ٱلسَّفِينَتَيْنِ حَتَّى أَخَذَتَا فِي ٱلْغَرَقِ.,"Lalu, mereka memberi isyarat kepada teman-teman mereka di perahu yang lain untuk datang dan membantu mereka. Kemudian, datanglah teman-teman mereka dan mengisi kedua perahu itu dengan ikan hingga perahu mereka hampir tenggelam.","Maka, mereka memanggil teman-teman mereka yang di perahu lain supaya datang membantu, lalu teman-teman mereka itu datang dan mengisi kedua perahu itu penuh dengan ikan hingga hampir tenggelam.",
Lukas,5,8,Lukas 5:8,فَلَمَّا رَأَى سِمْعَانُ بُطْرُسُ ذَلِكَ خَرَّ عِنْدَ رُكْبَتَيْ يَسُوعَ قَائِلًا: «ٱخْرُجْ مِنْ سَفِينَتِي يَارَبُّ، لِأَنِّي رَجُلٌ خَاطِئٌ!».,"Ketika Simon Petrus melihat hal ini, ia bersujud di depan Yesus dan berkata, “Pergilah dariku, Tuan, sebab aku adalah orang yang berdosa!”","Setelah Simon Petrus melihat hal itu, sujudlah ia di depan Isa dan berkata, “Ya Junjungan, pergilah dariku karena aku orang berdosa.”",
Lukas,5,9,Lukas 5:9,إِذِ ٱعْتَرَتْهُ وَجمِيعَ ٱلَّذِينَ مَعَهُ دَهْشَةٌ عَلَى صَيْدِ ٱلسَّمَكِ ٱلَّذِي أَخَذُوهُ.,"Sebab, ia dan semua orang yang bersamanya merasa takjub atas banyaknya ikan yang mereka tangkap.",Simon berkata begitu sebab ia dan semua orang yang bersama-sama dengannya takjub akan banyaknya ikan yang mereka dapat.,
Lukas,5,10,Lukas 5:10,وَكَذَلِكَ أَيْضًا يَعْقُوبُ وَيُوحَنَّا ٱبْنَا زَبَدِي ٱللَّذَانِ كَانَا شَرِيكَيْ سِمْعَانَ. فَقَالَ يَسُوعُ لِسِمْعَانَ: «لَاتَخَفْ! مِنَ ٱلْآنَ تَكُونُ تَصْطَادُ ٱلنَّاسَ!».,"Demikian juga dengan Yakobus dan Yohanes, anak-anak Zebedeus, yang berteman dengan Simon. Yesus berkata kepada Simon, “Jangan takut. Mulai sekarang, kamu akan menjala manusia.”","Teman-teman Simon, yaitu Yakub dan Yahya, anak-anak Zabdi, juga heran. Lalu, sabda Isa kepada Simon, “Jangan takut. Mulai saat ini engkau akan menjala orang.”",
Lukas,5,11,Lukas 5:11,وَلَمَّا جَاءُوا بِٱلسَّفِينَتَيْنِ إِلَى ٱلْبَرِّ تَرَكُوا كُلَّ شَيْءٍ وَتَبِعُوهُ.,"Setelah mereka menarik perahu-perahu mereka ke darat, mereka meninggalkan segala sesuatu dan mengikut Yesus.","Setelah perahu-perahu itu dibawa ke darat, mereka meninggalkan semuanya, lalu mengikut Isa.",
Lukas,5,12,Lukas 5:12,وَكَانَ فِي إِحْدَى ٱلْمُدُنِ، فَإِذَا رَجُلٌ مَمْلُوءٌ بَرَصًا. فَلَمَّا رَأَى يَسُوعَ خَرَّ عَلَى وَجْهِهِ وَطَلَبَ إِلَيْهِ قَائِلًا: «يَا سَيِّدُ، إِنْ أَرَدْتَ تَقْدِرْ أَنْ تُطَهِّرَنِي».,"Suatu hari, Yesus berada di sebuah kota. Di kota itu, ada seorang yang tubuhnya penuh kusta. Ketika orang itu melihat Yesus, ia bersujud hingga mukanya menyentuh tanah dan memohon kepada-Nya, “Tuan, jika Engkau mau, Engkau dapat menahirkan aku.”","Pada suatu hari Isa berada di sebuah kota. Di situ ada seorang yang berpenyakit kusta. Ketika ia melihat Isa, sujudlah ia di hadapan-Nya dan berkata, “Tuan, jika Tuan menghendaki, Tuan dapat menahirkan aku.”",
Lukas,5,13,Lukas 5:13,فَمَدَّ يَدَهُ وَلَمَسَهُ قَائِلًا: «أُرِيدُ، فَٱطْهُرْ!». وَلِلْوَقْتِ ذَهَبَ عَنْهُ ٱلْبَرَصُ.,"Lalu, Yesus mengulurkan tangan-Nya dan menyentuh orang itu. Kata-Nya, “Aku mau, jadilah tahir.” Seketika itu juga, penyakit kusta orang itu hilang.","Isa mengulurkan tangan-Nya dan menyentuh dia, lalu bersabda, “Aku menghendakinya, tahirlah!” Saat itu juga lenyaplah kustanya.",
Lukas,5,14,Lukas 5:14,فَأَوْصَاهُ أَنْ لَا يَقُولَ لِأَحَدٍ. بَلِ «ٱمْضِ وَأَرِ نَفْسَكَ لِلْكَاهِنِ، وَقَدِّمْ عَنْ تَطْهِيرِكَ كَمَا أَمَرَ مُوسَى شَهَادَةً لَهُمْ».,"Namun, Yesus memerintahkan orang itu untuk tidak memberi tahu siapa pun dan berkata, “Pergi dan tunjukkanlah dirimu kepada imam . Persembahkan kurban atas kesembuhanmu seperti yang telah diperintahkan oleh Musa sebagai bukti bagi mereka.”","Lalu, Isa bersabda kepadanya, “Jangan ceritakan hal ini kepada seorang pun, tetapi pergi dan tunjukkanlah dirimu kepada imam. Setelah itu, persembahkanlah persembahan bagi ketahiranmu seperti diperintahkan Musa supaya menjadi kesaksian bagi mereka.”",
Lukas,5,15,Lukas 5:15,فَذَاعَ ٱلْخَبَرُ عَنْهُ أَكْثَرَ. فَٱجْتَمَعَ جُمُوعٌ كَثِيرَةٌ لِكَيْ يَسْمَعُوا وَيُشْفَوْا بِهِ مِنْ أَمْرَاضِهِمْ.,Berita tentang Yesus makin tersebar sehingga banyak orang datang berkumpul untuk mendengarkan Dia dan untuk disembuhkan dari penyakit mereka.,"Meskipun begitu, berita mengenai Isa semakin tersebar luas ke mana-mana sehingga orang datang berbondong-bondong untuk mendengarkan Dia dan minta disembuhkan dari penyakit mereka.",
Lukas,5,16,Lukas 5:16,وَأَمَّا هُوَ فَكَانَ يَعْتَزِلُ فِي ٱلْبَرَارِي وَيُصَلِّي.,"Namun, Yesus sering pergi menyelinap ke tempat-tempat sunyi untuk berdoa.","Tetapi, seperti biasanya, Isa mengundurkan diri ke tempat-tempat yang sunyi dan berdoa di situ.",
Lukas,5,17,Lukas 5:17,وَفِي أَحَدِ ٱلْأَيَّامِ كَانَ يُعَلِّمُ، وَكَانَ فَرِّيسِيُّونَ وَمُعَلِّمُونَ لِلنَّامُوسِ جَالِسِينَ وَهُمْ قَدْ أَتَوْا مِنْ كُلِّ قَرْيَةٍ مِنَ ٱلْجَلِيلِ وَٱلْيَهُودِيَّةِ وَأُورُشَلِيمَ. وَكَانَتْ قُوَّةُ ٱلرَّبِّ لِشِفَائِهِمْ.,"Pada suatu hari, ketika Yesus sedang mengajar, orang-orang Farisi dan ahli-ahli Taurat yang datang dari semua kota dari wilayah Galilea, Yudea, dan Kota Yerusalem juga duduk di sana. Dan, kuasa Tuhan menyertai Yesus sehingga Dia dapat menyembuhkan orang banyak.","Pada suatu hari ketika Isa sedang mengajar, beberapa orang dari mazhab Farisi dan para ahli Kitab Suci Taurat hadir juga di situ mendengarkan Dia. Mereka datang dari semua desa di Galilea dan Yudea, serta dari Kota Yerusalem. Kuasa Tuhan ada pada-Nya sehingga Ia dapat menyembuhkan orang.",
Lukas,5,18,Lukas 5:18,وَإِذَا بِرِجَالٍ يَحْمِلُونَ عَلَى فِرَاشٍ إِنْسَانًا مَفْلُوجًا، وَكَانُوا يَطْلُبُونَ أَنْ يَدْخُلُوا بِهِ وَيَضَعُوهُ أَمَامَهُ.,"Lalu, lihat, beberapa orang menggotong seorang lumpuh di atas tempat tidurnya, dan mereka berusaha membawanya masuk dan meletakkan orang itu di depan Yesus.",Beberapa orang datang kepada-Nya membawa seorang lumpuh dengan usungan. Mereka mencari jalan untuk membawa dia masuk supaya dapat diletakkan di hadapan Isa.,
Lukas,5,19,Lukas 5:19,وَلَمَّا لَمْ يَجِدُوا مِنْ أَيْنَ يَدْخُلُونَ بِهِ لِسَبَبِ ٱلْجَمْعِ، صَعِدُوا عَلَى ٱلسَّطْحِ وَدَلَّوْهُ مَعَ ٱلْفِرَاشِ مِنْ بَيْنِ ٱلْأَجُرِّ إِلَى ٱلْوَسْطِ قُدَّامَ يَسُوعَ.,"Akan tetapi, karena mereka tidak menemukan jalan untuk membawa orang itu masuk akibat kerumunan orang, naiklah mereka ke atas atap dan menurunkan orang lumpuh itu bersama dengan tempat tidurnya ke tengah-tengah di hadapan Yesus.","Tetapi, mereka tidak dapat membawanya masuk karena begitu banyak orang di situ. Jadi, mereka naik ke atas rumah dan menurunkan dia dengan tempat tidurnya melalui atap rumah itu ke tengah-tengah orang banyak tepat di depan Isa.",
Lukas,5,20,Lukas 5:20,فَلَمَّا رَأَى إِيمَانَهُمْ قَالَ لَهُ: «أَيُّهَا ٱلْإِنْسَانُ، مَغْفُورَةٌ لَكَ خَطَايَاكَ».,"Ketika melihat iman mereka, Yesus berkata, “Hai Saudara, dosamu sudah diampuni.”","Ketika Isa melihat iman mereka, bersabdalah Ia, “Saudara, dosa-dosamu sudah diampuni.”",
Lukas,5,21,Lukas 5:21,فَٱبْتَدَأَ ٱلْكَتَبَةُ وَٱلْفَرِّيسِيُّونَ يُفَكِّرُونَ قَائِلِينَ «مَنْ هَذَا ٱلَّذِي يَتَكَلَّمُ بِتَجَادِيفَ؟ مَنْ يَقْدِرُ أَنْ يَغْفِرَ خَطَايَا إِلَّا ٱللهُ وَحْدَهُ؟».,"Ahli-ahli Taurat dan orang-orang Farisi mulai bertanya-tanya, “Siapakah Orang yang menghujat Allah ini? Siapa yang dapat mengampuni dosa-dosa kecuali Allah saja?”","Ahli-ahli Kitab Suci Taurat dan orang-orang dari mazhab Farisi mulai bertanya-tanya, “Siapakah orang ini? Ia menghujah Allah! Siapa yang berhak mengampuni dosa, selain Allah?”",
Lukas,5,22,Lukas 5:22,فَشَعَرَ يَسُوعُ بِأَفْكَارِهِمْ، وَأَجَابَ وَقَالَ لَهُمْ: «مَاذَا تُفَكِّرُونَ فِي قُلُوبِكُمْ؟,"Ketika Yesus mengetahui pikiran mereka, Dia berkata, “Mengapa kamu bertanya seperti itu dalam hatimu?","Tetapi, ketika Isa tahu apa yang sedang mereka pertanyakan, bersabdalah Ia, “Mengapa kamu mempertanyakan soal itu di dalam hatimu?",
Lukas,5,23,Lukas 5:23,أَيُّمَا أَيْسَرُ: أَنْ يُقَالَ: مَغْفُورَةٌ لَكَ خَطَايَاكَ، أَمْ أَنْ يُقَالَ: قُمْ وَٱمْشِ؟,"Mana yang lebih mudah, mengatakan ‘Dosa-dosamu sudah diampuni’ atau ‘Bangun dan berjalanlah’?","Manakah lebih mudah dikatakan, ‘Dosamu sudah diampuni,’ atau, ‘Bangunlah dan berjalanlah’?",
Lukas,5,24,Lukas 5:24,وَلَكِنْ لِكَيْ تَعْلَمُوا أَنَّ لِٱبْنِ ٱلْإِنْسَانِ سُلْطَانًا عَلَى ٱلْأَرْضِ أَنْ يَغْفِرَ ٱلْخَطَايَا»، قَالَ لِلْمَفْلُوجِ: «لَكَ أَقُولُ: قُمْ وَٱحْمِلْ فِرَاشَكَ وَٱذْهَبْ إِلَى بَيْتِكَ!».,"Akan tetapi, supaya kamu mengetahui bahwa Anak Manusia berkuasa di bumi untuk mengampuni dosa,” Yesus berkata kepada orang yang lumpuh itu, “Aku berkata kepadamu: Bangunlah, angkat tempat tidurmu, dan pulanglah.’”","Akan tetapi, supaya kamu tahu bahwa di bumi ini Anak Manusia mempunyai wewenang untuk mengampuni dosa”—lalu sabda-Nya kepada orang lumpuh itu—“Aku berkata kepadamu, bangun, angkatlah tempat tidurmu dan pulanglah ke rumahmu!”",
Lukas,5,25,Lukas 5:25,فَفِي ٱلْحَالِ قَامَ أَمَامَهُمْ، وَحَمَلَ مَا كَانَ مُضْطَجِعًا عَلَيْهِ، وَمَضَى إِلَى بَيْتِهِ وَهُوَ يُمَجِّدُ ٱللهَ.,"Seketika itu juga, orang itu langsung berdiri di depan semua orang dan mengambil tempatnya berbaring, lalu berjalan pulang sambil memuji Allah.","Saat itu juga, di depan mereka semua, orang itu bangun dan mengangkat tempat tidurnya, lalu pulang ke rumahnya sambil memuliakan Allah.",
Lukas,5,26,Lukas 5:26,فَأَخَذَتِ ٱلْجَمِيعَ حَيْرَةٌ وَمَجَّدُوا ٱللهَ، وَٱمْتَلَأُوا خَوْفًا قَائِلِينَ: «إِنَّنَا قَدْ رَأَيْنَا ٱلْيَوْمَ عَجَائِبَ!».,"Semua orang itu merasa takjub dan memuji Allah. Dengan dipenuhi rasa takut yang besar terhadap kuasa Allah, mereka berkata, “Hari ini kami melihat hal-hal yang luar biasa!”","Semua orang heran sekali, lalu memuliakan Allah. Mereka merasa takut dan berkata, “Hari ini kita menyaksikan peristiwa-peristiwa yang ajaib!”",
Lukas,5,27,Lukas 5:27,وَبَعْدَ هَذَا خَرَجَ فَنَظَرَ عَشَّارًا ٱسْمُهُ لَاوِي جَالِسًا عِنْدَ مَكَانِ ٱلْجِبَايَةِ، فَقَالَ لَهُ: «ٱتْبَعْنِي».,"Setelah itu, Yesus keluar dan melihat seorang pengumpul pajak bernama Lewi yang sedang duduk di tempat pemungutan pajak. Yesus berkata kepadanya, “Ikutlah Aku.”","Setelah itu, Isa keluar dari situ dan pergi. Dilihat-Nya seorang pemungut cukai bernama Lewi duduk di tempat pembayaran cukai. Sabda Isa kepadanya, “Ikutlah Aku.”",
Lukas,5,28,Lukas 5:28,فَتَرَكَ كُلَّ شَيْءٍ وَقَامَ وَتَبِعَهُ.,"Maka Lewi pun berdiri, meninggalkan semuanya, dan mengikuti Yesus.","Lewi pun berdiri dan meninggalkan semuanya, lalu mengikut Dia.",
Lukas,5,29,Lukas 5:29,وَصَنَعَ لَهُ لَاوِي ضِيَافَةً كَبِيرَةً فِي بَيْتِهِ. وَٱلَّذِينَ كَانُوا مُتَّكِئِينَ مَعَهُمْ كَانُوا جَمْعًا كَثِيرًا مِنْ عَشَّارِينَ وَآخَرِينَ.,"Kemudian, ia mengadakan pesta besar untuk Yesus di rumahnya. Banyak pengumpul pajak dan orang-orang lain yang makan bersama mereka.","Kemudian, Lewi membuat suatu perjamuan besar di rumahnya untuk Isa. Ada banyak pemungut cukai dan orang-orang lain yang turut makan di situ.",
Lukas,5,30,Lukas 5:30,فَتَذَمَّرَ كَتَبَتُهُمْ وَٱلْفَرِّيسِيُّونَ عَلَى تَلَامِيذِهِ قَائِلِينَ: «لِمَاذَا تَأْكُلُونَ وَتَشْرَبُونَ مَعَ عَشَّارِينَ وَخُطَاةٍ؟».,"Akan tetapi, orang-orang Farisi dan ahli-ahli Taurat mulai menggerutu kepada murid-murid Yesus, “Mengapa kamu makan dan minum bersama para pengumpul pajak dan orang-orang berdosa?”","Orang-orang dari mazhab Farisi dan para ahli Kitab Suci Taurat melihat hal itu. Mereka bersungut-sungut dan berkata kepada para pengikut-Nya, “Mengapa kamu makan dan minum dengan para pemungut cukai dan para pendosa?”",
Lukas,5,31,Lukas 5:31,فَأَجَابَ يَسُوعُ وَقَالَ لَهُمْ: «لَا يَحْتَاجُ ٱلْأَصِحَّاءُ إِلَى طَبِيبٍ، بَلِ ٱلْمَرْضَى.,"Yesus menjawab dan berkata kepada mereka, “Bukan orang-orang sehat yang memerlukan tabib, tetapi orang-orang sakit.","Sabda Isa kepada mereka, “Orang-orang sehat tidak memerlukan tabib, melainkan orang-orang sakitlah yang memerlukannya.",
Lukas,5,32,Lukas 5:32,لَمْ آتِ لِأَدْعُوَ أَبْرَارًا بَلْ خُطَاةً إِلَى ٱلتَّوْبَةِ».,"Aku datang bukan untuk memanggil orang benar, tetapi untuk memanggil orang-orang berdosa supaya mereka bertobat.”","Aku datang bukan untuk memanggil orang-orang saleh, melainkan orang-orang berdosa supaya mereka bertobat.”",
Lukas,5,33,Lukas 5:33,وَقَالُوا لَهُ: «لِمَاذَا يَصُومُ تَلَامِيذُ يُوحَنَّا كَثِيرًا وَيُقَدِّمُونَ طَلَبَاتٍ، وَكَذَلِكَ تَلَامِيذُ ٱلْفَرِّيسِيِّينَ أَيْضًا، وَأَمَّا تَلَامِيذُكَ فَيَأْكُلُونَ وَيَشْرَبُونَ؟».,"Mereka berkata kepada Yesus, “Murid-murid Yohanes Pembaptis sering berpuasa dan berdoa, begitu juga murid-murid orang Farisi. Akan tetapi, murid-murid-Mu selalu makan dan minum.”","Orang-orang berkata kepada Isa, “Para pengikut Yahya kerap berpuasa dan berdoa, demikian pula dengan para pengikut dari mazhab Farisi. Tetapi, para pengikut-Mu makan dan minum!”",
Lukas,5,34,Lukas 5:34,فَقَالَ لَهُمْ: «أَتَقْدِرُونَ أَنْ تَجْعَلُوا بَنِي ٱلْعُرْسِ يَصُومُونَ مَا دَامَ ٱلْعَرِيسُ مَعَهُمْ؟,"Yesus berkata kepada mereka, “Dapatkah kamu menyuruh para pengiring pengantin laki-laki untuk berpuasa ketika pengantin laki-laki itu masih bersama-sama dengan mereka?","Sabda Isa kepada mereka, “Bolehkah sahabat-sahabat mempelai pria berpuasa selama mempelai itu masih bersama-sama dengan mereka?",
Lukas,5,35,Lukas 5:35,وَلَكِنْ سَتَأْتِي أَيَّامٌ حِينَ يُرْفَعُ ٱلْعَرِيسُ عَنْهُمْ، فَحِينَئِذٍ يَصُومُونَ فِي تِلْكَ ٱلْأَيَّامِ».,"Namun, hari-hari itu akan datang, ketika pengantin laki-laki itu diambil dari mereka, dan pada hari-hari itulah mereka akan berpuasa.”","Tetapi, akan tiba waktunya mempelai pria itu diambil dari antara mereka. Pada saat itu barulah mereka akan berpuasa.”",
Lukas,5,36,Lukas 5:36,وَقَالَ لَهُمْ أَيْضًا مَثَلًا: «لَيْسَ أَحَدٌ يَضَعُ رُقْعَةً مِنْ ثَوْبٍ جَدِيدٍ عَلَى ثَوْبٍ عَتِيقٍ، وَإِلَّا فَٱلْجَدِيدُ يَشُقُّهُ، وَٱلْعَتِيقُ لَا تُوافِقُهُ ٱلرُّقْعَةُ ٱلَّتِي مِنَ ٱلْجَدِيدِ.,"Yesus juga menceritakan perumpamaan ini kepada mereka, “Tidak seorang pun akan merobek sepotong kain dari pakaian yang baru untuk menambal pakaian yang sudah lama. Karena jika demikian, orang itu akan merusak pakaian yang baru, dan kain penambal dari pakaian yang baru itu tidak akan cocok dengan pakaian yang lama.","Lalu, Isa menyampaikan pula kepada mereka suatu ibarat, sabda-Nya, “Tidak seorang pun menyobek secarik kain dari baju yang baru, lalu menambalkannya pada baju yang sudah tua. Karena kalau begitu, maka baju yang baru itu akan sobek dan kain penambal dari baju itu pun tidak akan sesuai dengan baju yang sudah tua.",
Lukas,5,37,Lukas 5:37,وَلَيْسَ أَحَدٌ يَجْعَلُ خَمْرًا جَدِيدَةً فِي زِقَاقٍ عَتِيقَةٍ لِئَلَّا تَشُقَّ ٱلْخَمْرُ ٱلْجَدِيدَةُ ٱلزِّقَاقَ، فَهِيَ تُهْرَقُ وَٱلزِّقَاقُ تَتْلَفُ.,Demikian juga tidak ada seorang pun yang menuang anggur baru ke dalam kantong kulit yang lama. Anggur yang baru itu akan merobek kantong kulit yang lama sehingga anggur itu akan tumpah dan kantong kulitnya akan hancur.,"Demikian pula tidak seorang pun menuang air anggur yang baru ke dalam kirbat-kirbat kulit yang sudah tua. Karena kalau begitu, maka air anggur yang baru akan memecahkan kirbat-kirbat kulit yang sudah tua itu. Dengan demikian, air anggur itu akan tertumpah dan kirbat-kirbat kulitnya pun hancur.",
Lukas,5,38,Lukas 5:38,بَلْ يَجْعَلُونَ خَمْرًا جَدِيدَةً فِي زِقَاقٍ جَدِيدَةٍ، فَتُحْفَظُ جَمِيعًا.,Anggur yang baru harus disimpan di dalam kantong kulit yang baru.,"Jadi, air anggur yang baru harus ditaruh dalam kirbat-kirbat kulit yang baru pula.",
Lukas,5,39,Lukas 5:39,وَلَيْسَ أَحَدٌ إِذَا شَرِبَ ٱلْعَتِيقَ يُرِيدُ لِلْوَقْتِ ٱلْجَدِيدَ، لِأَنَّهُ يَقُولُ: ٱلْعَتِيقُ أَطْيَبُ».,"Tidak seorang pun yang setelah minum anggur lama, mau meminum anggur baru sebab mereka berkata, ‘Anggur yang lama itu lebih enak.’”","Tidak seorang pun menyukai anggur yang baru setelah ia meminum anggur yang lama karena katanya, ‘Anggur yang lama itu lebih enak.’”",
Lukas,6,1,Lukas 6:1,وَفِي ٱلسَّبْتِ ٱلثَّانِي بَعْدَ ٱلْأَوَّلِ ٱجْتَازَ بَيْنَ ٱلزُّرُوعِ. وَكَانَ تَلَامِيذُهُ يَقْطِفُونَ ٱلسَّنَابِلَ وَيَأْكُلُونَ وَهُمْ يَفْرُكُونَهَا بِأَيْدِيهِمْ.,"Suatu ketika, pada hari Sabat, Yesus berjalan melalui sebuah ladang gandum. Pada waktu itu, murid-murid-Nya memetik beberapa biji gandum, menggosok-gosoknya dengan tangan mereka, lalu memakannya.","Suatu kali pada hari Sabat, Isa dan para pengikut-Nya melewati ladang-ladang gandum. Para pengikut-Nya memetik bulir-bulir gandum, menggosoknya dengan tangan, lalu memakannya.",
Lukas,6,2,Lukas 6:2,فَقَالَ لَهُمْ قَوْمٌ مِنَ ٱلْفَرِّيسِيِّينَ: «لِمَاذَا تَفْعَلُونَ مَا لَا يَحِلُّ فِعْلُهُ فِي ٱلسُّبُوتِ؟».,"Beberapa orang Farisi bertanya, “Mengapa kamu melakukan hal yang tidak boleh dilakukan pada hari Sabat?”","Kemudian, orang-orang dari mazhab Farisi berkata, “Mengapa kamu berbuat sesuatu yang haram dilakukan pada hari Sabat?”",
Lukas,6,3,Lukas 6:3,فَأَجَابَ يَسُوعُ وَقَالَ لَهُمْ: «أَمَا قَرَأْتُمْ وَلَا هَذَا ٱلَّذِي فَعَلَهُ دَاوُدُ، حِينَ جَاعَ هُوَ وَٱلَّذِينَ كَانُوا مَعَهُ؟,"Yesus menjawab mereka dengan berkata, “Tidakkah kamu pernah membaca apa yang dilakukan Daud ketika ia dan orang-orang yang bersamanya merasa lapar,","Sabda Isa kepada mereka, “Belum pernahkah kamu baca apa yang dilakukan Daud ketika ia dan orang-orang yang menyertainya kelaparan?",
Lukas,6,4,Lukas 6:4,كَيْفَ دَخَلَ بَيْتَ ٱللهِ وَأَخَذَ خُبْزَ ٱلتَّقْدِمَةِ وَأَكَلَ، وَأَعْطَى ٱلَّذِينَ مَعَهُ أَيْضًا، ٱلَّذِي لَا يَحِلُّ أَكْلُهُ إِلَّا لِلْكَهَنَةِ فَقَطْ».,"tentang bagaimana ia masuk ke dalam Rumah Allah, mengambil roti persembahan , memakan roti itu, serta memberikannya kepada orang-orang yang bersamanya, yang tidak boleh memakannya, kecuali para imam saja?”","Ia masuk ke dalam Kemah Suci Allah dan mengambil roti sajian. Dimakannya roti itu dan diberikannya juga kepada orang-orang yang menyertainya, padahal roti itu haram bagi setiap orang, kecuali bagi imam-imam.”",
Lukas,6,5,Lukas 6:5,وَقَالَ لَهُمْ: «إِنَّ ٱبْنَ ٱلْإِنْسَانِ هُوَ رَبُّ ٱلسَّبْتِ أَيْضًا».,"Lalu, Yesus berkata kepada orang-orang Farisi itu, “Anak Manusia adalah Tuhan atas hari Sabat.”","Isa bersabda lagi kepada mereka, “Anak Manusia adalah Tuan atas hari Sabat.”",
Lukas,6,6,Lukas 6:6,وَفِي سَبْتٍ آخَرَ دَخَلَ ٱلْمَجْمَعَ وَصَارَ يُعَلِّمُ. وَكَانَ هُنَاكَ رَجُلٌ يَدُهُ ٱلْيُمْنَى يَابِسَةٌ،,"Pada hari Sabat yang berikutnya, Yesus pergi ke sinagoge dan mengajar. Di tempat itu ada seorang yang tangan kanannya lumpuh.","Pada hari Sabat yang lain, Isa masuk ke sebuah rumah ibadah, lalu mengajar. Di situ ada seorang laki-laki yang tangan kanannya lumpuh.",
Lukas,6,7,Lukas 6:7,وَكَانَ ٱلْكَتَبَةُ وَٱلْفَرِّيسِيُّونَ يُرَاقِبُونَهُ هَلْ يَشْفِي فِي ٱلسَّبْتِ، لِكَيْ يَجِدُوا عَلَيْهِ شِكَايَةً.,"Ahli-ahli Taurat dan orang-orang Farisi mengamati Yesus untuk melihat apakah Dia akan menyembuhkan pada hari Sabat, supaya mereka mempunyai alasan untuk menuduh Dia.",Para ahli Kitab Suci Taurat dan orang-orang dari mazhab Farisi terus saja mengintai Isa kalau-kalau Ia akan menyembuhkan orang pada hari Sabat supaya mereka dapat menemukan alasan untuk mempersalahkan-Nya.,
Lukas,6,8,Lukas 6:8,أَمَّا هُوَ فَعَلِمَ أَفْكَارَهُمْ، وَقَالَ لِلرَّجُلِ ٱلَّذِي يَدُهُ يَابِسَةٌ: «قُمْ وَقِفْ فِي ٱلْوَسْطِ». فَقَامَ وَوَقَفَ.,"Akan tetapi, Yesus tahu apa yang mereka pikirkan. Ia berkata kepada orang yang tangannya lumpuh itu, “Bangun dan berdirilah di tengah.” Lalu, orang itu bangkit dan berdiri di sana.","Tetapi, Isa tahu apa yang ada dalam pikiran mereka. Karena itu, bersabdalah Isa kepada orang yang lumpuh tangannya, “Bangunlah dan berdirilah di tengah, di sini.” Maka, orang itu pun bangun dan berdiri.",
Lukas,6,9,Lukas 6:9,ثُمَّ قَالَ لَهُمْ يَسُوعُ: «أَسْأَلُكُمْ شَيْئًا: هَلْ يَحِلُّ فِي ٱلسَّبْتِ فِعْلُ ٱلْخَيْرِ أَوْ فِعْلُ ٱلشَّرِّ؟ تَخْلِيصُ نَفْسٍ أَوْ إِهْلَاكُهَا؟».,"Yesus berkata kepada mereka, “Aku bertanya kepada kalian, manakah yang diperbolehkan untuk dilakukan pada hari Sabat: berbuat baik atau berbuat jahat? Menyelamatkan nyawa atau membinasakannya?”","Lalu, sabda Isa kepada semua orang yang ada di situ, “Aku bertanya kepadamu, mana yang diperbolehkan pada hari Sabat, berbuat baik atau berbuat jahat? Menyelamatkan nyawa orang atau membunuhnya?”",
Lukas,6,10,Lukas 6:10,ثُمَّ نَظَرَ حَوْلَهُ إِلَى جَمِيعِهِمْ وَقَالَ لِلرَّجُلِ: «مُدَّ يَدَكَ». فَفَعَلَ هَكَذَا. فَعَادَتْ يَدُهُ صَحِيحَةً كَٱلْأُخْرَى.,"Setelah memandang sekeliling, kepada mereka semua, Yesus berkata kepada orang yang tangannya lumpuh itu, “Ulurkanlah tanganmu.” Kemudian, orang itu mengulurkan tangannya dan tangannya menjadi sembuh.","Isa memandang mereka yang ada di sekeliling-Nya, lalu bersabda kepada orang itu, “Ulurkan tanganmu.” Orang itu mengulurkan tangannya dan sembuhlah tangannya.",
Lukas,6,11,Lukas 6:11,فَٱمْتَلَأُوا حُمْقًا وَصَارُوا يَتَكَالَمُونَ فِيمَا بَيْنَهُمْ مَاذَا يَفْعَلُونَ بِيَسُوعَ.,"Akan tetapi, orang-orang Farisi dan ahli-ahli Taurat menjadi sangat marah dan berunding tentang apa yang akan mereka lakukan terhadap Yesus.",Orang-orang di tempat itu marah sekali. Mereka berunding apa yang harus mereka lakukan terhadap Isa.,
Lukas,6,12,Lukas 6:12,وَفِي تِلْكَ ٱلْأَيَّامِ خَرَجَ إِلَى ٱلْجَبَلِ لِيُصَلِّيَ. وَقَضَى ٱللَّيْلَ كُلَّهُ فِي ٱلصَّلَاةِ لِلهِ.,"Pada hari-hari itu, Yesus naik ke bukit untuk berdoa, dan di sana Dia berdoa kepada Allah sepanjang malam.",Pada hari-hari itu Isa pergi ke sebuah bukit hendak memanjatkan doa. Semalam-malaman Ia berdoa di situ kepada Allah.,
Lukas,6,13,Lukas 6:13,وَلَمَّا كَانَ ٱلنَّهَارُ دَعَا تَلَامِيذَهُ، وَٱخْتَارَ مِنْهُمُ ٱثْنَيْ عَشَرَ، ٱلَّذِينَ سَمَّاهُمْ أَيْضًا «رُسُلًا»:,"Keesokan paginya, Dia memanggil murid-murid-Nya dan memilih dua belas orang dari antara mereka, yaitu orang-orang yang disebut-Nya rasul:",Keesokan paginya Ia memanggil para pengikut-Nya dan memilih dari antara mereka dua belas orang yang kemudian disebut-Nya rasul.,
Lukas,6,14,Lukas 6:14,سِمْعَانَ ٱلَّذِي سَمَّاهُ أَيْضًا بُطْرُسَ وَأَنْدَرَاوُسَ أَخَاهُ. يَعْقُوبَ وَيُوحَنَّا. فِيلُبُّسَ وَبَرْثُولَمَاوُسَ.,"Simon yang juga dinamainya “Petrus”, Andreas saudara Petrus, Yakobus, Yohanes, Filipus, Bartolomeus,","Mereka adalah Simon, yang digelari Petrus, Andreas saudaranya, Yakub, Yahya, Filipus, Bartolomeus,",
Lukas,6,15,Lukas 6:15,مَتَّى وَتُومَا. يَعْقُوبَ بْنَ حَلْفَى وَسِمْعَانَ ٱلَّذِي يُدْعَى ٱلْغَيُورَ.,"Matius, Tomas, Yakobus anak Alfeus, Simon yang disebut orang Zelot,","Matius, Tomas, Yakub anak Alpius, Simon yang juga disebut orang Zelot,",
Lukas,6,16,Lukas 6:16,يَهُوذَا أَخَا يَعْقُوبَ، وَيَهُوذَا ٱلْإِسْخَرْيُوطِيَّ ٱلَّذِي صَارَ مُسَلِّمًا أَيْضًا.,"Yudas anak Yakobus, dan Yudas Iskariot yang menjadi pengkhianat.","Yuda saudara Yakub, dan Yudas Iskariot yang kemudian menjadi pengkhianat.",
Lukas,6,17,Lukas 6:17,وَنَزَلَ مَعَهُمْ وَوَقَفَ فِي مَوْضِعٍ سَهْلٍ، هُوَ وَجَمْعٌ مِنْ تَلَامِيذِهِ، وَجُمْهُورٌ كَثِيرٌ مِنَ ٱلشَّعْبِ، مِنْ جَمِيعِ ٱلْيَهُودِيَّةِ وَأُورُشَلِيمَ وَسَاحِلِ صُورَ وَصَيْدَاءَ، ٱلَّذِينَ جَاءُوا لِيَسْمَعُوهُ وَيُشْفَوْا مِنْ أَمْرَاضِهِمْ،,"Setelah Yesus dan para rasul turun, Dia berdiri di suatu tempat yang datar. Lalu, datanglah kepada-Nya serombongan besar para murid-Nya dan orang banyak yang datang dari seluruh wilayah Yudea, Yerusalem, serta dari daerah pantai kota Tirus dan Sidon.","Kemudian, Isa turun bersama-sama dengan mereka dan berhenti di sebuah tempat yang rata. Di situ ada sejumlah besar pengikut-Nya dan juga banyak orang lain yang datang dari seluruh Yudea, Yerusalem, serta daerah pesisir Tirus dan Sidon.",
Lukas,6,18,Lukas 6:18,وَٱلْمُعَذَّبُونَ مِنْ أَرْوَاحٍ نَجِسَةٍ. وَكَانُوا يَبْرَأُونَ.,"Mereka semua datang untuk mendengar Yesus dan untuk mendapat kesembuhan dari segala penyakit mereka. Dan, orang-orang yang dirasuki roh-roh jahat juga disembuhkan.",Mereka datang untuk mendengarkan Dia dan untuk minta disembuhkan dari penyakit mereka. Orang-orang yang diganggu oleh setan-setan juga datang dan disembuhkan.,
Lukas,6,19,Lukas 6:19,وَكُلُّ ٱلْجَمْعِ طَلَبُوا أَنْ يَلْمِسُوهُ، لِأَنَّ قُوَّةً كَانَتْ تَخْرُجُ مِنْهُ وَتَشْفِي ٱلْجَمِيعَ.,Semua orang berusaha untuk menyentuh Yesus sebab ada kuasa yang keluar dari Dia dan menyembuhkan mereka semua.,Semua orang berusaha menyentuh-Nya sebab dari diri-Nya keluar kuasa yang menyembuhkan mereka semua.,
Lukas,6,20,Lukas 6:20,وَرَفَعَ عَيْنَيْهِ إِلَى تَلَامِيذِهِ وَقَالَ: «طُوبَاكُمْ أَيُّهَا ٱلْمَسَاكِينُ، لِأَنَّ لَكُمْ مَلَكُوتَ ٱللهِ.,"Yesus memandang kepada murid-murid-Nya itu dan berkata, “Diberkatilah kamu yang miskin sebab milikmulah Kerajaan Allah.","Isa memandang para pengikut-Nya dan bersabda, “Berbahagialah, hai kamu yang miskin, karena kamu memiliki Kerajaan Allah.",
Lukas,6,21,Lukas 6:21,طُوبَاكُمْ أَيُّهَا ٱلْجِيَاعُ ٱلْآنَ، لِأَنَّكُمْ تُشْبَعُونَ. طُوبَاكُمْ أَيُّهَا ٱلْبَاكُونَ ٱلْآنَ، لِأَنَّكُمْ سَتَضْحَكُونَ.,Diberkatilah kamu yang sekarang ini lapar sebab kamu akan dikenyangkan. Diberkatilah kamu yang sekarang ini menangis sebab kamu akan tertawa.,"Berbahagialah, hai kamu yang sekarang ini lapar, karena kamu akan dikenyangkan. Berbahagialah, hai kamu yang sekarang ini menangis, karena kamu akan tertawa.",
Lukas,6,22,Lukas 6:22,طُوبَاكُمْ إِذَا أَبْغَضَكُمُ ٱلنَّاسُ، وَإِذَا أَفْرَزُوكُمْ وَعَيَّرُوكُمْ، وَأَخْرَجُوا ٱسْمَكُمْ كَشِرِّيرٍ مِنْ أَجْلِ ٱبْنِ ٱلْإِنْسَانِ.,"Diberkatilah kamu saat orang membencimu, mengucilkanmu, menghinamu, serta mencemarkan nama baikmu karena Anak Manusia.","Berbahagialah kamu jika karena Anak Manusia, orang membenci kamu, mengucilkan kamu, mencemooh kamu, dan berkata bahwa kamu jahat.",
Lukas,6,23,Lukas 6:23,اِفْرَحُوا فِي ذَلِكَ ٱلْيَوْمِ وَتَهَلَّلُوا، فَهُوَذَا أَجْرُكُمْ عَظِيمٌ فِي ٱلسَّمَاءِ. لِأَنَّ آبَاءَهُمْ هَكَذَا كَانُوا يَفْعَلُونَ بِٱلْأَنْبِيَاءِ.,"Bersukacitalah pada hari kamu mengalaminya, dan melompatlah kegirangan karena upahmu besar di surga; sebab seperti itulah nenek moyang mereka memperlakukan para nabi.",Bersukaria dan bergembiralah pada waktu itu sebab pahalamu besar di surga. Demikian jugalah nenek moyang mereka memperlakukan para nabi.,
Lukas,6,24,Lukas 6:24,وَلَكِنْ وَيْلٌ لَكُمْ أَيُّهَا ٱلْأَغْنِيَاءُ، لِأَنَّكُمْ قَدْ نِلْتُمْ عَزَاءَكُمْ.,"Akan tetapi, celakalah hai kamu yang kaya sebab kamu telah mendapatkan kenyamanan hidup.","Tetapi, celakalah, hai kamu yang kaya, karena kamu sudah mendapat penghiburan.",
Lukas,6,25,Lukas 6:25,وَيْلٌ لَكُمْ أَيُّهَا ٱلشَّبَاعَى، لِأَنَّكُمْ سَتَجُوعُونَ. وَيْلٌ لَكُمْ أَيُّهَا ٱلضَّاحِكُونَ ٱلْآنَ، لِأَنَّكُمْ سَتَحْزَنُونَ وَتَبْكُونَ.,Celakalah kamu yang sekarang ini kenyang sebab kamu akan kelaparan. Celakalah kamu yang sekarang ini tertawa sebab kamu akan meratap dan menangis.,"Celakalah, hai kamu yang sekarang ini kenyang, karena kamu akan lapar. Celakalah, hai kamu yang sekarang ini tertawa, karena kamu akan berduka dan menangis.",
Lukas,6,26,Lukas 6:26,وَيْلٌ لَكُمْ إِذَا قَالَ فِيكُمْ جَمِيعُ ٱلنَّاسِ حَسَنًا. لِأَنَّهُ هَكَذَا كَانَ آبَاؤُهُمْ يَفْعَلُونَ بِٱلْأَنْبِيَاءِ ٱلْكَذَبَةِ.,Celakalah kamu jika semua orang mengatakan hal-hal yang baik tentang dirimu sebab seperti itulah nenek moyang mereka ketika berbicara tentang nabi-nabi palsu.”,Celakalah kamu apabila semua orang memuji kamu karena demikian jugalah nenek moyang mereka memperlakukan nabi-nabi palsu.”,
Lukas,6,27,Lukas 6:27,«لَكِنِّي أَقُولُ لَكُمْ أَيُّهَا ٱلسَّامِعُونَ: أَحِبُّوا أَعْدَاءَكُمْ، أَحْسِنُوا إِلَى مُبْغِضِيكُمْ،,"“Akan tetapi, Aku berkata kepada kamu yang mendengarkan Aku. Kasihilah musuhmu dan berbuat baiklah kepada orang yang membencimu.","“Tetapi, kepada kamu yang mendengarkan kata-kata-Ku, Aku berkata: Kasihilah orang yang menyeterui kamu dan berbuatlah baik kepada orang yang membenci kamu.",
Lukas,6,28,Lukas 6:28,بَارِكُوا لَاعِنِيكُمْ، وَصَلُّوا لِأَجْلِ ٱلَّذِينَ يُسِيئُونَ إِلَيْكُمْ.,Berkatilah orang yang mengutuki kamu dan berdoalah bagi mereka yang menganiaya kamu.,Mintalah berkah dari Allah untuk orang yang mengutuk kamu dan berdoalah bagi orang yang menganiaya kamu.,
Lukas,6,29,Lukas 6:29,مَنْ ضَرَبَكَ عَلَى خَدِّكَ فَٱعْرِضْ لَهُ ٱلْآخَرَ أَيْضًا، وَمَنْ أَخَذَ رِدَاءَكَ فَلَا تَمْنَعْهُ ثَوْبَكَ أَيْضًا.,"Bagi orang yang menampar pipimu, tawarkan juga pipimu yang lain. Dan, kepada siapa pun yang merampas jubahmu, jangan melarangnya untuk merampas bajumu juga.","Kalau orang menampar pipimu yang satu, berikanlah juga pipimu yang sebelah lagi. Kalau orang mengambil bajumu, biarkanlah dia mengambil juga jubahmu.",
Lukas,6,30,Lukas 6:30,وَكُلُّ مَنْ سَأَلَكَ فَأَعْطِهِ، وَمَنْ أَخَذَ ٱلَّذِي لَكَ فَلَا تُطَالِبْهُ.,"Berilah kepada setiap orang yang meminta kepadamu, dan jika seseorang mengambil milikmu, janganlah memintanya kembali.",Berilah kepada semua orang yang meminta kepadamu dan jangan meminta kembali barang-barang kepunyaanmu yang diambil orang.,
Lukas,6,31,Lukas 6:31,وَكَمَا تُرِيدُونَ أَنْ يَفْعَلَ ٱلنَّاسُ بِكُمُ ٱفْعَلُوا أَنْتُمْ أَيْضًا بِهِمْ هَكَذَا.,Perlakukanlah orang lain sebagaimana kamu ingin diperlakukan oleh mereka.,Perbuatlah terhadap orang lain apa yang kamu kehendaki mereka perbuat terhadapmu.,
Lukas,6,32,Lukas 6:32,وَإِنْ أَحْبَبْتُمُ ٱلَّذِينَ يُحِبُّونَكُمْ، فَأَيُّ فَضْلٍ لَكُمْ؟ فَإِنَّ ٱلْخُطَاةَ أَيْضًا يُحِبُّونَ ٱلَّذِينَ يُحِبُّونَهُمْ.,"Jika kamu hanya mengasihi orang yang mengasihi kamu, apakah pujian yang diberikan kepadamu? Sebab, orang berdosa pun mengasihi orang-orang yang mengasihi mereka.","Jika kamu hanya mengasihi orang yang mengasihi kamu, apa kelebihanmu? Orang-orang berdosa pun mengasihi orang-orang yang mengasihi mereka.",
Lukas,6,33,Lukas 6:33,وَإِذَا أَحْسَنْتُمْ إِلَى ٱلَّذِينَ يُحْسِنُونَ إِلَيْكُمْ، فَأَيُّ فَضْلٍ لَكُمْ؟ فَإِنَّ ٱلْخُطَاةَ أَيْضًا يَفْعَلُونَ هَكَذَا.,"Jika kamu hanya berbuat baik kepada orang yang berbuat baik kepadamu, pantaskah kamu mendapat pujian? Sebab, orang berdosa pun melakukan hal yang sama.","Jika kamu berbuat baik hanya kepada orang yang berbuat baik kepadamu, apa kelebihanmu? Orang-orang berdosa pun melakukan hal yang sama.",
Lukas,6,34,Lukas 6:34,وَإِنْ أَقْرَضْتُمُ ٱلَّذِينَ تَرْجُونَ أَنْ تَسْتَرِدُّوا مِنْهُمْ، فَأَيُّ فَضْلٍ لَكُمْ؟ فَإِنَّ ٱلْخُطَاةَ أَيْضًا يُقْرِضُونَ ٱلْخُطَاةَ لِكَيْ يَسْتَرِدُّوا مِنْهُمُ ٱلْمِثْلَ.,"Jika kamu meminjamkan barang kepada orang lain dengan mengharapkan imbalan, apakah pujian yang diberikan kepadamu? Sebab, orang berdosa pun meminjamkan kepada orang berdosa lainnya supaya mereka dapat menerimanya kembali dengan jumlah yang sama.","Jika kamu memberi pinjaman kepada orang dan kamu berharap mendapatkannya kembali, apa kelebihanmu? Orang-orang berdosa pun memberikan pinjaman kepada orang-orang berdosa, dan berharap mendapatkan kembali sebanyak yang mereka pinjamkan.",
Lukas,6,35,Lukas 6:35,بَلْ أَحِبُّوا أَعْدَاءَكُمْ، وَأَحْسِنُوا وَأَقْرِضُوا وَأَنْتُمْ لَا تَرْجُونَ شَيْئًا، فَيَكُونَ أَجْرُكُمْ عَظِيمًا وَتَكُونُوا بَنِي ٱلْعَلِيِّ، فَإِنَّهُ مُنْعِمٌ عَلَى غَيْرِ ٱلشَّاكِرِينَ وَٱلْأَشْرَارِ.,"Akan tetapi, kasihilah musuhmu dan berbuatlah yang baik, berilah pinjaman kepada orang lain tanpa mengharapkan imbalan. Dengan begitu, kamu akan mendapat upah yang besar dan kamu akan menjadi anak-anak Yang Mahatinggi, sebab Allah itu baik terhadap orang-orang yang tidak tahu berterima kasih dan yang jahat.","Tetapi sebaliknya, kasihilah orang-orang yang menyeterui kamu. Berbuat baiklah kepada mereka dan pinjamkanlah tanpa mengharapkan balasan maka pahalamu akan besar dan kamu akan menjadi anak-anak Tuhan Yang Mahatinggi. Karena Ia murah hati terhadap orang yang tidak tahu berterima kasih, juga terhadap orang yang jahat.",
Lukas,6,36,Lukas 6:36,فَكُونُوا رُحَمَاءَ كَمَا أَنَّ أَبَاكُمْ أَيْضًا رَحِيمٌ.,"Karena itu, hendaklah kamu berbelas kasihan, sama seperti Bapamu yang juga penuh dengan belas kasihan.”","Jadi, hendaklah kamu pun berbelaskasihan, seperti Bapamu juga berbelaskasihan.”",
Lukas,6,37,Lukas 6:37,«وَلَا تَدِينُوا فَلَا تُدَانُوا. لَا تَقْضُوا عَلَى أَحَدٍ فَلَا يُقْضَى عَلَيْكُمْ. اِغْفِرُوا يُغْفَرْ لَكُمْ.,“Jangan menghakimi supaya kamu tidak dihakimi. Jangan menghukum supaya kamu tidak dihukum. Ampunilah dan kamu akan diampuni.,“Jangan menghakimi maka kamu pun tidak akan dihakimi. Jangan menghukum orang maka kamu pun tidak akan dihukum. Ampunilah maka kamu pun akan diampuni.,
Lukas,6,38,Lukas 6:38,أَعْطُوا تُعْطَوْا، كَيْلًا جَيِّدًا مُلَبَّدًا مَهْزُوزًا فَائِضًا يُعْطُونَ فِي أَحْضَانِكُمْ. لِأَنَّهُ بِنَفْسِ ٱلْكَيْلِ ٱلَّذِي بِهِ تَكِيلُونَ يُكَالُ لَكُمْ».,"Berilah dan akan diberikan kepadamu: suatu takaran yang baik, yang dipadatkan, yang diguncangkan dan berlimpah, dan yang akan dituangkan ke pangkuanmu. Karena dengan ukuran yang sama yang kamu gunakan untuk mengukur, hal itu akan diukurkan kembali kepadamu.”","Berilah maka kamu pun akan diberi. Kamu akan menerima takaran yang baik, yang digoncang-goncangkan sampai padat betul, bahkan melimpah keluar sampai jatuh ke dalam kain gendonganmu. Demikianlah yang akan kamu terima. Sebab takaran yang kamu pakai untuk orang lain, itulah yang akan dipakaikan bagimu.”",
Lukas,6,39,Lukas 6:39,وَضَرَبَ لَهُمْ مَثَلًا: «هَلْ يَقْدِرُ أَعْمَى أَنْ يَقُودَ أَعْمَى؟ أَمَا يَسْقُطُ ٱلِٱثْنَانِ فِي حُفْرَةٍ؟,"Yesus menceritakan kepada mereka perumpamaan ini, “Dapatkah orang buta menuntun orang buta? Tidakkah mereka berdua akan jatuh ke dalam lubang?","Kemudian, Isa menyampaikan lagi sebuah ibarat yang lain kepada mereka, sabda-Nya, “Dapatkah orang buta menuntun orang buta? Bukankah keduanya akan jatuh ke dalam lubang?",
Lukas,6,40,Lukas 6:40,لَيْسَ ٱلتِّلْمِيذُ أَفْضَلَ مِنْ مُعَلِّمِهِ، بَلْ كُلُّ مَنْ صَارَ كَامِلًا يَكُونُ مِثْلَ مُعَلِّمِهِ.,"Seorang murid tidak lebih daripada gurunya. Akan tetapi, setiap orang yang sudah terlatih akan menjadi seperti guru mereka.","Seorang murid tidak akan lebih daripada gurunya, tetapi orang yang sudah menyelesaikan pelajarannya akan menjadi sama dengan gurunya.",
Lukas,6,41,Lukas 6:41,لِمَاذَا تَنْظُرُ ٱلْقَذَى ٱلَّذِي فِي عَيْنِ أَخِيكَ، وَأَمَّا ٱلْخَشَبَةُ ٱلَّتِي فِي عَيْنِكَ فَلَا تَفْطَنُ لَهَا؟,"Mengapa kamu melihat serbuk kayu di mata saudaramu, tetapi kamu tidak mengetahui balok kayu di matamu sendiri?","Mengapa engkau melihat serbuk kayu dalam mata saudaramu, padahal balok kayu dalam matamu sendiri tidak kausadari?",
Lukas,6,42,Lukas 6:42,أَوْ كَيْفَ تَقْدِرُ أَنْ تَقُولَ لِأَخِيكَ: يَا أَخِي، دَعْنِي أُخْرِجِ ٱلْقَذَى ٱلَّذِي فِي عَيْنِكَ، وَأَنْتَ لَا تَنْظُرُ ٱلْخَشَبَةَ ٱلَّتِي فِي عَيْنِكَ؟ يَا مُرَائِي! أَخْرِجْ أَوَّلًا ٱلْخَشَبَةَ مِنْ عَيْنِكَ، وَحِينَئِذٍ تُبْصِرُ جَيِّدًا أَنْ تُخْرِجَ ٱلْقَذَى ٱلَّذِي فِي عَيْنِ أَخِيكَ.,"Bagaimana kamu dapat mengatakan kepada saudaramu, ‘Saudara, biar kukeluarkan serbuk kayu itu dari matamu’, sedangkan kamu sendiri tidak melihat balok kayu di matamu? Hai orang munafik! Keluarkan dahulu balok kayu itu dari matamu sendiri. Sesudah itu, kamu dapat melihat dengan jelas untuk mengeluarkan serbuk kayu dari mata saudaramu.”","Mana mungkin engkau dapat berkata kepada saudaramu itu, ‘Mari, Saudara, aku keluarkan serbuk kayu dari matamu,’ padahal balok kayu yang ada dalam matamu sendiri tidak kaulihat? Hai orang munafik, keluarkanlah dahulu balok kayu itu dari matamu, kemudian barulah engkau dapat melihat dengan jelas untuk mengeluarkan serbuk kayu dari mata saudaramu itu.”",
Lukas,6,43,Lukas 6:43,«لِأَنَّهُ مَا مِنْ شَجَرَةٍ جَيِّدَةٍ تُثْمِرُ ثَمَرًا رَدِيًّا، وَلَا شَجَرَةٍ رَدِيَّةٍ تُثْمِرُ ثَمَرًا جَيِّدًا.,"“Pohon yang baik tidak akan menghasilkan buah yang buruk, dan pohon yang buruk tidak akan menghasilkan buah yang baik.","“Pohon yang baik tidak mungkin menghasilkan buah yang tidak baik. Sebaliknya, pohon yang tidak baik tidak mungkin menghasilkan buah yang baik.",
Lukas,6,44,Lukas 6:44,لِأَنَّ كُلَّ شَجَرَةٍ تُعْرَفُ مِنْ ثَمَرِهَا. فَإِنَّهُمْ لَا يَجْتَنُونَ مِنَ ٱلشَّوْكِ تِينًا، وَلَا يَقْطِفُونَ مِنَ ٱلْعُلَّيْقِ عِنَبًا.,"Setiap pohon dikenal dari jenis buah yang dihasilkan. Orang tidak mengumpulkan buah ara dari semak berduri, atau memetik anggur dari semak belukar.",Setiap pohon dikenal dari buahnya. Orang tidak memetik buah ara dari semak duri atau memetik buah anggur dari tumbuhan berduri lainnya.,
Lukas,6,45,Lukas 6:45,اَلْإِنْسَانُ ٱلصَّالِحُ مِنْ كَنْزِ قَلْبِهِ ٱلصَّالِحِ يُخْرِجُ ٱلصَّلَاحَ، وَٱلْإِنْسَانُ ٱلشِّرِّيرُ مِنْ كَنْزِ قَلْبِهِ ٱلشِّرِّيرِ يُخْرِجُ ٱلشَّرَّ. فَإِنَّهُ مِنْ فَضْلَةِ ٱلْقَلْبِ يَتَكَلَّمُ فَمُهُ.,Orang yang baik mengeluarkan hal-hal baik dari hatinya yang baik dan orang yang jahat mengeluarkan hal-hal yang jahat dari hatinya yang jahat. Apa yang keluar dari mulut seseorang berasal dari apa yang memenuhi hatinya.”,Orang baik mengeluarkan hal-hal yang baik dari dalam perbendaharaan hatinya yang baik. Orang jahat mengeluarkan hal-hal yang jahat dari perbendaharaan hatinya yang jahat. Sebab apa yang diucapkan oleh mulut meluap dari hati.”,
Lukas,6,46,Lukas 6:46,«وَلِمَاذَا تَدْعُونَنِي: يَارَبُّ، يَارَبُّ، وَأَنْتُمْ لَا تَفْعَلُونَ مَا أَقُولُهُ؟,"“Mengapa kamu memanggil Aku, ‘Tuhan, Tuhan,’ tetapi tidak melakukan apa yang Aku ajarkan?","“Mengapa kamu memanggil Aku, ‘Ya Junjungan kami, ya Junjungan kami,’ tetapi tidak melakukan apa yang Kukatakan?",
Lukas,6,47,Lukas 6:47,كُلُّ مَنْ يَأْتِي إِلَيَّ وَيَسْمَعُ كَلَامِي وَيَعْمَلُ بِهِ أُرِيكُمْ مَنْ يُشْبِهُ.,"Aku akan menunjukkan kepadamu, seperti apakah orang yang datang kepada-Ku, mendengar ajaran-Ku dan melakukannya.","Setiap orang yang datang kepada-Ku serta mendengarkan perkataan-Ku dan melakukannya, Aku akan mengatakan kepadamu dengan apakah ia dapat disamakan.",
Lukas,6,48,Lukas 6:48,يُشْبِهُ إِنْسَانًا بَنَى بَيْتًا، وَحَفَرَ وَعَمَّقَ وَوَضَعَ ٱلْأَسَاسَ عَلَى ٱلصَّخْرِ. فَلَمَّا حَدَثَ سَيْلٌ صَدَمَ ٱلنَّهْرُ ذَلِكَ ٱلْبَيْتَ، فَلَمْ يَقْدِرْ أَنْ يُزَعْزِعَهُ، لِأَنَّهُ كَانَ مُؤَسَّسًا عَلَى ٱلصَّخْرِ.,"Ia seperti orang yang membangun sebuah rumah, yang menggali dalam-dalam, lalu meletakkan fondasi di atas batu. Ketika banjir datang, air menghantam rumah itu, tetapi tidak dapat menggoyahkannya sebab rumah itu dibangun dengan sangat kukuh.","Ia seperti orang yang membangun rumah. Digalinya tanahnya dalam-dalam dan diletakkannya alasnya di atas dasar yang kuat. Ketika banjir datang dan menerpa rumah itu, rumah itu tidak bisa digoyahkan sebab dibangun di atas dasar yang kuat.",
Lukas,6,49,Lukas 6:49,وَأَمَّا ٱلَّذِي يَسْمَعُ وَلَا يَعْمَلُ، فَيُشْبِهُ إِنْسَانًا بَنَى بَيْتَهُ عَلَى ٱلْأَرْضِ مِنْ دُونِ أَسَاسٍ، فَصَدَمَهُ ٱلنَّهْرُ فَسَقَطَ حَالًا، وَكَانَ خَرَابُ ذَلِكَ ٱلْبَيْتِ عَظِيمًا!».,"Namun, orang yang mendengar ajaran-Ku tetapi tidak mematuhinya, ia seperti orang yang membangun rumah di atas tanah tanpa fondasi. Ketika banjir datang, rumah itu roboh dan mengalami kerusakan yang besar.”","Tetapi, orang yang mendengar perkataan-Ku dan tidak melakukannya, sama seperti orang yang membangun rumahnya tanpa dasar yang kuat. Ketika banjir datang dan menerpa rumah itu, rumah itu langsung roboh dan kerusakannya besar sekali.”",
Lukas,7,1,Lukas 7:1,وَلَمَّا أَكْمَلَ أَقْوَالَهُ كُلَّهَا فِي مَسَامِعِ ٱلشَّعْبِ دَخَلَ كَفْرَنَاحُومَ.,"Setelah Yesus menyelesaikan semua perkataan-Nya di depan orang banyak, Dia masuk ke Kapernaum.","Setelah Isa selesai berbicara di hadapan orang banyak yang mendengarkan-Nya, pergilah Ia ke Kapernaum.",
Lukas,7,2,Lukas 7:2,وَكَانَ عَبْدٌ لِقَائِدِ مِئَةٍ، مَرِيضًا مُشْرِفًا عَلَى ٱلْمَوْتِ، وَكَانَ عَزِيزًا عِنْدَهُ.,"Di sana, ada seorang Perwira Romawi yang memiliki budak yang dihargainya. Budak itu sedang sakit parah dan hampir mati.",Di situ ada seorang perwira yang mempunyai hamba yang sangat dihargainya. Hamba itu sedang sakit keras dan hampir mati.,
Lukas,7,3,Lukas 7:3,فَلَمَّا سَمِعَ عَنْ يَسُوعَ، أَرْسَلَ إِلَيْهِ شُيُوخَ ٱلْيَهُودِ يَسْأَلُهُ أَنْ يَأْتِيَ وَيَشْفِيَ عَبْدَهُ.,"Ketika perwira itu mendengar tentang Yesus, ia mengutus beberapa tua-tua Yahudi menemui Yesus dan meminta Dia datang untuk menyembuhkan pelayannya itu.”","Ketika perwira itu mendengar tentang Isa, ia mengutus beberapa tua-tua bani Israil kepada-Nya. Mereka diutus untuk meminta agar Isa datang dan menyembuhkan hambanya.",
Lukas,7,4,Lukas 7:4,فَلَمَّا جَاءُوا إِلَى يَسُوعَ طَلَبُوا إِلَيْهِ بِٱجْتِهَادٍ قَائِلِينَ: «إِنَّهُ مُسْتَحِقٌّ أَنْ يُفْعَلَ لَهُ هَذَا،,"Saat orang-orang itu datang kepada Yesus, mereka sungguh-sungguh memohon kepada-Nya. Kata mereka, “Orang ini layak mendapat pertolongan-Mu,","Setelah tua-tua bani Israil itu bertemu dengan Isa, mereka minta dengan sangat supaya Ia mau menolong perwira itu. Kata mereka, “Ya Junjungan, perwira itu patut ditolong.",
Lukas,7,5,Lukas 7:5,لِأَنَّهُ يُحِبُّ أُمَّتَنَا، وَهُوَ بَنَى لَنَا ٱلْمَجْمَعَ».,sebab ia mengasihi bangsa kita dan dialah yang membangun sinagoge bagi kita.”,Ia mengasihi bangsa kita. Dialah yang membangun rumah ibadah kami.”,
Lukas,7,6,Lukas 7:6,فَذَهَبَ يَسُوعُ مَعَهُمْ. وَإِذْ كَانَ غَيْرَ بَعِيدٍ عَنِ ٱلْبَيْتِ، أَرْسَلَ إِلَيْهِ قَائِدُ ٱلْمِئَةِ أَصْدِقَاءَ يَقُولُ لَهُ: «يَا سَيِّدُ، لَا تَتْعَبْ. لِأَنِّي لَسْتُ مُسْتَحِقًّا أَنْ تَدْخُلَ تَحْتَ سَقْفِي.,"Berangkatlah Yesus bersama mereka. Ketika Dia sudah dekat ke rumah perwira itu, perwira itu mengutus beberapa temannya untuk berkata kepada Yesus, “Tuan, janganlah Engkau menyusahkan diri sebab aku tidak layak menerima-Mu di rumahku.","Lalu, Isa pun pergi dengan mereka. Ketika mereka sudah tidak seberapa jauh lagi dari rumah itu, perwira itu mengutus beberapa orang sahabatnya kepada Isa dengan pesan, “Ya Junjungan, tidak perlu Junjungan menyusahkan diri. Lagi pula, aku tidak layak menerima Junjungan di rumahku.",
Lukas,7,7,Lukas 7:7,لِذَلِكَ لَمْ أَحْسِبْ نَفْسِي أَهْلًا أَنْ آتِيَ إِلَيْكَ. لَكِنْ قُلْ كَلِمَةً فَيَبْرَأَ غُلَامِي.,"Itulah sebabnya, aku sendiri merasa tidak layak untuk datang kepada-Mu. Akan tetapi, ucapkanlah sepatah kata saja, maka pelayanku pasti akan sembuh.","Bahkan aku sendiri pun tidak layak menghadap Junjungan. Tetapi, katakanlah sepatah kata saja demi kesembuhan hambaku itu.",
Lukas,7,8,Lukas 7:8,لِأَنِّي أَنَا أَيْضًا إِنْسَانٌ مُرَتَّبٌ تَحْتَ سُلْطَانٍ، لِي جُنْدٌ تَحْتَ يَدِي. وَأَقُولُ لِهَذَا: ٱذْهَبْ! فَيَذْهَبُ، وَلِآخَرَ: ٱئْتِ! فَيَأْتِي، وَلِعَبْدِي: ٱفْعَلْ هَذَا! فَيَفْعَلُ».,"Sebab, aku juga seorang bawahan yang membawahi prajurit-prajurit. Jika kukatakan kepada seorang prajurit, ‘Pergilah!’, ia pun pergi. Jika kukatakan kepada prajurit yang lain, ‘Datanglah!’, ia pun datang. Dan, jika kukatakan kepada budakku, ‘Lakukanlah ini!’, budakku pun akan melakukannya.”","Karena aku pun seorang bawahan, dan di bawahku pun ada prajurit-prajurit. Jika aku berkata kepada salah satu dari mereka, ‘Pergi,’ ia segera pergi; jika aku berkata kepada yang lainnya, ‘Kemari,’ ia segera datang; dan jika aku berkata kepada hambaku, ‘Kerjakan ini,’ ia segera mengerjakannya.”",
Lukas,7,9,Lukas 7:9,وَلَمَّا سَمِعَ يَسُوعُ هَذَا تَعَجَّبَ مِنْهُ، وَٱلْتَفَتَ إِلَى ٱلْجَمْعِ ٱلَّذِي يَتْبَعُهُ وَقَالَ: «أَقُولُ لَكُمْ: لَمْ أَجِدْ وَلَا فِي إِسْرَائِيلَ إِيمَانًا بِمِقْدَارِ هَذَا!».,"Ketika Yesus mendengar hal itu, Dia merasa heran akan perwira Romawi itu. Sambil berpaling kepada orang banyak yang mengikuti-Nya, Dia berkata, “Aku berkata kepadamu, bahkan di antara orang Israel pun Aku belum pernah menemukan iman sebesar ini.”","Mendengar hal itu Isa merasa heran. Ia menoleh kepada orang banyak yang sedang mengikuti-Nya, lalu bersabda, “Aku berkata kepadamu, belum pernah Kutemukan iman yang demikian ini, bahkan di antara bani Israil sekalipun.”",
Lukas,7,10,Lukas 7:10,وَرَجَعَ ٱلْمُرْسَلُونَ إِلَى ٱلْبَيْتِ، فَوَجَدُوا ٱلْعَبْدَ ٱلْمَرِيضَ قَدْ صَحَّ.,"Saat rombongan yang diutus kepada Yesus kembali ke rumah perwira itu, mereka mendapati budaknya sudah sembuh.",Orang-orang yang diutus itu kembali ke rumah perwira itu dan mendapati hamba itu sudah sembuh.,
Lukas,7,11,Lukas 7:11,وَفِي ٱلْيَوْمِ ٱلتَّالِي ذَهَبَ إِلَى مَدِينَةٍ تُدْعَى نَايِينَ، وَذَهَبَ مَعَهُ كَثِيرُونَ مِنْ تَلَامِيذِهِ وَجَمْعٌ كَثِيرٌ.,"Pada keesokan harinya, Yesus pergi ke sebuah kota bernama Nain bersama para murid-Nya dan rombongan orang banyak yang mengikuti Dia.","Tidak lama kemudian, Isa pergi ke sebuah kota yang bernama Nain, disertai para pengikut-Nya dan banyak sekali orang.",
Lukas,7,12,Lukas 7:12,فَلَمَّا ٱقْتَرَبَ إِلَى بَابِ ٱلْمَدِينَةِ، إِذَا مَيْتٌ مَحْمُولٌ، ٱبْنٌ وَحِيدٌ لِأُمِّهِ، وَهِيَ أَرْمَلَةٌ وَمَعَهَا جَمْعٌ كَثِيرٌ مِنَ ٱلْمَدِينَةِ.,"Ketika Dia mendekati pintu gerbang kota, ada mayat seorang laki-laki yang diusung keluar. Orang yang mati itu adalah anak tunggal dari ibunya yang sudah janda. Dan, ada banyak orang dari kota itu yang bersama-sama perempuan itu.","Ketika sudah dekat gerbang kota itu, ada iring-iringan orang yang sedang keluar mengusung jenazah seorang anak laki-laki, anak tunggal seorang janda. Banyak orang dari kota itu turut mengantar janda itu.",
Lukas,7,13,Lukas 7:13,فَلَمَّا رَآهَا ٱلرَّبُّ تَحَنَّنَ عَلَيْهَا، وَقَالَ لَهَا: «لَا تَبْكِي».,"Ketika Tuhan melihat perempuan itu, Tuhan berbelaskasihan kepadanya dan berkata, “Jangan menangis.”","Ketika Isa, Sang Junjungan, melihat ibu itu, Ia merasa iba terhadapnya. Sabda-Nya, “Jangan menangis.”",
Lukas,7,14,Lukas 7:14,ثُمَّ تَقَدَّمَ وَلَمَسَ ٱلنَّعْشَ، فَوَقَفَ ٱلْحَامِلُونَ. فَقَالَ: «أَيُّهَا ٱلشَّابُّ، لَكَ أَقُولُ: قُمْ!».,"Kemudian, Dia mendekat dan menyentuh tandu jenazah itu. Orang-orang yang mengusung tandu itu pun berhenti. Lalu, Yesus berkata, “Hai anak muda, Aku berkata kepadamu, bangunlah!”","Lalu, Ia mendekati usungan itu dan menyentuhnya. Maka, orang-orang yang membawa usungan itu pun berhenti. Isa bersabda, “Hai orang muda, Aku berkata kepadamu, bangunlah!”",
Lukas,7,15,Lukas 7:15,فَجَلَسَ ٱلْمَيْتُ وَٱبْتَدَأَ يَتَكَلَّمُ، فَدَفَعَهُ إِلَى أُمِّهِ.,"Kemudian, orang yang tadinya mati itu duduk dan mulai berbicara. Dan, Yesus mengembalikannya kepada ibunya.","Orang mati itu hidup kembali, lalu duduk dan berbicara. Kemudian, Isa menyerahkan dia kepada ibunya.",
Lukas,7,16,Lukas 7:16,فَأَخَذَ ٱلْجَمِيعَ خَوْفٌ، وَمَجَّدُوا ٱللهَ قَائِلِينَ: «قَدْ قَامَ فِينَا نَبِيٌّ عَظِيمٌ، وَٱفْتَقَدَ ٱللهُ شَعْبَهُ».,"Semua orang yang melihat hal itu dipenuhi rasa takut lalu mulai memuji Allah dan berkata, “Seorang nabi besar telah muncul di tengah-tengah kita!” dan “Allah telah melawat umat-Nya.”","Semua yang ada di situ menjadi takut dan memuliakan Allah. Mereka berkata, “Seorang nabi besar telah muncul di antara kita.” Mereka juga berkata, “Allah telah datang melawat umat-Nya.”",
Lukas,7,17,Lukas 7:17,وَخَرَجَ هَذَا ٱلْخَبَرُ عَنْهُ فِي كُلِّ ٱلْيَهُودِيَّةِ وَفِي جَمِيعِ ٱلْكُورَةِ ٱلْمُحِيطَةِ.,"Dan, berita tentang Dia menyebar ke seluruh Yudea dan ke semua tempat lain di sekitarnya.","Maka, berita mengenai Isa pun tersebar ke mana-mana di seluruh wilayah Yudea dan daerah-daerah sekitarnya.",
Lukas,7,18,Lukas 7:18,فَأَخْبَرَ يُوحَنَّا تَلَامِيذُهُ بِهَذَا كُلِّهِ.,Murid-murid Yohanes memberitahukan kepada Yohanes tentang semua hal itu.,"Ketika para pengikut Yahya menceritakan kepadanya semua peristiwa itu,",
Lukas,7,19,Lukas 7:19,فَدَعَا يُوحَنَّا ٱثْنَيْنِ مِنْ تَلَامِيذِهِ، وَأَرْسَلَ إِلَى يَسُوعَ قَائِلًا: «أَنْتَ هُوَ ٱلْآتِي أَمْ نَنْتَظِرُ آخَرَ؟».,"Lalu, Yohanes memanggil dua orang muridnya dan mengutus mereka kepada Tuhan untuk bertanya, “Engkaukah yang akan datang itu? Atau, haruskah kami menantikan yang lain?”","ia memanggil dua orang di antara mereka dan mengutus mereka kepada Isa, Sang Junjungan, untuk bertanya, “Engkaukah yang akan datang itu atau kami masih harus menunggu yang lain?”",
Lukas,7,20,Lukas 7:20,فَلَمَّا جَاءَ إِلَيْهِ ٱلرَّجُلَانِ قَالَا: «يُوحَنَّا ٱلْمَعْمَدَانُ قَدْ أَرْسَلَنَا إِلَيْكَ قَائِلًا: أَنْتَ هُوَ ٱلْآتِي أَمْ نَنْتَظِرُ آخَرَ؟».,"Ketika mereka datang kepada Yesus, mereka pun berkata, “Yohanes Pembaptis menyuruh kami untuk datang kepada-Mu dan bertanya, ‘Engkaukah yang akan datang itu? Atau, haruskah kami menantikan yang lain?’”","Setelah kedua orang itu sampai kepada Isa, mereka berkata, “Yahya mengutus kami kepada Tuan untuk bertanya, ‘Engkaukah yang akan datang itu atau kami masih harus menunggu yang lain?’”",
Lukas,7,21,Lukas 7:21,وَفِي تِلْكَ ٱلسَّاعَةِ شَفَى كَثِيرِينَ مِنْ أَمْرَاضٍ وَأَدْوَاءٍ وَأَرْوَاحٍ شِرِّيرَةٍ، وَوَهَبَ ٱلْبَصَرَ لِعُمْيَانٍ كَثِيرِينَ.,"Pada saat itu, Yesus sedang menyembuhkan banyak orang dari berbagai penyakit, wabah, dan roh-roh jahat. Ia juga mengaruniakan penglihatan kepada banyak orang buta.",Pada waktu itu Isa sedang menyembuhkan banyak orang dari segala macam penyakit dan penderitaan. Ia juga menyembuhkan orang-orang yang kerasukan setan-setan dan membuat banyak orang buta dapat melihat.,
Lukas,7,22,Lukas 7:22,فَأَجَابَ يَسُوعُ وَقَالَ لَهُماَ: «ٱذْهَبَا وَأَخْبِرَا يُوحَنَّا بِمَا رَأَيْتُمَا وَسَمِعْتُمَا: إِنَّ ٱلْعُمْيَ يُبْصِرُونَ، وَٱلْعُرْجَ يَمْشُونَ، وَٱلْبُرْصَ يُطَهَّرُونَ،وَٱلصُّمَّ يَسْمَعُونَ، وَٱلْمَوْتَى يَقُومُونَ، وَٱلْمَسَاكِينَ يُبَشَّرُونَ.,"Jawab Yesus kepada dua orang itu, “Pergi dan ceritakanlah kepada Yohanes tentang apa yang telah kamu lihat dan dengar: orang buta dapat melihat, orang lumpuh dapat berjalan, orang yang sakit kusta ditahirkan, orang tuli dapat mendengar, orang mati dibangkitkan, dan kepada orang-orang miskin diberitakan kabar baik.","Kemudian, sabda Isa kepada utusan-utusan Yahya itu, “Pergi dan beritahukan kepada Yahya segala sesuatu yang telah kamu lihat dan kamu dengar: Orang buta melihat, orang lumpuh berjalan, orang kusta menjadi tahir karena sembuh, orang tuli mendengar, orang mati dihidupkan kembali, dan Injil diberitakan kepada orang-orang miskin.",
Lukas,7,23,Lukas 7:23,وَطُوبَى لِمَنْ لَا يَعْثُرُ فِيَّ».,"Karena itu, berbahagialah ia yang tidak tersandung oleh-Ku.”",Berbahagialah orang yang tidak meragukan Aku.”,
Lukas,7,24,Lukas 7:24,فَلَمَّا مَضَى رَسُولَا يُوحَنَّا، ٱبْتَدَأَ يَقُولُ لِلْجُمُوعِ عَنْ يُوحَنَّا: «مَاذَا خَرَجْتُمْ إِلَى ٱلْبَرِّيَّةِ لِتَنْظُرُوا؟ أَقَصَبَةً تُحَرِّكُهَا ٱلرِّيحُ؟,"Setelah utusan-utusan Yohanes pergi, Yesus berbicara kepada orang banyak tentang Yohanes, “Untuk melihat apakah kamu pergi ke padang belantara? Melihat buluh yang ditiup angin?","Setelah utusan-utusan Nabi Yahya itu pergi, mulailah Isa berbicara tentang Yahya kepada orang banyak itu. Sabda-Nya, “Untuk apakah kamu pergi ke padang belantara? Untuk melihat serumpun buluh yang bergoyang-goyang karena ditiup angin?",
Lukas,7,25,Lukas 7:25,بَلْ مَاذَا خَرَجْتُمْ لِتَنْظُرُوا؟ أَإِنْسَانًا لَابِسًا ثِيَابًا نَاعِمَةً؟ هُوَذَا ٱلَّذِينَ فِي ٱللِّبَاسِ ٱلْفَاخِرِ وَٱلتَّنَعُّمِ هُمْ فِي قُصُورِ ٱلْمُلُوكِ.,"Namun, apa yang ingin kamu lihat ketika pergi? Orang yang berpakaian indah? Lihatlah, orang yang memakai pakaian indah dan hidup dalam kemewahan adanya di istana-istana raja.","Lalu, apa maksud kepergianmu itu? Untuk melihat orang yang memakai pakaian indahkah? Orang yang berpakaian demikian dan yang hidup mewah tinggal di istana-istana raja.",
Lukas,7,26,Lukas 7:26,بَلْ مَاذَا خَرَجْتُمْ لِتَنْظُرُوا؟ أَنَبِيًّا؟ نَعَمْ، أَقُولُ لَكُمْ: وَأَفْضَلَ مِنْ نَبِيٍّ!,"Jadi, apa yang ingin kamu lihat ketika pergi? Seorang nabi? Ya, Aku berkata kepadamu, bahkan lebih daripada seorang nabi.","Jadi, untuk apa kamu pergi ke sana? Untuk melihat seorang nabikah? Benar, dan Aku berkata kepadamu, ia bahkan lebih daripada sekadar seorang nabi.",
Lukas,7,27,Lukas 7:27,هَذَا هُوَ ٱلَّذِي كُتِبَ عَنْهُ: هَا أَنَا أُرْسِلُ أَمَامَ وَجْهِكَ مَلَاكِي ٱلَّذِي يُهَيِّئُ طَرِيقَكَ قُدَّامَكَ!,"Dialah orangnya, yang tentangnya ada tertulis: ‘Dengarlah! Aku menyuruh utusan-Ku mendahului Engkau. Dialah yang akan mempersiapkan jalan di hadapan-Mu.’ Maleakhi 3:1","Mengenai dia telah tertulis dalam Kitab Suci, ‘Lihat, Aku menyuruh utusan-Ku mendahului Engkau. Dialah yang akan mempersiapkan jalan bagi-Mu.’",
Lukas,7,28,Lukas 7:28,لِأَنِّي أَقُولُ لَكُمْ: إِنَّهُ بَيْنَ ٱلْمَوْلُودِينَ مِنَ ٱلنِّسَاءِ لَيْسَ نَبِيٌّ أَعْظَمَ مِنْ يُوحَنَّا ٱلْمَعْمَدَانِ، وَلَكِنَّ ٱلْأَصْغَرَ فِي مَلَكُوتِ ٱللهِ أَعْظَمُ مِنْهُ».,"Aku berkata kepadamu, di antara semua orang yang pernah dilahirkan oleh perempuan, tidak ada seorang pun yang lebih besar daripada Yohanes. Akan tetapi, yang paling kecil dalam Kerajaan Allah, lebih besar daripada dia.”","Aku berkata kepadamu, di antara mereka yang dilahirkan perempuan, tidak ada seorang pun yang lebih besar daripada Yahya. Meskipun demikian, orang yang terkecil dalam Kerajaan Allah lebih besar daripada dia.”",
Lukas,7,29,Lukas 7:29,وَجَمِيعُ ٱلشَّعْبِ إِذْ سَمِعُوا وَٱلْعَشَّارُونَ بَرَّرُوا ٱللهَ مُعْتَمِدِينَ بِمَعْمُودِيَّةِ يُوحَنَّا.,"Ketika orang banyak dan para pengumpul pajak mendengar hal ini, mereka semua mengakui keadilan Allah karena mereka telah dibaptis dengan baptisan Yohanes.",(Semua orang yang ada di situ termasuk para pemungut cukai yang mendengar sabda Isa itu mengakui kebenaran Allah karena mereka sudah dipermandikan oleh Yahya.,
Lukas,7,30,Lukas 7:30,وَأَمَّا ٱلْفَرِّيسِيُّونَ وَٱلنَّامُوسِيُّونَ فَرَفَضُوا مَشُورَةَ ٱللهِ مِنْ جِهَةِ أَنْفُسِهِمْ، غَيْرَ مُعْتَمِدِينَ مِنْهُ.,"Akan tetapi, orang-orang Farisi dan ahli-ahli Taurat menolak rencana Allah terhadap diri mereka karena mereka belum dibaptis oleh Yohanes.","Tetapi, orang-orang dari mazhab Farisi dan para ahli Kitab Suci Taurat menolak apa yang Allah kehendaki bagi mereka karena sebelumnya mereka tidak mau dipermandikan oleh Yahya.)",
Lukas,7,31,Lukas 7:31,ثُمَّ قَالَ ٱلرَّبُّ: «فَبِمَنْ أُشَبِّهُ أُنَاسَ هَذَا ٱلْجِيلِ؟ وَمَاذَا يُشْبِهُونَ؟,“Dengan apakah Aku mengumpamakan orang-orang yang hidup pada generasi ini? Seperti apakah mereka itu?,"Isa bersabda lagi, “Dengan apakah generasi ini akan Kusamakan dan siapakah yang sama dengan mereka?",
Lukas,7,32,Lukas 7:32,يُشْبِهُونَ أَوْلَادًا جَالِسِينَ فِي ٱلسُّوقِ يُنَادُونَ بَعْضُهُمْ بَعْضًا وَيَقُولُونَ: زَمَّرْنَا لَكُمْ فَلَمْ تَرْقُصُوا. نُحْنَا لَكُمْ فَلَمْ تَبْكُوا.,"Mereka adalah seperti anak-anak yang duduk-duduk di pasar, yang berseru satu sama lain, ‘Kami meniup seruling untukmu, tetapi kamu tidak menari. Kami menyanyikan lagu perkabungan, tetapi kamu tidak menangis.’","Mereka ini seperti anak-anak yang duduk-duduk di pasar dan berseru kepada kawan-kawan mereka, ‘Kami meniup seruling untukmu, tetapi kamu tidak menari. Kami melantunkan nyanyian ratapan, tetapi kamu tidak berduka.’",
Lukas,7,33,Lukas 7:33,لِأَنَّهُ جَاءَ يُوحَنَّا ٱلْمَعْمَدَانُ لَا يَأْكُلُ خُبْزًا وَلَا يَشْرَبُ خَمْرًا، فَتَقُولُونَ: بِهِ شَيْطَانٌ.,"Sebab, ketika Yohanes Pembaptis datang dan tidak makan roti atau minum anggur, kamu berkata, ‘Ia kerasukan setan.’","Karena Yahya datang, ia tidak makan roti dan minum anggur, lalu kamu berkata, ‘Ia kerasukan setan.’",
Lukas,7,34,Lukas 7:34,جَاءَ ٱبْنُ ٱلْإِنْسَانِ يَأْكُلُ وَيَشْرَبُ، فَتَقُولُونَ: هُوَذَا إِنْسَانٌ أَكُولٌ وَشِرِّيبُ خَمْرٍ، مُحِبٌّ لِلْعَشَّارِينَ وَٱلْخُطَاةِ.,"Akan tetapi, ketika Anak Manusia datang makan dan minum, kamu berkata, ‘Lihatlah! Ia seorang yang rakus dan peminum! Ia juga sahabat para pengumpul pajak dan orang-orang berdosa!’","Datang pula Anak Manusia, Ia makan dan minum, lalu kamu berkata, ‘Lihatlah, si rakus, peminum anggur, sahabat para pemungut cukai dan para pendosa.’",
Lukas,7,35,Lukas 7:35,وَٱلْحِكْمَةُ تَبَرَّرَتْ مِنْ جَمِيعِ بَنِيهَا».,"Akan tetapi, hikmat dibenarkan oleh anak-anaknya .”","Namun, hikmah terbukti benar melalui orang-orang yang menerimanya.”",
Lukas,7,36,Lukas 7:36,وَسَأَلَهُ وَاحِدٌ مِنَ ٱلْفَرِّيسِيِّينَ أَنْ يَأْكُلَ مَعَهُ، فَدَخَلَ بَيْتَ ٱلْفَرِّيسِيِّ وَٱتَّكَأَ.,"Pada suatu kali, ada seseorang dari golongan Farisi yang mengundang Yesus untuk makan bersama-Nya. Yesus pergi ke rumah orang Farisi itu dan duduk makan.","Seorang dari mazhab Farisi mengundang Isa makan di rumahnya. Maka, pergilah Isa ke rumah orang itu dan makan di situ.",
Lukas,7,37,Lukas 7:37,وَإِذَا ٱمْرَأَةٌ فِي ٱلْمَدِينَةِ كَانَتْ خَاطِئَةً، إِذْ عَلِمَتْ أَنَّهُ مُتَّكِئٌ فِي بَيْتِ ٱلْفَرِّيسِيِّ، جَاءَتْ بِقَارُورَةِ طِيبٍ،,"Di kota itu, ada seorang perempuan berdosa. Ketika ia mengetahui bahwa Yesus sedang makan di rumah orang Farisi itu, ia pun membeli sebuah botol pualam yang berisi minyak wangi.","Di kota itu ada seorang perempuan yang terkenal karena perbuatannya yang berdosa. Ia mendengar bahwa Isa sedang makan di rumah orang dari mazhab Farisi itu. Lalu, datanglah ia ke rumah itu dengan membawa sebuah buli-buli pualam berisi minyak wangi.",
Lukas,7,38,Lukas 7:38,وَوَقَفَتْ عِنْدَ قَدَمَيْهِ مِنْ وَرَائِهِ بَاكِيَةً، وَٱبْتَدَأَتْ تَبُلُّ قَدَمَيْهِ بِٱلدُّمُوعِ، وَكَانَتْ تَمْسَحُهُمَا بِشَعْرِ رَأْسِهَا، وَتُقَبِّلُ قَدَمَيْهِ وَتَدْهَنُهُمَا بِٱلطِّيبِ.,"Lalu, ia berdiri di belakang Yesus, dekat kaki-Nya, sambil menangis dan mulai membasuh kaki Yesus dengan air matanya dan mengusapnya dengan rambutnya. Setelah itu, ia mencium kaki Yesus dan mengurapinya dengan minyak wangi.","Sambil menangis ia berdiri di belakang Isa, dekat kaki-Nya. Air matanya jatuh membasahi kaki Isa, lalu ia menyekanya dengan rambutnya dan menciumnya, serta meminyakinya dengan minyak wangi.",
Lukas,7,39,Lukas 7:39,فَلَمَّا رَأَى ٱلْفَرِّيسِيُّ ٱلَّذِي دَعَاهُ ذَلِكَ، تَكَلَّمَ فِي نَفْسِهِ قَائِلًا: «لَوْ كَانَ هَذَا نَبِيًّا، لَعَلِمَ مَنْ هَذِهِ ٱلِٱمْرَأَةُ ٱلَّتِي تَلْمِسُهُ وَمَا هِيَ! إِنَّهَا خَاطِئَةٌ».,"Ketika orang Farisi yang mengundang Yesus melihat hal ini, ia berkata dalam hati, “Jika orang ini seorang nabi, Ia tentu tahu siapa dan perempuan macam apa yang menyentuh-Nya itu sebab perempuan ini adalah seorang pendosa.”","Melihat hal itu, orang dari mazhab Farisi yang mengundang Isa makan di rumahnya itu berkata dalam hatinya, “Kalau orang ini sungguh-sungguh nabi, pasti Ia tahu siapa perempuan itu dan perempuan macam apa dia sebab perempuan itu orang berdosa.”",
Lukas,7,40,Lukas 7:40,فَأَجَابَ يَسُوعُ وَقَالَ لَهُ: «يَا سِمْعَانُ، عِنْدِي شَيْءٌ أَقُولُهُ لَكَ». فَقَالَ: «قُلْ، يَا مُعَلِّمُ».,"Yesus menanggapi dan berkata, “Simon, ada yang ingin Kukatakan kepadamu.” Jawab Simon, “Katakanlah, Guru.”","Lalu, Isa bersabda kepada orang dari mazhab Farisi itu, “Simon, aku ingin mengatakan sesuatu kepadamu.” Jawab Simon, “Katakanlah, ya Guru.”",
Lukas,7,41,Lukas 7:41,«كَانَ لِمُدَايِنٍ مَدْيُونَانِ. عَلَى ٱلْوَاحِدِ خَمْسُمِئَةِ دِينَارٍ وَعَلَى ٱلْآخَرِ خَمْسُونَ.,"Yesus berkata, “Ada dua orang yang berutang kepada seorang pelepas uang , yang seorang berutang 500 dinar dan yang lainnya berutang 50 dinar.","Sabda Isa, “Ada dua orang berutang kepada seseorang yang biasa meminjamkan uangnya. Yang seorang berutang lima ratus uang dinar, dan yang satu lagi berutang lima puluh.",
Lukas,7,42,Lukas 7:42,وَإِذْ لَمْ يَكُنْ لَهُمَا مَا يُوفِيَانِ سَامَحَهُمَا جَمِيعًا. فَقُلْ: أَيُّهُمَا يَكُونُ أَكْثَرَ حُبًّا لَهُ؟».,"Ketika keduanya tidak sanggup membayar, si pelepas uang itu menghapuskan utang mereka berdua. Sekarang, siapakah di antara kedua orang itu yang akan lebih mengasihi si pelepas uang itu?”","Karena kedua orang itu tidak mempunyai sesuatu untuk membayar utang mereka, maka orang yang memberi pinjaman itu membebaskan mereka dari utang-utang mereka. Manakah dari antara kedua orang yang berutang itu yang lebih mengasihi orang yang menghapuskan utang mereka itu?”",
Lukas,7,43,Lukas 7:43,فَأَجَابَ سِمْعَانُ وَقَالَ: «أَظُنُّ ٱلَّذِي سَامَحَهُ بِٱلْأَكْثَرِ». فَقَالَ لَهُ: «بِٱلصَّوَابِ حَكَمْتَ».,"Jawab Simon, “Menurutku, orang yang paling banyak dibebaskan utangnya.” Yesus berkata kepadanya, “Kamu menilainya dengan benar.”","Simon menjawab, “Menurut pendapatku, orang yang lebih banyak dihapuskan utangnya.” Sabda Isa, “Benar sekali jawabanmu itu.”",
Lukas,7,44,Lukas 7:44,ثُمَّ ٱلْتَفَتَ إِلَى ٱلْمَرْأَةِ وَقَالَ لِسِمْعَانَ: «أَتَنْظُرُ هَذِهِ ٱلْمَرْأَةَ؟ إِنِّي دَخَلْتُ بَيْتَكَ، وَمَاءً لِأَجْلِ رِجْلَيَّ لَمْ تُعْطِ. وَأَمَّا هِيَ فَقَدْ غَسَلَتْ رِجْلَيَّ بِٱلدُّمُوعِ وَمَسَحَتْهُمَا بِشَعْرِ رَأْسِهَا.,"Sambil berpaling kepada perempuan itu, Yesus berkata kepada Simon, “Apakah kamu melihat perempuan ini? Ketika Aku datang ke rumahmu, kamu tidak memberikan air untuk membasuh kaki-Ku, tetapi ia membasuh kaki-Ku dengan air matanya dan mengusapnya dengan rambutnya.","Lalu, Ia menoleh kepada perempuan itu sambil bersabda kepada Simon, “Simon, engkau lihat apa yang dilakukan perempuan ini? Ketika Aku masuk ke rumahmu, engkau tidak memberikan air untuk membasuh kaki-Ku, tetapi perempuan ini membasuh kaki-Ku dengan air matanya dan menyekanya dengan rambutnya.",
Lukas,7,45,Lukas 7:45,قُبْلَةً لَمْ تُقَبِّلْنِي، وَأَمَّا هِيَ فَمُنْذُ دَخَلْتُ لَمْ تَكُفَّ عَنْ تَقْبِيلِ رِجْلَيَّ.,"Kamu tidak memberi-Ku ciuman, tetapi ia tak henti-hentinya mencium kaki-Ku sejak Aku masuk.","Engkau tidak menyambut Aku dengan ciuman, tetapi sejak Aku masuk di sini perempuan ini tidak henti-hentinya mencium kaki-Ku.",
Lukas,7,46,Lukas 7:46,بِزَيْتٍ لَمْ تَدْهُنْ رَأْسِي، وَأَمَّا هِيَ فَقَدْ دَهَنَتْ بِٱلطِّيبِ رِجْلَيَّ.,"Kamu tidak mengurapi kepala-Ku dengan minyak, tetapi ia meminyaki kaki-Ku dengan minyak wangi.","Engkau pun tidak meminyaki kepala-Ku, tetapi ia meminyaki kaki-Ku dengan minyak wangi.",
Lukas,7,47,Lukas 7:47,مِنْ أَجْلِ ذَلِكَ أَقُولُ لَكَ: قَدْ غُفِرَتْ خَطَايَاهَا ٱلْكَثِيرَةُ، لِأَنَّهَا أَحَبَّتْ كَثِيرًا. وَٱلَّذِي يُغْفَرُ لَهُ قَلِيلٌ يُحِبُّ قَلِيلًا».,"Karena itu, Kukatakan kepadamu, dosanya yang banyak itu sudah diampuni sebab ia menunjukkan kasih yang besar. Akan tetapi, orang yang sedikit diampuni, sedikit pula mengasihi.”","Oleh karena itu, Aku berkata kepadamu, karena dosa-dosanya yang banyak itu sudah diampuni, maka banyak pula ia berbuat kasih. Akan tetapi, orang yang diampuni dari dosanya yang sedikit, sedikit pula ia berbuat kasih.”",
Lukas,7,48,Lukas 7:48,ثُمَّ قَالَ لَهَا: «مَغْفُورَةٌ لَكِ خَطَايَاكِ».,"Lalu Yesus berkata kepada perempuan itu, “Dosamu sudah diampuni.”","Lalu, bersabdalah Isa kepada perempuan itu, “Dosa-dosamu sudah diampuni.”",
Lukas,7,49,Lukas 7:49,فَٱبْتَدَأَ ٱلْمُتَّكِئُونَ مَعَهُ يَقُولُونَ فِي أَنْفُسِهِمْ: «مَنْ هَذَا ٱلَّذِي يَغْفِرُ خَطَايَا أَيْضًا؟».,"Orang-orang yang duduk makan bersama Yesus mulai bertanya-tanya dalam hati mereka, “Siapakah Orang ini sehingga Ia dapat mengampuni dosa?”","Semua yang makan di situ bersama Isa berkata dalam hati mereka, “Siapakah orang ini sehingga Ia dapat mengampuni dosa-dosa?”",
Lukas,7,50,Lukas 7:50,فَقَالَ لِلْمَرْأَةِ: «إِيمَانُكِ قَدْ خَلَّصَكِ، اِذْهَبِي بِسَلَامٍ».,"Yesus berkata kepada perempuan itu, “Imanmu telah menyelamatkanmu, pergilah dengan damai.”","Lalu, bersabdalah Isa kepada perempuan itu, “Imanmu telah menyelamatkan engkau. Pergilah dengan sejahtera.”",
Lukas,8,1,Lukas 8:1,وَعَلَى أَثَرِ ذَلِكَ كَانَ يَسِيرُ فِي مَدِينَةٍ وَقَرْيَةٍ يَكْرِزُ وَيُبَشِّرُ بِمَلَكُوتِ ٱللهِ، وَمَعَهُ ٱلِٱثْنَا عَشَرَ.,"Pada keesokan harinya, Yesus pergi berkeliling ke kota-kota dan desa-desa untuk memberitakan dan menyatakan Injil Kerajaan Allah. Kedua belas rasul ada bersama-sama dengan Dia,","Tidak lama kemudian, Isa pergi ke kota-kota dan desa-desa untuk memberitakan Injil tentang Kerajaan Allah. Kedua belas pengikut-Nya turut bersama-sama dengan-Nya,",
Lukas,8,2,Lukas 8:2,وَبَعْضُ ٱلنِّسَاءِ كُنَّ قَدْ شُفِينَ مِنْ أَرْوَاحٍ شِرِّيرَةٍ وَأَمْرَاضٍ: مَرْيَمُ ٱلَّتِي تُدْعَى ٱلْمَجْدَلِيَّةَ ٱلَّتِي خَرَجَ مِنْهَا سَبْعَةُ شَيَاطِينَ،,"begitu juga beberapa perempuan yang telah disembuhkan Yesus dari segala roh-roh jahat dan berbagai penyakit. Di antara mereka adalah Maria, yang disebut Magdalena, yang dibebaskan Yesus dari tujuh roh jahat.","begitu juga beberapa perempuan yang sudah dilepaskan dari kuasa ruh-ruh jahat dan dari berbagai penyakit. Perempuan-perempuan itu ialah Maryam yang disebut orang Magdala (dari dalam dirinya pernah dikeluarkan tujuh setan),",
Lukas,8,3,Lukas 8:3,وَيُوَنَّا ٱمْرَأَةُ خُوزِي وَكِيلِ هِيرُودُسَ، وَسُوسَنَّةُ، وَأُخَرُ كَثِيرَاتٌ كُنَّ يَخْدِمْنَهُ مِنْ أَمْوَالِهِنَّ.,"Ada juga Yohana istri Khuza bendahara Herodes, Susana, dan masih banyak perempuan lainnya yang memakai kekayaan mereka sendiri untuk mendukung Dia.","Yohanah, istri Khuza (pengurus keuangan Herodes), Susana, dan banyak perempuan lain. Dengan harta mereka, perempuan-perempuan ini membantu rombongan Isa dan pengikut-pengikut-Nya.",
Lukas,8,4,Lukas 8:4,فَلَمَّا ٱجْتَمَعَ جَمْعٌ كَثِيرٌ أَيْضًا مِنَ ٱلَّذِينَ جَاءُوا إِلَيْهِ مِنْ كُلِّ مَدِينَةٍ، قَالَ بِمَثَلٍ:,"Ketika orang banyak berkumpul dan orang-orang dari berbagai kota datang kepada Yesus, Dia berbicara kepada mereka dengan sebuah perumpamaan:","Banyak orang berbondong-bondong datang kepada Isa dari berbagai kota. Ketika sejumlah besar orang berkumpul di sekeliling-Nya, Ia menyampaikan kepada mereka ibarat yang berikut ini.",
Lukas,8,5,Lukas 8:5,«خَرَجَ ٱلزَّارِعُ لِيَزْرَعَ زَرْعَهُ. وَفِيمَا هُوَ يَزْرَعُ سَقَطَ بَعْضٌ عَلَى ٱلطَّرِيقِ، فَٱنْدَاسَ وَأَكَلَتْهُ طُيُورُ ٱلسَّمَاءِ.,"“Seorang petani pergi menabur benih. Ketika ia menabur, ada sebagian yang jatuh di pinggir jalan dan terinjak-injak, serta dimakan oleh burung-burung di udara.","“Ada seorang penabur yang pergi untuk menabur benihnya. Pada waktu benih itu ditabur, sebagian jatuh di tepi jalan, lalu dipijak-pijak orang dan burung-burung pun memakannya sampai habis.",
Lukas,8,6,Lukas 8:6,وَسَقَطَ آخَرُ عَلَى ٱلصَّخْرِ، فَلَمَّا نَبَتَ جَفَّ لِأَنَّهُ لَمْ تَكُنْ لَهُ رُطُوبَةٌ.,"Sebagian lagi jatuh di atas tempat berbatu, dan ketika benih itu mulai tumbuh, benih itu menjadi kering karena tidak ada air.","Kemudian, sebagian lagi jatuh di tempat yang berbatu-batu. Benih itu pun tumbuh, tetapi kemudian menjadi kering karena tanahnya kurang mengandung air.",
Lukas,8,7,Lukas 8:7,وَسَقَطَ آخَرُ فِي وَسْطِ ٱلشَّوْكِ، فَنَبَتَ مَعَهُ ٱلشَّوْكُ وَخَنَقَهُ.,Sebagian lainnya jatuh di tengah-tengah semak duri dan tumbuh bersamanya sehingga semak itu mencekiknya.,"Lalu, yang sebagian lagi jatuh ke tengah-tengah semak duri. Semak-semak itu tumbuh bersama-sama dengan benih itu, lalu mengimpitnya.",
Lukas,8,8,Lukas 8:8,وَسَقَطَ آخَرُ فِي ٱلْأَرْضِ ٱلصَّالِحَةِ، فَلَمَّا نَبَتَ صَنَعَ ثَمَرًا مِئَةَ ضِعْفٍ». قَالَ هَذَا وَنَادَى: «مَنْ لَهُ أُذْنَانِ لِلسَّمْعِ فَلْيَسْمَعْ!».,"Sisa benih lainnya jatuh di tanah yang subur dan bertumbuh sehingga memberi hasil seratus kali lipat banyaknya.” Setelah mengakhiri perumpamaan itu Yesus berseru, “Ia yang memiliki telinga untuk mendengar, hendaklah mendengarkan baik-baik!”","Sedangkan benih-benih lainnya jatuh di tanah yang baik, lalu tumbuh dan menghasilkan buah seratus kali lipat.” Setelah Isa bersabda demikian, berserulah Ia dengan suara nyaring, “Siapa bertelinga, dengarlah!”",
Lukas,8,9,Lukas 8:9,فَسَأَلَهُ تَلَامِيذُهُ قَائِلِينَ: «مَا عَسَى أَنْ يَكُونَ هَذَا ٱلْمَثَلُ؟».,"Setelah itu, murid-murid Yesus bertanya kepada-Nya tentang arti perumpamaan itu.","Para pengikut Isa bertanya kepada-Nya, “Apa arti dari ibarat itu?”",
Lukas,8,10,Lukas 8:10,فَقَالَ: «لَكُمْ قَدْ أُعْطِيَ أَنْ تَعْرِفُوا أَسْرَارَ مَلَكُوتِ ٱللهِ، وَأَمَّا لِلْبَاقِينَ فَبِأَمْثَالٍ، حَتَّى إِنَّهُمْ مُبْصِرِينَ لَا يُبْصِرُونَ، وَسَامِعِينَ لَا يَفْهَمُونَ.,"Dia berkata, “Kepadamu diberitahukan rahasia Kerajaan Allah, tetapi kepada orang lain diberitahukan dalam perumpamaan supaya, ‘Sekalipun memandang, mereka tidak melihat, dan sekalipun mendengar, mereka tidak mengerti.’” Yesaya 6:9","Sabda Isa, “Kepadamu diberikan anugerah untuk mengetahui rahasia-rahasia Kerajaan Allah. Tetapi sebaliknya, kepada orang-orang lain hal itu disampaikan hanya melalui ibarat. Maksudnya ialah supaya meskipun mereka melihat, mereka tidak memperhatikan, dan meskipun mereka mendengar, mereka tidak memahami.”",
Lukas,8,11,Lukas 8:11,وَهَذَا هُوَ ٱلْمَثَلُ: ٱلزَّرْعُ هُوَ كَلَامُ ٱللهِ،,Inilah arti perumpamaan itu: “Benih itu adalah firman Allah.,"Isa bersabda, “Inilah arti dari ibarat itu. Benih itu adalah firman Allah.",
Lukas,8,12,Lukas 8:12,وَٱلَّذِينَ عَلَى ٱلطَّرِيقِ هُمُ ٱلَّذِينَ يَسْمَعُونَ، ثُمَّ يَأْتِي إِبْلِيسُ وَيَنْزِعُ ٱلْكَلِمَةَ مِنْ قُلُوبِهِمْ لِئَلَّا يُؤْمِنُوا فَيَخْلُصُوا.,"Benih yang jatuh di pinggir jalan itu adalah mereka yang mendengar firman Allah. Kemudian, datanglah setan dan mengambil firman itu dari hati mereka supaya mereka jangan percaya dan diselamatkan.","Benih-benih yang jatuh di tepi jalan menceritakan tentang orang-orang yang mendengar firman, tetapi kemudian Iblis datang dan mengambil firman itu dari dalam hati mereka supaya mereka jangan percaya dan diselamatkan.",
Lukas,8,13,Lukas 8:13,وَٱلَّذِينَ عَلَى ٱلصَّخْرِ هُمُ ٱلَّذِينَ مَتَى سَمِعُوا يَقْبَلُونَ ٱلْكَلِمَةَ بِفَرَحٍ، وَهَؤُلَاءِ لَيْسَ لَهُمْ أَصْلٌ، فَيُؤْمِنُونَ إِلَى حِينٍ، وَفِي وَقْتِ ٱلتَّجْرِبَةِ يَرْتَدُّونَ.,"Benih yang jatuh di atas tanah berbatu adalah orang-orang yang mendengar firman Allah dan menerimanya dengan sukacita, tetapi tidak berakar. Mereka hanya percaya sebentar, tetapi ketika kesulitan datang, mereka segera berbalik dari Allah.","Kemudian, benih-benih yang jatuh di tempat berbatu-batu menceritakan tentang orang-orang yang mendengar firman dan menerimanya dengan gembira, tetapi firman itu tidak berakar di hati mereka. Mereka hanya percaya untuk sementara waktu, dan pada waktu kesusahan datang, mereka pun segera murtad.",
Lukas,8,14,Lukas 8:14,وَٱلَّذِي سَقَطَ بَيْنَ ٱلشَّوْكِ هُمُ ٱلَّذِينَ يَسْمَعُونَ، ثُمَّ يَذْهَبُونَ فَيَخْتَنِقُونَ مِنْ هُمُومِ ٱلْحَيَاةِ وَغِنَاهَا وَلَذَّاتِهَا، وَلَا يُنْضِجُونَ ثَمَرًا.,"Benih yang jatuh di antara semak berduri adalah orang-orang yang mendengarkan firman Allah, tetapi sementara mereka bertumbuh, mereka dicekik oleh rasa khawatir, kekayaan, serta kesenangan hidup sehingga mereka tidak menghasilkan buah yang matang.","Lalu, benih-benih yang jatuh di antara semak duri menceritakan tentang orang-orang yang mendengar firman, tetapi dalam menjalani kehidupannya mereka terimpit oleh kekhawatiran, kekayaan, dan kenikmatan hidup sehingga mereka tidak menghasilkan buah yang matang.",
Lukas,8,15,Lukas 8:15,وَٱلَّذِي فِي ٱلْأَرْضِ ٱلْجَيِّدَةِ، هُوَ ٱلَّذِينَ يَسْمَعُونَ ٱلْكَلِمَةَ فَيَحْفَظُونَهَا فِي قَلْبٍ جَيِّدٍ صَالِحٍ، وَيُثْمِرُونَ بِٱلصَّبْرِ.,"Sedangkan benih yang jatuh di tanah yang subur itu adalah orang-orang yang mendengarkan firman Allah dan menyimpannya dalam hati yang jujur dan baik, serta berbuah dalam ketekunan.”","Sedangkan benih-benih yang jatuh di tanah yang baik menceritakan tentang orang-orang yang mendengar firman, lalu menyimpannya di dalam hati secara layak dan baik sehingga dalam ketekunan mereka menghasilkan buah.”",
Lukas,8,16,Lukas 8:16,«وَلَيْسَ أَحَدٌ يُوقِدُ سِرَاجًا وَيُغَطِّيهِ بِإِنَاءٍ أَوْ يَضَعُهُ تَحْتَ سَرِيرٍ، بَلْ يَضَعُهُ عَلَى مَنَارَةٍ، لِيَنْظُرَ ٱلدَّاخِلُونَ ٱلنُّورَ.,"“Tidak ada seorang pun yang setelah menyalakan pelita, kemudian menutupinya dengan gantang atau meletakkannya di bawah tempat tidur. Sebaliknya, ia akan meletakkan pelita itu di atas kaki pelita supaya orang yang masuk ke dalam rumah dapat melihat cahayanya.","“Tidak ada orang yang menyalakan pelita, kemudian menutupnya dengan tempayan atau menaruhnya di bawah tempat tidur. Tetapi sebaliknya, orang akan menaruhnya pada kaki pelita supaya mereka yang masuk ke dalam rumah dapat melihat terangnya.",
Lukas,8,17,Lukas 8:17,لِأَنَّهُ لَيْسَ خَفِيٌّ لَا يُظْهَرُ، وَلَا مَكْتُومٌ لَا يُعْلَمُ وَيُعْلَنُ.,"Sebab, tidak ada hal yang tersembunyi yang tidak akan dinyatakan, dan tidak ada rahasia yang tidak akan diungkap dan dibawa kepada terang.","Karena tidak ada sesuatu yang tersembunyi yang tidak akan dinyatakan, dan tidak ada satu rahasia pun yang tidak akan diketahui dan dinyatakan.",
Lukas,8,18,Lukas 8:18,فَٱنْظُرُوا كَيْفَ تَسْمَعُونَ، لِأَنَّ مَنْ لَهُ سَيُعْطَى، وَمَنْ لَيْسَ لَهُ فَٱلَّذِي يَظُنُّهُ لَهُ يُؤْخَذُ مِنْهُ».,"Karena itu, perhatikanlah bagaimana kamu mendengar karena siapa yang memiliki akan diberi lebih banyak lagi. Akan tetapi, siapa yang tidak memiliki, darinya akan diambil, bahkan apa yang ia kira dimilikinya.”","Sebab itu, perhatikanlah baik-baik bagaimana cara kamu mendengar. Karena siapa mempunyai, kepadanya akan ditambahkan, tetapi siapa tidak mempunyai, apa yang menurutnya dimilikinya pun akan diambil kembali.”",
Lukas,8,19,Lukas 8:19,وَجَاءَ إِلَيْهِ أُمُّهُ وَإِخْوَتُهُ، وَلَمْ يَقْدِرُوا أَنْ يَصِلُوا إِلَيْهِ لِسَبَبِ ٱلْجَمْعِ.,"Lalu, ibu dan saudara-saudara Yesus datang menemui-Nya, tetapi mereka tidak bisa mendekati-Nya karena kerumunan orang.","Kemudian, ibu dan saudara-saudara Isa datang untuk menemui-Nya, tetapi mereka tidak dapat bertemu dengan Dia karena begitu banyak orang di situ.",
Lukas,8,20,Lukas 8:20,فَأَخْبَرُوهُ قَائِلِينَ: «أُمُّكَ وَإِخْوَتُكَ وَاقِفُونَ خَارِجًا، يُرِيدُونَ أَنْ يَرَوْكَ».,"Jadi, diberitahukanlah kepada-Nya, “Ibu dan saudara-saudara-Mu sedang berdiri di luar, mereka ingin bertemu dengan Engkau.”","Lalu, orang memberitahukan kepada Isa, “Ibu-Mu dan saudara-saudara-Mu ada di luar, ingin menemui Engkau.”",
Lukas,8,21,Lukas 8:21,فَأَجَابَ وَقَالَ لَهُمْ: «أُمِّي وَإِخْوَتِي هُمُ ٱلَّذِينَ يَسْمَعُونَ كَلِمَةَ ٱللهِ وَيَعْمَلُونَ بِهَا».,"Akan tetapi, Yesus menjawab mereka, “Ibu-Ku dan saudara-saudara-Ku adalah mereka yang mendengarkan firman Allah dan melakukannya.”","Sabda Isa, “Ibu-Ku dan saudara-saudara-Ku adalah mereka yang mendengarkan firman Allah dan melakukannya.”",
Lukas,8,22,Lukas 8:22,وَفِي أَحَدِ ٱلْأَيَّامِ دَخَلَ سَفِينَةً هُوَ وَتَلَامِيذُهُ، فَقَالَ لَهُمْ: «لِنَعْبُرْ إِلَى عَبْرِ ٱلْبُحَيْرَةِ». فَأَقْلَعُوا.,"Pada suatu hari, Yesus naik ke dalam perahu bersama murid-murid-Nya dan Dia berkata kepada mereka, “Mari kita menyeberang ke sisi lain danau ini.” Maka, berangkatlah mereka ke seberang.","Pada suatu hari, Isa bersama para pengikut-Nya naik ke sebuah perahu. Isa bersabda, “Mari kita pergi ke seberang danau.” Mereka pun berlayar ke seberang.",
Lukas,8,23,Lukas 8:23,وَفِيمَا هُمْ سَائِرُونَ نَامَ. فَنَزَلَ نَوْءُ رِيحٍ فِي ٱلْبُحَيْرَةِ، وَكَانُوا يَمْتَلِئُونَ مَاءً وَصَارُوا فِي خَطَرٍ.,"Namun, ketika mereka berlayar, Yesus tertidur. Lalu, bertiuplah angin ribut ke danau itu dan perahu mereka kemasukan air sehingga mereka berada dalam bahaya.","Sementara mereka berlayar, Isa tertidur. Tiba-tiba datang angin ribut yang kencang sekali. Air masuk membanjiri perahu itu dan mereka semua berada dalam bahaya.",
Lukas,8,24,Lukas 8:24,فَتَقَدَّمُوا وَأَيْقَظُوهُ قَائِلِينَ: «يَا مُعَلِّمُ، يَا مُعَلِّمُ، إِنَّنَا نَهْلِكُ!». فَقَامَ وَٱنْتَهَرَ ٱلرِّيحَ وَتَمَوُّجَ ٱلْمَاءِ، فَٱنْتَهَيَا وَصَارَ هُدُوُّ.,"Kemudian, para murid datang kepada Yesus dan membangunkan-Nya sambil berkata, “Guru! Guru! Kita akan binasa!” Lalu, Yesus pun bangun dan membentak angin ribut serta gelombang yang bergelora itu. Angin ribut itu pun berhenti dan danau itu menjadi tenang.","Lalu, para pengikut-Nya datang membangunkan Dia. Kata mereka kepada-Nya, “Ya Junjungan, ya Junjungan, kita binasa!” Isa pun bangun. Dihardik-Nya angin dan gelombang air danau itu, lalu angin dan gelombang pun reda, dan danau menjadi teduh.",
Lukas,8,25,Lukas 8:25,ثُمَّ قَالَ لَهُمْ: «أَيْنَ إِيمَانُكُمْ؟». فَخَافُوا وَتَعَجَّبُوا قَائِلِينَ فِيمَا بَيْنَهُمْ: «مَنْ هُوَ هَذَا؟ فَإِنَّهُ يَأْمُرُ ٱلرِّيَاحَ أَيْضًا وَٱلْمَاءَ فَتُطِيعُهُ!».,"Dan, Dia berkata kepada mereka, “Di manakah imanmu?” Mereka menjadi ketakutan dan heran sambil berkata satu kepada yang lain, “Siapakah Orang ini? Ia bahkan memberi perintah kepada angin dan air, dan mereka mematuhi-Nya.”","Isa bersabda kepada mereka, “Di manakah imanmu?” Mereka semua merasa heran dan takut, lalu kata yang satu kepada lainnya, “Siapakah orang ini sehingga angin dan air pun menuruti perintah-Nya?”",
Lukas,8,26,Lukas 8:26,وَسَارُوا إِلَى كُورَةِ ٱلْجَدَرِيِّينَ ٱلَّتِي هِيَ مُقَابِلَ ٱلْجَلِيلِ.,"Lalu sampailah Yesus dan murid-murid-Nya di wilayah orang Gerasa, di seberang Galilea.","Setelah Isa dan pengikut-pengikut-Nya berlayar, sampailah mereka di daerah orang Gerasa yang terletak di seberang Galilea.",
Lukas,8,27,Lukas 8:27,وَلَمَّا خَرَجَ إِلَى ٱلْأَرْضِ ٱسْتَقْبَلَهُ رَجُلٌ مِنَ ٱلْمَدِينَةِ كَانَ فِيهِ شَيَاطِينُ مُنْذُ زَمَانٍ طَوِيلٍ، وَكَانَ لَا يَلْبَسُ ثَوْبًا، وَلَا يُقِيمُ فِي بَيْتٍ، بَلْ فِي ٱلْقُبُورِ.,"Pada saat Yesus turun ke darat, Dia ditemui oleh seorang laki-laki dari kota itu yang dirasuki oleh roh-roh jahat. Orang itu sudah lama tidak mengenakan pakaian dan tidak tinggal di rumah, melainkan di kuburan .","Pada waktu Isa turun ke darat, Ia didatangi oleh seorang laki-laki dari kota itu yang dikuasai oleh setan-setan. Sudah lama orang itu tidak berpakaian dan tidak tinggal di dalam rumah, melainkan di pemakaman.",
Lukas,8,28,Lukas 8:28,فَلَمَّا رَأَى يَسُوعَ صَرَخَ وَخَرَّ لَهُ، وَقَالَ بِصَوْتٍ عَظِيمٍ: «مَا لِي وَلَكَ يَا يَسُوعُ ٱبْنَ ٱللهِ ٱلْعَلِيِّ؟ أَطْلُبُ مِنْكَ أَنْ لَا تُعَذِّبَنِي!».,"Ketika orang itu melihat Yesus, ia pun berteriak dan sujud di hadapan-Nya. Dengan suara yang nyaring ia berkata, “Apakah urusan antara Engkau dan aku, hai Yesus, Anak Allah Yang Mahatinggi? Aku memohon kepada-Mu, jangan siksa aku!”","Ketika orang itu melihat Isa, berteriaklah ia, lalu sujud di hadapan-Nya. Dengan suara yang nyaring ia berkata, “Apa sangkut paut-Mu dengan aku, hai Isa, Sang Anak yang datang dari Allah Yang Mahatinggi? Aku mohon kepada-Mu, jangan mengazab aku!”",
Lukas,8,29,Lukas 8:29,لِأَنَّهُ أَمَرَ ٱلرُّوحَ ٱلنَّجِسَ أَنْ يَخْرُجَ مِنَ ٱلْإِنْسَانِ. لِأَنَّهُ مُنْذُ زَمَانٍ كَثِيرٍ كَانَ يَخْطَفُهُ، وَقَدْ رُبِطَ بِسَلَاسِلٍ وَقُيُودٍ مَحْرُوسًا، وَكَانَ يَقْطَعُ ٱلرُّبُطَ وَيُسَاقُ مِنَ ٱلشَّيْطَانِ إِلَى ٱلْبَرَارِي.,"Hal itu terjadi karena Yesus memerintahkan roh jahat itu keluar dari orang itu. Setan itu sering kali menyeret-nyeret orang itu sehingga ia dirantai, diborgol, dan dijaga orang, tetapi ia dapat memutuskan rantainya dan dibawa oleh setan ke tempat-tempat yang sepi.","Ia berkata begitu karena sebelumnya Isa memerintahkan agar setan itu keluar dari dirinya. Sering sekali setan itu menguasai dia sehingga untuk menjaganya ia dipasung dan dirantai. Namun, rantai-rantai itu diputuskannya, lalu di bawah pengaruh setan ia pergi ke tempat-tempat sunyi.",
Lukas,8,30,Lukas 8:30,فَسَأَلَهُ يَسُوعُ قَائِلًا: «مَا ٱسْمُكَ؟». فَقَالَ: «لَجِئُونُ». لِأَنَّ شَيَاطِينَ كَثِيرَةً دَخَلَتْ فِيهِ.,"Kemudian, Yesus bertanya kepada orang itu, “Siapa namamu?” Jawab orang itu, “Legion ” karena ada banyak setan yang merasukinya.","Sabda Isa kepadanya, “Siapa namamu?” Jawabnya, “Legiun,” sebab banyak sekali setan yang masuk ke dalam diri orang itu.",
Lukas,8,31,Lukas 8:31,وَطَلَبَ إِلَيْهِ أَنْ لَا يَأْمُرَهُمْ بِٱلذَّهَابِ إِلَى ٱلْهَاوِيَةِ.,Setan-setan itu memohon kepada-Nya agar Dia jangan memerintahkan mereka untuk pergi ke jurang maut .,Setan-setan itu minta dengan sangat supaya Isa tidak memerintahkan mereka masuk ke jurang maut.,
Lukas,8,32,Lukas 8:32,وَكَانَ هُنَاكَ قَطِيعُ خَنَازِيرَ كَثِيرَةٍ تَرْعَى فِي ٱلْجَبَلِ، فَطَلَبُوا إِلَيْهِ أَنْ يَأْذَنَ لَهُمْ بِٱلدُّخُولِ فِيهَا، فَأَذِنَ لَهُمْ.,"Di tempat itu, ada sekawanan besar babi yang sedang mencari makan di bukit. Setan-setan itu memohon kepada Yesus untuk membiarkan mereka masuk ke dalam kawanan babi itu, dan Yesus mengizinkan mereka.",Tidak jauh dari tempat itu ada sekawanan besar babi yang sedang mencari makan di lereng gunung. Setan-setan itu meminta kepada Isa supaya mereka diizinkan memasuki babi-babi itu dan Isa pun meluluskan permintaan mereka.,
Lukas,8,33,Lukas 8:33,فَخَرَجَتِ ٱلشَّيَاطِينُ مِنَ ٱلْإِنْسَانِ وَدَخَلَتْ فِي ٱلْخَنَازِيرِ، فَٱنْدَفَعَ ٱلْقَطِيعُ مِنْ عَلَى ٱلْجُرُفِ إِلَى ٱلْبُحَيْرَةِ وَٱخْتَنَقَ.,"Maka, setan-setan itu pun keluar dari orang itu dan masuk ke dalam babi-babi, lalu kawanan babi itu berlarian menuruni lereng bukit yang curam menuju ke danau dan tenggelam.","Lalu, setan-setan itu keluar dari orang itu dan memasuki babi-babi itu. Kawanan babi itu terjun dari tepi tebing bukit ke dalam danau, lalu mati lemas.",
Lukas,8,34,Lukas 8:34,فَلَمَّا رَأَى ٱلرُّعَاةُ مَا كَانَ هَرَبُوا وَذَهَبُوا وَأَخْبَرُوا فِي ٱلْمَدِينَةِ وَفِي ٱلضِّيَاعِ،,"Ketika para penggembala babi melihatnya, mereka melarikan diri dan menceritakan kejadian itu di kota dan di kampung sekitarnya.","Pada waktu para gembala babi-babi itu melihat apa yang telah terjadi, mereka lari dan memberitahukan hal itu ke kota dan ke desa-desa di sekitarnya.",
Lukas,8,35,Lukas 8:35,فَخَرَجُوا لِيَرَوْا مَا جَرَى. وَجَاءُوا إِلَى يَسُوعَ فَوَجَدُوا ٱلْإِنْسَانَ ٱلَّذِي كَانَتِ ٱلشَّيَاطِينُ قَدْ خَرَجَتْ مِنْهُ لَابِسًا وَعَاقِلًا، جَالِسًا عِنْدَ قَدَمَيْ يَسُوعَ، فَخَافُوا.,"Jadi, orang banyak datang untuk melihat apa yang terjadi. Mereka datang kepada Yesus dan mendapati orang yang telah dibebaskan dari setan-setan itu sedang duduk di dekat kaki Yesus, sudah berpakaian, dan sudah waras pikirannya. Hal ini membuat mereka ketakutan.",Orang-orang pun berdatangan untuk melihat apa yang terjadi. Mereka mendatangi Isa dan mereka mendapati orang yang sudah ditinggalkan oleh setan-setan itu duduk di dekat kaki Isa. Ia sudah berpakaian dan sudah waras. Mereka pun menjadi takut.,
Lukas,8,36,Lukas 8:36,فَأَخْبَرَهُمْ أَيْضًا ٱلَّذِينَ رَأَوْا كَيْفَ خَلَصَ ٱلْمَجْنُونُ.,Mereka yang melihat kejadian ini menceritakan kepada orang lain bagaimana orang yang kerasukan setan itu disembuhkan.,Orang-orang yang menyaksikan peristiwa itu menceritakan kepada mereka bagaimana orang yang tadinya dikuasai setan itu disembuhkan.,
Lukas,8,37,Lukas 8:37,فَطَلَبَ إِلَيْهِ كُلُّ جُمْهُورِ كُورَةِ ٱلْجَدَرِيِّينَ أَنْ يَذْهَبَ عَنْهُمْ، لِأَنَّهُ ٱعْتَرَاهُمْ خَوْفٌ عَظِيمٌ. فَدَخَلَ ٱلسَّفِينَةَ وَرَجَعَ.,"Lalu, semua orang yang tinggal di daerah sekitar Gerasa meminta Yesus untuk meninggalkan mereka sebab mereka dicekam oleh ketakutan yang besar. Karena itu, Yesus naik ke perahu dan kembali ke Galilea.","Lalu, masyarakat di seluruh daerah Gerasa meminta kepada Isa supaya Ia meninggalkan tempat mereka itu sebab mereka dicekam oleh rasa takut. Oleh karena itu, Isa naik ke dalam perahu dan meninggalkan tempat itu.",
Lukas,8,38,Lukas 8:38,أَمَّا ٱلرَّجُلُ ٱلَّذِي خَرَجَتْ مِنْهُ ٱلشَّيَاطِينُ فَطَلَبَ إِلَيْهِ أَنْ يَكُونَ مَعَهُ، وَلَكِنَّ يَسُوعَ صَرَفَهُ قَائِلًا:,"Akan tetapi, orang yang sudah dibebaskan dari setan-setan itu memohon kepada Yesus supaya ia boleh bersama-sama dengan Yesus. Namun, Yesus menyuruhnya pergi, kata-Nya,","Orang yang sudah dibebaskan dari setan-setan itu meminta dengan sangat kepada Isa supaya ia diperbolehkan ikut, tetapi Isa menyuruhnya pulang. Sabda Isa kepadanya,",
Lukas,8,39,Lukas 8:39,«ٱرْجِعْ إِلَى بَيْتِكَ وَحَدِّثْ بِكَمْ صَنَعَ ٱللهُ بِكَ». فَمَضَى وَهُوَ يُنَادِي فِي ٱلْمَدِينَةِ كُلِّهَا بِكَمْ صَنَعَ بِهِ يَسُوعُ.,“Pulanglah ke rumahmu dan ceritakanlah hal-hal besar yang telah Allah perbuat bagimu.” Orang itu pun pergi ke seluruh penjuru kota dan menceritakan apa yang telah Yesus perbuat baginya.,"“Pulanglah ke rumahmu dan beritakanlah apa yang telah dilakukan Allah kepadamu.” Jadi, orang itu pulang dan menceritakan di mana-mana di seluruh kota itu segala hal yang telah dilakukan Isa kepadanya.",
Lukas,8,40,Lukas 8:40,وَلَمَّا رَجَعَ يَسُوعُ قَبِلَهُ ٱلْجَمْعُ لِأَنَّهُمْ كَانُوا جَمِيعُهُمْ يَنْتَظِرُونَهُ.,"Ketika Yesus kembali ke Galilea, orang banyak menyambut-Nya karena mereka semua sudah menunggu-Nya.","Pada waktu Isa sampai di seberang danau, orang banyak menyambut Dia sebab mereka sudah menunggu-nunggu kedatangan-Nya.",
Lukas,8,41,Lukas 8:41,وَإِذَا رَجُلٌ ٱسْمُهُ يَايِرُسُ قَدْ جَاءَ، وَكَانَ رَئِيسَ ٱلْمَجْمَعِ، فَوَقَعَ عِنْدَ قَدَمَيْ يَسُوعَ وَطَلَبَ إِلَيْهِ أَنْ يَدْخُلَ بَيْتَهُ،,"Di situ ada seseorang bernama Yairus yang datang kepada-Nya, ia adalah seorang kepala sinagoge. Sambil sujud menyembah di kaki Yesus, Yairus memohon supaya Dia datang ke rumahnya","Lalu, datanglah seorang laki-laki bernama Yairus, kepala rumah ibadah. Ia sujud di hadapan Isa dan meminta dengan sangat supaya Isa mau datang ke rumahnya",
Lukas,8,42,Lukas 8:42,لِأَنَّهُ كَانَ لَهُ بِنْتٌ وَحِيدَةٌ لَهَا نَحْوُ ٱثْنَتَيْ عَشْرَةَ سَنَةً، وَكَانَتْ فِي حَالِ ٱلْمَوْتِ. فَفِيمَا هُوَ مُنْطَلِقٌ زَحَمَتْهُ ٱلْجُمُوعُ.,"karena ia memiliki seorang putri tunggal yang kira-kira berumur dua belas tahun, dan anak itu hampir mati. Dan, ketika Yesus menuju ke sana, orang banyak berdesak-desakan di sekeliling-Nya.","sebab anaknya yang perempuan sakit keras dan hampir mati. Anak itu adalah anak perempuan satu-satunya, umurnya kurang lebih dua belas tahun. Dalam perjalanan menuju ke rumah Yairus, Isa dikerumuni oleh banyak sekali orang yang berdesak-desakan.",
Lukas,8,43,Lukas 8:43,وَٱمْرَأَةٌ بِنَزْفِ دَمٍ مُنْذُ ٱثْنَتَيْ عَشْرَةَ سَنَةً، وَقَدْ أَنْفَقَتْ كُلَّ مَعِيشَتِهَا لِلْأَطِبَّاءِ، وَلَمْ تَقْدِرْ أَنْ تُشْفَى مِنْ أَحَدٍ،,"Di situ ada seorang perempuan yang sudah menderita pendarahan berat selama 12 tahun, dan tidak seorang pun yang dapat menyembuhkannya.","Di antara orang banyak itu ada seorang perempuan yang sudah dua belas tahun menderita sakit pendarahan. Ia sudah menghabiskan biaya dan semua hartanya untuk berobat ke tabib-tabib, tetapi tidak seorang pun dapat menyembuhkan penyakitnya.",
Lukas,8,44,Lukas 8:44,جَاءَتْ مِنْ وَرَائِهِ وَلَمَسَتْ هُدْبَ ثَوْبِهِ. فَفِي ٱلْحَالِ وَقَفَ نَزْفُ دَمِهَا.,"Perempuan itu mendekati Yesus dari belakang dan menyentuh ujung jubah-Nya, maka seketika itu juga pendarahannya berhenti.","Didekatinya Isa dari arah belakang, lalu disentuhnyalah jumbai jubah-Nya, dan saat itu juga pendarahannya berhenti.",
Lukas,8,45,Lukas 8:45,فَقَالَ يَسُوعُ: «مَنِ ٱلَّذِي لَمَسَنِي؟». وَإِذْ كَانَ ٱلْجَمِيعُ يُنْكِرُونَ، قَالَ بُطْرُسُ وَٱلَّذِينَ مَعَهُ: «يَا مُعَلِّمُ، ٱلْجُمُوعُ يُضَيِّقُونَ عَلَيْكَ وَيَزْحَمُونَكَ، وَتَقُولُ: مَنِ ٱلَّذِي لَمَسَنِي؟».,"Lalu, Yesus berkata, “Siapa yang menyentuh-Ku?” Karena semua orang menyangkal, Petrus berkata, “Guru, orang banyak berkumpul di sekeliling-Mu dan berdesak-desakan dengan-Mu!”","Sabda Isa, “Siapa yang menyentuh jubah-Ku?” Ketika tidak seorang pun mengaku, Petrus berkata, “Ya Junjungan, bukankah orang banyak ini berdesak-desakan mengerumuni Engkau?”",
Lukas,8,46,Lukas 8:46,فَقَالَ يَسُوعُ: «قَدْ لَمَسَنِي وَاحِدٌ، لِأَنِّي عَلِمْتُ أَنَّ قُوَّةً قَدْ خَرَجَتْ مِنِّي».,"Akan tetapi, Yesus berkata, “Seseorang menyentuh-Ku karena Aku merasa ada kuasa yang keluar dari-Ku.”","Sabda Isa, “Ada orang yang telah menyentuh Aku sebab Aku merasa ada kekuatan yang keluar dari diri-Ku.”",
Lukas,8,47,Lukas 8:47,فَلَمَّا رَأَتِ ٱلْمَرْأَةُ أَنَّهَا لَمْ تَخْتَفِ، جَاءَتْ مُرْتَعِدَةً وَخَرَّتْ لَهُ، وَأَخْبَرَتْهُ قُدَّامَ جَمِيعِ ٱلشَّعْبِ لِأَيِّ سَبَبٍ لَمَسَتْهُ، وَكَيْفَ بَرِئَتْ فِي ٱلْحَالِ.,"Ketika perempuan itu melihat bahwa ia tidak dapat menyembunyikan diri, ia datang kepada Yesus dengan gemetar dan bersujud di hadapan-Nya. Di depan semua orang, ia menceritakan mengapa ia menyentuh Yesus, dan bagaimana ia dengan seketika disembuhkan.","Perempuan itu melihat bahwa apa yang dilakukannya tidak dapat disembunyikan. Jadi, dengan gemetar ia maju dan sujud di hadapan-Nya. Lalu, di depan semua orang yang ada di situ ia menceritakan kepada Isa mengapa ia menyentuh jubah-Nya dan bahwa ia menjadi sembuh saat itu juga.",
Lukas,8,48,Lukas 8:48,فَقَالَ لَهَا: «ثِقِي يَا ٱبْنَةُ، إِيمَانُكِ قَدْ شَفَاكِ، اِذْهَبِي بِسَلَامٍ».,"Kemudian, Yesus berkata kepadanya, “Anak-Ku, imanmu telah menyembuhkanmu. Pergilah dalam damai sejahtera.”","Sabda Isa kepadanya, “Hai anak-Ku, imanmu telah menyembuhkanmu. Pulanglah dengan sejahtera!”",
Lukas,8,49,Lukas 8:49,وَبَيْنَمَا هُوَ يَتَكَلَّمُ، جَاءَ وَاحِدٌ مِنْ دَارِ رَئِيسِ ٱلْمَجْمَعِ قَائِلًا لَهُ: «قَدْ مَاتَتِ ٱبْنَتُكَ. لَا تُتْعِبِ ٱلْمُعَلِّمَ».,"Ketika Yesus masih berbicara, seseorang dari rumah kepala sinagoge itu datang dan berkata kepada Yairus, “Putrimu sudah meninggal. Jangan lagi merepotkan Guru.”","Sementara Isa berbicara, datanglah orang-orang suruhan dari keluarga kepala rumah ibadah itu. Mereka berkata, “Anakmu sudah meninggal. Tidak usah lagi menyusahkan Guru.”",
Lukas,8,50,Lukas 8:50,فَسَمِعَ يَسُوعُ، وَأَجَابَهُ قَائِلًا: «لَاتَخَفْ! آمِنْ فَقَطْ، فَهِيَ تُشْفَى».,"Akan tetapi, mendengar hal itu Yesus berkata kepada Yairus, “Jangan takut. Percaya saja dan anakmu akan selamat.”","Perkataan itu didengar oleh Isa. Lalu, sabda-Nya kepada kepala rumah ibadah itu, “Jangan takut. Percayalah, anakmu akan sembuh!”",
Lukas,8,51,Lukas 8:51,فَلَمَّا جَاءَ إِلَى ٱلْبَيْتِ لَمْ يَدَعْ أَحَدًا يَدْخُلُ إِلَّا بُطْرُسَ وَيَعْقُوبَ وَيُوحَنَّا، وَأَبَا ٱلصَّبِيَّةِ وَأُمَّهَا.,"Ketika Yesus sampai di rumah Yairus, Dia tidak memperbolehkan siapa pun masuk bersama-Nya kecuali Petrus, Yohanes, Yakobus, serta ayah dan ibu anak itu.","Setelah tiba di rumah Yairus, Isa tidak mengizinkan orang-orang masuk bersama-Nya, kecuali Petrus, Yahya, Yakub, dan ayah ibu dari anak itu.",
Lukas,8,52,Lukas 8:52,وَكَانَ ٱلْجَمِيعُ يَبْكُونَ عَلَيْهَا وَيَلْطِمُونَ. فَقَالَ: «لَا تَبْكُوا. لَمْ تَمُتْ لَكِنَّهَا نَائِمَةٌ».,"Semua orang menangis dan meratapi anak perempuan, tetapi Yesus berkata, “Jangan menangis, ia tidak meninggal tetapi tidur.”","Semua orang menangis dan meratapi anak itu. Akan tetapi, Isa bersabda kepada mereka, “Jangan meratapinya. Anak ini tidak mati, tetapi tidur.”",
Lukas,8,53,Lukas 8:53,فَضَحِكُوا عَلَيْهِ، عَارِفِينَ أَنَّهَا مَاتَتْ.,Orang banyak itu pun menertawakan-Nya karena mereka tahu anak perempuan itu sudah meninggal.,Mereka menertawakan-Nya karena mereka tahu anak itu sudah meninggal.,
Lukas,8,54,Lukas 8:54,فَأَخْرَجَ ٱلْجَمِيعَ خَارِجًا، وَأَمْسَكَ بِيَدِهَا وَنَادَى قَائِلًا: «يَا صَبِيَّةُ، قُومِي!».,"Akan tetapi, Yesus memegang tangan anak itu dan memanggilnya, “Bangunlah, nak!”","Kemudian, Ia memegang tangan anak itu dan bersabda, “Hai anak, bangunlah!”",
Lukas,8,55,Lukas 8:55,فَرَجَعَتْ رُوحُهَا وَقَامَتْ فِي ٱلْحَالِ. فَأَمَرَ أَنْ تُعْطَى لِتَأْكُلَ.,"Maka, kembalilah roh anak itu dan seketika itu juga ia berdiri. Lalu, Yesus memerintahkan agar anak itu diberi sesuatu untuk dimakan.","Maka, kembalilah nyawa anak itu dan pada saat itu juga ia bangun. Isa menyuruh mereka memberi makan kepadanya.",
Lukas,8,56,Lukas 8:56,فَبُهِتَ وَالِدَاهَا. فَأَوْصَاهُمَا أَنْ لَا يَقُولَا لِأَحَدٍ عَمَّا كَانَ.,"Kedua orang tua anak itu takjub, tetapi Yesus melarang mereka untuk memberi tahu siapa pun tentang apa yang telah terjadi.","Ayah dan ibu anak itu heran, tetapi Isa bersabda, “Jangan beritahukan hal ini kepada siapa pun.”",
Lukas,9,1,Lukas 9:1,وَدَعَا تَلَامِيذَهُ ٱلِٱثْنَيْ عَشَرَ، وَأَعْطَاهُمْ قُوَّةً وَسُلْطَانًا عَلَى جَمِيعِ ٱلشَّيَاطِينِ وَشِفَاءِ أَمْرَاضٍ،,"Kemudian, Yesus memanggil kedua belas murid-Nya lalu memberi mereka kuasa dan otoritas atas roh-roh jahat, dan juga untuk menyembuhkan penyakit.","Isa memanggil kedua belas pengikut-Nya, lalu memberikan kepada mereka kuasa dan wewenang atas semua setan dan untuk menyembuhkan berbagai penyakit.",
Lukas,9,2,Lukas 9:2,وَأَرْسَلَهُمْ لِيَكْرِزُوا بِمَلَكُوتِ ٱللهِ وَيَشْفُوا ٱلْمَرْضَى.,Dia mengutus mereka untuk memberitakan tentang Kerajaan Allah dan memulihkan.,Diutus-Nya mereka pergi untuk memberitakan Kerajaan Allah serta menyembuhkan orang sakit.,
Lukas,9,3,Lukas 9:3,وَقَالَ لَهُمْ: «لَا تَحْمِلُوا شَيْئًا لِلطَّرِيقِ: لَا عَصًا وَلَا مِزْوَدًا وَلَا خُبْزًا وَلَا فِضَّةً، وَلَا يَكُونُ لِلْوَاحِدِ ثَوْبَانِ.,"Kata-Nya kepada mereka, “Jangan membawa apa pun dalam perjalananmu, jangan membawa tongkat, tas, roti, uang, atau bahkan dua helai baju.","Sabda-Nya kepada mereka, “Jangan bawa apa pun dalam perjalananmu. Jangan bawa tongkat, tempat bekal, makanan, uang, atau dua rangkap pakaian.",
Lukas,9,4,Lukas 9:4,وَأَيُّ بَيْتٍ دَخَلْتُمُوهُ فَهُنَاكَ أَقِيمُوا، وَمِنْ هُنَاكَ ٱخْرُجُوا.,"Ke rumah mana pun yang kamu masuki, tinggallah di sana sampai kamu pergi dari tempat itu.","Apabila kamu masuk ke rumah seseorang, tinggallah di situ sampai kamu pergi dari tempat itu.",
Lukas,9,5,Lukas 9:5,وَكُلُّ مَنْ لَا يَقْبَلُكُمْ فَٱخْرُجُوا مِنْ تِلْكَ ٱلْمَدِينَةِ، وَٱنْفُضُوا ٱلْغُبَارَ أَيْضًا عَنْ أَرْجُلِكُمْ شَهَادَةً عَلَيْهِمْ».,"Bagi mereka yang tidak mau menerima kamu, tinggalkanlah kota itu dan kebaskanlah debunya dari kakimu sebagai peringatan terhadap mereka.”","Jika ada orang yang tidak menerima kamu, pergilah dari kota itu dan kebaskanlah debu dari kakimu untuk menjadi kesaksian bagi mereka.”",
Lukas,9,6,Lukas 9:6,فَلَمَّا خَرَجُوا كَانُوا يَجْتَازُونَ فِي كُلِّ قَرْيَةٍ يُبَشِّرُونَ وَيَشْفُونَ فِي كُلِّ مَوْضِعٍ.,Kemudian berangkatlah para rasul dan berkeliling ke desa-desa sambil memberitakan Injil dan menyembuhkan orang-orang sakit di mana-mana.,"Lalu, pengikut-pengikut Isa berangkat dan pergi ke semua desa. Mereka memberitakan Injil dan menyembuhkan orang sakit di mana-mana.",
Lukas,9,7,Lukas 9:7,فَسَمِعَ هِيرُودُسُ رَئِيسُ ٱلرُّبْعِ بِجَمِيعِ مَا كَانَ مِنْهُ، وَٱرْتَابَ، لِأَنَّ قَوْمًا كَانُوا يَقُولُونَ: «إِنَّ يُوحَنَّا قَدْ قَامَ مِنَ ٱلْأَمْوَاتِ».,"Herodes, sang raja wilayah, mendengar tentang semua hal yang sedang terjadi dan ia sangat bingung sebab beberapa orang mengatakan bahwa Yohanes Pembaptis telah bangkit dari antara orang mati,","Herodes, raja wilayah, mendengar tentang semua yang sudah terjadi. Lalu, ia merasa bingung sebab orang berkata bahwa Yahya hidup kembali dari antara orang mati.",
Lukas,9,8,Lukas 9:8,وَقَوْمًا: «إِنَّ إِيلِيَّا ظَهَرَ». وَآخَرِينَ: «إِنَّ نَبِيًّا مِنَ ٱلْقُدَمَاءِ قَامَ».,"sedangkan yang lain berkata bahwa Elia telah muncul kembali, dan ada pula yang berkata bahwa salah seorang dari para nabi yang hidup pada zaman dahulu sudah bangkit.","Ada juga yang berkata, “Ilyas menampakkan diri,” sedangkan yang lain berkata, “Salah satu nabi dari nabi-nabi zaman dahulu hidup lagi.”",
Lukas,9,9,Lukas 9:9,فَقَالَ هِيرُودُسُ: «يُوحَنَّا أَنَا قَطَعْتُ رَأْسَهُ. فَمَنْ هُوَ هَذَا ٱلَّذِي أَسْمَعُ عَنْهُ مِثْلَ هَذَا؟». وَكَانَ يَطْلُبُ أَنْ يَرَاهُ.,"Herodes berkata, “Aku sudah memenggal kepala Yohanes. Jadi, siapakah Orang ini yang tentang-Nya kudengar kabar yang sedemikian?” Maka, Herodes sangat ingin untuk bertemu Yesus.","Herodes berkata, “Yahya telah kupenggal kepalanya, tetapi siapakah sebenarnya orang ini, yang melakukan hal-hal yang kudengar itu?” Lalu, Herodes berusaha supaya dapat bertemu dengan Isa.",
Lukas,9,10,Lukas 9:10,وَلَمَّا رَجَعَ ٱلرُّسُلُ أَخْبَرُوهُ بِجَمِيعِ مَا فَعَلُوا، فَأَخَذَهُمْ وَٱنْصَرَفَ مُنْفَرِدًا إِلَى مَوْضِعٍ خَلَاءٍ لِمَدِينَةٍ تُسَمَّى بَيْتَ صَيْدَا.,"Ketika para rasul kembali, mereka menceritakan kepada Yesus tentang segala sesuatu yang sudah mereka lakukan dan Dia mengajak mereka untuk menyendiri ke sebuah kota bernama Betsaida.","Setelah rasul-rasul itu kembali, mereka menceritakan kepada Isa hal-hal yang telah mereka lakukan. Lalu, Ia membawa mereka untuk menyendiri ke sebuah kota yang bernama Baitsaida.",
Lukas,9,11,Lukas 9:11,فَٱلْجُمُوعُ إِذْ عَلِمُوا تَبِعُوهُ، فَقَبِلَهُمْ وَكَلَّمَهُمْ عَنْ مَلَكُوتِ ٱللهِ، وَٱلْمُحْتَاجُونَ إِلَى ٱلشِّفَاءِ شَفَاهُمْ.,"Akan tetapi, orang banyak mengetahui hal itu dan mereka pun mengikuti-Nya. Maka, sambil menyambut mereka, Yesus berbicara kepada mereka tentang Kerajaan Allah dan juga mereka yang membutuhkan kesembuhan.","Tetapi, orang banyak mengetahui hal itu, lalu mereka pun mengikuti-Nya. Isa menyambut mereka dan berbicara kepada mereka tentang Kerajaan Allah. Ia juga menyembuhkan banyak orang sakit yang memerlukan kesembuhan.",
Lukas,9,12,Lukas 9:12,فَٱبْتَدَأَ ٱلنَّهَارُ يَمِيلُ. فَتَقَدَّمَ ٱلِٱثْنَا عَشَرَ وَقَالُوا لَهُ: «ٱصْرِفِ ٱلْجَمْعَ لِيَذْهَبُوا إِلَى ٱلْقُرَى وَٱلضِّيَاعِ حَوَالَيْنَا فَيَبِيتُوا وَيَجِدُوا طَعَامًا، لِأَنَّنَا هَهُنَا فِي مَوْضِعٍ خَلَاءٍ».,"Ketika hari mulai malam, kedua belas murid Yesus datang kepada-Nya dan berkata, “Suruhlah orang-orang itu pergi ke kampung-kampung dan pedesaan di sekitar sini untuk mencari tempat menginap dan makanan karena di sini kita berada di tempat terpencil.”","Pada waktu hari mulai gelap, kedua belas pengikut-Nya datang kepada-Nya dan berkata, “Suruhlah orang banyak ini pulang supaya mereka pergi ke desa-desa dan kampung-kampung di sekitar sini untuk mendapatkan makanan dan tempat menginap sebab tempat ini sepi.”",
Lukas,9,13,Lukas 9:13,فَقَالَ لَهُمْ: «أَعْطُوهُمْ أَنْتُمْ لِيَأْكُلُوا». فَقَالُوا: «لَيْسَ عِنْدَنَا أَكْثَرُ مِنْ خَمْسَةِ أَرْغِفَةٍ وَسَمَكَتَيْنِ، إِلَّا أَنْ نَذْهَبَ وَنَبْتَاعَ طَعَامًا لِهَذَا ٱلشَّعْبِ كُلِّهِ».,"Akan tetapi, Yesus berkata kepada mereka, “Kamulah yang memberi mereka makan.” Jawab murid-murid-Nya, “Kami hanya mempunyai lima roti dan dua ikan, kecuali jika kami pergi membeli makanan untuk semua orang ini.”","Tetapi, Isa bersabda kepada mereka, “Kamu saja yang memberi mereka makan!” Jawab mereka, “Kamikah yang harus pergi membeli makanan untuk orang sebanyak ini? Kami hanya mempunyai lima roti dan dua ikan.”",
Lukas,9,14,Lukas 9:14,لِأَنَّهُمْ كَانُوا نَحْوَ خَمْسَةِ آلَافِ رَجُلٍ. فَقَالَ لِتَلَامِيذِهِ: «أَتْكِئُوهُمْ فِرَقًا خَمْسِينَ خَمْسِينَ».,"Di sana ada sekitar lima ribu orang laki-laki. Yesus berkata kepada murid-murid-Nya, “Suruhlah mereka duduk secara berkelompok, masing-masing terdiri dari lima puluh orang.”","Mereka berkata demikian karena jumlah laki-laki saja kira-kira lima ribu orang di situ. Kemudian, Isa bersabda kepada para pengikut-Nya, “Suruhlah mereka duduk berkelompok, kira-kira lima puluh orang sekelompok.”",
Lukas,9,15,Lukas 9:15,فَفَعَلُوا هَكَذَا، وَأَتْكَأُوا ٱلْجَمِيعَ.,Mereka pun melakukan sesuai dengan yang Yesus perintahkan dan menyuruh semua orang itu duduk.,Pengikut-pengikut-Nya melakukan apa yang diperintahkan-Nya. Mereka menyuruh orang banyak itu duduk.,
Lukas,9,16,Lukas 9:16,فَأَخَذَ ٱلْأَرْغِفَةَ ٱلْخَمْسَةَ وَٱلسَّمَكَتَيْنِ، وَرَفَعَ نَظَرَهُ نَحْوَ ٱلسَّمَاءِ وَبَارَكَهُنَّ، ثُمَّ كَسَّرَ وَأَعْطَى ٱلتَّلَامِيذَ لِيُقَدِّمُوا لِلْجَمْعِ.,"Lalu, Yesus mengambil lima roti dan dua ikan itu, menengadah ke langit, memberkatinya, memecah-mecahkannya, dan memberikannya kepada para murid supaya mereka menghidangkannya kepada orang banyak.","Lalu, Isa mengambil kelima roti dan dua ikan itu. Setelah itu, sambil menengadah ke langit, Ia mengucap syukur. Selanjutnya, roti itu dipecah-pecahkan-Nya, kemudian diberikan kepada para pengikut-Nya untuk dihidangkan bagi orang banyak itu.",
Lukas,9,17,Lukas 9:17,فَأَكَلُوا وَشَبِعُوا جَمِيعًا. ثُمَّ رُفِعَ مَا فَضَلَ عَنْهُمْ مِنَ ٱلْكِسَرِ ٱثْنَتَا عَشْرَةَ قُفَّةً.,"Dan, mereka semua makan sampai kenyang. Kemudian, sisa-sisa potongan roti yang dikumpulkan ada dua belas keranjang penuh.","Mereka semua makan sampai kenyang. Lalu, dikumpulkanlah sisa-sisa kelebihannya, ternyata ada dua belas keranjang.",
Lukas,9,18,Lukas 9:18,وَفِيمَا هُوَ يُصَلِّي عَلَى ٱنْفِرَادٍ كَانَ ٱلتَّلَامِيذُ مَعَهُ. فَسَأَلَهُمْ قَائِلًا: «مَنْ تَقُولُ ٱلْجُمُوعُ أَنِّي أَنَا؟».,"Suatu kali, ketika Yesus sedang berdoa seorang diri, murid-murid-Nya ada bersama dengan-Nya. Lalu, Dia bertanya kepada mereka, “Siapakah Aku ini menurut orang banyak?”","Pada suatu hari, ketika Isa sedang berdoa sendirian, pengikut-pengikut-Nya datang kepada-Nya. Lalu, Ia bertanya kepada mereka, “Menurut pendapat orang banyak, siapakah Aku ini?”",
Lukas,9,19,Lukas 9:19,فَأَجَابُوا وَقَالوا: «يُوحَنَّا ٱلْمَعْمَدَانُ. وَآخَرُونَ: إِيلِيَّا. وَآخَرُونَ: إِنَّ نَبِيًّا مِنَ ٱلْقُدَمَاءِ قَامَ».,"Jawab mereka, “Yohanes Pembaptis, yang lain mengatakan Elia, dan yang lain lagi mengatakan Engkau adalah salah satu dari nabi-nabi pada zaman dahulu yang bangkit kembali.”","Mereka menjawab, “Ada yang mengatakan, ‘Nabi,’ tetapi yang lainnya berkata, ‘Ilyas,’ sedangkan yang lain lagi berkata, ‘Salah seorang nabi dari zaman dahulu yang hidup kembali.’”",
Lukas,9,20,Lukas 9:20,فَقَالَ لَهُمْ: «وَأَنْتُمْ، مَنْ تَقُولُونَ أَنِّي أَنَا؟» فَأَجَابَ بُطْرُسُ وَقَالَ: «مَسِيحُ ٱللهِ!».,"Kemudian, Yesus berkata kepada mereka, “Namun, menurutmu, siapakah Aku?” Jawab Petrus, “Engkau adalah Kristus dari Allah.”","Tanya Isa lagi kepada mereka, “Tetapi, menurut kamu, siapakah Aku ini?” Jawab Petrus, “Al-Masih yang datang dari Allah.”",
Lukas,9,21,Lukas 9:21,فَٱنْتَهَرَهُمْ وَأَوْصَى أَنْ لَا يَقُولُوا ذَلِكَ لِأَحَدٍ،,"Akan tetapi, Yesus memperingatkan mereka dengan keras dan memerintahkan mereka untuk tidak memberi tahu siapa pun tentang hal ini.","Lalu, Ia mengingatkan mereka supaya mereka jangan memberitahukan hal itu kepada siapa pun.",
Lukas,9,22,Lukas 9:22,قَائِلًا: «إِنَّهُ يَنْبَغِي أَنَّ ٱبْنَ ٱلْإِنْسَانِ يَتَأَلَّمُ كَثِيرًا، وَيُرْفَضُ مِنَ ٱلشُّيُوخِ وَرُؤَسَاءِ ٱلْكَهَنَةِ وَٱلْكَتَبَةِ، وَيُقْتَلُ، وَفِي ٱلْيَوْمِ ٱلثَّالِثِ يَقُومُ».,"Kata-Nya, “Anak Manusia harus menderita banyak hal dan ditolak oleh tua-tua, imam-imam kepala, dan ahli-ahli Taurat, lalu dibunuh dan akan dibangkitkan pada hari yang ketiga.”","Isa bersabda, “Anak Manusia harus mengalami banyak kesengsaraan. Ia akan ditolak oleh para tua-tua bani Israil, imam-imam kepala, dan para ahli Kitab Suci Taurat. Ia juga akan membiarkan diri-Nya dijatuhi hukuman mati, tetapi pada hari yang ketiga Ia akan dibangkitkan.”",
Lukas,9,23,Lukas 9:23,وَقَالَ لِلْجَمِيعِ: «إِنْ أَرَادَ أَحَدٌ أَنْ يَأْتِيَ وَرَائِي، فَلْيُنْكِرْ نَفْسَهُ وَيَحْمِلْ صَلِيبَهُ كُلَّ يَوْمٍ، وَيَتْبَعْنِي.,"Yesus berkata kepada mereka semua, “Jika seseorang ingin mengikut Aku, ia harus menyangkal dirinya sendiri, dan memikul salibnya setiap hari, dan mengikuti Aku.","Lalu, Isa bersabda kepada semua yang ada di situ, “Siapa mau mengikut Aku, ia harus menyangkal dirinya, memikul salibnya setiap hari, dan mengikut Aku.",
Lukas,9,24,Lukas 9:24,فَإِنَّ مَنْ أَرَادَ أَنْ يُخَلِّصَ نَفْسَهُ يُهْلِكُهَا، وَمَنْ يُهْلِكُ نَفْسَهُ مِنْ أَجْلِي فَهَذَا يُخَلِّصُهَا.,"Sebab, siapa pun yang berusaha menyelamatkan nyawanya, akan kehilangan nyawanya. Akan tetapi, barang siapa kehilangan nyawanya karena Aku, akan menyelamatkannya.","Sebab siapa hendak menyelamatkan nyawanya, ia akan kehilangan nyawanya, tetapi siapa kehilangan nyawanya karena Aku, ia akan menyelamatkan nyawanya.",
Lukas,9,25,Lukas 9:25,لِأَنَّهُ مَاذَا يَنْتَفِعُ ٱلْإِنْسَانُ لَوْ رَبِحَ ٱلْعَالَمَ كُلَّهُ، وَأَهْلَكَ نَفْسَهُ أَوْ خَسِرَهَا؟,"Apakah untungnya jika seseorang mendapatkan seluruh dunia, tetapi mati atau kehilangan nyawanya sendiri?","Apa untungnya bagi seseorang kalau ia memperoleh seluruh dunia ini, tetapi dirinya sendiri rugi dan binasa?",
Lukas,9,26,Lukas 9:26,لِأَنَّ مَنِ ٱسْتَحَى بِي وَبِكَلَامِي، فَبِهَذَا يَسْتَحِي ٱبْنُ ٱلْإِنْسَانِ مَتَى جَاءَ بِمَجْدِهِ وَمَجْدِ ٱلْآبِ وَٱلْمَلَائِكَةِ ٱلْقِدِّيسِينَ.,"Kepada orang yang merasa malu karena Aku dan perkataan-Ku, Anak Manusia pun akan malu mengakui orang itu ketika Ia datang dalam kemuliaan-Nya dan kemuliaan Bapa-Nya, beserta para malaikat kudus.","Karena siapa malu terhadap Aku dan terhadap perkataan-Ku, Anak Manusia pun akan malu mengakui dia pada waktu Ia datang nanti dalam kemuliaan-Nya dan dalam kemuliaan Bapa-Nya serta dalam kemuliaan para malaikat-Nya yang suci.",
Lukas,9,27,Lukas 9:27,حَقًّا أَقُولُ لَكُمْ: إِنَّ مِنَ ٱلْقِيَامِ هَهُنَا قَوْمًا لَا يَذُوقُونَ ٱلْمَوْتَ حَتَّى يَرَوْا مَلَكُوتَ ٱللهِ».,"Aku mengatakan yang sesungguhnya kepadamu, ada beberapa orang di antara kamu yang berdiri di sini yang tidak akan mati sebelum melihat Kerajaan Allah.”","Sesungguhnya, Aku berkata kepadamu, di antara orang-orang yang hadir di sini ada yang tidak akan menghadap maut sebelum mereka melihat Kerajaan Allah.”",
Lukas,9,28,Lukas 9:28,وَبَعْدَ هَذَا ٱلْكَلَامِ بِنَحْوِ ثَمَانِيَةِ أَيَّامٍ، أَخَذَ بُطْرُسَ وَيُوحَنَّا وَيَعْقُوبَ وَصَعِدَ إِلَى جَبَلٍ لِيُصَلِّيَ.,"Kira-kira, 8 hari sesudah Yesus menyampaikan pengajaran-Nya itu, Dia mengajak Petrus, Yohanes, dan Yakobus naik ke gunung untuk berdoa.","Kira-kira delapan hari setelah Isa mengatakan semua itu, Ia mengajak Petrus, Yahya, dan Yakub naik ke sebuah gunung untuk berdoa.",
Lukas,9,29,Lukas 9:29,وَفِيمَا هُوَ يُصَلِّي صَارَتْ هَيْئَةُ وَجْهِهِ مُتَغَيِّرَةً، وَلِبَاسُهُ مُبْيَضًّا لَامِعًا.,"Ketika Yesus sedang berdoa, rupa wajah-Nya berubah dan pakaian-Nya menjadi putih berkilauan.","Sementara Ia berdoa, tiba-tiba wajah-Nya berubah dan pakaian-Nya menjadi putih berkilauan.",
Lukas,9,30,Lukas 9:30,وَإِذَا رَجُلَانِ يَتَكَلَّمَانِ مَعَهُ، وَهُمَا مُوسَى وَإِيلِيَّا،,"Kemudian, tampaklah dua orang sedang berbicara dengan-Nya. Kedua orang itu adalah Musa dan Elia,","Lalu, tampak dua orang berbicara dengan-Nya, yaitu Musa dan Ilyas.",
Lukas,9,31,Lukas 9:31,اللَّذَانِ ظَهَرَا بِمَجْدٍ، وَتَكَلَّمَا عَنْ خُرُوجِهِ ٱلَّذِي كَانَ عَتِيدًا أَنْ يُكَمِّلَهُ فِي أُورُشَلِيمَ.,yang menampakkan diri dalam kemuliaan dan berbicara tentang kematian Yesus yang akan segera digenapi di Yerusalem.,Keduanya tampak dalam kemuliaan. Mereka berbicara mengenai kematian Isa yang akan terjadi di Yerusalem.,
Lukas,9,32,Lukas 9:32,وَأَمَّا بُطْرُسُ وَٱللَّذَانِ مَعَهُ فَكَانُوا قَدْ تَثَقَّلُوا بِٱلنَّوْمِ. فَلَمَّا ٱسْتَيْقَظُوا رَأَوْا مَجْدَهُ، وَٱلرَّجُلَيْنِ ٱلْوَاقِفَيْنِ مَعَهُ.,"Pada waktu itu, Petrus dan teman-temannya sedang dikuasai oleh rasa kantuk yang berat, tetapi ketika mereka benar-benar tersadar, mereka melihat kemuliaan Yesus dan dua orang yang berdiri bersama-sama dengan Dia.","Pada waktu itu, Petrus dan teman-temannya yang bersama-sama dengan dia di situ sedang tertidur. Ketika mereka terbangun, mereka melihat Isa di dalam kemuliaan dan juga kedua orang yang berdiri di dekat-Nya.",
Lukas,9,33,Lukas 9:33,وَفِيمَا هُمَا يُفَارِقَانِهِ قَالَ بُطْرُسُ لِيَسُوعَ «يَا مُعَلِّمُ، جَيِّدٌ أَنْ نَكُونَ هَهُنَا. فَلْنَصْنَعْ ثَلَاثَ مَظَالَّ: لَكَ وَاحِدَةً، وَلِمُوسَى وَاحِدَةً، وَلِإِيلِيَّا وَاحِدَةً». وَهُوَ لَا يَعْلَمُ مَا يَقُولُ.,"Ketika mereka akan meninggalkan Yesus, Petrus berkata, “Guru, baiklah kita tetap di sini. Kami akan mendirikan tiga kemah , satu untuk-Mu, satu untuk Musa, dan satu untuk Elia.” Akan tetapi, Petrus tidak menyadari apa yang dikatakannya itu.","Ketika kedua orang itu meninggalkan Isa, Petrus berkata kepada-Nya, “Ya Junjungan, baik sekali kita berada di sini. Biarkanlah kami mendirikan tiga kemah: Satu untuk Junjungan, satu untuk Musa, dan yang satu lagi untuk Ilyas.” Tetapi, Petrus sendiri tidak menyadari apa yang dikatakannya itu.",
Lukas,9,34,Lukas 9:34,وَفِيمَا هُوَ يَقُولُ ذَلِكَ كَانَتْ سَحَابَةٌ فَظَلَّلَتْهُمْ. فَخَافُوا عِنْدَمَا دَخَلُوا فِي ٱلسَّحَابَةِ.,"Ketika Petrus sedang mengatakan hal itu, datanglah awan menaungi mereka sehingga Petrus, Yohanes, dan Yakobus menjadi takut ketika mereka masuk ke dalam awan itu.","Sementara Petrus berbicara, turunlah awan menaungi mereka. Ketika awan itu meliputi mereka, mereka pun menjadi takut.",
Lukas,9,35,Lukas 9:35,وَصَارَ صَوْتٌ مِنَ ٱلسَّحَابَةِ قَائِلًا: «هَذَا هُوَ ٱبْنِي ٱلْحَبِيبُ. لَهُ ٱسْمَعُوا».,"Kemudian, terdengarlah suara dari awan itu, “Inilah Anak-Ku, Dialah yang Kupilih, dengarkanlah Dia.”","Lalu, dari awan itu terdengar suara yang mengatakan, “Inilah Sang Anak yang Kupilih. Dengarkanlah Dia!”",
Lukas,9,36,Lukas 9:36,وَلَمَّا كَانَ ٱلصَّوْتُ وُجِدَ يَسُوعُ وَحْدَهُ، وَأَمَّا هُمْ فَسَكَتُوا وَلَمْ يُخْبِرُوا أَحَدًا فِي تِلْكَ ٱلْأَيَّامِ بِشَيْءٍ مِمَّا أَبْصَرُوهُ.,"Sesudah suara itu berhenti, Yesus hanya didapati seorang diri. Mereka merahasiakannya dan tidak memberi tahu seorang pun pada hari-hari itu tentang apa yang telah mereka lihat.","Ketika suara itu terdengar, yang tampak hanyalah Isa seorang diri. Para pengikut-Nya merahasiakan hal itu. Pada waktu itu mereka tidak memberitahukan kepada siapa pun apa yang telah mereka lihat.",
Lukas,9,37,Lukas 9:37,وَفِي ٱلْيَوْمِ ٱلتَّالِي إِذْ نَزَلُوا مِنَ ٱلْجَبَلِ، ٱسْتَقْبَلَهُ جَمْعٌ كَثِيرٌ.,"Keesokan harinya, ketika mereka turun dari gunung, serombongan besar orang banyak datang kepada-Nya.","Esok harinya, setelah Isa dan para pengikut-Nya turun dari bukit, banyak sekali orang datang menemui-Nya.",
Lukas,9,38,Lukas 9:38,وَإِذَا رَجُلٌ مِنَ ٱلْجَمْعِ صَرَخَ قَائِلًا: «يَا مُعَلِّمُ، أَطْلُبُ إِلَيْكَ. اُنْظُرْ إِلَى ٱبْنِي، فَإِنَّهُ وَحِيدٌ لِي.,"Seseorang dari orang banyak itu berseru, “Guru, aku mohon kepada-Mu, tengoklah anakku sebab ia adalah anakku satu-satunya.","Di antara orang banyak itu ada seorang laki-laki yang berseru, “Guru, aku mohon Engkau datang menengok anakku. Dia anakku satu-satunya.",
Lukas,9,39,Lukas 9:39,وَهَا رُوحٌ يَأْخُذُهُ فَيَصْرُخُ بَغْتَةً، فَيَصْرَعُهُ مُزْبِدًا، وَبِٱلْجَهْدِ يُفَارِقُهُ مُرَضِّضًا إِيَّاهُ.,"Lihatlah, ada roh yang menguasainya, dan tiba-tiba ia berteriak-teriak. Roh itu juga mengguncang-guncangkannya sehingga mulutnya berbusa, roh itu terus menyakitinya dan tidak mau meninggalkannya.",Ada setan yang sewaktu-waktu menyerangnya sehingga ia tiba-tiba berteriak. Setan itu menggoncang-goncangkan anak itu sehingga dari mulutnya keluar buih. Ia menyiksa anakku terus-menerus dan hampir-hampir tidak mau meninggalkannya.,
Lukas,9,40,Lukas 9:40,وَطَلَبْتُ مِنْ تَلَامِيذِكَ أَنْ يُخْرِجُوهُ فَلَمْ يَقْدِرُوا».,"Aku telah memohon kepada murid-murid-Mu untuk mengusirnya, tetapi mereka tidak dapat melakukannya.”","Aku sudah meminta kepada para pengikut-Mu untuk mengusir setan itu, tetapi mereka tidak dapat.”",
Lukas,9,41,Lukas 9:41,فَأَجَابَ يَسُوعُ وَقَالَ: «أَيُّهَا ٱلْجِيلُ غَيْرُ ٱلْمُؤْمِنِ وَٱلْمُلْتَوِي إِلَى مَتَى أَكُونُ مَعَكُمْ وَأَحْتَمِلُكُمْ؟ قَدِّمِ ٱبْنَكَ إِلَى هُنَا!».,"Jawab Yesus, “Hai, kamu generasi yang tidak percaya dan sesat! Berapa lama lagi Aku harus tinggal bersamamu dan bersabar terhadap kamu? Bawalah anakmu itu kemari.”","Sabda Isa, “Hai kamu, generasi yang tidak percaya dan yang sesat, berapa lama lagi Aku harus bersama-sama dengan kamu dan sabar terhadap kamu? Bawalah anak itu kemari!”",
Lukas,9,42,Lukas 9:42,وَبَيْنَمَا هُوَ آتٍ مَزَّقَهُ ٱلشَّيْطَانُ وَصَرَعَهُ، فَٱنْتَهَرَ يَسُوعُ ٱلرُّوحَ ٱلنَّجِسَ، وَشَفَى ٱلصَّبِيَّ وَسَلَّمَهُ إِلَى أَبِيهِ.,"Ketika anak itu sedang mendekat kepada Yesus, roh jahat itu membantingnya ke tanah dan mengguncang-guncangkannya. Akan tetapi, Yesus membentak roh najis itu, menyembuhkan anak laki-laki itu, lalu mengembalikannya kepada ayahnya.","Pada waktu anak itu dibawa kepada Isa, setan itu membantingnya ke tanah dan membuatnya kejang-kejang. Isa menghardik setan itu dan menyembuhkan anak itu, kemudian menyerahkannya kembali kepada ayahnya.",
Lukas,9,43,Lukas 9:43,فَبُهِتَ ٱلْجَمِيعُ مِنْ عَظَمَةِ ٱللهِ. وَإِذْ كَانَ ٱلْجَمِيعُ يَتَعَجَّبُونَ مِنْ كُلِّ مَا فَعَلَ يَسُوعُ، قَالَ لِتَلَامِيذِهِ:,"Semua orang merasa takjub atas kuasa Allah, tetapi ketika mereka masih terheran-heran terhadap semua hal yang dilakukan Yesus, Dia berkata kepada murid-murid-Nya,",Semua orang yang ada di situ takjub akan kemahabesaran Allah.,
Lukas,9,44,Lukas 9:44,«ضَعُوا أَنْتُمْ هَذَا ٱلْكَلَامَ فِي آذَانِكُمْ: إِنَّ ٱبْنَ ٱلْإِنْسَانِ سَوْفَ يُسَلَّمُ إِلَى أَيْدِي ٱلنَّاسِ».,“Dengarkanlah perkataan ini baik-baik: Anak Manusia akan diserahkan ke tangan manusia.”,"(9-43b) Sementara semua orang di situ masih terheran-heran akan apa yang telah dilakukan Isa, bersabdalah Ia kepada para pengikut-Nya, (9-44) “Camkanlah perkataan-Ku ini: Anak Manusia akan diserahkan ke tangan manusia.”",
Lukas,9,45,Lukas 9:45,وَأَمَّا هُمْ فَلَمْ يَفْهَمُوا هَذَا ٱلْقَوْلَ، وَكَانَ مُخْفًى عَنْهُمْ لِكَيْ لَا يَفْهَمُوهُ، وَخَافُوا أَنْ يَسْأَلُوهُ عَنْ هَذَا ٱلْقَوْلِ.,"Akan tetapi, para murid tidak memahami maksud perkataan itu, dan hal itu tersembunyi bagi mereka sehingga mereka tidak dapat memahaminya. Namun, mereka takut bertanya kepada Yesus mengenai arti perkataan itu.","Tetapi, mereka tidak mengerti apa maksud dari perkataan Isa sebab hal itu tersembunyi bagi mereka sehingga mereka tidak dapat memahaminya. Meskipun begitu, mereka takut menanyakan kepada-Nya apa maksud dari perkataan itu.",
Lukas,9,46,Lukas 9:46,وَدَاخَلَهُمْ فِكْرٌ مَنْ عَسَى أَنْ يَكُونَ أَعْظَمَ فِيهِمْ؟,"Suatu ketika, sebuah pertengkaran terjadi di antara murid-murid Yesus mengenai siapa yang terbesar di antara mereka.",Di antara para pengikut Isa timbul selisih pendapat mengenai siapa yang terbesar di antara mereka.,
Lukas,9,47,Lukas 9:47,فَعَلِمَ يَسُوعُ فِكْرَ قَلْبِهِمْ، وَأَخَذَ وَلَدًا وَأَقَامَهُ عِنْدَهُ،,"Akan tetapi, Yesus mengetahui pikiran hati mereka, lalu Dia mengajak seorang anak kecil dan menempatkannya berdiri di samping-Nya.","Hal itu diketahui oleh Isa. Karena itu, Ia mengambil anak kecil dan menempatkan anak kecil itu di samping-Nya.",
Lukas,9,48,Lukas 9:48,وَقَالَ لَهُمْ: «مَنْ قَبِلَ هَذَا ٱلْوَلَدَ بِٱسْمِي يَقْبَلُنِي، وَمَنْ قَبِلَنِي يَقْبَلُ ٱلَّذِي أَرْسَلَنِي، لِأَنَّ ٱلْأَصْغَرَ فِيكُمْ جَمِيعًا هُوَ يَكُونُ عَظِيمًا».,"Lalu, Dia berkata kepada murid-murid, “Setiap orang yang menerima anak kecil ini dalam nama-Ku, ia menerima Aku. Dan, siapa pun yang menerima-Ku, ia juga menerima Dia yang mengutus Aku. Sebab, yang paling hina di antara kamu, dialah yang terutama.”","Lalu, sabda-Nya kepada mereka, “Siapa menyambut anak kecil ini atas nama-Ku, ia menyambut Aku, dan siapa menyambut Aku, ia menyambut Dia yang mengutus Aku. Karena yang terkecil di antara kamu semua, dialah yang besar.”",
Lukas,9,49,Lukas 9:49,فَأجَابَ يُوحَنَّا وَقَالَ: «يَا مُعَلِّمُ، رَأَيْنَا وَاحِدًا يُخْرِجُ ٱلشَّيَاطِينَ بِٱسْمِكَ فَمَنَعْنَاهُ، لِأَنَّهُ لَيْسَ يَتْبَعُ مَعَنَا».,"Yohanes menjawab-Nya dan berkata, “Guru, kami melihat seseorang mengusir roh jahat dalam nama-Mu dan kami berusaha menghentikannya karena ia tidak termasuk kelompok kita.”","Yahya berkata, “Ya Junjungan, kami melihat seseorang mengusir setan dengan nama-Mu. Kami melarangnya karena ia bukan pengikut kita.”",
Lukas,9,50,Lukas 9:50,فَقَالَ لَهُ يَسُوعُ: «لَا تَمْنَعُوهُ، لِأَنَّ مَنْ لَيْسَ عَلَيْنَا فَهُوَ مَعَنَا».,"Akan tetapi, Yesus berkata kepadanya, “Jangan menghentikannya karena siapa pun yang tidak melawanmu, ia memihakmu.”","Tetapi, sabda Isa kepada Yahya dan pengikut-pengikut yang lainnya, “Jangan larang dia karena siapa tidak melawan kita, ia ada di pihak kita.”",
Lukas,9,51,Lukas 9:51,وَحِينَ تَمَّتِ ٱلْأَيَّامُ لِٱرْتِفَاعِهِ ثَبَّتَ وَجْهَهُ لِيَنْطَلِقَ إِلَى أُورُشَلِيمَ،,"Ketika waktunya semakin dekat bagi Yesus untuk ditinggikan, Ia meneguhkan hati untuk pergi ke Yerusalem.","Ketika hampir tiba waktunya bagi Isa untuk diangkat ke surga, Ia mengarahkan pandangan-Nya untuk pergi ke Yerusalem.",
Lukas,9,52,Lukas 9:52,وَأَرْسَلَ أَمَامَ وَجْهِهِ رُسُلًا، فَذَهَبُوا وَدَخَلُوا قَرْيَةً لِلسَّامِرِيِّينَ حَتَّى يُعِدُّوا لَهُ.,"Dia menyuruh beberapa utusan mendahului-Nya. Lalu, utusan-utusan itu pun berangkat dan masuk ke sebuah desa di daerah Samaria untuk menyiapkan segala sesuatu bagi Dia.","Diutus-Nya beberapa orang mendahului Dia untuk menyiapkan segalanya bagi-Nya. Maka, pergilah mereka dan ketika mereka masuk ke sebuah desa di Samaria,",
Lukas,9,53,Lukas 9:53,فَلَمْ يَقْبَلُوهُ لِأَنَّ وَجْهَهُ كَانَ مُتَّجِهًا نَحْوَ أُورُشَلِيمَ.,"Akan tetapi, orang-orang di tempat itu tidak menerima Yesus karena Dia sedang menuju ke kota Yerusalem.",orang-orang di desa itu tidak mau menerima Isa karena mereka melihat bahwa Ia sedang menuju Yerusalem.,
Lukas,9,54,Lukas 9:54,فَلَمَّا رَأَى ذَلِكَ تِلْمِيذَاهُ يَعْقُوبُ وَيُوحَنَّا، قَالَا: «يَارَبُّ، أَتُرِيدُ أَنْ نَقُولَ أَنْ تَنْزِلَ نَارٌ مِنَ ٱلسَّمَاءِ فَتُفْنِيَهُمْ، كَمَا فَعَلَ إِيلِيَّا أَيْضًا؟».,"Ketika murid-murid-Nya, Yakobus dan Yohanes, melihat hal ini, mereka berkata, “Tuhan, apakah Engkau menginginkan kami untuk memerintahkan api turun dari langit dan menghanguskan mereka?”","Ketika pengikut-pengikut-Nya, yaitu Yakub dan Yahya, melihat hal itu, mereka berkata, “Ya Junjungan, apakah Junjungan mau supaya kami meminta api turun dari langit untuk membinasakan mereka?”",
Lukas,9,55,Lukas 9:55,فَٱلْتَفَتَ وَٱنْتَهَرَهُمَا وَقَالَ: «لَسْتُمَا تَعْلَمَانِ مِنْ أَيِّ رُوحٍ أَنْتُمَا!,"Akan tetapi, Yesus berpaling dan menegur mereka .","Tetapi, Isa menoleh dan menegur mereka.",
Lukas,9,56,Lukas 9:56,لِأَنَّ ٱبْنَ ٱلْإِنْسَانِ لَمْ يَأْتِ لِيُهْلِكَ أَنْفُسَ ٱلنَّاسِ، بَلْ لِيُخَلِّصَ». فَمَضَوْا إِلَى قَرْيَةٍ أُخْرَى.,"Lalu, Yesus dan murid-murid-Nya pergi ke desa yang lain.","Lalu, Isa dan pengikut-pengikut-Nya pergi melalui desa lain.",
Lukas,9,57,Lukas 9:57,وَفِيمَا هُمْ سَائِرُونَ فِي ٱلطَّرِيقِ قَالَ لَهُ وَاحِدٌ: «يَا سَيِّدُ، أَتْبَعُكَ أَيْنَمَا تَمْضِي».,"Ketika mereka sedang dalam perjalanan, seorang berkata kepada Yesus, “Aku akan mengikut Engkau ke mana pun Engkau pergi.”","Sementara mereka di tengah perjalanan, ada orang berkata kepada Isa, “Aku akan mengikut Engkau ke mana pun Engkau pergi.”",
Lukas,9,58,Lukas 9:58,فَقَالَ لَهُ يَسُوعُ: «لِلثَّعَالِبِ أَوْجِرَةٌ، وَلِطُيُورِ ٱلسَّمَاءِ أَوْكَارٌ، وَأَمَّا ٱبْنُ ٱلْإِنْسَانِ فَلَيْسَ لَهُ أَيْنَ يُسْنِدُ رَأْسَهُ».,"Yesus pun berkata kepadanya, “Rubah mempunyai lubang untuk tinggal dan burung-burung di udara mempunyai sarangnya. Akan tetapi, Anak Manusia tidak mempunyai tempat untuk beristirahat.”","Sabda Isa, “Rubah-rubah memiliki liang dan burung-burung memiliki sarang, tetapi Anak Manusia tidak memiliki tempat untuk meletakkan kepala-Nya.”",
Lukas,9,59,Lukas 9:59,وَقَالَ لِآخَرَ: «ٱتْبَعْنِي». فَقَالَ: «يَا سَيِّدُ، ٱئْذَنْ لِي أَنْ أَمْضِيَ أَوَّلًا وَأَدْفِنَ أَبِي».,"Yesus berkata kepada seorang yang lain, “Ikutlah Aku!” Akan tetapi, orang itu berkata, “Tuhan, izinkan aku pergi dan menguburkan ayahku terlebih dahulu.”","Kepada yang lain Isa bersabda, “Ikutlah Aku.” Tetapi, orang itu menjawab, “Izinkanlah aku pergi dahulu untuk memakamkan ayahku.”",
Lukas,9,60,Lukas 9:60,فَقَالَ لَهُ يَسُوعُ: «دَعِ ٱلْمَوْتَى يَدْفِنُونَ مَوْتَاهُمْ، وَأَمَّا أَنْتَ فَٱذْهَبْ وَنَادِ بِمَلَكُوتِ ٱللهِ».,"Akan tetapi, Yesus berkata kepadanya, “Biarlah orang mati menguburkan orang mati mereka, tetapi kamu harus pergi dan memberitakan tentang Kerajaan Allah.”","Isa bersabda kepadanya, “Biarkanlah orang-orang mati memakamkan mereka yang mati; tetapi engkau, pergilah, beritakanlah Kerajaan Allah.”",
Lukas,9,61,Lukas 9:61,وَقَالَ آخَرُ أَيْضًا: «أَتْبَعُكَ يَا سَيِّدُ، وَلَكِنِ ٱئْذَنْ لِي أَوَّلًا أَنْ أُوَدِّعَ ٱلَّذِينَ فِي بَيْتِي».,"Dan, ada seorang lagi berkata, “Aku akan mengikuti Engkau, Tuhan, tetapi izinkan aku berpamitan terlebih dahulu dengan keluargaku.”","Ada lagi orang lain yang berkata, “Aku mau ikut Tuan, tetapi izinkanlah aku berpamitan dahulu kepada orang-orang di rumah.”",
Lukas,9,62,Lukas 9:62,فَقَالَ لَهُ يَسُوعُ: «لَيْسَ أَحَدٌ يَضَعُ يَدَهُ عَلَى ٱلْمِحْرَاثِ وَيَنْظُرُ إِلَى ٱلْوَرَاءِ يَصْلُحُ لِمَلَكُوتِ ٱللهِ».,"Yesus berkata kepadanya, “Tidak seorang pun yang telah meletakkan tangannya pada bajak tetapi masih menoleh ke belakang yang pantas bagi Kerajaan Allah.”","Maka, kata Isa kepadanya, “Orang yang sudah siap membajak, tetapi terus saja menoleh ke belakang, tidak layak untuk Kerajaan Allah.”",
Lukas,10,1,Lukas 10:1,وَبَعْدَ ذَلِكَ عَيَّنَ ٱلرَّبُّ سَبْعِينَ آخَرِينَ أَيْضًا، وَأَرْسَلَهُمُ ٱثْنَيْنِ ٱثْنَيْنِ أَمَامَ وَجْهِهِ إِلَى كُلِّ مَدِينَةٍ وَمَوْضِعٍ حَيْثُ كَانَ هُوَ مُزْمِعًا أَنْ يَأْتِيَ.,"Sesudah itu, Yesus menetapkan tujuh puluh orang pengikut yang lain, dan Dia mengutus mereka pergi berdua-dua untuk mendahului-Nya ke setiap kota dan tempat yang akan dikunjungi-Nya.","Setelah itu, Isa, Sang Junjungan, memilih tujuh puluh orang yang lain, lalu mengutus mereka pergi berdua-dua mendahului Dia ke setiap kota dan tempat yang akan dikunjungi-Nya sendiri.",
Lukas,10,2,Lukas 10:2,فَقَالَ لَهُمْ: «إِنَّ ٱلْحَصَادَ كَثِيرٌ، وَلَكِنَّ ٱلْفَعَلَةَ قَلِيلُونَ. فَٱطْلُبُوا مِنْ رَبِّ ٱلْحَصَادِ أَنْ يُرْسِلَ فَعَلَةً إِلَى حَصَادِهِ.,"Kata-Nya kepada mereka, “Hasil panen memang sangat banyak, tetapi pekerjanya hanya ada sedikit. Oleh karena itu, mintalah kepada Tuan yang memiliki hasil panen itu untuk mengutus pekerja-pekerja untuk mengumpulkan hasil panen-Nya.”","Sabda-Nya kepada mereka, “Tuaian memang banyak, tetapi penuainya hanya sedikit. Sebab itu, mintalah kepada Sang Tuan pemilik tuaian supaya Ia mengutus para penuai untuk menuai tuaian-Nya.",
Lukas,10,3,Lukas 10:3,اِذْهَبُوا! هَا أَنَا أُرْسِلُكُمْ مِثْلَ حُمْلَانٍ بَيْنَ ذِئَابٍ.,“Pergilah! Aku mengutusmu seperti anak domba di tengah-tengah kawanan serigala.,Sekarang pergilah kamu. Aku mengutus kamu seperti anak domba ke tengah-tengah serigala.,
Lukas,10,4,Lukas 10:4,لَا تَحْمِلُوا كِيسًا وَلَا مِزْوَدًا وَلَا أَحْذِيَةً، وَلَا تُسَلِّمُوا عَلَى أَحَدٍ فِي ٱلطَّرِيقِ.,"Jangan membawa kantong uang, tas, atau sandal. Dan, jangan menyapa siapa pun dalam perjalanan.","Jangan membawa pundi-pundi atau bekal atau kasut. Selama dalam perjalanan, jangan memberi salam kepada siapa pun.",
Lukas,10,5,Lukas 10:5,وَأَيُّ بَيْتٍ دَخَلْتُمُوهُ فَقُولُوا أَوَّلًا: سَلَامٌ لِهَذَا ٱلْبَيْتِ.,"Ke rumah mana pun yang kamu masuki, ucapkanlah terlebih dahulu, ‘Damai sejahtera atas rumah ini.’","Apabila kamu masuk ke sebuah rumah, terlebih dahulu ucapkanlah salam bagi rumah itu!",
Lukas,10,6,Lukas 10:6,فَإِنْ كَانَ هُنَاكَ ٱبْنُ ٱلسَّلَامِ يَحُلُّ سَلَامُكُمْ عَلَيْهِ، وَإِلَّا فَيَرْجِعُ إِلَيْكُمْ.,"Jika orang yang ada di situ cinta damai , damai sejahteramu akan tinggal atasnya. Akan tetapi, jika tidak, damai sejahteramu itu akan kembali kepadamu.","Jika di dalam rumah itu ada orang yang layak menerima salammu itu, maka sejahtera yang berasal darimu akan tetap di situ. Tetapi, kalau tidak ada, maka sejahtera itu akan kembali kepadamu.",
Lukas,10,7,Lukas 10:7,وَأَقِيمُوا فِي ذَلِكَ ٱلْبَيْتِ آكِلِينَ وَشَارِبِينَ مِمَّا عِنْدَهُمْ، لِأَنَّ ٱلْفَاعِلَ مُسْتَحِقٌّ أُجْرَتَهُ. لَا تَنْتَقِلُوا مِنْ بَيْتٍ إِلَى بَيْتٍ.,"Tinggallah di rumah itu. Makanlah dan minumlah apa yang mereka sediakan bagimu, karena seorang pekerja pantas mendapatkan upahnya. Jangan berpindah-pindah dari satu rumah ke rumah yang lain.",Tinggallah di rumah itu dan terimalah setiap makanan dan minuman yang disajikan untukmu karena orang yang bekerja patut mendapat upahnya. Jangan berpindah-pindah rumah.,
Lukas,10,8,Lukas 10:8,وَأَيَّةَ مَدِينَةٍ دَخَلْتُمُوهَا وَقَبِلُوكُمْ، فَكُلُوا مِمَّا يُقَدَّمُ لَكُمْ،,"Setiap kali kamu memasuki sebuah kota dan orang-orang di sana menyambutmu, makanlah makanan yang mereka hidangkan di hadapanmu.","Kalau kamu masuk ke sebuah kota dan di situ kamu diterima, makanlah apa saja yang diberikan kepadamu.",
Lukas,10,9,Lukas 10:9,وَٱشْفُوا ٱلْمَرْضَى ٱلَّذِينَ فِيهَا، وَقُولُوا لَهُمْ: قَدِ ٱقْتَرَبَ مِنْكُمْ مَلَكُوتُ ٱللهِ.,"Sembuhkan orang-orang sakit yang tinggal di sana, dan katakan kepada mereka, ‘Kerajaan Allah sudah dekat padamu.’","Sembuhkanlah orang sakit yang ada di situ dan katakan kepada mereka, ‘Kerajaan Allah sudah dekat kepadamu.’",
Lukas,10,10,Lukas 10:10,وَأَيَّةُ مَدِينَةٍ دَخَلْتُمُوهَا وَلَمْ يَقْبَلُوكُمْ، فَٱخْرُجُوا إِلَى شَوَارِعِهَا وَقُولُوا:,"Akan tetapi, jika kamu masuk ke sebuah desa dan orang-orang di sana tidak menyambutmu, pergilah ke jalan-jalan kota itu dan berkata,","Tetapi, kalau kamu masuk ke sebuah kota dan orang-orang di situ tidak menerima kamu, pergilah ke jalan-jalan kota itu dan katakanlah,",
Lukas,10,11,Lukas 10:11,حَتَّى ٱلْغُبَارَ ٱلَّذِي لَصِقَ بِنَا مِنْ مَدِينَتِكُمْ نَنْفُضُهُ لَكُمْ. وَلَكِنِ ٱعْلَمُوا هَذَا: إنَّهُ قَدِ ٱقْتَرَبَ مِنْكُمْ مَلَكُوتُ ٱللهِ.,"‘Bahkan debu dari kotamu yang menempel di kaki kami akan kami kebaskan di depanmu. Akan tetapi, ingatlah ini: Kerajaan Allah sudah dekat.’","‘Debu kotamu yang melekat pada kaki kami pun kami kebaskan di hadapanmu, tetapi ingatlah bahwa Kerajaan Allah sudah dekat.’",
Lukas,10,12,Lukas 10:12,وَأَقُولُ لَكُمْ: إِنَّهُ يَكُونُ لِسَدُومَ فِي ذَلِكَ ٱلْيَوْمِ حَالَةٌ أَكْثَرُ ٱحْتِمَالًا مِمَّا لِتِلْكَ ٱلْمَدِينَةِ.,"Aku berkata kepadamu: pada hari itu, tanggungan Sodom akan lebih ringan daripada tanggungan kota itu.”","Aku berkata kepadamu, pada hari kiamat, azab atas Kota Sodom akan lebih ringan daripada azab atas kota-kota itu.”",
Lukas,10,13,Lukas 10:13,«وَيْلٌ لَكِ يَا كُورَزِينُ! وَيْلٌ لَكِ يَا بَيْتَ صَيْدَا! لِأَنَّهُ لَوْ صُنِعَتْ فِي صُورَ وَصَيْدَاءَ ٱلْقُوَّاتُ ٱلْمَصْنُوعَةُ فِيكُمَا، لَتَابَتَا قَدِيمًا جَالِسَتَيْنِ فِي ٱلْمُسُوحِ وَٱلرَّمَادِ.,"“Celakalah kamu, Khorazim! Celakalah kamu, Betsaida! Seandainya Aku melakukan mukjizat-mukjizat yang sama di Tirus dan Sidon, maka mereka pasti sudah lama bertobat dengan duduk dan memakai kain kabung dan abu .","“Celakalah engkau, hai Khorazim! Celakalah engkau, hai Baitsaida! Karena seandainya di Tirus dan Sidon terjadi mukjizat seperti yang terjadi di tempatmu, maka sudah sejak lama penduduk kota itu bertobat dan berkabung dengan memakai kain karung dan duduk dalam debu.",
Lukas,10,14,Lukas 10:14,وَلَكِنَّ صُورَ وَصَيْدَاءَ يَكُونُ لَهُمَا فِي ٱلدِّينِ حَالَةٌ أَكْثَرُ ٱحْتِمَالًا مِمَّا لَكُمَا.,"Akan tetapi, pada waktu penghakiman, tanggungan Tirus dan Sidon lebih ringan daripada tanggunganmu.","Karena itu, pada hari kiamat, azab untuk Kota Tirus dan Sidon akan lebih ringan daripada azab yang akan kamu terima.",
Lukas,10,15,Lukas 10:15,وَأَنْتِ يَا كَفْرَنَاحُومَ ٱلْمُرْتَفِعَةُ إِلَى ٱلسَّمَاءِ! سَتُهْبَطِينَ إِلَى ٱلْهَاوِيَةِ.,"Dan kamu, Kapernaum, apakah kamu akan diangkat ke surga? Tidak, kamu akan dilemparkan ke dunia orang mati!","Demikian pula engkau, hai Kapernaum. Akankah engkau ditinggikan sampai ke langit? Tidak, engkau bahkan akan diturunkan sampai ke alam kubur.",
Lukas,10,16,Lukas 10:16,اَلَّذِي يَسْمَعُ مِنْكُمْ يَسْمَعُ مِنِّي، وَٱلَّذِي يُرْذِلُكُمْ يُرْذِلُنِي، وَٱلَّذِي يُرْذِلُنِي يُرْذِلُ ٱلَّذِي أَرْسَلَنِي».,"Siapa pun yang mendengarkanmu, mendengarkan Aku. Akan tetapi, siapa yang menolakmu, ia juga menolak Aku. Dan, siapa menolak Aku, ia menolak Dia yang mengutus Aku.”","Orang yang mendengarkan kamu berarti mendengarkan Aku, dan orang yang menolak kamu berarti menolak Aku juga. Orang yang menolak Aku berarti menolak Dia yang mengutus Aku.”",
Lukas,10,17,Lukas 10:17,فَرَجَعَ ٱلسَّبْعُونَ بِفَرَحٍ قَائِلِينَ: «يَارَبُّ، حَتَّى ٱلشَّيَاطِينُ تَخْضَعُ لَنَا بِٱسْمِكَ!».,"Kemudian ketujuh puluh pengikut itu kembali dengan bersukacita sambil berkata, “Tuhan, setan-setan pun tunduk kepada kami dalam nama-Mu.”","Ketujuh puluh orang itu kembali dengan gembira. Mereka berkata, “Ya Junjungan, dalam nama-Mu setan-setan pun takluk dan menuruti perintah kami.”",
Lukas,10,18,Lukas 10:18,فَقَالَ لَهُمْ: «رَأَيْتُ ٱلشَّيْطَانَ سَاقِطًا مِثْلَ ٱلْبَرْقِ مِنَ ٱلسَّمَاءِ.,"Yesus berkata kepada mereka, “Aku melihat Iblis jatuh dari langit seperti kilat.","Sabda Isa, “Aku melihat Iblis jatuh seperti kilat dari langit.",
Lukas,10,19,Lukas 10:19,هَا أَنَا أُعْطِيكُمْ سُلْطَانًا لِتَدُوسُوا ٱلْحَيَّاتِ وَٱلْعَقَارِبَ وَكُلَّ قُوَّةِ ٱلْعَدُوِّ، وَلَا يَضُرُّكُمْ شَيْءٌ.,"Ketahuilah bahwa Aku telah memberimu kuasa untuk menginjak ular dan kalajengking, juga kuasa atas segala kekuatan musuh. Tidak akan ada yang menyakiti kamu.","Sesungguhnya, Aku telah memberi wewenang kepadamu untuk menginjak ular dan kalajengking, serta wewenang untuk menghancurkan segala kuasa musuh sehingga tidak ada yang akan mencelakakan kamu.",
Lukas,10,20,Lukas 10:20,وَلَكِنْ لَا تَفْرَحُوا بِهَذَا: أَنَّ ٱلْأَرْوَاحَ تَخْضَعُ لَكُمْ، بَلِ ٱفْرَحُوا بِٱلْحَرِيِّ أَنَّ أَسْمَاءَكُمْ كُتِبَتْ فِي ٱلسَّمَاوَاتِ».,"Akan tetapi, janganlah kamu bersukacita karena roh-roh itu tunduk kepadamu, melainkan bersukacitalah karena namamu tertulis di surga.”","Meskipun begitu, jangan gembira karena setan-setan menuruti perintahmu, tetapi bergembiralah karena namamu tercatat di surga.”",
Lukas,10,21,Lukas 10:21,وَفِي تِلْكَ ٱلسَّاعَةِ تَهَلَّلَ يَسُوعُ بِٱلرُّوحِ وَقَالَ: «أَحْمَدُكَ أَيُّهَا ٱلْآبُ، رَبُّ ٱلسَّمَاءِ وَٱلْأَرْضِ، لِأَنَّكَ أَخْفَيْتَ هَذِهِ عَنِ ٱلْحُكَمَاءِ وَٱلْفُهَمَاءِ وَأَعْلَنْتَهَا لِلْأَطْفَالِ. نَعَمْ أَيُّهَا ٱلْآبُ، لِأَنْ هَكَذَا صَارَتِ ٱلْمَسَرَّةُ أَمَامَكَ».,"Pada waktu itu, bersukacitalah Yesus di dalam Roh Kudus dan berkata, “Aku bersyukur kepada-Mu Bapa, Tuhan atas langit dan bumi, sebab Engkau menyembunyikan hal-hal ini dari orang bijaksana dan cerdas. Akan tetapi, Engkau menunjukkannya kepada bayi-bayi. Ya Bapa, karena itulah yang berkenan di hadapan-Mu.","Pada waktu itu juga Isa menjadi gembira sekali di dalam Ruh Allah. Kemudian, Isa memanjatkan syukur, “Ya Bapa, Penguasa langit dan bumi, Aku memuji Engkau sebab Engkau menyembunyikan semua ini dari orang-orang yang pandai dan bijaksana, tetapi Engkau menyatakannya kepada orang-orang kecil. Memang itulah yang berkenan kepada-Mu, ya Bapa.",
Lukas,10,22,Lukas 10:22,وَٱلْتَفَتَ إِلَى تَلَامِيذِهِ وَقَالَ: «كُلُّ شَيْءٍ قَدْ دُفِعَ إِلَيَّ مِنْ أَبِي. وَلَيْسَ أَحَدٌ يَعْرِفُ مَنْ هُوَ ٱلِٱبْنُ إِلَّا ٱلْآبُ، وَلَا مَنْ هُوَ ٱلْآبُ إِلَّا ٱلِٱبْنُ، وَمَنْ أَرَادَ ٱلِٱبْنُ أَنْ يُعْلِنَ لَهُ».,"Bapa-Ku telah menyerahkan segala sesuatu kepada-Ku, dan tidak seorang pun yang mengenal Anak kecuali Bapa. Dan, tidak seorang pun yang mengenal Bapa, kecuali Anak serta orang-orang yang kepada mereka Anak berkehendak untuk menyatakannya.”","Segala sesuatu telah diserahkan kepada-Ku oleh Bapa-Ku, dan tak seorang pun mengenal siapa Sang Anak, kecuali Sang Bapa. Tidak ada seorang pun yang mengenal siapa Sang Bapa, kecuali Sang Anak dan orang-orang yang kepadanya Sang Anak berkenan menyatakannya.”",
Lukas,10,23,Lukas 10:23,وَٱلْتَفَتَ إِلَى تَلَامِيذِهِ عَلَى ٱنْفِرَادٍ وَقَالَ: «طُوبَى لِلْعُيُونِ ٱلَّتِي تَنْظُرُ مَا تَنْظُرُونَهُ!,"Kemudian, Yesus berpaling kepada murid-murid-Nya dan berbicara kepada mereka secara pribadi, “Berbahagialah mata yang melihat apa yang kamu lihat,","Isa menoleh kepada para pengikut-Nya, lalu berbicara dengan mereka secara tersendiri. Sabda-Nya, “Berbahagialah mata yang melihat apa yang sudah kamu lihat.",
Lukas,10,24,Lukas 10:24,لِأَنِّي أَقُولُ لَكُمْ: إِنَّ أَنْبِيَاءَ كَثِيرِينَ وَمُلُوكًا أَرَادُوا أَنْ يَنْظُرُوا مَا أَنْتُمْ تَنْظُرُونَ وَلَمْ يَنْظُرُوا، وَأَنْ يَسْمَعُوا مَا أَنْتُمْ تَسْمَعُونَ وَلَمْ يَسْمَعُوا».,"sebab Aku berkata kepadamu: banyak nabi dan raja yang sangat ingin melihat hal-hal yang kamu lihat sekarang, tetapi mereka tidak melihatnya. Dan, sangat ingin mendengar hal-hal yang kamu dengar sekarang, tetapi mereka tidak mendengarnya.”","Aku berkata kepadamu, banyak nabi dan raja ingin melihat apa yang kamu lihat, tetapi mereka tidak melihatnya. Mereka ingin mendengar apa yang kamu dengar, tetapi mereka tidak mendengarnya.”",
Lukas,10,25,Lukas 10:25,وَإِذَا نَامُوسِيٌّ قَامَ يُجَرِّبُهُ قَائِلًا: «يَا مُعَلِّمُ، مَاذَا أَعْمَلُ لِأَرِثَ ٱلْحَيَاةَ ٱلْأَبَدِيَّةَ؟».,"Kemudian, lihat, seorang ahli Hukum Taurat berdiri untuk mencobai Yesus, katanya, “Guru, apa yang harus kulakukan untuk mendapatkan hidup yang kekal?”","Pada suatu kali, seorang ahli Kitab Suci Taurat berdiri untuk mencobai Isa. Ia berkata, “Wahai Guru, apa yang harus kulakukan supaya aku mendapatkan hidup yang kekal?”",
Lukas,10,26,Lukas 10:26,فَقَالَ لَهُ: «مَا هُوَ مَكْتُوبٌ فِي ٱلنَّامُوسِ. كَيْفَ تَقْرَأُ؟».,"Jawab Yesus kepadanya, “Apa yang tertulis dalam Hukum Taurat? Apa yang kamu baca di dalamnya?”","Sabda Isa, “Apa yang tertulis di dalam Kitab Suci Taurat? Apa yang kaubaca di situ?”",
Lukas,10,27,Lukas 10:27,فَأَجَابَ وَقَالَ: «تُحِبُّ ٱلرَّبَّ إِلَهَكَ مِنْ كُلِّ قَلْبِكَ، وَمِنْ كُلِّ نَفْسِكَ، وَمِنْ كُلِّ قُدْرَتِكَ، وَمِنْ كُلِّ فِكْرِكَ، وَقَرِيبَكَ مِثْلَ نَفْسِكَ».,"Orang itu menjawab, “Kasihilah Tuhan, Allahmu, dengan segenap hatimu, dengan segenap jiwamu, dengan segenap kekuatanmu, dan dengan segenap akal budimu . Dan, kasihilah sesamamu manusia seperti kamu mengasihi dirimu sendiri .”","Orang itu berkata, “Kasihilah Allah, Tuhanmu, dengan segenap hatimu, dengan segenap jiwamu, dengan segenap kekuatanmu, dan dengan segenap akal budimu. Selain itu, kasihilah sesamamu manusia seperti dirimu sendiri.”",
Lukas,10,28,Lukas 10:28,فَقَالَ لَهُ: «بِٱلصَّوَابِ أَجَبْتَ. اِفْعَلْ هَذَا فَتَحْيَا».,"Yesus berkata kepadanya, “Jawabanmu itu tepat. Lakukanlah itu, maka kamu akan hidup.”","Sabda Isa kepadanya, “Jawabanmu benar. Lakukanlah itu maka engkau akan hidup.”",
Lukas,10,29,Lukas 10:29,وَأَمَّا هُوَ فَإِذْ أَرَادَ أَنْ يُبَرِّرَ نَفْسَهُ، قَالَ لِيَسُوعَ: «وَمَنْ هُوَ قَرِيبِي؟».,"Akan tetapi, orang itu ingin membenarkan dirinya, maka ia berkata kepada Yesus, “Dan, siapakah sesamaku manusia?”","Tetapi, karena orang itu mau membenarkan dirinya, maka berkatalah ia kepada Isa, “Siapakah sesamaku manusia?”",
Lukas,10,30,Lukas 10:30,فَأَجَابَ يَسُوعُ وَقَالَ: «إِنْسَانٌ كَانَ نَازِلًا مِنْ أُورُشَلِيمَ إِلَى أَرِيحَا، فَوَقَعَ بَيْنَ لُصُوصٍ، فَعَرَّوْهُ وَجَرَّحُوهُ، وَمَضَوْا وَتَرَكُوهُ بَيْنَ حَيٍّ وَمَيْتٍ.,"Yesus menjawab itu dengan berkata, “Ada seorang yang turun dari Yerusalem ke Yerikho, ia jatuh ke tangan para perampok yang merampas pakaiannya dan memukulinya, kemudian meninggalkannya tergeletak dalam keadaan hampir mati.","Sabda Isa, “Ada seorang laki-laki yang turun dari Yerusalem ke Yerikho. Di tengah jalan, ia diserang oleh penyamun-penyamun. Mereka merampok pakaiannya dan memukulinya, kemudian pergi meninggalkannya dalam keadaan setengah mati.",
Lukas,10,31,Lukas 10:31,فَعَرَضَ أَنَّ كَاهِنًا نَزَلَ فِي تِلْكَ ٱلطَّرِيقِ، فَرَآهُ وَجَازَ مُقَابِلَهُ.,"Kebetulan, seorang imam melewati jalan itu. Ketika ia melihat orang itu, ia pergi begitu saja dengan berjalan di sisi jalan yang lain.","Pada waktu itu ada juga seorang imam turun melalui jalan itu. Ia melihat orang itu, tetapi ia menyingkir ke seberang jalan, lalu membiarkannya.",
Lukas,10,32,Lukas 10:32,وَكَذَلِكَ لَاوِيٌّ أَيْضًا، إِذْ صَارَ عِنْدَ ٱلْمَكَانِ جَاءَ وَنَظَرَ وَجَازَ مُقَابِلَهُ.,"Demikian juga yang dilakukan oleh seorang Lewi, ketika datang ke tempat itu dan melihat orang itu, ia melewatinya dengan berjalan di sisi jalan yang lain.",Begitu juga dengan seorang Lewi yang lewat di situ dan melihat orang yang dirampok itu. Ia pun menyingkir ke seberang jalan dan membiarkan orang itu.,
Lukas,10,33,Lukas 10:33,وَلَكِنَّ سَامِرِيًّا مُسَافِرًا جَاءَ إِلَيْهِ، وَلَمَّا رَآهُ تَحَنَّنَ،,"Akan tetapi, ada seorang Samaria yang sedang dalam perjalanan lewat di situ. Dan, ketika ia melihat orang itu, ia merasa kasihan kepadanya.","Kemudian, seorang Samaria yang sedang dalam perjalanan sampai pula ke tempat itu. Ketika ia melihat orang yang dirampok itu, ia merasa kasihan terhadapnya.",
Lukas,10,34,Lukas 10:34,فَتَقَدَّمَ وَضَمَدَ جِرَاحَاتِهِ، وَصَبَّ عَلَيْهَا زَيْتًا وَخَمْرًا، وَأَرْكَبَهُ عَلَى دَابَّتِهِ، وَأَتَى بِهِ إِلَى فُنْدُقٍ وَٱعْتَنَى بِهِ.,"Lalu, orang Samaria itu mendekatinya, dan membalut luka-lukanya. Ia mengolesinya dengan minyak dan anggur , lalu menaikkan orang itu ke atas keledainya dan membawanya ke sebuah penginapan, lalu merawat orang itu.","Didekatinya orang itu, dibalutnya luka-lukanya, lalu dituangkannya minyak dan air anggur ke atas luka-luka itu. Sesudah itu, ia menaikkan orang itu ke atas keledainya sendiri, lalu membawanya ke rumah penginapan untuk dirawat di situ.",
Lukas,10,35,Lukas 10:35,وَفِي ٱلْغَدِ لَمَّا مَضَى أَخْرَجَ دِينَارَيْنِ وَأَعْطَاهُمَا لِصَاحِبِ ٱلْفُنْدُقِ، وَقَالَ لَهُ: ٱعْتَنِ بِهِ، وَمَهْمَا أَنْفَقْتَ أَكْثَرَ فَعِنْدَ رُجُوعِي أُوفِيكَ.,"Keesokan harinya, orang Samaria itu mengeluarkan uang 2 dinar dan memberikannya kepada penjaga penginapan itu dengan berkata, ‘Rawatlah orang yang terluka ini. Dan, berapa pun kamu menghabiskan uang untuknya, aku akan menggantinya saat aku kembali.’”","Esok harinya ia mengambil dua dinar dan memberikannya kepada pemilik penginapan itu sambil berkata, ‘Rawatlah orang ini. Kalau aku kembali, akan kubayar semua yang kaupakai untuk keperluannya.’",
Lukas,10,36,Lukas 10:36,فَأَيَّ هَؤُلَاءِ ٱلثَّلَاثَةِ تَرَى صَارَ قَرِيبًا لِلَّذِي وَقَعَ بَيْنَ ٱللُّصُوصِ؟».,"Lalu, Yesus berkata, “Menurutmu, siapakah di antara ketiga orang itu yang menjadi sesama manusia dari orang yang jatuh ke tangan para perampok itu?”","Dari antara ketiga orang itu, menurut pendapatmu, manakah sesama manusia dari orang yang dirampok oleh para penyamun itu?”",
Lukas,10,37,Lukas 10:37,فَقَالَ: «ٱلَّذِي صَنَعَ مَعَهُ ٱلرَّحْمَةَ». فَقَالَ لَهُ يَسُوعُ: «ٱذْهَبْ أَنْتَ أَيْضًا وَٱصْنَعْ هَكَذَا».,"Jawab ahli Taurat itu, “Orang yang menunjukkan belas kasihan kepadanya.” Lalu, kata Yesus, “Pergilah, dan lakukanlah hal yang sama.”","Jawab ahli Kitab Suci Taurat itu, “Orang yang menunjukkan belas kasihan terhadap orang yang dirampok itu.” Sabda Isa, “Pergilah dan lakukanlah begitu juga.”",
Lukas,10,38,Lukas 10:38,وَفِيمَا هُمْ سَائِرُونَ دَخَلَ قَرْيَةً، فَقَبِلَتْهُ ٱمْرَأَةٌ ٱسْمُهَا مَرْثَا فِي بَيْتِهَا.,"Ketika mereka dalam perjalanan, Yesus masuk ke sebuah desa dan seorang perempuan bernama Marta menyambut Yesus di rumahnya.","Ketika sedang dalam perjalanan, Isa dan pengikut-pengikut-Nya tiba di sebuah kampung. Seorang perempuan bernama Marta menerima Dia di rumahnya.",
Lukas,10,39,Lukas 10:39,وَكَانَتْ لِهَذِهِ أُخْتٌ تُدْعَى مَرْيَمَ، ٱلَّتِي جَلَسَتْ عِنْدَ قَدَمَيْ يَسُوعَ وَكَانَتْ تَسْمَعُ كَلَامَهُ.,Marta mempunyai saudara perempuan bernama Maria yang duduk di dekat kaki Yesus dan mendengarkan pengajaran Yesus.,Marta mempunyai seorang saudara perempuan bernama Maryam. Saudaranya itu duduk di dekat kaki Isa sambil mendengarkan Isa berbicara.,
Lukas,10,40,Lukas 10:40,وَأَمَّا مَرْثَا فَكَانَتْ مُرْتَبِكَةً فِي خِدْمَةٍ كَثِيرَةٍ. فَوَقَفَتْ وَقَالَتْ: «يَارَبُّ، أَمَا تُبَالِي بِأَنَّ أُخْتِي قَدْ تَرَكَتْنِي أَخْدُمُ وَحْدِي؟ فَقُلْ لَهَا أَنْ تُعِينَنِي!».,"Akan tetapi, Marta terlalu sibuk mengerjakan semua pekerjaan yang harus diselesaikan. Marta pun mendekat pada Yesus dan berkata, “Tuhan, tidak pedulikah Engkau bahwa saudara perempuanku membiarkan aku melakukan semua pekerjaan ini sendirian? Suruhlah dia membantuku!”","Tetapi, Marta sibuk sekali melayani. Ia datang kepada Isa dan berkata, “Ya Junjungan, mengapa Junjungan tidak peduli kalau saudaraku itu membiarkan aku melayani seorang diri? Tolong, suruh dia membantu aku.”",
Lukas,10,41,Lukas 10:41,فَأَجَابَ يَسُوعُ وَقَالَ لَها: «مَرْثَا، مَرْثَا، أَنْتِ تَهْتَمِّينَ وَتَضْطَرِبِينَ لِأَجْلِ أُمُورٍ كَثِيرَةٍ،,"Akan tetapi, Tuhan menjawabnya, “Marta, Marta, kamu khawatir dan memusingkan diri dengan banyak hal.","Isa, Sang Junjungan, menjawab, “Marta, Marta, engkau khawatir dan menyibukkan diri dengan banyak hal.",
Lukas,10,42,Lukas 10:42,وَلَكِنَّ ٱلْحَاجَةَ إِلَى وَاحِدٍ. فَٱخْتَارَتْ مَرْيَمُ ٱلنَّصِيبَ ٱلصَّالِحَ ٱلَّذِي لَنْ يُنْزَعَ مِنْهَا».,"Hanya satu hal yang penting. Maria sudah memilih bagian yang lebih baik, dan bagiannya itu tidak akan pernah diambil darinya.”","Tetapi, hanya satu hal yang perlu, dan Maryam telah memilih yang terbaik, yang tidak akan diambil darinya.”",
Lukas,11,1,Lukas 11:1,وَإِذْ كَانَ يُصَلِّي فِي مَوْضِعٍ، لَمَّا فَرَغَ، قَالَ وَاحِدٌ مِنْ تَلَامِيذِهِ: «يَارَبُّ، عَلِّمْنَا أَنْ نُصَلِّيَ كَمَا عَلَّمَ يُوحَنَّا أَيْضًا تَلَامِيذَهُ».,"Pada suatu hari, Yesus berdoa di suatu tempat. Ketika Dia selesai berdoa, seorang dari murid-murid-Nya berkata kepada-Nya, “Tuhan, ajarilah kami berdoa sama seperti Yohanes mengajar murid-muridnya.”","Pada suatu kali, Isa sedang berdoa di suatu tempat. Setelah Ia selesai berdoa, salah seorang pengikut-Nya berkata kepada-Nya, “Ya Junjungan, ajarilah kami berdoa seperti Yahya mengajari pengikut-pengikutnya.”",
Lukas,11,2,Lukas 11:2,فَقَالَ لَهُمْ: «مَتَى صَلَّيْتُمْ فَقُولُوا: أَبَانَا ٱلَّذِي فِي ٱلسَّمَاوَاتِ، لِيَتَقَدَّسِ ٱسْمُكَ، لِيَأْتِ مَلَكُوتُكَ، لِتَكُنْ مَشِيئَتُكَ كَمَا فِي ٱلسَّمَاءِ كَذَلِكَ عَلَى ٱلْأَرْضِ.,"Kemudian Yesus berkata kepada mereka, “Ketika kamu berdoa, katakanlah: ‘Bapa, dikuduskanlah nama-Mu. Datanglah kerajaan-Mu.","Sabda Isa kepadanya, “Jikalau kamu berdoa, katakanlah begini, ‘Ya Bapa, sucilah nama-Mu. Datanglah kerajaan-Mu.",
Lukas,11,3,Lukas 11:3,خُبْزَنَا كَفَافَنَا أَعْطِنَا كُلَّ يَوْمٍ،,"Berikanlah kepada kami makanan yang secukupnya setiap hari,",Berikanlah kepada kami setiap harinya makanan secukupnya.,
Lukas,11,4,Lukas 11:4,وَٱغْفِرْ لَنَا خَطَايَانَا لِأَنَّنَا نَحْنُ أَيْضًا نَغْفِرُ لِكُلِّ مَنْ يُذْنِبُ إِلَيْنَا، وَلَا تُدْخِلْنَا فِي تَجْرِبَةٍ لَكِنْ نَجِّنَا مِنَ ٱلشِّرِّيرِ».,"dan ampunilah dosa-dosa kami sebab kami sendiri juga mengampuni setiap orang yang bersalah kepada kami. Dan, janganlah membawa kami ke dalam pencobaan.’”","Ampunilah kami karena dosa-dosa kami seperti kami pun mengampuni orang yang bersalah kepada kami, dan janganlah bawa kami ke dalam pencobaan.’”",
Lukas,11,5,Lukas 11:5,ثُمَّ قَالَ لَهُمْ: «مَنْ مِنْكُمْ يَكُونُ لَهُ صَدِيقٌ، وَيَمْضِي إِلَيْهِ نِصْفَ ٱللَّيْلِ، وَيَقُولُ لَهُ يَا صَدِيقُ، أَقْرِضْنِي ثَلَاثَةَ أَرْغِفَةٍ،,"Kemudian Yesus berkata kepada mereka, “Seandainya salah satu dari kamu memiliki seorang teman dan kamu pergi ke rumah temanmu itu pada tengah malam dengan berkata kepadanya, ‘Teman, pinjamkan aku tiga roti,","Lalu, Isa bersabda kepada mereka, “Seandainya salah satu di antaramu mempunyai seorang sahabat. Pada tengah malam ia pergi kepada sahabatnya itu dan berkata, ‘Sahabat, tolong pinjamkan kepadaku tiga roti.",
Lukas,11,6,Lukas 11:6,لِأَنَّ صَدِيقًا لِي جَاءَنِي مِنْ سَفَرٍ، وَلَيْسَ لِي مَا أُقَدِّمُ لَهُ.,"karena seorang temanku yang sedang melakukan perjalanan singgah di rumahku, tetapi aku tidak punya apa-apa di rumah untuk ditawarkan kepadanya.’",Aku kedatangan seorang kawan yang sedang dalam perjalanan dan aku tidak mempunyai apa-apa untuk dihidangkan kepadanya.’,
Lukas,11,7,Lukas 11:7,فَيُجِيبَ ذَلِكَ مِنْ دَاخِلٍ وَيَقُولَ: لَا تُزْعِجْنِي! اَلْبَابُ مُغْلَقٌ ٱلْآنَ، وَأَوْلَادِي مَعِي فِي ٱلْفِرَاشِ. لَا أَقْدِرُ أَنْ أَقُومَ وَأُعْطِيَكَ.,"Lalu, temanmu dari dalam rumah menjawab, ‘Jangan ganggu aku! Pintu sudah terkunci dan aku beserta anak-anakku sudah di tempat tidur. Aku tidak bisa bangun untuk memberi apa pun kepadamu.’","Lalu, sahabatnya itu menjawab dari dalam rumahnya, ‘Tolonglah, jangan menyusahkan aku. Pintu sudah terkunci dan aku bersama anak-anakku sudah tidur. Aku tak dapat bangun untuk memberikan roti itu kepadamu.’",
Lukas,11,8,Lukas 11:8,أَقُولُ لَكُمْ: وَإِنْ كَانَ لَا يَقُومُ وَيُعْطِيهِ لِكَوْنِهِ صَدِيقَهُ، فَإِنَّهُ مِنْ أَجْلِ لَجَاجَتِهِ يَقُومُ وَيُعْطِيهِ قَدْرَ مَا يَحْتَاجُ.,"Aku mengatakan kepadamu bahwa meskipun temanmu itu tidak bangun dan memberikan sesuatu kepadamu karena kamu sahabatnya, tetapi karena kamu terus memohon, ia pasti akan bangun dan memberimu apa yang kamu perlukan.","Aku berkata kepadamu, sekalipun ia tidak mau bangun untuk memberikan roti itu kepadanya karena orang itu adalah sahabatnya, pada akhirnya ia akan bangun juga dan memberikan kepadanya sebanyak yang diperlukannya karena orang itu terus saja merengek-rengek meminta.",
Lukas,11,9,Lukas 11:9,وَأَنَا أَقُولُ لَكُمُ: ٱسْأَلُوا تُعْطَوْا، اُطْلُبُوا تَجِدُوا، اِقْرَعُوا يُفْتَحْ لَكُمْ.,"Jadi, Aku mengatakan kepadamu mintalah, kamu akan menerima. Carilah, kamu akan menemukan. Ketuklah, pintu akan dibukakan bagimu.","Oleh karena itu, aku berkata kepadamu: Mintalah maka akan diberikan kepadamu; carilah maka kamu akan mendapat; ketuklah pintu maka pintu akan dibukakan untukmu.",
Lukas,11,10,Lukas 11:10,لِأَنَّ كُلَّ مَنْ يَسْأَلُ يَأْخُذُ، وَمَنْ يَطْلُبُ يَجِدُ، وَمَنْ يَقْرَعُ يُفْتَحُ لَهُ.,"Sebab siapa pun yang meminta akan menerima. Siapa pun yang mencari akan menemukan. Dan siapa pun yang mengetuk, pintu akan dibukakan baginya.","Karena setiap orang yang meminta akan menerima, orang yang mencari akan mendapat, dan orang yang mengetuk pintu, baginya pintu akan dibukakan.",
Lukas,11,11,Lukas 11:11,فَمَنْ مِنْكُمْ، وَهُوَ أَبٌ، يَسْأَلُهُ ٱبْنُهُ خُبْزًا، أَفَيُعْطِيهِ حَجَرًا؟ أَوْ سَمَكَةً، أَفَيُعْطِيهِ حَيَّةً بَدَلَ ٱلسَّمَكَةِ؟,Adakah seorang ayah di antaramu yang akan memberikan ular kepada anaknya jika ia meminta ikan?,Adakah seorang bapak di antara kamu yang memberikan batu kepada anaknya jika ia meminta roti? Atau memberinya ular jika ia meminta ikan?,
Lukas,11,12,Lukas 11:12,أَوْ إِذَا سَأَلَهُ بَيْضَةً، أَفَيُعْطِيهِ عَقْرَبًا؟,"Atau memberinya kalajengking, jika ia minta telur?",Atau memberinya kalajengking jika ia meminta telur?,
Lukas,11,13,Lukas 11:13,فَإِنْ كُنْتُمْ وَأَنْتُمْ أَشْرَارٌ تَعْرِفُونَ أَنْ تُعْطُوا أَوْلَادَكُمْ عَطَايَا جَيِّدَةً، فَكَمْ بِٱلْحَرِيِّ ٱلْآبُ ٱلَّذِي مِنَ ٱلسَّمَاءِ، يُعْطِي ٱلرُّوحَ ٱلْقُدُسَ لِلَّذِينَ يَسْأَلُونَهُ؟».,"Jika kamu yang jahat tahu bagaimana memberi pemberian yang baik kepada anak-anakmu, apalagi Bapamu yang di surga. Ia akan memberikan Roh Kudus kepada orang-orang yang meminta kepada-Nya.”","Jadi, jika kamu yang jahat tahu memberi apa yang baik kepada anak-anakmu, terlebih lagi Bapamu yang di surga! Ia akan memberikan Ruh Yang Mahasuci kepada setiap orang yang memohon kepada-Nya.”",
Lukas,11,14,Lukas 11:14,وَكَانَ يُخْرِجُ شَيْطَانًا، وَكَانَ ذَلِكَ أَخْرَسَ. فَلَمَّا أُخْرِجَ ٱلشَّيْطَانُ تَكَلَّمَ ٱلْأَخْرَسُ، فَتَعَجَّبَ ٱلْجُمُوعُ.,"Pada suatu hari, Yesus mengusir setan dari seorang laki-laki yang bisu. Setelah setan itu keluar, orang yang tadinya bisu itu dapat berbicara dan orang banyak menjadi heran.","Pada suatu kali, Isa mengusir setan bisu dari seseorang. Setelah setan itu keluar, orang itu dapat berbicara lagi. Orang banyak pun menjadi heran melihat hal itu.",
Lukas,11,15,Lukas 11:15,وَأَمَّا قَوْمٌ مِنْهُمْ فَقَالُوا: «بِبَعْلَزَبُولَ رَئِيسِ ٱلشَّيَاطِينِ يُخْرِجُ ٱلشَّيَاطِينَ».,"Akan tetapi, beberapa orang berkata, “Dia mengusir setan dengan kuasa Beelzebul, pemimpin setan.”","Tetapi, salah seorang dari antara mereka berkata, “Dengan kuasa Baalzebul, pemimpin para setan, Ia mengusir setan-setan itu.”",
Lukas,11,16,Lukas 11:16,وَآخَرُونَ طَلَبُوا مِنْهُ آيَةً مِنَ ٱلسَّمَاءِ يُجَرِّبُونَهُ.,"Beberapa orang lainnya mau menguji Yesus, mereka meminta Dia menunjukkan suatu tanda dari surga.",Ada juga yang berusaha menjebak Isa dengan meminta kepada-Nya suatu tanda dari surga.,
Lukas,11,17,Lukas 11:17,فَعَلِمَ أَفْكَارَهُمْ، وَقَالَ لَهُمْ: «كُلُّ مَمْلَكَةٍ مُنْقَسِمَةٍ عَلَى ذَاتِهَا تَخْرَبُ، وَبَيْتٍ مُنْقَسِمٍ عَلَى بَيْتٍ يَسْقُطُ.,"Akan tetapi, Yesus tahu apa yang mereka pikirkan dan berkata kepada mereka, “Setiap kerajaan yang terpecah-pecah dan saling menyerang akan hancur. Dan, keluarga yang anggota-anggotanya saling bermusuhan akan runtuh.","Tetapi, Isa mengetahui pikiran mereka. Maka, bersabdalah Ia kepada mereka, “Jika dalam suatu kerajaan terjadi perselisihan, maka kerajaan itu akan runtuh, dan jika anggota-anggota keluarga saling berselisih, maka keluarga itu pun akan berantakan.",
Lukas,11,18,Lukas 11:18,فَإِنْ كَانَ ٱلشَّيْطَانُ أَيْضًا يَنْقَسِمُ عَلَى ذَاتِهِ، فَكَيْفَ تَثْبُتُ مَمْلَكَتُهُ؟ لِأَنَّكُمْ تَقُولُونَ: إِنِّي بِبَعْلَزَبُولَ أُخْرِجُ ٱلشَّيَاطِينَ.,"Jadi, jika Iblis juga terpecah-pecah dan melawan dirinya sendiri, bagaimana mungkin kerajaannya dapat tetap bertahan? Aku mengatakan demikian karena kamu mengatakan bahwa Aku memakai kuasa Beelzebul untuk mengusir setan-setan.","Kalau kerajaan Iblis terpecah-belah dalam kelompok-kelompok dan saling berperang, masakan kerajaan itu dapat bertahan? Kamu berkata bahwa Aku mengusir setan dengan kuasa Baalzebul.",
Lukas,11,19,Lukas 11:19,فَإِنْ كُنْتُ أَنَا بِبَعْلَزَبُولَ أُخْرِجُ ٱلشَّيَاطِينَ، فَأَبْنَاؤُكُمْ بِمَنْ يُخْرِجُونَ؟ لِذَلِكَ هُمْ يَكُونُونَ قُضَاتَكُمْ!,"Jika Aku mengusir setan-setan dengan Beelzebul, dengan kuasa siapakah anak-anakmu mengusir mereka? Karena itu, merekalah yang akan menjadi hakimmu.","Lagi pula, jika Aku mengusir setan-setan dengan kuasa Baalzebul, dengan kuasa siapakah para pengikutmu mengusirnya? Sebab itu, merekalah yang akan menjadi hakim bagimu.",
Lukas,11,20,Lukas 11:20,وَلَكِنْ إِنْ كُنْتُ بِأَصْبِعِ ٱللهِ أُخْرِجُ ٱلشَّيَاطِينَ، فَقَدْ أَقْبَلَ عَلَيْكُمْ مَلَكُوتُ ٱللهِ.,"Akan tetapi, jika Aku memakai kuasa Allah untuk mengusir setan, Kerajaan Allah sudah datang kepadamu.","Tetapi, jika Aku mengusir setan-setan dengan kuasa dari Allah, itu berarti bahwa Kerajaan Allah sudah datang menaungimu.",
Lukas,11,21,Lukas 11:21,حِينَمَا يَحْفَظُ ٱلْقَوِيُّ دَارَهُ مُتَسَلِّحًا،تَكُونُ أَمْوَالُهُ فِي أَمَانٍ.,"Jika seorang yang kuat dengan bersenjata lengkap menjaga istananya sendiri, harta bendanya pasti dalam keadaan aman.","Jikalau seorang yang kuat menjaga rumahnya dengan bersenjata lengkap, harta miliknya akan aman.",
Lukas,11,22,Lukas 11:22,وَلَكِنْ مَتَى جَاءَ مَنْ هُوَ أَقْوَى مِنْهُ فَإِنَّهُ يَغْلِبُهُ، وَيَنْزِعُ سِلَاحَهُ ٱلْكَامِلَ ٱلَّذِي ٱتَّكَلَ عَلَيْهِ، وَيُوَزِّعُ غَنَائِمَهُ.,"Namun, jika ada orang yang lebih kuat darinya hendak menyerang dan mengalahkannya, maka orang yang lebih kuat itu harus merampas senjata-senjata yang diandalkan oleh orang itu dan membagi-bagikan harta rampasannya.","Tetapi, kalau seorang yang lebih kuat dari dia datang menyerang dan mengalahkannya, maka semua senjata yang diandalkannya itu akan diambil dan harta miliknya dirampas, lalu dibagi-bagikan.",
Lukas,11,23,Lukas 11:23,مَنْ لَيْسَ مَعِي فَهُوَ عَلَيَّ، وَمَنْ لَا يَجْمَعُ مَعِي فَهُوَ يُفَرِّقُ.,"Siapa pun yang tidak berada di pihak-Ku, ia melawan Aku. Dan, siapa pun yang tidak mengumpulkan bersama Aku, ia mencerai-beraikan.”","Orang yang tidak bersama Aku berarti melawan Aku, dan orang yang tidak mengumpulkan bersama Aku berarti mencerai-beraikan.”",
Lukas,11,24,Lukas 11:24,مَتَى خَرَجَ ٱلرُّوحُ ٱلنَّجِسُ مِنَ ٱلْإِنْسَانِ، يَجْتَازُ فِي أَمَاكِنَ لَيْسَ فِيهَا مَاءٌ يَطْلُبُ رَاحَةً، وَإِذْ لَا يَجِدُ يَقُولُ: أَرْجِعُ إِلَى بَيْتِي ٱلَّذِي خَرَجْتُ مِنْهُ.,"“Apabila roh najis keluar dari tubuh seseorang, roh itu akan berkeliling melewati tempat-tempat yang kering untuk mencari tempat beristirahat, tetapi ia tidak menemukannya. Karena itu, ia berkata, ‘Aku akan kembali ke rumah yang telah kutinggalkan.’","“Apabila setan keluar dari seseorang, setan itu akan mengembara ke tempat-tempat yang gersang untuk mencari tempat peristirahatannya; dan karena ia tidak menemukannya juga, maka setan itu berkata, ‘Aku akan kembali ke rumahku yang pernah kutinggalkan.’",
Lukas,11,25,Lukas 11:25,فَيَأْتِي وَيَجِدُهُ مَكْنُوسًا مُزَيَّنًا.,"Ketika ia kembali, ia menemukan rumah itu dalam keadaan tersapu bersih dan teratur rapi.","Tetapi, ketika ia kembali, didapatinya tempat itu sudah bersih tersapu dan rapi teratur.",
Lukas,11,26,Lukas 11:26,ثُمَّ يَذْهَبُ وَيَأْخُذُ سَبْعَةَ أَرْوَاحٍ أُخَرَ أَشَرَّ مِنْهُ، فَتَدْخُلُ وَتَسْكُنُ هُنَاكَ، فَتَصِيرُ أَوَاخِرُ ذَلِكَ ٱلْإِنْسَانِ أَشَرَّ مِنْ أَوَائِلِهِ!».,"Kemudian, roh najis itu pergi dan mengajak tujuh roh yang lebih jahat darinya untuk masuk dan tinggal di rumah itu sehingga keadaan orang itu menjadi jauh lebih buruk daripada sebelumnya.”","Karena itu, pergilah setan itu dan mengajak tujuh setan lainnya yang lebih jahat daripadanya. Kemudian, setan-setan itu masuk dan tinggal di situ. Akhirnya keadaan orang itu akan lebih parah daripada keadaannya yang semula.”",
Lukas,11,27,Lukas 11:27,وَفِيمَا هُوَ يَتَكَلَّمُ بِهَذَا، رَفَعَتِ ٱمْرَأَةٌ صَوْتَهَا مِنَ ٱلْجَمْعِ وَقَالَتْ لَهُ: «طُوبَى لِلْبَطْنِ ٱلَّذِي حَمَلَكَ وَٱلثَّدْيَيْنِ ٱللَّذَيْنِ رَضِعْتَهُمَا».,"Ketika Yesus mengatakan ini, seorang perempuan yang berada di tengah-tengah orang banyak berseru, “Diberkatilah rahim yang telah melahirkan Engkau dan buah dada yang menyusui Engkau.”","Sementara Isa masih berbicara, seorang perempuan dari antara orang banyak itu berseru kepada-Nya, “Berbahagialah ibu yang melahirkan dan menyusui Engkau.”",
Lukas,11,28,Lukas 11:28,أَمَّا هُوَ فَقَالَ: «بَلْ طُوبَى لِلَّذِينَ يَسْمَعُونَ كَلَامَ ٱللهِ وَيَحْفَظُونَهُ».,"Akan tetapi, Yesus berkata, “Berbahagialah orang-orang yang mendengarkan firman Allah dan menaatinya.”","Tetapi, Isa bersabda, “Lebih berbahagia lagi orang yang mendengarkan firman Allah dan melakukannya.”",
Lukas,11,29,Lukas 11:29,وَفِيمَا كَانَ ٱلْجُمُوعُ مُزْدَحِمِينَ، ٱبْتَدَأَ يَقُولُ: «هَذَا ٱلْجِيلُ شِرِّيرٌ. يَطْلُبُ آيَةً، وَلَا تُعْطَى لَهُ آيَةٌ إِلَّا آيَةُ يُونَانَ ٱلنَّبِيِّ.,"Ketika orang-orang yang berkumpul semakin banyak, Yesus berkata, “Generasi ini adalah generasi yang jahat; mereka menuntut suatu tanda, tetapi tidak satu tanda pun yang akan ditunjukkan kepada mereka selain tanda Yunus .","Ketika semakin banyak orang yang datang mengerumuni Isa, bersabdalah Ia, “Orang-orang zaman ini adalah generasi yang jahat. Mereka mencari suatu tanda ajaib, tetapi tanda itu tidak akan diberikan kepada mereka, selain tanda Nabi Yunus.",
Lukas,11,30,Lukas 11:30,لِأَنَّهُ كَمَا كَانَ يُونَانُ آيَةً لِأَهْلِ نِينَوَى، كَذَلِكَ يَكُونُ ٱبْنُ ٱلْإِنْسَانِ أَيْضًا لِهَذَا ٱلْجِيلِ.,"Seperti Yunus yang menjadi tanda bagi orang-orang Niniwe , demikianlah Anak Manusia akan menjadi tanda bagi generasi ini.”","Karena sama seperti Yunus menjadi tanda bagi orang-orang Niniwe, begitu juga Anak Manusia menjadi tanda bagi orang-orang zaman ini.",
Lukas,11,31,Lukas 11:31,مَلِكَةُ ٱلتَّيْمَنِ سَتَقُومُ فِي ٱلدِّينِ مَعَ رِجَالِ هَذَا ٱلْجِيلِ وَتَدِينُهُمْ، لِأَنَّهَا أَتَتْ مِنْ أَقَاصِي ٱلْأَرْضِ لِتَسْمَعَ حِكْمَةَ سُلَيْمَانَ، وَهُوَذَا أَعْظَمُ مِنْ سُلَيْمَانَ هَهُنَا!,"“Pada hari kiamat, Ratu dari Selatan akan bangkit bersama orang-orang dari generasi ini dan ia akan menghukum mereka karena ia datang dari ujung bumi untuk mendengarkan hikmat Salomo, sedangkan di sini ada seseorang yang lebih besar daripada Salomo.","Pada hari kiamat, Ratu Sheba dari Selatan itu akan dibangkitkan bersama-sama dengan orang-orang dalam generasi ini dan akan menghakimi mereka. Karena ratu dari ujung bumi itu dengan sengaja datang untuk mendengarkan hikmah Nabi Sulaiman. Sedangkan di sini ada yang lebih agung daripada Sulaiman.",
Lukas,11,32,Lukas 11:32,رِجَالُ نِينَوَى سَيَقُومُونَ فِي ٱلدِّينِ مَعَ هَذَا ٱلْجِيلِ وَيَدِينُونَهُ، لِأَنَّهُمْ تَابُوا بِمُنَادَاةِ يُونَانَ، وَهُوَذَا أَعْظَمُ مِنْ يُونَانَ هَهُنَا!,"Pada hari kiamat, orang-orang Niniwe akan bangkit bersama generasi ini dan menghukumnya, karena orang-orang Niniwe bertobat ketika Yunus berkhotbah di hadapan mereka, sedangkan di sini ada seseorang yang lebih besar daripada Yunus.”","Pada hari kiamat orang-orang Niniwe akan bangkit bersama-sama dengan orang-orang zaman ini dan mereka akan mempersalahkan orang-orang zaman ini. Karena setelah mendengar ajaran-ajaran Yunus, orang-orang Niniwe itu bertobat, sedangkan di sini ada yang lebih agung daripada Yunus!”",
Lukas,11,33,Lukas 11:33,«لَيْسَ أَحَدٌ يُوقِدُ سِرَاجًا وَيَضَعُهُ فِي خِفْيَةٍ، وَلَا تَحْتَ ٱلْمِكْيَالِ، بَلْ عَلَى ٱلْمَنَارَةِ، لِكَيْ يَنْظُرَ ٱلدَّاخِلُونَ ٱلنُّورَ.,"“Tidak seorang pun yang setelah menyalakan pelita, akan menaruh pelita itu di tempat yang tersembunyi atau di bawah gantang. Sebaliknya, mereka meletakkan pelita itu di kaki pelita sehingga orang-orang yang masuk dapat melihat cahayanya.","“Tidak ada orang yang menyalakan pelita, lalu menyembunyikannya di kolong rumah atau di bawah gantang yang tertelungkup. Sebaliknya, ia akan menaruhnya pada kaki pelita supaya orang yang masuk ke dalam rumah itu dapat melihat terangnya.",
Lukas,11,34,Lukas 11:34,سِرَاجُ ٱلْجَسَدِ هُوَ ٱلْعَيْنُ، فَمَتَى كَانَتْ عَيْنُكَ بَسِيطَةً فَجَسَدُكَ كُلُّهُ يَكُونُ نَيِّرًا، وَمَتَى كَانَتْ شِرِّيرَةً فَجَسَدُكَ يَكُونُ مُظْلِمًا.,"Mata adalah pelita tubuhmu. Jika matamu baik, seluruh tubuhmu akan dipenuhi dengan terang. Akan tetapi, jika matamu jahat, seluruh tubuhmu akan dipenuhi kegelapan.","Mata adalah pelita tubuh. Sebab itu, jika matamu baik, maka teranglah seluruh tubuhmu. Tetapi, jika matamu jahat, maka gelaplah tubuhmu.",
Lukas,11,35,Lukas 11:35,اُنْظُرْ إِذًا لِئَلَّا يَكُونَ ٱلنُّورُ ٱلَّذِي فِيكَ ظُلْمَةً.,"Karena itu, berhati-hatilah agar terang di dalam dirimu tidak menjadi gelap.","Sebab itu, jagalah baik-baik supaya terang yang ada padamu jangan menjadi gelap.",
Lukas,11,36,Lukas 11:36,فَإِنْ كَانَ جَسَدُكَ كُلُّهُ نَيِّرًا لَيْسَ فِيهِ جُزْءٌ مُظْلِمٌ، يَكُونُ نَيِّرًا كُلُّهُ، كَمَا حِينَمَا يُضِيءُ لَكَ ٱلسِّرَاجُ بِلَمَعَانِهِ».,"Jika tubuhmu dipenuhi dengan terang dan tidak ada bagiannya yang gelap, tubuhmu itu akan terang seluruhnya sama seperti ketika sebuah pelita menerangimu dengan cahayanya.”","Kalau seluruh tubuhmu terang dan tidak ada bagian-bagian yang gelap, maka keseluruhannya akan terang sama seperti pada waktu pelita menyinarimu dengan cahayanya.”",
Lukas,11,37,Lukas 11:37,وَفِيمَا هُوَ يَتَكَلَّمُ سَأَلَهُ فَرِّيسِيٌّ أَنْ يَتَغَدَّى عِنْدَهُ، فَدَخَلَ وَاتَّكَأَ.,"Setelah Yesus selesai berbicara, seorang Farisi mengundang-Nya untuk makan. Dia pun datang, lalu duduk dan makan.","Setelah Isa selesai mengajar, seorang dari mazhab Farisi mengajak Dia makan di rumahnya. Maka, masuklah Isa ke rumah itu, lalu duduk makan di situ.",
Lukas,11,38,Lukas 11:38,وَأَمَّا ٱلْفَرِّيسِيُّ فَلَمَّا رَأَى ذَلِكَ تَعَجَّبَ أَنَّهُ لَمْ يَغْتَسِلْ أَوَّلًا قَبْلَ ٱلْغَدَاءِ.,"Akan tetapi, orang Farisi itu heran ketika melihat Dia tidak mencuci tangan-Nya terlebih dahulu sebelum makan.",Orang dari mazhab Farisi itu heran ketika melihat Isa tidak membasuh tangan-Nya terlebih dahulu sebelum makan.,
Lukas,11,39,Lukas 11:39,فَقَالَ لَهُ ٱلرَّبُّ: «أَنْتُمُ ٱلْآنَ أَيُّهَا ٱلْفَرِّيسِيُّونَ تُنَقُّونَ خَارِجَ ٱلْكَأْسِ وَٱلْقَصْعَةِ، وَأَمَّا بَاطِنُكُمْ فَمَمْلُوءٌ ٱخْتِطَافًا وَخُبْثًا.,"Namun, Tuhan berkata kepadanya, “Orang-orang Farisi sepertimu membersihkan bagian luar cangkir dan piring, tetapi di dalam dirimu penuh dengan keserakahan dan kejahatan.","Oleh karena itu, Isa, Sang Junjungan, bersabda kepadanya, “Hai orang-orang dari mazhab Farisi, kamu membersihkan bagian luar dari cawan dan pingganmu, tetapi di dalam dirimu, kamu penuh dengan rampasan dan kejahatan.",
Lukas,11,40,Lukas 11:40,يَا أَغْبِيَاءُ، أَلَيْسَ ٱلَّذِي صَنَعَ ٱلْخَارِجَ صَنَعَ ٱلدَّاخِلَ أَيْضًا؟,Hai orang-orang bodoh! Bukankah Ia yang membuat bagian luar juga membuat bagian dalam?,"Hai kamu, orang-orang yang bodoh! Bukankah dia yang membuat bagian luar membuat juga bagian dalamnya?",
Lukas,11,41,Lukas 11:41,بَلْ أَعْطُوا مَا عِنْدَكُمْ صَدَقَةً، فَهُوَذَا كُلُّ شَيْءٍ يَكُونُ نَقِيًّا لَكُمْ.,"Karena itu, bagikanlah apa yang ada di dalammu itu sebagai sedekahmu. Dengan demikian, kamu akan benar-benar bersih.",Sedekahkanlah apa yang ada di dalamnya kepada orang-orang miskin maka semuanya akan menjadi bersih bagimu.,
Lukas,11,42,Lukas 11:42,وَلَكِنْ وَيْلٌ لَكُمْ أَيُّهَا ٱلْفَرِّيسِيُّونَ! لِأَنَّكُمْ تُعَشِّرُونَ ٱلنَّعْنَعَ وَٱلسَّذَابَ وَكُلَّ بَقْلٍ، وَتَتَجَاوَزُونَ عَنِ ٱلْحَقِّ وَمَحَبَّةِ ٱللهِ. كَانَ يَنْبَغِي أَنْ تَعْمَلُوا هَذِهِ وَلَا تَتْرُكُوا تِلْكَ.,"Akan tetapi, celakalah kamu, orang-orang Farisi! Sebab, kamu memberi persepuluhan atas hasil selasih , inggu , dan segala macam tanaman kebunmu, tetapi kamu mengabaikan keadilan dan kasih Allah. Seharusnya, kamu melakukan semua hal itu tanpa mengabaikan hal-hal yang lain.","Akan tetapi, celakalah kamu, hai orang-orang dari mazhab Farisi! Kamu membayar kepada Allah sepersepuluh dari selasih, inggu, serta segala jenis sayuran, tetapi keadilan dan kasih kepada Allah tidak kamu hiraukan sama sekali. Hal-hal itu memang patut kamu kerjakan, tetapi yang lainnya jangan sampai dilalaikan.",
Lukas,11,43,Lukas 11:43,وَيْلٌ لَكُمْ أَيُّهَا ٱلْفَرِّيسِيُّونَ! لِأَنَّكُمْ تُحِبُّونَ ٱلْمَجْلِسَ ٱلْأَوَّلَ فِي ٱلْمَجَامِعِ، وَٱلتَّحِيَّاتِ فِي ٱلْأَسْوَاقِ.,"Celakalah kamu, orang-orang Farisi karena kamu suka duduk di tempat yang terbaik di sinagoge dan juga suka menerima hormat di pasar.","Celakalah kamu, hai orang-orang dari mazhab Farisi! Karena kamu menyukai tempat terhormat di rumah-rumah ibadah dan kamu menyukai ucapan salam dari orang di pasar-pasar.",
Lukas,11,44,Lukas 11:44,وَيْلٌ لَكُمْ أَيُّهَا ٱلْكَتَبَةُ وَٱلْفَرِّيسِيُّونَ ٱلْمُرَاؤُونَ! لِأَنَّكُمْ مِثْلُ ٱلْقُبُورِ ٱلْمُخْتَفِيَةِ، وَٱلَّذِينَ يَمْشُونَ عَلَيْهَا لَا يَعْلَمُونَ!».,"Celakalah kamu karena kamu seperti kuburan yang tak bertanda, yang diinjak-injak orang tanpa mereka sadari.”",Celakalah kamu! Kamu seperti kuburan tanpa tanda sehingga orang yang berjalan di atasnya tidak menyadari bahwa mereka berjalan di atas kuburan.”,
Lukas,11,45,Lukas 11:45,فَأجَابَ وَاحِدٌ مِنَ ٱلنَّامُوسِيِّينَ وَقالَ لَهُ: «يَا مُعَلِّمُ، حِينَ تَقُولُ هَذَا تَشْتُمُنَا نَحْنُ أَيْضًا!».,"Kemudian, salah seorang ahli Taurat berkata kepada Yesus, “Guru, ketika Engkau mengatakan hal-hal ini, Engkau juga menghina kami.”","Seorang ahli Kitab Suci Taurat menjawab, “Guru, dengan berkata seperti itu Guru mencela kami juga!”",
Lukas,11,46,Lukas 11:46,فَقَالَ: «وَوَيْلٌ لَكُمْ أَنْتُمْ أَيُّهَا ٱلنَّامُوسِيُّونَ! لِأَنَّكُمْ تُحَمِّلُونَ ٱلنَّاسَ أَحْمَالًا عَسِرَةَ ٱلْحَمْلِ وَأَنْتُمْ لَا تَمَسُّونَ ٱلْأَحْمَالَ بِإِحْدَى أَصَابِعِكُمْ.,"Namun, Yesus menjawab, “Celakalah kamu, hai ahli-ahli Taurat! Sebab, kamu menaruh beban yang berat untuk dipikul orang lain, tetapi dirimu sendiri tidak mau menyentuh beban itu dengan satu jari pun.","Isa bersabda, “Celakalah kamu juga, hai ahli-ahli Kitab Suci Taurat! Kamu menaruh tanggungan berat yang sukar dipikul di pundak orang, padahal kamu tidak mau menyentuh tanggungan itu dengan satu jari pun.",
Lukas,11,47,Lukas 11:47,وَيْلٌ لَكُمْ! لِأَنَّكُمْ تَبْنُونَ قُبُورَ ٱلْأَنْبِيَاءِ، وَآبَاؤُكُمْ قَتَلُوهُمْ.,Celakalah kamu karena membangun makam untuk nabi-nabi yang dibunuh oleh nenek moyangmu.,"Celakalah kamu! Kamu membangun makam-makam untuk nabi-nabi, padahal nenek moyangmulah yang membunuh nabi-nabi itu.",
Lukas,11,48,Lukas 11:48,إِذًا تَشْهَدُونَ وَتَرْضَوْنَ بِأَعْمَالِ آبَائِكُمْ، لِأَنَّهُمْ هُمْ قَتَلُوهُمْ وَأَنْتُمْ تَبْنُونَ قُبُورَهُمْ.,"Bahkan, kamu menyatakan kepada semua orang bahwa kamu mengakui perbuatan nenek moyangmu; merekalah yang membunuh nabi-nabi itu, tetapi kamu yang membangun kuburannya.","Dengan demikian, kamu sendiri mengaku bahwa kamu setuju dengan apa yang diperbuat oleh nenek moyangmu itu sebab mereka membunuh nabi-nabi itu dan kamu membangun makam mereka.",
Lukas,11,49,Lukas 11:49,لِذَلِكَ أَيْضًا قَالَتْ حِكْمَةُ ٱللهِ: إِنِّي أُرْسِلُ إِلَيْهِمْ أَنْبِيَاءَ وَرُسُلًا، فَيَقْتُلُونَ مِنْهُمْ وَيَطْرُدُونَ،,"Inilah sebabnya, Allah dalam hikmat-Nya berkata, ‘Aku akan mengutus nabi-nabi dan rasul-rasul kepada mereka, tetapi beberapa dari orang-orang yang Kuutus itu akan dibunuh dan disiksa,’","Oleh karena itu, Allah dengan hikmah-Nya bersabda, ‘Aku akan mengutus nabi-nabi dan rasul-rasul kepada mereka, tetapi sebagian dari nabi-nabi dan rasul-rasul itu akan dibunuh dan dianiaya oleh mereka.’",
Lukas,11,50,Lukas 11:50,لِكَيْ يُطْلَبَ مِنْ هَذَا ٱلْجِيلِ دَمُ جَمِيعِ ٱلْأَنْبِيَاءِ ٱلْمُهْرَقُ مُنْذُ إِنْشَاءِ ٱلْعَالَمِ،,"supaya darah semua nabi, yang tertumpah sejak dunia diciptakan, dapat dituntut dari generasi ini,","Hal itu terjadi supaya darah semua nabi sejak dunia ini diciptakan akan dituntut dari orang-orang zaman ini,",
Lukas,11,51,Lukas 11:51,مِنْ دَمِ هَابِيلَ إِلَى دَمِ زَكَرِيَّا ٱلَّذِي أُهْلِكَ بَيْنَ ٱلْمَذْبَحِ وَٱلْبَيْتِ. نَعَمْ، أَقُولُ لَكُمْ: إِنَّهُ يُطْلَبُ مِنْ هَذَا ٱلْجِيلِ!,"mulai dari darah Habel sampai darah Zakharia , yang dibunuh di antara mazbah dan Bait Allah. Ya, Aku berkata kepadamu bahwa generasi ini akan bertanggung jawab terhadap hal ini.","mulai dari darah Habil sampai darah Zakharia yang mati di antara tempat pembakaran kurban dan bangunan Bait Allah. Aku berkata kepadamu, hal itu akan dituntut dari orang-orang dalam generasi ini.",
Lukas,11,52,Lukas 11:52,وَيْلٌ لَكُمْ أَيُّهَا ٱلنَّامُوسِيُّونَ! لِأَنَّكُمْ أَخَذْتُمْ مِفْتَاحَ ٱلْمَعْرِفَةِ. مَا دَخَلْتُمْ أَنْتُمْ، وَٱلدَّاخِلُونَ مَنَعْتُمُوهُمْ».,"Celakalah kamu, hai ahli-ahli Taurat! Sebab kamu telah mengambil kunci pengetahuan, tetapi kamu sendiri tidak mau masuk dan menghalang-halangi orang lain untuk masuk.”","Celakalah kamu, hai ahli-ahli Kitab Suci Taurat! Karena kamu telah mengambil kunci pengetahuan, tetapi kamu sendiri tidak mau masuk dan orang yang hendak masuk pun kamu halangi.”",
Lukas,11,53,Lukas 11:53,وَفِيمَا هُوَ يُكَلِّمُهُمْ بِهَذَا، ٱبْتَدَأَ ٱلْكَتَبَةُ وَٱلْفَرِّيسِيُّونَ يَحْنَقُونَ جِدًّا، وَيُصَادِرُونَهُ عَلَى أُمُورٍ كَثِيرَةٍ،,"Setelah Yesus meninggalkan tempat itu, ahli-ahli Taurat dan orang-orang Farisi mulai memusuhi-Nya dan menekan-Nya dengan berbagai pertanyaan.","Setelah Isa meninggalkan tempat itu, para ahli Kitab Suci Taurat dan orang-orang dari mazhab Farisi mulai berusaha memojokkan Dia serta membanjiri-Nya dengan bermacam-macam pertanyaan.",
Lukas,11,54,Lukas 11:54,وَهُمْ يُرَاقِبُونَهُ طَالِبِينَ أَنْ يَصْطَادُوا شَيْئًا مِنْ فَمِهِ لِكَيْ يَشْتَكُوا عَلَيْهِ.,Mereka berkomplot untuk menangkap Yesus dengan perkataan yang diucapkan-Nya.,Mereka memancing-Nya supaya dapat menjebak Dia berdasarkan ucapan-ucapan-Nya.,
Lukas,12,1,Lukas 12:1,وَفِي أَثْنَاءِ ذَلِكَ، إِذِ ٱجْتَمَعَ رَبَوَاتُ ٱلشَّعْبِ، حَتَّى كَانَ بَعْضُهُمْ يَدُوسُ بَعْضًا، ٱبْتَدَأَ يَقُولُ لِتَلَامِيذِهِ: «أَوَّلًا تَحَرَّزُوا لِأَنْفُسِكُمْ مِنْ خَمِيرِ ٱلْفَرِّيسِيِّينَ ٱلَّذِي هُوَ ٱلرِّيَاءُ،,"Sementara itu, ketika ada ribuan orang berkumpul dan mereka saling menginjak, Yesus mulai berbicara kepada para murid lebih dahulu, “Berhati-hatilah terhadap ragi orang-orang Farisi, yaitu kemunafikan.","Sementara itu, ribuan orang sudah berkerumun dan berdesak-desakan. Lalu, Isa mulai mengajar, pertama-tama kepada para pengikut-Nya, sabda-Nya, “Jagalah dirimu terhadap ragi orang-orang dari mazhab Farisi, yaitu terhadap kemunafikan mereka.",
Lukas,12,2,Lukas 12:2,فَلَيْسَ مَكْتُومٌ لَنْ يُسْتَعْلَنَ، وَلَا خَفِيٌّ لَنْ يُعْرَفَ.,"Sebab, tidak ada yang tertutup yang tidak akan dibukakan atau yang tersembunyi yang tidak akan dinyatakan.",Karena apa yang tertutup akan dinyatakan dan apa yang tersembunyi akan diketahui orang.,
Lukas,12,3,Lukas 12:3,لِذَلِكَ كُلُّ مَا قُلْتُمُوهُ فِي ٱلظُّلْمَةِ يُسْمَعُ فِي ٱلنُّورِ، وَمَا كَلَّمْتُمْ بِهِ ٱلْأُذْنَ فِي ٱلْمَخَادِعِ يُنَادَى بِهِ عَلَى ٱلسُّطُوحِ.,"Karena itu, apa yang kamu katakan di dalam gelap akan terdengar di dalam terang dan yang kamu bisikkan di dalam kamar akan diberitakan di atas atap-atap rumah.","Sebab itu, apa yang kamu ucapkan di tempat yang gelap akan didengar orang di tempat yang terang, dan apa yang kamu ucapkan dengan berbisik-bisik di ruangan tertutup, akan diteriakkan dari sotoh rumah.",
Lukas,12,4,Lukas 12:4,وَلَكِنْ أَقُولُ لَكُمْ يَا أَحِبَّائِي: لَا تَخَافُوا مِنَ ٱلَّذِينَ يَقْتُلُونَ ٱلْجَسَدَ، وَبَعْدَ ذَلِكَ لَيْسَ لَهُمْ مَا يَفْعَلُونَ أَكْثَرَ.,"Aku mengatakan kepadamu, hai sahabat-sahabat-Ku, janganlah takut kepada mereka yang dapat membunuh tubuh, tetapi sesudah itu tidak dapat berbuat lebih jauh lagi.","Sahabat-sahabat-Ku, Aku berkata kepadamu, jangan takut kepada orang-orang yang dapat membunuh tubuh, tetapi setelah itu tidak dapat berbuat apa-apa lagi.",
Lukas,12,5,Lukas 12:5,بَلْ أُرِيكُمْ مِمَّنْ تَخَافُونَ: خَافُوا مِنَ ٱلَّذِي بَعْدَمَا يَقْتُلُ، لَهُ سُلْطَانٌ أَنْ يُلْقِيَ فِي جَهَنَّمَ. نَعَمْ، أَقُولُ لَكُمْ: مِنْ هَذَا خَافُوا!,"Namun, Aku akan mengingatkanmu tentang siapa yang harus kamu takuti; takutlah kepada Dia, yang setelah membunuh, juga berkuasa melemparkan kamu ke dalam neraka. Ya, Dialah yang harus kamu takuti.","Aku akan mengatakan kepadamu siapa yang patut kamu takuti. Kamu harus takut kepada Dia yang setelah membunuh tubuh, mempunyai wewenang pula untuk melemparkan orang ke dalam neraka jahanam. Sesungguhnya, Aku berkata kepadamu, Dialah yang harus kamu takuti.",
Lukas,12,6,Lukas 12:6,أَلَيْسَتْ خَمْسَةُ عَصَافِيرَ تُبَاعُ بِفَلْسَيْنِ، وَوَاحِدٌ مِنْهَا لَيْسَ مَنْسِيًّا أَمَامَ ٱللهِ؟,"Bukankah 5 ekor burung pipit dijual hanya seharga 2 keping saja? Namun, tidak seekor pun dari burung-burung itu yang dilupakan di hadapan Allah.","Bukankah burung pipit dijual orang dengan harga dua duit untuk lima ekor? Meskipun demikian, tak seekor pun luput dari perhatian Allah.",
Lukas,12,7,Lukas 12:7,بَلْ شُعُورُ رُؤُوسِكُمْ أَيْضًا جَمِيعُهَا مُحْصَاةٌ. فَلَا تَخَافُوا! أَنْتُمْ أَفْضَلُ مِنْ عَصَافِيرَ كَثِيرَةٍ!,"Bahkan, jumlah rambut di kepalamu pun terhitung. Jangan takut, kamu jauh lebih berharga daripada banyak burung pipit.”","Rambut di kepalamu pun semuanya terhitung. Sebab itu, jangan takut karena kamu lebih berharga daripada banyak burung pipit.",
Lukas,12,8,Lukas 12:8,وَأَقُولُ لَكُمْ: كُلُّ مَنِ ٱعْتَرَفَ بِي قُدَّامَ ٱلنَّاسِ، يَعْتَرِفُ بِهِ ٱبْنُ ٱلْإِنْسَانِ قُدَّامَ مَلَائِكَةِ ٱللهِ.,"“Aku berkata kepadamu, setiap orang yang mengakui Aku di hadapan orang lain, juga akan diakui oleh Anak Manusia di hadapan malaikat-malaikat Allah.","Aku berkata kepadamu, siapa mengakui Aku di hadapan manusia, maka Anak Manusia pun akan mengakuinya di hadapan malaikat-malaikat Allah.",
Lukas,12,9,Lukas 12:9,وَمَنْ أَنْكَرَنِي قُدَّامَ ٱلنَّاسِ، يُنْكَرُ قُدَّامَ مَلَائِكَةِ ٱللهِ.,"Akan tetapi, setiap orang yang menyangkal Aku di depan orang lain juga akan disangkal di hadapan malaikat-malaikat Allah.","Tetapi, orang yang menyangkal Aku di hadapan manusia, maka Anak Manusia pun akan menyangkalnya di hadapan malaikat-malaikat Allah.",
Lukas,12,10,Lukas 12:10,وَكُلُّ مَنْ قَالَ كَلِمَةً عَلَى ٱبْنِ ٱلْإِنْسَانِ يُغْفَرُ لَهُ، وَأَمَّا مَنْ جَدَّفَ عَلَى ٱلرُّوحِ ٱلْقُدُسِ فَلَا يُغْفَرُ لَهُ.,"Dan, siapa pun yang mengatakan sesuatu yang melawan Anak Manusia dapat diampuni, tetapi siapa pun yang menghujat Roh Kudus tidak akan diampuni.","Setiap orang yang mengucapkan perkataan melawan Anak Manusia akan diampuni. Tetapi, orang yang menghujah Ruh Allah Yang Mahasuci tidak akan diampuni.",
Lukas,12,11,Lukas 12:11,وَمَتَى قَدَّمُوكُمْ إِلَى ٱلْمَجَامِعِ وَٱلرُّؤَسَاءِ وَٱلسَّلَاطِينِ فَلَا تَهْتَمُّوا كَيْفَ أَوْ بِمَا تَحْتَجُّونَ أَوْ بِمَا تَقُولُونَ،,"Ketika mereka membawamu ke sinagoge dan ke hadapan para pemimpin dan penguasa, jangan khawatir tentang bagaimana kamu membela dirimu atau apa yang harus kamu katakan,","Apabila mereka membawa kamu ke rumah-rumah ibadah atau memperhadapkan kamu kepada para penguasa dan para pemegang wewenang, janganlah khawatir mengenai bagaimana atau apa yang harus kamu jawab atau katakan.",
Lukas,12,12,Lukas 12:12,لِأَنَّ ٱلرُّوحَ ٱلْقُدُسَ يُعَلِّمُكُمْ فِي تِلْكَ ٱلسَّاعَةِ مَا يَجِبُ أَنْ تَقُولُوهُ».,sebab saat itu juga Roh Kudus akan mengajarimu tentang apa yang harus kamu katakan.”,Ruh Allah akan memberitahukan kepadamu pada saat itu juga apa yang patut kamu katakan.”,
Lukas,12,13,Lukas 12:13,وَقَالَ لَهُ وَاحِدٌ مِنَ ٱلْجَمْعِ: «يَا مُعَلِّمُ، قُلْ لِأَخِي أَنْ يُقَاسِمَنِي ٱلْمِيرَاثَ».,"Seorang dari antara orang banyak itu berkata kepada Yesus, “Guru, suruhlah saudaraku untuk berbagi warisan denganku.”","Salah seorang di antara orang banyak itu berkata, “Guru, suruhlah saudaraku berbagi warisan dengan aku.”",
Lukas,12,14,Lukas 12:14,فَقَالَ لَهُ: «يَا إِنْسَانُ، مَنْ أَقَامَنِي عَلَيْكُمَا قَاضِيًا أَوْ مُقَسِّمًا؟».,"Akan tetapi, Yesus berkata kepadanya, “Saudara, siapa yang mengangkat Aku menjadi hakim atau pengantara atas kamu?”","Tetapi, sabda Isa kepadanya, “Saudara, siapakah yang mengangkat Aku menjadi hakim atau pembagi warisan di antara kamu?”",
Lukas,12,15,Lukas 12:15,وَقَالَ لَهُمُ: «ٱنْظُرُوا وَتَحَفَّظُوا مِنَ ٱلطَّمَعِ، فَإِنَّهُ مَتَى كَانَ لِأَحَدٍ كَثِيرٌ فَلَيْسَتْ حَيَاتُهُ مِنْ أَمْوَالِهِ».,"Kemudian, Yesus berkata kepada mereka, “Berjaga-jagalah dan waspadalah atas segala bentuk keserakahan karena hidup seseorang tidak bergantung pada banyaknya harta yang ia miliki.”","Lalu, Isa bersabda kepada mereka, “Ingat! Jagalah dirimu dari segala ketamakan karena hidup orang tidak bergantung pada hartanya yang berlimpah-limpah.”",
Lukas,12,16,Lukas 12:16,وَضَرَبَ لَهُمْ مَثَلًا قَائِلًا: «إِنْسَانٌ غَنِيٌّ أَخْصَبَتْ كُورَتُهُ،,"Lalu, Yesus menceritakan sebuah perumpamaan kepada mereka, “Ada tanah milik seorang yang sangat kaya yang menghasilkan banyak sekali hasil panen.","Kemudian, Isa menyampaikan suatu ibarat kepada mereka, sabda-Nya, “Ada seorang kaya. Ia mempunyai tanah yang memberi hasil berlimpah-limpah.",
Lukas,12,17,Lukas 12:17,فَفَكَّرَ فِي نَفْسِهِ قَائِلًا: مَاذَا أَعْمَلُ، لِأَنْ لَيْسَ لِي مَوْضِعٌ أَجْمَعُ فِيهِ أَثْمَارِي؟,"Jadi, orang itu berpikir dalam hatinya, ‘Apa yang harus kulakukan karena aku tidak mempunyai tempat lagi untuk menyimpan hasil panenku?’","Dalam hatinya ia berpikir, ‘Apa yang harus kulakukan? Tidak ada lagi tempat bagiku untuk menyimpan semua hasil tanahku.’",
Lukas,12,18,Lukas 12:18,وَقَالَ: أَعْمَلُ هَذَا: أَهْدِمُ مَخَازِنِي وَأَبْنِي أَعْظَمَ، وَأَجْمَعُ هُنَاكَ جَمِيعَ غَلَّاتِي وَخَيْرَاتِي،,"Dan, ia berkata, ‘Inilah yang akan aku lakukan. Aku akan membongkar lumbung-lumbungku dan membangun yang lebih besar. Di situ, aku akan menyimpan semua gandum dan barang-barangku.","Lalu, ia berkata, ‘Inilah yang hendak kulakukan. Aku akan membongkar semua lumbungku dan membangun yang lebih besar. Di situlah akan kusimpan semua gandum dan barang-barangku yang lain.",
Lukas,12,19,Lukas 12:19,وَأَقُولُ لِنَفْسِي: يَا نَفْسُ لَكِ خَيْرَاتٌ كَثِيرَةٌ، مَوْضُوعَةٌ لِسِنِينَ كَثِيرَةٍ. اِسْتَرِيحِي وَكُلِي وَٱشْرَبِي وَٱفْرَحِي!,"Lalu, aku berkata kepada jiwaku, ‘Hai jiwaku, engkau mempunyai banyak barang yang tersimpan untuk bertahun-tahun; beristirahatlah, makan, minum, dan bersenang-senanglah!’","Aku akan berkata kepada jiwaku: Hai jiwaku, padamu ada banyak harta, cukup untuk bertahun-tahun lamanya. Bersenang-senanglah, makan, minum, dan bersukarialah.’",
Lukas,12,20,Lukas 12:20,فَقَالَ لَهُ ٱللهُ: يَا غَبِيُّ! هَذِهِ ٱللَّيْلَةَ تُطْلَبُ نَفْسُكَ مِنْكَ، فَهَذِهِ ٱلَّتِي أَعْدَدْتَهَا لِمَنْ تَكُونُ؟,"Namun, Allah berkata kepada orang itu, ‘Hai, orang bodoh! Malam ini juga, jiwamu akan diambil darimu. Lalu, siapakah yang akan memiliki barang-barang yang kamu simpan itu?’","Tetapi, Allah bersabda kepadanya, ‘Hai orang bodoh! Malam ini juga nyawamu akan diambil darimu. Lalu, menjadi hak siapakah semua yang sudah kaukumpulkan itu?’",
Lukas,12,21,Lukas 12:21,هَكَذَا ٱلَّذِي يَكْنِزُ لِنَفْسِهِ وَلَيْسَ هُوَ غَنِيًّا لِلهِ».,"Demikianlah yang akan terjadi pada orang yang menyimpan harta bagi dirinya sendiri, tetapi tidaklah kaya di hadapan Allah.”","Demikianlah jadinya orang-orang yang menghimpun harta di bumi bagi dirinya sendiri, tetapi sama sekali tidak kaya di hadapan Allah.”",
Lukas,12,22,Lukas 12:22,وَقَالَ لِتَلَامِيذِهِ: «مِنْ أَجْلِ هَذَا أَقُولُ لَكُمْ: لَا تَهْتَمُّوا لِحَيَاتِكُمْ بِمَا تَأْكُلُونَ، وَلَا لِلْجَسَدِ بِمَا تَلْبَسُونَ.,"Yesus berkata kepada murid-murid-Nya, “Sebab itu, Aku berkata kepadamu, jangan khawatir tentang hidupmu, tentang apa yang akan kamu makan. Atau, khawatir tentang tubuhmu, tentang apa yang akan kamu pakai.","Lalu, Isa bersabda kepada pengikut-pengikut-Nya, “Karena itu, Aku berkata kepadamu, janganlah khawatir tentang hidupmu, apa yang akan kamu makan. Demikian juga tentang tubuhmu, apa yang akan kamu pakai.",
Lukas,12,23,Lukas 12:23,اَلْحَيَاةُ أَفْضَلُ مِنَ ٱلطَّعَامِ، وَٱلْجَسَدُ أَفْضَلُ مِنَ ٱللِّبَاسِ.,"Sebab, hidup lebih penting daripada makanan dan tubuh lebih penting daripada pakaian.",Hidup lebih penting daripada makanan dan tubuh lebih penting daripada pakaian.,
Lukas,12,24,Lukas 12:24,تَأَمَّلُوا ٱلْغِرْبَانَ: أَنَّهَا لَا تَزْرَعُ وَلَا تَحْصُدُ، وَلَيْسَ لَهَا مَخْدَعٌ وَلَا مَخْزَنٌ، وَٱللهُ يُقِيتُهَا. كَمْ أَنْتُمْ بِٱلْحَرِيِّ أَفْضَلُ مِنَ ٱلطُّيُورِ!,"Lihatlah burung-burung gagak. Mereka tidak menabur atau menuai, mereka juga tidak mempunyai gudang atau lumbung, tetapi Allah memberi mereka makan. Kamu jauh lebih berharga daripada burung-burung itu.","Perhatikanlah burung gagak yang tidak menabur, tidak menuai, bahkan tidak mempunyai lumbung atau gudang, tetapi diberi makan oleh Allah. Terlebih lagi kamu, yang lebih berharga daripada burung-burung!",
Lukas,12,25,Lukas 12:25,وَمَنْ مِنْكُمْ إِذَا ٱهْتَمَّ يَقْدِرُ أَنْ يَزِيدَ عَلَى قَامَتِهِ ذِرَاعًا وَاحِدَةً؟,Siapakah di antara kamu yang karena khawatir dapat menambah sehasta saja pada umur hidupnya?,"Lagi pula, siapa di antara kamu yang karena kekhawatirannya dapat memperpanjang sedikit saja umurnya?",
Lukas,12,26,Lukas 12:26,فَإِنْ كُنْتُمْ لَا تَقْدِرُونَ وَلَا عَلَى ٱلْأَصْغَرِ، فَلِمَاذَا تَهْتَمُّونَ بِٱلْبَوَاقِي؟,"Jika kamu tidak dapat melakukan hal-hal yang kecil ini, mengapa kamu mengkhawatirkan hal-hal yang lain?","Jadi, kalau kamu tidak sanggup membuat sesuatu yang terkecil sekalipun, mengapa kamu harus khawatir mengenai hal-hal lain?",
Lukas,12,27,Lukas 12:27,تَأَمَّلُوا ٱلزَّنَابِقَ كَيْفَ تَنْمُو: لَا تَتْعَبُ وَلَا تَغْزِلُ، وَلَكِنْ أَقُولُ لَكُمْ: إِنَّهُ وَلَا سُلَيْمَانُ فِي كُلِّ مَجْدِهِ كَانَ يَلْبَسُ كَوَاحِدَةٍ مِنْهَا.,"Perhatikanlah bunga bakung, bagaimana mereka tumbuh. Bunga-bunga itu tidak bekerja keras atau memintal, tetapi Aku mengatakan kepadamu, bahkan Salomo dalam kemuliaannya pun tidak berpakaian seindah salah satu dari bunga-bunga itu.","Perhatikanlah bunga bakung yang tidak memintal dan juga tidak menenun. Namun, Aku berkata kepadamu, Sulaiman dengan segala kemuliaannya pun tidak pernah berdandankan seperti salah satu dari antara bunga-bunga itu.",
Lukas,12,28,Lukas 12:28,فَإِنْ كَانَ ٱلْعُشْبُ ٱلَّذِي يُوجَدُ ٱلْيَوْمَ فِي ٱلْحَقْلِ وَيُطْرَحُ غَدًا فِي ٱلتَّنُّورِ يُلْبِسُهُ ٱللهُ هَكَذَا، فَكَمْ بِٱلْحَرِيِّ يُلْبِسُكُمْ أَنْتُمْ يَاقَلِيلِي ٱلْإِيمَانِ؟,"Jika Allah mendandani rumput di ladang, yang hari ini tumbuh dan besok dibuang ke dalam api, tidakkah Ia akan mendandanimu lebih daripada rumput itu? Hai, kamu yang kurang percaya!","Jadi, jika Allah sedemikian rupa mendandani rumput di padang, yang hari ini ada dan esok dicampakkan ke api, terlebih lagi kamu, hai orang-orang yang kurang percaya!",
Lukas,12,29,Lukas 12:29,فَلَا تَطْلُبُوا أَنْتُمْ مَا تَأْكُلُونَ وَمَا تَشْرَبُونَ وَلَا تَقْلَقُوا،,"Jadi, janganlah kamu mencari apa yang akan kamu makan atau apa yang akan kamu minum, dan janganlah mencemaskannya.",Janganlah khawatir mengenai apa yang akan kamu makan atau apa yang akan kamu minum.,
Lukas,12,30,Lukas 12:30,فَإِنَّ هَذِهِ كُلَّهَا تَطْلُبُهَا أُمَمُ ٱلْعَالَمِ. وَأَمَّا أَنْتُمْ فَأَبُوكُمْ يَعْلَمُ أَنَّكُمْ تَحْتَاجُونَ إِلَى هَذِهِ.,"Sebab, bangsa-bangsa di dunia mencari itu semua, tetapi Bapamu mengetahui bahwa kamu memerlukannya.",Semua itu dikejar oleh semua orang yang tidak mengenal Allah. Bapamu yang di surga tahu bahwa kamu memerlukan hal-hal itu.,
Lukas,12,31,Lukas 12:31,بَلِ ٱطْلُبُوا مَلَكُوتَ ٱللهِ، وَهَذِهِ كُلُّهَا تُزَادُ لَكُمْ.,"Sebaliknya, carilah dahulu Kerajaan Allah, maka semuanya ini juga ditambahkan kepadamu.”","Tetapi, carilah kerajaan-Nya maka semua itu akan ditambahkan kepadamu.”",
Lukas,12,32,Lukas 12:32,«لَا تَخَفْ، أَيُّهَا ٱلْقَطِيعُ ٱلصَّغِيرُ، لِأَنَّ أَبَاكُمْ قَدْ سُرَّ أَنْ يُعْطِيَكُمُ ٱلْمَلَكُوتَ.,"“Jangan takut, hai kawanan kecil, karena Bapamu berkenan memberikan kepadamu Kerajaan itu.","“Janganlah takut, hai kamu kawanan kecil. Bapamu berkenan memberikan kerajaan itu kepadamu.",
Lukas,12,33,Lukas 12:33,بِيعُوا مَا لَكُمْ وَأَعْطُوا صَدَقَةً. اِعْمَلُوا لَكُمْ أَكْيَاسًا لَا تَفْنَى وَكَنْزًا لَا يَنْفَدُ فِي ٱلسَّمَاوَاتِ، حَيْثُ لَا يَقْرَبُ سَارِقٌ وَلَا يُبْلِي سُوسٌ،,"Juallah segala yang kamu miliki dan berilah sedekah. Buatlah bagimu kantong uang yang tidak dapat rusak, yaitu harta di surga yang tidak dapat hilang, yang tidak dapat diambil pencuri ataupun dirusak oleh ngengat.","Juallah apa yang ada padamu dan sedekahkanlah itu kepada orang-orang miskin. Buatlah bagi dirimu pundi-pundi yang tidak akan rusak, yaitu harta yang kekal yang tersimpan di surga. Di situ pencuri tidak dapat datang dan ngengat tidak dapat merusaknya.",
Lukas,12,34,Lukas 12:34,لِأَنَّهُ حَيْثُ يَكُونُ كَنْزُكُمْ هُنَاكَ يَكُونُ قَلْبُكُمْ أَيْضًا.,"Sebab, di tempat hartamu berada, di situ juga hatimu berada.”","Karena di mana hartamu berada, di situlah juga hatimu.”",
Lukas,12,35,Lukas 12:35,«لِتَكُنْ أَحْقَاؤُكُمْ مُمَنْطَقَةً وَسُرُجُكُمْ مُوقَدَةً،,“Hendaklah pinggangmu tetap berikat dan pelita-pelitamu tetap menyala.,“Hendaklah pinggangmu tetap berikat dan pelitamu tetap menyala.,
Lukas,12,36,Lukas 12:36,وَأَنْتُمْ مِثْلُ أُنَاسٍ يَنْتَظِرُونَ سَيِّدَهُمْ مَتَى يَرْجِعُ مِنَ ٱلْعُرْسِ، حَتَّى إِذَا جَاءَ وَقَرَعَ يَفْتَحُونَ لَهُ لِلْوَقْتِ.,"Jadilah seperti orang-orang yang menunggu tuannya pulang dari pesta pernikahan supaya mereka bisa segera membukakan pintu baginya, ketika tuan itu pulang dan mengetuk pintu.","Hendaklah kamu seperti orang-orang yang sedang menunggu tuannya kembali dari pesta pernikahan supaya apabila ia datang dan mengetuk pintu, mereka dapat segera membukakan pintu untuknya.",
Lukas,12,37,Lukas 12:37,طُوبَى لِأُولَئِكَ ٱلْعَبِيدِ ٱلَّذِينَ إِذَا جَاءَ سَيِّدُهُمْ يَجِدُهُمْ سَاهِرِينَ. اَلْحَقَّ أَقُولُ لَكُمْ: إِنَّهُ يَتَمَنْطَقُ وَيُتْكِئُهُمْ وَيَتَقَدَّمُ وَيَخْدُمُهُمْ.,"Diberkatilah hamba-hamba, yang didapati tuannya bersiap sedia, ketika ia datang. Aku mengatakan kepadamu, sesungguhnya, ia akan mengikat pinggangnya untuk melayani dan mempersilakan pelayan-pelayannya untuk duduk makan. Ia akan datang dan melayani mereka.","Berbahagialah hamba-hamba yang didapati tuannya sedang berjaga-jaga pada waktu ia datang. Sesungguhnya, Aku berkata kepadamu, tuannya itu akan bersiap-siap dan mempersilakan hamba-hamba itu duduk, lalu ia akan melayani mereka.",
Lukas,12,38,Lukas 12:38,وَإِنْ أَتَى فِي ٱلْهَزِيعِ ٱلثَّانِي أَوْ أَتَى فِي ٱلْهَزِيعِ ٱلثَّالِثِ وَوَجَدَهُمْ هَكَذَا، فَطُوبَى لِأُولَئِكَ ٱلْعَبِيدِ.,"Jika tuan itu datang saat tengah malam atau dini hari dan mendapati mereka sedang berlaku demikian, diberkatilah mereka!",Berbahagialah hamba-hamba yang didapati tuannya sedang berjaga-jaga ketika ia datang sekalipun ia datang pada tengah malam atau pada waktu subuh.,
Lukas,12,39,Lukas 12:39,وَإِنَّمَا ٱعْلَمُوا هَذَا: أَنَّهُ لَوْ عَرَفَ رَبُّ ٱلْبَيْتِ فِي أَيَّةِ سَاعَةٍ يَأْتِي ٱلسَّارِقُ لَسَهِرَ، وَلَمْ يَدَعْ بَيْتَهُ يُنْقَبُ.,"Namun ketahuilah, jika seorang pemilik rumah mengetahui jam berapa pencuri akan mendatangi rumahnya, ia pasti tidak akan membiarkan rumahnya dibobol.","Ketahuilah juga hal ini jika tuan rumah tahu kapan saatnya pencuri akan datang, tentu ia akan berjaga-jaga dan tidak akan membiarkan rumahnya kebongkaran.",
Lukas,12,40,Lukas 12:40,فَكُونُوا أَنْتُمْ إِذًا مُسْتَعِدِّينَ، لِأَنَّهُ فِي سَاعَةٍ لَا تَظُنُّونَ يَأْتِي ٱبْنُ ٱلْإِنْسَانِ».,"Oleh karena itu, kamu juga harus selalu bersiap sedia karena Anak Manusia akan datang pada saat yang tidak kamu sangka-sangka.”","Jadi, kamu harus selalu siap sedia karena Anak Manusia akan datang pada waktu yang tidak kamu sangka.”",
Lukas,12,41,Lukas 12:41,فَقَالَ لَهُ بُطْرُسُ: «يَارَبُّ، أَلَنَا تَقُولُ هَذَا ٱلْمَثَلَ أَمْ لِلْجَمِيعِ أَيْضًا؟».,"Kemudian, Petrus bertanya kepada-Nya, “Tuhan, apakah Engkau menceritakan perumpamaan ini hanya kepada kami atau kepada semua orang juga?”","Petrus berkata, “Ya Junjungan, apakah ibarat itu ditujukan kepada kami atau kepada yang lain juga?”",
Lukas,12,42,Lukas 12:42,فَقَالَ ٱلرَّبُّ: «فَمَنْ هُوَ ٱلْوَكِيلُ ٱلْأَمِينُ ٱلْحَكِيمُ ٱلَّذِي يُقِيمُهُ سَيِّدُهُ عَلَى خَدَمِهِ لِيُعْطِيَهُمُ ٱلْعُلُوفَةَ فِي حِينِهَا؟,"Jawab Tuhan, “Siapakah kepala pelayan yang setia dan bijaksana yang dipercayai tuannya untuk mengawasi para hamba yang lain, untuk memberi mereka makan pada waktu yang tepat?","Sabda Isa, Sang Junjungan, kepada Petrus, “Siapakah pengurus rumah yang setia dan bijaksana, yang dipercaya oleh tuannya untuk membagikan makanan kepada hamba-hambanya yang lain pada waktunya?",
Lukas,12,43,Lukas 12:43,طُوبَى لِذَلِكَ ٱلْعَبْدِ ٱلَّذِي إِذَا جَاءَ سَيِّدُهُ يَجِدُهُ يَفْعَلُ هَكَذَا!,"Diberkatilah hamba itu, yang ketika tuannya datang, mendapati dia sedang melakukan tugasnya.",Berbahagialah hamba yang didapati tuannya sedang melakukan tugasnya pada waktu tuannya itu datang.,
Lukas,12,44,Lukas 12:44,بِٱلْحَقِّ أَقُولُ لَكُمْ: إِنَّهُ يُقِيمُهُ عَلَى جَمِيعِ أَمْوَالِهِ.,"Aku berkata kepadamu, sesungguhnya, tuan itu akan memilihnya untuk mengawasi semua kepunyaannya.","Sejujurnya Aku berkata kepadamu, ia akan mempercayakan seluruh harta miliknya kepada hamba itu.",
Lukas,12,45,Lukas 12:45,وَلَكِنْ إِنْ قَالَ ذَلِكَ ٱلْعَبْدُ فِي قَلْبِهِ: سَيِّدِي يُبْطِئُ قُدُومَهُ، فَيَبْتَدِئُ يَضْرِبُ ٱلْغِلْمَانَ وَٱلْجَوَارِيَ، وَيَأْكُلُ وَيَشْرَبُ وَيَسْكَرُ.,"Akan tetapi, jika hambanya itu berkata dalam hatinya, ‘Tuanku tidak akan segera datang,’ dan mulai memukuli hamba laki-laki dan hamba perempuan lainnya, kemudian makan dan minum sampai mabuk,","Sebaliknya, jika hamba itu berkata di dalam hatinya, ‘Tuanku tidak datang-datang,’ kemudian ia pun mulai memukuli hamba-hamba lainnya, baik laki-laki maupun perempuan, lalu makan dan minum-minum sampai mabuk,",
Lukas,12,46,Lukas 12:46,يَأْتِي سَيِّدُ ذَلِكَ ٱلْعَبْدِ فِي يَوْمٍ لَا يَنْتَظِرُهُ وَفِي سَاعَةٍ لَا يَعْرِفُهَا، فَيَقْطَعُهُ وَيَجْعَلُ نَصِيبَهُ مَعَ ٱلْخَائِنِينَ.,"ketika tuannya datang pada waktu yang tidak disangka-sangka dan tidak diketahui oleh hamba itu, sang tuan akan membunuh hamba itu dan menempatkannya bersama dengan orang-orang yang tidak setia.","maka tuannya akan datang dengan tiba-tiba, pada hari yang tidak ia sangka-sangka dan pada waktu yang tidak diketahui olehnya. Selanjutnya, tuan itu akan menyesahnya serta menjadikannya senasib dengan orang-orang yang tidak percaya.",
Lukas,12,47,Lukas 12:47,وَأَمَّا ذَلِكَ ٱلْعَبْدُ ٱلَّذِي يَعْلَمُ إِرَادَةَ سَيِّدِهِ وَلَا يَسْتَعِدُّ وَلَا يَفْعَلُ بحَسَبِ إِرَادَتِهِ، فَيُضْرَبُ كَثِيرًا.,"Seorang hamba yang tahu keinginan tuannya, tetapi tidak bersiap sedia atau melakukan sesuai keinginan tuannya akan mendapat banyak pukulan.","Hamba yang tahu kehendak tuannya, tetapi tidak mempersiapkan diri dan tidak melakukan kehendak tuannya akan dihukum berat.",
Lukas,12,48,Lukas 12:48,وَلَكِنَّ ٱلَّذِي لَا يَعْلَمُ، وَيَفْعَلُ مَا يَسْتَحِقُّ ضَرَبَاتٍ، يُضْرَبُ قَلِيلًا. فَكُلُّ مَنْ أُعْطِيَ كَثِيرًا يُطْلَبُ مِنْهُ كَثِيرٌ، وَمَنْ يُودِعُونَهُ كَثِيرًا يُطَالِبُونَهُ بِأَكْثَرَ.,"Namun, hamba yang tidak tahu apa yang diinginkan tuannya dan melakukan hal-hal yang pantas mendapatkan pukulan, ia akan mendapatkan pukulan yang lebih sedikit. Setiap orang yang diberi banyak, dituntut banyak. Dan, mereka yang dipercayakan lebih banyak akan dituntut lebih banyak lagi.","Hamba yang tidak tahu kehendak tuannya dan melakukan hal-hal yang patut mendapat hukuman akan dihukum juga, tetapi hukumannya ringan. Orang yang telah diberi banyak, dari dirinya akan dituntut banyak, dan orang yang telah dipercayakan banyak, dari dirinya akan dituntut lebih banyak pula.”",
Lukas,12,49,Lukas 12:49,«جِئْتُ لِأُلْقِيَ نَارًا عَلَى ٱلْأَرْضِ، فَمَاذَا أُرِيدُ لَوِ ٱضْطَرَمَتْ؟,"Aku datang untuk melemparkan api ke dunia, dan Aku berharap api itu sudah menyala!",“Aku datang untuk melemparkan api ke atas bumi dan alangkah baiknya kalau api itu sudah menyala!,
Lukas,12,50,Lukas 12:50,وَلِي صِبْغَةٌ أَصْطَبِغُهَا، وَكَيْفَ أَنْحَصِرُ حَتَّى تُكْمَلَ؟,"Akan tetapi, ada baptisan yang harus Aku jalani, dan Aku merasa sangat tertekan sampai hal itu digenapi.",Ada permandian tertentu yang harus Kujalani dan betapa susahnya hati-Ku kalau itu belum terlaksana!,
Lukas,12,51,Lukas 12:51,أَتَظُنُّونَ أَنِّي جِئْتُ لِأُعْطِيَ سَلَامًا عَلَى ٱلْأَرْضِ؟ كَلاَّ، أَقُولُ لَكُمْ: بَلِ ٱنْقِسَامًا.,"Apakah kamu menyangka bahwa Aku datang untuk membawa perdamaian di atas bumi? Tidak, Aku mengatakan kepadamu, melainkan perpecahan!","Apakah kamu menyangka bahwa Aku datang ke bumi untuk membawa damai? Aku berkata kepadamu, tidak, melainkan perlawanan!",
Lukas,12,52,Lukas 12:52,لِأَنَّهُ يَكُونُ مِنَ ٱلْآنَ خَمْسَةٌ فِي بَيْتٍ وَاحِدٍ مُنْقَسِمِينَ: ثَلَاثَةٌ عَلَى ٱثْنَيْنِ، وَٱثْنَانِ عَلَى ثَلَاثَةٍ.,"Mulai sekarang, lima orang dalam satu keluarga akan dipisahkan. Tiga orang akan melawan dua orang dan dua orang akan melawan tiga orang.","Sebab mulai sekarang, seandainya ada lima orang dalam sebuah keluarga, maka tiga akan melawan dua dan dua akan melawan tiga.",
Lukas,12,53,Lukas 12:53,يَنْقَسِمُ ٱلْأَبُ عَلَى ٱلِٱبْنِ، وَٱلِٱبْنُ عَلَى ٱلْأَبِ، وَٱلْأُمُّ عَلَى ٱلْبِنْتِ، وَٱلْبِنْتُ عَلَى ٱلْأُمِّ، وَٱلْحَمَاةُ عَلَى كَنَّتِهَا، وَٱلْكَنَّةُ عَلَى حَمَاتِهَا».,"Mereka akan dipisahkan; Ayah akan melawan anak laki-lakinya, dan anak laki-laki akan melawan ayahnya. Ibu akan melawan anak perempuannya, dan anak perempuan akan melawan ibunya. Ibu mertua akan melawan menantu perempuannya, dan menantu perempuan akan melawan ibu mertuanya.”","Mereka akan saling melawan, bapak melawan anaknya yang laki-laki dan anak laki-laki melawan bapaknya, ibu akan melawan anaknya yang perempuan dan anak perempuan akan melawan ibunya, ibu mertua akan melawan menantunya dan menantu perempuan melawan ibu mertuanya.”",
Lukas,12,54,Lukas 12:54,ثُمَّ قَالَ أَيْضًا لِلْجُمُوعِ: «إِذَا رَأَيْتُمُ ٱلسَّحَابَ تَطْلُعُ مِنَ ٱلْمَغَارِبِ فَلِلْوَقْتِ تَقُولُونَ: إِنَّهُ يَأْتِي مَطَرٌ، فَيَكُونُ هَكَذَا.,"Lalu, Yesus berkata kepada orang banyak, “Ketika kamu melihat awan berkumpul di sebelah barat, kamu segera berkata, ‘Hujan akan turun,’ dan hujan benar-benar turun.","Lalu, Isa bersabda kepada orang banyak itu, “Kalau kamu melihat awan muncul di sebelah barat, dengan segera kamu berkata, ‘Akan turun hujan,’ dan hal itu memang terjadi.",
Lukas,12,55,Lukas 12:55,وَإِذَا رَأَيْتُمْ رِيحَ ٱلْجَنُوبِ تَهُبُّ تَقُولُونَ: إِنَّهُ سَيَكُونُ حَرٌّ، فَيَكُونُ.,"Ketika kamu merasakan angin bertiup dari selatan, kamu berkata, ‘Hari ini akan panas terik,’ dan hal itu benar-benar terjadi.","Demikian juga kalau kamu melihat ada angin bertiup dari selatan, kamu berkata, ‘Hari akan panas terik,’ dan hal itu pun terjadi.",
Lukas,12,56,Lukas 12:56,يَا مُرَاؤُونَ! تَعْرِفُونَ أَنْ تُمَيِّزُوا وَجْهَ ٱلْأَرْضِ وَٱلسَّمَاءِ، وَأَمَّا هَذَا ٱلزَّمَانُ فَكَيْفَ لَا تُمَيِّزُونَهُ؟,"Kamu orang munafik! Kamu bisa menafsirkan rupa langit dan bumi, tetapi mengapa kamu tidak bisa menafsirkan zaman ini?”","Hai kamu, orang-orang munafik! Kamu tahu membedakan rupa bumi dan langit. Tetapi, mengapa kamu tidak dapat membedakan zaman ini?”",
Lukas,12,57,Lukas 12:57,وَلِمَاذَا لَا تَحْكُمُونَ بِٱلْحَقِّ مِنْ قِبَلِ نُفُوسِكُمْ؟,“Mengapa kamu sendiri tidak bisa memutuskan apa yang benar?,“Mengapa engkau tidak memutuskan sendiri apa yang benar?,
Lukas,12,58,Lukas 12:58,حِينَمَا تَذْهَبُ مَعَ خَصْمِكَ إِلَى ٱلْحَاكِمِ، ٱبْذُلِ ٱلْجَهْدَ وَأَنْتَ فِي ٱلطَّرِيقِ لِتَتَخَلَّصَ مِنْهُ، لِئَلَّا يَجُرَّكَ إِلَى ٱلْقَاضِي، وَيُسَلِّمَكَ ٱلْقَاضِي إِلَى ٱلْحَاكِمِ، فَيُلْقِيَكَ ٱلْحَاكِمُ فِي ٱلسِّجْنِ.,"Ketika kamu pergi bersama musuhmu untuk menghadap penguasa, usahakanlah untuk menyelesaikan masalahmu dengannya dalam perjalanan supaya ia tidak menyeretmu kepada hakim dan hakim akan menyerahkanmu kepada pengawal, dan pengawal itu akan melemparkanmu ke dalam penjara.","Kalau engkau pergi menghadap penguasa bersama orang yang mendakwamu, berusahalah supaya engkau terbebas dari dia sewaktu engkau masih dalam perjalanan. Kalau tidak, maka ia akan menyeretmu ke pengadilan, lalu hakim akan menyerahkan engkau kepada petugasnya dan orang itu akan menjebloskanmu ke penjara.",
Lukas,12,59,Lukas 12:59,أَقُولُ لَكَ: لَا تَخْرُجُ مِنْ هُنَاكَ حَتَّى تُوفِيَ ٱلْفَلْسَ ٱلْأَخِيرَ».,"Aku berkata kepadamu, kamu tidak akan keluar dari sana sebelum kamu membayar utangmu sampai peser yang terakhir.”","Aku berkata kepadamu, sekali-kali kamu tidak akan keluar dari situ sebelum kamu melunasi semua yang harus kamu bayar.”",
Lukas,13,1,Lukas 13:1,وَكَانَ حَاضِرًا فِي ذَلِكَ ٱلْوَقْتِ قَوْمٌ يُخْبِرُونَهُ عَنِ ٱلْجَلِيلِيِّينَ ٱلَّذِينَ خَلَطَ بِيلَاطُسُ دَمَهُمْ بِذَبَائِحِهِمْ.,"Di situ, ada beberapa orang yang memberi tahu Yesus tentang orang-orang Galilea yang darahnya dicampurkan Pilatus dengan kurban persembahan mereka.",Pada waktu itu juga beberapa orang memberitahukan kepada Isa mengenai orang-orang Galilea yang darahnya dicampurkan Pilatus dengan darah kurban yang mereka persembahkan.,
Lukas,13,2,Lukas 13:2,فَأجَابَ يَسُوعُ وَقَالَ لَهُمْ: «أَتَظُنُّونَ أَنَّ هَؤُلَاءِ ٱلْجَلِيلِيِّينَ كَانُوا خُطَاةً أَكْثَرَ مِنْ كُلِّ ٱلْجَلِيلِيِّينَ لِأَنَّهُمْ كَابَدُوا مِثْلَ هَذَا؟,"Jawab Yesus kepada mereka, “Apakah kamu mengira orang-orang Galilea ini lebih berdosa daripada orang-orang Galilea lainnya karena mereka menderita seperti itu?","Isa bersabda kepada mereka, “Menurut pendapatmu, apakah orang-orang Galilea itu lebih berdosa daripada semua orang Galilea lainnya karena mereka mengalami hal yang demikian itu?",
Lukas,13,3,Lukas 13:3,كَلَّا! أَقُولُ لَكُمْ: بَلْ إِنْ لَمْ تَتُوبُوا فَجَمِيعُكُمْ كَذَلِكَ تَهْلِكُونَ.,"Aku mengatakan kepadamu, tidak. Akan tetapi, jika kamu tidak bertobat, kamu semua juga akan binasa.","Aku berkata kepadamu, tidak! Tetapi, jika kamu tidak bertobat, maka kamu semua pun akan binasa.",
Lukas,13,4,Lukas 13:4,أَوْ أُولَئِكَ ٱلثَّمَانِيَةَ عَشَرَ ٱلَّذِينَ سَقَطَ عَلَيْهِمُ ٱلْبُرْجُ فِي سِلْوَامَ وَقَتَلَهُمْ، أَتَظُنُّونَ أَنَّ هَؤُلَاءِ كَانُوا مُذْنِبِينَ أَكْثَرَ مِنْ جَمِيعِ ٱلنَّاسِ ٱلسَّاكِنِينَ فِي أُورُشَلِيمَ؟,"Atau mengenai kedelapan belas orang yang mati, ketika menara di dekat kolam Siloam jatuh dan menimpa mereka, apakah kamu mengira mereka adalah pendosa yang lebih buruk daripada semua orang yang tinggal di Yerusalem?","Atau mengenai delapan belas orang yang mati ditimpa sebuah bangunan tinggi di Siloam itu, menurut pendapatmu apakah mereka lebih berdosa daripada semua orang di Yerusalem?",
Lukas,13,5,Lukas 13:5,كَلَّا! أَقُولُ لَكُمْ: بَلْ إِنْ لَمْ تَتُوبُوا فَجَمِيعُكُمْ كَذَلِكَ تَهْلِكُونَ».,"Aku berkata kepadamu, tidak. Akan tetapi, jika kamu tidak bertobat, kamu semua juga akan mati!”","Aku berkata kepadamu, tidak! Tetapi, jika kamu tidak bertobat, kamu pun akan binasa.”",
Lukas,13,6,Lukas 13:6,وَقَالَ هَذَا ٱلْمَثَلَ: «كَانَتْ لِوَاحِدٍ شَجَرَةُ تِينٍ مَغْرُوسَةٌ فِي كَرْمِهِ، فَأَتَى يَطْلُبُ فِيهَا ثَمَرًا وَلَمْ يَجِدْ.,"Yesus juga menceritakan perumpamaan ini: “Ada seseorang yang mempunyai sebatang pohon ara yang ditanam di kebun anggurnya. Akan tetapi, saat ia datang untuk mencari buah pada pohon itu, ia tidak menemukannya.","Lalu, Isa menyampaikan kepada mereka ibarat berikut ini. “Ada seorang laki-laki menanam sebatang pohon ara di kebun anggurnya. Suatu hari ia datang untuk mencari buah di pohon itu, tetapi tidak satu buah pun ditemukannya.",
Lukas,13,7,Lukas 13:7,فَقَالَ لِلْكَرَّامِ: هُوَذَا ثَلَاثُ سِنِينَ آتِي أَطْلُبُ ثَمَرًا فِي هَذِهِ ٱلتِّينَةِ وَلَمْ أَجِدْ. اِقْطَعْهَا! لِمَاذَا تُبَطِّلُ ٱلْأَرْضَ أَيْضًا؟,"Jadi, ia berkata kepada tukang kebunnya, ‘Sudah tiga tahun aku datang mencari buah pada pohon ara ini, tetapi aku belum pernah menemukan satu pun. Tebang saja pohon itu! Mengapa harus menyia-nyiakan tanah untuk pohon itu?’","Maka, berkatalah ia kepada tukang kebunnya, ‘Lihat, sudah tiga tahun lamanya aku datang ke sini untuk mencari buah pada pohon ara ini, tetapi tidak kutemukan satu buah pun. Tebanglah pohon itu! Apa gunanya pohon itu tertanam di tanah ini!’",
Lukas,13,8,Lukas 13:8,فَأَجَابَ وَقَالَ لَهُ: يَا سَيِّدُ، ٱتْرُكْهَا هَذِهِ ٱلسَّنَةَ أَيْضًا، حَتَّى أَنْقُبَ حَوْلَهَا وَأَضَعَ زِبْلًا.,"Akan tetapi, tukang kebun itu menjawab, ‘Tuan, berikan pohon itu kesempatan lagi tahun ini untuk berbuah. Biarlah aku menggali tanah di sekitarnya dan memberinya pupuk,","Tukang kebun itu menjawab, ‘Biarkanlah satu tahun lagi, Tuan. Aku akan menggemburkan tanah di sekelilingnya dan menaruh pupuk.",
Lukas,13,9,Lukas 13:9,فَإِنْ صَنَعَتْ ثَمَرًا، وَإِلَّا فَفِيمَا بَعْدُ تَقْطَعُهَا».,"mungkin pohon itu akan menghasilkan buah tahun depan. Jika tidak berbuah juga, Tuan bisa menebangnya.’”","Mudah-mudahan tahun depan ia berbuah. Kalau tidak, bolehlah Tuan menebangnya.’”",
Lukas,13,10,Lukas 13:10,وَكَانَ يُعَلِّمُ فِي أَحَدِ ٱلْمَجَامِعِ فِي ٱلسَّبْتِ،,"Suatu kali, Yesus mengajar di sebuah sinagoge pada hari Sabat.","Suatu kali pada hari Sabat, Isa mengajar di sebuah rumah ibadah.",
Lukas,13,11,Lukas 13:11,وَإِذَا ٱمْرَأَةٌ كَانَ بِهَا رُوحُ ضَعْفٍ ثَمَانِيَ عَشْرَةَ سَنَةً، وَكَانَتْ مُنْحَنِيَةً وَلَمْ تَقْدِرْ أَنْ تَنْتَصِبَ ٱلْبَتَّةَ.,Di sana ada seorang perempuan yang kerasukan roh sehingga membuatnya sakit selama delapan belas tahun. Punggung perempuan itu bungkuk sehingga tidak dapat berdiri tegak.,Di situ ada seorang ibu yang sudah delapan belas tahun dibelenggu oleh setan yang mendatangkan penyakit. Akibatnya punggungnya bungkuk dan ia tidak dapat berdiri tegak.,
Lukas,13,12,Lukas 13:12,فَلَمَّا رَآهَا يَسُوعُ دَعَاهَا وَقَالَ لَهَا: «يَا ٱمْرَأَةُ، إِنَّكِ مَحْلُولَةٌ مِنْ ضَعْفِكِ!».,"Ketika Yesus melihatnya, Dia memanggil perempuan itu dan berkata, “Hai perempuan, kamu sudah dibebaskan dari penyakitmu.”","Ketika Isa melihatnya, dipanggil-Nyalah ibu itu, lalu bersabda, “Ibu, sekarang bebaslah engkau dari penyakitmu.”",
Lukas,13,13,Lukas 13:13,وَوَضَعَ عَلَيْهَا يَدَيْهِ، فَفِي ٱلْحَالِ ٱسْتَقَامَتْ وَمَجَّدَتِ ٱللهَ.,"Kemudian, Yesus menumpangkan tangan-Nya pada perempuan itu dan seketika itu juga, ia dapat berdiri tegak dan memuji Allah.","Isa meletakkan tangan-Nya atas ibu itu, dan saat itu juga sembuhlah ia, lalu memuliakan Allah.",
Lukas,13,14,Lukas 13:14,فَأَجابَ رَئِيسُ ٱلْمَجْمَعِ، وَهُوَ مُغْتَاظٌ لِأَنَّ يَسُوعَ أَبْرَأَ فِي ٱلسَّبْتِ، وَقَالَ لِلْجَمْعِ: «هِيَ سِتَّةُ أَيَّامٍ يَنْبَغِي فِيهَا ٱلْعَمَلُ، فَفِي هَذِهِ ٱئْتُوا وَٱسْتَشْفُوا، وَلَيْسَ فِي يَوْمِ ٱلسَّبْتِ!».,"Akan tetapi, pemimpin sinagoge itu menjadi geram karena Yesus menyembuhkan pada hari Sabat. Ia berkata kepada orang banyak, “Ada enam hari untuk bekerja. Karena itu, datanglah untuk disembuhkan pada hari-hari itu, bukan pada hari Sabat.”","Kepala rumah ibadah di situ marah melihat Isa menyembuhkan orang pada hari Sabat. Lalu, katanya kepada orang banyak yang ada di situ, “Ada enam hari untuk bekerja. Kalau kalian mau disembuhkan, datanglah pada hari-hari itu, jangan pada hari Sabat.”",
Lukas,13,15,Lukas 13:15,فَأَجَابَهُ ٱلرَّبُّ وَقَالَ: «يَا مُرَائِي! أَلَا يَحُلُّ كُلُّ وَاحِدٍ مِنْكُمْ فِي ٱلسَّبْتِ ثَوْرَهُ أَوْ حِمَارَهُ مِنَ ٱلْمِذْوَدِ وَيَمْضِي بِهِ وَيَسْقِيهِ؟,"Namun, Tuhan menjawab orang itu, “Kamu orang-orang munafik! Bukankah kamu semua melepaskan sapi atau keledai milikmu yang terikat di kandang dan menuntunnya keluar untuk minum pada hari Sabat?","Tetapi, Isa, Sang Junjungan, bersabda, “Hai, kamu orang munafik! Bukankah pada hari Sabat kamu masing-masing melepaskan lembu atau keledaimu dari kandang dan membawanya untuk minum?",
Lukas,13,16,Lukas 13:16,وَهَذِهِ، وَهِيَ ٱبْنَةُ إِبْراهِيمَ، قَدْ رَبَطَهَا ٱلشَّيْطَانُ ثَمَانِيَ عَشْرَةَ سَنَةً، أَمَا كَانَ يَنْبَغِي أَنْ تُحَلَّ مِنْ هَذَا ٱلرِّبَاطِ فِي يَوْمِ ٱلسَّبْتِ؟».,"Karena itu, tidakkah perempuan ini, seorang keturunan Abraham yang telah diikat selama delapan belas tahun oleh Setan, juga harus dilepaskan dari belenggunya itu pada hari Sabat?”",Ibu ini adalah keturunan Ibrahim. Sudah delapan belas tahun lamanya ia diikat oleh kuasa setan. Tidak bolehkah ia dilepaskan dari ikatan itu pada hari Sabat?”,
Lukas,13,17,Lukas 13:17,وَإِذْ قَالَ هَذَا أُخْجِلَ جَمِيعُ ٱلَّذِينَ كَانُوا يُعَانِدُونَهُ، وَفَرِحَ كُلُّ ٱلْجَمْعِ بِجَمِيعِ ٱلْأَعْمَالِ ٱلْمَجِيدَةِ ٱلْكَائِنَةِ مِنْهُ.,"Ketika Yesus berkata demikian, semua lawan-Nya dipermalukan, dan orang banyak bersukacita atas segala perbuatan ajaib yang telah dilakukan-Nya.","Karena Isa bersabda seperti itu, maka orang-orang yang menentang Dia menjadi malu sekali. Tetapi, orang banyak yang berada di situ gembira melihat semua perbuatan mulia yang telah dilakukan oleh-Nya.",
Lukas,13,18,Lukas 13:18,فَقَالَ: «مَاذَا يُشْبِهُ مَلَكُوتُ ٱللهِ؟ وَبِمَاذَا أُشَبِّهُهُ؟,"Kemudian, Yesus berkata, “Seperti apakah Kerajaan Allah itu? Dengan apakah Aku dapat mengumpamakannya?","Lalu, Isa bersabda, “Seperti apakah Kerajaan Allah itu dan dengan apakah Aku akan mengibaratkannya?",
Lukas,13,19,Lukas 13:19,يُشْبِهُ حَبَّةَ خَرْدَلٍ أَخَذَهَا إِنْسَانٌ وَأَلْقَاهَا فِي بُسْتَانِهِ، فَنَمَتْ وَصَارَتْ شَجَرَةً كَبِيرَةً، وَتَآوَتْ طُيُورُ ٱلسَّمَاءِ فِي أَغْصَانِهَا».,"Kerajaan Allah itu seperti biji sesawi yang diambil orang dan ditanam di kebunnya; biji itu tumbuh menjadi pohon, dan burung-burung di udara bersarang pada dahan-dahannya.”","Kerajaan Allah itu dapat diibaratkan dengan benih sesawi yang diambil orang untuk ditanam di ladangnya. Biji sesawi itu kemudian tumbuh menjadi pohon, lalu burung-burung pun membuat sarang pada cabang-cabangnya.”",
Lukas,13,20,Lukas 13:20,وَقَالَ أَيْضًا: «بِمَاذَا أُشَبِّهُ مَلَكُوتَ ٱللهِ؟,"Dia berkata lagi, “Dengan apakah Aku mengumpamakan Kerajaan Allah?","Isa bersabda lagi, “Dengan apa pula Aku dapat mengibaratkan Kerajaan Allah itu?",
Lukas,13,21,Lukas 13:21,يُشْبِهُ خَمِيرَةً أَخَذَتْهَا ٱمْرَأَةٌ وَخَبَّأَتْهَا فِي ثَلَاثَةِ أَكْيَالِ دَقِيقٍ حَتَّى ٱخْتَمَرَ ٱلْجَمِيعُ».,Kerajaan Allah itu seperti ragi yang diambil seorang perempuan dan dicampurkannya dalam 3 sukat tepung sampai seluruh adonan itu mengembang.”,"Kerajaan Allah dapat diibaratkan dengan ragi yang diambil oleh seorang perempuan, lalu dibubuhkan pada empat puluh liter tepung sampai semuanya menjadi khamir.”",
Lukas,13,22,Lukas 13:22,وَٱجْتَازَ فِي مُدُنٍ وَقُرًى يُعَلِّمُ وَيُسَافِرُ نَحْوَ أُورُشَلِيمَ،,"Yesus menyusuri kota-kota dan desa-desa, Dia mengajar dan terus berjalan menuju Yerusalem.","Isa melanjutkan perjalanan-Nya menuju Yerusalem lewat beberapa kota dan desa, lalu di kota-kota dan desa-desa itu Ia mengajar orang-orang.",
Lukas,13,23,Lukas 13:23,فَقَالَ لَهُ وَاحِدٌ: «يَا سَيِّدُ، أَقَلِيلٌ هُمُ ٱلَّذِينَ يَخْلُصُونَ؟». فَقَالَ لَهُمُ:,"Lalu, seseorang bertanya kepada-Nya, “Tuhan, apakah hanya sedikit orang yang diselamatkan?” Yesus berkata kepada mereka semua,","Ada orang yang bertanya kepada-Nya, “Ya Junjungan, sedikit sajakah orang yang diselamatkan nanti?”",
Lukas,13,24,Lukas 13:24,«ٱجْتَهِدُوا أَنْ تَدْخُلُوا مِنَ ٱلْبَابِ ٱلضَّيِّقِ، فَإِنِّي أَقُولُ لَكُمْ: إِنَّ كَثِيرِينَ سَيَطْلُبُونَ أَنْ يَدْخُلُوا وَلَا يَقْدِرُونَ,"“Berjuanglah untuk dapat masuk melalui pintu yang sempit; sebab Aku berkata kepadamu, banyak orang akan berusaha masuk ke sana, tetapi mereka tidak akan bisa.","Sabda Isa kepada orang-orang yang ada di situ, “Berusahalah untuk masuk melalui pintu yang sempit. Aku berkata kepadamu, banyak orang akan berusaha untuk masuk, tetapi tidak dapat.",
Lukas,13,25,Lukas 13:25,مِنْ بَعْدِ مَا يَكُونُ رَبُّ ٱلْبَيْتِ قَدْ قَامَ وَأَغْلَقَ ٱلْبَابَ، وَٱبْتَدَأْتُمْ تَقِفُونَ خَارِجًا وَتَقْرَعُونَ ٱلْبَابَ قَائِلِينَ: يَارَبُّ، يَارَبُّ! ٱفْتَحْ لَنَا. يُجِيبُ، وَيَقُولُ لَكُمْ: لَا أَعْرِفُكُمْ مِنْ أَيْنَ أَنْتُمْ!,"Jika tuan rumah berdiri dan menutup pintu rumahnya, sedangkan kamu berdiri di luar dan mengetuk pintu sambil berkata, ‘Tuan, tolong bukakanlah bagi kami.’ Ia akan menjawab, ‘Aku tidak tahu dari mana kamu berasal.’","Akan tiba waktunya tuan rumah bangkit dan menutup pintu. Apabila kamu masih berdiri di luar, lalu kamu mengetuk pintu serta berkata, ‘Tuan, tolong bukakan pintu untuk kami,’ maka tuan rumah itu akan menjawab, ‘Aku tidak mengenal kamu dan tidak tahu dari mana kamu datang.’",
Lukas,13,26,Lukas 13:26,حِينَئِذٍ تَبْتَدِئُونَ تَقُولُونَ: أَكَلْنَا قُدَّامَكَ وَشَرِبْنَا، وَعَلَّمْتَ فِي شَوَارِعِنَا!,"Lalu, kamu akan menjawab, ‘Kami telah makan dan minum bersama Engkau. Engkau telah mengajar di jalan-jalan kota kami.’","Lalu, kamu akan berkata, ‘Kami makan dan minum bersama Tuan, dan Tuan pun mengajar di lorong-lorong kami.’",
Lukas,13,27,Lukas 13:27,فَيَقُولُ: أَقُولُ لَكُمْ: لَاأَعْرِفُكُمْ مِنْ أَيْنَ أَنْتُمْ، تَبَاعَدُوا عَنِّي يَا جَمِيعَ فَاعِلِي ٱلظُّلْمِ!,"Namun, Ia akan menjawab, ‘Aku tidak mengenalmu dan tidak tahu dari mana kamu berasal. Pergilah dari hadapanku, kalian semua pelaku kejahatan!’","Ia akan menjawab, ‘Aku berkata kepadamu, aku tidak tahu dari mana kamu datang. Pergilah dari sini, hai kamu semua yang melakukan kejahatan!’",
Lukas,13,28,Lukas 13:28,هُنَاكَ يَكُونُ ٱلْبُكَاءُ وَصَرِيرُ ٱلْأَسْنَانِ، مَتَى رَأَيْتُمْ إِبْرَاهِيمَ وَإِسْحَاقَ وَيَعْقُوبَ وَجَمِيعَ ٱلْأَنْبِيَاءِ فِي مَلَكُوتِ ٱللهِ، وَأَنْتُمْ مَطْرُوحُونَ خَارِجًا.,"Akan terdapat tangisan dan kertakan gigi ketika kamu melihat Abraham, Ishak, dan Yakub, beserta semua nabi berada di dalam Kerajaan Allah sementara kamu dilemparkan ke luar.","Di sana kamu akan menangis dan menderita karena kamu melihat Ibrahim, Ishak, Yakub, dan semua nabi yang lain berada di dalam Kerajaan Allah, sedangkan kamu sendiri diusir keluar.",
Lukas,13,29,Lukas 13:29,وَيَأْتُونَ مِنَ ٱلْمَشَارِقِ وَمِنَ ٱلْمَغَارِبِ وَمِنَ ٱلشِّمَالِ وَٱلْجَنُوبِ، وَيَتَّكِئُونَ فِي مَلَكُوتِ ٱللهِ.,"Kemudian, orang-orang akan datang dari timur dan barat, dan juga dari utara dan selatan. Mereka akan duduk dan makan di dalam Kerajaan Allah.","Orang-orang akan datang dari timur, barat, utara, dan selatan, lalu mereka duduk makan di dalam Kerajaan Allah.",
Lukas,13,30,Lukas 13:30,وَهُوَذَا آخِرُونَ يَكُونُونَ أَوَّلِينَ، وَأَوَّلُونَ يَكُونُونَ آخِرِينَ».,"Sesungguhnya, orang-orang yang terakhir akan menjadi yang pertama dan orang-orang yang pertama akan menjadi yang terakhir.”","Sesungguhnya, orang-orang yang terakhir menjadi yang pertama, dan orang-orang yang pertama menjadi yang terakhir.”",
Lukas,13,31,Lukas 13:31,فِي ذَلِكَ ٱلْيَوْمِ تَقَدَّمَ بَعْضُ ٱلْفَرِّيسِيِّينَ قَائِلِينَ لَهُ: «ٱخْرُجْ وَٱذْهَبْ مِنْ هَهُنَا، لِأَنَّ هِيرُودُسَ يُرِيدُ أَنْ يَقْتُلَكَ».,"Pada saat itu, beberapa orang Farisi datang kepada Yesus dan berkata, “Pergilah, tinggalkan tempat ini karena Herodes mau membunuh-Mu.”","Pada waktu itu, beberapa orang dari mazhab Farisi datang kepada Isa dan berkata, “Pergilah dari sini ke tempat yang lain karena Herodes hendak membunuh-Mu.”",
Lukas,13,32,Lukas 13:32,فَقَالَ لَهُمُ: «ٱمْضُوا وَقُولُوا لِهَذَا ٱلثَّعْلَبِ: هَا أَنَا أُخْرِجُ شَيَاطِينَ، وَأَشْفِي ٱلْيَوْمَ وَغَدًا، وَفِي ٱلْيَوْمِ ٱلثَّالِثِ أُكَمَّلُ.,"Yesus menjawab mereka, “Pergilah dan katakan kepada rubah itu , ‘Hari ini dan besok, Aku akan mengusir roh-roh jahat dan menyembuhkan orang, dan pada hari ketiga, Aku akan menyelesaikan pekerjaan-Ku.’","Sabda Isa, “Pergilah kepada si rubah itu dan katakan kepadanya, ‘Hari ini dan besok Aku mengusir setan serta menyembuhkan orang sakit, sedangkan pada hari yang ketiga tugas-Ku selesai.’",
Lukas,13,33,Lukas 13:33,بَلْ يَنْبَغِي أَنْ أَسِيرَ ٱلْيَوْمَ وَغَدًا وَمَا يَلِيهِ، لِأَنَّهُ لَا يُمْكِنُ أَنْ يَهْلِكَ نَبِيٌّ خَارِجًا عَنْ أُورُشَلِيمَ!,"Akan tetapi, Aku harus melanjutkan perjalanan hari ini, besok, dan lusa karena tidak mungkin seorang nabi mati di luar Yerusalem.","Tetapi, hari ini, besok, dan lusa, Aku harus melanjutkan perjalanan-Ku karena seorang nabi tidak boleh mati di luar Kota Yerusalem.",
Lukas,13,34,Lukas 13:34,يَا أُورُشَلِيمُ، يَا أُورُشَلِيمُ! يَا قَاتِلَةَ ٱلْأَنْبِيَاءِ وَرَاجِمَةَ ٱلْمُرْسَلِينَ إِلَيْهَا، كَمْ مَرَّةٍ أَرَدْتُ أَنْ أَجْمَعَ أَوْلَادَكِ كَمَا تَجْمَعُ ٱلدَّجَاجَةُ فِرَاخَهَا تَحْتَ جَنَاحَيْهَا، وَلَمْ تُرِيدُوا!,"Yerusalem, Yerusalem! Kamu membunuh para nabi dan merajam orang yang diutus kepadamu! Berulang kali Aku rindu mengumpulkan anak-anakmu, sama seperti induk ayam yang mengumpulkan anak-anaknya di bawah sayapnya. Akan tetapi, kamu tidak mau.","Hai Yerusalem, Yerusalem! Kota yang menjatuhkan hukuman mati bagi nabi-nabi dan yang merajam semua orang yang diutus kepadamu! Berulang kali Aku hendak mengumpulkan anak-anakmu seperti seekor induk ayam yang mengumpulkan anak-anaknya di bawah kepaknya, tetapi kamu tidak mau!",
Lukas,13,35,Lukas 13:35,هُوَذَا بَيْتُكُمْ يُتْرَكُ لَكُمْ خَرَابًا! وَٱلْحَقَّ أَقُولُ لَكُمْ: إِنَّكُمْ لَا تَرَوْنَنِي حَتَّى يَأْتِيَ وَقْتٌ تَقُولُونَ فِيهِ: مُبَارَكٌ ٱلْآتِي بِٱسْمِ ٱلرَّبِّ!».,"Sekarang rumahmu akan dikosongkan dan menjadi sunyi. Aku berkata kepadamu, kamu tidak akan melihat Aku lagi sampai tiba waktunya kamu akan mengatakan, ‘Diberkatilah Ia yang datang dalam nama Tuhan! ’”","Sesungguhnya, rumahmu ini akan ditinggalkan sehingga menjadi sunyi. Aku pun berkata kepadamu, mulai saat ini kamu tidak akan melihat Aku lagi sampai suatu saat kamu berkata, ‘Mubaraklah Dia yang datang dalam nama Tuhan!’”",
Lukas,14,1,Lukas 14:1,وَإِذْ جَاءَ إِلَى بَيْتِ أَحَدِ رُؤَسَاءِ ٱلْفَرِّيسِيِّينَ فِي ٱلسَّبْتِ لِيَأْكُلَ خُبْزًا، كَانُوا يُرَاقِبُونَهُ.,"Pada suatu hari Sabat, Yesus datang ke rumah salah seorang pemimpin orang-orang Farisi untuk makan roti bersamanya dan mereka semua mengawasi-Nya.","Suatu kali pada hari Sabat, Isa pergi ke rumah seorang pemimpin dari mazhab Farisi untuk makan. Orang-orang terus memperhatikan Dia.",
Lukas,14,2,Lukas 14:2,وَإِذَا إِنْسَانٌ مُسْتَسْقٍ كَانَ قُدَّامَهُ.,"Waktu itu, ada seorang yang menderita busung air di depan-Nya.","Kemudian, datanglah kepada-Nya seorang laki-laki yang sakit busung.",
Lukas,14,3,Lukas 14:3,فَأَجَابَ يَسُوعُ وَكَلَّمَ ٱلنَّامُوسِيِّينَ وَٱلْفَرِّيسِيِّينَ قَائِلًا: «هَلْ يَحِلُّ ٱلْإِبْرَاءُ فِي ٱلسَّبْتِ؟».,"Yesus berkata kepada orang-orang Farisi dan ahli-ahli Taurat, “Apakah boleh menyembuhkan orang pada Hari Sabat?”","Lalu, Isa bersabda kepada ahli-ahli Kitab Suci Taurat dan orang-orang dari mazhab Farisi yang ada di situ, “Bolehkah menyembuhkan orang pada hari Sabat atau tidak?”",
Lukas,14,4,Lukas 14:4,فَسَكَتُوا. فَأَمْسَكَهُ وَأَبْرَأَهُ وَأَطْلَقَهُ.,"Akan tetapi, mereka tidak menjawab-Nya. Kemudian, Yesus pun memegang orang sakit itu dan menyembuhkannya, lalu menyuruh orang itu pergi.","Tetapi, mereka diam saja. Isa memegang tangan orang itu, menyembuhkan dia, kemudian menyuruhnya pergi.",
Lukas,14,5,Lukas 14:5,ثُمَّ أجَابَهم وَقَالَ: «مَنْ مِنْكُمْ يَسْقُطُ حِمَارُهُ أَوْ ثَوْرُهُ فِي بِئْرٍ وَلَا يَنْشُلُهُ حَالًا فِي يَوْمِ ٱلسَّبْتِ؟».,"Yesus berkata kepada mereka, “Siapakah dari antara kalian yang jika anaknya atau sapi jantannya jatuh ke dalam sumur pada hari Sabat, tidak segera menariknya ke luar?”","Sabda Isa lagi kepada mereka, “Seandainya keledai atau lembumu jatuh ke dalam sumur pada hari Sabat, apakah ada di antaramu yang tidak segera menariknya keluar?”",
Lukas,14,6,Lukas 14:6,فَلَمْ يَقْدِرُوا أَنْ يُجِيبُوهُ عَنْ ذَلِكَ.,"Maka, mereka pun tidak dapat membantah perkataan-Nya.",Mereka tidak dapat menjawab hal itu.,
Lukas,14,7,Lukas 14:7,وَقَالَ لِلْمَدْعُوِّينَ مَثَلًا، وَهُوَ يُلَاحِظُ كَيْفَ ٱخْتَارُوا ٱلْمُتَّكَآتِ ٱلْأُولَى قَائِلًا لَهُمْ:,"Kemudian, Yesus menceritakan sebuah perumpamaan kepada tamu-tamu undangan ketika Dia melihat bagaimana mereka memilih tempat-tempat duduk yang terhormat di sekitar meja makan, kata-Nya kepada mereka,","Isa melihat bagaimana orang-orang yang diundang ke perjamuan memilih tempat-tempat terhormat. Oleh karena itu, bersabdalah Ia kepada mereka,",
Lukas,14,8,Lukas 14:8,«مَتَى دُعِيتَ مِنْ أَحَدٍ إِلَى عُرْسٍ فَلَا تَتَّكِئْ فِي ٱلْمُتَّكَإِ ٱلْأَوَّلِ، لَعَلَّ أَكْرَمَ مِنْكَ يَكُونُ قَدْ دُعِيَ مِنْهُ.,"“Jika kamu diundang oleh seseorang ke sebuah pesta pernikahan , janganlah kamu duduk di tempat kehormatan karena tuan rumah itu mungkin sudah mengundang orang yang lebih terkemuka darimu.","“Apabila seseorang mengundang engkau ke pesta pernikahan, jangan duduk di tempat terhormat sebab mungkin orang itu sudah mengundang tamu lain yang lebih terhormat daripadamu,",
Lukas,14,9,Lukas 14:9,فَيَأْتِيَ ٱلَّذِي دَعَاكَ وَإِيَّاهُ وَيَقُولَ لَكَ: أَعْطِ مَكَانًا لِهَذَا. فَحِينَئِذٍ تَبْتَدِئُ بِخَجَلٍ تَأْخُذُ ٱلْمَوْضِعَ ٱلْأَخِيرَ.,"Lalu, tuan rumah itu akan mendatangimu dan berkata, ‘Berikanlah tempatmu kepada orang ini!’ Dan, kamu pun harus pindah ke tempat yang paling rendah dengan merasa malu.","lalu orang yang mengundang engkau datang bersama tamu itu dan berkata kepadamu, ‘Berilah tempat ini kepada orang ini.’ Akibatnya dengan rasa malu engkau harus pindah ke tempat yang paling rendah.",
Lukas,14,10,Lukas 14:10,بَلْ مَتَى دُعِيتَ فَٱذْهَبْ وَٱتَّكِئْ فِي ٱلْمَوْضِعِ ٱلْأَخِيرِ، حَتَّى إِذَا جَاءَ ٱلَّذِي دَعَاكَ يَقُولُ لَكَ: يَا صَدِيقُ، ٱرْتَفِعْ إِلَى فَوْقُ. حِينَئِذٍ يَكُونُ لَكَ مَجْدٌ أَمَامَ ٱلْمُتَّكِئِينَ مَعَكَ.,"Namun, apabila kamu diundang, duduklah di tempat yang paling belakang supaya ketika yang mengundang engkau datang, ia akan berkata kepadamu, ‘Sahabat, pindahlah ke tempat yang lebih terhormat.’ Dengan demikian, kamu akan mendapat penghormatan di hadapan orang-orang yang duduk makan bersama denganmu.","Sebaliknya, apabila seseorang mengundangmu, duduklah di tempat yang paling rendah. Mungkin orang yang mengundangmu itu akan datang kepadamu dan berkata, ‘Kawan, silakan duduk di sana, di depan.’ Dengan demikian, engkau akan dihormati di hadapan semua tamu yang ada di situ.",
Lukas,14,11,Lukas 14:11,لِأَنَّ كُلَّ مَنْ يَرْفَعُ نَفْسَهُ يَتَّضِعُ وَمَنْ يَضَعُ نَفْسَهُ يَرْتَفِعُ».,"Sebab, semua orang yang meninggikan dirinya akan direndahkan, tetapi ia yang merendahkan dirinya akan ditinggikan.”",Sebab orang yang meninggikan dirinya akan direndahkan dan orang yang merendahkan dirinya akan ditinggikan.”,
Lukas,14,12,Lukas 14:12,وَقَالَ أَيْضًا لِلَّذِي دَعَاهُ: «إِذَا صَنَعْتَ غَدَاءً أَوْ عَشَاءً فَلَا تَدْعُ أَصْدِقَاءَكَ وَلَا إِخْوَتَكَ وَلَا أَقْرِبَاءَكَ وَلَا ٱلْجِيرَانَ ٱلْأَغْنِيَاءَ، لِئَلَّا يَدْعُوكَ هُمْ أَيْضًا، فَتَكُونَ لَكَ مُكَافَاةٌ.,"Lalu, Yesus berkata kepada orang yang mengundang-Nya itu, “Bila kamu mengadakan jamuan makan siang atau makan malam, jangan mengundang teman-teman, saudara-saudara, kaum keluarga, atau tetanggamu yang kaya karena mereka akan membalasmu dengan mengundangmu untuk makan bersama mereka.","Lalu, Isa bersabda kepada orang yang mengundang-Nya, “Apabila engkau mengadakan pesta, entah itu siang hari atau malam hari, jangan undang sahabat-sahabatmu, saudara-saudaramu, kaum keluargamu, atau orang sekampungmu yang kaya-kaya sebab mereka akan balik mengundangmu dan dengan demikian engkau sudah menerima balasannya.",
Lukas,14,13,Lukas 14:13,بَلْ إِذَا صَنَعْتَ ضِيَافَةً فَٱدْعُ: ٱلْمَسَاكِينَ، ٱلْجُدْعَ، ٱلْعُرْجَ، ٱلْعُمْيَ،,"Akan tetapi, jika kamu mengadakan pesta, undanglah orang-orang miskin, orang-orang cacat, orang-orang lumpuh, dan orang-orang buta.","Sebaliknya, apabila engkau mengadakan pesta, undanglah orang-orang yang miskin, cacat, lumpuh, dan buta.",
Lukas,14,14,Lukas 14:14,فَيَكُونَ لَكَ ٱلطُّوبَى إِذْ لَيْسَ لَهُمْ حَتَّى يُكَافُوكَ، لِأَنَّكَ تُكَافَى فِي قِيَامَةِ ٱلْأَبْرَارِ».,"Dan, kamu akan diberkati karena orang-orang ini tidak dapat membalasmu kembali; kamu akan mendapat balasannya pada waktu kebangkitan orang-orang benar.”",Engkau akan berbahagia sebab mereka tidak mempunyai apa-apa untuk membalas undanganmu. Engkau akan memperoleh balasannya pada waktu orang-orang benar dihidupkan kembali.”,
Lukas,14,15,Lukas 14:15,فَلَمَّا سَمِعَ ذَلِكَ وَاحِدٌ مِنَ ٱلْمُتَّكِئِينَ قَالَ لَهُ: «طُوبَى لِمَنْ يَأْكُلُ خُبْزًا فِي مَلَكُوتِ ٱللهِ».,"Ketika salah seorang yang makan bersama-Nya mendengar perkataan-perkataan ini, orang itu berkata kepada-Nya, “Diberkatilah orang yang akan makan roti di dalam Kerajaan Allah.”","Ketika salah seorang tamu yang duduk makan di situ mendengar Isa bersabda begitu, berkatalah ia, “Berbahagialah orang yang kelak akan dijamu dalam Kerajaan Allah.”",
Lukas,14,16,Lukas 14:16,فَقَالَ لَهُ: «إِنْسَانٌ صَنَعَ عَشَاءً عَظِيمًا وَدَعَا كَثِيرِينَ،,"Akan tetapi, kata Yesus kepada orang itu, “Ada seseorang yang mengadakan jamuan makan malam yang besar dan ia mengundang banyak orang,","Sabda Isa kepada orang itu, “Ada seorang yang mengadakan pesta besar dan mengundang banyak orang.",
Lukas,14,17,Lukas 14:17,وَأَرْسَلَ عَبْدَهُ فِي سَاعَةِ ٱلْعَشَاءِ لِيَقُولَ لِلْمَدْعُوِّينَ: تَعَالَوْا لِأَنَّ كُلَّ شَيْءٍ قَدْ أُعِدَّ.,"dan ketika waktu makan malam sudah tiba, orang itu menyuruh hambanya untuk berkata kepada para tamu yang sudah diundang itu, ‘Datanglah, karena semuanya sudah siap.’","Ketika pesta akan dimulai, ia menyuruh hambanya pergi kepada para undangan untuk berkata, ‘Silakan datang! Semuanya sudah siap.’",
Lukas,14,18,Lukas 14:18,فَٱبْتَدَأَ ٱلْجَمِيعُ بِرَأْيٍ وَاحِدٍ يَسْتَعْفُونَ. قَالَ لَهُ ٱلْأَوَّلُ: إِنِّي ٱشْتَرَيْتُ حَقْلًا، وَأَنَا مُضْطَرٌّ أَنْ أَخْرُجَ وَأَنْظُرَهُ. أَسْأَلُكَ أَنْ تُعْفِيَنِي.,"Namun, semua tamu undangan itu mulai membuat alasan-alasan. Orang pertama berkata, ‘Aku baru membeli sebuah ladang dan aku harus pergi melihatnya. Terimalah permintaan maafku.’","Tetapi, mereka semua sama-sama meminta maaf. Yang seorang berkata, ‘Aku baru membeli ladang dan aku harus pergi memeriksanya. Aku minta maaf.’",
Lukas,14,19,Lukas 14:19,وَقَالَ آخَرُ: إِنِّي ٱشْتَرَيْتُ خَمْسَةَ أَزْوَاجِ بَقَرٍ، وَأَنَا مَاضٍ لِأَمْتَحِنَهَا. أَسْأَلُكَ أَنْ تُعْفِيَنِي.,"Yang lain berkata, ‘Aku baru membeli lima pasang sapi dan aku harus pergi untuk memeriksa sapi-sapi itu. Terimalah permintaan maafku.’","Sedangkan yang lain berkata, ‘Aku sudah membeli lima pasang lembu. Aku perlu pergi untuk mencobanya. Aku minta maaf.’",
Lukas,14,20,Lukas 14:20,وَقَالَ آخَرُ: إِنِّي تَزَوَّجْتُ بِٱمْرَأَةٍ، فَلِذَلِكَ لَا أَقْدِرُ أَنْ أَجِيءَ.,"Sementara yang lain lagi berkata, ‘Aku baru saja menikah. Karena itu, aku tidak bisa datang.’","Yang lain lagi berkata, ‘Aku baru menikah, jadi aku tidak dapat datang.’",
Lukas,14,21,Lukas 14:21,فَأَتَى ذَلِكَ ٱلْعَبْدُ وَأَخْبَرَ سَيِّدَهُ بِذَلِكَ. حِينَئِذٍ غَضِبَ رَبُّ ٱلْبَيْتِ، وَقَالَ لِعَبْدِهِ: ٱخْرُجْ عَاجِلًا إِلَى شَوَارِعِ ٱلْمَدِينَةِ وَأَزِقَّتِهَا، وَأَدْخِلْ إِلَى هُنَا ٱلْمَسَاكِينَ وَٱلْجُدْعَ وَٱلْعُرْجَ وَٱلْعُمْيَ.,"Lalu, pelayan itu pun kembali dan melaporkan semuanya kepada tuannya. Maka, majikannya itu menjadi marah, lalu berkata kepada pelayannya, ‘Cepatlah! Pergi ke jalan-jalan dan setiap gang di kota ini. Bawalah kepadaku orang-orang miskin, orang-orang lumpuh, orang-orang pincang, dan orang-orang buta.’","Hamba itu kembali dan memberitahukan hal itu kepada tuannya. Tuan itu marah sekali, lalu berkata kepada hambanya, ‘Cepat, pergilah ke jalan-jalan dan lorong-lorong di kota. Ajaklah kemari orang-orang miskin, cacat, buta, dan lumpuh.’",
Lukas,14,22,Lukas 14:22,فَقَالَ ٱلْعَبْدُ: يَا سَيِّدُ، قَدْ صَارَ كَمَا أَمَرْتَ، وَيُوجَدُ أَيْضًا مَكَانٌ.,"Kemudian, pelayan itu berkata kepadanya, ‘Tuan, aku sudah melakukan apa yang engkau perintahkan, tetapi masih ada tempat kosong.’","Hamba itu menjawab, ‘Perintah Tuan sudah dilaksanakan, tetapi masih ada tempat yang kosong, Tuan.’",
Lukas,14,23,Lukas 14:23,فَقَالَ ٱلسَّيِّدُ لِلْعَبْدِ: ٱخْرُجْ إِلَى ٱلطُّرُقِ وَٱلسِّيَاجَاتِ وَأَلْزِمْهُمْ بِٱلدُّخُولِ حَتَّى يَمْتَلِئَ بَيْتِي،,"Tuan itu berkata kepada pelayannya, ‘Pergilah ke jalan-jalan raya dan setiap gang. Ajaklah orang-orang di sana untuk datang kemari supaya rumahku menjadi penuh.","Maka, tuan itu berkata kepada hambanya, ‘Pergilah sekarang ke jalan-jalan raya dan kampung-kampung. Ajaklah orang-orang di situ untuk datang supaya rumahku terisi penuh.’",
Lukas,14,24,Lukas 14:24,لِأَنِّي أَقُولُ لَكُمْ: إِنَّهُ لَيْسَ وَاحِدٌ مِنْ أُولَئِكَ ٱلرِّجَالِ ٱلْمَدْعُوِّينَ يَذُوقُ عَشَائِي».,"Aku berkata kepadamu, tidak seorang pun dari mereka yang aku undang sebelumnya itu akan menikmati makanan sajianku.’”","Lalu, tuan itu berkata lagi, ‘Aku berkata kepadamu, tak seorang pun dari antara orang-orang yang pertama diundang itu boleh menikmati perjamuanku ini.’”",
Lukas,14,25,Lukas 14:25,وَكَانَ جُمُوعٌ كَثِيرَةٌ سَائِرِينَ مَعَهُ، فَٱلْتَفَتَ وَقَالَ لَهُمْ:,"Banyak orang berjalan bersama-sama dengan Yesus. Kemudian, Dia menoleh kepada mereka dan berkata,","Banyak orang sedang turut berjalan bersama Isa. Kemudian, Isa menoleh dan bersabda kepada mereka,",
Lukas,14,26,Lukas 14:26,«إِنْ كَانَ أَحَدٌ يَأْتِي إِلَيَّ وَلَا يُبْغِضُ أَبَاهُ وَأُمَّهُ وَٱمْرَأَتَهُ وَأَوْلَادَهُ وَإِخْوَتَهُ وَأَخَوَاتِهِ، حَتَّى نَفْسَهُ أَيْضًا، فَلَا يَقْدِرُ أَنْ يَكُونَ لِي تِلْمِيذًا.,"“Jika seseorang datang kepada-Ku, tetapi tidak membenci ayah dan ibunya, istri dan anak-anaknya, saudara laki-laki dan saudara perempuannya, bahkan hidupnya sendiri, ia tidak bisa menjadi murid-Ku.","“Siapa datang kepada-Ku, tetapi tidak membenci ayahnya, ibunya, istrinya, anak-anaknya, saudara-saudaranya laki-laki, saudara-saudaranya perempuan, bahkan dirinya sendiri, ia tidak dapat menjadi pengikut-Ku.",
Lukas,14,27,Lukas 14:27,وَمَنْ لَا يَحْمِلُ صَلِيبَهُ وَيَأْتِي وَرَائِي فَلَا يَقْدِرُ أَنْ يَكُونَ لِي تِلْمِيذًا.,"Siapa pun yang tidak memikul salibnya dan mengikuti Aku, ia tidak bisa menjadi murid-Ku.","Siapa tidak memikul salibnya sendiri dan mengikut Aku, ia tidak dapat menjadi pengikut-Ku.",
Lukas,14,28,Lukas 14:28,وَمَنْ مِنْكُمْ وَهُوَ يُرِيدُ أَنْ يَبْنِيَ بُرْجًا لَا يَجْلِسُ أَوَّلًا وَيَحْسِبُ ٱلنَّفَقَةَ، هَلْ عِنْدَهُ مَا يَلْزَمُ لِكَمَالِهِ؟,"Siapakah di antara kamu yang ingin mendirikan sebuah menara, tetapi tidak duduk terlebih dahulu dan menghitung biaya untuk mengetahui apakah ia memiliki cukup uang untuk menyelesaikannya?","Jika seorang di antaramu hendak membangun sebuah menara, masakan ia tidak duduk dahulu menghitung anggarannya untuk mengetahui apakah uangnya cukup untuk menyelesaikannya?",
Lukas,14,29,Lukas 14:29,لِئَلَّا يَضَعَ ٱلْأَسَاسَ وَلَا يَقْدِرَ أَنْ يُكَمِّلَ، فَيَبْتَدِئَ جَمِيعُ ٱلنَّاظِرِينَ يَهْزَأُونَ بِهِ،,"Jika tidak demikian, ketika ia meletakkan fondasi dan tidak sanggup menyelesaikannya, semua orang yang melihatnya akan menertawakan dia.","Jika demikian halnya, maka mungkin ia dapat mulai membangun dasarnya, tetapi kemudian tidak dapat menyelesaikan pekerjaannya sehingga semua orang yang melihat hal itu akan mengejeknya.",
Lukas,14,30,Lukas 14:30,قَائِلِينَ: هَذَا ٱلْإِنْسَانُ ٱبْتَدَأَ يَبْنِي وَلَمْ يَقْدِرْ أَنْ يُكَمِّلَ.,"Orang-orang itu akan berkata, ‘Orang ini mulai membangun, tetapi ia tidak sanggup menyelesaikannya.’","Mereka akan berkata, ‘Orang ini membangun, tetapi tidak mampu menyelesaikannya.’",
Lukas,14,31,Lukas 14:31,وَأَيُّ مَلِكٍ إِنْ ذَهَبَ لِمُقَاتَلَةِ مَلِكٍ آخَرَ فِي حَرْبٍ، لَا يَجْلِسُ أَوَّلًا وَيَتَشَاوَرُ: هَلْ يَسْتَطِيعُ أَنْ يُلَاقِيَ بِعَشَرَةِ آلَافٍ ٱلَّذِي يَأْتِي عَلَيْهِ بِعِشْرِينَ أَلْفًا؟,"Atau, raja manakah yang akan pergi berperang melawan raja lain, tetapi tidak duduk terlebih dahulu dan mempertimbangkan apakah ia bersama 10.000 tentaranya dapat melawan musuhnya yang memiliki 20.000 tentara?","Atau jika seorang raja hendak berperang melawan raja lainnya, masakan ia tidak duduk dahulu untuk mempertimbangkan apakah dengan sepuluh ribu prajurit ia sanggup menghadapi raja lain dengan dua puluh ribu prajurit?",
Lukas,14,32,Lukas 14:32,وَإِلَّا فَمَا دَامَ ذَلِكَ بَعِيدًا، يُرْسِلُ سِفَارَةً وَيَسْأَلُ مَا هُوَ لِلصُّلْحِ.,"Jika ia tidak dapat mengalahkan raja lain itu, ia akan mengirim seorang utusan dan menanyakan syarat-syarat perdamaian ketika pasukan lawannya itu masih jauh.","Jika ia merasa tidak sanggup, tentu sementara lawannya itu masih jauh, ia akan mengirim utusan untuk membicarakan syarat-syarat perdamaian.",
Lukas,14,33,Lukas 14:33,فَكَذَلِكَ كُلُّ وَاحِدٍ مِنْكُمْ لَا يَتْرُكُ جَمِيعَ أَمْوَالِهِ، لَا يَقْدِرُ أَنْ يَكُونَ لِي تِلْمِيذًا.,"Begitu juga dengan kamu masing-masing, tidak ada seorang pun di antaramu yang dapat menjadi murid-Ku jika ia tidak menyerahkan seluruh kepunyaannya.”","Demikian pula setiap orang di antaramu yang tidak meninggalkan segala miliknya, ia tidak dapat menjadi pengikut-Ku.",
Lukas,14,34,Lukas 14:34,«اَلْمِلْحُ جَيِّدٌ. وَلَكِنْ إِذَا فَسَدَ ٱلْمِلْحُ، فَبِمَاذَا يُصْلَحُ؟,"“Garam itu baik, tetapi jika garam itu sudah kehilangan rasa asinnya, bagaimanakah membuatnya asin kembali?","Garam memang baik, tetapi apabila garam menjadi tawar, dengan apakah garam itu dapat diasinkan?",
Lukas,14,35,Lukas 14:35,لَا يَصْلُحُ لِأَرْضٍ وَلَا لِمَزْبَلَةٍ، فَيَطْرَحُونَهُ خَارِجًا. مَنْ لَهُ أُذُنَانِ لِلسَّمْعِ، فَلْيَسْمَعْ».,"Garam itu bahkan tidak lagi dapat digunakan untuk ladang atau pupuk sehingga orang hanya akan membuangnya. Siapa yang mempunyai telinga untuk mendengar, biarlah ia mendengar!”","Garam itu tidak lagi berguna, baik untuk ladang maupun untuk pupuk, dan orang pun akan membuangnya. Siapa bertelinga, dengarlah!”",
Lukas,15,1,Lukas 15:1,وَكَانَ جَمِيعُ ٱلْعَشَّارِينَ وَٱلْخُطَاةِ يَدْنُونَ مِنْهُ لِيَسْمَعُوهُ.,Para pengumpul pajak dan orang berdosa mendekat kepada Yesus untuk mendengarkan-Nya.,Banyak pemungut cukai dan orang berdosa yang datang kepada Isa untuk mendengarkan ajaran-ajaran-Nya.,
Lukas,15,2,Lukas 15:2,فَتَذَمَّرَ ٱلْفَرِّيسِيُّونَ وَٱلْكَتَبَةُ قَائِلِينَ: «هَذَا يَقْبَلُ خُطَاةً وَيَأْكُلُ مَعَهُمْ!».,"Kemudian orang-orang Farisi dan ahli-ahli Taurat mulai menggerutu, “Orang ini menerima orang-orang berdosa dan bahkan makan bersama mereka.”","Melihat hal itu, orang-orang dari mazhab Farisi dan ahli-ahli Kitab Suci Taurat bersungut-sungut. Mereka berkata, “Orang ini menerima orang-orang berdosa, bahkan duduk makan dengan mereka.”",
Lukas,15,3,Lukas 15:3,فَكَلَّمَهُمْ بِهَذَا ٱلْمَثَلِ قَائِلًا:,"Kemudian Yesus mengatakan perumpamaan ini kepada mereka, kata-Nya,","Karena itu, Isa menyampaikan suatu ibarat kepada mereka.",
Lukas,15,4,Lukas 15:4,«أَيُّ إِنْسَانٍ مِنْكُمْ لَهُ مِئَةُ خَرُوفٍ، وَأَضَاعَ وَاحِدًا مِنْهَا، أَلَا يَتْرُكُ ٱلتِّسْعَةَ وَٱلتِّسْعِينَ فِي ٱلْبَرِّيَّةِ، وَيَذْهَبَ لِأَجْلِ ٱلضَّالِّ حَتَّى يَجِدَهُ؟,"“Siapakah di antara kamu yang jika memiliki 100 ekor domba, dan kehilangan seekor, tidak akan meninggalkan 99 ekor lainnya di padang belantara untuk pergi mencari yang tersesat itu sampai ia menemukannya?","Sabda-Nya, “Jika di antaramu ada seorang yang mempunyai seratus ekor domba, lalu seekor di antaranya hilang, apakah ia tidak akan meninggalkan yang sembilan puluh sembilan itu di padang, lalu cepat-cepat pergi mencari seekor yang hilang itu sampai ia menemukannya?",
Lukas,15,5,Lukas 15:5,وَإِذَا وَجَدَهُ يَضَعُهُ عَلَى مَنْكِبَيْهِ فَرِحًا،,"Dan, ketika ia menemukannya, ia akan menggendong domba itu di atas bahunya dan sangat bersukacita.","Setelah domba itu ditemukan, ia akan bergembira, lalu mengangkat domba itu dan menaruhnya di atas pundaknya.",
Lukas,15,6,Lukas 15:6,وَيَأْتِي إِلَى بَيْتِهِ وَيَدْعُو ٱلْأَصْدِقَاءَ وَٱلْجِيرَانَ قَائِلًا لَهُمُ: ٱفْرَحُوا مَعِي، لِأَنِّي وَجَدْتُ خَرُوفِي ٱلضَّالَّ!,"Setibanya di rumah, ia akan pergi menemui teman-teman dan tetangga-tetangganya serta berkata kepada mereka, ‘Bergembiralah bersamaku karena aku sudah menemukan dombaku yang hilang.’","Sesampainya di rumah, ia akan memanggil sahabat-sahabatnya dan tetangga-tetangganya serta berkata, ‘Bergembiralah bersama-sama dengan aku sebab aku sudah menemukan dombaku yang hilang!’",
Lukas,15,7,Lukas 15:7,أَقُولُ لَكُمْ: إِنَّهُ هَكَذَا يَكُونُ فَرَحٌ فِي ٱلسَّمَاءِ بِخَاطِئٍ وَاحِدٍ يَتُوبُ أَكْثَرَ مِنْ تِسْعَةٍ وَتِسْعِينَ بَارًّا لَا يَحْتَاجُونَ إِلَى تَوْبَةٍ.,"Aku berkata kepadamu, demikianlah akan ada sukacita yang lebih besar di surga atas 1 orang berdosa yang bertobat daripada atas 99 orang benar yang tidak membutuhkan pertobatan.","Aku berkata kepadamu, demikian pula akan ada kesukaan yang lebih besar di surga atas satu orang berdosa yang bertobat daripada atas sembilan puluh sembilan orang benar yang tidak memerlukan pertobatan.”",
Lukas,15,8,Lukas 15:8,«أَوْ أَيَّةُ ٱمْرَأَةٍ لَهَا عَشْرَةُ دَرَاهِمَ، إِنْ أَضَاعَتْ دِرْهَمًا وَاحِدًا، أَلَا تُوقِدُ سِرَاجًا وَتَكْنُسُ ٱلْبَيْتَ وَتُفَتِّشُ بِٱجْتِهَادٍ حَتَّى تَجِدَهُ؟,"Atau perempuan mana yang mempunyai sepuluh keping uang perak, jika ia kehilangan satu keping di antaranya, tidak menyalakan pelita dan menyapu rumahnya, lalu mencari keping uang itu dengan hati-hati sampai ia menemukannya?","“Jika seorang perempuan mempunyai sepuluh dirham, lalu satu keping di antaranya hilang, masakan ia tidak menyalakan pelita dan menyapu lantai rumahnya serta mencari uang itu dengan sungguh-sungguh sampai ia mendapatkannya kembali?",
Lukas,15,9,Lukas 15:9,وَإِذَا وَجَدَتْهُ تَدْعُو ٱلصَّدِيقَاتِ وَٱلْجَارَاتِ قَائِلَةً: ٱفْرَحْنَ مَعِي لِأَنِّي وَجَدْتُ ٱلدِّرْهَمَ ٱلَّذِي أَضَعْتُهُ.,"Dan, apabila ia menemukannya, ia memanggil teman-teman dan tetangga-tetangganya dan berkata kepada mereka, ‘Bergembiralah bersamaku karena aku sudah menemukan sekeping yang hilang itu.’","Setelah uang itu ditemukan, ia akan memanggil sahabat-sahabatnya dan tetangga-tetangganya serta berkata, ‘Bergembiralah bersama-sama dengan aku karena aku sudah menemukan kembali uangku yang hilang!’",
Lukas,15,10,Lukas 15:10,هَكَذَا، أَقُولُ لَكُمْ: يَكُونُ فَرَحٌ قُدَّامَ مَلَائِكَةِ ٱللهِ بِخَاطِئٍ وَاحِدٍ يَتُوبُ.,"Aku berkata kepadamu, demikian juga ada sukacita di antara para malaikat Allah karena satu orang berdosa yang bertobat.”","Aku berkata kepadamu, demikian pula akan ada kesukaan di antara malaikat-malaikat Allah karena satu orang berdosa bertobat.”",
Lukas,15,11,Lukas 15:11,وَقَالَ: «إِنْسَانٌ كَانَ لَهُ ٱبْنَانِ.,"Kemudian Yesus berkata, “Ada seseorang yang mempunyai dua anak laki-laki.","Lalu, Isa bersabda lagi, “Ada seorang bapak yang mempunyai dua orang anak laki-laki.",
Lukas,15,12,Lukas 15:12,فَقَالَ أَصْغَرُهُمَا لِأَبِيهِ: يَا أَبِي أَعْطِنِي ٱلْقِسْمَ ٱلَّذِي يُصِيبُنِي مِنَ ٱلْمَالِ. فَقَسَمَ لَهُمَا مَعِيشَتَهُ.,"Anak yang bungsu berkata kepada ayahnya, ‘Ayah, berikan kepadaku bagian harta yang menjadi milikku.’ Maka, ayahnya pun membagi kekayaannya kepada kedua anaknya.","Anak yang bungsu berkata kepada ayahnya, ‘Ayah, berikanlah kepadaku harta yang menjadi bagianku.’ Maka, ayahnya membagikan hartanya kepada kedua anaknya itu.",
Lukas,15,13,Lukas 15:13,وَبَعْدَ أَيَّامٍ لَيْسَتْ بِكَثِيرَةٍ جَمَعَ ٱلِٱبْنُ ٱلْأَصْغَرُ كُلَّ شَيْءٍ وَسَافَرَ إِلَى كُورَةٍ بَعِيدَةٍ، وَهُنَاكَ بَذَّرَ مَالَهُ بِعَيْشٍ مُسْرِفٍ.,"Tidak lama kemudian, anak bungsu itu mengumpulkan semua miliknya, lalu pergi ke negeri yang jauh dan di sana ia menghambur-hamburkan miliknya itu dengan hidup berfoya-foya.","Beberapa hari kemudian, anak yang bungsu itu berkemas-kemas, lalu pergi ke negeri yang jauh. Di sana ia memboroskan hartanya dengan hidup berfoya-foya.",
Lukas,15,14,Lukas 15:14,فَلَمَّا أَنْفَقَ كُلَّ شَيْءٍ، حَدَثَ جُوعٌ شَدِيدٌ فِي تِلْكَ ٱلْكُورَةِ، فَٱبْتَدَأَ يَحْتَاجُ.,"Ketika ia sudah menghabiskan semuanya, terjadilah bencana kelaparan yang hebat di negeri itu, dan ia pun mulai berkekurangan.","Setelah semuanya habis, terjadilah kelaparan besar di seluruh negeri itu sehingga ia mulai berkekurangan.",
Lukas,15,15,Lukas 15:15,فَمَضَى وَٱلْتَصَقَ بِوَاحِدٍ مِنْ أَهْلِ تِلْكَ ٱلْكُورَةِ، فَأَرْسَلَهُ إِلَى حُقُولِهِ لِيَرْعَى خَنَازِيرَ.,"Jadi, pergilah ia dan bekerja pada seorang penduduk negeri itu, yang menyuruhnya ke ladang untuk memberi makan babi-babinya.","Jadi, pergilah ia bekerja pada salah seorang penduduk negeri itu, yang kemudian menyuruhnya menjaga babi-babinya di ladang.",
Lukas,15,16,Lukas 15:16,وَكَانَ يَشْتَهِي أَنْ يَمْلَأَ بَطْنَهُ مِنَ ٱلْخُرْنُوبِ ٱلَّذِي كَانَتِ ٱلْخَنَازِيرُ تَأْكُلُهُ، فَلَمْ يُعْطِهِ أَحَدٌ.,"Ia ingin sekali mengisi perutnya dengan buah karob yang dimakan babi-babi itu, tetapi tidak ada seorang pun yang memberi kepadanya.","Ia ingin sekali bisa mengisi perutnya dengan ampas kacang yang menjadi makanan babi-babi itu, tetapi tak seorang pun memberikannya kepadanya.",
Lukas,15,17,Lukas 15:17,فَرَجَعَ إِلَى نَفْسِهِ وَقَالَ: كَمْ مِنْ أَجِيرٍ لِأَبِي يَفْضُلُ عَنْهُ ٱلْخُبْزُ وَأَنَا أَهْلِكُ جُوعًا!,"Ketika anak bungsu itu sadar, ia berkata, ‘Betapa banyaknya pekerja-pekerja ayahku yang memiliki makanan yang berlimpah-limpah, tetapi aku di sini hampir mati kelaparan.","Setelah ia menyadari keadaannya, berkatalah ia, ‘Orang-orang upahan di rumah ayahku diberi makan berlimpah-limpah, sedangkan aku di sini setengah mati kelaparan!",
Lukas,15,18,Lukas 15:18,أَقُومُ وَأَذْهَبُ إِلَى أَبِي وَأَقُولُ لَهُ: يَا أَبِي، أَخْطَأْتُ إِلَى ٱلسَّمَاءِ وَقُدَّامَكَ،,"Aku akan bangun dan kembali kepada ayahku. Aku akan berkata kepadanya: Ayah, aku sudah berdosa terhadap surga dan di hadapanmu.","Aku akan berangkat dan pergi kepada ayahku. Aku akan berkata kepadanya: Ayah, aku sudah berdosa terhadap Allah dan juga terhadap Ayah!",
Lukas,15,19,Lukas 15:19,وَلَسْتُ مُسْتَحِقًّا بَعْدُ أَنْ أُدْعَى لَكَ ٱبْنًا. اِجْعَلْنِي كَأَحَدِ أَجْرَاكَ.,"Aku tidak lagi pantas disebut anakmu, jadikanlah aku sebagai salah seorang pekerjamu.’","Aku tidak layak lagi disebut anak Ayah. Terimalah aku sebagai seorang upahan saja, Ayah!’",
Lukas,15,20,Lukas 15:20,فَقَامَ وَجَاءَ إِلَى أَبِيهِ. وَإِذْ كَانَ لَمْ يَزَلْ بَعِيدًا رَآهُ أَبُوهُ، فَتَحَنَّنَ وَرَكَضَ وَوَقَعَ عَلَى عُنُقِهِ وَقَبَّلَهُ.,"Maka, berdirilah ia dan pergi kepada ayahnya. Akan tetapi, ketika anak itu masih sangat jauh, ayahnya melihat dia dan dengan penuh belas kasihan, ayahnya itu berlari lalu memeluk dan menciumnya.","Maka, ia pun berangkat dan pergi kepada ayahnya. Ketika ia masih di kejauhan, ayahnya sudah melihat dia, lalu tergeraklah hatinya oleh belas kasihan. Ia berlari menemui anaknya, lalu dirangkulnya anak itu dan diciumnya.",
Lukas,15,21,Lukas 15:21,فَقَالَ لَهُ ٱلِٱبْنُ: يَا أَبِي، أَخْطَأْتُ إِلَى ٱلسَّمَاءِ وَقُدَّامَكَ، وَلَسْتُ مُسْتَحِقًّا بَعْدُ أَنْ أُدْعَى لَكَ ٱبْنًا.,"Kemudian, anak itu berkata kepada ayahnya, ‘Ayah, aku sudah berdosa terhadap surga dan di hadapanmu. Aku tidak lagi pantas disebut anakmu.’","Anaknya berkata kepadanya, ‘Ayah, aku berdosa terhadap Allah dan terhadap Ayah. Aku tidak layak disebut anak Ayah lagi.’",
Lukas,15,22,Lukas 15:22,فَقَالَ ٱلْأَبُ لِعَبِيدِهِ: أَخْرِجُوا ٱلْحُلَّةَ ٱلْأُولَى وَأَلْبِسُوهُ، وَٱجْعَلُوا خَاتَمًا فِي يَدِهِ، وَحِذَاءً فِي رِجْلَيْهِ،,"Namun, ayahnya itu berkata kepada pelayan-pelayannya, ‘Cepat! Bawalah jubah yang terbaik lalu pakaikanlah kepadanya. Pakaikan juga cincin di jari tangannya dan sandal di kakinya.","Tetapi, ayahnya itu berkata kepada hamba-hambanya, ‘Segeralah ambil pakaian yang terbaik, lalu pakaikan kepadanya. Masukkan cincin pada jarinya dan pakaikan dia kasut.",
Lukas,15,23,Lukas 15:23,وَقَدِّمُوا ٱلْعِجْلَ ٱلْمُسَمَّنَ وَٱذْبَحُوهُ فَنَأْكُلَ وَنَفْرَحَ،,"Bawalah kemari anak sapi yang gemuk dan sembelihlah. Mari kita makan dan bergembira,",Ambillah anak lembu yang gemuk dan sembelihlah lembu itu. Mari kita makan dan bersukaria,
Lukas,15,24,Lukas 15:24,لِأَنَّ ٱبْنِي هَذَا كَانَ مَيِّتًا فَعَاشَ، وَكَانَ ضَالًّا فَوُجِدَ. فَٱبْتَدَأُوا يَفْرَحُونَ.,"karena anakku ini telah mati, tetapi sekarang hidup kembali! Ia telah hilang, tetapi sekarang telah ditemukan!’ Maka mereka pun mulai bergembira.”","karena anakku ini dulu mati, tetapi sekarang hidup kembali. Ia dulu hilang, tetapi sekarang aku mendapatkannya kembali.’ Maka, mereka semua bersukaria.",
Lukas,15,25,Lukas 15:25,وَكَانَ ٱبْنُهُ ٱلْأَكْبَرُ فِي ٱلْحَقْلِ. فَلَمَّا جَاءَ وَقَرُبَ مِنَ ٱلْبَيْتِ، سَمِعَ صَوْتَ آلَاتِ طَرَبٍ وَرَقْصًا.,"“Waktu itu, si anak sulung sedang berada di ladang, dan ketika ia sudah berada di dekat rumahnya, ia mendengar suara musik dan tari-tarian.","Pada waktu itu anaknya yang sulung sedang berada di ladang. Ketika ia pulang dan sudah dekat rumah, ia mendengar bunyi musik dan orang menari.",
Lukas,15,26,Lukas 15:26,فَدَعَا وَاحِدًا مِنَ ٱلْغِلْمَانِ وَسَأَلَهُ: مَا عَسَى أَنْ يَكُونَ هَذَا؟,"Jadi, ia memanggil salah satu dari hamba-hamba itu dan bertanya tentang apa yang sedang terjadi.","Lalu, ia memanggil seorang hamba dan bertanya, ‘Ada apa ini di rumah?’",
Lukas,15,27,Lukas 15:27,فَقَالَ لَهُ: أَخُوكَ جَاءَ فَذَبَحَ أَبُوكَ ٱلْعِجْلَ ٱلْمُسَمَّنَ، لِأَنَّهُ قَبِلَهُ سَالِمًا.,"Jawab pelayan itu kepadanya, ‘Adikmu sudah datang, dan ayahmu menyembelih anak sapi yang gemuk , karena ia kembali dengan selamat.’","Hamba itu menjawab, ‘Adik Tuan kembali. Ayah Tuan menyembelih anak lembu yang gemuk sebab ia sudah mendapatkan anaknya kembali dengan selamat di rumah.’",
Lukas,15,28,Lukas 15:28,فَغَضِبَ وَلَمْ يُرِدْ أَنْ يَدْخُلَ. فَخَرَجَ أَبُوهُ يَطْلُبُ إِلَيْهِ.,"Namun, anak sulung itu marah dan tidak mau masuk sehingga ayahnya keluar dan membujuknya.","Anak yang sulung itu menjadi sangat marah. Ia tidak mau masuk ke rumah. Kemudian, ayahnya keluar untuk membujuknya.",
Lukas,15,29,Lukas 15:29,فَأَجَابَ وَقَالَ لِأَبِيهِ: هَا أَنَا أَخْدِمُكَ سِنِينَ هَذَا عَدَدُهَا، وَقَطُّ لَمْ أَتَجَاوَزْ وَصِيَّتَكَ، وَجَدْيًا لَمْ تُعْطِنِي قَطُّ لِأَفْرَحَ مَعَ أَصْدِقَائِي.,"Akan tetapi, ia berkata kepada ayahnya, ‘Bertahun-tahun aku telah bekerja melayanimu dan tidak pernah mengabaikan perintahmu, tetapi engkau bahkan tidak pernah memberiku seekor kambing muda supaya aku bisa berpesta dengan teman-temanku.","Tetapi, ia berkata, ‘Ayah, lihatlah. Bertahun-tahun lamanya aku bekerja untuk Ayah dan belum pernah aku melanggar perintah Ayah. Meskipun begitu, Ayah belum pernah memberikan kepadaku seekor anak kambing pun supaya aku dapat bersukaria dengan sahabat-sahabatku.",
Lukas,15,30,Lukas 15:30,وَلَكِنْ لَمَّا جَاءَ ٱبْنُكَ هَذَا ٱلَّذِي أَكَلَ مَعِيشَتَكَ مَعَ ٱلزَّوَانِي، ذَبَحْتَ لَهُ ٱلْعِجْلَ ٱلْمُسَمَّنَ!,"Namun, ketika anakmu itu pulang setelah menghabiskan hartamu dengan pelacur-pelacur, ayah menyembelih anak sapi yang gemuk untuknya.’","Tetapi sekarang, ketika datang anak Ayah yang sudah menghabiskan harta Ayah dengan perempuan-perempuan pelacur, Ayah menyembelih anak lembu yang gemuk baginya.’",
Lukas,15,31,Lukas 15:31,فَقَالَ لَهُ: يَا بُنَيَّ أَنْتَ مَعِي فِي كُلِّ حِينٍ، وَكُلُّ مَا لِي فَهُوَ لَكَ.,"Maka, ayahnya menjawab kepadanya, ‘Anakku, kamu selalu bersamaku, dan semua kepunyaanku adalah milikmu.","Lalu, sang ayah berkata, ‘Hai anakku, engkau ada selalu bersama-sama dengan aku. Semua kepunyaanku adalah kepunyaanmu juga.",
Lukas,15,32,Lukas 15:32,وَلَكِنْ كَانَ يَنْبَغِي أَنْ نَفْرَحَ وَنُسَرَّ، لِأَنَّ أَخَاكَ هَذَا كَانَ مَيِّتًا فَعَاشَ، وَكَانَ ضَالًّا فَوُجِدَ».,"Namun, hari ini kita harus berpesta dan bersukacita sebab adikmu ini telah mati, tetapi sekarang ia hidup kembali; ia telah hilang, tetapi sekarang telah ditemukan.’”","Kita patut bersukaria karena adikmu itu tadinya mati, tetapi sekarang hidup lagi. Ia dahulu hilang, tetapi sekarang ia kembali lagi.’”",
Lukas,16,1,Lukas 16:1,وَقَالَ أَيْضًا لِتَلَامِيذِهِ: «كَانَ إِنْسَانٌ غَنِيٌّ لَهُ وَكِيلٌ، فَوُشِيَ بِهِ إِلَيْهِ بِأَنَّهُ يُبَذِّرُ أَمْوَالَهُ.,"Yesus berkata kepada murid-murid-Nya, “Ada seorang kaya yang mempunyai kepala pelayan. Dan, kepada orang kaya itu dilaporkan bahwa kepala pelayannya telah memboroskan hartanya.","Isa bersabda kepada pengikut-pengikut-Nya, “Ada seorang kaya yang mempunyai seorang pegawai pengurus keuangan. Kepadanya disampaikan tuduhan bahwa pegawainya itu memboroskan harta miliknya.",
Lukas,16,2,Lukas 16:2,فَدَعَاهُ وَقَالَ لَهُ: مَا هَذَا ٱلَّذِي أَسْمَعُ عَنْكَ؟ أَعْطِ حِسَابَ وَكَالَتِكَ لِأَنَّكَ لَا تَقْدِرُ أَنْ تَكُونَ وَكِيلًا بَعْدُ.,"Karena itu, orang kaya itu memanggil kepala pelayannya dan berkata, ‘Apa yang aku dengar tentangmu ini? Berikanlah pertanggungjawaban atas tugasmu karena kamu tidak bisa lagi menjadi bendaharaku.’","Maka, ia memanggil pegawainya itu dan berkata, ‘Apa ini yang kudengar mengenai perilakumu? Aku meminta pertanggungjawabanmu. Engkau tidak boleh menjadi pengurus keuanganku lagi!’",
Lukas,16,3,Lukas 16:3,فَقَالَ ٱلْوَكِيلُ فِي نَفْسِهِ: مَاذَا أَفْعَلُ؟ لِأَنَّ سَيِّدِي يَأْخُذُ مِنِّي ٱلْوَكَالَةَ. لَسْتُ أَسْتَطِيعُ أَنْ أَنْقُبَ، وَأَسْتَحِي أَنْ أَسْتَعْطِيَ.,"Kepala pelayan itu pun berpikir, ‘Apa yang akan kulakukan karena sekarang tuanku sudah memecat aku dari pekerjaanku? Aku tidak cukup kuat untuk mencangkul dan malu untuk mengemis.","Pegawai keuangan itu berpikir dalam hatinya, ‘Tuanku akan memecat aku dari jabatanku sebagai pengurus keuangan. Apa yang harus kulakukan? Aku tidak dapat mencangkul, dan mengemis aku malu.",
Lukas,16,4,Lukas 16:4,قَدْ عَلِمْتُ مَاذَا أَفْعَلُ، حَتَّى إِذَا عُزِلْتُ عَنِ ٱلْوَكَالَةِ يَقْبَلُونِي فِي بُيُوتِهِمْ.,"Aku tahu apa yang harus kuperbuat supaya ketika aku dipecat sebagai bendahara, orang-orang akan menerimaku di rumah mereka.’","Aku tahu sekarang apa yang harus kulakukan supaya setelah aku dipecat, ada orang yang mau menerimaku di rumahnya.’",
Lukas,16,5,Lukas 16:5,فَدَعَا كُلَّ وَاحِدٍ مِنْ مَدْيُونِي سَيِّدِهِ، وَقَالَ لِلْأَوَّلِ: كَمْ عَلَيْكَ لِسَيِّدِي؟,"Kemudian, ia pun memanggil setiap orang yang berutang kepada tuannya. Kepada orang pertama ia berkata, ‘Berapa utangmu kepada tuanku?’","Dipanggilnya setiap orang yang berutang pada tuannya. Kepada yang pertama ia berkata, ‘Berapa utangmu kepada Tuanku?’",
Lukas,16,6,Lukas 16:6,فَقَالَ: مِئَةُ بَثِّ زَيْتٍ. فَقَالَ لَهُ: خُذْ صَكَّكَ وَٱجْلِسْ عَاجِلًا وَٱكْتُبْ خَمْسِينَ.,"Orang itu menjawab, ‘Seratus bat minyak zaitun.’ Lalu, kepala pelayan itu berkata kepadanya, ‘Ambillah surat utangmu, segeralah duduk dan tulislah 50 bat.’","Orang itu menjawab, ‘Seratus tempayan minyak.’ Pegawai keuangan itu berkata, ‘Ini suratnya. Duduk dan tulislah lima puluh.’",
Lukas,16,7,Lukas 16:7,ثُمَّ قَالَ لِآخَرَ: وَأَنْتَ كَمْ عَلَيْكَ؟ فَقَالَ: مِئَةُ كُرِّ قَمْحٍ. فَقَالَ لَهُ: خُذْ صَكَّكَ وَٱكْتُبْ ثَمَانِينَ.,"Kemudian kepala pelayan itu bertanya kepada orang lain, ‘Berapa banyak utangmu?’ Orang itu menjawabnya, ‘Seratus kor gandum.’ Lalu bendahara berkata kepadanya, ‘Ambillah surat utangmu dan tulislah bahwa utangmu 80 pikul.’","Kepada yang berikutnya ia berkata, ‘Engkau, berapa utangmu?’ Orang itu menjawab, ‘Seratus pikul gandum.’ Pegawai keuangan itu berkata, ‘Ini suratnya, tulislah delapan puluh.’",
Lukas,16,8,Lukas 16:8,فَمَدَحَ ٱلسَّيِّدُ وَكِيلَ ٱلظُّلْمِ إِذْ بِحِكْمَةٍ فَعَلَ، لِأَنَّ أَبْنَاءَ هَذَا ٱلدَّهْرِ أَحْكَمُ مِنْ أَبْنَاءِ ٱلنُّورِ فِي جِيلِهِمْ.,"Kemudian, orang kaya itu memuji kepala pelayan yang tidak jujur itu karena ia bertindak dengan cerdik. Sebab, anak-anak dunia ini lebih cerdik dalam berurusan dengan sesamanya daripada anak-anak terang.",Tuannya memuji tindakan pegawainya yang tidak jujur itu sebagai tindakan yang cerdik. Memang anak-anak dunia ini lebih cerdik dalam urusan-urusan dengan sesamanya daripada orang-orang yang hidup di dalam terang.,
Lukas,16,9,Lukas 16:9,وَأَنَا أَقُولُ لَكُمُ: ٱصْنَعُوا لَكُمْ أَصْدِقَاءَ بِمَالِ ٱلظُّلْمِ، حَتَّى إِذَا فَنِيتُمْ يَقْبَلُونَكُمْ فِي ٱلْمَظَالِّ ٱلْأَبَدِيَّةِ.,"Aku berkata kepadamu, buatlah persahabatan dengan mamon yang tidak benar supaya ketika mamon itu habis, kamu akan disambut di rumah abadi.","Aku berkata kepadamu, pakailah harta duniawi untuk mendapatkan sahabat supaya kalau harta itu sudah tidak dapat menolong lagi, kamu akan diterima di rumah yang kekal.”",
Lukas,16,10,Lukas 16:10,اَلْأَمِينُ فِي ٱلْقَلِيلِ أَمِينٌ أَيْضًا فِي ٱلْكَثِيرِ، وَٱلظَّالِمُ فِي ٱلْقَلِيلِ ظَالِمٌ أَيْضًا فِي ٱلْكَثِيرِ.,"Siapa pun yang setia dalam hal-hal yang kecil, ia juga setia dalam hal-hal yang besar. Dan, siapa pun yang tidak jujur dalam hal-hal yang kecil, ia juga tidak jujur dalam hal-hal yang besar.","“Orang yang dapat dipercaya dalam hal-hal kecil, akan dapat dipercaya pula dalam hal-hal besar. Orang yang tidak jujur dalam hal-hal kecil akan tidak jujur pula dalam hal-hal besar.",
Lukas,16,11,Lukas 16:11,فَإِنْ لَمْ تَكُونُوا أُمَنَاءَ فِي مَالِ ٱلظُّلْمِ، فَمَنْ يَأْتَمِنُكُمْ عَلَى ٱلْحَقِّ؟,"Jadi, jika kamu tidak dapat dipercaya untuk mengelola harta duniawi, siapa yang akan memercayakan harta yang sesungguhnya kepadamu?","Jadi, kalau kamu tidak setia dalam mengurus harta duniawi, mana mungkin kamu dipercaya untuk mengurus harta yang sejati?",
Lukas,16,12,Lukas 16:12,وَإِنْ لَمْ تَكُونُوا أُمَنَاءَ فِي مَا هُوَ لِلْغَيْرِ، فَمَنْ يُعْطِيكُمْ مَا هُوَ لَكُمْ؟,"Dan, jika kamu tidak dapat dipercaya dalam menggunakan milik orang lain, siapa yang akan memberikan apa yang seharusnya menjadi milikmu?","Jika kamu tidak dapat dipercaya untuk mengurus milik orang lain, siapakah yang akan memberikan kepadamu sesuatu untuk menjadi milikmu sendiri?",
Lukas,16,13,Lukas 16:13,لَا يَقْدِرُ خَادِمٌ أَنْ يَخْدِمَ سَيِّدَيْنِ، لِأَنَّهُ إِمَّا أَنْ يُبْغِضَ ٱلْوَاحِدَ وَيُحِبَّ ٱلْآخَرَ، أَوْ يُلَازِمَ ٱلْوَاحِدَ وَيَحْتَقِرَ ٱلْآخَرَ. لَا تَقْدِرُونَ أَنْ تَخْدِمُوا ٱللهَ وَٱلْمَالَ».,"Tidak ada pelayan yang dapat melayani dua majikan karena ia akan membenci majikan yang satu dan menyukai majikan yang lain. Atau, ia akan patuh kepada majikan yang satu dan mengabaikan yang lainnya. Kamu tidak dapat melayani Allah dan mamon.”","Seorang hamba tidak mungkin melayani dua tuan. Sebab pasti ia akan meremehkan yang seorang dan mengasihi yang lain, atau ia akan menghargai yang seorang dan menyepelekan yang lain. Kamu tidak mungkin mengabdi kepada Allah sekaligus kepada harta duniawi.”",
Lukas,16,14,Lukas 16:14,وَكَانَ ٱلْفَرِّيسِيُّونَ أَيْضًا يَسْمَعُونَ هَذَا كُلَّهُ، وَهُمْ مُحِبُّونَ لِلْمَالِ، فَٱسْتَهْزَأُوا بِهِ.,"Orang-orang Farisi, yang adalah pencinta uang, mendengar hal ini dan mengejek Yesus.","Ketika orang-orang dari mazhab Farisi mendengar semua yang disabdakan oleh Isa, mereka mencemoohkan Dia sebab mereka memang suka akan uang.",
Lukas,16,15,Lukas 16:15,فَقَالَ لَهُمْ: «أَنْتُمُ ٱلَّذِينَ تُبَرِّرُونَ أَنْفُسَكُمْ قُدَّامَ ٱلنَّاسِ! وَلَكِنَّ ٱللهَ يَعْرِفُ قُلُوبَكُمْ. إِنَّ ٱلْمُسْتَعْلِيَ عِنْدَ ٱلنَّاسِ هُوَ رِجْسٌ قُدَّامَ ٱللهِ.,"Yesus berkata kepada mereka, “Kamu adalah orang-orang yang membenarkan dirimu sendiri di hadapan manusia, tetapi Allah tahu isi hatimu yang sebenarnya karena yang diagung-agungkan di antara manusia adalah sesuatu yang menjijikkan di hadapan Allah.","Isa bersabda kepada mereka, “Kamu sendirilah yang membuat dirimu seolah-olah benar di hadapan orang, tetapi Allah tahu apa yang ada dalam hatimu. Sebab hal-hal yang diagung-agungkan oleh manusia, dibenci oleh Allah.",
Lukas,16,16,Lukas 16:16,«كَانَ ٱلنَّامُوسُ وَٱلْأَنْبِيَاءُ إِلَى يُوحَنَّا. وَمِنْ ذَلِكَ ٱلْوَقْتِ يُبَشَّرُ بِمَلَكُوتِ ٱللهِ، وَكُلُّ وَاحِدٍ يَغْتَصِبُ نَفْسَهُ إِلَيْهِ.,"Hukum Taurat dan kitab para nabi diajarkan sampai masa Yohanes; sejak masa Yohanes, Kabar Baik tentang Kerajaan Allah sudah diberitakan dan semua orang memaksa untuk masuk ke dalamnya.","Hukum Taurat dan tulisan para nabi berlaku sampai pada masa Yahya. Sejak kehadiran Yahya, Kerajaan Allah diberitakan ke mana-mana dan setiap orang berusaha keras untuk masuk ke dalamnya.",
Lukas,16,17,Lukas 16:17,وَلَكِنَّ زَوَالَ ٱلسَّمَاءِ وَٱلْأَرْضِ أَيْسَرُ مِنْ أَنْ تَسْقُطَ نُقْطَةٌ وَاحِدَةٌ مِنَ ٱلنَّامُوسِ.,"Namun sesungguhnya, lebih mudah bagi langit dan bumi untuk lenyap daripada satu titik dalam hukum Taurat dibatalkan.",Lebih mudah langit dan bumi lenyap daripada satu titik dari hukum Taurat batal.,
Lukas,16,18,Lukas 16:18,كُلُّ مَنْ يُطَلِّقُ ٱمْرَأَتَهُ وَيَتَزَوَّجُ بِأُخْرَى يَزْنِي، وَكُلُّ مَنْ يَتَزَوَّجُ بِمُطَلَّقَةٍ مِنْ رَجُلٍ يَزْنِي.,"“Setiap orang yang menceraikan istrinya dan menikahi perempuan lain, ia berbuat zina. Dan, orang yang menikahi perempuan yang diceraikan suaminya, juga berbuat zina.”","Siapa menceraikan istrinya, lalu menikah dengan perempuan lain, ia berbuat zina. Demikian juga orang yang menikah dengan istri yang sudah diceraikan oleh suaminya, ia pun berbuat zina.”",
Lukas,16,19,Lukas 16:19,«كَانَ إِنْسَانٌ غَنِيٌّ وَكَانَ يَلْبَسُ ٱلأُرْجُوانُ وَٱلْبَزَّ وَهُوَ يَتَنَعَّمُ كُلَّ يَوْمٍ مُتَرَفِّهًا.,"“Ada seorang kaya yang selalu berpakaian ungu dan kain linen, dan bersenang-senang setiap hari dalam kemewahan.","“Ada seorang kaya. Ia selalu memakai pakaian jubah ungu serta kain lenan halus, dan setiap hari ia bersukaria dalam kemewahan.",
Lukas,16,20,Lukas 16:20,وَكَانَ مِسْكِينٌ ٱسْمُهُ لِعَازَرُ، ٱلَّذِي طُرِحَ عِنْدَ بَابِهِ مَضْرُوبًا بِٱلْقُرُوحِ،,"Di pintu gerbang rumah orang kaya itu, berbaringlah seorang miskin bernama Lazarus, yang tubuhnya penuh dengan borok.","Ada juga seorang pengemis bernama Lazarus. Badannya penuh borok. Ia berbaring dekat pintu rumah orang kaya itu,",
Lukas,16,21,Lukas 16:21,وَيَشْتَهِي أَنْ يَشْبَعَ مِنَ ٱلْفُتَاتِ ٱلسَّاقِطِ مِنْ مَائِدَةِ ٱلْغَنِيِّ، بَلْ كَانَتِ ٱلْكِلَابُ تَأْتِي وَتَلْحَسُ قُرُوحَهُ.,Ia berharap diberi makan apa pun yang jatuh dari meja makan orang kaya itu; bahkan anjing-anjing datang dan menjilati boroknya.,sambil berharap dapat makan dari remah-remah makanan yang jatuh dari meja orang kaya itu. Anjing pun datang dan menjilat boroknya.,
Lukas,16,22,Lukas 16:22,فَمَاتَ ٱلْمِسْكِينُ وَحَمَلَتْهُ ٱلْمَلَائِكَةُ إِلَى حِضْنِ إِبْرَاهِيمَ. وَمَاتَ ٱلْغَنِيُّ أَيْضًا وَدُفِنَ،,"Suatu ketika, orang miskin itu mati dan dibawa oleh para malaikat ke pangkuan Abraham. Orang kaya itu juga meninggal lalu dikuburkan.","Kemudian, pengemis itu meninggal, lalu ia diantar oleh malaikat ke pangkuan Nabi Ibrahim. Orang kaya itu meninggal juga, lalu dikuburkan.",
Lukas,16,23,Lukas 16:23,فَرَفَعَ عَيْنَيْهِ فِي ٱلجَحِيمِ وَهُوَ فِي ٱلْعَذَابِ، وَرَأَى إِبْرَاهِيمَ مِنْ بَعِيدٍ وَلِعَازَرَ فِي حِضْنِهِ،,"Di alam kematian, saat disiksa, orang kaya itu memandang ke atas dan melihat Abraham di kejauhan bersama Lazarus di pangkuannya.","Sementara ia menderita di alam maut, ia memandang ke atas. Dari jauh dilihatnya Ibrahim, dan Lazarus duduk di pangkuan Ibrahim.",
Lukas,16,24,Lukas 16:24,فَنَادَى وَقَالَ: يَا أَبِي إِبْرَاهِيمَ، ٱرْحَمْنِي، وَأَرْسِلْ لِعَازَرَ لِيَبُلَّ طَرَفَ إِصْبِعِهِ بِمَاءٍ وَيُبَرِّدَ لِسَانِي، لِأَنِّي مُعَذَّبٌ فِي هَذَا ٱللَّهِيبِ.,"Dan, orang kaya itu berseru, ‘Bapa Abraham, kasihanilah aku dan suruhlah Lazarus mencelupkan ujung jarinya ke air dan menyejukkan lidahku sebab aku menderita dalam nyala api ini.’","Lalu, berserulah ia kepada Ibrahim, katanya, ‘Ya Bapa, kasihanilah aku. Suruhlah Lazarus mencelupkan ujung jarinya ke dalam air dan datang kepadaku untuk menyejukkan lidahku karena aku menderita sekali di sini, di dalam nyala api ini.’",
Lukas,16,25,Lukas 16:25,فَقَالَ إِبْرَاهِيمُ: يَا ٱبْنِي، ٱذْكُرْ أَنَّكَ ٱسْتَوْفَيْتَ خَيْرَاتِكَ فِي حَيَاتِكَ، وَكَذَلِكَ لِعَازَرُ ٱلْبَلَايَا. وَٱلْآنَ هُوَ يَتَعَزَّى وَأَنْتَ تَتَعَذَّبُ.,"Akan tetapi, Abraham berkata, ‘Nak, ingatlah ketika kamu masih hidup, kamu sudah menerima hal-hal yang baik, sementara Lazarus menerima hal-hal yang buruk; sekarang, di sini Lazarus dihibur, sementara kamu disiksa.","Tetapi, Ibrahim menjawab, ‘Ingatlah, anakku, dalam hidupmu engkau sudah menerima semua yang baik, sedangkan Lazarus hanya menerima yang tidak baik. Sekarang di sini ia dihibur dan engkau sengsara.",
Lukas,16,26,Lukas 16:26,وَفَوْقَ هَذَا كُلِّهِ، بَيْنَنَا وَبَيْنَكُمْ هُوَّةٌ عَظِيمَةٌ قَدْ أُثْبِتَتْ، حَتَّى إِنَّ ٱلَّذِينَ يُرِيدُونَ ٱلْعُبُورَ مِنْ هَهُنَا إِلَيْكُمْ لَا يَقْدِرُونَ، وَلَا ٱلَّذِينَ مِنْ هُنَاكَ يَجْتَازُونَ إِلَيْنَا.,"Selain itu semua, ada jurang besar yang memisahkan kita sehingga orang yang ingin menyeberang dari sini ke tempatmu tidak bisa menyeberang, dan orang yang dari tempatmu juga tidak bisa menyeberang ke tempat kami.’","Selain itu, di antara kita ada jurang yang besar sehingga orang yang hendak pergi dari sini ke tempatmu, dan orang yang hendak pergi dari sana ke tempat kami, tidak dapat menyeberang.’",
Lukas,16,27,Lukas 16:27,فَقَالَ: أَسْأَلُكَ إِذًا، يَا أَبَتِ، أَنْ تُرْسِلَهُ إِلَى بَيْتِ أَبِي،,"Lalu, orang kaya itu berkata, ‘Kalau begitu, aku mohon kepadamu Bapa, utuslah Lazarus ke rumah ayahku,","Lalu, orang kaya itu berkata, ‘Kalau begitu, aku mohon sudilah Nabi menyuruh Lazarus ke rumah orang tuaku",
Lukas,16,28,Lukas 16:28,لِأَنَّ لِي خَمْسَةَ إِخْوَةٍ، حَتَّى يَشْهَدَ لَهُمْ لِكَيْلَا يَأْتُوا هُمْ أَيْضًا إِلَى مَوْضِعِ ٱلْعَذَابِ هَذَا.,karena aku mempunyai lima saudara laki-laki. Biarlah Lazarus memperingatkan mereka supaya nanti mereka tidak masuk ke tempat penyiksaan ini.’,karena aku masih mempunyai lima saudara laki-laki. Suruhlah Lazarus pergi untuk mengingatkan mereka supaya jangan sampai mereka masuk juga ke tempat yang penuh penderitaan ini.’,
Lukas,16,29,Lukas 16:29,قَالَ لَهُ إِبْرَاهِيمُ: عِنْدَهُمْ مُوسَى وَٱلْأَنْبِيَاءُ، لِيَسْمَعُوا مِنْهُمْ.,"Namun, Abraham berkata, ‘Mereka mempunyai Hukum Musa dan kitab para nabi, biarlah mereka mengetahui dari semuanya itu.’","Tetapi, jawab Ibrahim, ‘Pada mereka sudah ada Kitab Suci yang telah disampaikan melalui Musa dan nabi-nabi lainnya. Seharusnya mereka memperhatikan apa yang dikatakan dalam kitab-kitab itu.’",
Lukas,16,30,Lukas 16:30,فَقَالَ: لَا، يَا أَبِي إِبْرَاهِيمَ، بَلْ إِذَا مَضَى إِلَيْهِمْ وَاحِدٌ مِنَ ٱلْأَمْوَاتِ يَتُوبُونَ.,"Kata orang kaya itu lagi, ‘Tidak, Bapa Abraham. Namun, jika seseorang dari antara orang mati datang kepada mereka, mereka akan bertobat.’","Orang itu berkata, ‘Itu tidak cukup, ya Bapa! Tetapi, jika ada seorang dari antara orang mati pergi kepada mereka, pastilah mereka akan bertobat.’",
Lukas,16,31,Lukas 16:31,فَقَالَ لَهُ: إِنْ كَانُوا لَا يَسْمَعُونَ مِنْ مُوسَى وَٱلْأَنْبِيَاءِ، وَلَا إِنْ قَامَ وَاحِدٌ مِنَ ٱلْأَمْوَاتِ يُصَدِّقُونَ».,"Jawab Abraham kepada orang kaya itu, ‘Jika saudara-saudaramu tidak mendengarkan Hukum Musa dan kitab para nabi, mereka tidak akan bisa diyakinkan, bahkan oleh seseorang yang bangkit dari antara orang mati.’”","Ibrahim menjawab, ‘Jika mereka tidak mau memperhatikan apa yang dikatakan dalam tulisan-tulisan suci yang disampaikan melalui Musa serta nabi-nabi lainnya, pasti mereka juga tidak dapat diyakinkan sekalipun ada orang mati yang hidup kembali.’”",
Lukas,17,1,Lukas 17:1,وَقَالَ لِتَلَامِيذِهِ: «لَا يُمْكِنُ إِلَّا أَنْ تَأْتِيَ ٱلْعَثَرَاتُ، وَلَكِنْ وَيْلٌ لِلَّذِي تَأْتِي بِوَاسِطَتِهِ!,"Kemudian, Yesus berkata kepada para murid-Nya, “Batu sandungan pasti akan ada, tetapi celakalah orang yang menyebabkannya.","Isa bersabda kepada para pengikut-Nya, “Mustahil tidak ada hal yang menyebabkan orang berbuat dosa, tetapi celakalah orang yang menjadi penyebabnya.",
Lukas,17,2,Lukas 17:2,خَيْرٌ لَهُ لَوْ طُوِّقَ عُنُقُهُ بِحَجَرِ رَحًى وَطُرِحَ فِي ٱلْبَحْرِ، مِنْ أَنْ يُعْثِرَ أَحَدَ هَؤُلَاءِ ٱلصِّغَارِ.,Lebih baik sebuah batu kilangan diikatkan pada lehernya dan ia dilemparkan ke dalam laut daripada ia menjadi sandungan bagi anak-anak kecil ini.,"Lebih baik baginya jika sebuah batu kisaran diikatkan pada lehernya, lalu ia dilemparkan ke laut daripada ia menyebabkan salah satu dari orang-orang kecil ini berdosa.",
Lukas,17,3,Lukas 17:3,اِحْتَرِزُوا لِأَنْفُسِكُمْ. وَإِنْ أَخْطَأَ إِلَيْكَ أَخُوكَ فَوَبِّخْهُ، وَإِنْ تَابَ فَٱغْفِرْ لَهُ.,"Waspadalah! Jika saudaramu berbuat dosa terhadap kamu, tegurlah dia; jika ia menyesali dosanya, ampunilah dia.","Karena itu, jagalah dirimu baik-baik. Jika saudaramu berbuat dosa, tegurlah dia. Jika ia menyesal, ampunilah dia.",
Lukas,17,4,Lukas 17:4,وَإِنْ أَخْطَأَ إِلَيْكَ سَبْعَ مَرَّاتٍ فِي ٱلْيَوْمِ، وَرَجَعَ إِلَيْكَ سَبْعَ مَرَّاتٍ فِي ٱلْيَوْمِ قَائِلًا: أَنَا تَائِبٌ، فَٱغْفِرْ لَهُ».,"Bahkan, jika ia berdosa terhadap kamu sebanyak tujuh kali dalam satu hari, dan kembali kepadamu tujuh kali sambil berkata, ‘Aku menyesal,’ ampunilah dia.”","Jika ia bersalah kepadamu tujuh kali sehari dan tujuh kali juga ia kembali kepadamu serta berkata, ‘Aku menyesal,’ engkau harus mengampuninya.”",
Lukas,17,5,Lukas 17:5,فَقَالَ ٱلرُّسُلُ لِلرَّبِّ: «زِدْ إِيمَانَنَا!».,"Kata rasul-rasul itu kepada Tuhan, “Tambahkanlah iman kami!”","Maka, kata rasul-rasul itu kepada Isa, Sang Junjungan, “Tambahkanlah iman kami!”",
Lukas,17,6,Lukas 17:6,فَقَالَ ٱلرَّبُّ: «لَوْ كَانَ لَكُمْ إِيمَانٌ مِثْلُ حَبَّةِ خَرْدَلٍ، لَكُنْتُمْ تَقُولُونَ لِهَذِهِ ٱلْجُمَّيْزَةِ: ٱنْقَلِعِي وَٱنْغَرِسِي فِي ٱلْبَحْرِ فَتُطِيعُكُمْ.,"Jawab Tuhan kepada mereka, “Jika kamu mempunyai iman sebesar biji sesawi saja, kamu dapat mengatakan kepada pohon murbei ini, ‘Tercabutlah dari tanah dan tertanamlah di laut,’ dan pohon itu akan taat kepadamu.”","Sabda Sang Junjungan, “Jika kamu mempunyai iman sebesar biji sesawi, kamu dapat berkata kepada pohon ara ini, ‘Tercabutlah kau dan tertanamlah di laut!’ Maka, pohon itu akan menuruti perintahmu.”",
Lukas,17,7,Lukas 17:7,«وَمَنْ مِنْكُمْ لَهُ عَبْدٌ يَحْرُثُ أَوْ يَرْعَى، يَقُولُ لَهُ إِذَا دَخَلَ مِنَ ٱلْحَقْلِ: تَقَدَّمْ سَرِيعًا وَٱتَّكِئْ.,"“Siapakah dari antara kamu yang mempunyai hamba, yang sedang membajak atau menggembala, akan berkata kepada hambanya itu ketika ia kembali dari ladang, ‘Mari, duduklah dan makan’?","“Jikalau kamu mempunyai seorang hamba yang bekerja sebagai pembajak atau penggembala domba, apakah ada di antaramu yang akan berkata kepada hambanya itu ketika ia pulang dari ladang, ‘Silakan duduk dan makan!’?",
Lukas,17,8,Lukas 17:8,بَلْ أَلَا يَقُولُ لَهُ: أَعْدِدْ مَا أَتَعَشَّى بِهِ، وَتَمَنْطَقْ وَٱخْدِمْنِي حَتَّى آكُلَ وَأَشْرَبَ، وَبَعْدَ ذَلِكَ تَأْكُلُ وَتَشْرَبُ أَنْتَ؟,"Bukankah ia malah akan berkata kepada hambanya itu, ‘Siapkanlah makanan untukku dan berpakaianlah yang layak untuk melayaniku selagi aku makan dan minum. Sesudah itu, barulah kamu boleh makan dan minum’?","Bukankah sebaliknya kamu akan berkata kepadanya, ‘Sediakan makanan, ikatlah pinggangmu dan layanilah aku sampai aku selesai makan dan minum, setelah itu baru engkau boleh makan dan minum’?",
Lukas,17,9,Lukas 17:9,فَهَلْ لِذَلِكَ ٱلْعَبْدِ فَضْلٌ لِأَنَّهُ فَعَلَ مَا أُمِرَ بِهِ؟ لَا أَظُنُّ.,Apakah ia akan berterima kasih kepada hambanya itu karena melakukan yang diperintahkannya?,Apakah kamu akan mengucapkan terima kasih kepadanya karena ia sudah melaksanakan perintahmu?,
Lukas,17,10,Lukas 17:10,كَذَلِكَ أَنْتُمْ أَيْضًا، مَتَى فَعَلْتُمْ كُلَّ مَا أُمِرْتُمْ بِهِ فَقُولُوا: إِنَّنَا عَبِيدٌ بَطَّالُونَ، لِأَنَّنَا إِنَّمَا عَمِلْنَا مَا كَانَ يَجِبُ عَلَيْنَا».,"Begitu juga dengan kamu. Apabila kamu sudah melakukan semua yang diperintahkan kepadamu, hendaklah kamu berkata, ‘Kami adalah hamba yang tidak berharga. Kami hanya melakukan apa yang wajib kami lakukan.’”","Begitu juga dengan kamu. Apabila kamu sudah melakukan semua yang harus kamu kerjakan, katakanlah, ‘Kami hanyalah pelayan biasa. Kami hanya melakukan apa yang sudah menjadi tugas kami.’”",
Lukas,17,11,Lukas 17:11,وَفِي ذَهَابِهِ إِلَى أُورُشَلِيمَ ٱجْتَازَ فِي وَسْطِ ٱلسَّامِرَةِ وَٱلْجَلِيلِ.,"Dalam perjalanan-Nya menuju Yerusalem, Yesus menyusuri perbatasan antara Samaria dan Galilea.","Dalam perjalanan-Nya ke Yerusalem, Isa menyusuri wilayah perbatasan Samaria dan Galilea.",
Lukas,17,12,Lukas 17:12,وَفِيمَا هُوَ دَاخِلٌ إِلَى قَرْيَةٍ ٱسْتَقْبَلَهُ عَشَرَةُ رِجَالٍ بُرْصٍ، فَوَقَفُوا مِنْ بَعِيدٍ,"Saat masuk ke sebuah desa, Dia bertemu dengan sepuluh orang kusta yang berdiri jauh-jauh dari-Nya,","Ketika Isa memasuki sebuah desa, Ia didatangi sepuluh orang berpenyakit kusta. Mereka berdiri jauh-jauh",
Lukas,17,13,Lukas 17:13,وَرَفَعوُا صَوْتًا قَائِلِينَ: «يَا يَسُوعُ، يَا مُعَلِّمُ، ٱرْحَمْنَا!».,"dan mereka berseru dengan suara nyaring, “Yesus, Guru, kasihanilah kami!”","dan berseru, “Ya Isa, ya Junjungan! Kasihanilah kami!”",
Lukas,17,14,Lukas 17:14,فَنَظَرَ وَقَالَ لَهُمُ: «ٱذْهَبُوا وَأَرُوا أَنْفُسَكُمْ لِلْكَهَنَةِ». وَفِيمَا هُمْ مُنْطَلِقُونَ طَهَرُوا.,"Ketika Yesus melihat mereka, Dia berkata kepada mereka, “Pergilah dan tunjukkan dirimu kepada imam-imam.” Dan, ketika mereka dalam perjalanan, mereka menjadi tahir.","Isa melihat mereka, lalu bersabda, “Pergilah, tunjukkanlah dirimu kepada imam-imam.” Maka, mereka pun pergi dan di tengah jalan mereka sembuh.",
Lukas,17,15,Lukas 17:15,فَوَاحِدٌ مِنْهُمْ لَمَّا رَأَى أَنَّهُ شُفِيَ، رَجَعَ يُمَجِّدُ ٱللهَ بِصَوْتٍ عَظِيمٍ،,"Ketika salah satu dari mereka melihat bahwa dirinya sudah sembuh, ia kembali dan memuji Allah dengan suara nyaring,","Ketika salah seorang dari antara mereka menyadari bahwa dirinya sudah sembuh, ia kembali sambil memuliakan Allah dengan suara keras.",
Lukas,17,16,Lukas 17:16,وَخَرَّ عَلَى وَجْهِهِ عِنْدَ رِجْلَيْهِ شَاكِرًا لَهُ، وَكَانَ سَامِرِيًّا.,lalu bersujud di depan kaki Yesus dan berterima kasih kepada-Nya. Orang itu adalah seorang Samaria.,Di depan Isa sujudlah ia sampai ke tanah dan mengucapkan terima kasih. Orang itu adalah orang Samaria.,
Lukas,17,17,Lukas 17:17,فَأجَابَ يَسُوعُ وَقَالَ: «أَلَيْسَ ٱلْعَشَرَةُ قَدْ طَهَرُوا؟ فَأَيْنَ ٱلتِّسْعَةُ؟,"Kemudian, Yesus berkata kepada orang itu, “Bukankah ada sepuluh orang yang telah ditahirkan? Di manakah sembilan orang yang lain?","Isa bersabda, “Bukankah ada sepuluh orang yang disembuhkan? Manakah yang sembilan orang?",
Lukas,17,18,Lukas 17:18,أَلَمْ يُوجَدْ مَنْ يَرْجِعُ لِيُعْطِيَ مَجْدًا لِلهِ غَيْرُ هَذَا ٱلْغَرِيبِ ٱلْجِنْسِ؟».,Tidak adakah di antara mereka yang kembali untuk memuliakan Allah selain orang asing ini?,Mengapa hanya orang asing ini saja yang kembali untuk memuliakan Allah?”,
Lukas,17,19,Lukas 17:19,ثُمَّ قَالَ لَهُ: «قُمْ وَٱمْضِ، إِيمَانُكَ خَلَّصَكَ».,"Lalu, Yesus berkata kepadanya, “Bangun dan pergilah, imanmu telah menyelamatkan kamu.”","Lalu, Isa bersabda kepadanya, “Berdirilah dan pergilah. Imanmu telah menyembuhkan engkau.”",
Lukas,17,20,Lukas 17:20,وَلَمَّا سَأَلَهُ ٱلْفَرِّيسِيُّونَ: «مَتَى يَأْتِي مَلَكُوتُ ٱللهِ؟». أَجَابَهُمْ وَقَالَ: «لَا يَأْتِي مَلَكُوتُ ٱللهِ بِمُرَاقَبَةٍ،,"Ketika ditanya oleh beberapa orang Farisi tentang kapan Kerajaan Allah akan datang, Yesus menjawab mereka dengan berkata, “Kerajaan Allah akan datang tanpa tanda-tanda yang dapat terlihat,","Ada orang-orang dari mazhab Farisi yang bertanya kepada Isa mengenai kapan Kerajaan Allah akan datang. Sabda Isa, “Kerajaan Allah bukanlah kerajaan yang dinanti-nantikan kedatangannya.",
Lukas,17,21,Lukas 17:21,وَلَا يَقُولُونَ: هُوَذَا هَهُنَا، أَوْ: هُوَذَا هُنَاكَ! لِأَنْ هَا مَلَكُوتُ ٱللهِ دَاخِلَكُمْ».,"tidak akan ada orang yang berkata, ‘Lihat, Kerajaan Allah ada di sini!’ atau ‘Kerajaan Allah ada di sana!’ karena sebenarnya Kerajaan Allah ada di tengah-tengah kamu. ”","Lagi pula, tidak ada orang yang dapat berkata, ‘Lihat, Kerajaan Allah ada di sini atau di sana!’ Sebab Kerajaan Allah sudah ada di antara kamu.”",
Lukas,17,22,Lukas 17:22,وَقَالَ لِلتَّلَامِيذِ: «سَتَأْتِي أَيَّامٌ فِيهَا تَشْتَهُونَ أَنْ تَرَوْا يَوْمًا وَاحِدًا مِنْ أَيَّامِ ٱبْنِ ٱلْإِنْسَانِ وَلَا تَرَوْنَ.,"Kemudian, Yesus berkata kepada murid-murid-Nya, “Akan tiba saatnya kamu ingin sekali melihat satu hari dari hari-hari Anak Manusia, tetapi kamu tidak dapat melihatnya.","Kemudian, Isa bersabda kepada pengikut-pengikut-Nya, “Akan datang saatnya kamu ingin melihat satu dari antara hari-hari Anak Manusia, tetapi kamu tidak akan melihatnya.",
Lukas,17,23,Lukas 17:23,وَيَقُولُونَ لَكُمْ: هُوَذَا هَهُنَا! أَوْ: هُوَذَا هُنَاكَ! لَا تَذْهَبُوا وَلَا تَتْبَعُوا،,"Orang-orang akan berkata kepada kamu, ‘Lihat, di sana!’ atau ‘Lihat, di sini!’ Akan tetapi, janganlah kamu pergi dan mengikuti orang-orang itu.”","Orang akan berkata kepadamu, ‘Lihat, Ia ada di sana!’ Atau, ‘Lihat, Ia ada di sini!’ Jangan kamu pergi atau mengikutinya.",
Lukas,17,24,Lukas 17:24,لِأَنَّهُ كَمَا أَنَّ ٱلْبَرْقَ ٱلَّذِي يَبْرُقُ مِنْ نَاحِيَةٍ تَحْتَ ٱلسَّمَاءِ يُضِيءُ إِلَى نَاحِيَةٍ تَحْتَ ٱلسَّمَاءِ، كَذَلِكَ يَكُونُ أَيْضًا ٱبْنُ ٱلْإِنْسَانِ فِي يَوْمِهِ.,"“Sebab seperti kilat yang memancar dari ujung langit yang satu ke ujung langit yang lain, demikianlah juga Anak Manusia pada hari-Nya .","Karena sama seperti kilat memancar dari ujung langit yang satu ke ujung yang lainnya, demikianlah kedatangan Anak Manusia itu nanti.",
Lukas,17,25,Lukas 17:25,وَلَكِنْ يَنْبَغِي أَوَّلًا أَنْ يَتَأَلَّمَ كَثِيرًا وَيُرْفَضَ مِنْ هَذَا ٱلْجِيلِ.,"Akan tetapi, Anak Manusia harus menderita banyak hal terlebih dahulu dan ditolak oleh generasi ini.","Tetapi, sebelum hal itu terjadi, tak dapat tidak Anak Manusia harus mengalami banyak penderitaan dan ditolak oleh orang-orang dari generasi ini.",
Lukas,17,26,Lukas 17:26,وَكَمَا كَانَ فِي أَيَّامِ نُوحٍ كَذَلِكَ يَكُونُ أَيْضًا فِي أَيَّامِ ٱبْنِ ٱلْإِنْسَانِ:,"Dan, seperti yang telah terjadi pada hari-hari di zaman Nuh, demikianlah juga nanti pada hari-hari Anak Manusia.","Sama seperti telah terjadi pada zaman Nabi Nuh, demikian jugalah akan terjadi pada zaman Anak Manusia.",
Lukas,17,27,Lukas 17:27,كَانُوا يَأْكُلُونَ وَيَشْرَبُونَ، وَيُزَوِّجُونَ وَيَتَزَوَّجُونَ، إِلَى ٱلْيَوْمِ ٱلَّذِي فِيهِ دَخَلَ نُوحٌ ٱلْفُلْكَ، وَجَاءَ ٱلطُّوفَانُ وَأَهْلَكَ ٱلْجَمِيعَ.,"Orang-orang makan dan minum, menikah dan dinikahkan, sampai pada hari Nuh masuk ke dalam bahtera dan datanglah banjir besar lalu membunuh mereka semua.","Mereka makan, minum, menikah, dan dinikahkan sampai pada hari Nuh masuk ke dalam bahtera. Lalu, air bah datang dan membinasakan semuanya.",
Lukas,17,28,Lukas 17:28,كَذَلِكَ أَيْضًا كَمَا كَانَ فِي أَيَّامِ لُوطٍ: كَانُوا يَأْكُلُونَ وَيَشْرَبُونَ، وَيَشْتَرُونَ وَيَبِيعُونَ، وَيَغْرِسُونَ وَيَبْنُونَ.,"Sama halnya yang terjadi pada zaman Lot, saat itu orang-orang makan, minum, membeli, menjual, menanam, dan membangun.","Demikian pula yang terjadi pada zaman Lut. Orang-orang makan, minum, berjual beli, bercocok tanam, dan membangun rumah,",
Lukas,17,29,Lukas 17:29,وَلَكِنَّ ٱلْيَوْمَ ٱلَّذِي فِيهِ خَرَجَ لُوطٌ مِنْ سَدُومَ، أَمْطَرَ نَارًا وَكِبْرِيتًا مِنَ ٱلسَّمَاءِ فَأَهْلَكَ ٱلْجَمِيعَ.,"Namun, pada hari ketika Lot meninggalkan kota Sodom, api dan belerang jatuh dari langit seperti hujan dan membunuh mereka semua.","tetapi pada hari Lut keluar dari Kota Sodom, api dan belerang turun dari langit seperti hujan, lalu membinasakan mereka semua.",
Lukas,17,30,Lukas 17:30,هَكَذَا يَكُونُ فِي ٱلْيَوْمِ ٱلَّذِي فِيهِ يُظْهَرُ ٱبْنُ ٱلْإِنْسَانِ.,Begitulah keadaannya pada hari ketika Anak Manusia dinyatakan.,Begitu jugalah yang akan terjadi pada waktu Anak Manusia dinyatakan.,
Lukas,17,31,Lukas 17:31,فِي ذَلِكَ ٱلْيَوْمِ مَنْ كَانَ عَلَى ٱلسَّطْحِ وَأَمْتِعَتُهُ فِي ٱلْبَيْتِ فَلَا يَنْزِلْ لِيَأْخُذَهَا، وَٱلَّذِي فِي ٱلْحَقْلِ كَذَلِكَ لَا يَرْجِعْ إِلَى ٱلْوَرَاءِ.,"Pada hari itu, siapa pun yang sedang berada di atap rumah, dan barang-barangnya ada di dalam rumah, janganlah ia turun untuk mengambilnya; dan siapa pun yang sedang berada di ladang, janganlah ia pulang.","Pada hari itu jika orang ada di sotoh rumah dan barang-barangnya ada di bawah, di dalam rumahnya, jangan ia turun untuk mengambil barang-barangnya itu. Demikian pula jika orang ada di ladang, jangan ia pulang ke rumahnya.",
Lukas,17,32,Lukas 17:32,اُذْكُرُوا ٱمْرَأَةَ لُوطٍ!,Ingatlah apa yang terjadi pada istri Lot!,Ingatlah apa yang terjadi pada istri Lut.,
Lukas,17,33,Lukas 17:33,مَنْ طَلَبَ أَنْ يُخَلِّصَ نَفْسَهُ يُهْلِكُهَا، وَمَنْ أَهْلَكَهَا يُحْيِيهَا.,"Siapa pun yang berusaha memelihara nyawanya, akan kehilangan nyawanya. Dan siapa pun yang kehilangan nyawanya, akan menyelamatkannya.","Orang yang berusaha memelihara nyawanya akan kehilangan nyawanya, dan orang yang kehilangan nyawanya justru akan menyelamatkan nyawanya.",
Lukas,17,34,Lukas 17:34,أَقُولُ لَكُمْ: إِنَّهُ فِي تِلْكَ ٱللَّيْلَةِ يَكُونُ ٱثْنَانِ عَلَى فِرَاشٍ وَاحِدٍ، فَيُؤْخَذُ ٱلْوَاحِدُ وَيُتْرَكُ ٱلْآخَرُ.,"Aku berkata kepadamu, pada malam itu akan ada 2 orang yang tidur di 1 tempat tidur. Akan tetapi, yang seorang akan dibawa, sedangkan yang lain akan ditinggalkan.","Aku berkata kepadamu, pada malam itu dua orang akan berbaring di atas satu tempat tidur; yang seorang akan dibawa pergi dan yang lainnya ditinggalkan.",
Lukas,17,35,Lukas 17:35,تَكُونُ ٱثْنَتَانِ تَطْحَنَانِ مَعًا، فَتُؤْخَذُ ٱلْوَاحِدَةُ وَتُتْرَكُ ٱلْأُخْرَى.,"Dua perempuan akan menggiling gandum bersama. Yang seorang akan dibawa, sedangkan yang lain akan ditinggalkan.",Dua orang perempuan akan bersama-sama menggiling gandum; yang seorang akan dibawa pergi dan yang lainnya ditinggalkan.,
Lukas,17,36,Lukas 17:36,يَكُونُ ٱثْنَانِ فِي ٱلْحَقْلِ، فَيُؤْخَذُ ٱلْوَاحِدُ وَيُتْرَكُ ٱلْآخَرُ».,"[Begitu juga dua pekerja di ladang, yang seorang akan dibawa, sedangkan yang lain akan ditinggalkan.”]",Dua orang akan bekerja bersama-sama di ladang; yang satu akan dibawa pergi dan yang lainnya ditinggalkan.”,
Lukas,17,37,Lukas 17:37,فَأَجَابوا وَقَالُوا لَهُ: «أَيْنَ يَارَبُّ؟». فَقَالَ لَهُمْ: «حَيْثُ تَكُونُ ٱلْجُثَّةُ هُنَاكَ تَجْتَمِعُ ٱلنُّسُورُ».,"Lalu murid-murid bertanya kepada Yesus, “Kapan, Tuhan?” Jawab Yesus kepada mereka, “Di mana ada bangkai, di situlah burung elang akan berkumpul.”","Pengikut-pengikut Isa bertanya kepada-Nya, “Di mana, Junjungan?” Isa menjawab, “Di tempat ada mayat, di situ juga ada burung nasar.”",
Lukas,18,1,Lukas 18:1,وَقَالَ لَهُمْ أَيْضًا مَثَلًا فِي أَنَّهُ يَنْبَغِي أَنْ يُصَلَّى كُلَّ حِينٍ وَلَا يُمَلَّ،,"Kemudian, Yesus menceritakan sebuah perumpamaan kepada murid-murid-Nya untuk memberi tahu mereka bahwa mereka harus selalu berdoa dan tidak berkecil hati.",Isa menyampaikan suatu ibarat kepada pengikut-pengikut-Nya untuk mengajar mereka bahwa mereka harus selalu berdoa tanpa menyerah.,
Lukas,18,2,Lukas 18:2,قَائِلًا: «كَانَ فِي مَدِينَةٍ قَاضٍ لَا يَخَافُ ٱللهَ وَلَا يَهَابُ إِنْسَانًا.,"Kata-Nya, “Di sebuah kota, ada seorang hakim yang tidak takut kepada Allah dan tidak menghormati orang lain.","Sabda-Nya, “Di sebuah kota ada seorang hakim yang tidak takut kepada Allah dan juga tidak mempedulikan siapa pun.",
Lukas,18,3,Lukas 18:3,وَكَانَ فِي تِلْكَ ٱلْمَدِينَةِ أَرْمَلَةٌ. وَكَانَتْ تَأْتِي إِلَيْهِ قَائِلَةً: أَنْصِفْنِي مِنْ خَصْمِي!,"Di kota itu, ada seorang janda yang terus-menerus datang kepada hakim itu dan berkata, ‘Berikanlah keadilan kepadaku terhadap lawanku.’","Di kota itu juga ada seorang janda. Janda itu berkali-kali menghadap hakim itu dan berkata, ‘Belalah perkaraku terhadap orang yang mendakwa aku.’",
Lukas,18,4,Lukas 18:4,وَكَانَ لَا يَشَاءُ إِلَى زَمَانٍ. وَلَكِنْ بَعْدَ ذَلِكَ قَالَ فِي نَفْسِهِ: وَإِنْ كُنْتُ لَا أَخَافُ ٱللهَ وَلَا أَهَابُ إِنْسَانًا،,"Untuk beberapa waktu, sang hakim tidak mau menolong janda itu. Akan tetapi, kemudian hakim itu berkata dalam hatinya, ‘Meskipun aku tidak takut kepada Allah dan tidak menghormati siapa pun,","Untuk beberapa waktu lamanya hakim itu menolak permintaan janda itu. Tetapi kemudian, ia berkata dalam hatinya, ‘Aku tidak takut kepada Allah dan tidak peduli dengan siapa pun.",
Lukas,18,5,Lukas 18:5,فَإِنِّي لِأَجْلِ أَنَّ هَذِهِ ٱلْأَرْمَلَةَ تُزْعِجُنِي، أُنْصِفُهَا، لِئَلَّا تَأْتِيَ دَائِمًا فَتَقْمَعَنِي!».,"tetapi karena janda ini terus-menerus menggangguku, aku akan memberikan keadilan kepadanya supaya ia tidak menyusahkan aku dengan kedatangannya yang terus-menerus itu.’”","Meskipun begitu, karena janda ini terus-menerus menyusahkan aku, sebaiknya kubela saja perkaranya supaya jangan aku menjadi penat karena ia selalu datang kepadaku.’”",
Lukas,18,6,Lukas 18:6,وَقَالَ ٱلرَّبُّ: «ٱسْمَعُوا مَا يَقُولُ قَاضِي ٱلظُّلْمِ.,"Lalu, Tuhan berkata, “Dengarlah apa yang dikatakan hakim yang tidak adil itu.","Lalu, Isa, Sang Junjungan, bersabda, “Perhatikanlah apa yang dikatakan oleh hakim yang tidak benar itu!",
Lukas,18,7,Lukas 18:7,أَفَلَا يُنْصِفُ ٱللهُ مُخْتَارِيهِ، ٱلصَّارِخِينَ إِلَيْهِ نَهَارًا وَلَيْلًا، وَهُوَ مُتَمَهِّلٌ عَلَيْهِمْ؟,Tidakkah Allah akan memberi keadilan kepada orang-orang pilihan-Nya yang berseru kepada-Nya siang dan malam? Apakah Ia akan menunda-nunda sampai lama untuk menolong mereka?,Apakah Allah tidak akan membela perkara orang-orang pilihan-Nya yang siang malam terus-menerus berseru kepada-Nya? Apakah Ia akan berlambat-lambat untuk menolong mereka?,
Lukas,18,8,Lukas 18:8,أَقُولُ لَكُمْ: إِنَّهُ يُنْصِفُهُمْ سَرِيعًا! وَلَكِنْ مَتَى جَاءَ ٱبْنُ ٱلْإِنْسَانِ، أَلَعَلَّهُ يَجِدُ ٱلْإِيمَانَ عَلَى ٱلْأَرْضِ؟».,"Aku berkata kepadamu, Ia akan segera memberi keadilan kepada mereka. Akan tetapi, ketika Anak Manusia datang, apakah Ia akan menemukan iman di bumi?”","Aku berkata kepadamu, Ia akan segera membela mereka. Tetapi, apabila Anak Manusia datang, masihkah Ia mendapati iman di bumi?”",
Lukas,18,9,Lukas 18:9,وَقَالَ لِقَوْمٍ وَاثِقِينَ بِأَنْفُسِهِمْ أَنَّهُمْ أَبْرَارٌ، وَيَحْتَقِرُونَ ٱلْآخَرِينَ هَذَا ٱلْمَثَلَ:,Yesus juga menyampaikan perumpamaan ini kepada beberapa orang yang menganggap diri mereka benar dan memandang rendah orang lain.,"Lalu, Isa menyampaikan lagi suatu ibarat kepada orang-orang yang merasa diri benar dan menganggap rendah orang lain.",
Lukas,18,10,Lukas 18:10,«إِنْسَانَانِ صَعِدَا إِلَى ٱلْهَيْكَلِ لِيُصَلِّيَا، وَاحِدٌ فَرِّيسِيٌّ وَٱلْآخَرُ عَشَّارٌ.,“Ada dua orang pergi ke Bait Allah untuk berdoa. Yang seorang adalah orang Farisi dan yang lain adalah seorang pengumpul pajak.,"Sabda-Nya, “Ada dua orang pergi ke Bait Allah untuk berdoa. Seorang di antaranya adalah orang dari mazhab Farisi dan yang lainnya adalah pemungut cukai.",
Lukas,18,11,Lukas 18:11,أَمَّا ٱلْفَرِّيسِيُّ فَوَقَفَ يُصَلِّي فِي نَفْسِهِ هَكَذَا: اَللَّهُمَّ أَنَا أَشْكُرُكَ أَنِّي لَسْتُ مِثْلَ بَاقِي ٱلنَّاسِ ٱلْخَاطِفِينَ ٱلظَّالِمِينَ ٱلزُّنَاةِ، وَلَا مِثْلَ هَذَا ٱلْعَشَّارِ.,"Orang Farisi itu berdiri dan mengucapkan doa tentang dirinya, ‘Ya, Allah, aku berterima kasih kepada-Mu karena aku tidak seperti orang lain; seperti pemeras, penipu, pezina, atau bahkan seperti pengumpul pajak ini.","Orang dari mazhab Farisi itu berdiri dan berdoa begini di dalam hatinya, ‘Ya Allah, aku mengucap syukur kepada-Mu karena aku tidak seperti orang lain. Aku bukan perampas, bukan orang yang tidak adil, bukan pezina, dan bukan pula seperti pemungut cukai ini.",
Lukas,18,12,Lukas 18:12,أَصُومُ مَرَّتَيْنِ فِي ٱلْأُسْبُوعِ، وَأُعَشِّرُ كُلَّ مَا أَقْتَنِيهِ.,"Aku berpuasa dua kali seminggu, aku memberikan sepersepuluh dari seluruh penghasilanku.’",Aku berpuasa dua kali seminggu dan aku pun mempersembahkan kepada Tuhan sepersepuluh dari penghasilanku.’,
Lukas,18,13,Lukas 18:13,وَأَمَّا ٱلْعَشَّارُ فَوَقَفَ مِنْ بَعِيدٍ، لَا يَشَاءُ أَنْ يَرْفَعَ عَيْنَيْهِ نَحْوَ ٱلسَّمَاءِ، بَلْ قَرَعَ عَلَى صَدْرِهِ قَائِلًا: ٱللهُمَّ ٱرْحَمْنِي، أَنَا ٱلْخَاطِئَ.,"Akan tetapi, si pengumpul pajak berdiri agak jauh, bahkan tidak memandang ke langit. Sebaliknya, ia memukul-mukul dadanya sambil berkata, ‘Ya, Allah. Berbelas kasihanlah kepadaku, si pendosa ini.’","Akan tetapi, pemungut cukai itu berdiri jauh-jauh dan tidak berani menengadah ke langit. Sambil memukul-mukul dada tanda menyesal ia berkata, ‘Ya Allah, kasihanilah aku, orang yang berdosa!’",
Lukas,18,14,Lukas 18:14,أَقُولُ لَكُمْ: إِنَّ هَذَا نَزَلَ إِلَى بَيْتِهِ مُبَرَّرًا دُونَ ذَاكَ، لِأَنَّ كُلَّ مَنْ يَرْفَعُ نَفْسَهُ يَتَّضِعُ، وَمَنْ يَضَعُ نَفْسَهُ يَرْتَفِعُ».,"Aku berkata kepadamu, pengumpul pajak ini pulang ke rumahnya sebagai orang yang lebih dibenarkan daripada orang Farisi itu sebab orang yang meninggikan diri akan direndahkan, dan orang yang merendahkan diri akan ditinggikan.”","Aku berkata kepadamu, pemungut cukai itu pulang ke rumahnya sebagai orang yang dibenarkan oleh Allah, bukan orang dari mazhab Farisi itu. Sebab siapa meninggikan diri, ia akan direndahkan. Tetapi sebaliknya, siapa merendahkan diri, ia akan ditinggikan.”",
Lukas,18,15,Lukas 18:15,فَقَدَّمُوا إِلَيْهِ ٱلْأَطْفَالَ أَيْضًا لِيَلْمِسَهُمْ، فَلَمَّا رَآهُمُ ٱلتَّلَامِيذُ ٱنْتَهَرُوهُمْ.,"Lalu, orang-orang membawa anak-anak mereka yang masih kecil kepada Yesus supaya Ia menjamah mereka . Akan tetapi, ketika para murid melihatnya, mereka mulai memarahi orang-orang itu.","Kemudian, beberapa orang membawa anak-anak mereka yang masih kecil kepada Isa dengan maksud supaya Ia menyentuh mereka. Ketika para pengikut-Nya melihat hal itu, mereka menegur orang-orang itu.",
Lukas,18,16,Lukas 18:16,أَمَّا يَسُوعُ فَدَعَاهُمْ وَقَالَ: «دَعُوا ٱلْأَوْلَادَ يَأْتُونَ إِلَيَّ وَلَا تَمْنَعُوهُمْ، لِأَنَّ لِمِثْلِ هَؤُلَاءِ مَلَكُوتَ ٱللهِ.,"Namun, Yesus memanggil anak-anak itu untuk datang kepada-Nya dan berkata, “Biarkanlah anak-anak kecil itu datang kepada-Ku, jangan halangi mereka sebab Kerajaan Allah adalah milik orang-orang yang seperti mereka ini.","Tetapi, Isa memanggil anak-anak itu untuk datang kepada-Nya, lalu bersabda, “Biarkanlah anak-anak itu datang kepada-Ku. Jangan halangi mereka karena orang-orang yang demikianlah yang memiliki Kerajaan Allah.",
Lukas,18,17,Lukas 18:17,اَلْحَقَّ أَقُولُ لَكُمْ: مَنْ لَا يَقْبَلُ مَلَكُوتَ ٱللهِ مِثْلَ وَلَدٍ فَلَنْ يَدْخُلَهُ».,"Aku mengatakan yang sesungguhnya kepadamu, siapa pun yang tidak menerima Kerajaan Allah seperti seorang anak kecil, ia tidak akan pernah masuk ke dalamnya.”","Sesungguhnya, Aku berkata kepadamu, siapa tidak menerima Kerajaan Allah seperti anak-anak, ia tidak akan masuk ke dalamnya.”",
Lukas,18,18,Lukas 18:18,وَسَأَلَهُ رَئِيسٌ قَائِلًا: «أَيُّهَا ٱلْمُعَلِّمُ ٱلصَّالِحُ، مَاذَا أَعْمَلُ لِأَرِثَ ٱلْحَيَاةَ ٱلْأَبَدِيَّةَ؟»,"Ada seorang pemimpin yang bertanya kepada Yesus, “Guru yang baik, apa yang harus kulakukan untuk dapat mewarisi hidup yang kekal?”","Seorang pemimpin bertanya kepada Isa, “Ya Guru yang baik, apa yang harus kulakukan supaya aku mendapatkan hidup yang kekal?”",
Lukas,18,19,Lukas 18:19,فَقَالَ لَهُ يَسُوعُ: «لِمَاذَا تَدْعُونِي صَالِحًا؟ لَيْسَ أَحَدٌ صَالِحًا إِلَّا وَاحِدٌ وَهُوَ ٱللهُ.,"Jawab Yesus kepadanya, “Mengapa kamu menyebut Aku baik? Tidak ada seorang pun yang baik kecuali Allah sendiri.","Sabda Isa, “Mengapa engkau menyebut Aku baik? Tidak ada seorang pun yang baik, kecuali Allah.",
Lukas,18,20,Lukas 18:20,أَنْتَ تَعْرِفُ ٱلْوَصَايَا: لَا تَزْنِ. لَا تَقْتُلْ. لَا تَسْرِقْ. لَا تَشْهَدْ بِٱلزُّورِ. أَكْرِمْ أَبَاكَ وَأُمَّكَ».,"Kamu mengetahui tentang hukum-hukum ini: ‘Jangan berzina, jangan membunuh, jangan mencuri, jangan memberi kesaksian palsu, serta hormatilah ayah dan ibumu.’”","Engkau tahu perintah-perintah Allah: Jangan berzina, jangan membunuh, jangan mencuri, jangan menjadi saksi dusta, hormatilah ayah serta ibumu.”",
Lukas,18,21,Lukas 18:21,فَقَالَ: «هَذِهِ كُلُّهَا حَفِظْتُهَا مُنْذُ حَدَاثَتِي».,"Jawab orang itu, “Aku sudah menaati semua itu sejak aku masih muda.”","Orang itu menjawab, “Semua perintah itu sudah kuturuti sejak aku kecil.”",
Lukas,18,22,Lukas 18:22,فَلَمَّا سَمِعَ يَسُوعُ ذَلِكَ قَالَ لَهُ: «يُعْوِزُكَ أَيْضًا شَيْءٌ: بِعْ كُلَّ مَا لَكَ وَوَزِّعْ عَلَى ٱلْفُقَرَاءِ، فَيَكُونَ لَكَ كَنْزٌ فِي ٱلسَّمَاءِ، وَتَعَالَ ٱتْبَعْنِي».,"Ketika Yesus mendengarnya, Dia berkata kepada orang itu, “Masih ada satu hal yang kurang. Juallah semua yang kamu miliki dan bagikanlah kepada orang-orang miskin, maka kamu akan mempunyai harta di surga; dan mari, ikutlah Aku.”","Mendengar orang itu berkata begitu, bersabdalah Isa kepadanya, “Masih ada satu yang kurang padamu: Juallah semua yang kaumiliki, kemudian berikanlah hasil penjualannya kepada fakir miskin maka engkau akan memperoleh harta di surga. Kemudian, datanglah, ikutlah Aku.”",
Lukas,18,23,Lukas 18:23,فَلَمَّا سَمِعَ ذَلِكَ حَزِنَ، لِأَنَّهُ كَانَ غَنِيًّا جِدًّا.,"Ketika orang itu mendengar perkataan Yesus itu, ia menjadi sangat sedih sebab ia sangat kaya.","Setelah didengarnya Isa bersabda demikian, orang itu menjadi sedih sekali karena ia sangat kaya.",
Lukas,18,24,Lukas 18:24,فَلَمَّا رَآهُ يَسُوعُ قَدْ حَزِنَ، قَالَ: «مَا أَعْسَرَ دُخُولَ ذَوِي ٱلْأَمْوَالِ إِلَى مَلَكُوتِ ٱللهِ!,"Kemudian Yesus memandangnya dan berkata, “Betapa sulitnya bagi orang-orang kaya untuk masuk ke dalam Kerajaan Allah!","Ketika Isa melihat hal itu, bersabdalah Ia, “Betapa sulitnya orang kaya masuk ke dalam Kerajaan Allah!",
Lukas,18,25,Lukas 18:25,لِأَنَّ دُخُولَ جَمَلٍ مِنْ ثَقْبِ إِبْرَةٍ أَيْسَرُ مِنْ أَنْ يَدْخُلَ غَنِيٌّ إِلَى مَلَكُوتِ ٱللهِ!».,"Bahkan, lebih mudah bagi seekor unta untuk masuk melalui lubang jarum daripada orang kaya masuk ke dalam Kerajaan Allah.”",Lebih mudah seekor unta melewati lubang jarum daripada seorang kaya masuk Kerajaan Allah.”,
Lukas,18,26,Lukas 18:26,فَقَالَ ٱلَّذِينَ سَمِعُوا: «فَمَنْ يَسْتَطِيعُ أَنْ يَخْلُصَ؟»,"Orang-orang yang mendengar perkataan itu berkata, “Kalau begitu, siapa yang bisa diselamatkan?”","Orang-orang yang mendengar hal itu berkata, “Kalau begitu, siapakah yang dapat diselamatkan?”",
Lukas,18,27,Lukas 18:27,فَقَالَ: «غَيْرُ ٱلْمُسْتَطَاعِ عِنْدَ ٱلنَّاسِ مُسْتَطَاعٌ عِنْدَ ٱللهِ».,"Jawab Yesus, “Apa yang mustahil bagi manusia adalah mungkin bagi Allah.”","Sabda-Nya, “Apa yang mustahil bagi manusia, tidak mustahil bagi Allah.”",
Lukas,18,28,Lukas 18:28,فَقَالَ بُطْرُسُ: «هَا نَحْنُ قَدْ تَرَكْنَا كُلَّ شَيْءٍ وَتَبِعْنَاكَ».,"Lalu, Petrus berkata, “Lihatlah, kami sudah meninggalkan semua yang kami miliki dan mengikut Engkau.”","Petrus berkata, “Ya Junjungan, kami sudah meninggalkan semua yang kami miliki dan mengikut Engkau.”",
Lukas,18,29,Lukas 18:29,فَقَالَ لَهُمُ: «ٱلْحَقَّ أَقُولُ لَكُمْ: إِنْ لَيْسَ أَحَدٌ تَرَكَ بَيْتًا أَوْ وَالِدَيْنِ أَوْ إِخْوَةً أَوِ ٱمْرَأَةً أَوْ أَوْلَادًا مِنْ أَجْلِ مَلَكُوتِ ٱللهِ،,"Yesus berkata kepada mereka, “Aku mengatakan yang sesungguhnya kepadamu, tidak seorang pun yang telah meninggalkan rumah, istri, saudara-saudara, orang tua, atau anak-anaknya demi Kerajaan Allah,","Sabda Isa, “Sesungguhnya, Aku berkata kepadamu, setiap orang yang meninggalkan rumahnya, istrinya, saudaranya, orang tuanya, atau anak-anaknya karena Kerajaan Allah,",
Lukas,18,30,Lukas 18:30,إِلَّا وَيَأْخُذُ فِي هَذَا ٱلزَّمَانِ أَضْعَافًا كَثِيرَةً، وَفِي ٱلدَّهْرِ ٱلْآتِي ٱلْحَيَاةَ ٱلْأَبَدِيَّةَ».,"yang tidak akan menerima hal-hal itu berlipat ganda pada masa ini, dan pada masa yang akan datang, yaitu hidup yang kekal.”","maka pada saat ini juga, ia akan menerima kembali berlipat ganda. Sedangkan pada masa yang akan datang, ia akan memperoleh hidup yang kekal.”",
Lukas,18,31,Lukas 18:31,وَأَخَذَ ٱلِٱثْنَيْ عَشَرَ وَقَالَ لَهُمْ: «هَا نَحْنُ صَاعِدُونَ إِلَى أُورُشَلِيمَ، وَسَيَتِمُّ كُلُّ مَا هُوَ مَكْتُوبٌ بِٱلْأَنْبِيَاءِ عَنِ ٱبْنِ ٱلْإِنْسَانِ،,"Lalu, Yesus mengumpulkan kedua belas murid-Nya dan berkata kepada mereka, “Dengar, kita akan pergi ke Yerusalem dan segala sesuatu yang telah ditulis oleh para nabi tentang Anak Manusia akan digenapi.","Isa memanggil kedua belas pengikut-Nya, lalu bersabda kepada mereka, “Sekarang kita sedang menuju Yerusalem. Semua yang ditulis oleh para nabi mengenai Anak Manusia akan terjadi.",
Lukas,18,32,Lukas 18:32,لِأَنَّهُ يُسَلَّمُ إِلَى ٱلْأُمَمِ، وَيُسْتَهْزَأُ بِهِ، وَيُشْتَمُ وَيُتْفَلُ عَلَيْهِ،,"Ia akan diserahkan kepada orang-orang yang tidak mengenal Allah. Ia akan diejek, dianiaya, dan diludahi.","Ia akan diserahkan ke tangan bangsa-bangsa yang tidak mengenal Allah, lalu diolok-olok, dicaci maki, dan diludahi.",
Lukas,18,33,Lukas 18:33,وَيَجْلِدُونَهُ، وَيَقْتُلُونَهُ، وَفِي ٱلْيَوْمِ ٱلثَّالِثِ يَقُومُ».,"Dan, setelah mereka mencambuk-Nya, mereka akan membunuh-Nya. Akan tetapi, pada hari yang ketiga, Ia akan bangkit kembali.”","Mereka akan menyiksa Dia, lalu menjatuhkan hukuman mati atas diri-Nya, tetapi pada hari yang ketiga Ia akan bangkit.”",
Lukas,18,34,Lukas 18:34,وَأَمَّا هُمْ فَلَمْ يَفْهَمُوا مِنْ ذَلِكَ شَيْئًا، وَكَانَ هَذَا ٱلْأَمْرُ مُخْفًى عَنْهُمْ، وَلَمْ يَعْلَمُوا مَا قِيلَ.,"Namun, para murid tidak mengerti satu pun dari hal-hal ini. Arti perkataan itu tersembunyi bagi mereka sehingga mereka tidak memahami apa pun yang telah dikatakan.",Pengikut-pengikut-Nya tidak mengerti apa yang dimaksudkan-Nya. Arti dari kata-kata-Nya tersembunyi bagi mereka. Mereka tidak menangkap apa maksud perkataan-Nya.,
Lukas,18,35,Lukas 18:35,وَلَمَّا ٱقْتَرَبَ مِنْ أَرِيحَا كَانَ أَعْمَى جَالِسًا علَى ٱلطَّرِيقِ يَسْتَعْطِي.,"Pada saat Yesus hampir tiba di Kota Yerikho, ada seorang buta yang sedang duduk di pinggir jalan sambil mengemis.","Ketika Isa hampir sampai di Yerikho, ada seorang buta yang duduk di tepi jalan sambil meminta-minta.",
Lukas,18,36,Lukas 18:36,فَلَمَّا سَمِعَ ٱلْجَمْعَ مُجْتَازًا سَأَلَ: «مَا عَسَى أَنْ يَكُونَ هَذَا؟».,"Ketika orang buta itu mendengar orang banyak lewat, ia menanyakan apa yang sedang terjadi.","Karena didengarnya orang banyak lewat di situ, bertanyalah ia, “Ada apa?”",
Lukas,18,37,Lukas 18:37,فَأَخْبَرُوهُ أَنَّ يَسُوعَ ٱلنَّاصِرِيَّ مُجْتَازٌ.,"Dan, orang-orang berkata kepadanya, “Yesus dari Nazaret sedang lewat.”",Kepadanya diberitahukan bahwa Isa orang Nazaret lewat di situ.,
Lukas,18,38,Lukas 18:38,فَصَرَخَ قَائِلًا: «يَا يَسُوعُ ٱبْنَ دَاوُدَ، ٱرْحَمْنِي!».,"Maka, berserulah orang buta itu, “Yesus, Anak Daud, kasihanilah aku!”","Karena itu, ia berseru keras-keras, “Ya Isa, ya Anak Daud, kasihanilah aku!”",
Lukas,18,39,Lukas 18:39,فَٱنْتَهَرَهُ ٱلْمُتَقَدِّمُونَ لِيَسْكُتَ، أَمَّا هُوَ فَصَرَخَ أَكْثَرَ كَثِيرًا: «يَا ٱبْنَ دَاوُدَ، ٱرْحَمْنِي!».,"Orang-orang yang berjalan di depan rombongan, memarahi orang buta itu dan menyuruhnya diam. Akan tetapi, ia malah berteriak lebih keras, “Anak Daud, kasihanilah aku!”","Orang-orang yang berjalan di depan menegurnya supaya ia diam. Tetapi, malah semakin keras saja ia berteriak, “Ya Anak Daud, kasihanilah aku!”",
Lukas,18,40,Lukas 18:40,فَوَقَفَ يَسُوعُ وَأَمَرَ أَنْ يُقَدَّمَ إِلَيْهِ. وَلَمَّا ٱقْتَرَبَ سَأَلَهُ,"Lalu Yesus berhenti dan menyuruh agar orang buta itu dibawa kepada-Nya. Ketika orang buta itu mendekat, Dia bertanya kepadanya,","Kemudian, Isa berhenti dan menyuruh seseorang agar orang buta itu dibawa kepada-Nya. Ketika orang buta itu mendekat, Isa bertanya kepadanya,",
Lukas,18,41,Lukas 18:41,قَائِلًا: «مَاذَا تُرِيدُ أَنْ أَفْعَلَ بِكَ؟». فَقَالَ: «يَاسَيِّدُ، أَنْ أُبْصِرَ!».,"“Apa yang kamu inginkan supaya Kuperbuat bagimu?” Orang buta itu menjawab, “Tuhan, aku mau mataku bisa melihat.”","“Apa yang kaukehendaki Kulakukan bagimu?” Ia menjawab, “Ya Junjungan, kiranya aku dapat melihat!”",
Lukas,18,42,Lukas 18:42,فَقَالَ لَهُ يَسُوعُ: «أَبْصِرْ. إِيمَانُكَ قَدْ شَفَاكَ».,"Yesus berkata kepadanya, “Melihatlah, imanmu telah menyembuhkanmu.”","Sabda Isa kepadanya, “Melihatlah engkau! Imanmu telah menyembuhkan engkau.”",
Lukas,18,43,Lukas 18:43,وَفِي ٱلْحَالِ أَبْصَرَ، وَتَبِعَهُ وَهُوَ يُمَجِّدُ ٱللهَ. وَجَمِيعُ ٱلشَّعْبِ إِذْ رَأَوْا سَبَّحُوا ٱللهَ.,"Seketika itu juga, ia dapat melihat dan mulai mengikuti Yesus sambil memuji Allah. Ketika orang banyak melihat hal itu, mereka juga memuji Allah.","Saat itu juga ia dapat melihat, lalu ia mengikut Isa sambil memuliakan Allah. Orang banyak yang melihat hal itu memuji-muji Allah juga.",
Lukas,19,1,Lukas 19:1,ثُمَّ دَخَلَ وَٱجْتَازَ فِي أَرِيحَا.,"Maka, masuklah Yesus dan melewati Kota Yerikho.",Isa memasuki Kota Yerikho dan berjalan terus melintasi kota itu.,
Lukas,19,2,Lukas 19:2,وَإِذَا رَجُلٌ ٱسْمُهُ زَكَّا، وَهُوَ رَئِيسٌ لِلْعَشَّارِينَ وَكَانَ غَنِيًّا،,"Di sana ada seorang laki-laki bernama Zakheus, ia adalah kepala pengumpul pajak dan seorang yang kaya.","Di situ ada seorang kepala pemungut cukai yang kaya, namanya Zakheus.",
Lukas,19,3,Lukas 19:3,وَطَلَبَ أَنْ يَرَى يَسُوعَ مَنْ هُوَ، وَلَمْ يَقْدِرْ مِنَ ٱلْجَمْعِ، لِأَنَّهُ كَانَ قَصِيرَ ٱلْقَامَةِ.,"Ia berusaha melihat Yesus, tetapi tidak dapat karena terhalang orang banyak; sebab tubuhnya pendek.","Orang itu berusaha untuk mencari tahu manakah Isa di antara orang banyak itu. Akan tetapi, ia tidak dapat melihat-Nya sebab terlalu banyak orang dan ia sendiri pendek.",
Lukas,19,4,Lukas 19:4,فَرَكَضَ مُتَقَدِّمًا وَصَعِدَ إِلَى جُمَّيْزَةٍ لِكَيْ يَرَاهُ، لِأَنَّهُ كَانَ مُزْمِعًا أَنْ يَمُرَّ مِنْ هُنَاكَ.,"Jadi, Zakheus berlari mendahului orang banyak dan memanjat sebuah pohon ara untuk melihat Yesus karena Dia akan melewati jalan itu.","Oleh karena itu, ia berlari mendahului orang banyak itu, lalu memanjat sebatang pohon ara untuk dapat melihat Isa sebab Isa akan lewat di situ.",
Lukas,19,5,Lukas 19:5,فَلَمَّا جَاءَ يَسُوعُ إِلَى ٱلْمَكَانِ، نَظَرَ إِلَى فَوْقُ فَرَآهُ، وَقَالَ لَهُ: «يَا زَكَّا، أَسْرِعْ وَٱنْزِلْ، لِأَنَّهُ يَنْبَغِي أَنْ أَمْكُثَ ٱلْيَوْمَ فِي بَيْتِكَ».,"Ketika Yesus sampai di tempat Zakheus berada, Dia menengadah dan berkata kepadanya, “Zakheus, segeralah turun karena hari ini Aku harus menumpang di rumahmu.”","Ketika Isa tiba di tempat itu, Ia melihat ke atas dan berkata kepada Zakheus, “Zakheus, cepatlah turun! Karena pada hari ini Aku harus menginap di rumahmu!”",
Lukas,19,6,Lukas 19:6,فَأَسْرَعَ وَنَزَلَ وَقَبِلَهُ فَرِحًا.,"Maka, Zakheus pun segera turun dan menerima Yesus dengan bersukacita.",Zakheus cepat-cepat turun dan menyambut Isa dengan gembira.,
Lukas,19,7,Lukas 19:7,فَلَمَّا رَأَى ٱلْجَمِيعُ ذَلِكَ تَذَمَّرُوا قَائِلِينَ: «إِنَّهُ دَخَلَ لِيَبِيتَ عِنْدَ رَجُلٍ خَاطِئٍ».,"Namun, ketika semua orang melihat hal itu, mereka mulai menggerutu dan berkata, “Dia menjadi tamu di rumah seorang yang berdosa.”","Ketika orang-orang melihat hal itu, bersungut-sungutlah mereka semua, lalu berkata, “Ia hendak menginap di rumah orang berdosa.”",
Lukas,19,8,Lukas 19:8,فَوَقَفَ زَكَّا وَقَالَ لِلرَّبِّ: «هَا أَنَا يَارَبُّ أُعْطِي نِصْفَ أَمْوَالِي لِلْمَسَاكِينِ، وَإِنْ كُنْتُ قَدْ وَشَيْتُ بِأَحَدٍ أَرُدُّ أَرْبَعَةَ أَضْعَافٍ».,"Kemudian, Zakheus berdiri dan berkata kepada Tuhan, “Tuhan, lihatlah, separuh dari hartaku akan kuberikan kepada orang miskin, dan jika aku telah menggelapkan harta seseorang, aku akan mengembalikannya 4 kali lipat.”","Kemudian, Zakheus berdiri dan berkata kepada Isa, Sang Junjungan, “Ya Junjungan, separuh dari harta milik hamba akan hamba berikan kepada orang miskin dan apa pun yang telah hamba ambil dari orang dengan cara yang tidak jujur akan hamba kembalikan empat kali lipat.”",
Lukas,19,9,Lukas 19:9,فَقَالَ لَهُ يَسُوعُ: «ٱلْيَوْمَ حَصَلَ خَلَاصٌ لِهَذَا ٱلْبَيْتِ، إِذْ هُوَ أَيْضًا ٱبْنُ إِبْرَاهِيمَ،,"Yesus lalu berkata kepada Zakheus, “Pada hari ini, keselamatan telah datang ke atas rumah ini karena orang ini juga anak Abraham.","Lalu, Isa bersabda kepadanya, “Hari ini keselamatan telah datang pada seisi rumah ini sebab ia juga keturunan Ibrahim.",
Lukas,19,10,Lukas 19:10,لِأَنَّ ٱبْنَ ٱلْإِنْسَانِ قَدْ جَاءَ لِكَيْ يَطْلُبَ وَيُخَلِّصَ مَا قَدْ هَلَكَ».,"Sebab, Anak Manusia datang untuk mencari dan menyelamatkan yang hilang.”",Karena Anak Manusia datang untuk mencari dan menyelamatkan yang hilang.”,
Lukas,19,11,Lukas 19:11,وَإِذْ كَانُوا يَسْمَعُونَ هَذَا عَادَ فَقَالَ مَثَلًا، لِأَنَّهُ كَانَ قَرِيبًا مِنْ أُورُشَلِيمَ، وَكَانُوا يَظُنُّونَ أَنَّ مَلَكُوتَ ٱللهِ عَتِيدٌ أَنْ يَظْهَرَ فِي ٱلْحَالِ.,"Sementara mereka mendengarkan semua ini, Yesus melanjutkan dengan menceritakan sebuah perumpamaan karena Dia sudah dekat dengan Yerusalem dan karena mereka menyangka bahwa Kerajaan Allah akan segera datang.","Sementara orang-orang mendengarkan semua yang disabdakan-Nya, Isa menyampaikan kepada mereka suatu ibarat lagi karena Ia sudah mendekati Yerusalem dan mereka menyangka bahwa Kerajaan Allah akan segera nampak.",
Lukas,19,12,Lukas 19:12,فَقَالَ: «إِنْسَانٌ شَرِيفُ ٱلْجِنْسِ ذَهَبَ إِلَى كُورَةٍ بَعِيدَةٍ لِيَأْخُذَ لِنَفْسِهِ مُلْكًا وَيَرْجِعَ.,"Oleh karena itu, Dia pun berkata, “Seorang bangsawan pergi ke negeri yang jauh untuk diangkat menjadi raja, dan sesudah itu ia akan pulang.","Sabda-Nya, “Ada seorang bangsawan. Ia hendak pergi ke suatu negeri yang jauh untuk dinobatkan menjadi raja, lalu segera kembali.",
Lukas,19,13,Lukas 19:13,فَدَعَا عَشَرَةَ عَبِيدٍ لَهُ وَأَعْطَاهُمْ عَشَرَةَ أَمْنَاءٍ، وَقَالَ لَهُمْ: تَاجِرُوا حَتَّى آتِيَ.,"Kemudian, tuan itu mengumpulkan sepuluh orang pelayannya dan memberi mereka uang sebesar 10 mina . Katanya kepada mereka, ‘Berdaganglah menggunakan uang ini sampai aku kembali.’","Maka, ia memanggil sepuluh orang hambanya dan memberikan kepada mereka uang sebesar sepuluh mina. Lalu, katanya, ‘Jalankanlah uang ini sampai aku kembali.’",
Lukas,19,14,Lukas 19:14,وَأَمَّا أَهْلُ مَدِينَتِهِ فَكَانُوا يُبْغِضُونَهُ، فَأَرْسَلُوا وَرَاءَهُ سَفَارَةً قَائِلِينَ: لَا نُرِيدُ أَنَّ هَذَا يَمْلِكُ عَلَيْنَا.,"Akan tetapi, orang-orang sebangsanya membenci dia dan mengirimkan perwakilan setelah ia berangkat untuk berkata, ‘Kami tidak mau orang ini menjadi raja atas kami.’","Akan tetapi, rakyat di negerinya itu membenci dia. Setelah ia pergi, mereka mengirim utusan untuk berkata, ‘Kami tidak menghendaki orang ini menjadi raja atas kami.’",
Lukas,19,15,Lukas 19:15,وَلَمَّا رَجَعَ بَعْدَمَا أَخَذَ ٱلْمُلْكَ، أَمَرَ أَنْ يُدْعَى إِلَيْهِ أُولَئِكَ ٱلْعَبِيدُ ٱلَّذِينَ أَعْطَاهُمُ ٱلْفِضَّةَ، لِيَعْرِفَ بِمَا تَاجَرَ كُلُّ وَاحِدٍ.,"Setelah diangkat menjadi raja, bangsawan itu kembali dan memerintahkan hamba-hamba yang telah diberinya uang itu dipanggil menghadapnya supaya ia dapat mengetahui berapa besar keuntungan yang mereka dapatkan dari berdagang.","Setelah dinobatkan menjadi raja, ia kembali dan langsung memerintahkan supaya hamba-hamba yang sudah diberinya uang itu segera datang menghadap. Ia ingin tahu berapa keuntungan yang mereka dapat dari usaha mereka.",
Lukas,19,16,Lukas 19:16,فَجَاءَ ٱلْأَوَّلُ قَائِلًا: يَا سَيِّدُ، مَنَاكَ رَبِحَ عَشَرَةَ أَمْنَاءٍ.,"Pelayan yang pertama datang dan berkata, ‘Tuan, uang 1 mina milikmu itu telah menghasilkan 10 mina lagi.’","Hamba yang pertama datang menghadap dan berkata, ‘Tuan, uang satu mina yang Tuan berikan sudah menghasilkan sepuluh mina.’",
Lukas,19,17,Lukas 19:17,فَقَالَ لَهُ: نِعِمَّا أَيُّهَا ٱلْعَبْدُ ٱلصَّالِحُ! لِأَنَّكَ كُنْتَ أَمِينًا فِي ٱلْقَلِيلِ، فَلْيَكُنْ لَكَ سُلْطَانٌ عَلَى عَشْرِ مُدْنٍ.,"Raja itu berkata kepadanya, ‘Bagus sekali, hai kamu hamba yang baik! Karena kamu setia dalam urusan yang kecil, kamu akan memerintah atas sepuluh kota.’","Tuan itu berkata, ‘Baik sekali pekerjaanmu itu, hai hamba yang baik! Karena engkau setia dengan yang sedikit, maka engkau diberi wewenang untuk memerintah sepuluh kota.’",
Lukas,19,18,Lukas 19:18,ثُمَّ جَاءَ ٱلثَّانِي قَائِلًا: يَا سَيِّدُ، مَنَاكَ عَمِلَ خَمْسَةَ أَمْنَاءٍ.,"Pelayan yang kedua pun datang dan berkata, ‘Tuan, uang 1 mina milikmu itu telah menghasilkan 5 mina.’","Lalu, hamba yang kedua datang. Ia berkata, ‘Tuan, uang satu mina yang Tuan berikan sudah menghasilkan lima mina.’",
Lukas,19,19,Lukas 19:19,فَقَالَ لِهَذَا أَيْضًا: وَكُنْ أَنْتَ عَلَى خَمْسِ مُدْنٍ.,"Lalu, sang raja berkata kepada hamba itu, ‘Berkuasalah kamu atas 5 kota.’","Kepada hamba ini Tuan itu berkata, ‘Engkau diberi wewenang untuk memerintah lima kota.’",
Lukas,19,20,Lukas 19:20,ثُمَّ جَاءَ آخَرُ قَائِلًا: يَا سَيِّدُ، هُوَذَا مَنَاكَ ٱلَّذِي كَانَ عِنْدِي مَوْضُوعًا فِي مِنْدِيلٍ،,"Kemudian, datanglah hamba yang satu lagi dan berkata, ‘Tuan, ini uang 1 mina milikmu yang aku simpan dalam sapu tangan.","Kemudian, datang hamba yang lain. Ia berkata, ‘Tuan, ini uang satu mina yang Tuan berikan kepadaku. Aku menyimpannya di dalam sapu tangan.",
Lukas,19,21,Lukas 19:21,لِأَنِّي كُنْتُ أَخَافُ مِنْكَ، إِذْ أَنْتَ إِنْسَانٌ صَارِمٌ، تَأْخُذُ مَا لَمْ تَضَعْ، وَتَحْصُدُ مَا لَمْ تَزْرَعْ.,Aku takut kepadamu sebab engkau orang yang keras. Engkau mengambil apa yang tidak pernah engkau simpan dan memanen apa yang tidak pernah engkau tanam.’,Aku takut kepada Tuan sebab Tuan adalah orang yang keras. Tuan mengambil apa yang tidak Tuan taruh dan menuai apa yang tidak Tuan tabur.’,
Lukas,19,22,Lukas 19:22,فَقَالَ لَهُ: مِنْ فَمِكَ أَدِينُكَ أَيُّهَا ٱلْعَبْدُ ٱلشِّرِّيرُ. عَرَفْتَ أَنِّي إِنْسَانٌ صَارِمٌ، آخُذُ مَا لَمْ أَضَعْ، وَأَحْصُدُ مَا لَمْ أَزْرَعْ،,"Kemudian, raja itu berkata kepadanya, ‘Aku akan mengadilimu sesuai dengan perkataanmu, hai kamu hamba yang jahat! Jadi, kamu tahu bahwa aku adalah orang yang keras, yang mengambil apa yang tidak pernah kusimpan dan memanen apa yang tidak aku tanam?","Maka, kata tuan itu, ‘Hai hamba yang jahat! Aku akan menghukum engkau berdasarkan ucapan mulutmu sendiri. Engkau sudah tahu bahwa aku ini orang yang keras yang mengambil apa yang tidak kutaruh dan menuai apa yang tidak kutabur.",
Lukas,19,23,Lukas 19:23,فَلِمَاذَا لَمْ تَضَعْ فِضَّتِي عَلَى مَائِدَةِ ٱلصَّيَارِفَةِ، فَكُنْتُ مَتَى جِئْتُ أَسْتَوْفِيهَا مَعَ رِبًا؟,"Kalau begitu, mengapa kamu tidak menaruh uangku di tempat orang menjalankan uang sehingga ketika aku kembali, aku akan menerima uangku itu beserta dengan bunganya?’","Kalau begitu, mengapa engkau tidak menaruh uangku pada orang yang menjalankan uang? Bukankah dengan begitu aku dapat mengambilnya bersama-sama dengan bunganya jika aku datang?’",
Lukas,19,24,Lukas 19:24,ثُمَّ قَالَ لِلْحَاضِرِينَ: خُذُوا مِنْهُ ٱلْمَنَا وَأَعْطُوهُ لِلَّذِي عِنْدَهُ ٱلْعَشَرَةُ ٱلْأَمْنَاءُ.,"Lalu, raja itu berkata kepada orang-orang yang berdiri di situ, ‘Ambil mina itu darinya dan berikanlah kepada orang yang mempunyai 10 mina.’","Lalu, tuan itu berkata kepada orang-orang yang berdiri di situ, ‘Ambillah uang yang satu mina itu dari dia dan berikanlah kepada hamba yang mempunyai sepuluh mina itu!’",
Lukas,19,25,Lukas 19:25,فَقَالُوا لَهُ: يَا سَيِّدُ، عِنْدَهُ عَشَرَةُ أَمْنَاءٍ!,"Namun, mereka berkata kepada sang raja, ‘Tuan, hamba itu sudah mempunyai 10 mina.’","Kata orang-orang itu kepada tuan itu, ‘Tuan, dia sudah mempunyai sepuluh mina.’",
Lukas,19,26,Lukas 19:26,لِأَنِّي أَقُولُ لَكُمْ: إِنَّ كُلَّ مَنْ لَهُ يُعْطَى، وَمَنْ لَيْسَ لَهُ فَٱلَّذِي عِنْدَهُ يُؤْخَذُ مِنْهُ.,"Jawab raja itu, ‘Aku berkata kepadamu, setiap orang yang mempunyai akan diberi lebih, tetapi dari orang yang tidak mempunyai apa pun, semua yang dimilikinya akan diambil.","Tuan itu berkata, ‘Aku berkata kepadamu, siapa mempunyai, kepadanya akan ditambahkan. Tetapi, siapa tidak mempunyai, maka yang ada padanya pun akan diambil kembali.",
Lukas,19,27,Lukas 19:27,أَمَّا أَعْدَائِي، أُولَئِكَ ٱلَّذِينَ لَمْ يُرِيدُوا أَنْ أَمْلِكَ عَلَيْهِمْ، فَأْتُوا بِهِمْ إِلَى هُنَا وَٱذْبَحُوهُمْ قُدَّامِي».,"Akan tetapi, tentang musuh-musuhku yang tidak menginginkan aku menjadi raja atas mereka, bawalah mereka kemari dan bunuhlah mereka di hadapanku.’”","Sekarang mengenai orang-orang yang tidak menginginkan aku menjadi raja atas mereka, bawalah mereka kemari dan bunuhlah mereka di hadapanku.’”",
Lukas,19,28,Lukas 19:28,وَلَمَّا قَالَ هَذَا تَقَدَّمَ صَاعِدًا إِلَى أُورُشَلِيمَ.,"Setelah Yesus mengatakan hal-hal itu, Dia berjalan lebih dahulu menuju Yerusalem.","Setelah bersabda begitu, Isa meneruskan perjalanan-Nya menuju Yerusalem diiringi banyak orang.",
Lukas,19,29,Lukas 19:29,وَإِذْ قَرُبَ مِنْ بَيْتِ فَاجِي وَبَيْتِ عَنْيَا، عِنْدَ ٱلْجَبَلِ ٱلَّذِي يُدْعَى جَبَلَ ٱلزَّيْتُونِ، أَرْسَلَ ٱثْنَيْنِ مِنْ تَلَامِيذِهِ,"Ketika Dia sampai di dekat desa Betfage dan Betania, dekat bukit bernama Bukit Zaitun, Dia mengutus dua orang murid-Nya.","Ketika Isa hampir sampai ke Baitfagi dan Baitani, di bukit yang bernama Bukit Zaitun, Ia menyuruh dua orang pengikut-Nya,",
Lukas,19,30,Lukas 19:30,قَائِلًا: «اِذْهَبَا إِلَى ٱلْقَرْيَةِ ٱلَّتِي أَمَامَكُمَا، وَحِينَ تَدْخُلَانِهَا تَجِدَانِ جَحْشًا مَرْبُوطًا لَمْ يَجْلِسْ عَلَيْهِ أَحَدٌ مِنَ ٱلنَّاسِ قَطُّ. فَحُلَّاهُ وَأْتِيَا بِهِ.,"Kata-Nya kepada mereka, “Pergilah ke desa yang ada di depanmu itu. Dan, ketika kamu masuk ke sana, kamu akan melihat seekor anak keledai yang terikat dan belum pernah dinaiki orang. Lepaskanlah anak keledai itu dan bawalah kemari.","sabda-Nya, “Pergilah ke desa yang ada di hadapanmu itu. Ketika kamu memasukinya, kamu akan mendapati seekor keledai muda yang tertambat dan belum pernah ditunggangi oleh seorang pun. Lepaskanlah keledai itu dan bawalah kemari.",
Lukas,19,31,Lukas 19:31,وَإِنْ سَأَلَكُمَا أَحَدٌ: لِمَاذَا تَحُلَّانِهِ؟ فَقُولَا لَهُ هَكَذَا: إِنَّ ٱلرَّبَّ مُحْتَاجٌ إِلَيْهِ».,"Jika ada orang bertanya kepadamu, ‘Mengapa kamu membawa keledai itu?’, katakanlah begini: Tuhan memerlukannya.”","Jika ada orang yang bertanya kepadamu, ‘Mengapa kamu melepaskannya?’ Katakanlah, ‘Junjungan memerlukannya.’”",
Lukas,19,32,Lukas 19:32,فَمَضَى ٱلْمُرْسَلَانِ وَوَجَدَا كَمَا قَالَ لَهُمَا.,"Lalu, pergilah kedua murid yang diutus-Nya itu dan menemukan segala sesuatunya tepat seperti yang telah dikatakan-Nya kepada mereka.","Kedua orang itu pun pergi, lalu mereka mendapati seperti apa yang telah disabdakan-Nya kepada mereka.",
Lukas,19,33,Lukas 19:33,وَفِيمَا هُمَا يَحُلَّانِ ٱلْجَحْشَ قَالَ لَهُمَا أَصْحَابُهُ: «لِمَاذَا تَحُلَّانِ ٱلْجَحْشَ؟».,"Selagi mereka melepaskan anak keledai itu, pemiliknya bertanya kepada mereka, “Mengapa kamu melepaskan anak keledai itu?”","Sementara mereka berdua melepaskan keledai itu, pemiliknya berkata kepada mereka, “Mengapa kamu melepaskan keledai itu?”",
Lukas,19,34,Lukas 19:34,فَقَالَا: «ٱلرَّبُّ مُحْتَاجٌ إِلَيْهِ».,"Mereka pun menjawab, “Tuhan memerlukannya.”","Mereka berkata, “Junjungan memerlukannya.”",
Lukas,19,35,Lukas 19:35,وَأَتَيَا بِهِ إِلَى يَسُوعَ، وَطَرَحَا ثِيَابَهُمَا عَلَى ٱلْجَحْشِ، وَأَرْكَبَا يَسُوعَ.,"Lalu, mereka membawa anak keledai itu kepada Yesus dan meletakkan pakaiannya di atas punggung keledai itu, kemudian menaikkan Yesus ke atasnya.","Kemudian, mereka membawa keledai itu kepada Isa. Punggung keledai itu mereka alasi dengan pakaian mereka, lalu mereka membantu Isa naik ke atasnya.",
Lukas,19,36,Lukas 19:36,وَفِيمَا هُوَ سَائِرٌ فَرَشُوا ثِيَابَهُمْ فِي ٱلطَّرِيقِ.,"Ketika Yesus melewati jalanan, orang-orang membentangkan pakaian mereka di jalan.","Sementara Isa mengendarai keledai itu, orang-orang menghamparkan pakaian mereka di jalan.",
Lukas,19,37,Lukas 19:37,وَلَمَّا قَرُبَ عِنْدَ مُنْحَدَرِ جَبَلِ ٱلزَّيْتُونِ، ٱبْتَدَأَ كُلُّ جُمْهُورِ ٱلتَّلَامِيذِ يَفْرَحُونَ وَيُسَبِّحُونَ ٱللهَ بِصَوْتٍ عَظِيمٍ، لِأَجْلِ جَمِيعِ ٱلْقُوَّاتِ ٱلَّتِي نَظَرُوا،,"Dan, ketika Yesus sudah semakin dekat Yerusalem, yaitu di jalan yang menurun dari arah Bukit Zaitun, semua pengikut-Nya mulai memuji Allah dengan bersukacita dan suara yang nyaring. Mereka bersyukur kepada Allah atas semua mukjizat yang telah mereka lihat.","Ketika hampir sampai di Yerusalem, pada jalan menurun di Bukit Zaitun, pengikut-pengikut-Nya yang jumlahnya banyak itu mulai bersukaria. Mereka memuji Allah dengan suara nyaring karena mereka telah melihat mukjizat-mukjizat yang telah dilakukan-Nya.",
Lukas,19,38,Lukas 19:38,قَائِلِينَ: «مُبَارَكٌ ٱلْمَلِكُ ٱلْآتِي بِٱسْمِ ٱلرَّبِّ! سَلَامٌ فِي ٱلسَّمَاءِ وَمَجْدٌ فِي ٱلْأَعَالِي!».,"Mereka berseru, “Diberkatilah Dia yang datang sebagai Raja dalam nama Tuhan, damai sejahtera di surga dan kemuliaan di tempat yang mahatinggi!” Mazmur 118:26","Mereka berseru, “Mubaraklah Dia yang datang sebagai raja atas nama Tuhan! Sejahteralah di surga dan kemuliaan di Tempat Yang Mahatinggi!”",
Lukas,19,39,Lukas 19:39,وَأَمَّا بَعْضُ ٱلْفَرِّيسِيِّينَ مِنَ ٱلْجَمْعِ فَقَالُوا لَهُ: «يَا مُعَلِّمُ، ٱنْتَهِرْ تَلَامِيذَكَ!».,"Beberapa orang Farisi dari kerumunan orang banyak itu berkata kepada Yesus, “Guru, tegurlah murid-murid-Mu.”","Di antara orang banyak itu ada beberapa orang dari mazhab Farisi. Mereka berkata kepada-Nya, “Guru, suruhlah pengikut-pengikut-Mu itu diam.”",
Lukas,19,40,Lukas 19:40,فَأَجَابَ وَقَالَ لَهُمْ: «أَقُولُ لَكُمْ: إِنَّهُ إِنْ سَكَتَ هَؤُلَاءِ فَٱلْحِجَارَةُ تَصْرُخُ!».,"Akan tetapi, Yesus menjawab, “Aku berkata kepadamu, jika mereka diam, batu-batu inilah yang akan berseru-seru.”","Sabda Isa, “Aku berkata kepadamu, jikalau mereka diam, maka batu-batu ini akan bersorak.”",
Lukas,19,41,Lukas 19:41,وَفِيمَا هُوَ يَقْتَرِبُ نَظَرَ إِلَى ٱلْمَدِينَةِ وَبَكَى عَلَيْهَا,"Saat Yesus sudah di dekat kota Yerusalem dan melihat kota itu, Dia pun menangisinya.","Ketika Isa semakin dekat dengan Yerusalem dan melihat kota itu, Ia menangisinya.",
Lukas,19,42,Lukas 19:42,قَائِلًا: «إِنَّكِ لَوْ عَلِمْتِ أَنْتِ أَيْضًا، حَتَّى فِي يَوْمِكِ هَذَا، مَا هُوَ لِسَلَامِكِ! وَلَكِنِ ٱلْآنَ قَدْ أُخْفِيَ عَنْ عَيْنَيْكِ.,"Kata-Nya, “Seandainya hari ini kamu tahu apa yang mendatangkan damai sejahtera atasmu. Akan tetapi, sekarang hal itu tersembunyi dari matamu.","Sabda-Nya, “Wahai, alangkah baiknya jikalau pada hari ini juga engkau mengetahui hal-hal yang dapat mendatangkan kesejahteraan bagimu! Tetapi, sayang sekali karena hal itu tersembunyi dari matamu.",
Lukas,19,43,Lukas 19:43,فَإِنَّهُ سَتَأْتِي أَيَّامٌ وَيُحِيطُ بِكِ أَعْدَاؤُكِ بِمِتْرَسَةٍ، وَيُحْدِقُونَ بِكِ وَيُحَاصِرُونَكِم مِنْ كُلِّ جِهَةٍ،,Sebab akan datang waktunya ketika musuh-musuhmu akan membangun tembok penghalang di sekelilingmu dan mengepungmu dari semua arah.,"Akan tiba harinya, musuh-musuhmu membangun kubu pertahanan di sekelilingmu, mengepungmu, dan mengimpitmu dari segala jurusan.",
Lukas,19,44,Lukas 19:44,وَيَهْدِمُونَكِ وَبَنِيكِ فِيكِ، وَلَا يَتْرُكُونَ فِيكِ حَجَرًا عَلَى حَجَرٍ، لِأَنَّكِ لَمْ تَعْرِفِي زَمَانَ ٱفْتِقَادِكِ».,"Mereka akan meruntuhkanmu, engkau beserta anak-anakmu yang berlindung pada tembokmu. Dan, mereka tidak akan menyisakan satu batu pun tersusun di atas batu yang lain di dalammu sebab kamu tidak mengenali waktu ketika Allah melawatmu.”",Mereka akan menghancurkan engkau sampai rata dengan tanah dan membunuh pendudukmu. Tak akan ada satu batu pun yang tinggal tersusun satu di atas yang lain sebab engkau tidak mengenali saat Allah datang melawat engkau.”,
Lukas,19,45,Lukas 19:45,وَلَمَّا دَخَلَ ٱلْهَيْكَلَ ٱبْتَدَأَ يُخْرِجُ ٱلَّذِينَ كَانُوا يَبِيعُونَ وَيَشْتَرُونَ فِيهِ,"Kemudian, Yesus masuk ke Bait Allah dan mulai mengusir keluar orang-orang yang berjualan di sana.","Kemudian, Isa masuk ke Bait Allah. Ia mengusir semua orang yang berjual beli di situ",
Lukas,19,46,Lukas 19:46,قَائِلًا لَهُمْ: «مَكْتُوبٌ: إِنَّ بَيْتِي بَيْتُ ٱلصَّلَاةِ. وَأَنْتُمْ جَعَلْتُمُوهُ مَغَارَةَ لُصُوصٍ!».,"Kata-Nya kepada mereka, “Ada tertulis: ‘Rumah-Ku akan menjadi rumah doa,’ tetapi kamu telah menjadikannya sebagai sarang perampok!”","dan bersabda kepada mereka, “Telah tertulis, ‘Rumah-Ku akan disebut rumah doa,’ tetapi kamu menjadikannya sarang penyamun.”",
Lukas,19,47,Lukas 19:47,وَكَانَ يُعَلِّمُ كُلَّ يَوْمٍ فِي ٱلْهَيْكَلِ، وَكَانَ رُؤَسَاءُ ٱلْكَهَنَةِ وَٱلْكَتَبَةُ مَعَ وُجُوهِ ٱلشَّعْبِ يَطْلُبُونَ أَنْ يُهْلِكُوهُ،,"Lalu, Yesus mengajar di Bait Allah setiap hari. Namun, imam-imam kepala, ahli-ahli Taurat, dan para pemimpin bangsa itu mencari cara untuk membunuh-Nya.","Setiap hari Isa mengajar di Bait Allah. Imam-imam kepala, para ahli Kitab Suci Taurat, dan para pemimpin bangsa itu mencari jalan untuk membinasakan-Nya,",
Lukas,19,48,Lukas 19:48,وَلَمْ يَجِدُوا مَا يَفْعَلُونَ، لِأَنَّ ٱلشَّعْبَ كُلَّهُ كَانَ مُتَعَلِّقًا بِهِ يَسْمَعُ مِنْهُ.,"Akan tetapi, mereka tidak tahu bagaimana melakukannya sebab semua orang memegang teguh perkataan Yesus.",tetapi mereka tidak menemukan cara untuk melakukannya karena semua orang ingin sekali mendengarkan sabda-Nya.,
Lukas,20,1,Lukas 20:1,وَفِي أَحَدِ تِلْكَ ٱلْأَيَّامِ إِذْ كَانَ يُعَلِّمُ ٱلشَّعْبَ فِي ٱلْهَيْكَلِ وَيُبَشِّرُ، وَقَفَ رُؤَسَاءُ ٱلْكَهَنَةِ وَٱلْكَتَبَةُ مَعَ ٱلشُّيُوخِ،,"Pada suatu hari, ketika Yesus sedang mengajar orang banyak di Bait Allah dan memberitakan Injil, imam-imam kepala dan ahli-ahli Taurat bersama dengan tua-tua datang kepada-Nya.","Pada suatu hari, ketika Isa sedang mengajar di Bait Allah dan memberitakan Injil kepada orang banyak, datanglah kepada-Nya imam-imam kepala, para ahli Kitab Suci Taurat, dan para tua-tua.",
Lukas,20,2,Lukas 20:2,وَكَلَّمُوُه قَائِلِينَ: «قُلْ لَنَا: بِأَيِّ سُلْطَانٍ تَفْعَلُ هَذَا؟ أَوْ مَنْ هُوَ ٱلَّذِي أَعْطَاكَ هَذَا ٱلسُّلْطَانَ؟».,"Mereka berkata kepada-Nya, “Katakanlah kepada kami dengan kuasa apakah Engkau melakukan hal-hal ini? Atau, siapakah yang memberi-Mu kuasa ini?”","Kemudian, mereka berkata kepada-Nya, “Katakanlah kepada kami, apa wewenang-Mu melakukan semua itu? Selain itu, siapakah yang memberikan wewenang itu kepada-Mu?”",
Lukas,20,3,Lukas 20:3,فَأَجَابَ وَقَالَ لَهُمْ: «وَأَنَا أَيْضًا أَسْأَلُكُمْ كَلِمَةً وَاحِدَةً، فَقُولُوا لِي:,"Jawab Yesus kepada mereka, “Aku juga akan menanyakan sebuah pertanyaan kepadamu. Jawablah Aku,","Sabda Isa kepada mereka, “Aku pun hendak bertanya kepadamu dan kamu harus memberikan jawabannya kepada-Ku.",
Lukas,20,4,Lukas 20:4,مَعْمُودِيَّةُ يُوحَنَّا: مِنَ ٱلسَّمَاءِ كَانَتْ أَمْ مِنَ ٱلنَّاسِ؟».,dari manakah asal baptisan Yohanes? Dari surga atau dari manusia?”,Dari manakah asalnya permandian Yahya? Dari surga atau dari manusia?”,
Lukas,20,5,Lukas 20:5,فَتَآمَرُوا فِيمَا بَيْنَهُمْ قَائِلِينَ: «إِنْ قُلْنَا: مِنَ ٱلسَّمَاءِ، يَقُولُ: فَلِمَاذَا لَمْ تُؤْمِنُوا بِهِ؟,"Mereka merundingkan hal itu di antara mereka dengan berkata, “Jika kita menjawab, ‘Dari surga,’ Dia akan berkata, ‘Kalau begitu, mengapa kamu tidak percaya kepada Yohanes?’","Lalu, mereka membicarakan hal itu di antara mereka sendiri, “Jika kita katakan, ‘dari surga,’ maka Ia akan berkata, ‘Kalau begitu, mengapa kamu tidak percaya kepadanya?’",
Lukas,20,6,Lukas 20:6,وَإِنْ قُلْنَا: مِنَ ٱلنَّاسِ، فَجَمِيعُ ٱلشَّعْبِ يَرْجُمُونَنَا، لِأَنَّهُمْ وَاثِقُونَ بِأَنَّ يُوحَنَّا نَبِيٌّ».,"Akan tetapi, jika kita berkata, ‘Dari manusia,’ semua orang akan merajam kita sampai mati karena mereka yakin bahwa Yohanes adalah seorang nabi.”","Tetapi, jika kita katakan, ‘dari manusia,’ maka orang banyak ini akan merajam kita karena mereka yakin bahwa Yahya adalah seorang nabi.”",
Lukas,20,7,Lukas 20:7,فَأَجَابُوا أَنَّهُمْ لَا يَعْلَمُونَ مِنْ أَيْنَ.,"Jadi, mereka pun menjawab bahwa mereka tidak tahu dari mana baptisan itu berasal.","Oleh sebab itu, mereka menjawab bahwa mereka tidak tahu dari mana asalnya permandian itu.",
Lukas,20,8,Lukas 20:8,فَقَالَ لَهُمْ يَسُوعُ: «وَلَا أَنَا أَقُولُ لَكُمْ بِأَيِّ سُلْطَانٍ أَفْعَلُ هَذَا».,"Kemudian, Yesus berkata kepada mereka, “Kalau begitu, Aku juga tidak akan memberitahumu dengan kuasa apakah Aku melakukan hal-hal ini.”","Kemudian, sabda Isa kepada mereka, “Kalau begitu, Aku pun tidak akan mengatakan dari mana wewenang yang Kumiliki untuk melakukan semua itu.”",
Lukas,20,9,Lukas 20:9,وَٱبْتَدَأَ يَقُولُ لِلشَّعْبِ هَذَا ٱلْمَثَلَ: «إِنْسَانٌ غَرَسَ كَرْمًا وَسَلَّمَهُ إِلَى كَرَّامِينَ وَسَافَرَ زَمَانًا طَوِيلًا.,"Lalu, Yesus menceritakan perumpamaan ini kepada orang banyak, “Ada seseorang yang menanami sebuah kebun anggur lalu menyewakannya kepada beberapa petani, dan pergi ke negeri yang jauh untuk waktu yang lama.","Lalu, Isa mulai menyampaikan ibarat ini kepada orang-orang yang ada di situ. Sabda-Nya, “Ada seorang yang membuat kebun anggur. Kemudian, ia menyewakannya kepada beberapa penggarap, sedangkan ia sendiri pergi ke negeri lain untuk beberapa waktu lamanya.",
Lukas,20,10,Lukas 20:10,وَفِي ٱلْوَقْتِ أَرْسَلَ إِلَى ٱلْكَرَّامِينَ عَبْدًا لِكَيْ يُعْطُوهُ مِنْ ثَمَرِ ٱلْكَرْمِ، فَجَلَدَهُ ٱلْكَرَّامُونَ، وَأَرْسَلُوهُ فَارِغًا.,"Ketika musim panen tiba, ia menyuruh seorang pelayannya pergi kepada petani-petani itu supaya mereka memberikan kepadanya sebagian dari hasil kebun anggur itu. Akan tetapi, para petani itu memukuli pelayan tersebut dan mengusirnya pergi dengan tangan hampa.","Ketika tiba musimnya, ia menyuruh seorang hamba menemui penggarap-penggarap itu dengan maksud supaya mereka menyerahkan kepadanya hasil buah dari kebun anggur itu. Tetapi, penggarap-penggarap itu memukuli hamba itu dan menyuruhnya pergi dengan tangan hampa.",
Lukas,20,11,Lukas 20:11,فَعَادَ وَأَرْسَلَ عَبْدًا آخَرَ، فَجَلَدُوا ذَلِكَ أَيْضًا وَأَهَانُوهُ، وَأَرْسَلُوهُ فَارِغًا.,"Dan, dia pun mengirim pelayan yang lain, tetapi petani-petani itu juga memukul pelayan tersebut dan memperlakukannya dengan hina, lalu mengusirnya pergi dengan tangan hampa.","Kemudian, pemilik kebun anggur itu menyuruh lagi hamba yang lain, tetapi hamba ini pun dipukuli, dipermalukan, dan disuruh pergi dengan tangan hampa oleh mereka.",
Lukas,20,12,Lukas 20:12,ثُمَّ عَادَ فَأَرْسَلَ ثَالِثًا، فَجَرَّحُوا هَذَا أَيْضًا وَأَخْرَجُوهُ.,"Lalu, pemilik kebun anggur itu mengutus pelayan yang ketiga, tetapi petani-petani itu juga melukai pelayan yang satu ini dan mengusirnya keluar.","Untuk ketiga kalinya pemilik kebun itu mengutus hamba yang lain lagi, tetapi hamba ini pun dianiaya dan dilempar oleh penggarap-penggarap itu ke luar kebun anggur.",
Lukas,20,13,Lukas 20:13,فَقَالَ صَاحِبُ ٱلْكَرْمِ: مَاذَا أَفْعَلُ؟ أُرْسِلُ ٱبْنِي ٱلْحَبِيبَ، لَعَلَّهُمْ إِذَا رَأَوْهُ يَهَابُونَ!,"Pemilik kebun itu pun berkata, ‘Apa yang harus aku lakukan? Aku akan mengirim anakku yang kukasihi, mungkin mereka akan menghormatinya.’","Lalu, kata pemilik kebun anggur itu, ‘Apa lagi yang harus kulakukan? Aku akan mengutus anakku yang kukasihi, barangkali mereka akan menghormatinya.’",
Lukas,20,14,Lukas 20:14,فَلَمَّا رَآهُ ٱلْكَرَّامُونَ تَآمَرُوا فِيمَا بَيْنَهُمْ قَائِلِينَ: هَذَا هُوَ ٱلْوَارِثُ! هَلُمُّوا نَقْتُلْهُ لِكَيْ يَصِيرَ لَنَا ٱلْمِيرَاثُ!,"Ketika para petani itu melihat anak pemilik kebun, mereka berunding satu sama lain, ‘Ia adalah ahli waris pemilik kebun anggur ini, ayo kita bunuh dia supaya warisannya menjadi milik kita!’","Tetapi, ketika penggarap-penggarap itu melihat dia, mereka berkata satu kepada lainnya, ‘Dia adalah ahli warisnya. Mari kita bunuh dia supaya warisan itu menjadi milik kita.’",
Lukas,20,15,Lukas 20:15,فَأَخْرَجُوهُ خَارِجَ ٱلْكَرْمِ وَقَتَلُوهُ. فَمَاذَا يَفْعَلُ بِهِمْ صَاحِبُ ٱلْكَرْمِ؟,"Kemudian, mereka pun melemparkan anak itu ke luar dari kebun anggur dan membunuhnya. Lalu, apa yang akan dilakukan oleh pemilik kebun anggur itu kepada mereka?","Lalu, mereka membuangnya ke luar kebun anggur dan membunuhnya. Kira-kira apa yang akan diperbuat oleh pemilik kebun anggur itu terhadap mereka?",
Lukas,20,16,Lukas 20:16,يَأْتِي وَيُهْلِكُ هَؤُلَاءِ ٱلْكَرَّامِينَ وَيُعْطِي ٱلْكَرْمَ لِآخَرِينَ». فَلَمَّا سَمِعُوا قَالُوا: «حَاشَا!».,"Ia akan datang dan membinasakan petani-petani itu, lalu menyewakan kebunnya kepada orang lain.” Ketika orang banyak mendengar perumpamaan ini, mereka berkata, “Janganlah hal ini sampai terjadi!”","Tentu ia akan datang dan membinasakan penggarap-penggarap itu, lalu ia akan mempercayakan kebun anggur itu kepada penggarap-penggarap lainnya.” Ketika orang-orang yang ada di situ mendengar apa yang disabdakan-Nya, mereka berkata, “Jangan sekali-kali terjadi yang demikian!”",
Lukas,20,17,Lukas 20:17,فَنَظَرَ إِلَيْهِمْ وَقَالَ: «إِذًا مَا هُوَ هَذَا ٱلْمَكْتُوبُ: ٱلْحَجَرُ ٱلَّذِي رَفَضَهُ ٱلْبَنَّاؤُونَ هُوَ قَدْ صَارَ رَأْسَ ٱلزَّاوِيَةِ؟,"Akan tetapi, Yesus memandang mereka dan berkata, “Kalau begitu, apakah arti ayat ini: ‘Batu yang dibuang oleh tukang bangunan telah menjadi Batu penjuru ’? Mazmur 118:22","Lalu, Isa memandang kepada mereka dan bersabda, “Kalau begitu, apa maksud dari tulisan ini, ‘Batu yang dibuang oleh tukang-tukang bangunan telah menjadi batu penjuru’?",
Lukas,20,18,Lukas 20:18,كُلُّ مَنْ يَسْقُطُ عَلَى ذَلِكَ ٱلْحَجَرِ يَتَرَضَّضُ، وَمَنْ سَقَطَ هُوَ عَلَيْهِ يَسْحَقُهُ!».,Setiap orang yang jatuh ke atas batu itu akan hancur berkeping-keping dan siapa pun yang ditimpa batu itu akan remuk!”,"Siapa jatuh ke atas batu itu, ia akan remuk, dan siapa ditimpa oleh batu itu, ia akan hancur luluh.”",
Lukas,20,19,Lukas 20:19,فَطَلَبَ رُؤَسَاءُ ٱلْكَهَنَةِ وَٱلْكَتَبَةُ أَنْ يُلْقُوا ٱلْأَيَادِيَ عَلَيْهِ فِي تِلْكَ ٱلسَّاعَةِ، وَلَكِنَّهُمْ خَافُوا ٱلشَّعْبَ، لِأَنَّهُمْ عَرَفُوا أَنَّهُ قَالَ هَذَا ٱلْمَثَلَ عَلَيْهِمْ.,"Ketika ahli-ahli Taurat dan para imam kepala menyadari bahwa perumpamaan itu berbicara tentang mereka, mereka ingin menangkap Yesus saat itu juga. Akan tetapi, mereka takut kepada orang banyak.","Kemudian, para ahli Kitab Suci Taurat dan imam-imam kepala itu mencari jalan untuk menangkap Isa karena mereka tahu bahwa kepada diri merekalah ibarat itu ditujukan. Akan tetapi, mereka takut kepada orang banyak.",
Lukas,20,20,Lukas 20:20,فَرَاقَبُوهُ وَأَرْسَلُوا جَوَاسِيسَ يَتَرَاءَوْنَ أَنَّهُمْ أَبْرَارٌ لِكَيْ يُمْسِكُوهُ بِكَلِمَةٍ، حَتَّى يُسَلِّمُوهُ إِلَى حُكْمِ ٱلْوَالِي وَسُلْطَانِهِ.,"Kemudian, para ahli Taurat mengawasi Yesus dan mengirim beberapa orang mata-mata yang pura-pura tulus sehingga mereka dapat menjebak Yesus dengan pertanyaan supaya mereka bisa menangkap-Nya menggunakan perkataan-Nya sendiri dan menyerahkan Dia ke dalam kuasa dan wewenang gubernur.","Jadi, para ahli Kitab Suci Taurat dan imam-imam kepala itu terus saja mengamat-amati Isa. Mereka mengirim mata-mata yang berlaku sebagai orang yang tulus supaya mereka dapat menjebak Dia melalui kata-kata-Nya. Dengan demikian, mereka dapat menyerahkan Dia kepada penguasa pemerintah yang berwenang.",
Lukas,20,21,Lukas 20:21,فَسَأَلُوهُ قَائِلِينَ: «يَا مُعَلِّمُ، نَعْلَمُ أَنَّكَ بِٱلِٱسْتِقَامَةِ تَتَكَلَّمُ وَتُعَلِّمُ، وَلَا تَقْبَلُ ٱلْوُجُوهَ، بَلْ بِٱلْحَقِّ تُعَلِّمُ طَرِيقَ ٱللهِ.,"Orang-orang suruhan itu pun bertanya kepada Yesus, “Guru, kami tahu bahwa Engkau mengatakan dan mengajarkan yang benar. Engkau juga tidak membeda-bedakan orang, tetapi mengajarkan jalan Allah dalam kebenaran.","Mereka berkata kepada-Nya, “Wahai Guru, kami tahu bahwa apa yang Engkau katakan dan ajarkan semuanya benar. Engkau menerima orang tanpa pandang muka, dan Engkau mengajarkan Jalan Allah dengan jujur.",
Lukas,20,22,Lukas 20:22,أَيَجُوزُ لَنَا أَنْ نُعْطِيَ جِزْيَةً لِقَيْصَرَ أَمْ لَا؟».,Apakah kami diperbolehkan membayar pajak kepada Kaisar atau tidak?”,Bolehkah kita membayar pajak kepada Kaisar atau tidak?”,
Lukas,20,23,Lukas 20:23,فَشَعَرَ بِمَكْرِهِمْ وَقَالَ لَهُمْ: «لِمَاذَا تُجَرِّبُونَنِي؟,"Akan tetapi, Yesus mengetahui kelicikan mereka dan berkata kepada mereka,","Tetapi, Isa tahu bahwa mereka mempunyai maksud yang licik. Lalu, sabda-Nya kepada mereka,",
Lukas,20,24,Lukas 20:24,أَرُونِي دِينَارًا. لِمَنِ ٱلصُّورَةُ وَٱلْكِتَابَةُ؟». فَأَجَابُوا وَقَالوُا: «لِقَيْصَرَ».,"“Coba tunjukkan kepada-Ku sekeping dinar. Gambar dan tulisan siapakah yang terdapat pada uang itu?” Jawab mereka, “Gambar dan tulisan Kaisar.”","“Tunjukkanlah kepada-Ku sekeping uang dinar. Gambar dan cap siapakah yang ada pada dinar ini?” Jawab mereka, “Gambar dan cap Kaisar.”",
Lukas,20,25,Lukas 20:25,فَقَالَ لَهُمْ: «أَعْطُوا إِذًا مَا لِقَيْصَرَ لِقَيْصَرَ وَمَا لِلهِ للهِ».,"Lalu, Yesus berkata kepada mereka, “Kalau begitu, berikanlah milik Kaisar kepada Kaisar, dan berikanlah milik Allah kepada Allah.”","Sabda-Nya kepada mereka, “Kalau begitu, serahkanlah kepada Kaisar apa yang seharusnya diserahkan kepada Kaisar, dan serahkanlah kepada Allah apa yang seharusnya diserahkan kepada Allah.”",
Lukas,20,26,Lukas 20:26,فَلَمْ يَقْدِرُوا أَنْ يُمْسِكُوهُ بِكَلِمَةٍ قُدَّامَ ٱلشَّعْبِ، وَتَعَجَّبُوا مِنْ جَوَابِهِ وَسَكَتُوا.,"Dengan demikian, orang-orang itu tidak bisa menjebak Yesus dengan perkataan-Nya sendiri di depan orang banyak; mereka heran atas jawaban-Nya dan terdiam.","Mereka tidak dapat menjebak Dia melalui kata-kata-Nya di depan orang banyak itu. Mereka heran akan jawaban-Nya, jadi mereka diam.",
Lukas,20,27,Lukas 20:27,وَحَضَرَ قَوْمٌ مِنَ ٱلصَّدُّوقِيِّينَ، ٱلَّذِينَ يُقَاوِمُونَ أَمْرَ ٱلْقِيَامَةِ، وَسَأَلُوهُ,"Kemudian, beberapa orang Saduki datang kepada Yesus. Mereka adalah golongan orang yang tidak percaya akan adanya kebangkitan. Lalu, mereka bertanya kepada-Nya,","Kemudian, datanglah kepada Isa beberapa orang dari mazhab Saduki yang berpendapat bahwa kebangkitan orang mati itu tidak ada. Mereka bertanya kepada-Nya,",
Lukas,20,28,Lukas 20:28,قَائِلِيِنَ: «يَا مُعَلِّمُ، كَتَبَ لَنَا مُوسَى: إِنْ مَاتَ لِأَحَدٍ أَخٌ وَلَهُ ٱمْرَأَةٌ، وَمَاتَ بِغَيْرِ وَلَدٍ، يَأْخُذُ أَخُوهُ ٱلْمَرْأَةَ وَيُقِيمُ نَسْلًا لِأَخِيهِ.,"“Guru, Musa menuliskan bagi kita, jika saudara seorang laki-laki meninggal, sedangkan ia mempunyai istri dan tidak memiliki anak, dia harus menikahi janda saudaranya itu dan membangkitkan keturunan baginya.","“Wahai Guru, Musa telah menuliskan bagi kita bahwa jika seorang saudara laki-laki meninggal, dan ia mempunyai istri, tetapi tidak mempunyai anak, maka saudaranya yang laki-laki harus memperistri janda almarhum itu supaya diperoleh keturunan bagi almarhum.",
Lukas,20,29,Lukas 20:29,فَكَانَ سَبْعَةُ إِخْوَةٍ. وَأَخَذَ ٱلْأَوَّلُ ٱمْرَأَةً وَمَاتَ بِغَيْرِ وَلَدٍ،,"Lalu, ada tujuh orang bersaudara. Saudara yang pertama menikah, tetapi meninggal tanpa anak.","Ada tujuh orang laki-laki bersaudara. Saudara yang pertama menikah, tetapi kemudian ia meninggal tanpa mempunyai anak.",
Lukas,20,30,Lukas 20:30,فَأَخَذَ ٱلثَّانِي ٱلْمَرْأَةَ وَمَاتَ بِغَيْرِ وَلَدٍ،,"Kemudian, saudara yang kedua menikahi perempuan itu dan meninggal juga tanpa mempunyai anak.","Kemudian, janda almarhum itu dinikahi oleh saudaranya yang kedua,",
Lukas,20,31,Lukas 20:31,ثُمَّ أَخَذَهَا ٱلثَّالِثُ، وَهَكَذَا ٱلسَّبْعَةُ. وَلَمْ يَتْرُكُوا وَلَدًا وَمَاتُوا.,"Lalu, saudara yang ketiga menikahi perempuan itu dan hal ini terjadi sampai saudara yang ketujuh, tetapi mereka semua meninggal tanpa mempunyai anak.","yang ketiga, dan seterusnya sampai yang ketujuh, tetapi mereka semua meninggal tanpa mempunyai anak.",
Lukas,20,32,Lukas 20:32,وَآخِرَ ٱلْكُلِّ مَاتَتِ ٱلْمَرْأَةُ أَيْضًا.,"Pada akhirnya, perempuan itu juga meninggal.",Pada akhirnya perempuan itu pun meninggal.,
Lukas,20,33,Lukas 20:33,فَفِي ٱلْقِيَامَةِ، لِمَنْ مِنْهُمْ تَكُونُ زَوْجَةً؟ لِأَنَّهَا كَانَتْ زَوْجَةً لِلسَّبْعَةِ!».,"Jadi, pada hari penghakiman, siapakah yang akan menjadi suami dari perempuan itu karena ketujuh bersaudara itu telah menikahinya?”","Pada waktu kebangkitan orang mati nanti, istri siapakah perempuan itu? Karena ketujuh laki-laki itu sudah menikahinya.”",
Lukas,20,34,Lukas 20:34,فَأَجَابَ وَقَالَ لَهُمْ يَسُوعُ: «أَبْنَاءُ هَذَا ٱلدَّهْرِ يُزَوِّجُونَ وَيُزَوَّجُونَ،,"Jawab Yesus kepada mereka, “Orang-orang pada zaman ini menikah dan dinikahkan,","Sabda Isa kepada mereka, “Orang-orang zaman ini menikah dan dinikahkan,",
Lukas,20,35,Lukas 20:35,وَلَكِنَّ ٱلَّذِينَ حُسِبُوا أَهْلًا لِلْحُصُولِ عَلَى ذَلِكَ ٱلدَّهْرِ وَٱلْقِيَامَةِ مِنَ ٱلْأَمْوَاتِ، لَا يُزَوِّجُونَ وَلَا يُزَوَّجُونَ،,"tetapi orang-orang yang dianggap pantas untuk mendapat bagian dalam dunia yang akan datang, dan dalam kebangkitan dari antara orang mati, tidak akan menikah dan dinikahkan.",sedangkan mereka yang dianggap layak untuk memperoleh kehidupan di akhirat dan dibangkitkan dari antara orang mati tidak akan menikah atau dinikahkan.,
Lukas,20,36,Lukas 20:36,إِذْ لَا يَسْتَطِيعُونَ أَنْ يَمُوتُوا أَيْضًا، لِأَنَّهُمْ مِثْلُ ٱلْمَلَائِكَةِ، وَهُمْ أَبْنَاءُ ٱللهِ، إِذْ هُمْ أَبْنَاءُ ٱلْقِيَامَةِ.,Mereka tidak bisa mati lagi karena mereka sama dengan para malaikat. Mereka adalah anak-anak Allah karena mereka sudah dibangkitkan dari kematian.,Mereka pun tidak dapat mati lagi karena mereka setara dengan para malaikat. Mereka adalah anak-anak Allah karena mereka telah dibangkitkan.,
Lukas,20,37,Lukas 20:37,وَأَمَّا أَنَّ ٱلْمَوْتَى يَقُومُونَ، فَقَدْ دَلَّ عَلَيْهِ مُوسَى أَيْضًا فِي أَمْرِ ٱلْعُلَّيْقَةِ كَمَا يَقُولُ: اَلرَّبُّ إِلَهُ إِبْرَاهِيمَ وَإِلَهُ إِسْحَاقَ وَإِلَهُ يَعْقُوبَ.,"Musa bahkan telah menunjukkan tentang kebangkitan orang-orang mati dalam bagian yang mencatat tentang semak duri yang terbakar , saat ia menyebut Tuhan sebagai ‘Allah Abraham, Allah Ishak, dan Allah Yakub .’","Sedangkan mengenai orang-orang mati yang akan dibangkitkan kembali, bahkan Nabi Musa pun telah menyatakannya dalam tulisannya tentang semak duri yang menyala, yaitu ketika ia menyebut Allah sebagai Tuhan Ibrahim, Ishak, dan Yakub.",
Lukas,20,38,Lukas 20:38,وَلَيْسَ هُوَ إِلَهَ أَمْوَاتٍ بَلْ إِلَهُ أَحْيَاءٍ، لِأَنَّ ٱلْجَمِيعَ عِنْدَهُ أَحْيَاءٌ».,"Ia bukan Allah orang mati, melainkan Allah orang yang hidup, sebab semua orang hidup di hadapan-Nya.","Ia bukanlah Tuhan yang disembah oleh orang yang mati, melainkan oleh orang yang hidup sebab di hadapan Allah semua orang hidup.”",
Lukas,20,39,Lukas 20:39,فَأجَابَ قَوْمٌ مِنَ ٱلْكَتَبَةِ وَقَالوا: «يَا مُعَلِّمُ، حَسَنًا قُلْتَ!».,"Setelah itu, beberapa ahli Taurat berkata, “Guru, jawaban-Mu tepat.”","Beberapa ahli Kitab Suci Taurat berkata, “Ya Guru, baik sekali jawaban-Mu itu!”",
Lukas,20,40,Lukas 20:40,وَلَمْ يَتَجَاسَرُوا أَيْضًا أَنْ يَسْأَلُوهُ عَنْ شَيْءٍ.,"Dan, tidak ada lagi orang yang berani mengajukan pertanyaan kepada-Nya.","Karena itu, mereka tidak berani lagi mengajukan pertanyaan apa pun kepada-Nya.",
Lukas,20,41,Lukas 20:41,وَقَالَ لَهُمْ: «كَيْفَ يَقُولُونَ إِنَّ ٱلْمَسِيحَ ٱبْنُ دَاوُدَ؟,"Kemudian, Yesus berkata kepada mereka, “Bagaimana bisa orang-orang mengatakan bahwa Kristus adalah Anak Daud?","Isa bersabda kepada mereka, “Bagaimana mungkin orang berkata bahwa Al-Masih adalah anak Daud?",
Lukas,20,42,Lukas 20:42,وَدَاوُدُ نَفْسُهُ يَقُولُ فِي كِتَابِ ٱلْمَزَامِيرِ: قَالَ ٱلرَّبُّ لِرَبِّي: ٱجْلِسْ عَنْ يَمِينِي,"Sementara itu, dalam kitab Mazmur, Daud sendiri berkata, ‘Tuhan Allah berkata kepada Tuanku, “Duduklah di sebelah kanan-Ku,","Sebab dalam Kitab Zabur yang disampaikan oleh Daud telah tertulis, ‘Tuhan bersabda kepada Junjunganku: Duduklah di sebelah kanan-Ku",
Lukas,20,43,Lukas 20:43,حَتَّى أَضَعَ أَعْدَاءَكَ مَوْطِئًا لِقَدَمَيْكَ.,sampai Aku menempatkan musuh-musuh-Mu di bawah kaki-Mu. ”’ Mazmur 110:1,sampai Aku menaruh musuh-musuh-Mu di bawah kaki-Mu.’,
Lukas,20,44,Lukas 20:44,فَإِذًا دَاوُدُ يَدْعُوهُ رَبًّا. فَكَيْفَ يَكُونُ ٱبْنَهُ؟».,"Jika Daud menyebut Kristus sebagai ‘Tuan,’ bagaimana mungkin Kristus adalah anak Daud?”","Jadi, jika Daud menyebut-Nya ‘Junjungan,’ bagaimana mungkin Dia adalah anaknya?”",
Lukas,20,45,Lukas 20:45,وَفِيمَا كَانَ جَمِيعُ ٱلشَّعْبِ يَسْمَعُونَ قَالَ لِتَلَامِيذِهِ:,"Ketika orang banyak mendengarkan, Yesus berkata kepada murid-murid-Nya,","Ketika semua orang masih mendengarkan Isa, bersabdalah Ia kepada para pengikut-Nya,",
Lukas,20,46,Lukas 20:46,«ٱحْذَرُوا مِنَ ٱلْكَتَبَةِ ٱلَّذِينَ يَرْغَبُونَ ٱلْمَشْيَ بِٱلطَّيَالِسَةِ، وَيُحِبُّونَ ٱلتَّحِيَّاتِ فِي ٱلْأَسْوَاقِ، وَٱلْمَجَالِسَ ٱلْأُولَى فِي ٱلْمَجَامِعِ، وَٱلْمُتَّكَآتِ ٱلْأُولَى فِي ٱلْوَلَائِمِ.,"“Berhati-hatilah terhadap ahli-ahli Taurat yang suka berjalan-jalan memakai jubah panjang, senang dihormati orang di pasar, yang suka duduk di tempat tertinggi di sinagoge-sinagoge, dan di tempat terhormat di pesta-pesta.","“Jagalah dirimu dari para ahli Kitab Suci Taurat yang suka berjalan-jalan dengan memakai jubah panjang, suka menerima penghormatan di pasar-pasar, dan suka duduk di tempat-tempat terhormat, baik di rumah-rumah ibadah maupun di tempat-tempat perjamuan.",
Lukas,20,47,Lukas 20:47,اَلَّذِينَ يَأْكُلُونَ بُيُوتَ ٱلْأَرَامِلِ، وَلِعِلَّةٍ يُطِيلُونَ ٱلصَّلَوَاتِ. هَؤُلَاءِ يَأْخُذُونَ دَيْنُونَةً أَعْظَمَ!».,Mereka merampas rumah-rumah para janda dan berdoa panjang-panjang supaya dilihat orang. Orang-orang seperti ini pasti akan menerima hukuman yang lebih berat.”,Mereka merampas isi rumah para janda dan berpura-pura dengan memanjang-manjangkan doa mereka. Pastilah mereka akan menerima hukuman yang lebih berat.”,
Lukas,21,1,Lukas 21:1,وَتَطَلَّعَ فَرَأَى ٱلْأَغْنِيَاءَ يُلْقُونَ قَرَابِينَهُمْ فِي ٱلْخِزَانَةِ،,"Ketika Yesus memandang ke atas, Ia melihat beberapa orang kaya memasukkan persembahan mereka ke kotak persembahan.","Ketika Isa mengamat-amati orang-orang kaya yang sedang memasukkan persembahan mereka ke dalam peti persembahan,",
Lukas,21,2,Lukas 21:2,وَرَأَى أَيْضًا أَرْمَلَةً مِسْكِينَةً أَلْقَتْ هُنَاكَ فَلْسَيْنِ.,Dia juga melihat seorang janda miskin memasukkan 2 keping uang tembaga .,Ia melihat juga seorang janda miskin memasukkan uang dua peser.,
Lukas,21,3,Lukas 21:3,فَقَالَ: «بِٱلْحَقِّ أَقُولُ لَكُمْ: إِنَّ هَذِهِ ٱلْأَرْمَلَةَ ٱلْفَقِيرَةَ أَلْقَتْ أَكْثَرَ مِنَ ٱلْجَمِيعِ،,"Yesus berkata, “Aku mengatakan yang sesungguhnya kepadamu bahwa janda miskin ini memberikan lebih banyak daripada semua orang kaya itu.","Lalu, Ia bersabda, “Sesungguhnya, Aku berkata kepadamu, janda miskin itu memasukkan uang lebih banyak daripada semuanya.",
Lukas,21,4,Lukas 21:4,لِأَنَّ هَؤُلَاءِ مِنْ فَضْلَتِهِمْ أَلْقَوْا فِي قَرَابِينِ ٱللهِ، وَأَمَّا هَذِهِ فَمِنْ إِعْوَازِهَا، أَلْقَتْ كُلَّ ٱلْمَعِيشَةِ ٱلَّتِي لَهَا».,"Sebab, mereka memberi persembahan dari kelebihan mereka, tetapi janda ini memberi persembahannya dari kekurangannya, yaitu semua yang dimilikinya untuk melanjutkan hidup.”","Karena mereka semua memasukkan persembahan dari kelimpahan mereka, tetapi janda itu dari kekurangannya, yaitu semua yang ada padanya, yang diperlukan untuk biaya hidupnya.”",
Lukas,21,5,Lukas 21:5,وَإِذْ كَانَ قَوْمٌ يَقُولُونَ عَنِ ٱلْهَيْكَلِ إِنَّهُ مُزَيَّنٌ بِحِجَارَةٍ حَسَنَةٍ وَتُحَفٍ، قَالَ:,"Ketika beberapa murid sedang membicarakan tentang Bait Allah yang dihiasi dengan batu-batu indah dan persembahan-persembahan, Yesus berkata,","Orang-orang berbicara mengenai Bait Allah. Mereka mengagumi batu-batu yang indah serta barang-barang persembahan lainnya yang menghiasi bangunan itu. Lalu, bersabdalah Isa,",
Lukas,21,6,Lukas 21:6,«هَذِهِ ٱلَّتِي تَرَوْنَهَا، سَتَأْتِي أَيَّامٌ لَا يُتْرَكُ فِيهَا حَجَرٌ عَلَى حَجَرٍ لَا يُنْقَضُ».,"“Akan tiba waktunya, semua yang kamu lihat ini akan dihancurkan. Tidak ada satu pun batu yang berdiri di atas batu yang lain yang tidak akan dirobohkan.”",“Kamu lihat semua itu? Akan datang harinya kelak semua itu akan diruntuhkan. Tak akan ada satu batu pun yang tinggal tersusun di atas yang lainnya.”,
Lukas,21,7,Lukas 21:7,فَسَأَلُوهُ قَائِلِينَ: «يَا مُعَلِّمُ، مَتَى يَكُونُ هَذَا؟ ومَا هِيَ ٱلْعَلَامَةُ عِنْدَمَا يَصِيرُ هَذَا؟».,"Lalu, para murid bertanya kepada-Nya, “Guru, kapan hal itu akan terjadi? Dan, apa tanda-tanda bahwa semua itu akan terjadi?”","Pengikut-pengikut Isa bertanya, “Ya Guru, kapankah hal itu akan terjadi? Apakah tandanya bahwa sudah waktunya hal itu akan terjadi?”",
Lukas,21,8,Lukas 21:8,فَقَالَ: «ٱنْظُرُوا! لَا تَضِلُّوا. فَإِنَّ كَثِيرِينَ سَيَأْتُونَ بِٱسْمِي قَائِلِينَ: إِنِّي أَنَا هُوَ! وَٱلزَّمَانُ قَدْ قَرُبَ! فَلَا تَذْهَبُوا وَرَاءَهُمْ.,"Jawab Yesus, “Berhati-hatilah supaya kamu tidak disesatkan. Sebab, banyak orang akan datang memakai nama-Ku dan berkata, ‘Akulah Dia ,’ dan ‘Waktunya sudah dekat.’ Janganlah kamu mengikuti mereka.","Isa bersabda, “Waspadalah, jangan sampai kamu disesatkan orang. Karena banyak orang akan datang dengan nama-Ku dan berkata, ‘Akulah Dia,’ dan, ‘Sudah tiba waktunya.’ Jangan ikuti mereka.",
Lukas,21,9,Lukas 21:9,فَإِذَا سَمِعْتُمْ بِحُرُوبٍ وَقَلَاقِلٍ فَلَا تَجْزَعُوا، لِأَنَّهُ لَا بُدَّ أَنْ يَكُونَ هَذَا أَوَّلًا، وَلَكِنْ لَا يَكُونُ ٱلْمُنْتَهَى سَرِيعًا».,"Namun, ketika kamu mendengar tentang peperangan dan pemberontakan, jangan kamu takut karena hal-hal itu memang harus terjadi terlebih dahulu, tetapi kesudahannya tidak akan segera datang.”","Apabila kamu mendengar berita-berita tentang peperangan dan huru-hara, jangan kamu terkejut. Karena semua itu harus terjadi terlebih dahulu, tetapi bukan berarti bahwa kesudahannya segera tiba.”",
Lukas,21,10,Lukas 21:10,ثُمَّ قَالَ لَهُمْ: «تَقُومُ أُمَّةٌ عَلَى أُمَّةٍ وَمَمْلَكَةٌ عَلَى مَمْلَكَةٍ،,"Kemudian, Yesus berkata kepada mereka, “Bangsa akan bangkit melawan bangsa, dan kerajaan akan bangkit melawan kerajaan.","Lalu, Isa bersabda lagi, “Bangsa yang satu akan bangkit melawan bangsa lainnya dan kerajaan yang satu melawan kerajaan lainnya.",
Lukas,21,11,Lukas 21:11,وَتَكُونُ زَلَازِلُ عَظِيمَةٌ فِي أَمَاكِنَ، وَمَجَاعَاتٌ وَأَوْبِئَةٌ. وَتَكُونُ مَخَاوِفُ وَعَلَامَاتٌ عَظِيمَةٌ مِنَ ٱلسَّمَاءِ.,"Akan terjadi gempa bumi yang dahsyat, bencana kelaparan, dan bermacam-macam penyakit di berbagai tempat. Akan muncul juga peristiwa-peristiwa yang mengerikan dan tanda-tanda besar dari langit.","Selain itu, akan terjadi juga berbagai gempa bumi yang dahsyat, kelaparan di berbagai tempat, wabah penyakit, hal-hal yang menakutkan, dan tanda-tanda ajaib yang dahsyat di langit.",
Lukas,21,12,Lukas 21:12,وَقَبْلَ هَذَا كُلِّهِ يُلْقُونَ أَيْدِيَهُمْ عَلَيْكُمْ وَيَطْرُدُونَكُمْ، وَيُسَلِّمُونَكُمْ إِلَى مَجَامِعَ وَسُجُونٍ، وَتُسَاقُونَ أَمَامَ مُلُوكٍ وَوُلَاةٍ لِأَجْلِ ٱسْمِي.,"Namun, sebelum semuanya ini terjadi, orang-orang akan menangkap dan menganiaya kamu. Mereka akan menyerahkanmu ke sinagoge-sinagoge mereka dan memasukkanmu ke dalam penjara. Mereka juga akan membawamu menghadap para raja dan gubernur karena nama-Ku.","Akan tetapi, sebelum semua itu terjadi, kamu akan ditangkap dan dianiaya. Kamu akan diserahkan ke rumah-rumah ibadah dan dimasukkan ke penjara. Kamu akan digiring ke hadapan raja-raja dan penguasa-penguasa karena nama-Ku.",
Lukas,21,13,Lukas 21:13,فَيَؤُولُ ذَلِكَ لَكُمْ شَهَادَةً.,Hal ini akan menjadi kesempatan bagimu untuk bersaksi.,Itulah kesempatan bagimu untuk memberi kesaksian.,
Lukas,21,14,Lukas 21:14,فَضَعُوا فِي قُلُوبِكُمْ أَنْ لَا تَهْتَمُّوا مِنْ قَبْلُ لِكَيْ تَحْتَجُّوا،,"Oleh karena itu, tetapkanlah hatimu untuk tidak memikirkan apa yang akan kamu katakan untuk membela diri,","Karena itu, tetapkanlah hatimu bahwa kamu tidak akan memikirkan terlebih dahulu apa yang harus kamu katakan",
Lukas,21,15,Lukas 21:15,لِأَنِّي أَنَا أُعْطِيكُمْ فَمًا وَحِكْمَةً لَا يَقْدِرُ جَمِيعُ مُعَانِدِيكُمْ أَنْ يُقَاوِمُوهَا أَوْ يُنَاقِضُوهَا.,sebab Aku akan memberikan perkataan dan kebijaksanaan kepadamu yang tidak dapat dilawan dan ditentang oleh musuh-musuhmu.,karena Aku sendirilah yang akan memberikan kepadamu kemampuan untuk berbicara dengan bijaksana sehingga kamu tidak dapat dilawan atau dibantah oleh semua orang yang memusuhimu.,
Lukas,21,16,Lukas 21:16,وَسَوْفَ تُسَلَّمُونَ مِنَ ٱلْوَالِدِينَ وَٱلْإِخْوَةِ وَٱلْأَقْرِبَاءِ وَٱلْأَصْدِقَاءِ، وَيَقْتُلُونَ مِنْكُمْ.,"Kamu akan dikhianati oleh orang tuamu, saudara laki-lakimu, keluargamu, dan teman-temanmu, dan mereka akan membunuh beberapa orang di antara kamu.","Kamu akan diserahkan oleh orang tuamu, saudara-saudaramu, kaum keluargamu, dan juga sahabat-sahabatmu, bahkan ada di antara kamu yang akan mereka bunuh.",
Lukas,21,17,Lukas 21:17,وَتَكُونُونَ مُبْغَضِينَ مِنَ ٱلْجَمِيعِ مِنْ أَجْلِ ٱسْمِي.,Kamu akan dibenci oleh semua orang karena nama-Ku.,Kamu akan dibenci oleh semua orang karena nama-Ku.,
Lukas,21,18,Lukas 21:18,وَلَكِنَّ شَعْرَةً مِنْ رُؤُوسِكُمْ لَا تَهْلِكُ.,"Akan tetapi, tidak sehelai rambut pun dari kepalamu yang akan jatuh.","Meskipun begitu, sehelai rambut pun dari kepalamu tidak akan ada yang hilang.",
Lukas,21,19,Lukas 21:19,بِصَبْرِكُمُ ٱقْتَنُوا أَنْفُسَكُمْ.,"Dengan ketabahanmu, kamu akan memperoleh hidupmu.”","Jika kamu tetap bertahan, kamu akan memperoleh hidupmu.”",
Lukas,21,20,Lukas 21:20,وَمَتَى رَأَيْتُمْ أُورُشَلِيمَ مُحَاطَةً بِجُيُوشٍ، فَحِينَئِذٍ ٱعْلَمُوا أَنَّهُ قَدِ ٱقْتَرَبَ خَرَابُهَا.,"“Akan tetapi, ketika kamu melihat Kota Yerusalem dikepung oleh pasukan-pasukan tentara, kamu akan tahu bahwa kehancurannya sudah dekat.","“Apabila kamu melihat Yerusalem dikepung oleh tentara, ketahuilah bahwa kebinasaannya sudah dekat.",
Lukas,21,21,Lukas 21:21,حِينَئِذٍ لِيَهْرُبِ ٱلَّذِينَ فِي ٱلْيَهُودِيَّةِ إِلَى ٱلْجِبَالِ، وَٱلَّذِينَ فِي وَسْطِهَا فَلْيَفِرُّوا خَارِجًا، وَٱلَّذِينَ فِي ٱلْكُوَرِ فَلَا يَدْخُلُوهَا،,"Pada waktu itu, orang-orang yang ada di wilayah Yudea harus melarikan diri ke pegunungan, orang-orang yang berada di dalam kota harus pergi keluar kota, dan orang-orang yang berada di desa-desa tidak boleh masuk ke Kota Yerusalem.","Pada waktu itu, orang-orang yang berada di wilayah Yudea harus melarikan diri ke pegunungan. Orang yang berada di dalam kota harus keluar dari situ, dan orang yang berada di luar kota jangan masuk ke dalam kota.",
Lukas,21,22,Lukas 21:22,لِأَنَّ هَذِهِ أَيَّامُ ٱنْتِقَامٍ، لِيَتِمَّ كُلُّ مَا هُوَ مَكْتُوبٌ.,Itulah hari-hari penghukuman supaya semua hal yang sudah tertulis digenapi.,"Karena pada masa itulah Allah akan menghukum bangsa ini, dan semua yang tertulis mengenai hal itu akan menjadi kenyataan.",
Lukas,21,23,Lukas 21:23,وَوَيْلٌ لِلْحَبَالَى وَٱلْمُرْضِعَاتِ فِي تِلْكَ ٱلْأَيَّامِ! لِأَنَّهُ يَكُونُ ضِيقٌ عَظِيمٌ عَلَى ٱلْأَرْضِ وَسُخْطٌ عَلَى هَذَا ٱلشَّعْبِ.,"Celakalah perempuan-perempuan yang sedang hamil dan menyusui pada saat itu sebab akan terjadi penderitaan yang luar biasa di negeri ini, dan murka yang besar atas bangsa ini.",Celakalah ibu-ibu yang pada saat itu sedang mengandung dan sedang menyusui anak! Karena kesusahan besar akan menimpa negeri ini dan penduduknya akan menghadapi murka.,
Lukas,21,24,Lukas 21:24,وَيَقَعُونَ بِفَمِ ٱلسَّيْفِ، وَيُسْبَوْنَ إِلَى جَمِيعِ ٱلْأُمَمِ، وَتَكُونُ أُورُشَلِيمُ مَدُوسَةً مِنَ ٱلْأُمَمِ، حَتَّى تُكَمَّلَ أَزْمِنَةُ ٱلْأُمَمِ.,Mereka akan dibunuh dengan pedang dan ditawan oleh bangsa-bangsa. Kota Yerusalem akan dikuasai bangsa-bangsa asing sampai masa kejayaan bangsa-bangsa itu berakhir.”,Mereka akan mati dibunuh dengan pedang dan digiring sebagai tawanan ke tengah-tengah bangsa-bangsa. Kota Yerusalem akan diinjak-injak oleh bangsa-bangsa yang tidak mengenal Allah dan hal itu akan terus berlangsung sampai masa yang ditentukan bagi bangsa-bangsa itu untuk berkuasa menjadi genap.”,
Lukas,21,25,Lukas 21:25,«وَتَكُونُ عَلَامَاتٌ فِي ٱلشَّمْسِ وَٱلْقَمَرِ وَٱلنُّجُومِ، وَعَلَى ٱلْأَرْضِ كَرْبُ أُمَمٍ بحَيْرَةٍ. اَلْبَحْرُ وَٱلْأَمْوَاجُ تَضِجُّ،,"“Akan ada tanda-tanda pada matahari, bulan, dan bintang-bintang. Di bumi, bangsa-bangsa akan ketakutan dalam kebingungan oleh gemuruh lautan dan deru ombak.","“Pada matahari, bulan, dan bintang-bintang akan terjadi tanda-tanda. Di bumi, bangsa-bangsa akan ketakutan dan bingung menghadapi deru laut serta ombak.",
Lukas,21,26,Lukas 21:26,وَٱلنَّاسُ يُغْشَى عَلَيْهِمْ مِنْ خَوْفٍ وَٱنْتِظَارِ مَا يَأْتِي عَلَى ٱلْمَسْكُونَةِ، لِأَنَّ قُوَّاتِ ٱلسَّمَاوَاتِ تَتَزَعْزَعُ.,Orang-orang akan pingsan karena ketakutan dan penantian akan hal-hal yang akan terjadi atas bumi ini sebab semua kuasa yang ada di langit akan diguncangkan.,Orang-orang akan pingsan dilanda kecemasan. Mereka ketakutan menghadapi segala sesuatu yang menimpa bumi ini sebab semua kuasa langit akan diguncangkan.,
Lukas,21,27,Lukas 21:27,وَحِينَئِذٍ يُبْصِرُونَ ٱبْنَ ٱلْإِنْسَانِ آتِيًا فِي سَحَابَةٍ بِقُوَّةٍ وَمَجْدٍ كَثِيرٍ.,"Kemudian, mereka akan melihat Anak Manusia datang dalam awan dengan kuasa dan kemuliaan yang besar.","Kemudian, mereka akan melihat Anak Manusia datang dalam awan dengan kuasa dan kemuliaan yang besar.",
Lukas,21,28,Lukas 21:28,وَمَتَى ٱبْتَدَأَتْ هَذِهِ تَكُونُ، فَٱنْتَصِبُوا وَٱرْفَعُوا رُؤُوسَكُمْ لِأَنَّ نَجَاتَكُمْ تَقْتَرِبُ».,"Apabila hal-hal ini mulai terjadi, berdirilah dan angkatlah kepalamu karena waktu pembebasanmu sudah dekat.”","Apabila hal-hal itu mulai terjadi, bangkitlah dan angkatlah wajahmu karena tidak lama lagi kamu akan ditebus.”",
Lukas,21,29,Lukas 21:29,وَقَالَ لَهُمْ مَثَلًا: «اُنْظُرُوا إِلَى شَجَرَةِ ٱلتِّينِ وَكُلِّ ٱلْأَشْجَارِ.,"Kemudian, Yesus menceritakan sebuah perumpamaan kepada mereka, “Lihatlah pohon ara dan semua pohon yang lain.","Lalu, Isa menyampaikan ibarat ini kepada mereka, “Perhatikanlah pohon ara atau pohon-pohon lainnya.",
Lukas,21,30,Lukas 21:30,مَتَى أَفْرَخَتْ تَنْظُرُونَ وَتَعْلَمُونَ مِنْ أَنْفُسِكُمْ أَنَّ ٱلصَّيْفَ قَدْ قَرُبَ.,"Apabila pohon-pohon itu menumbuhkan daun-daunnya, kamu akan mengerti dan mengetahui bahwa musim panas sudah dekat.","Apabila kamu melihat pohon-pohon itu mulai bertunas, maka kamu tahu bahwa musim panas hampir tiba.",
Lukas,21,31,Lukas 21:31,هَكَذَا أَنْتُمْ أَيْضًا، مَتَى رَأَيْتُمْ هَذِهِ ٱلْأَشْيَاءَ صَائِرَةً، فَٱعْلَمُوا أَنَّ مَلَكُوتَ ٱللهِ قَرِيبٌ.,"Begitu pula apabila kamu melihat semua itu terjadi, kamu akan tahu bahwa Kerajaan Allah sudah dekat.","Begitu juga apabila kamu melihat hal-hal itu terjadi, ketahuilah bahwa Kerajaan Allah sudah dekat.",
Lukas,21,32,Lukas 21:32,اَلْحَقَّ أَقُولُ لَكُمْ: إِنَّهُ لَا يَمْضِي هَذَا ٱلْجِيلُ حَتَّى يَكُونَ ٱلْكُلُّ.,"Sesungguhnya Aku berkata kepadamu, generasi ini tidak akan mati sampai semua hal ini terjadi.","Sesungguhnya, Aku berkata kepadamu, semua itu akan terjadi sebelum generasi ini lenyap.",
Lukas,21,33,Lukas 21:33,اَلسَّمَاءُ وَٱلْأَرْضُ تَزُولَانِ، وَلَكِنَّ كَلَامِي لَايَزُولُ.,"Langit dan bumi akan lenyap, tetapi perkataan-Ku tidak akan berlalu.”","Langit dan bumi akan lenyap, tetapi perkataan-Ku tidak akan lenyap.”",
Lukas,21,34,Lukas 21:34,«فَٱحْتَرِزُوا لِأَنْفُسِكُمْ لِئَلَّا تَثْقُلَ قُلُوبُكُمْ فِي خُمَارٍ وَسُكْرٍ وَهُمُومِ ٱلْحَيَاةِ، فَيُصَادِفَكُمْ ذَلِكَ ٱلْيَوْمُ بَغْتَةً.,"“Berhati-hatilah agar hatimu tidak dipenuhi dengan keinginan untuk berpesta, bermabuk-mabukan, dan mengkhawatirkan hidup. Dan, hari itu akan datang atasmu seperti perangkap.","“Jagalah dirimu, jangan sampai hatimu penuh dengan keinginan untuk berpesta pora dan bermabuk-mabukan serta penuh dengan kekhawatiran akan kehidupan sehari-hari sehingga hari Tuhan datang menimpa dirimu seperti jerat.",
Lukas,21,35,Lukas 21:35,لِأَنَّهُ كَٱلْفَخِّ يَأْتِي عَلَى جَمِيعِ ٱلْجَالِسِينَ عَلَى وَجْهِ كُلِّ ٱلْأَرْضِ.,"Sebab, hari itu akan datang ke atas segala sesuatu yang tinggal di seluruh muka bumi ini.",Sebab hari itu akan menimpa semua orang di muka bumi ini.,
Lukas,21,36,Lukas 21:36,اِسْهَرُوا إِذًا وَتَضَرَّعُوا فِي كُلِّ حِينٍ، لِكَيْ تُحْسَبُوا أَهْلًا لِلنَّجَاةِ مِنْ جَمِيعِ هَذَا ٱلْمُزْمِعِ أَنْ يَكُونَ، وَتَقِفُوا قُدَّامَ ٱبْنِ ٱلْإِنْسَانِ».,Berjaga-jagalah setiap waktu dan selalu berdoa supaya kamu mendapat kekuatan untuk melepaskan diri dari semua hal yang akan terjadi itu dan untuk berdiri di hadapan Anak Manusia.”,Berjagalah dan berdoalah selalu supaya kamu dapat luput dari semua yang akan terjadi itu dan dapat berdiri di hadapan Anak Manusia.”,
Lukas,21,37,Lukas 21:37,وَكَانَ فِي ٱلنَّهَارِ يُعَلِّمُ فِي ٱلْهَيْكَلِ، وَفِي ٱللَّيْلِ يَخْرُجُ وَيَبِيتُ فِي ٱلْجَبَلِ ٱلَّذِي يُدْعَى جَبَلَ ٱلزَّيْتُونِ.,"Pada siang hari, Yesus mengajar orang banyak di pelataran Bait Allah, tetapi pada malam hari, Dia meninggalkan kota dan bermalam di Bukit Zaitun.","Setiap hari Isa mengajar di Bait Allah, sedangkan pada waktu malam Ia keluar dan pergi bermalam di Bukit Zaitun.",
Lukas,21,38,Lukas 21:38,وَكَانَ كُلُّ ٱلشَّعْبِ يُبَكِّرُونَ إِلَيْهِ فِي ٱلْهَيْكَلِ لِيَسْمَعُوهُ.,"Dan, pagi-pagi, semua orang datang kepada-Nya di dalam Bait Suci untuk mendengarkan-Nya.",Pagi-pagi semua orang datang kepada-Nya di Bait Allah untuk mendengarkan pengajaran-Nya.,
Lukas,22,1,Lukas 22:1,وَقَرُبَ عِيدُ ٱلْفَطِيرِ، ٱلَّذِي يُقَالُ لَهُ ٱلْفِصْحُ.,Hari raya Roti Tidak Beragi yang disebut hari Pesakh sudah dekat.,"Hari raya Roti Tidak Beragi, yang disebut juga hari raya Paskah, sudah dekat.",
Lukas,22,2,Lukas 22:2,وَكَانَ رُؤَسَاءُ ٱلْكَهَنَةِ وَٱلْكَتَبَةُ يَطْلُبُونَ كَيْفَ يَقْتُلُونَهُ، لِأَنَّهُمْ خَافُوا ٱلشَّعْبَ.,"Imam-imam kepala dan ahli-ahli Taurat mencari cara untuk membunuh Yesus, karena mereka takut terhadap orang banyak.",Imam-imam kepala dan para ahli Kitab Suci Taurat mencari jalan bagaimana melenyapkan Isa sebab mereka takut kepada orang banyak.,
Lukas,22,3,Lukas 22:3,فَدَخَلَ ٱلشَّيْطَانُ فِي يَهُوذَا ٱلَّذِي يُدْعَى ٱلْإِسْخَرْيُوطِيَّ، وَهُوَ مِنْ جُمْلَةِ ٱلِٱثْنَيْ عَشَرَ.,"Kemudian, Setan masuk ke dalam Yudas, yang disebut Iskariot, salah satu dari dua belas murid.","Lalu, masuklah Iblis ke dalam diri Yudas yang disebut juga Iskariot. Ia adalah salah seorang dari kedua belas pengikut Isa.",
Lukas,22,4,Lukas 22:4,فَمَضَى وَتَكَلَّمَ مَعَ رُؤَسَاءِ ٱلْكَهَنَةِ وَقُوَّادِ ٱلْجُنْدِ كَيْفَ يُسَلِّمُهُ إِلَيْهِمْ.,Yudas pun pergi untuk berunding dengan imam-imam kepala dan pengawal Bait Allah tentang bagaimana ia dapat menyerahkan Yesus kepada mereka.,Ia pergi kepada imam-imam kepala dan kepala-kepala pengawal Bait Allah serta berbicara dengan mereka mengenai bagaimana ia akan menyerahkan Isa kepada mereka.,
Lukas,22,5,Lukas 22:5,فَفَرِحُوا وَعَاهَدُوهُ أَنْ يُعْطُوهُ فِضَّةً.,Mereka sangat senang dan sepakat untuk memberinya uang.,Mereka gembira dan berjanji hendak memberikan sejumlah uang perak kepadanya.,
Lukas,22,6,Lukas 22:6,فَوَاعَدَهُمْ. وَكَانَ يَطْلُبُ فُرْصَةً لِيُسَلِّمَهُ إِلَيْهِمْ خِلْوًا مِنْ جَمْعٍ.,Yudas setuju dan mulai mencari kesempatan untuk menyerahkan Yesus kepada mereka saat tidak ada orang banyak.,"Yudas menyetujuinya, kemudian ia mencari waktu yang baik untuk menyerahkan Isa tanpa diketahui orang banyak.",
Lukas,22,7,Lukas 22:7,وَجَاءَ يَوْمُ ٱلْفَطِيرِ ٱلَّذِي كَانَ يَنْبَغِي أَنْ يُذْبَحَ فِيهِ ٱلْفِصْحُ.,"Kemudian, hari raya Roti Tidak Beragi tiba dan itulah saat untuk mempersembahkan anak domba Paskah.",Tibalah hari raya Roti Tidak Beragi. Pada hari itulah domba Paskah harus disembelih.,
Lukas,22,8,Lukas 22:8,فَأَرْسَلَ بُطْرُسَ وَيُوحَنَّا قَائِلًا: «ٱذْهَبَا وَأَعِدَّا لَنَا ٱلْفِصْحَ لِنَأْكُلَ».,"Pada waktu itu, Yesus menyuruh Petrus dan Yohanes, kata-Nya, “Pergi dan persiapkanlah makanan Paskah untuk kita makan.”","Lalu, Isa menyuruh Petrus dan Yahya pergi menyediakan perjamuan Paskah untuk mereka. Sabda-Nya kepada mereka, “Pergilah kamu menyediakan makanan Paskah untuk kita.”",
Lukas,22,9,Lukas 22:9,فَقَالَا لَهُ: «أَيْنَ تُرِيدُ أَنْ نُعِدَّ؟».,"Kata mereka kepada Yesus, “Di manakah Engkau ingin kami mempersiapkannya?”","Mereka menjawab, “Ya Junjungan, di manakah Engkau kehendaki kami menyediakannya?”",
Lukas,22,10,Lukas 22:10,فَقَالَ لَهُمَا: «إِذَا دَخَلْتُمَا ٱلْمَدِينَةَ يَسْتَقْبِلُكُمَا إِنْسَانٌ حَامِلٌ جَرَّةَ مَاءٍ. اِتْبَعَاهُ إِلَى ٱلْبَيْتِ حَيْثُ يَدْخُلُ،,"Jawab Yesus kepada mereka, “Ketika kamu sudah masuk ke kota, kamu akan bertemu dengan seorang laki-laki yang membawa kendi; ikutilah ia ke rumah yang akan dimasukinya,","Isa bersabda kepada mereka, “Begitu kamu masuk ke dalam kota, kamu akan bertemu dengan seorang laki-laki yang sedang membawa buyung air. Ikutilah dia sampai ke rumah yang dimasukinya.",
Lukas,22,11,Lukas 22:11,وَقُولَا لِرَبِّ ٱلْبَيْتِ: يَقُولُ لَكَ ٱلْمُعَلِّمُ: أَيْنَ ٱلْمَنْزِلُ حَيْثُ آكُلُ ٱلْفِصْحَ مَعَ تَلَامِيذِي؟,"dan katakanlah kepada pemilik rumah itu, ‘Guru bertanya kepadamu: Di manakah ruang tamu tempat Aku dapat makan Paskah bersama murid-murid-Ku?’","Lalu, katakanlah kepada pemilik rumah itu, ‘Sabda Guru, “Di manakah ruangan yang disediakan bagi-Ku, yaitu tempat Aku dapat makan Paskah bersama-sama dengan para pengikut-Ku?”’",
Lukas,22,12,Lukas 22:12,فَذَاكَ يُرِيكُمَا عِلِّيَّةً كَبِيرَةً مَفْرُوشَةً. هُنَاكَ أَعِدَّا».,"Ia akan menunjukkan kepadamu sebuah ruangan besar di lantai atas, yang perabotannya sudah siap. Persiapkanlah makanan untuk kita di sana.”",Ia akan menunjukkan kepadamu ruangan atas yang besar dengan perabotan lengkap. Di situlah kamu sediakan makanan Paskah bagi kita!”,
Lukas,22,13,Lukas 22:13,فَٱنْطَلَقَا وَوَجَدَا كَمَا قَالَ لَهُمَا، فَأَعَدَّا ٱلْفِصْحَ.,"Lalu, Petrus bersama Yohanes pergi dan mendapati semuanya terjadi seperti yang dikatakan Yesus, dan mereka pun mempersiapkan makanan Paskah.","Maka, kedua pengikut Isa itu pun pergi dan mereka mendapati semuanya seperti yang telah disabdakan Isa kepada mereka. Lalu, mereka pun mempersiapkan semua keperluan Paskah.",
Lukas,22,14,Lukas 22:14,وَلَمَّا كَانَتِ ٱلسَّاعَةُ ٱتَّكَأَ وَٱلِٱثْنَا عَشَرَ رَسُولًا مَعَهُ،,"Ketika sudah tiba waktunya, Yesus dan para rasul duduk makan di sekeliling meja.","Ketika waktunya tiba, Isa pun duduk makan bersama para pengikut-Nya.",
Lukas,22,15,Lukas 22:15,وَقَالَ لَهُمْ: «شَهْوَةً ٱشْتَهَيْتُ أَنْ آكُلَ هَذَا ٱلْفِصْحَ مَعَكُمْ قَبْلَ أَنْ أَتَأَلَّمَ،,"Kemudian, Yesus berkata kepada mereka, “Aku ingin sekali makan hidangan Paskah ini bersama kamu sebelum Aku menderita.","Sabda-Nya kepada mereka, “Aku sangat rindu makan makanan Paskah ini dengan kamu sebelum Aku menghadapi maut.",
Lukas,22,16,Lukas 22:16,لِأَنِّي أَقُولُ لَكُمْ: إِنِّي لَا آكُلُ مِنْهُ بَعْدُ حَتَّى يُكْمَلَ فِي مَلَكُوتِ ٱللهِ».,"Sebab, Aku berkata kepadamu, Aku tidak akan memakannya lagi sampai hal ini digenapi dalam Kerajaan Allah.”","Sebab Aku berkata kepadamu, Aku tidak akan lagi memakannya sampai Paskah itu digenapi di dalam Kerajaan Allah.”",
Lukas,22,17,Lukas 22:17,ثُمَّ تَنَاوَلَ كَأْسًا وَشَكَرَ وَقَالَ: «خُذُوا هَذِهِ وَٱقْتَسِمُوهَا بَيْنَكُمْ،,"Lalu, Yesus mengambil cawan berisi anggur dan mengucap syukur, kemudian berkata, “Ambillah ini dan bagikanlah di antara kamu.","Isa mengambil sebuah cawan berisi anggur, kemudian mengucap syukur kepada Allah. Setelah itu, Ia bersabda, “Ambillah ini dan bagikanlah di antaramu.",
Lukas,22,18,Lukas 22:18,لِأَنِّي أَقُولُ لَكُمْ: إِنِّي لَا أَشْرَبُ مِنْ نِتَاجِ ٱلْكَرْمَةِ حَتَّى يَأْتِيَ مَلَكُوتُ ٱللهِ».,"Sebab, Aku berkata kepadamu, mulai sekarang Aku tidak akan minum anggur sampai Kerajaan Allah datang.”","Aku berkata kepadamu, mulai saat ini Aku tidak akan minum air anggur ini lagi sampai Kerajaan Allah datang.”",
Lukas,22,19,Lukas 22:19,وَأَخَذَ خُبْزًا وَشَكَرَ وَكَسَّرَ وَأَعْطَاهُمْ قَائِلًا: «هَذَا هُوَ جَسَدِي ٱلَّذِي يُبْذَلُ عَنْكُمْ. اِصْنَعُوا هَذَا لِذِكْرِي».,"Kemudian, Yesus mengambil roti dan mengucap syukur, Dia memecah-mecahkan roti itu dan memberikannya kepada mereka sambil berkata, “Roti ini adalah tubuh-Ku yang diberikan kepadamu; lakukanlah ini sebagai peringatan akan Aku.”","Lalu, Isa mengambil roti, mengucap syukur, memecah-mecahkannya, dan memberikannya kepada para pengikut-Nya. Sabda-Nya, “Inilah tubuh-Ku yang Kuserahkan untuk kamu. Lakukanlah ini untuk mengingat Aku.”",
Lukas,22,20,Lukas 22:20,وَكَذَلِكَ ٱلْكَأْسَ أَيْضًا بَعْدَ ٱلْعَشَاءِ قَائِلًا: «هَذِهِ ٱلْكَأْسُ هِيَ ٱلْعَهْدُ ٱلْجَدِيدُ بِدَمِي ٱلَّذِي يُسْفَكُ عَنْكُمْ.,"Demikian juga, setelah makan, Yesus mengambil cawan anggur dan berkata, “Cawan yang dituangkan bagimu ini adalah perjanjian baru dalam darah-Ku .","Setelah itu, Isa melakukan hal yang sama dengan cawan yang berisi anggur. Sabda-Nya, “Cawan ini adalah perjanjian baru yang disahkan oleh darah-Ku dan yang ditumpahkan bagimu.",
Lukas,22,21,Lukas 22:21,وَلَكِنْ هُوَذَا يَدُ ٱلَّذِي يُسَلِّمُنِي هِيَ مَعِي عَلَى ٱلْمَائِدَةِ.,"Akan tetapi, lihatlah, tangan orang yang akan menyerahkan Aku ada bersama dengan Aku di meja ini.","Namun, sesungguhnya tangan orang yang menyerahkan Aku ada di sini. Ia duduk makan bersama-sama dengan Aku.",
Lukas,22,22,Lukas 22:22,وَٱبْنُ ٱلْإِنْسَانِ مَاضٍ كَمَا هُوَ مَحْتُومٌ، وَلَكِنْ وَيْلٌ لِذَلِكَ ٱلْإِنْسَانِ ٱلَّذِي يُسَلِّمُهُ!».,"Sebab, Anak Manusia akan pergi dengan cara seperti yang sudah ditetapkan, tetapi celakalah orang yang menyerahkan Dia!”","Memang Anak Manusia akan pergi seperti yang sudah ditentukan Allah, tetapi celakalah orang yang menyerahkan Dia!”",
Lukas,22,23,Lukas 22:23,فَٱبْتَدَأُوا يَتَسَاءَلُونَ فِيمَا بَيْنَهُمْ: «مَنْ تَرَى مِنْهُمْ هُوَ ٱلْمُزْمِعُ أَنْ يَفْعَلَ هَذَا؟».,Murid-murid-Nya bertanya satu sama lain tentang siapa di antara mereka yang akan melakukannya.,"Maka, pengikut-pengikut Isa mulai bertanya-tanya satu sama lain mengenai siapa kira-kira dari antara mereka yang akan berbuat demikian.",
Lukas,22,24,Lukas 22:24,وَكَانَتْ بَيْنَهُمْ أَيْضًا مُشَاجَرَةٌ مَنْ مِنْهُمْ يُظَنُّ أَنَّهُ يَكُونُ أَكْبَرَ.,Pertengkaran juga terjadi di antara para rasul tentang siapakah di antara mereka yang dianggap paling besar.,Di antara para pengikut Isa timbul pertengkaran mengenai siapa di antara mereka yang dianggap terbesar.,
Lukas,22,25,Lukas 22:25,فَقَالَ لَهُمْ: «مُلُوكُ ٱلْأُمَمِ يَسُودُونَهُمْ، وَٱلْمُتَسَلِّطُونَ عَلَيْهِمْ يُدْعَوْنَ مُحْسِنِينَ.,"Namun, Yesus berkata kepada mereka, “Raja-raja bangsa yang tidak mengenal Tuhan berkuasa atas rakyatnya, dan orang-orang yang berkuasa atas raja-raja itu disebut ‘Pelindung Rakyat’.","Karena itu, Isa bersabda kepada mereka, “Raja-raja bangsa-bangsa memperhamba rakyat mereka dan orang-orang yang memerintah bangsa-bangsa disebut pelindung-pelindung rakyat.",
Lukas,22,26,Lukas 22:26,وَأَمَّا أَنْتُمْ فَلَيْسَ هَكَذَا، بَلِ ٱلْكَبِيرُ فِيكُمْ لِيَكُنْ كَٱلْأَصْغَرِ، وَٱلْمُتَقَدِّمُ كَٱلْخَادِمِ.,"Janganlah kamu seperti itu. Sebaliknya, yang paling besar di antara kamu harus bertindak seperti yang paling muda , dan pemimpin harus menjadi seperti pelayan.","Namun, kamu janganlah begitu. Sebaliknya, hendaklah yang terbesar di antaramu seolah-olah menjadi yang terendah, dan orang yang memimpin seolah-olah menjadi pelayan.",
Lukas,22,27,Lukas 22:27,لِأَنْ مَنْ هُوَ أَكْبَرُ: أَلَّذِي يَتَّكِئُ أَمِ ٱلَّذِي يَخْدُمُ؟ أَلَيْسَ ٱلَّذِي يَتَّكِئُ؟ وَلَكِنِّي أَنَا بَيْنَكُمْ كَٱلَّذِي يَخْدُمُ.,"Siapa yang lebih besar, orang yang duduk makan atau yang melayani? Bukankah orang yang duduk makan? Namun, Aku ada di tengah-tengahmu sebagai orang yang melayani.","Karena siapakah yang lebih besar, orang yang duduk makan atau orang yang melayani? Bukankah orang yang duduk makan? Tetapi, di antara kamu, Akulah yang melayani.",
Lukas,22,28,Lukas 22:28,أَنْتُمُ ٱلَّذِينَ ثَبَتُوا مَعِي فِي تَجَارِبِي،,Kamu adalah orang-orang yang tetap bersama-Ku dalam pencobaan-pencobaan-Ku.,Kamu selalu setia menyertai Aku pada waktu Aku dicobai.,
Lukas,22,29,Lukas 22:29,وَأَنَا أَجْعَلُ لَكُمْ كَمَا جَعَلَ لِي أَبِي مَلَكُوتًا،,"Karena itu, Aku memberikan kepadamu sebuah kerajaan, seperti yang diberikan Bapa-Ku kepada-Ku,","Maka, Aku menentukan bagimu kerajaan, seperti Bapa-Ku telah menentukan hal itu bagi-Ku.",
Lukas,22,30,Lukas 22:30,لِتَأْكُلُوا وَتَشْرَبُوا عَلَى مَائِدَتِي فِي مَلَكُوتِي، وَتَجْلِسُوا عَلَى كَرَاسِيَّ تَدِينُونَ أَسْبَاطَ إِسْرَائِيلَ ٱلِٱثْنَيْ عَشَرَ».,"supaya kamu dapat makan dan minum semeja dengan-Ku dalam Kerajaan-Ku. Dan, kamu akan duduk di atas takhta untuk menghakimi dua belas suku Israel.”",Kamu akan duduk makan dan minum semeja dengan Aku dalam kerajaan-Ku. Kamu juga akan duduk di atas takhta-takhta untuk menghakimi kedua belas suku bani Israil.”,
Lukas,22,31,Lukas 22:31,وَقَالَ ٱلرَّبُّ: «سِمْعَانُ، سِمْعَانُ، هُوَذَا ٱلشَّيْطَانُ طَلَبَكُمْ لِكَيْ يُغَرْبِلَكُمْ كَٱلْحِنْطَةِ!,"“Simon, Simon, dengarkan Aku. Setan menuntut untuk menampi kamu seperti gandum,","Isa bersabda, “Simon, Simon, lihatlah! Iblis telah menuntut untuk menampi kamu seperti orang menampi gandum dengan nyiru.",
Lukas,22,32,Lukas 22:32,وَلَكِنِّي طَلَبْتُ مِنْ أَجْلِكَ لِكَيْ لَا يَفْنَى إِيمَانُكَ. وَأَنْتَ مَتَى رَجَعْتَ ثَبِّتْ إِخْوَتَكَ».,"tetapi Aku sudah berdoa untukmu supaya imanmu jangan gugur. Dan, setelah kamu bertobat, kuatkanlah saudara-saudaramu.”","Akan tetapi, Aku sudah berdoa untukmu supaya imanmu jangan gugur, dan nanti apabila engkau sudah berbalik, engkau harus menguatkan iman saudara-saudaramu juga.”",
Lukas,22,33,Lukas 22:33,فَقَالَ لَهُ: «يَارَبُّ، إِنِّي مُسْتَعِدٌّ أَنْ أَمْضِيَ مَعَكَ حَتَّى إِلَى ٱلسِّجْنِ وَإِلَى ٱلْمَوْتِ!».,"Namun, Petrus berkata kepada Yesus, “Tuhan, aku siap dipenjara bahkan mati bersama-Mu!”","Petrus menjawab, “Ya Junjungan, bersama-Mu aku rela masuk penjara atau dibunuh sekalipun.”",
Lukas,22,34,Lukas 22:34,فَقَالَ: «أَقُولُ لَكَ يَابُطْرُسُ: لَا يَصِيحُ ٱلدِّيكُ ٱلْيَوْمَ قَبْلَ أَنْ تُنْكِرَ ثَلَاثَ مَرَّاتٍ أَنَّكَ تَعْرِفُنِي».,"Jawab Yesus kepadanya, “Aku berkata kepadamu, Petrus, hari ini ayam jantan tidak akan berkokok sebelum tiga kali kamu menyangkal bahwa kamu mengenal Aku.”","Sabda Isa, “Petrus, Aku berkata kepadamu, ayam tidak akan berkokok hari ini sebelum engkau berkata tiga kali bahwa engkau tidak mengenal Aku.”",
Lukas,22,35,Lukas 22:35,ثُمَّ قَالَ لَهُمْ: «حِينَ أَرْسَلْتُكُمْ بِلَا كِيسٍ وَلَا مِزْوَدٍ وَلَا أَحْذِيَةٍ، هَلْ أَعْوَزَكُمْ شَيْءٌ؟». فَقَالُوا: «لَا».,"Kemudian, Yesus bertanya kepada para murid, “Ketika Aku mengutus kamu tanpa kantong uang, tas, atau sandal, apakah kamu kekurangan sesuatu?” Jawab mereka, “Tidak.”","Kemudian, Isa bersabda kepada mereka, “Ketika Aku menyuruh kamu pergi tanpa membawa pundi-pundi atau tempat bekal atau kasut, adakah kamu kekurangan sesuatu?” Mereka menjawab, “Tidak satu pun.”",
Lukas,22,36,Lukas 22:36,فَقَالَ لَهُمْ: «لَكِنِ ٱلْآنَ، مَنْ لَهُ كِيسٌ فَلْيَأْخُذْهُ وَمِزْوَدٌ كَذَلِكَ. وَمَنْ لَيْسَ لَهُ فَلْيَبِعْ ثَوْبَهُ وَيَشْتَرِ سَيْفًا.,"Kata-Nya kepada mereka, “Namun, sekarang, siapa pun yang mempunyai kantong uang atau tas, bawalah. Dan, siapa yang tidak mempunyai pedang, biarlah ia menjual jubahnya dan membeli pedang.","Lalu, Isa bersabda kepada mereka, “Tetapi sekarang, jika kamu mempunyai pundi-pundi atau tempat bekal, bawalah, dan jika kamu tidak mempunyai pedang, juallah bajumu dan belilah pedang.",
Lukas,22,37,Lukas 22:37,لِأَنِّي أَقُولُ لَكُمْ: إِنَّهُ يَنْبَغِي أَنْ يَتِمَّ فِيَّ أَيْضًا هَذَا ٱلْمَكْتُوبُ: وَأُحْصِيَ مَعَ أَثَمَةٍ. لِأَنَّ مَا هُوَ مِنْ جِهَتِي لَهُ ٱنْقِضَاءٌ».,"Sebab, Aku berkata kepadamu, apa yang tertulis dalam Kitab Suci ini harus digenapi dalam Aku, ‘Ia akan terhitung bersama orang-orang berdosa.’ Yesaya 53:12 Sebab, yang tertulis tentang Aku sedang terjadi sekarang.”","Aku berkata kepadamu, apa yang tertulis ini haruslah terjadi pada diri-Ku, ‘Ia akan digolongkan pada orang-orang durhaka.’ Sebab semua yang tertulis mengenai diri-Ku sedang digenapi.”",
Lukas,22,38,Lukas 22:38,فَقَالُوا: «يَارَبُّ، هُوَذَا هُنَا سَيْفَانِ». فَقَالَ لَهُمْ: «يَكْفِي!».,"Lalu, mereka berkata, “Lihatlah Tuhan, di sini ada dua pedang.” Dan, Yesus berkata kepada mereka, “Itu cukup.”","Mereka berkata, “Ya Junjungan, lihatlah, di sini ada dua pedang.” Sabda-Nya kepada mereka, “Cukuplah.”",
Lukas,22,39,Lukas 22:39,وَخَرَجَ وَمَضَى كَٱلْعَادَةِ إِلَى جَبَلِ ٱلزَّيْتُونِ، وَتَبِعَهُ أَيْضًا تَلَامِيذُهُ.,"Kemudian, Yesus keluar dan pergi ke Bukit Zaitun seperti yang biasa dilakukan-Nya; dan murid-murid-Nya juga pergi mengikuti Dia.","Isa meninggalkan kota itu, lalu pergi ke Bukit Zaitun seperti yang biasa dilakukan-Nya. Pengikut-pengikut-Nya pergi juga bersama-Nya.",
Lukas,22,40,Lukas 22:40,وَلَمَّا صَارَ إِلَى ٱلْمَكَانِ قَالَ لَهُمْ: «صَلُّوا لِكَيْ لَا تَدْخُلُوا فِي تَجْرِبَةٍ».,"Ketika Yesus sampai di tempat itu, Dia berkata kepada mereka, “Berdoalah supaya kamu jangan masuk dalam pencobaan.”","Setelah sampai di tempat itu bersabdalah Ia, “Kamu harus berdoa supaya jangan terkena pencobaan.”",
Lukas,22,41,Lukas 22:41,وَٱنْفَصَلَ عَنْهُمْ نَحْوَ رَمْيَةِ حَجَرٍ وَجَثَا عَلَى رُكْبَتَيْهِ وَصَلَّى,"Kemudian, Yesus menjauhkan diri dari mereka kira-kira sejauh sepelempar batu , lalu berlutut dan berdoa,","Lalu, Ia meninggalkan mereka di situ dan pergi kira-kira sejauh lemparan batu. Di situ Ia sujud dan berdoa,",
Lukas,22,42,Lukas 22:42,قَائِلًا: «يَا أَبَتَاهُ، إِنْ شِئْتَ أَنْ تُجِيزَ عَنِّي هَذِهِ ٱلْكَأْسَ. وَلَكِنْ لِتَكُنْ لَا إِرَادَتِي بَلْ إِرَادَتُكَ».,"“Bapa, jika Engkau mau, ambillah cawan ini dari-Ku. Akan tetapi, janganlah keinginan-Ku yang terjadi, melainkan keinginan-Mu.”","“Ya Bapa, kalau Engkau berkenan, jauhkanlah cawan minuman ini dari Aku. Tetapi, janganlah kehendak-Ku yang jadi, melainkan kehendak-Mu saja.”",
Lukas,22,43,Lukas 22:43,وَظَهَرَ لَهُ مَلَاكٌ مِنَ ٱلسَّمَاءِ يُقَوِّيهِ.,"Setelah itu, seorang malaikat dari surga menampakkan diri kepada-Nya dan menguatkan-Nya.","Kemudian, tampak malaikat dari langit datang kepada-Nya dan menguatkan Dia.",
Lukas,22,44,Lukas 22:44,وَإِذْ كَانَ فِي جِهَادٍ كَانَ يُصَلِّي بِأَشَدِّ لَجَاجَةٍ، وَصَارَ عَرَقُهُ كَقَطَرَاتِ دَمٍ نَازِلَةٍ عَلَى ٱلْأَرْضِ.,"Dan, dalam penderitaan-Nya, Dia berdoa lebih sungguh-sungguh lagi; keringat-Nya menjadi seperti tetesan darah yang menetes ke tanah .","Isa merasa sangat gelisah dan takut. Oleh karena itu, Ia berdoa lebih sungguh-sungguh. Peluh-Nya menjadi seperti titik-titik darah yang menetes ke tanah.",
Lukas,22,45,Lukas 22:45,ثُمَّ قَامَ مِنَ ٱلصَّلَاةِ وَجَاءَ إِلَى تَلَامِيذِهِ، فَوَجَدَهُمْ نِيَامًا مِنَ ٱلْحُزْنِ.,"Ketika Yesus selesai berdoa, Dia pergi kepada murid-murid-Nya dan mendapati mereka sedang tidur karena bersedih.","Setelah berdoa, Ia kembali kepada pengikut-pengikut-Nya dan mendapati mereka sudah tertidur karena terlalu sedih.",
Lukas,22,46,Lukas 22:46,فَقَالَ لَهُمْ: «لِمَاذَا أَنْتُمْ نِيَامٌ؟ قُومُوا وَصَلُّوا لِئَلَّا تَدْخُلُوا فِي تَجْرِبَةٍ».,"Yesus berkata kepada mereka, “Mengapa kamu tidur? Bangun dan berdoalah supaya kamu jangan masuk dalam pencobaan.”","Lalu, sabda-Nya kepada mereka, “Mengapa kamu tidur? Bangun dan berdoalah supaya kamu tidak terkena pencobaan.”",
Lukas,22,47,Lukas 22:47,وَبَيْنَمَا هُوَ يَتَكَلَّمُ إِذَا جَمْعٌ، وَٱلَّذِي يُدْعَى يَهُوذَا، أَحَدُ ٱلِٱثْنَيْ عَشَرَ، يَتَقَدَّمُهُمْ، فَدَنَا مِنْ يَسُوعَ لِيُقَبِّلَهُ.,"Ketika Yesus masih berbicara, serombongan orang datang; dan dia, yang disebut Yudas, salah satu dari dua belas murid itu, memimpin mereka. Lalu, Yudas mendekati Yesus untuk mencium-Nya.","Sementara Isa masih bersabda, datanglah serombongan orang yang dipimpin oleh Yudas, yaitu salah seorang dari kedua belas pengikut-Nya. Yudas maju mendekati Isa untuk mencium-Nya.",
Lukas,22,48,Lukas 22:48,فَقَالَ لَهُ يَسُوعُ: «يَا يَهُوذَا، أَبِقُبْلَةٍ تُسَلِّمُ ٱبْنَ ٱلْإِنْسَانِ؟».,"Akan tetapi, Yesus berkata kepadanya, “Yudas, apakah kamu menyerahkan Anak Manusia dengan ciuman?”","Tetapi, Isa bersabda kepadanya, “Yudas, dengan ciumankah hendak kauserahkan Anak Manusia?”",
Lukas,22,49,Lukas 22:49,فَلَمَّا رَأَى ٱلَّذِينَ حَوْلَهُ مَا يَكُونُ، قَالُوا: «يَارَبُّ، أَنَضْرِبُ بِٱلسَّيْفِ؟».,"Ketika murid-murid yang berdiri di sekeliling-Nya melihat apa yang akan terjadi, mereka berkata, “Tuhan, haruskah kami menyerang dengan pedang?”","Ketika orang-orang yang bersama-sama dengan Isa melihat apa yang terjadi, mereka berkata, “Ya Junjungan, haruskah kami menyerang mereka dengan pedang?”",
Lukas,22,50,Lukas 22:50,وَضَرَبَ وَاحِدٌ مِنْهُمْ عَبْدَ رَئِيسِ ٱلْكَهَنَةِ فَقَطَعَ أُذْنَهُ ٱلْيُمْنَى.,"Kemudian, salah satu dari para murid itu menyerang pelayan Imam Agung hingga menebas telinga kanannya.","Lalu, salah seorang dari mereka menyerang seorang hamba Imam Besar dan menetak telinga kanannya sampai putus.",
Lukas,22,51,Lukas 22:51,فَأَجَابَ يَسُوعُ وقَالَ: «دَعُوا إِلَى هَذَا!». وَلَمَسَ أُذْنَهُ وَأَبْرَأَهَا.,"Akan tetapi Yesus berkata, “Sudah, cukup!” Lalu, Yesus menjamah telinga pelayan itu dan menyembuhkannya.","Tetapi, Isa bersabda, “Sudahlah, jangan lagi!” Lalu, Ia menyentuh telinga orang itu dan menyembuhkannya.",
Lukas,22,52,Lukas 22:52,ثُمَّ قَالَ يَسُوعُ لِرُؤَسَاءِ ٱلْكَهَنَةِ وَقُوَّادِ جُنْدِ ٱلْهَيْكَلِ وَٱلشُّيُوخِ ٱلْمُقْبِلِينَ عَلَيْهِ: «كَأَنَّهُ عَلَى لِصٍّ خَرَجْتُمْ بِسُيُوفٍ وَعِصِيٍّ!,"Kemudian, Yesus berkata kepada imam-imam kepala, kepala pengawal Bait Allah, dan tua-tua yang datang untuk menangkap-Nya, “Mengapa kamu semua datang dengan pedang dan pentungan seakan-akan hendak menangkap perampok?","Kemudian, sabda Isa kepada imam-imam kepala, kepala-kepala pengawal Bait Allah, dan para tua-tua yang datang untuk menangkap Dia, “Mengapa kamu datang seperti hendak menangkap penyamun karena kamu membawa pedang dan pentungan?",
Lukas,22,53,Lukas 22:53,إِذْ كُنْتُ مَعَكُمْ كُلَّ يَوْمٍ فِي ٱلْهَيْكَلِ لَمْ تَمُدُّوا عَلَيَّ ٱلْأَيَادِيَ. وَلَكِنَّ هَذِهِ سَاعَتُكُمْ وَسُلْطَانُ ٱلظُّلْمَةِ».,"Ketika Aku bersamamu di Bait Allah setiap hari, kamu tidak menangkap Aku. Namun, inilah saatnya bagimu dan bagi kuasa kegelapan.”","Padahal setiap hari Aku ada di tengah-tengahmu di Bait Allah dan kamu tidak menangkap Aku. Tetapi, inilah saatnya bagi kamu dan inilah pula saatnya bagi penguasa kegelapan untuk bertindak.”",
Lukas,22,54,Lukas 22:54,فَأَخَذُوهُ وَسَاقُوهُ وَأَدْخَلُوهُ إِلَى بَيْتِ رَئِيسِ ٱلْكَهَنَةِ. وَأَمَّا بُطْرُسُ فَتَبِعَهُ مِنْ بَعِيدٍ.,"Setelah menangkap-Nya, orang-orang itu pun menggiring dan membawa Yesus ke rumah Imam Besar. Akan tetapi, Petrus mengikuti mereka dari jauh.","Orang-orang itu menangkap Isa, lalu membawa-Nya pergi ke rumah Imam Besar, sedangkan Petrus mengikuti-Nya dari jauh.",
Lukas,22,55,Lukas 22:55,وَلَمَّا أَضْرَمُوا نَارًا فِي وَسْطِ ٱلدَّارِ وَجَلَسُوا مَعًا، جَلَسَ بُطْرُسُ بَيْنَهُمْ.,"Setelah orang-orang itu menyalakan api di tengah-tengah halaman dan duduk bersama-sama, Petrus juga duduk di antara mereka.",Di tengah-tengah halaman rumah itu orang menyalakan api dan mereka duduk mengelilinginya. Petrus juga duduk di situ di antara mereka.,
Lukas,22,56,Lukas 22:56,فَرَأَتْهُ جَارِيَةٌ جَالِسًا عِنْدَ ٱلنَّارِ فَتَفَرَّسَتْ فِيهِ وَقَالَتْ: «وَهَذَا كَانَ مَعَهُ!».,"Namun, seorang pelayan perempuan yang melihat Petrus duduk di dekat perapian itu mengamati wajah Petrus, lalu berkata, “Orang ini juga bersama dengan-Nya.”","Seorang hamba perempuan melihat Petrus duduk di situ, di depan api. Ia mengamat-amati Petrus, lalu berkata, “Orang ini juga termasuk salah satu pengikut-Nya.”",
Lukas,22,57,Lukas 22:57,فَأَنْكَرَهُ قَائِلًا: «لَسْتُ أَعْرِفُهُ يَا ٱمْرَأَةُ!».,"Namun, Petrus menyangkal, katanya, “Hai perempuan, aku tidak mengenal Dia.”","Tetapi, Petrus menyangkalnya, “Aku tidak kenal Dia.”",
Lukas,22,58,Lukas 22:58,وَبَعْدَ قَلِيلٍ رَآهُ آخَرُ وَقَالَ: «وَأَنْتَ مِنْهُمْ!». فَقَالَ بُطْرُسُ: «يَا إِنْسَانُ، لَسْتُ أَنَا!».,"Tidak lama kemudian, seorang yang lain melihatnya dan berkata, “Kamu juga termasuk salah satu dari mereka!” Namun Petrus berkata, “Tidak, aku bukan salah satu dari mereka!”","Tidak lama setelah itu, seorang yang lain lagi melihat Petrus, lalu berkata, “Engkau juga salah seorang dari mereka.” Tetapi, Petrus berkata, “Tidak, bukan aku!”",
Lukas,22,59,Lukas 22:59,وَلَمَّا مَضَى نَحْوُ سَاعَةٍ وَاحِدَةٍ أَكَّدَ آخَرُ قَائِلًا: «بِٱلْحَقِّ إِنَّ هَذَا أَيْضًا كَانَ مَعَهُ، لِأَنَّهُ جَلِيلِيٌّ أَيْضًا!».,"Kira-kira satu jam kemudian, seorang yang lain lagi berkata dengan yakin, “Pasti orang ini juga bersama dengan-Nya, sebab ia juga orang Galilea.”","Kira-kira satu jam kemudian, seorang yang lain lagi berkata dengan tegas, “Sungguh, orang ini adalah pengikut-Nya karena ia pun orang Galilea.”",
Lukas,22,60,Lukas 22:60,فَقَالَ بُطْرُسُ: «يَا إِنْسَانُ، لَسْتُ أَعْرِفُ مَا تَقُولُ!». وَفِي ٱلْحَالِ بَيْنَمَا هُوَ يَتَكَلَّمُ صَاحَ ٱلدِّيكُ.,"Akan tetapi, Petrus berkata, “Aku tidak tahu apa yang kamu bicarakan!” Saat itu juga, selagi Petrus masih berbicara, ayam jantan pun berkokok.","Tetapi, Petrus berkata, “Aku tidak mengerti apa yang kaumaksudkan!” Saat itu juga, sementara ia masih berbicara, ayam pun berkokok.",
Lukas,22,61,Lukas 22:61,فَٱلْتَفَتَ ٱلرَّبُّ وَنَظَرَ إِلَى بُطْرُسَ، فَتَذَكَّرَ بُطْرُسُ كَلَامَ ٱلرَّبِّ، كَيْفَ قَالَ لَهُ: «إِنَّكَ قَبْلَ أَنْ يَصِيحَ ٱلدِّيكُ تُنْكِرُنِي ثَلَاثَ مَرَّاتٍ».,"Lalu, Yesus berpaling dan memandang Petrus. Petrus pun teringat akan perkataan Yesus, bahwa Dia berkata kepadanya, “Sebelum ayam jantan berkokok hari ini, kamu sudah menyangkali Aku sebanyak tiga kali.”","Kemudian, Isa, Sang Junjungan, menoleh dan memandang kepada Petrus. Lalu, teringatlah Petrus pada sabda yang telah disampaikan Sang Junjungan kepadanya, “Sebelum ayam berkokok pada hari ini, engkau akan menyangkal Aku tiga kali.”",
Lukas,22,62,Lukas 22:62,فَخَرَجَ بُطْرُسُ إِلَى خَارِجٍ وَبَكَى بُكَاءً مُرًّا.,"Kemudian, Petrus keluar dan menangis dengan amat sedih.",Petrus pun keluar dan menangis dengan sedih sekali.,
Lukas,22,63,Lukas 22:63,وَٱلرِّجَالُ ٱلَّذِينَ كَانُوا ضَابِطِينَ يَسُوعَ كَانُوا يَسْتَهْزِئُونَ بِهِ وَهُمْ يَجْلِدُونَهُ،,Orang-orang yang menahan Yesus mulai mengejek dan memukuli-Nya.,"Orang-orang yang menahan Isa, mengejek dan memukuli-Nya.",
Lukas,22,64,Lukas 22:64,وَغَطَّوْهُ وَكَانُوا يَضْرِبُونَ وَجْهَهُ وَيَسْأَلُونَهُ قَائِلِينَ: «تَنَبَّأْ! مَنْ هُوَ ٱلَّذِي ضَرَبَكَ؟».,"Mereka menutup mata-Nya dan berkata, “Bernubuatlah! Siapa yang memukul Engkau?”","Mereka menutupi mata-Nya, lalu bertanya kepada-Nya, “Katakanlah siapa yang memukul Engkau!”",
Lukas,22,65,Lukas 22:65,وَأَشْيَاءَ أُخَرَ كَثِيرَةً كَانُوا يَقُولُونَ عَلَيْهِ مُجَدِّفِينَ.,Mereka juga mengatakan banyak hal lain yang menentang-Nya dengan menghina-Nya.,Mereka memakai banyak kata-kata lain untuk menghujah Dia.,
Lukas,22,66,Lukas 22:66,وَلَمَّا كَانَ ٱلنَّهَارُ ٱجْتَمَعَتْ مَشْيَخَةُ ٱلشَّعْبِ: رُؤَسَاءُ ٱلْكَهَنَةِ وَٱلْكَتَبَةُ، وَأَصْعَدُوهُ إِلَى مَجْمَعِهِمْ,"Keesokan harinya, tua-tua pemimpin Yahudi, imam-imam kepala, serta ahli-ahli Taurat berkumpul dan membawa Yesus ke Mahkamah Agama mereka.","Ketika hari sudah siang, berkumpullah para tua-tua bangsa, imam-imam kepala, dan para ahli Kitab Suci Taurat. Lalu, mereka membawa Isa menghadap Mahkamah Agama mereka. Mereka berkata,",
Lukas,22,67,Lukas 22:67,قَائِلِينَ: «إِنْ كُنْتَ أَنْتَ ٱلْمسِيحَ، فَقُلْ لَنَا!». فَقَالَ لَهُمْ: «إِنْ قُلْتُ لَكُمْ لَا تُصَدِّقُونَ،,"Mereka berkata, “Jika Engkau adalah Mesias, katakanlah kepada kami.” Namun, Yesus berkata kepada mereka, “Jika Aku memberitahumu, kamu tidak akan percaya kepada-Ku.","“Engkau Al-Masih, bukan? Katakanlah kepada kami!” Isa bersabda, “Jika Aku mengatakannya kepadamu, kamu tidak akan mempercayainya",
Lukas,22,68,Lukas 22:68,وَإِنْ سَأَلْتُ لَا تُجِيبُونَنِي وَلَا تُطْلِقُونَنِي.,"Dan, jika Aku bertanya kepadamu, kamu tidak akan menjawab.","dan sekalipun Aku bertanya kepadamu, kamu tidak akan menjawab.",
Lukas,22,69,Lukas 22:69,مُنْذُ ٱلْآنَ يَكُونُ ٱبْنُ ٱلْإِنْسَانِ جَالِسًا عَنْ يَمِينِ قُوَّةِ ٱللهِ».,"Akan tetapi, mulai sekarang, Anak Manusia akan duduk di sebelah kanan Allah Yang Maha Kuasa.”","Tetapi, mulai saat ini, Anak Manusia akan duduk di sebelah kanan Allah Yang Mahakuasa.”",
Lukas,22,70,Lukas 22:70,فَقَالَ ٱلْجَمِيعُ: «أَفَأَنْتَ ٱبْنُ ٱللهِ؟». فَقَالَ لَهُمْ: «أَنْتُمْ تَقُولُونَ إِنِّي أَنَا هُوَ».,"Mereka semua berkata, “Kalau begitu, apakah Engkau Anak Allah?” Yesus menjawab mereka, “Kamulah yang mengatakan bahwa Akulah Dia.”","Mereka semua berkata, “Kalau begitu, Engkaukah Sang Anak yang datang dari Allah?” Sabda Isa kepada mereka, “Kamu sendiri mengatakan bahwa Aku adalah Sang Anak yang datang dari Allah.”",
Lukas,22,71,Lukas 22:71,فَقَالُوا: «مَا حَاجَتُنَا بَعْدُ إِلَى شَهَادَةٍ؟ لِأَنَّنَا نَحْنُ سَمِعْنَا مِنْ فَمِهِ».,"Kemudian, mereka berkata, “Kesaksian apa lagi yang kita butuhkan? Kita sudah mendengarnya sendiri dari mulut-Nya!”","Mereka berkata, “Perlukah ada kesaksian lagi? Kita sudah mendengar dari mulut-Nya sendiri!”",
Lukas,23,1,Lukas 23:1,فَقَامَ كُلُّ جُمْهُورِهِمْ وَجَاءُوا بِهِ إِلَى بِيلَاطُسَ،,"Kemudian, seluruh orang itu berdiri dan membawa Yesus ke hadapan Pilatus.","Maka, berdirilah seluruh anggota majelis Mahkamah Agama itu, lalu membawa Isa menghadap Pilatus.",
Lukas,23,2,Lukas 23:2,وَٱبْتَدَأُوا يَشْتَكُونَ عَلَيْهِ قَائِلِينَ: «إِنَّنَا وَجَدْنَا هَذَا يُفْسِدُ ٱلْأُمَّةَ، وَيَمْنَعُ أَنْ تُعْطَى جِزْيَةٌ لِقَيْصَرَ، قَائِلًا: إِنَّهُ هُوَ مَسِيحٌ مَلِكٌ».,"Mereka mulai menuduh Yesus dengan berkata, “Kami mendapati Orang ini menyesatkan bangsa kami dan melarang kami untuk membayar pajak kepada Kaisar, serta mengatakan bahwa Ia adalah Kristus, seorang Raja.”","Di situ mereka semua mulai menuduh Dia. Mereka berkata, “Orang ini menyesatkan bangsa kami dan melarang orang membayar pajak kepada Kaisar. Ia juga berkata bahwa Ia adalah Al-Masih, raja.”",
Lukas,23,3,Lukas 23:3,فَسَأَلَهُ بِيلَاطُسُ قَائِلًا: «أَنْتَ مَلِكُ ٱلْيَهُودِ؟». فَأَجَابَهُ وَقَالَ: «أَنْتَ تَقُولُ».,"Pilatus bertanya kepada Yesus, “Apakah Engkau Raja orang Yahudi?” Yesus menjawab, “Itu yang kamu katakan.”","Pilatus bertanya kepada Isa, “Engkaukah raja bani Israil?” Sabda Isa, “Engkau mengatakannya.”",
Lukas,23,4,Lukas 23:4,فَقَالَ بِيلَاطُسُ لِرُؤَسَاءِ ٱلْكَهَنَةِ وَٱلْجُمُوعِ: «إِنِّي لَا أَجِدُ عِلَّةً فِي هَذَا ٱلْإِنْسَانِ».,"Kemudian, Pilatus berkata kepada imam-imam kepala dan orang banyak, “Aku tidak menemukan kesalahan pada Orang ini.”","Lalu, Pilatus berkata kepada imam-imam kepala dan kepada orang banyak itu, “Aku tidak mendapati satu kesalahan pun pada orang ini.”",
Lukas,23,5,Lukas 23:5,فَكَانُوا يُشَدِّدُونَ قَائِلِينَ: «إِنَّهُ يُهَيِّجُ ٱلشَّعْبَ وَهُوَ يُعَلِّمُ فِي كُلِّ ٱلْيَهُودِيَّةِ مُبْتَدِئًا مِنَ ٱلْجَلِيلِ إِلَى هُنَا».,"Akan tetapi, mereka menuntut sambil berseru dengan keras, “Ia menghasut orang-orang dengan ajaran-Nya di seluruh wilayah Yudea mulai dari Galilea sampai di sini!”","Tetapi, mereka semakin berkeras, kata mereka, “Ia menghasut rakyat dengan ajaran-Nya di seluruh negeri, mulai dari Galilea dan sekarang sudah sampai di sini.”",
Lukas,23,6,Lukas 23:6,فَلَمَّا سَمِعَ بِيلَاطُسُ ذِكْرَ ٱلْجَلِيلِ، سَأَلَ: «هَلِ ٱلرَّجُلُ جَلِيلِيٌّ؟»,"Ketika Pilatus mendengar hal itu, ia bertanya apakah Yesus orang Galilea.","Ketika Pilatus mendengar itu, bertanyalah ia, “Apakah orang ini orang Galilea?”",
Lukas,23,7,Lukas 23:7,وَحِينَ عَلِمَ أَنَّهُ مِنْ سَلْطَنَةِ هِيرُودُسَ، أَرْسَلَهُ إِلَى هِيرُودُسَ، إِذْ كَانَ هُوَ أَيْضًا تِلْكَ ٱلْأَيَّامَ فِي أُورُشَلِيمَ.,"Setelah ia tahu bahwa Yesus berasal dari wilayah kekuasaan Herodes, Pilatus pun mengirim Yesus kepada Herodes yang saat itu sedang berada di Kota Yerusalem.","Setelah diketahuinya bahwa Isa berasal dari wilayah kekuasaan Herodes, ia menyuruh orang untuk membawa Isa kepada Herodes, yang pada waktu itu ada di Yerusalem.",
Lukas,23,8,Lukas 23:8,وَأَمَّا هِيرُودُسُ فَلَمَّا رَأَى يَسُوعَ فَرِحَ جِدًّا، لِأَنَّهُ كَانَ يُرِيدُ مِنْ زَمَانٍ طَوِيلٍ أَنْ يَرَاهُ، لِسَمَاعِهِ عَنْهُ أَشْيَاءَ كَثِيرَةً، وَتَرَجَّى أَنْ يَرَي آيَةً تُصْنَعُ مِنْهُ.,"Ketika Herodes melihat Yesus, ia sangat senang. Ia sudah lama ingin bertemu dengan-Nya karena ia sudah mendengar banyak hal tentang Yesus dan ia berharap bisa melihat suatu mukjizat yang dilakukan oleh Yesus.","Ketika Herodes melihat Isa, ia senang sekali. Sudah lama ia ingin melihat-Nya sebab telah banyak yang didengarnya tentang Isa. Ia berharap dapat melihat Isa melakukan mukjizat.",
Lukas,23,9,Lukas 23:9,وَسَأَلَهُ بِكَلَامٍ كَثِيرٍ فَلَمْ يُجِبْهُ بِشَيْءٍ.,"Lalu, Herodes mengajukan banyak pertanyaan kepada Yesus, tetapi Yesus tidak memberi jawaban apa pun kepadanya.","Herodes mengajukan banyak pertanyaan, tetapi tidak satu pun dijawab oleh Isa.",
Lukas,23,10,Lukas 23:10,وَوَقَفَ رُؤَسَاءُ ٱلْكَهَنَةِ وَٱلْكَتَبَةُ يَشْتَكُونَ عَلَيْهِ بِٱشْتِدَادٍ،,Imam-imam kepala dan ahli-ahli Taurat yang berdiri di sana menuduh Yesus dengan sangat sengit.,Imam-imam kepala dan ahli-ahli Kitab Suci Taurat berdiri dan melontarkan tuduhan-tuduhan yang berat terhadap-Nya.,
Lukas,23,11,Lukas 23:11,فَٱحْتَقَرَهُ هِيرُودُسُ مَعَ عَسْكَرِهِ وَٱسْتَهْزَأَ بِهِ، وَأَلْبَسَهُ لِبَاسًا لَامِعًا، وَرَدَّهُ إِلَى بِيلَاطُسَ.,"Bahkan, Herodes dan para tentaranya juga merendahkan dan mengejek Yesus. Setelah itu, mereka memakaikan jubah yang indah, lalu mengirim-Nya kembali kepada Pilatus.","Setelah Herodes bersama semua tentaranya menghina dan mencemooh Dia, ia menyuruh mereka untuk memakaikan kepada-Nya jubah yang indah dan membawa-Nya kembali kepada Pilatus.",
Lukas,23,12,Lukas 23:12,فَصَارَ بِيلَاطُسُ وَهِيرُودُسُ صَدِيقَيْنِ مَعَ بَعْضِهِمَا فِي ذَلِكَ ٱلْيَوْمِ، لِأَنَّهُمَا كَانَا مِنْ قَبْلُ فِي عَدَاوَةٍ بَيْنَهُمَا.,"Dahulu, Pilatus dan Herodes saling bermusuhan, tetapi pada hari itu mereka bersahabat.","Pada hari itu juga, Herodes dan Pilatus menjadi sahabat, padahal sebelumnya mereka bermusuhan.",
Lukas,23,13,Lukas 23:13,فَدَعَا بِيلَاطُسُ رُؤَسَاءَ ٱلْكَهَنَةِ وَٱلْعُظَمَاءَ وَٱلشَّعْبَ،,"Kemudian, Pilatus mengumpulkan imam-imam kepala, para pemimpin Yahudi, dan orang banyak,","Lalu, Pilatus mengumpulkan imam-imam kepala, pemimpin-pemimpin bangsa, dan rakyat.",
Lukas,23,14,Lukas 23:14,وَقَالَ لَهُمْ: «قَدْ قَدَّمْتُمْ إِلَيَّ هَذَا ٱلْإِنْسَانَ كَمَنْ يُفْسِدُ ٱلشَّعْبَ. وَهَا أَنَا قَدْ فَحَصْتُ قُدَّامَكُمْ وَلَمْ أَجِدْ فِي هَذَا ٱلْإِنْسَانِ عِلَّةً مِمَّا تَشْتَكُونَ بِهِ عَلَيْهِ.,"lalu berkata kepada mereka, “Kamu membawa Orang ini kepadaku sebagai seorang yang menyesatkan orang banyak. Akan tetapi, ketika aku mengadili-Nya di hadapanmu, aku tidak menemukan kesalahan seperti yang kamu tuduhkan kepada-Nya.","Ia berkata kepada mereka, “Kamu membawa orang ini kepadaku seolah-olah Ia telah menyesatkan bangsa ini. Aku sudah memeriksa-Nya di hadapan kamu, tetapi aku tidak mendapati kesalahan apa pun pada-Nya sehubungan dengan semua hal yang kamu tuduhkan terhadap diri-Nya.",
Lukas,23,15,Lukas 23:15,وَلَا هِيرُودُسُ أَيْضًا، لِأَنِّي أَرْسَلْتُكُمْ إِلَيْهِ. وَهَا لَا شَيْءَ يَسْتَحِقُّ ٱلْمَوْتَ صُنِعَ مِنْهُ.,"Herodes juga tidak menemukan kesalahan-Nya sehingga ia mengirim Orang ini kembali kepada kita. Lihatlah, Ia tidak melakukan kesalahan yang layak mendapat hukuman mati.","Demikian juga Herodes, karena ia sudah mengirimnya kembali kepada kami. Sesungguhnya, tidak ada satu pun dari perbuatan-Nya yang menyebabkan Ia patut dihukum mati.",
Lukas,23,16,Lukas 23:16,فَأَنَا أُؤَدِّبُهُ وَأُطْلِقُهُ».,"Karena itu, setelah aku menghajar-Nya, aku akan melepaskan-Nya.”","Jadi, aku akan menyesah Dia dan kemudian melepaskan-Nya.”",
Lukas,23,17,Lukas 23:17,وَكَانَ مُضْطَرًّا أَنْ يُطْلِقَ لَهُمْ كُلَّ عِيدٍ وَاحِدًا،,"[Pada setiap hari raya Pesakh, Pilatus harus membebaskan seorang tahanan untuk orang banyak.]",Sebab Pilatus wajib membebaskan seseorang untuk mereka pada setiap hari raya Paskah.,
Lukas,23,18,Lukas 23:18,فَصَرَخُوا بِجُمْلَتِهِمْ قَائِلِينَ: «خُذْ هَذَا! وَأَطْلِقْ لَنَا بَارَابَاسَ!».,"Akan tetapi, orang banyak itu berteriak bersama-sama, “Singkirkanlah Orang ini! Lepaskanlah Barabas untuk kami!”","Akan tetapi, mereka semua sama-sama berteriak, “Lenyapkan Dia! Lepaskan Barabas untuk kami!”",
Lukas,23,19,Lukas 23:19,وَذَاكَ كَانَ قَدْ طُرِحَ فِي ٱلسِّجْنِ لِأَجْلِ فِتْنَةٍ حَدَثَتْ فِي ٱلْمَدِينَةِ وَقَتْلٍ.,[Barabas adalah seorang yang dipenjara karena terlibat dalam pemberontakan di kota dan juga melakukan pembunuhan.],Barabas adalah orang yang dimasukkan ke dalam penjara karena ia membuat huru-hara di kota dan melakukan pembunuhan.,
Lukas,23,20,Lukas 23:20,فَنَادَاهُمْ أَيْضًا بِيلَاطُسُ وَهُوَ يُرِيدُ أَنْ يُطْلِقَ يَسُوعَ،,"Karena Pilatus ingin melepaskan Yesus, maka ia berbicara lagi kepada orang banyak.",Pilatus berbicara sekali lagi kepada mereka karena ia ingin melepaskan Isa.,
Lukas,23,21,Lukas 23:21,فَصَرَخُوا قَائِلِينَ: «ٱصْلِبْهُ! ٱصْلِبْهُ!».,"Akan tetapi, mereka tetap berteriak, “Salibkan Dia! Salibkan Dia!”","Tetapi, orang-orang itu berteriak, “Salibkan Dia, salibkan Dia!”",
Lukas,23,22,Lukas 23:22,فَقَالَ لَهُمْ ثَالِثَةً: «فَأَيَّ شَرٍّ عَمِلَ هَذَا؟ إِنِّي لَمْ أَجِدْ فِيهِ عِلَّةً لِلْمَوْتِ، فَأَنَا أُؤَدِّبُهُ وَأُطْلِقُهُ».,"Untuk ketiga kalinya Pilatus bertanya kepada mereka, “Mengapa? Kejahatan apa yang telah dilakukan Orang ini? Ia tidak bersalah. Aku tidak menemukan kesalahan apa pun pada-Nya yang layak mendapat hukuman mati. Karena itu, aku akan menghajar-Nya lalu melepaskan-Nya.”","Untuk ketiga kalinya Pilatus berkata kepada mereka, “Kejahatan apa yang telah dilakukan oleh-Nya? Aku tidak menemukan satu kesalahan pun pada-Nya sehingga Ia patut diganjar dengan hukuman mati! Jadi, aku akan menyesah Dia dan kemudian melepaskan-Nya.”",
Lukas,23,23,Lukas 23:23,فَكَانُوا يَلِجُّونَ بِأَصْوَاتٍ عَظِيمَةٍ طَالِبِينَ أَنْ يُصْلَبَ. فَقَوِيَتْ أَصْوَاتُهُمْ وَأَصْوَاتُ رُؤَسَاءِ ٱلْكَهَنَةِ.,"Namun, mereka terus bersikeras dan menuntut dengan suara nyaring supaya Yesus disalibkan. Dan, suara mereka pun menang.","Tetapi, orang banyak itu semakin keras berteriak menuntut supaya Isa disalibkan. Akhirnya teriakan merekalah yang menang.",
Lukas,23,24,Lukas 23:24,فَحَكَمَ بِيلَاطُسُ أَنْ تَكُونَ طِلْبَتُهُمْ.,"Akhirnya, Pilatus memutuskan untuk memenuhi tuntutan mereka.",Pilatus pun memutuskan untuk mengabulkan permintaan mereka.,
Lukas,23,25,Lukas 23:25,فَأَطْلَقَ لَهُمُ ٱلَّذِي طُرِحَ فِي ٱلسِّجْنِ لِأَجْلِ فِتْنَةٍ وَقَتْلٍ، ٱلَّذِي طَلَبُوهُ، وَأَسْلَمَ يَسُوعَ لِمَشِيئَتِهِمْ.,"Ia membebaskan orang yang diminta oleh orang banyak, yang dipenjara karena melakukan pemberontakan dan pembunuhan. Akan tetapi, menyerahkan Yesus kepada keinginan mereka.","Ia membebaskan orang yang dipenjarakan karena membuat huru-hara dan melakukan pembunuhan itu, lalu Isa diserahkannya sesuai dengan tuntutan mereka.",
Lukas,23,26,Lukas 23:26,وَلَمَّا مَضَوْا بِهِ أَمْسَكُوا سِمْعَانَ، رَجُلًا قَيْرَوَانِيًّا كَانَ آتِيًا مِنَ ٱلْحَقْلِ، وَوَضَعُوا عَلَيْهِ ٱلصَّلِيبَ لِيَحْمِلَهُ خَلْفَ يَسُوعَ.,"Ketika para tentara membawa Yesus pergi, mereka juga menahan seseorang, yaitu Simon dari Kirene yang baru datang dari desa. Para tentara meletakkan salib Yesus di pundaknya dan menyuruhnya memikul salib itu di belakang Yesus.","Ketika mereka membawa Isa pergi untuk disalibkan, mereka menangkap Simon, orang Kirene, yang baru datang dari desa. Kemudian, mereka memaksa Simon untuk memikul kayu salib itu dan berjalan di belakang Isa.",
Lukas,23,27,Lukas 23:27,وَتَبِعَهُ جُمْهُورٌ كَثِيرٌ مِنَ ٱلشَّعْبِ، وَٱلنِّسَاءِ ٱللَّوَاتِي كُنَّ يَلْطِمْنَ أَيْضًا وَيَنُحْنَ عَلَيْهِ.,"Banyak orang yang mengikuti Yesus, dan di antara mereka ada perempuan-perempuan yang menangisi dan meratapi Dia.","Banyak sekali orang mengikuti Isa, termasuk beberapa perempuan. Perempuan-perempuan itu menangisi dan meratapi Dia.",
Lukas,23,28,Lukas 23:28,فَٱلْتَفَتَ إِلَيْهِنَّ يَسُوعُ وَقَالَ: «يَا بَنَاتِ أُورُشَلِيمَ، لَا تَبْكِينَ عَلَيَّ بَلِ ٱبْكِينَ عَلَى أَنْفُسِكُنَّ وَعَلَى أَوْلَادِكُنَّ،,"Akan tetapi, Yesus menoleh kepada mereka dan berkata, “Hai putri-putri Yerusalem, jangan kamu menangisi Aku. Tangisilah dirimu sendiri dan anak-anakmu.","Isa menoleh dan bersabda kepada mereka, “Hai putri-putri Yerusalem, jangan tangisi Aku. Tangisilah dirimu sendiri dan anak-anakmu.",
Lukas,23,29,Lukas 23:29,لِأَنَّهُ هُوَذَا أَيَّامٌ تَأْتِي يَقُولُونَ فِيهَا: طُوبَى لِلْعَوَاقِرِ وَٱلْبُطُونِ ٱلَّتِي لَمْ تَلِدْ وَٱلثُّدِيِّ ٱلَّتِي لَمْ تُرْضِعْ!,"Akan tiba waktunya ketika orang-orang akan berkata, ‘Berbahagialah perempuan-perempuan yang mandul, dan yang rahimnya tidak pernah melahirkan anak, dan yang payudaranya tidak pernah menyusui.’","Karena akan tiba harinya orang akan berkata, ‘Berbahagialah perempuan yang mandul, dan rahim yang tidak pernah mengandung serta buah dada yang tidak pernah menyusui anak!’",
Lukas,23,30,Lukas 23:30,حِينَئِذٍ يَبْتَدِئُونَ يَقُولُونَ لِلْجِبَالِ: ٱسْقُطِي عَلَيْنَا! وَلِلْآكَامِ: غَطِّينَا!,"Pada saat itu, mereka akan berkata kepada gunung-gunung, ‘Runtuhlah ke atas kami!’ dan kepada bukit-bukit, ‘Timbunlah kami! ’","Pada waktu itu, orang akan mulai berkata kepada gunung-gunung, ‘Runtuhlah menimpa kami,’ dan kepada bukit-bukit, ‘Timbunilah kami!’",
Lukas,23,31,Lukas 23:31,لِأَنَّهُ إِنْ كَانُوا بِٱلْعُودِ ٱلرَّطْبِ يَفْعَلُونَ هَذَا، فَمَاذَا يَكُونُ بِٱلْيَابِسِ؟».,"Sebab, apabila mereka melakukan hal-hal ini ketika pohon masih hidup, apa yang akan terjadi ketika pohon itu kering?”","Karena kalau terhadap kayu yang hidup mereka melakukan hal yang demikian, apalagi terhadap kayu yang sudah kering!”",
Lukas,23,32,Lukas 23:32,وَجَاءُوا أَيْضًا بِٱثْنَيْنِ آخَرَيْنِ مُذْنِبَيْنِ لِيُقْتَلَا مَعَهُ.,Ada juga dua orang penjahat yang dibawa untuk dihukum mati bersama-sama dengan Yesus.,Mereka juga membawa dua orang penjahat untuk dihukum mati bersama-sama dengan Isa.,
Lukas,23,33,Lukas 23:33,وَلَمَّا مَضَوْا بِهِ إِلَى ٱلْمَوْضِعِ ٱلَّذِي يُدْعَى «جُمْجُمَةَ» صَلَبُوهُ هُنَاكَ مَعَ ٱلْمُذْنِبَيْنِ، وَاحِدًا عَنْ يَمِينِهِ وَٱلْآخَرَ عَنْ يَسَارِهِ.,"Ketika mereka sampai di sebuah tempat yang bernama “Tengkorak,” para tentara menyalibkan Yesus bersama kedua penjahat itu, seorang di sebelah kanan-Nya dan seorang lagi di sebelah kiri-Nya.","Setelah sampai di tempat yang bernama Tengkorak, mereka menyalibkan Isa di sana bersama kedua penjahat, seorang di sebelah kanan-Nya dan seorang lagi di sebelah kiri-Nya.",
Lukas,23,34,Lukas 23:34,فَقَالَ يَسُوعُ: «يَا أَبَتَاهُ، ٱغْفِرْ لَهُمْ، لِأَنَّهُمْ لَا يَعْلَمُونَ مَاذَا يَفْعَلُونَ». وَإِذِ ٱقْتَسَمُوا ثِيَابَهُ ٱقْتَرَعُوا عَلَيْهَا.,"Kemudian Yesus berkata, “Ya Bapa, ampunilah mereka, karena mereka tidak tahu apa yang mereka lakukan .” Lalu, para tentara melempar undi untuk membagi-bagi pakaian-Nya di antara mereka.","Kemudian, Isa bersabda, “Ya Bapa, ampunilah mereka karena mereka tidak tahu apa yang mereka lakukan.” Lalu, mereka membagi-bagi pakaian-Nya dengan cara melempar undi.",
Lukas,23,35,Lukas 23:35,وَكَانَ ٱلشَّعْبُ وَاقِفِينَ يَنْظُرُونَ، وَٱلرُّؤَسَاءُ أَيْضًا مَعَهُمْ يَسْخَرُونَ بِهِ قَائِلِينَ: «خَلَّصَ آخَرِينَ، فَلْيُخَلِّصْ نَفْسَهُ إِنْ كَانَ هُوَ ٱلْمَسِيحَ مُخْتَارَ ٱللهِ!».,"Orang banyak yang berdiri di sana menyaksikan semuanya, tetapi para pemimpin Yahudi mengejek Yesus sambil tertawa mengejek. Mereka berkata, “Ia menyelamatkan orang lain, jadi biarlah Ia menyelamatkan diri-Nya sendiri jika Ia adalah Kristus, Yang Dipilih oleh Allah!”","Orang banyak berdiri di situ dan melihat semuanya. Para pemimpin bangsa mengolok-olok Dia. Mereka berkata, “Orang lain Ia selamatkan, sekarang biarlah Ia menyelamatkan diri-Nya sendiri. Bukankah Ia Al-Masih, yang dipilih oleh Allah?”",
Lukas,23,36,Lukas 23:36,وَٱلْجُنْدُ أَيْضًا ٱسْتَهْزَأُوا بِهِ وَهُمْ يَأْتُونَ وَيُقَدِّمُونَ لَهُ خَلًّا،,"Para tentara juga mengejek Dia, lalu mereka datang dan menawarkan anggur asam kepada-Nya,",Prajurit-prajurit yang ada di situ juga mengolok-olok Dia. Mereka datang kepada-Nya membawa anggur asam,
Lukas,23,37,Lukas 23:37,قَائِلِينَ: «إِنْ كُنْتَ أَنْتَ مَلِكَ ٱلْيَهُودِ فَخَلِّصْ نَفْسَكَ!».,"dan berkata, “Jika Engkau Raja orang Yahudi, selamatkanlah diri-Mu sendiri!”","dan berkata, “Engkau raja bani Israil, bukan? Jadi, selamatkanlah diri-Mu!”",
Lukas,23,38,Lukas 23:38,وَكَانَ عُنْوَانٌ مَكْتُوبٌ فَوْقَهُ بِأَحْرُفٍ يُونَانِيَّةٍ وَرُومَانِيَّةٍ وَعِبْرَانِيَّةٍ: «هَذَا هُوَ مَلِكُ ٱلْيَهُودِ».,"Dan, ada juga suatu tulisan di atas-Nya: “INILAH RAJA ORANG YAHUDI.”","Pada bagian atas salib itu, yaitu di atas kepala Isa, dilekatkan tulisan: “Inilah Raja bani Israil.”",
Lukas,23,39,Lukas 23:39,وَكَانَ وَاحِدٌ مِنَ ٱلْمُذْنِبَيْنِ ٱلْمُعَلَّقَيْنِ يُجَدِّفُ عَلَيْهِ قَائِلًا: «إِنْ كُنْتَ أَنْتَ ٱلْمَسِيحَ، فَخَلِّصْ نَفْسَكَ وَإِيَّانَا!».,"Salah satu dari penjahat yang tergantung di sana menghina Yesus, katanya, “Bukankah Engkau Kristus? Selamatkanlah diri-Mu dan kami!”","Salah seorang dari kedua penjahat yang juga disalibkan di situ menghina Dia, katanya, “Engkau Al-Masih, bukan? Selamatkanlah diri-Mu sendiri dan kami juga!”",
Lukas,23,40,Lukas 23:40,فَأجَابَ ٱلْآخَرُ وَٱنْتَهَرَهُ قَائِلًا: «أَوَلَا أَنْتَ تَخَافُ ٱللهَ، إِذْ أَنْتَ تَحْتَ هَذَا ٱلْحُكْمِ بِعَيْنِهِ؟,"Akan tetapi, penjahat yang lainnya menegurnya dan berkata, “Tidakkah kamu takut kepada Allah karena kamu juga menerima hukuman yang sama?","Tetapi, penjahat lainnya menegur dia, katanya, “Tidakkah engkau takut kepada Allah karena engkau pun dihukum mati sama seperti Dia?",
Lukas,23,41,Lukas 23:41,أَمَّا نَحْنُ فَبِعَدْلٍ، لِأَنَّنَا نَنَالُ ٱسْتِحْقَاقَ مَا فَعَلْنَا، وَأَمَّا هَذَا فَلَمْ يَفْعَلْ شَيْئًا لَيْسَ فِي مَحَلِّهِ».,"Kita memang sudah seharusnya menerima setimpal dengan apa yang sudah kita perbuat, tetapi Orang ini tidak melakukan kesalahan apa pun.”","Kita ini memang patut dihukum sebab kita mendapat balasan yang sepadan dengan perbuatan kita, tetapi orang ini tidak melakukan sesuatu pun yang salah.”",
Lukas,23,42,Lukas 23:42,ثُمَّ قَالَ لِيَسُوعَ: «ٱذْكُرْنِي يَارَبُّ مَتَى جِئْتَ فِي مَلَكُوتِكَ».,"Lalu, ia berkata kepada Yesus, “Ya Yesus, ingatlah aku ketika Engkau masuk ke dalam kerajaan-Mu.”","Lalu, ia berkata, “Ya Isa, ingatlah kepadaku apabila Engkau masuk ke dalam kerajaan-Mu.”",
Lukas,23,43,Lukas 23:43,فَقَالَ لَهُ يَسُوعُ: «ٱلْحَقَّ أَقُولُ لَكَ: إِنَّكَ ٱلْيَوْمَ تَكُونُ مَعِي فِي ٱلْفِرْدَوْسِ».,"Kemudian, Yesus berkata kepadanya, “Aku mengatakan yang sesungguhnya kepadamu, hari ini juga, kamu akan bersama Aku di dalam Firdaus.”","Sabda Isa, “Aku berkata kepadamu, hari ini juga engkau akan bersama Aku di dalam Firdaus.”",
Lukas,23,44,Lukas 23:44,وَكَانَ نَحْوُ ٱلسَّاعَةِ ٱلسَّادِسَةِ، فَكَانَتْ ظُلْمَةٌ عَلَى ٱلْأَرْضِ كُلِّهَا إِلَى ٱلسَّاعَةِ ٱلتَّاسِعَةِ.,"Waktu itu sekitar pukul 12 siang, kegelapan menutupi seluruh daerah itu sampai pukul 3 sore","Pada waktu itu, kira-kira pukul dua belas siang, seluruh wilayah itu menjadi gelap sampai pukul tiga sore",
Lukas,23,45,Lukas 23:45,وَأَظْلَمَتِ ٱلشَّمْسُ، وَٱنْشَقَّ حِجَابُ ٱلْهَيْكَلِ مِنْ وَسْطِهِ.,karena matahari menjadi gelap. Tirai dalam Bait Allah robek menjadi 2 bagian.,sebab matahari tidak bersinar. Tirai di dalam Bait Allah sobek di tengah-tengah hingga terbagi dua.,
Lukas,23,46,Lukas 23:46,وَنَادَى يَسُوعُ بِصَوْتٍ عَظِيمٍ وَقَالَ: «يَا أَبَتَاهُ، فِي يَدَيْكَ أَسْتَوْدِعُ رُوحِي». وَلَمَّا قَالَ هَذَا أَسْلَمَ ٱلرُّوحَ.,"Lalu, Yesus berseru dengan suara keras, “Ya Bapa, ke dalam tangan-Mu Kuserahkan nyawa-Ku.” Sesudah mengatakan itu, Yesus mengembuskan napas-Nya yang terakhir .","Kemudian, dengan suara nyaring Isa berseru, “Ya Bapa, ke dalam tangan-Mu Kuserahkan nyawa-Ku.” Sesudah bersabda demikian, Ia menghembuskan nafas terakhir.",
Lukas,23,47,Lukas 23:47,فَلَمَّا رَأَى قَائِدُ ٱلْمِئَةِ مَا كَانَ، مَجَّدَ ٱللهَ قَائِلًا: «بِٱلْحَقِيقَةِ كَانَ هَذَا ٱلْإِنْسَانُ بَارًّا!».,"Ketika kepala pasukan melihat apa yang telah terjadi, ia memuliakan Allah dan berkata, “Sungguh, Orang ini tidak bersalah!”","Ketika kepala pasukan yang ada di situ melihat apa yang terjadi, ia memuliakan Allah, katanya, “Sungguh, orang ini adalah orang benar.”",
Lukas,23,48,Lukas 23:48,وَكُلُّ ٱلْجُمُوعِ ٱلَّذِينَ كَانُوا مُجْتَمِعِينَ لِهَذَا ٱلْمَنْظَرِ، لَمَّا أَبْصَرُوا مَا كَانَ، رَجَعُوا وَهُمْ يَقْرَعُونَ صُدُورَهُمْ.,"Ketika orang banyak yang datang bersama-sama untuk melihat peristiwa itu menyaksikan apa yang terjadi, mereka pulang sambil memukul-mukul dada mereka.","Orang banyak yang berkerumun di situ untuk menonton, melihat semua yang terjadi. Maka, mereka pulang dengan memukul-mukul dada.",
Lukas,23,49,Lukas 23:49,وَكَانَ جَمِيعُ مَعَارِفِهِ، وَنِسَاءٌ كُنَّ قَدْ تَبِعْنَهُ مِنَ ٱلْجَلِيلِ، وَاقِفِينَ مِنْ بَعِيدٍ يَنْظُرُونَ ذَلِكَ.,Semua yang mengenal Yesus dan beberapa perempuan yang telah mengikuti-Nya dari Galilea berdiri jauh-jauh dan menyaksikan hal-hal ini.,"Semua yang mengenal Isa, termasuk perempuan-perempuan yang mengikuti-Nya dari Galilea, berdiri dari jauh menyaksikan semuanya.",
Lukas,23,50,Lukas 23:50,وَإِذَا رَجُلٌ ٱسْمُهُ يُوسُفُ، وَكَانَ مُشِيرًا وَرَجُلًا صَالِحًا بَارًّا.,"Ada seorang laki-laki bernama Yusuf, anggota Dewan Penasihat , seorang yang baik dan benar.","Ada seorang laki-laki bernama Yusuf, anggota Majelis Besar. Ia adalah seorang yang baik dan benar,",
Lukas,23,51,Lukas 23:51,هَذَا لَمْ يَكُنْ مُوافِقًا لِرَأْيِهِمْ وَعَمَلِهِمْ، وَهُوَ مِنَ ٱلرَّامَةِ مَدِينَةٍ لِلْيَهُودِ. وَكَانَ هُوَ أَيْضًا يَنْتَظِرُ مَلَكُوتَ ٱللهِ.,"(Ia sendiri tidak menyetujui keputusan dan tindakan mereka). Yusuf berasal dari Kota Arimatea, sebuah kota orang Yahudi. Ia juga seorang yang menanti-nantikan Kerajaan Allah.",serta yang menanti-nantikan Kerajaan Allah. Ia berasal dari Kota Arimatea di wilayah Yudea. Yusuf ini tidak setuju dengan keputusan dan tindakan Mahkamah Agama itu.,
Lukas,23,52,Lukas 23:52,هَذَا تَقَدَّمَ إِلَى بِيلَاطُسَ وَطَلَبَ جَسَدَ يَسُوعَ،,Ia pergi kepada Pilatus dan meminta mayat Yesus.,Ia pergi kepada Pilatus untuk meminta jenazah Isa.,
Lukas,23,53,Lukas 23:53,وَأَنْزَلَهُ، وَلَفَّهُ بِكَتَّانٍ، وَوَضَعَهُ فِي قَبْرٍ مَنْحُوتٍ حَيْثُ لَمْ يَكُنْ أَحَدٌ وُضِعَ قَطُّ.,"Lalu, ia pun menurunkan mayat Yesus dari kayu salib dan membungkusnya dengan kain linen. Setelah itu, ia membaringkan-Nya dalam sebuah kubur yang dipahat pada bukit batu. Di sana, belum pernah ada seorang pun yang dibaringkan.","Setelah jenazah Isa diturunkan, ia mengafaninya dengan kain lenan, lalu membaringkan jenazah itu dalam makam yang digali pada bukit batu dan yang belum pernah digunakan.",
Lukas,23,54,Lukas 23:54,وَكَانَ يَوْمُ ٱلِٱسْتِعْدَادِ وَٱلسَّبْتُ يَلُوحُ.,"Hari itu adalah Hari Persiapan, dan hari Sabat akan segera dimulai.",Hari itu adalah hari persiapan karena hari Sabat akan segera dimulai.,
Lukas,23,55,Lukas 23:55,وَتَبِعَتْهُ نِسَاءٌ كُنَّ قَدْ أَتَيْنَ مَعَهُ مِنَ ٱلْجَلِيلِ، وَنَظَرْنَ ٱلْقَبْرَ وَكَيْفَ وُضِعَ جَسَدُهُ.,Perempuan-perempuan yang datang bersama Yesus dari Galilea mengikuti Yusuf. Mereka melihat kubur itu dan bagaimana mayat Yesus dibaringkan di dalamnya.,"Perempuan-perempuan yang datang bersama-sama dengan Isa dari Galilea, mengikuti Yusuf dan melihat makam itu. Mereka juga melihat bagaimana jenazah Isa diletakkan di situ.",
Lukas,23,56,Lukas 23:56,فَرَجَعْنَ وَأَعْدَدْنَ حَنُوطًا وَأَطْيَابًا. وَفِي ٱلسَّبْتِ ٱسْتَرَحْنَ حَسَبَ ٱلْوَصِيَّةِ.,"Setelah itu, mereka pulang dan mempersiapkan rempah-rempah serta minyak untuk mengolesi mayat Yesus. Pada hari Sabat mereka beristirahat sesuai dengan hukum Taurat Musa.","Kemudian, mereka pulang, lalu menyiapkan rempah-rempah wangi dan minyak mur.",
Lukas,24,1,Lukas 24:1,ثُمَّ فِي أَوَّلِ ٱلْأُسْبُوعِ، أَوَّلَ ٱلْفَجْرِ، أَتَيْنَ إِلَى ٱلْقَبْرِ حَامِلَاتٍ ٱلْحَنُوطَ ٱلَّذِي أَعْدَدْنَهُ، وَمَعَهُنَّ أُنَاسٌ.,"Pada hari pertama minggu itu, ketika hari masih sangat pagi, perempuan-perempuan itu pergi ke kubur Yesus sambil membawa rempah-rempah yang telah mereka persiapkan.","(23-56b) Pada hari Sabat, perempuan-perempuan itu beristirahat untuk menaati hukum Allah. (24-1) Pagi-pagi benar pada hari pertama minggu itu, mereka pergi ke makam membawa rempah-rempah wangi yang sudah disiapkan.",
Lukas,24,2,Lukas 24:2,فَوَجَدْنَ ٱلْحَجَرَ مُدَحْرَجًا عَنِ ٱلْقَبْرِ،,"Dan, mereka mendapati batu besar sudah terguling dari kubur.","Lalu, mereka mendapati batu penutup makam itu sudah terguling.",
Lukas,24,3,Lukas 24:3,فَدَخَلْنَ وَلَمْ يَجِدْنَ جَسَدَ ٱلرَّبِّ يَسُوعَ.,"Akan tetapi, saat mereka masuk, mereka tidak menemukan mayat Tuhan Yesus.","Setelah mereka masuk, mereka tidak menemukan jenazah Isa, Junjungan Yang Ilahi.",
Lukas,24,4,Lukas 24:4,وَفِيمَا هُنَّ مُحْتَارَاتٌ فِي ذَلِكَ، إِذَا رَجُلَانِ وَقَفَا بِهِنَّ بِثِيَابٍ بَرَّاقَةٍ.,"Ketika mereka masih terheran-heran karena hal itu, tiba-tiba ada dua orang yang memakai pakaian berkilau-kilauan berdiri di samping mereka.","Sementara perempuan-perempuan itu masih kebingungan karena hal itu, tiba-tiba ada dua orang yang berpakaian berkilau-kilau berdiri di dekat mereka.",
Lukas,24,5,Lukas 24:5,وَإِذْ كُنَّ خَائِفَاتٍ وَمُنَكِّسَاتٍ وُجُوهَهُنَّ إِلَى ٱلْأَرْضِ، قَالَا لَهُنَّ: «لِمَاذَا تَطْلُبْنَ ٱلْحَيَّ بَيْنَ ٱلْأَمْوَاتِ؟,"Perempuan-perempuan itu sangat ketakutan dan menundukkan wajah mereka sampai ke tanah, tetapi kedua orang itu berkata, “Mengapa kamu mencari orang yang hidup di antara orang-orang mati?","Mereka takut sekali sehingga mereka menundukkan kepala. Kedua orang itu lalu berkata kepada mereka, “Mengapa kamu mencari orang yang hidup di tempat orang mati?",
Lukas,24,6,Lukas 24:6,لَيْسَ هُوَ هَهُنَا، لَكِنَّهُ قَامَ! اُذْكُرْنَ كَيْفَ كَلَّمَكُنَّ وَهُوَ بَعْدُ فِي ٱلْجَلِيلِ,"Dia tidak ada di sini, Dia sudah bangkit. Ingatlah tentang apa yang telah dikatakan-Nya kepadamu ketika Dia masih di Galilea.","Ia tidak ada di sini, tetapi sudah bangkit! Ingatlah akan apa yang telah disabdakan-Nya kepadamu ketika Ia masih di Galilea,",
Lukas,24,7,Lukas 24:7,قَائِلًا: إِنَّهُ يَنْبَغِي أَنْ يُسَلَّمَ ٱبْنُ ٱلْإِنْسَانِ فِي أَيْدِي أُنَاسٍ خُطَاةٍ، وَيُصْلَبَ، وَفِي ٱلْيَوْمِ ٱلثَّالِثِ يَقُومُ».,"Dia berkata bahwa Anak Manusia harus diserahkan ke tangan orang-orang berdosa, disalibkan, dan akan bangkit kembali pada hari ketiga.”","yaitu saat Ia bersabda bahwa Anak Manusia harus diserahkan ke tangan orang-orang berdosa, disalibkan, dan akan bangkit pada hari yang ketiga.”",
Lukas,24,8,Lukas 24:8,فَتَذَكَّرْنَ كَلَامَهُ،,"Maka, perempuan-perempuan itu teringat akan perkataan Yesus.",Mereka pun teringat akan apa yang telah disabdakan oleh Isa.,
Lukas,24,9,Lukas 24:9,وَرَجَعْنَ مِنَ ٱلْقَبْرِ، وَأَخْبَرْنَ ٱلْأَحَدَ عَشَرَ وَجَمِيعَ ٱلْبَاقِينَ بِهَذَا كُلِّهِ.,"Setelah mereka kembali dari kubur Yesus, mereka menceritakan seluruh peristiwa itu kepada kesebelas rasul serta para pengikut Yesus yang lainnya.","Kemudian, mereka meninggalkan makam itu dan pergi untuk memberitahukan semuanya kepada kesebelas pengikut Isa dan kepada yang lainnya juga.",
Lukas,24,10,Lukas 24:10,وَكَانَتْ مَرْيَمُ ٱلْمَجْدَلِيَّةُ وَيُوَنَّا وَمَرْيَمُ أُمُّ يَعْقُوبَ وَٱلْبَاقِيَاتُ مَعَهُنَّ، ٱللَّوَاتِي قُلْنَ هَذَا لِلرُّسُلِ.,"Perempuan-perempuan yang menceritakan hal itu kepada para rasul adalah Maria Magdalena, Yohana, Maria ibu Yakobus, dan beberapa perempuan lain.","Perempuan-perempuan itu ialah Maryam dari Magdala, Yohanah, dan Maryam, ibu Yakub. Mereka dan perempuan-perempuan lain yang bersama-sama dengan mereka memberitahukan hal itu kepada para rasul.",
Lukas,24,11,Lukas 24:11,فَتَرَاءَى كَلَامُهُنَّ لَهُمْ كَٱلْهَذَيَانِ وَلَمْ يُصَدِّقُوهُنَّ.,"Akan tetapi, perkataan perempuan-perempuan itu dianggap omong kosong oleh para rasul dan mereka tidak percaya kepada perempuan-perempuan itu.","Tetapi, rasul-rasul itu menganggap berita itu omong kosong belaka. Mereka tidak percaya kepada perempuan-perempuan itu.",
Lukas,24,12,Lukas 24:12,فَقَامَ بُطْرُسُ وَرَكَضَ إِلَى ٱلْقَبْرِ، فَٱنْحَنَى وَنَظَرَ ٱلْأَكْفَانَ مَوْضُوعَةً وَحْدَهَا، فَمَضَى مُتَعَجِّبًا فِي نَفْسِهِ مِمَّا كَانَ.,"Akan tetapi, Petrus berdiri dan berlari ke kubur Yesus. Ia membungkuk dan melihat ke dalam, tetapi ia hanya menemukan kain linen pembungkus mayat. Setelah itu, Petrus pulang dengan sangat heran atas apa yang telah terjadi.","Meskipun begitu, Petrus bangkit juga dan berlari ke makam. Ketika ia menjenguk ke dalam makam, ia melihat hanya ada kain kafan di situ. Jadi, ia pulang dan merasa heran akan semua yang terjadi.",
Lukas,24,13,Lukas 24:13,وَإِذَا ٱثْنَانِ مِنْهُمْ كَانَا مُنْطَلِقَيْنِ فِي ذَلِكَ ٱلْيَوْمِ إِلَى قَرْيَةٍ بَعِيدَةٍ عَنْ أُورُشَلِيمَ سِتِّينَ غَلْوَةً، ٱسْمُهَا «عِمْوَاسُ».,"Pada hari itu juga, dua orang pengikut Yesus berangkat ke sebuah desa bernama Emaus yang jaraknya kira-kira 60 stadia dari Kota Yerusalem.","Pada hari itu juga, dua orang dari antara para pengikut Isa sedang dalam perjalanan menuju sebuah kampung bernama Emaus, yang letaknya sekitar sebelas kilometer dari Yerusalem.",
Lukas,24,14,Lukas 24:14,وَكَانَا يَتَكَلَّمَانِ بَعْضُهُمَا مَعَ بَعْضٍ عَنْ جَمِيعِ هَذِهِ ٱلْحَوَادِثِ.,Kedua orang itu membicarakan tentang segala peristiwa yang terjadi.,Sambil berjalan mereka bercakap-cakap tentang semua yang telah terjadi.,
Lukas,24,15,Lukas 24:15,وَفِيمَا هُمَا يَتَكَلَّمَانِ وَيَتَحَاوَرَانِ، ٱقْتَرَبَ إِلَيْهِمَا يَسُوعُ نَفْسُهُ وَكَانَ يَمْشِي مَعَهُمَا.,"Ketika mereka sedang bercakap-cakap dan bertukar pikiran, Yesus sendiri datang mendekat serta berjalan bersama-sama mereka.","Sementara mereka berbicara dan bertukar pikiran mengenai hal-hal itu, Isa sendiri datang mendekati mereka dan berjalan bersama mereka.",
Lukas,24,16,Lukas 24:16,وَلَكِنْ أُمْسِكَتْ أَعْيُنُهُمَا عَنْ مَعْرِفَتِهِ.,"Akan tetapi, mata mereka terhalang sehingga mereka tidak dapat mengenali Dia.","Meskipun demikian, ada sesuatu yang membuat mereka tidak mengenali-Nya.",
Lukas,24,17,Lukas 24:17,فَقَالَ لَهُمَا: «مَا هَذَا ٱلْكَلَامُ ٱلَّذِي تَتَطَارَحَانِ بِهِ وَأَنْتُمَا مَاشِيَانِ عَابِسَيْنِ؟».,"Yesus berkata kepada mereka, “Apa yang kamu berdua bicarakan sambil berjalan?” Kedua orang itu pun berhenti dan wajah mereka tampak sangat sedih.","Isa bersabda kepada mereka, “Apa yang kamu perbincangkan sementara kamu berjalan?” Mereka pun berhenti dengan muka yang sedih.",
Lukas,24,18,Lukas 24:18,فَأَجَابَ أَحَدُهُمَا، ٱلَّذِي ٱسْمُهُ كِلْيُوبَاسُ وَقَالَ لَهُ: «هَلْ أَنْتَ مُتَغَرِّبٌ وَحْدَكَ فِي أُورُشَلِيمَ وَلَمْ تَعْلَمِ ٱلْأُمُورَ ٱلَّتِي حَدَثَتْ فِيهَا فِي هَذِهِ ٱلْأَيَّامِ؟».,"Salah seorang dari mereka yang bernama Kleopas berkata kepada-Nya, “Apakah Engkau satu-satunya orang asing di Yerusalem yang tidak mengetahui tentang apa yang terjadi di sana baru-baru ini?”","Salah seorang dari mereka yang bernama Kleopas menjawab, “Apakah Engkau satu-satunya pendatang di Yerusalem yang tidak mengetahui semua hal yang terjadi beberapa hari terakhir ini di situ?”",
Lukas,24,19,Lukas 24:19,فَقَالَ لَهُمَا: «وَمَا هِيَ؟». فَقَالَا: «ٱلْمُخْتَصَّةُ بِيَسُوعَ ٱلنَّاصِرِيِّ، ٱلَّذِي كَانَ إِنْسَانًا نَبِيًّا مُقْتَدِرًا فِي ٱلْفِعْلِ وَٱلْقَوْلِ أَمَامَ ٱللهِ وَجَمِيعِ ٱلشَّعْبِ.,"Yesus berkata, “Tentang apa?” Mereka pun berkata kepada Dia, “Tentang Yesus dari Nazaret. Dia adalah seorang nabi yang penuh kuasa dalam perkataan serta perbuatan-Nya di hadapan Allah dan di hadapan seluruh bangsa kami.","Sabda Isa, “Hal-hal apakah itu?” Jawab mereka, “Mengenai Isa, orang Nazaret itu. Ia adalah seorang nabi. Perkataan dan perbuatan-Nya penuh kuasa, baik di hadapan Allah maupun di hadapan seluruh bangsa.",
Lukas,24,20,Lukas 24:20,كَيْفَ أَسْلَمَهُ رُؤَسَاءُ ٱلْكَهَنَةِ وَحُكَّامُنَا لِقَضَاءِ ٱلْمَوْتِ وَصَلَبُوهُ.,"Akan tetapi, imam-imam kepala dan para pemimpin kami menyerahkan Dia untuk dihukum mati, dan mereka menyalibkan-Nya.","Imam-imam kepala dan para pemimpin bangsa kita menyerahkan Dia untuk dihukum mati, lalu Ia disalibkan.",
Lukas,24,21,Lukas 24:21,وَنَحْنُ كُنَّا نَرْجُو أَنَّهُ هُوَ ٱلْمُزْمِعُ أَنْ يَفْدِيَ إِسْرَائِيلَ. وَلَكِنْ، مَعَ هَذَا كُلِّهِ، ٱلْيَوْمَ لَهُ ثَلَاثَةُ أَيَّامٍ مُنْذُ حَدَثَ ذَلِكَ.,"Sebenarnya kami berharap bahwa Dialah yang akan membebaskan bangsa Israel. Namun, hari ini adalah hari ketiga sejak semuanya itu terjadi.",Padahal sebelumnya kami berharap bahwa Dia itulah yang akan membebaskan bangsa Israil. Hari ini adalah hari yang ketiga sejak semua itu terjadi.,
Lukas,24,22,Lukas 24:22,بَلْ بَعْضُ ٱلنِّسَاءِ مِنَّا حَيَّرْنَنَا إِذْ كُنَّ بَاكِرًا عِنْدَ ٱلْقَبْرِ،,"Akan tetapi, beberapa perempuan dari antara kami telah mengejutkan kami. Ketika mereka berada di kuburan pagi-pagi sekali,","Akan tetapi, beberapa perempuan di antara kami mengejutkan kami. Pagi-pagi sekali ketika mereka pergi ke makam,",
Lukas,24,23,Lukas 24:23,وَلَمَّا لَمْ يَجِدْنَ جَسَدَهُ أَتَيْنَ قَائِلَاتٍ: إِنَّهُنَّ رَأَيْنَ مَنْظَرَ مَلَائِكَةٍ قَالُوا إِنَّهُ حَيٌّ.,"mereka tidak menemukan jenazah Yesus. Lalu, mereka kembali dan mengatakan bahwa mereka telah melihat penampakan malaikat-malaikat, yang mengatakan bahwa Dia hidup.",mereka tidak melihat jenazah Isa di situ. Mereka kembali dan mengatakan kepada kami bahwa malaikat telah menampakkan diri kepada mereka dan berkata bahwa Isa hidup.,
Lukas,24,24,Lukas 24:24,وَمَضَى قَوْمٌ مِنَ ٱلَّذِينَ مَعَنَا إِلَى ٱلْقَبْرِ، فَوَجَدُوا هَكَذَا كَمَا قَالَتْ أَيْضًا ٱلنِّسَاءُ، وَأَمَّا هُوَ فَلَمْ يَرَوْهُ».,"Kemudian, beberapa dari kami pergi ke kubur dan mendapati pula seperti yang dikatakan oleh perempuan-perempuan itu. Akan tetapi, mereka tidak melihat Yesus.”","Beberapa di antara teman-teman kami pergi ke makam dan mendapati bahwa apa yang dikatakan oleh perempuan-perempuan itu benar. Tetapi, mereka tidak melihat Isa.”",
Lukas,24,25,Lukas 24:25,فَقَالَ لَهُمَا: «أَيُّهَا ٱلْغَبِيَّانِ وَٱلْبَطِيئَا ٱلْقُلُوبِ فِي ٱلْإِيمَانِ بِجَمِيعِ مَا تَكَلَّمَ بِهِ ٱلْأَنْبِيَاءُ!,"Kemudian Yesus berkata kepada mereka, “Oh, betapa bodohnya kamu dan lamban hati untuk memercayai segala sesuatu yang telah dikatakan oleh para nabi.","Lalu, Isa bersabda kepada mereka berdua, “Hai kamu orang yang bodoh! Betapa lambannya kamu mempercayai semua yang sudah dikatakan oleh nabi-nabi!",
Lukas,24,26,Lukas 24:26,أَمَا كَانَ يَنْبَغِي أَنَّ ٱلْمَسِيحَ يَتَأَلَّمُ بِهَذَا وَيَدْخُلُ إِلَى مَجْدِهِ؟».,Bukankah Kristus harus mengalami penderitaan ini dan masuk ke dalam kemuliaan-Nya?”,"Bukankah untuk masuk ke dalam kemuliaan-Nya, Al-Masih harus terlebih dahulu mengalami semua penderitaan itu?”",
Lukas,24,27,Lukas 24:27,ثُمَّ ٱبْتَدَأَ مِنْ مُوسَى وَمِنْ جَمِيعِ ٱلْأَنْبِيَاءِ يُفَسِّرُ لَهُمَا ٱلْأُمُورَ ٱلْمُخْتَصَّةَ بِهِ فِي جَمِيعِ ٱلْكُتُبِ.,"Lalu, Yesus menjelaskan segala sesuatu yang tertulis dalam seluruh Kitab Suci tentang diri-Nya, mulai dari Kitab Musa sampai seluruh kitab para nabi.","Kemudian, Ia menjelaskan kepada mereka, semua yang telah tertulis di dalam Kitab Suci mengenai diri-Nya, mulai dari kitab-kitab yang disampaikan melalui Nabi Musa sampai kepada kitab-kitab yang disampaikan melalui nabi-nabi lainnya.",
Lukas,24,28,Lukas 24:28,ثُمَّ ٱقْتَرَبُوا إِلَى ٱلْقَرْيَةِ ٱلَّتِي كَانَا مُنْطَلِقَيْنِ إِلَيْهَا، وَهُوَ تَظَاهَرَ كَأَنَّهُ مُنْطَلِقٌ إِلَى مَكَانٍ أَبْعَدَ.,"Ketika mereka sudah dekat ke desa Emaus, Yesus terus berjalan seakan-akan hendak meneruskan perjalanan-Nya.","Pada waktu mereka bertiga hampir tiba di kampung tujuan mereka, Isa berbuat seolah-olah Ia akan berjalan terus.",
Lukas,24,29,Lukas 24:29,فَأَلْزَمَاهُ قَائِلَيْنِ: «ٱمْكُثْ مَعَنَا، لِأَنَّهُ نَحْوُ ٱلْمَسَاءِ وَقَدْ مَالَ ٱلنَّهَارُ». فَدَخَلَ لِيَمْكُثَ مَعَهُمَا.,"Akan tetapi, mereka menahan Dia dengan berkata, “Tinggallah bersama kami sebab hari sudah hampir malam dan matahari hampir terbenam.” Maka, Yesus masuk untuk tinggal bersama mereka.","Akan tetapi, kedua pengikut Isa itu mencegah Dia. Mereka berkata, “Tinggallah di sini dengan kami. Sebentar lagi malam dan hari sudah mulai gelap.” Maka, Isa pun masuk dan hendak bermalam di situ dengan mereka.",
Lukas,24,30,Lukas 24:30,فَلَمَّا ٱتَّكَأَ مَعَهُمَا، أَخَذَ خُبْزًا وَبَارَكَ وَكَسَّرَ وَنَاوَلَهُمَا،,"Ketika Ia bergabung bersama mereka di meja makan, Yesus mengambil roti dan memberkatinya. Dia memecah-mecahkannya, lalu memberikannya kepada mereka.","Ketika Ia duduk makan dengan mereka, Ia mengambil roti, lalu mengucap syukur atasnya. Kemudian, roti itu dipecah-pecahkan-Nya dan diberikan kepada mereka.",
Lukas,24,31,Lukas 24:31,فَٱنْفَتَحَتْ أَعْيُنُهُمَا وَعَرَفَاهُ ثُمَّ ٱخْتَفَى عَنْهُمَا،,"Saat itu, mata mereka terbuka dan mereka mengenali Yesus. Namun, tiba-tiba Yesus menghilang dari pandangan mereka.","Pada waktu itu, mata mereka terbuka sepenuhnya sehingga mereka mengenal bahwa Dialah Isa. Tetapi, pada saat itu juga lenyaplah Ia dari pandangan mereka.",
Lukas,24,32,Lukas 24:32,فَقَالَ بَعْضُهُمَا لِبَعْضٍ: «أَلَمْ يَكُنْ قَلْبُنَا مُلْتَهِبًا فِينَا إِذْ كَانَ يُكَلِّمُنَا فِي ٱلطَّرِيقِ وَيُوضِحُ لَنَا ٱلْكُتُبَ؟».,"Setelah itu, berkatalah mereka satu sama lain, “Bukankah hati kita berkobar-kobar ketika Dia berbicara dengan kita selama perjalanan dan ketika Dia menjelaskan Kitab Suci kepada kita?”","Mereka berkata satu sama lain, “Bukankah hati kita berkobar-kobar di tengah jalan sementara Ia berbicara dengan kita dan menerangkan isi Kitab Suci kepada kita?”",
Lukas,24,33,Lukas 24:33,فَقَامَا فِي تِلْكَ ٱلسَّاعَةِ وَرَجَعَا إِلَى أُورُشَلِيمَ، وَوَجَدَا ٱلْأَحَدَ عَشَرَ مُجْتَمِعِينَ، هُمْ وَٱلَّذِينَ مَعَهُمْ,"Pada saat itu juga, mereka berdiri dan kembali ke Yerusalem. Mereka menjumpai kesebelas murid dan orang-orang yang bersama mereka sedang berkumpul bersama-sama.","Saat itu juga mereka bangkit berdiri, lalu kembali ke Yerusalem. Di sana mereka mendapati kesebelas pengikut Isa sedang berkumpul bersama yang lainnya.",
Lukas,24,34,Lukas 24:34,وَهُمْ يَقُولُونَ: «إِنَّ ٱلرَّبَّ قَامَ بِٱلْحَقِيقَةِ وَظَهَرَ لِسِمْعَانَ!».,"Murid-murid itu berkata, “Tuhan benar-benar sudah bangkit dan menampakkan diri kepada Simon!”","Mereka yang di Yerusalem itu berkata kepada keduanya, “Sungguh, Junjungan kita Yang Ilahi sudah bangkit! Ia sudah menampakkan diri-Nya kepada Simon!”",
Lukas,24,35,Lukas 24:35,وَأَمَّا هُمَا فَكَانَا يُخْبِرَانِ بِمَا حَدَثَ فِي ٱلطَّرِيقِ، وَكَيْفَ عَرَفَاهُ عِنْدَ كَسْرِ ٱلْخُبْزِ.,Kedua pengikut itu juga menceritakan apa yang telah terjadi dalam perjalanan mereka. Mereka menceritakan bagaimana mereka mengenali Yesus ketika Dia memecahkan roti.,"Lalu, keduanya menceritakan juga kepada mereka semua apa yang terjadi di tengah jalan dan bagaimana mereka mengenali Isa ketika Ia memecah-mecahkan roti dengan tangan-Nya.",
Lukas,24,36,Lukas 24:36,وَفِيمَا هُمْ يَتَكَلَّمُونَ بِهَذَا وَقَفَ يَسُوعُ نَفْسُهُ فِي وَسْطِهِمْ، وَقَالَ لَهُمْ: «سَلَامٌ لَكُمْ!».,"Ketika kedua orang itu masih menceritakan peristiwa ini, Yesus berdiri di tengah-tengah mereka dan berkata kepada mereka, “Damai besertamu.”","Sementara mereka masih berbicara mengenai hal itu, tiba-tiba Isa berdiri di tengah-tengah mereka dan bersabda kepada mereka, “Damai bagimu!”",
Lukas,24,37,Lukas 24:37,فَجَزِعُوا وَخَافُوا، وَظَنُّوا أَنَّهُمْ نَظَرُوا رُوحًا.,"Akan tetapi, mereka terkejut dan ketakutan, menyangka bahwa mereka sedang melihat hantu.",Mereka terkejut dan takut sebab mereka menyangka bahwa mereka sedang melihat hantu.,
Lukas,24,38,Lukas 24:38,فَقَالَ لَهُمْ: «مَا بَالُكُمْ مُضْطَرِبِينَ، وَلِمَاذَا تَخْطُرُ أَفْكَارٌ فِي قُلُوبِكُمْ؟,"Kemudian, Yesus berkata kepada mereka, “Mengapa kamu terkejut dan mengapa ada keraguan muncul di hatimu?","Sabda Isa kepada mereka, “Mengapa kamu terkejut? Mengapa timbul keragu-raguan di dalam hatimu?",
Lukas,24,39,Lukas 24:39,اُنْظُرُوا يَدَيَّ وَرِجْلَيَّ: إِنِّي أَنَا هُوَ! جُسُّونِي وَٱنْظُرُوا، فَإِنَّ ٱلرُّوحَ لَيْسَ لَهُ لَحْمٌ وَعِظَامٌ كَمَا تَرَوْنَ لِي».,"Lihatlah tangan-Ku dan kaki-Ku. Ini benar-benar Aku. Sentuhlah Aku dan lihatlah, hantu tidak memiliki daging dan tulang seperti yang kamu lihat pada-Ku.”","Lihatlah tangan-Ku dan lihatlah kaki-Ku. Aku sendirilah ini! Sentuhlah Aku dan lihatlah sebab hantu tidak berdaging dan tidak bertulang, seperti yang kamu lihat ada pada-Ku.”",
Lukas,24,40,Lukas 24:40,وَحِينَ قَالَ هَذَا أَرَاهُمْ يَدَيْهِ وَرِجْلَيْهِ.,"Setelah Yesus mengatakan ini, Dia menunjukkan tangan dan kaki-Nya kepada mereka.","Setelah bersabda demikian, Isa menunjukkan tangan-Nya dan kaki-Nya kepada mereka semua.",
Lukas,24,41,Lukas 24:41,وَبَيْنَمَا هُمْ غَيْرُ مُصَدِّقِينَ مِنَ ٱلْفَرَحِ، وَمُتَعَجِّبُونَ، قَالَ لَهُمْ: «أَعِنْدَكُمْ هَهُنَا طَعَامٌ؟».,"Sementara mereka masih belum percaya karena gembira dan terheran-heran, Yesus bertanya kepada mereka, “Apakah di sini kamu mempunyai sesuatu untuk dimakan?”","Mereka masih belum dapat mempercayainya sebab mereka terlalu gembira dan heran. Oleh karena itu, bersabdalah Isa kepada mereka, “Apakah kamu punya makanan di sini?”",
Lukas,24,42,Lukas 24:42,فَنَاوَلُوهُ جُزْءًا مِنْ سَمَكٍ مَشْوِيٍّ، وَشَيْئًا مِنْ شَهْدِ عَسَلٍ.,Lalu mereka memberikan sepotong ikan panggang kepada-Nya.,"Lalu, mereka memberikan kepada-Nya sepotong ikan goreng.",
Lukas,24,43,Lukas 24:43,فَأَخَذَ وَأَكَلَ قُدَّامَهُمْ.,Yesus mengambil ikan itu dan memakannya di depan mereka.,Ia menerimanya dan memakannya di depan mereka.,
Lukas,24,44,Lukas 24:44,وَقَالَ لَهُمْ: «هَذَا هُوَ ٱلْكَلَامُ ٱلَّذِي كَلَّمْتُكُمْ بِهِ وَأَنَا بَعْدُ مَعَكُمْ: أَنَّهُ لَا بُدَّ أَنْ يَتِمَّ جَمِيعُ مَا هُوَ مَكْتُوبٌ عَنِّي فِي نَامُوسِ مُوسَى وَٱلْأَنْبِيَاءِ وَٱلْمَزَامِيرِ».,"Kemudian, Yesus berkata kepada mereka, “Inilah perkataan yang Aku katakan kepadamu ketika Aku masih bersamamu. Segala sesuatu yang tertulis tentang Aku dalam hukum Taurat Musa, kitab para nabi, dan Mazmur harus digenapi.”","Lalu, sabda-Nya kepada mereka, “Inilah yang Kukatakan kepadamu ketika Aku masih bersama-sama dengan kamu. Aku berkata bahwa semua yang telah tertulis mengenai Aku harus digenapi, baik dalam Kitab Suci Taurat yang disampaikan melalui Musa, dalam kitab tulisan nabi-nabi, dan dalam Kitab Zabur.”",
Lukas,24,45,Lukas 24:45,حِينَئِذٍ فَتَحَ ذِهْنَهُمْ لِيَفْهَمُوا ٱلْكُتُبَ.,Kemudian Yesus membuka pikiran mereka sehingga mereka dapat memahami Kitab Suci.,"Lalu, Ia membuat pikiran mereka menjadi terang sehingga mereka dapat mengerti isi Kitab Suci.",
Lukas,24,46,Lukas 24:46,وَقَالَ لَهُمْ: «هَكَذَا هُوَ مَكْتُوبٌ، وَهَكَذَا كَانَ يَنْبَغِي أَنَّ ٱلْمَسِيحَ يَتَأَلَّمُ وَيَقُومُ مِنَ ٱلْأَمْوَاتِ فِي ٱلْيَوْمِ ٱلثَّالِثِ،,"Yesus berkata lagi kepada mereka, “Ada tertulis bahwa Kristus harus menderita dan bangkit dari antara orang mati pada hari ketiga.","Kemudian, Ia bersabda kepada mereka, “Telah tertulis, ‘Al-Masih harus mati, tetapi Ia akan hidup lagi pada hari yang ketiga.’",
Lukas,24,47,Lukas 24:47,وَأَنْ يُكْرَزَ بِٱسْمِهِ بِٱلتَّوْبَةِ وَمَغْفِرَةِ ٱلْخَطَايَا لِجَمِيعِ ٱلْأُمَمِ، مُبْتَدَأً مِنْ أُورُشَلِيمَ.,"Dan, pertobatan untuk pengampunan dosa akan dinyatakan dalam nama-Nya kepada segala bangsa, mulai dari Yerusalem.","Telah tertulis pula bahwa atas nama Al-Masih itu berita tentang pertobatan dan pengampunan dosa harus disampaikan kepada segala suku bangsa, mulai dari Yerusalem.",
Lukas,24,48,Lukas 24:48,وَأَنْتُمْ شُهُودٌ لِذَلِكَ.,Kamu adalah saksi-saksi dari semua ini.,Kamulah yang menjadi saksi atas semuanya itu.,
Lukas,24,49,Lukas 24:49,وَهَا أَنَا أُرْسِلُ إِلَيْكُمْ مَوْعِدَ أَبِي. فَأَقِيمُوا فِي مَدِينَةِ أُورُشَلِيمَ إِلَى أَنْ تُلْبَسُوا قُوَّةً مِنَ ٱلْأَعَالِي».,"Ketahuilah, Aku mengirimkan janji Bapa-Ku kepadamu. Akan tetapi, tinggallah di kota Yerusalem sampai kamu diperlengkapi dengan kuasa dari tempat tinggi.”","Aku akan mengirim kepadamu apa yang dijanjikan oleh Bapa-Ku. Akan tetapi, kamu harus tetap tinggal di kota ini sampai kamu diperlengkapi dengan kuasa dari tempat tinggi.”",
Lukas,24,50,Lukas 24:50,وَأَخْرَجَهُمْ خَارِجًا إِلَى بَيْتِ عَنْيَا، وَرَفَعَ يَدَيْهِ وَبَارَكَهُمْ.,"Kemudian, Yesus mengajak para pengikut-Nya ke luar kota sampai di Betania, lalu Dia mengangkat tangan-Nya dan memberkati mereka.","Lalu, Isa membawa mereka keluar kota sampai dekat Baitani. Di situ Ia mengangkat tangan-Nya dan memohonkan berkah bagi mereka.",
Lukas,24,51,Lukas 24:51,وَفِيمَا هُوَ يُبَارِكُهُمُ، ٱنْفَرَدَ عَنْهُمْ وَأُصْعِدَ إِلَى ٱلسَّمَاءِ.,"Ketika Yesus memberkati mereka, Dia berpisah dari mereka dan terangkat ke surga.","Sementara Ia memohonkan berkah bagi mereka, terpisahlah Ia dari mereka, lalu terangkat ke surga.",
Lukas,24,52,Lukas 24:52,فَسَجَدُوا لَهُ وَرَجَعُوا إِلَى أُورُشَلِيمَ بِفَرَحٍ عَظِيمٍ،,"Lalu, mereka menyembah-Nya dan kembali ke Yerusalem dengan sangat bersukacita.","Mereka semua sujud dihadapan-Nya, lalu kembali ke Yerusalem dengan hati yang penuh kegembiraan.",
Lukas,24,53,Lukas 24:53,وَكَانُوا كُلَّ حِينٍ فِي ٱلْهَيْكَلِ يُسَبِّحُونَ وَيُبَارِكُونَ ٱللهَ. آمِينَ.,Mereka selalu berada di dalam Bait Allah dan memuji Allah.,Mereka senantiasa pergi ke Bait Allah dan memuliakan Allah di sana.,
