Book,Chapter,Verse,Ref,Arabic,Indonesian,KitabSuci,Notes
Ulangan,1,1,Ulangan 1:1,هَذَا هُوَ ٱلْكَلَامُ ٱلَّذِي كَلَّمَ بِهِ مُوسَى جَمِيعَ إِسْرَائِيلَ فِي عَبْرِ ٱلْأُرْدُنِّ، فِي ٱلْبَرِّيَّةِ فِي ٱلْعَرَبَةِ، قُبَالَةَ سُوفَ، بَيْنَ فَارَانَ وَتُوفَلَ وَلَابَانَ وَحَضَيْرُوتَ وَذِي ذَهَبٍ.,"Inilah firman yang disampaikan Musa kepada umat Israel di Sungai Yordan, di padang belantara sebelah Sungai Yordan, yaitu di seberang Suf, di antara padang belantara, di antara Paran dan Tofel, Laban, Hazerot dan Di-Zahab.","Inilah perkataan-perkataan yang disampaikan Musa kepada semua orang Israil di padang belantara seberang Sungai Yordan, yaitu di Araba. Araba terletak di seberang Suf, di antara Paran dan Tofel, Laban, Hazerot, serta Di-Zahab.",
Ulangan,1,2,Ulangan 1:2,أَحَدَ عَشَرَ يَوْمًا مِنْ حُورِيبَ عَلَى طَرِيقِ جَبَلِ سِعِيرَ إِلَى قَادَشَ بَرْنِيعَ.,Perjalanan dari Gunung Horeb melewati Pegunungan Seir ke Kadesh-Barnea membutuhkan waktu sebelas hari.,Sebelas hari perjalanan jauhnya jarak dari Horeb sampai ke Kades-Barnea melalui jalan Pegunungan Seir.,
Ulangan,1,3,Ulangan 1:3,فَفِي ٱلسَّنَةِ ٱلْأَرْبَعِينَ، فِي ٱلشَّهْرِ ٱلْحَادِي عَشَرَ فِي ٱلْأَوَّلِ مِنَ ٱلشَّهْرِ، كَلَّمَ مُوسَى بَنِي إِسْرَائِيلَ حَسَبَ كُلِّ مَا أَوْصَاهُ ٱلرَّبُّ إِلَيْهِمْ.,"Pada hari pertama bulan kesebelas, tahun keempat puluh, Musa berbicara kepada keturunan Israel dan mengatakan kepada mereka segala sesuatu yang telah TUHAN perintahkan kepadanya.","Pada hari pertama di bulan kesebelas tahun keempat puluh, Musa mengatakan kepada bani Israil semua yang diperintahkan ALLAH untuk disampaikan kepada mereka.",
Ulangan,1,4,Ulangan 1:4,بَعْدَ مَا ضَرَبَ سِيحُونَ مَلِكَ ٱلْأَمُورِيِّينَ ٱلسَّاكِنَ فِي حَشْبُونَ، وَعُوجَ مَلِكَ بَاشَانَ ٱلسَّاكِنَ فِي عَشْتَارُوثَ فِي إِذْرَعِي.,"Hal itu terjadi sesudah dia mengalahkan Sihon, raja orang Amori, yang tinggal di Hesybon, dan Og, raja Basan, yang tinggal di Asytarot, Edrei.","Saat itu ia baru saja mengalahkan Sihon, raja orang Amori, yang tinggal di Hesbon, dan Og, raja Basan, yang tinggal di Astarot dekat Edrei.",
Ulangan,1,5,Ulangan 1:5,فِي عَبْرِ ٱلْأُرْدُنِّ، فِي أَرْضِ مُوآبَ، ٱبْتَدَأَ مُوسَى يَشْرَحُ هَذِهِ ٱلشَّرِيعَةَ قَائِلًا:,"Musa mulai menjelaskan Taurat kepada umat Israel di dataran Moab, sebelah Sungai Yordan. Katanya,","Di seberang Sungai Yordan, di Tanah Moab, Musa mulai menjelaskan hukum Taurat ini. Katanya,",
Ulangan,1,6,Ulangan 1:6,«اَلرَّبُّ إِلَهُنَا كَلَّمَنَا فِي حُورِيبَ قَائِلًا: كَفَاكُمْ قُعُودٌ فِي هَذَا ٱلْجَبَلِ،,"“TUHAN, Allah kita, telah berbicara kepada kita di Gunung Horeb. Firman-Nya, ‘Kamu sudah cukup lama tinggal di gunung ini.","“ALLAH, Tuhan kita, berfirman kepada kita di Horeb, demikian, ‘Sudah cukup lama kamu tinggal di gunung ini.",
Ulangan,1,7,Ulangan 1:7,تَحَوَّلُوا وَٱرْتَحِلُوا وَٱدْخُلُوا جَبَلَ ٱلْأَمُورِيِّينَ وَكُلَّ مَا يَلِيهِ مِنَ ٱلْعَرَبَةِ وَٱلْجَبَلِ وَٱلسَّهْلِ وَٱلْجَنُوبِ وَسَاحِلِ ٱلْبَحْرِ، أَرْضَ ٱلْكَنْعَانِيِّ وَلُبْنَانَ إِلَى ٱلنَّهْرِ ٱلْكَبِيرِ، نَهْرِ ٱلْفُرَاتِ.,"Pergilah ke negeri perbukitan tempat tinggal orang Amori dan ke semua negeri tetangganya, daerah perbukitan, lereng sebelah barat, wilayah selatan, dan daerah pantai. Pergilah melewati tanah Kanaan dan Lebanon sejauh Efrat, sungai besar itu.","Berbeloklah dan berangkatlah. Pergilah ke pegunungan orang Amori dan ke semua bangsa tetangga mereka di Araba, daerah pegunungan, daerah dataran rendah, Tanah Negeb, daerah tepi laut negeri orang Kanaan dan Libanon, sampai ke sungai besar, yaitu Sungai Efrat.",
Ulangan,1,8,Ulangan 1:8,اُنْظُرْ. قَدْ جَعَلْتُ أَمَامَكُمُ ٱلْأَرْضَ. ٱدْخُلُوا وَتَمَلَّكُوا ٱلْأَرْضَ ٱلَّتِي أَقْسَمَ ٱلرَّبُّ لِآبَائِكُمْ إِبْرَاهِيمَ وَإِسْحَاقَ وَيَعْقُوبَ أَنْ يُعْطِيَهَا لَهُمْ وَلِنَسْلِهِمْ مِنْ بَعْدِهِمْ.,"Lihatlah, Aku memberikan negeri ini kepadamu. Pergilah dan milikilah itu. Inilah tanah yang telah Aku, TUHAN, janjikan untuk diberikan kepada nenek moyangmu — Abraham, Ishak, dan Yakub. Aku berjanji untuk memberikan negeri itu kepada mereka dan keturunan mereka.’”","Ketahuilah, Aku telah menyerahkan negeri itu kepadamu. Masukilah dan dudukilah! Dengan bersumpah ALLAH telah berjanji kepada nenek moyangmu, yaitu Ibrahim, Ishak, dan Yakub bahwa Ia akan mengaruniakan negeri itu kepada mereka dan kepada keturunan mereka.’",
Ulangan,1,9,Ulangan 1:9,«وَكَلَّمْتُكُمْ فِي ذَلِكَ ٱلْوَقْتِ قَائِلًا: لَا أَقْدِرُ وَحْدِي أَنْ أَحْمِلَكُمْ.,"“Aku telah mengatakan kepadamu, ‘aku tidak mampu menanggung beban kamu.’","Pada waktu itu aku berkata kepadamu, ‘Aku tak sanggup memikul tanggung jawab atas kamu seorang diri.",
Ulangan,1,10,Ulangan 1:10,اَلرَّبُّ إِلَهُكُمْ قَدْ كَثَّرَكُمْ. وَهُوَذَا أَنْتُمُ ٱلْيَوْمَ كَنُجُومِ ٱلسَّمَاءِ فِي ٱلْكَثْرَةِ.,"Sekarang, kalian telah bertambah banyak. TUHAN, Allahmu, telah membuatmu bertambah-tambah, sehingga hari ini kamu sebanyak bintang di langit.","ALLAH, Tuhanmu, telah melipatgandakanmu menjadi sangat banyak, dan sesungguhnya saat ini kamu sudah seperti bintang-bintang di langit banyaknya.",
Ulangan,1,11,Ulangan 1:11,ٱلرَّبُّ إِلَهُ آبَائِكُمْ يَزِيدُ عَلَيْكُمْ مِثْلَكُمْ أَلْفَ مَرَّةٍ، وَيُبَارِكُكُمْ كَمَا كَلَّمَكُمْ.,"TUHAN, Allah nenek moyangmu telah menambah jumlahmu seribu kali lipat dan memberkatimu seperti yang telah dijanjikan-Nya.","Kiranya ALLAH, Tuhan nenek moyangmu, menambahkan jumlahmu seribu kali lipat dan memberkahi kamu seperti yang dijanjikan-Nya kepadamu.",
Ulangan,1,12,Ulangan 1:12,كَيْفَ أَحْمِلُ وَحْدِي ثِقْلَكُمْ وَحِمْلَكُمْ وَخُصُومَتَكُمْ؟,"Bagaimana aku sendirian menanggung bebanmu, kesusahan dan perselisihanmu.","Akan tetapi, bagaimana mungkin aku dapat memikul tanggung jawab atas kesusahanmu, bebanmu, dan perselisihanmu seorang diri?",
Ulangan,1,13,Ulangan 1:13,هَاتُوا مِنْ أَسْبَاطِكُمْ رِجَالًا حُكَمَاءَ وَعُقَلَاءَ وَمَعْرُوفِينَ، فَأَجْعَلُهُمْ رُؤُوسَكُمْ.,"Pilihlah dari setiap suku, yang bijak dan berpengalaman. Aku akan mengangkat mereka menjadi pemimpinmu.’","Ajukanlah dari suku-sukumu beberapa orang yang bijak, pandai, dan berpengalaman. Aku akan mengangkat mereka menjadi kepala atas kamu.’",
Ulangan,1,14,Ulangan 1:14,فَأَجَبْتُمُونِي وَقُلْتُمْ: حَسَنٌ ٱلْأَمْرُ ٱلَّذِي تَكَلَّمْتَ بِهِ أَنْ يُعْمَلَ.,"Kamu menjawab dengan mengatakan, ‘Hal itu baik untuk dilakukan.’","Lalu, kamu menjawab aku, ‘Usul yang Tuan katakan itu baik untuk dilaksanakan.’",
Ulangan,1,15,Ulangan 1:15,فَأَخَذْتُ رُؤُوسَ أَسْبَاطِكُمْ رِجَالًا حُكَمَاءَ وَمَعْرُوفِينَ، وَجَعَلْتُهُمْ رُؤُوسًا عَلَيْكُمْ، رُؤَسَاءَ أُلُوفٍ، وَرُؤَسَاءَ مِئَاتٍ، وَرُؤَسَاءَ خَمَاسِينَ، وَرُؤَسَاءَ عَشَرَاتٍ، وَعُرَفَاءَ لِأَسْبَاطِكُمْ.,"Kemudian, aku mengambil para kepala sukumu, orang-orang yang bijaksana dan berpengalaman, dan aku menetapkan mereka menjadi pemimpinmu, yaitu pemimpin seribu orang, pemimpin seratus orang, pemimpin lima puluh orang, pemimpin sepuluh orang, juga sebagai pengatur bagi suku-sukumu.","Sebab itu, aku mengambil kepala-kepala sukumu, orang-orang yang bijak dan berpengalaman, kemudian menetapkan mereka menjadi pemimpin atas kamu, yaitu pemimpin pasukan seribu, pemimpin pasukan seratus, pemimpin pasukan lima puluh, pemimpin pasukan sepuluh, juga sebagai pengatur pasukan bagi suku-sukumu.",
Ulangan,1,16,Ulangan 1:16,وَأَمَرْتُ قُضَاتَكُمْ فِي ذَلِكَ ٱلْوَقْتِ قَائِلًا: ٱسْمَعُوا بَيْنَ إِخْوَتِكُمْ وَٱقْضُوا بِٱلْحَقِّ بَيْنَ ٱلْإِنْسَانِ وَأَخِيهِ وَنَزِيلِهِ.,"Pada saat itu, aku berkata kepada para hakimmu, ‘Dengarkanlah segala perkara di antara umatmu. Putuskanlah hukum secara adil antara seseorang dengan saudaranya atau dengan pendatang yang tinggal bersamanya.","Kepada para hakimmu pada waktu itu aku memberi perintah, ‘Dengarkanlah perkara-perkara yang ada di antara saudara-saudaramu dan putuskanlah hukum secara adil antara seseorang dengan saudaranya atau dengan pendatang yang tinggal bersamanya.",
Ulangan,1,17,Ulangan 1:17,لَا تَنْظُرُوا إِلَى ٱلْوُجُوهِ فِي ٱلْقَضَاءِ. لِلصَّغِيرِ كَٱلْكَبِيرِ تَسْمَعُونَ. لَا تَهَابُوا وَجْهَ إِنْسَانٍ لِأَنَّ ٱلْقَضَاءَ لِلهِ. وَٱلْأَمْرُ ٱلَّذِي يَعْسُرُ عَلَيْكُمْ تُقَدِّمُونَهُ إِلَيَّ لِأَسْمَعَهُ.,"Kamu harus memperlakukan semua orang sama apabila kamu mengadilinya. Kamu harus mendengarkan baik-baik setiap orang, baik orang kecil maupun besar. Jangan takut kepada siapa pun, karena keputusanmu dari Allah. Namun, masalah yang terlalu sulit bagimu, serahkanlah kepadaku dan aku akan mengadilinya.","Dalam peradilan jangan pandang muka. Baik orang kecil maupun orang besar harus kamu dengarkan perkaranya. Jangan takut kepada manusia karena peradilan adalah milik Allah. Jika ada perkara yang terlalu berat untukmu, bawalah kepadaku supaya kudengar.’",
Ulangan,1,18,Ulangan 1:18,وَأَمَرْتُكُمْ فِي ذَلِكَ ٱلْوَقْتِ بِكُلِّ ٱلْأُمُورِ ٱلَّتِي تَعْمَلُونَهَا.,"Pada waktu itu, aku juga telah mengatakan kepadamu segala sesuatu yang harus kamu lakukan.’”",Demikianlah pada waktu itu aku memerintahkan kepadamu segala hal yang harus kamu lakukan.,
Ulangan,1,19,Ulangan 1:19,«ثُمَّ ٱرْتَحَلْنَا مِنْ حُورِيبَ، وَسَلَكْنَا كُلَّ ذَلِكَ ٱلْقَفْرِ ٱلْعَظِيمِ ٱلْمَخُوفِ ٱلَّذِي رَأَيْتُمْ فِي طَرِيقِ جَبَلِ ٱلْأَمُورِيِّينَ، كَمَا أَمَرَنَا ٱلرَّبُّ إِلَهُنَا. وَجِئْنَا إِلَى قَادَشَ بَرْنِيعَ.,"“Kemudian, kita meninggalkan Gunung Horeb dan pergi melalui padang belantara yang luas dan mengerikan, seperti yang telah kamu lihat ke daerah perbukitan Amori sesuai dengan perintah TUHAN, Allah kita. Dan, kita telah sampai di Kadesh-Barnea.","Kemudian, kita berangkat dari Horeb dan berjalan melalui padang belantara yang luas dan menakutkan seperti telah kamu lihat ke arah pegunungan orang Amori sesuai dengan perintah ALLAH, Tuhan kita. Lalu, sampailah kita di Kades-Barnea.",
Ulangan,1,20,Ulangan 1:20,فَقُلْتُ لَكُمْ: قَدْ جِئْتُمْ إِلَى جَبَلِ ٱلْأَمُورِيِّينَ ٱلَّذِي أَعْطَانَا ٱلرَّبُّ إِلَهُنَا.,"Aku berkata kepadamu, ‘Sekarang, kamu telah sampai di pegunungan Amori, yang telah diberikan oleh TUHAN, Allah kepada kita.","Kataku kepadamu, ‘Kamu telah sampai di pegunungan orang Amori yang telah dikaruniakan ALLAH, Tuhan kita, kepada kita.",
Ulangan,1,21,Ulangan 1:21,اُنْظُرْ. قَدْ جَعَلَ ٱلرَّبُّ إِلَهُكَ ٱلْأَرْضَ أَمَامَكَ. ٱصْعَدْ تَمَلَّكْ كَمَا كَلَّمَكَ ٱلرَّبُّ إِلَهُ آبَائِكَ. لَا تَخَفْ وَلَا تَرْتَعِبْ.,"Ketahuilah, bahwa TUHAN, Allahmu, telah memberikan negeri itu kepadamu. TUHAN, Allah nenek moyangmu, telah mengatakannya kepadamu untuk melakukannya. Janganlah takut atau putus asa.’","Ketahuilah bahwa ALLAH, Tuhanmu, telah menyerahkan negeri itu kepadamu. Majulah dan dudukilah, seperti yang difirmankan ALLAH, Tuhan nenek moyangmu, kepadamu. Jangan takut dan jangan kecut hati.’",
Ulangan,1,22,Ulangan 1:22,فَتَقَدَّمْتُمْ إِلَيَّ جَمِيعُكُمْ وَقُلْتُمْ: دَعْنَا نُرْسِلْ رِجَالًا قُدَّامَنَا لِيَتَجَسَّسُوا لَنَا ٱلْأَرْضَ، وَيَرُدُّوا إِلَيْنَا خَبَرًا عَنِ ٱلطَّرِيقِ ٱلَّتِي نَصْعَدُ فِيهَا وَٱلْمُدُنِ ٱلَّتِي نَأْتِي إِلَيْهَا.,"Lalu kamu datang kepadaku dan berkata, ‘Biarlah kita menyuruh beberapa orang menyelidiki negeri itu terlebih dahulu. Mereka dapat menyelidiki negeri itu lalu kembali dan memberitahukan jalan yang akan kita tempuh dan kota-kota yang akan kita datangi.’","Kemudian, kamu semua datang mendekatiku dan berkata, ‘Mari kita utus beberapa orang mendahului kita untuk menyelidiki negeri itu bagi kita dan membawa kabar kepada kita mengenai jalan yang harus kita tempuh serta kota-kota yang akan kita datangi.’",
Ulangan,1,23,Ulangan 1:23,فَحَسُنَ ٱلْكَلَامُ لَدَيَّ، فَأَخَذْتُ مِنْكُمُ ٱثْنَيْ عَشَرَ رَجُلًا. رَجُلًا وَاحِدًا مِنْ كُلِّ سِبْطٍ.,"Aku memandang hal itu baik. Lalu, aku memilih dua belas orang dari antaramu, seorang dari setiap suku.","Usul itu kupandang baik. Lalu, aku memilih dua belas orang dari antaramu, satu orang dari setiap suku.",
Ulangan,1,24,Ulangan 1:24,فَٱنْصَرَفُوا وَصَعِدُوا إِلَى ٱلْجَبَلِ وَأَتَوْا إِلَى وَادِي أَشْكُولَ وَتَجَسَّسُوهُ،,"Kemudian, mereka berangkat menuju daerah pegunungan dan mendatangi Lembah Eskol dan menyelidikinya.","Mereka pergi, naik ke pegunungan, lalu sampai di Lembah Eskol dan mulai menyelidiki negeri itu.",
Ulangan,1,25,Ulangan 1:25,وَأَخَذُوا فِي أَيْدِيهِمْ مِنْ أَثْمَارِ ٱلْأَرْضِ وَنَزَلُوا بِهِ إِلَيْنَا، وَرَدُّوا لَنَا خَبَرًا وَقَالُوا: جَيِّدَةٌ هِيَ ٱلْأَرْضُ ٱلَّتِي أَعْطَانَا ٱلرَّبُّ إِلَهُنَا.,"Mereka mengambil beberapa buah dari negeri itu dan membawanya kepada kita. Mereka memberikan laporan kepada kita dan berkata, ‘TUHAN, Allah memberikan negeri yang baik kepada kita.’","Mereka mengambil buah-buahan hasil negeri itu dan membawanya kepada kita. Mereka juga membawa kabar demikian, ‘Negeri yang dikaruniakan ALLAH, Tuhan kita, kepada kita itu baik.’",
Ulangan,1,26,Ulangan 1:26,«لَكِنَّكُمْ لَمْ تَشَاءُوا أَنْ تَصْعَدُوا، وَعَصَيْتُمْ قَوْلَ ٱلرَّبِّ إِلَهِكُمْ،,"Namun, kamu tidak mau memasuki negeri itu. Kamu tidak menaati perintah TUHAN, Allahmu.","Namun, kamu tidak mau pergi ke sana. Kamu mendurhaka terhadap firman ALLAH, Tuhanmu.",
Ulangan,1,27,Ulangan 1:27,وَتَمَرْمَرْتُمْ فِي خِيَامِكُمْ وَقُلْتُمُ: ٱلرَّبُّ بِسَبَبِ بُغْضَتِهِ لَنَا، قَدْ أَخْرَجَنَا مِنْ أَرْضِ مِصْرَ لِيَدْفَعَنَا إِلَى أَيْدِي ٱلْأَمُورِيِّينَ لِكَيْ يُهْلِكَنَا.,"Dalam tenda, kamu bersungut-sungut serta berkata, ‘TUHAN membenci kita! Dia membawa kita keluar dari tanah Mesir, untuk dibinasakan oleh orang Amori.’","Di dalam kemahmu kamu bersungut-sungut dan berkata, ‘Karena ALLAH membenci kita, maka Ia membawa kita keluar dari Mesir dan menyerahkan kita ke dalam tangan orang Amori supaya kita dibinasakan.",
Ulangan,1,28,Ulangan 1:28,إِلَى أَيْنَ نَحْنُ صَاعِدُونَ؟ قَدْ أَذَابَ إِخْوَتُنَا قُلُوبَنَا قَائِلِينَ: شَعْبٌ أَعْظَمُ وَأَطْوَلُ مِنَّا. مُدُنٌ عَظِيمَةٌ مُحَصَّنَةٌ إِلَى ٱلسَّمَاءِ، وَأَيْضًا قَدْ رَأَيْنَا بَنِي عَنَاقَ هُنَاكَ.,"Ke mana kita akan pergi sekarang? Orang yang kita utus telah membuat kita ketakutan dengan laporannya. Mereka berkata, ‘Orang-orang itu lebih besar dan lebih tinggi daripada kita, kota-kotanya besar dan memiliki benteng dengan tembok-tembok setinggi langit. Kami juga melihat orang Enak di sana.”’","Ke mana kita akan pergi? Saudara-saudara kita telah membuat hati kita tawar dengan berkata, “Orang-orang di sana lebih besar dan lebih tinggi daripada kita! Kota-kotanya besar dan kubu-kubunya mencapai langit! Kami pun melihat bani Enak di sana.”’",
Ulangan,1,29,Ulangan 1:29,فَقُلْتُ لَكُمْ: لَا تَرْهَبُوا وَلَا تَخَافُوا مِنْهُمُ.,"Aku berkata kepadamu,” Jangan gentar dan takut kepada mereka.","Lalu, aku berkata kepadamu, ‘Jangan gentar dan jangan takut kepada mereka.",
Ulangan,1,30,Ulangan 1:30,ٱلرَّبُّ إِلَهُكُمُ ٱلسَّائِرُ أَمَامَكُمْ هُوَ يُحَارِبُ عَنْكُمْ حَسَبَ كُلِّ مَا فَعَلَ مَعَكُمْ فِي مِصْرَ أَمَامَ أَعْيُنِكُمْ,"TUHAN, Allahmu, ada di depanmu, Dialah yang akan berperang untukmu sama seperti yang telah dilakukan-Nya di depan matamu, di Mesir.","ALLAH, Tuhanmu, yang memimpin kamu, Dialah yang akan berperang untukmu seperti yang telah dilakukan-Nya bagimu di Mesir, di depan matamu sendiri.",
Ulangan,1,31,Ulangan 1:31,وَفِي ٱلْبَرِّيَّةِ، حَيْثُ رَأَيْتَ كَيْفَ حَمَلَكَ ٱلرَّبُّ إِلَهُكَ كَمَا يَحْمِلُ ٱلْإِنْسَانُ ٱبْنَهُ فِي كُلِّ ٱلطَّرِيقِ ٱلَّتِي سَلَكْتُمُوهَا حَتَّى جِئْتُمْ إِلَى هَذَا ٱلْمَكَانِ.,Kamu telah melihat yang terjadi di padang belantara bagaimana TUHAN mendukungmu bagaikan seorang ayah mendukung anaknya. Dia membawamu dengan selamat sepanjang jalan hingga tiba di tempat ini.,"Begitu juga di padang belantara. Di sana engkau telah melihat bagaimana ALLAH, Tuhanmu, mendukungmu di sepanjang jalan yang kamu tempuh seperti seseorang mendukung anaknya sampai kamu tiba di tempat ini.",
Ulangan,1,32,Ulangan 1:32,وَلَكِنْ فِي هَذَا ٱلْأَمْرِ لَسْتُمْ وَاثِقِينَ بِٱلرَّبِّ إِلَهِكُمُ,"Namun, kamu masih juga tidak percaya kepada TUHAN, Allahmu.","Meskipun begitu, kamu tidak percaya kepada ALLAH, Tuhanmu,",
Ulangan,1,33,Ulangan 1:33,ٱلسَّائِرِ أَمَامَكُمْ فِي ٱلطَّرِيقِ، لِيَلْتَمِسَ لَكُمْ مَكَانًا لِنُزُولِكُمْ، فِي نَارٍ لَيْلًا لِيُرِيَكُمُ ٱلطَّرِيقَ ٱلَّتِي تَسِيرُونَ فِيهَا، وَفِي سَحَابٍ نَهَارًا.,"Dia selalu memimpinmu dan berada di depanmu untuk mencarikan tempat berkemah bagimu. Pada malam hari, Dia ada dalam api, pada siang hari, Dia ada dalam awan, untuk menunjukkan kepadamu jalan yang harus kamu tempuh.”",yang memimpin kamu di perjalanan dan mencarikan tempat bagimu untuk berkemah. Ia hadir dalam api di malam hari dan dalam awan di siang hari untuk menunjukkan kepadamu jalan yang harus kamu tempuh.’,
Ulangan,1,34,Ulangan 1:34,وَسَمِعَ ٱلرَّبُّ صَوْتَ كَلَامِكُمْ فَسَخِطَ وَأَقْسَمَ قَائِلًا:,"“TUHAN mendengar perkataanmu, dan Dia sangat marah. Dia bersumpah, kata-Nya,","Ketika ALLAH mendengar perkataanmu, Ia pun murka dan bersumpah demikian,",
Ulangan,1,35,Ulangan 1:35,لَنْ يَرَى إِنْسَانٌ مِنْ هَؤُلَاءِ ٱلنَّاسِ، مِنْ هَذَا ٱلْجِيلِ ٱلشِّرِّيرِ، ٱلْأَرْضَ ٱلْجَيِّدَةَ ٱلَّتِي أَقْسَمْتُ أَنْ أُعْطِيَهَا لِآبَائِكُمْ،,‘Tidak seorang pun dari generasi yang jahat ini akan melihat tanah yang baik yang sudah Kujanjikan kepada nenek moyangmu.,"‘Tak seorang pun dari angkatan yang jahat ini akan melihat negeri yang baik, yang Kujanjikan dengan bersumpah kepada nenek moyangmu.",
Ulangan,1,36,Ulangan 1:36,مَا عَدَا كَالِبَ بْنَ يَفُنَّةَ. هُوَ يَرَاهَا، وَلَهُ أُعْطِي ٱلْأَرْضَ ٱلَّتِي وَطِئَهَا، وَلِبَنِيهِ، لِأَنَّهُ قَدِ ٱتَّبَعَ ٱلرَّبَّ تَمَامًا.,"Hanyalah Kaleb anak Yefune yang akan melihat negeri itu. Aku akan memberikan kepada Kaleb dan keturunannya, negeri yang dia injak karena dia melakukan segala sesuatu yang TUHAN perintahkan.’",Hanya Kaleb bin Yefune sajalah yang akan melihatnya. Kepadanya dan kepada anak-anaknya akan Kukaruniakan negeri yang telah dipijaknya itu karena ia mengikuti ALLAH dengan sepenuh hati.’,
Ulangan,1,37,Ulangan 1:37,وَعَلَيَّ أَيْضًا غَضِبَ ٱلرَّبُّ بِسَبَبِكُمْ قَائِلًا: وَأَنْتَ أَيْضًا لَا تَدْخُلُ إِلَى هُنَاكَ.,"TUHAN juga marah kepadaku karena kamu. Kata-Nya, ‘Kamu juga tidak akan memasuki negeri itu.","ALLAH juga murka kepadaku karena kamu. Firman-Nya, ‘Engkau pun tidak akan masuk ke sana,",
Ulangan,1,38,Ulangan 1:38,يَشُوعُ بْنُ نُونَ ٱلْوَاقِفُ أَمَامَكَ هُوَ يَدْخُلُ إِلَى هُنَاكَ. شَدِّدْهُ لِأَنَّهُ هُوَ يَقْسِمُهَا لِإِسْرَائِيلَ.,"Namun, abdimu, Yosua anak Nun, akan memasuki negeri itu. Kuatkanlah hatinya karena dia yang akan memimpin Israel mengambil negeri itu menjadi milik mereka.","melainkan Yusak bin Nun, pelayanmu, yang akan masuk ke sana. Kuatkanlah hatinya karena dialah yang akan memimpin orang Israil mewarisi negeri itu.",
Ulangan,1,39,Ulangan 1:39,وَأَمَّا أَطْفَالُكُمُ ٱلَّذِينَ قُلْتُمْ يَكُونُونَ غَنِيمَةً، وَبَنُوكُمُ ٱلَّذِينَ لَمْ يَعْرِفُوا ٱلْيَوْمَ ٱلْخَيْرَ وَٱلشَّرَّ فَهُمْ يَدْخُلُونَ إِلَى هُنَاكَ، وَلَهُمْ أُعْطِيهَا وَهُمْ يَمْلِكُونَهَا.,"Kamu menganggap bahwa anak-anakmu yang kecil akan dirampas oleh musuhmu. Anak-anak itu, yang belum mengerti tentang yang baik dan buruk, merekalah yang akan memasuki negeri itu. Aku akan memberikan negeri itu kepada mereka dan mereka yang akan memilikinya.","Sedangkan anak-anakmu yang kamu katakan akan menjadi tawanan, yaitu anak-anakmu yang sekarang ini belum tahu tentang yang baik dan yang jahat, merekalah yang akan masuk ke sana. Kepada merekalah akan Kukaruniakan negeri itu dan mereka akan memilikinya.",
Ulangan,1,40,Ulangan 1:40,وَأَمَّا أَنْتُمْ فَتَحَوَّلُوا وَٱرْتَحِلُوا إِلَى ٱلْبَرِّيَّةِ عَلَى طَرِيقِ بَحْرِ سُوفَ.,"Namun, kamu semua harus kembali ke padang belantara menuju ke Laut Teberau.’","Tetapi, kamu ini, berbaliklah dan berangkatlah ke padang belantara, ke arah Laut Merah.’",
Ulangan,1,41,Ulangan 1:41,«فَأَجَبْتُمْ وَقُلْتُمْ لِي: قَدْ أَخْطَأْنَا إِلَى ٱلرَّبِّ. نَحْنُ نَصْعَدُ وَنُحَارِبُ حَسَبَ كُلِّ مَا أَمَرَنَا ٱلرَّبُّ إِلَهُنَا. وَتَنَطَّقْتُمْ كُلُّ وَاحِدٍ بِعُدَّةِ حَرْبِهِ، وَٱسْتَخْفَفْتُمُ ٱلصُّعُوْدَ إِلَى ٱلْجَبَلِ.,"Kemudian, kamu berkata, ‘Musa, kami telah berdosa kepada TUHAN. Kami akan pergi dan berperang sesuai dengan yang TUHAN perintahkan kepada kami.’ Dan, setiap orang darimu menyandang senjata perangnya masing-masing, sebab kamu berpikir naik ke daerah pegunungan akan mudah.","Kemudian, jawabmu kepadaku, ‘Kami telah berdosa terhadap ALLAH. Kami hendak maju berperang sesuai dengan semua yang diperintahkan ALLAH, Tuhan kami, kepada kami.’ Lalu, kamu menyandang senjata perangmu masing-masing karena kamu pikir mudah naik ke pegunungan itu.",
Ulangan,1,42,Ulangan 1:42,فَقَالَ ٱلرَّبُّ لِي: قُلْ لَهُمْ: لَا تَصْعَدُوا وَلَا تُحَارِبُوا، لِأَنِّي لَسْتُ فِي وَسَطِكُمْ لِئَلَّا تَنْكَسِرُوا أَمَامَ أَعْدَائِكُمْ.,"Namun, TUHAN berfirman kepadaku, “Katakan kepada mereka, ‘Jangan pergi dan jangan berperang, karena Aku tidak hadir di antara kamu. Kamu akan dikalahkan oleh musuh-musuhmu.’”","Tetapi, ALLAH berfirman kepadaku, ‘Katakanlah kepada mereka, “Jangan maju dan jangan berperang karena Aku tidak hadir di antara kamu, nanti kamu terpukul kalah di depan musuh-musuhmu.”’",
Ulangan,1,43,Ulangan 1:43,فَكَلَّمْتُكُمْ وَلَمْ تَسْمَعُوا بَلْ عَصَيْتُمْ قَوْلَ ٱلرَّبِّ وَطَغَيْتُمْ، وَصَعِدْتُمْ إِلَى ٱلْجَبَلِ.,"Aku berbicara kepadamu, tetapi kamu tidak mau mendengar. Kamu memberontak melawan perintah TUHAN, dan dengan sombong naik ke daerah pegunungan.","Maka, aku mengatakannya kepadamu, tetapi kamu tidak mau mendengar. Kamu mendurhaka terhadap firman ALLAH dan dengan sombongnya naik ke pegunungan itu.",
Ulangan,1,44,Ulangan 1:44,فَخَرَجَ ٱلْأَمُورِيُّونَ ٱلسَّاكِنُونَ فِي ذَلِكَ ٱلْجَبَلِ لِلِقَائِكُمْ وَطَرَدُوكُمْ كَمَا يَفْعَلُ ٱلنَّحْلُ، وَكَسَرُوكُمْ فِي سِعِيرَ إِلَى حُرْمَةَ.,"Orang Amori yang tinggal di daerah pegunungan itu keluar menghadapi kamu. Mereka mengejarmu seperti kawanan lebah, dan mengalahkanmu di Seir sampai ke Horma.","Lalu, keluarlah orang Amori yang tinggal di pegunungan itu menghadapi kamu. Mereka mengejar kamu seperti kawanan lebah dan menghantam kamu dari Seir sampai ke Horma.",
Ulangan,1,45,Ulangan 1:45,فَرَجَعْتُمْ وَبَكَيْتُمْ أَمَامَ ٱلرَّبِّ، وَلَمْ يَسْمَعِ ٱلرَّبُّ لِصَوْتِكُمْ وَلَا أَصْغَى إِلَيْكُمْ.,"Kemudian, kamu kembali dan menangis di hadapan TUHAN, tetapi TUHAN tidak mau mendengarkanmu.","Maka, kembalilah kamu dan menangis di hadirat ALLAH, tetapi ALLAH tidak mendengarkan tangisanmu dan tidak memperhatikan kamu.",
Ulangan,1,46,Ulangan 1:46,وَقَعَدْتُمْ فِي قَادَشَ أَيَّامًا كَثِيرَةً كَٱلْأَيَّامِ ٱلَّتِي قَعَدْتُمْ فِيهَا.,"Sesudah itu, kamu tinggal di Kadesh cukup lama.”","Setelah itu, cukup lama kamu tinggal di Kades.",
Ulangan,2,1,Ulangan 2:1,«ثُمَّ تَحَوَّلْنَا وَٱرْتَحَلْنَا إِلَى ٱلْبَرِّيَّةِ عَلَى طَرِيقِ بَحْرِ سُوفَ كَمَا كَلَّمَنِي ٱلرَّبُّ، وَدُرْنَا بِجَبَلِ سِعِيرَ أَيَّامًا كَثِيرَةً.,"Kemudian, kita kembali ke padang belantara melalui jalan yang menuju ke Laut Teberau, seperti yang TUHAN firmankan kepadaku. Kita berjalan berhari-hari mengelilingi pegunungan Seir.","Kemudian, kita berbalik dan berangkat ke padang belantara, ke arah Laut Merah, seperti yang difirmankan ALLAH kepadaku. Beberapa waktu lamanya kita mengelilingi Pegunungan Seir.",
Ulangan,2,2,Ulangan 2:2,ثُمَّ كَلَّمَنِي ٱلرَّبُّ قَائِلًا:,"TUHAN berfirman kepadaku, firman-Nya,","Lalu, ALLAH berfirman kepadaku,",
Ulangan,2,3,Ulangan 2:3,كَفَاكُمْ دَوَرَانٌ بِهَذَا ٱلْجَبَلِ. تَحَوَّلُوا نَحْوَ ٱلشِّمَالِ.,“Kamu sudah mengelilingi pegunungan itu cukup lama. Beloklah ke utara.,"‘Sudah cukup lama kamu mengelilingi pegunungan ini. Sekarang, beloklah ke utara.",
Ulangan,2,4,Ulangan 2:4,وَأَوْصِ ٱلشَّعْبَ قَائِلًا: أَنْتُمْ مَارُّونَ بِتُخْمِ إِخْوَتِكُمْ بَنِي عِيسُو ٱلسَّاكِنِينَ فِي سِعِيرَ، فَيَخَافُونَ مِنْكُمْ فَٱحْتَرِزُوا جِدًّا.,"Katakan kepada bangsa itu, ‘Kamu akan melewati tanah Seir, milik sanak saudaramu, keturunan Esau. Mereka akan takut kepadamu. Tetapi, berhati-hatilah.","Berilah perintah kepada bangsa itu demikian, “Sekarang kamu akan melalui daerah saudara-saudaramu bani Esau, yang tinggal di Seir. Mereka akan merasa takut kepadamu, tetapi ingat baik-baik,",
Ulangan,2,5,Ulangan 2:5,لَا تَهْجِمُوا عَلَيْهِمْ، لِأَنِّي لَا أُعْطِيكُمْ مِنْ أَرْضِهِمْ وَلَا وَطْأَةَ قَدَمٍ، لِأَنِّي لِعِيسُو قَدْ أَعْطَيْتُ جَبَلَ سِعِيرَ مِيرَاثًا.,"Janganlah menyerang mereka. Aku tidak akan memberikan kepadamu sejengkal pun dari tanah mereka, karena Aku telah memberikan daerah pegunungan Seir kepada Esau sebagai miliknya.",jangan kautantang mereka. Aku tidak akan memberikan negeri mereka kepadamu barang setapak kaki pun karena Pegunungan Seir telah Kukaruniakan kepada Esau menjadi miliknya.,
Ulangan,2,6,Ulangan 2:6,طَعَامًا تَشْتَرُونَ مِنْهُمْ بِٱلْفِضَّةِ لِتَأْكُلُوا، وَمَاءً أَيْضًا تَبْتَاعُونَ مِنْهُمْ بِٱلْفِضَّةِ لِتَشْرَبُوا.,Kamu harus membayar dengan uang kepada mereka untuk makanan yang kamu makan atau air yang kamu minum.’”,Kamu harus membeli makanan dari mereka dengan uang supaya kamu dapat makan. Kamu juga harus membeli air dari mereka dengan uang supaya kamu dapat minum.”’,
Ulangan,2,7,Ulangan 2:7,لِأَنَّ ٱلرَّبَّ إِلَهَكَ قَدْ بَارَكَكَ فِي كُلِّ عَمَلِ يَدِكَ، عَارِفًا مَسِيرَكَ فِي هَذَا ٱلْقَفْرِ ٱلْعَظِيمِ. اَلْآنَ أَرْبَعُونَ سَنَةً لِلرَّبِّ إِلَهِكَ مَعَكَ، لَمْ يَنْقُصْ عَنْكَ شَيْءٌ.,"Ingatlah bahwa TUHAN, Allahmu, telah memberkatimu dalam segala sesuatu yang kamu kerjakan. Dia tahu tentang segala sesuatu yang terjadi pada perjalananmu melalui padang belantara yang luas ini. TUHAN, Allahmu, menyertaimu selama 40 tahun. Kamu tidak pernah kekurangan.","ALLAH, Tuhanmu, telah memberkahimu dalam segala yang dikerjakan tanganmu. Ia memperhatikan perjalananmu di padang belantara yang luas ini. Selama empat puluh tahun ini ALLAH, Tuhanmu, menyertai engkau dan engkau tidak kekurangan apa pun.",
Ulangan,2,8,Ulangan 2:8,فَعَبَرْنَا عَنْ إِخْوَتِنَا بَنِي عِيسُو ٱلسَّاكِنِينَ فِي سِعِيرَ عَلَى طَرِيقِ ٱلْعَرَبَةِ، عَلَى أَيْلَةَ، وَعَلَى عِصْيُونِ جَابِرَ، ثُمَّ تَحَوَّلْنَا وَمَرَرْنَا فِي طَرِيقِ بَرِّيَّةِ مُوآبَ.,"Kita melewati saudara kita, keturunan Esau yang tinggal di Seir. Kita melalui jalan lembah menuju Kota Elat dan Ezion-Geber lalu berbelok menuju padang belantara di Moab.","Maka, berjalanlah kita melewati saudara-saudara kita bani Esau yang tinggal di Seir, meninggalkan jalan dari Araba, yaitu dari Elat dan dari Ezion Geber. Kemudian, kita berbelok melalui jalan ke arah Padang Belantara Moab.",
Ulangan,2,9,Ulangan 2:9,«فَقَالَ لِي ٱلرَّبُّ: لَا تُعَادِ مُوآبَ وَلَا تُثِرْ عَلَيْهِمْ حَرْبًا، لِأَنِّي لَا أُعْطِيكَ مِنْ أَرْضِهِمْ مِيرَاثًا، لِأَنِّي لِبَنِي لُوطٍ قَدْ أَعْطَيْتُ «عَارَ» مِيرَاثًا.,"TUHAN berfirman kepadaku, “Jangan melawan dan menyerang orang Moab. Sebab, Aku tidak akan memberikan sejengkal pun dari tanahnya, sebab Aku telah memberikan Ar kepada keturunan Lot.”","ALLAH pun berfirman kepadaku, ‘Jangan usik orang Moab dan jangan tantang mereka untuk berperang. Aku tidak akan memberikan negeri mereka kepadamu menjadi milikmu karena Ar telah Kukaruniakan kepada bani Lut menjadi miliknya.",
Ulangan,2,10,Ulangan 2:10,ٱلْإِيمِيُّونَ سَكَنُوا فِيهَا قَبْلًا. شَعْبٌ كَبِيرٌ وَكَثِيرٌ وَطَوِيلٌ كَٱلْعَنَاقِيِّينَ.,"Dahulu, orang-orang Emim tinggal di Ar. Mereka adalah bangsa yang besar, dan tinggi seperti orang Enak.","(Dahulu orang Emim tinggal di sana. Mereka adalah bangsa yang besar, banyak jumlahnya, dan tinggi seperti orang Enak.",
Ulangan,2,11,Ulangan 2:11,هُمْ أَيْضًا يُحْسَبُونَ رَفَائِيِّينَ كَٱلْعَنَاقِيِّينَ، لَكِنَّ ٱلْمُوآبِيِّينَ يَدْعُونَهُمْ إِيمِيِّينَ.,"Banyak orang menganggap bahwa orang Emim adalah juga orang Refaim seperti juga orang Enak. Akan tetapi, orang Moab menyebut mereka orang Emim.","Mereka juga termasuk orang Refaim seperti orang Enak, tetapi orang Moab menyebut mereka orang Emim.",
Ulangan,2,12,Ulangan 2:12,وَفِي سِعِيرَ سَكَنَ قَبْلًا ٱلْحُورِيُّونَ، فَطَرَدَهُمْ بَنُو عِيسُو وَأَبَادُوهُمْ مِنْ قُدَّامِهِمْ وَسَكَنُوا مَكَانَهُمْ، كَمَا فَعَلَ إِسْرَائِيلُ بِأَرْضِ مِيرَاثِهِمِ ٱلَّتِي أَعْطَاهُمُ ٱلرَّبُّ.,"Orang Hori dahulu tinggal di Seir kemudian keturunan Esau memusnahkan mereka dan tinggal di sana, seperti yang dilakukan umat Israel terhadap penduduk di negeri yang TUHAN berikan kepada mereka.","Orang Hori pun dahulu tinggal di Seir, tetapi bani Esau menghalau mereka. Bani Esau memunahkan mereka dari hadapannya, lalu tinggal di sana menggantikan mereka, seperti yang dilakukan orang Israil di negeri yang dikaruniakan ALLAH kepada mereka menjadi milik mereka.)",
Ulangan,2,13,Ulangan 2:13,اَلْآنَ قُومُوا وَٱعْبُرُوا وَادِيَ زَارَدَ. فَعَبَرْنَا وَادِيَ زَارَدَ.,"“Sekarang, pergilah ke seberang Sungai Zered.” Lalu, kita pun menyeberangi Sungai Zered.","Sekarang, segeralah seberangi Sungai Zered.’ Maka, kita pun menyeberangi Sungai Zered.",
Ulangan,2,14,Ulangan 2:14,وَٱلْأَيَّامُ ٱلَّتِي سِرْنَا فِيهَا مِنْ قَادَشَ بَرْنِيعَ حَتَّى عَبَرْنَا وَادِيَ زَارَدَ، كَانَتْ ثَمَانِيَ وَثَلَاثِينَ سَنَةً، حَتَّى فَنِيَ كُلُّ ٱلْجِيلِ، رِجَالُ ٱلْحَرْبِ مِنْ وَسَطِ ٱلْمَحَلَّةِ، كَمَا أَقْسَمَ ٱلرَّبُّ لَهُمْ.,"Perjalanan kita dari Kadesh-Barnea ke seberang Sungai Zered membutuhkan waktu 38 tahun. Seperti yang telah TUHAN ucapkan dalam janjinya, seluruh angkatan itu mati bahkan para tentaranya.","Tiga puluh delapan tahun lamanya kita berjalan dari Kades-Barnea sampai ke seberang Sungai Zered, hingga seluruh angkatan para pejuang habis dari perkemahan, seperti yang difirmankan ALLAH kepada mereka dengan bersumpah.",
Ulangan,2,15,Ulangan 2:15,وَيَدُ ٱلرَّبِّ أَيْضًا كَانَتْ عَلَيْهِمْ لِإِبَادَتِهِمْ مِنْ وَسَطِ ٱلْمَحَلَّةِ حَتَّى فَنُوا.,Tangan TUHAN telah menentang dan menghancurkan mereka sampai mereka semuanya mati dari perkemahan.,"Tangan ALLAH sendiri menentang mereka, mengacaukan mereka dari perkemahan sampai mereka habis.",
Ulangan,2,16,Ulangan 2:16,«فَعِنْدَمَا فَنِيَ جَمِيعُ رِجَالِ ٱلْحَرْبِ بِٱلْمَوْتِ مِنْ وَسَطِ ٱلشَّعْبِ،,"Sesudah semua tentara itu mati dari antara bangsa itu,","Setelah semua pejuang habis mati dari antara bangsa itu,",
Ulangan,2,17,Ulangan 2:17,كَلَّمَنِي ٱلرَّبُّ قَائِلًا:,"TUHAN berfirman kepadaku, firman-Nya,","ALLAH berfirman kepadaku,",
Ulangan,2,18,Ulangan 2:18,أَنْتَ مَارٌّ ٱلْيَوْمَ بِتُخْمِ مُوآبَ، بِعَارَ.,“Hari ini kamu harus melintasi perbatasan Moab dan pergi ke Ar.,"‘Pada hari ini engkau akan melewati perbatasan Moab, yaitu Ar.",
Ulangan,2,19,Ulangan 2:19,فَمَتَى قَرُبْتَ إِلَى تُجَاهِ بَنِي عَمُّونَ، لَا تُعَادِهِمْ وَلَا تَهْجِمُوا عَلَيْهِمْ، لِأَنِّي لَا أُعْطِيكَ مِنْ أَرْضِ بَنِي عَمُّونَ مِيرَاثًا، لِأَنِّي لِبَنِي لُوطٍ قَدْ أَعْطَيْتُهَا مِيرَاثًا.,"Ketika kamu ada di dekat orang Amon, jangan melawan dan menyerang mereka karena Aku tidak akan memberikan negeri mereka kepadamu. Aku telah memberikan negeri itu kepada keturunan Lot.”","Ketika engkau berada dekat dengan bani Amon, jangan usik mereka dan jangan tantang mereka. Aku tidak akan memberikan negeri bani Amon kepadamu menjadi milikmu karena Aku telah mengaruniakannya kepada bani Lut menjadi miliknya.",
Ulangan,2,20,Ulangan 2:20,هِيَ أَيْضًا تُحْسَبُ أَرْضَ رَفَائِيِّينَ. سَكَنَ ٱلرَّفَائِيُّونَ فِيهَا قَبْلًا، لَكِنَّ ٱلْعَمُّونِيِّينَ يَدْعُونَهُمْ زَمْزُمِيِّينَ.,"Tanah itu dikenal sebagai tanah orang Refaim. Orang Refaim dahulu menetap di sana. Akan tetapi, orang Amon menyebut mereka orang Zamzumim.","(Negeri ini juga termasuk negeri orang Refaim. Dahulu orang Refaim tinggal di sana, tetapi orang Amon menyebut mereka orang Zamzumim.",
Ulangan,2,21,Ulangan 2:21,شَعْبٌ كَبِيرٌ وَكَثِيرٌ وَطَوِيلٌ كَٱلْعَنَاقِيِّينَ، أَبَادَهُمُ ٱلرَّبُّ مِنْ قُدَّامِهِمْ، فَطَرَدُوهُمْ وَسَكَنُوا مَكَانَهُمْ.,"Jumlah mereka banyak, kuat dan tinggi seperti orang Enak. Namun, TUHAN membinasakan mereka untuk orang Amon. Orang Amon mengambil alih negeri itu dan tinggal di sana.","Mereka adalah bangsa yang besar, banyak jumlahnya, dan tinggi seperti orang Enak. Akan tetapi, ALLAH memunahkan mereka dari hadapan orang Amon. Orang Amon menghalau mereka, lalu tinggal di sana menggantikan mereka.",
Ulangan,2,22,Ulangan 2:22,كَمَا فَعَلَ لِبَنِي عِيسُو ٱلسَّاكِنِينَ فِي سِعِيرَ ٱلَّذِينَ أَتْلَفَ ٱلْحُورِيِّينَ مِنْ قُدَّامِهِمْ، فَطَرَدُوهُمْ وَسَكَنُوا مَكَانَهُمْ إِلَى هَذَا ٱلْيَوْمِ.,"Hal yang sama Dia lakukan terhadap keturunan Esau di Seir, mereka memusnahkan orang Horim dan tinggal di sana sampai hari ini.",Begitu pulalah yang dilakukan Allah bagi bani Esau yang tinggal di Seir ketika ia memunahkan orang Hori dari hadapan mereka. Mereka menghalau orang Hori dan tinggal di sana menggantikan orang-orang itu sampai hari ini.,
Ulangan,2,23,Ulangan 2:23,وَٱلْعُوِّيُّونَ ٱلسَّاكِنُونَ فِي ٱلْقُرَى إِلَى غَزَّةَ، أَبَادَهُمُ ٱلْكَفْتُورِيُّونَ ٱلَّذِينَ خَرَجُوا مِنْ كَفْتُورَ وَسَكَنُوا مَكَانَهُمْ.,"Demikian juga orang Kaftor terhadap orang Awi yang tinggal di kota-kota Gaza. Orang Kaftor membinasakan mereka, merebut tanah itu lalu tinggal di sana.","Demikian pula halnya dengan orang Awi yang tinggal di desa-desa sampai ke Gaza. Orang Kaftor, yang datang dari Kaftor, memunahkan mereka dan tinggal di sana menggantikan mereka.)",
Ulangan,2,24,Ulangan 2:24,«قُومُوا ٱرْتَحِلُوا وَٱعْبُرُوا وَادِيَ أَرْنُونَ. اُنْظُرْ. قَدْ دَفَعْتُ إِلَى يَدِكَ سِيحُونَ مَلِكَ حَشْبُونَ ٱلْأَمُورِيَّ وَأَرْضَهُ. ٱبْتَدِئْ تَمَلَّكْ وَأَثِرْ عَلَيْهِ حَرْبًا.,"“Bersiaplah dan seberangilah Sungai Arnon. Aku akan menyerahkan Sihon, raja Hesybon, orang Amori itu ke tanganmu dan merebut negerinya. Jadi, seranglah dan dudukilah negerinya.","Segeralah berangkat dan seberangilah Sungai Arnon. Ketahuilah, Aku menyerahkan Sihon, raja Hesbon, orang Amori itu, beserta negerinya ke dalam tanganmu. Engkau harus mulai merebutnya. Tantanglah mereka untuk berperang.",
Ulangan,2,25,Ulangan 2:25,فِي هَذَا ٱلْيَوْمِ أَبْتَدِئُ أَجْعَلُ خَشْيَتَكَ وَخَوْفَكَ أَمَامَ وُجُوهِ ٱلشُّعُوبِ تَحْتَ كُلِّ ٱلسَّمَاءِ. ٱلَّذِينَ يَسْمَعُونَ خَبَرَكَ يَرْتَعِدُونَ وَيَجْزَعُونَ أَمَامَكَ.,Hari ini Aku akan membuat seluruh bangsa di bawah kolong langit ini segan dan gentar terhadapmu. Mereka akan takut dan gemetar mendengar berita tentangmu.”,"Hari ini juga Aku mulai mendatangkan rasa gentar dan takut terhadap engkau atas bangsa-bangsa di seluruh kolong langit. Ketika mereka mendengar kabar tentang engkau, mereka akan gemetar dan ketakutan karena engkau.’",
Ulangan,2,26,Ulangan 2:26,«فَأَرْسَلْتُ رُسُلًا مِنْ بَرِّيَّةِ قَدِيمُوتَ إِلَى سِيحُونَ مَلِكِ حَشْبُونَ بِكَلَامِ سَلَامٍ قَائِلًا:,"Kemudian, aku mengirim utusan dari padang belantara Kedemot kepada Sihon, raja Hesybon, untuk menyampaikan pesan damai, isinya,","Kemudian, aku mengirimkan beberapa utusan dari Padang Belantara Kademot kepada Sihon, raja Hesbon, untuk menyampaikan pesan damai, demikian,",
Ulangan,2,27,Ulangan 2:27,أَمُرُّ فِي أَرْضِكَ. أَسْلُكُ ٱلطَّرِيقَ ٱلطَّرِيقَ، لَا أَمِيلُ يَمِينًا وَلَا شِمَالًا.,“Izinkanlah kami melewati wilayah negerimu. Kami akan berjalan di jalan raya saja dan tidak akan menyimpang ke kanan atau ke kiri.,‘Izinkanlah kami melewati negerimu. Kami hendak berjalan di jalan raya saja dan tidak akan menyimpang ke kanan atau pun ke kiri.,
Ulangan,2,28,Ulangan 2:28,طَعَامًا بِٱلْفِضَّةِ تَبِيعُنِي لِآكُلَ، وَمَاءً بِٱلْفِضَّةِ تُعْطِينِي لِأَشْرَبَ. أَمُرُّ بِرِجْلَيَّ فَقَطْ.,"Juallah makanan kepada kami dengan bayaran uang supaya kami dapat makan, dan berilah kami air dengan bayaran uang supaya kami dapat minum. Hanya, izinkanlah kami lewat dengan berjalan kaki,","Juallah makanan kepada kami dengan bayaran uang supaya kami dapat makan, dan berilah kami air dengan bayaran uang supaya kami dapat minum. Hanya, izinkanlah kami lewat dengan berjalan kaki",
Ulangan,2,29,Ulangan 2:29,كَمَا فَعَلَ بِي بَنُو عِيسُو ٱلسَّاكِنُونَ فِي سِعِيرَ، وَٱلْمُوآبِيُّونَ ٱلسَّاكِنُونَ فِي عَارَ، إِلَى أَنْ أَعْبُرَ ٱلْأُرْدُنَّ إِلَى ٱلْأَرْضِ ٱلَّتِي أَعْطَانَا ٱلرَّبُّ إِلَهُنَا.,"sampai kami menyeberangi Sungai Yordan dan masuk ke tanah yang diberikan TUHAN, Allah kami. Keturunan Esau yang tinggal di Seir dan orang Moab di Ar membiarkan kami melintas di negerinya.”","sampai kami menyeberangi Sungai Yordan memasuki negeri yang dikaruniakan ALLAH, Tuhan kami, kepada kami. Begitulah bani Esau, yang tinggal di Seir, juga orang Moab, yang tinggal di Ar, memperlakukan kami.’",
Ulangan,2,30,Ulangan 2:30,لَكِنْ لَمْ يَشَأْ سِيحُونُ مَلِكُ حَشْبُونَ أَنْ يَدَعَنَا نَمُرَّ بِهِ، لِأَنَّ ٱلرَّبَّ إِلَهَكَ قَسَّى رُوحَهُ، وَقَوَّى قَلْبَهُ لِكَيْ يَدْفَعَهُ إِلَى يَدِكَ كَمَا فِي هَذَا ٱلْيَوْمِ.,"Namun Sihon, raja Hesybon tidak mengizinkan kita melintasi negerinya. Sebab, TUHAN, Allahmu telah mengeraskan hatinya dan membuat hatinya degil untuk menyerahkannya ke dalam tanganmu, sebagaimana sekarang ini.","Tetapi, Sihon, raja Hesbon, tidak mau mengizinkan kita melewati negerinya karena ALLAH, Tuhanmu, telah mengeraskan hatinya dan menjadikan hatinya degil supaya ia diserahkan ke dalam tanganmu, seperti yang terjadi pada hari ini.",
Ulangan,2,31,Ulangan 2:31,وَقَالَ ٱلرَّبُّ لِي: اُنْظُرْ. قَدِ ٱبْتَدَأْتُ أَدْفَعُ أَمَامَكَ سِيحُونَ وَأَرْضَهُ. ٱبْتَدِئْ تَمَلَّكْ حَتَّى تَمْتَلِكَ أَرْضَهُ.,"TUHAN berfirman kepadaku, “Aku memberikan kepadamu Raja Sihon dan negerinya. Kamu harus mulai menduduki dan menguasai negerinya.”","ALLAH berfirman kepadaku, ‘Ketahuilah, Aku mulai menyerahkan Sihon dan negerinya kepadamu. Kamu harus mulai menduduki negerinya supaya kamu dapat memilikinya.’",
Ulangan,2,32,Ulangan 2:32,فَخَرَجَ سِيحُونُ لِلِقَائِنَا هُوَ وَجَمِيعُ قَوْمِهِ لِلْحَرْبِ إِلَى يَاهَصَ،,"Kemudian, Sihon dan semua tentaranya keluar untuk menghadapi kita dalam pertempuran di Yahas.","Lalu, keluarlah Sihon menghadapi kita beserta seluruh pasukannya untuk berperang di Yahas.",
Ulangan,2,33,Ulangan 2:33,فَدَفَعَهُ ٱلرَّبُّ إِلَهُنَا أَمَامَنَا، فَضَرَبْنَاهُ وَبَنِيهِ وَجَمِيعَ قَوْمِهِ.,"Namun, TUHAN, Allah kita memberikannya kepada kita. Kita mengalahkan Raja Sihon, anak-anaknya, dan semua orangnya.","Tetapi, ALLAH, Tuhan kita, menyerahkan dia kepada kita sehingga kita mengalahkan dia, anak-anaknya, dan seluruh pasukannya.",
Ulangan,2,34,Ulangan 2:34,وَأَخَذْنَا كُلَّ مُدُنِهِ فِي ذَلِكَ ٱلْوَقْتِ، وَحَرَّمْنَا مِنْ كُلِّ مَدِينَةٍ: ٱلرِّجَالَ وَٱلنِّسَاءَ وَٱلْأَطْفَالَ. لَمْ نُبْقِ شَارِدًا.,"Pada waktu itu, kita merebut semua kotanya. Kita membinasakan penduduk di setiap kota, baik laki-laki, perempuan, maupun anak-anak. Tidak seorang pun kita biarkan hidup!","Pada waktu itu kita merebut semua kotanya dan menumpas semua penduduknya, baik laki-laki, perempuan, maupun anak-anak. Tak seorang pun kita tinggalkan terluput.",
Ulangan,2,35,Ulangan 2:35,لَكِنَّ ٱلْبَهَائِمَ نَهَبْنَاهَا لِأَنْفُسِنَا، وَغَنِيمَةَ ٱلْمُدُنِ ٱلَّتِي أَخَذْنَا،,Kita hanya mengambil binatang ternak sebagai rampasan dari kota-kota itu.,Hanya ternak saja yang kita rampas bagi kita beserta jarahan dari kota-kota yang kita rebut.,
Ulangan,2,36,Ulangan 2:36,مِنْ عَرُوعِيرَ ٱلَّتِي عَلَى حَافَةِ وَادِي أَرْنُونَ وَٱلْمَدِينَةِ ٱلَّتِي فِي ٱلْوَادِي، إِلَى جِلْعَادَ، لَمْ تَكُنْ قَرْيَةٌ قَدِ ٱمْتَنَعَتْ عَلَيْنَا. ٱلْجَمِيعُ دَفَعَهُ ٱلرَّبُّ إِلَهُنَا أَمَامَنَا.,"Dari Kota Aroer, di tepi Sungai Arnon beserta kota lainnya di dekat sungai itu, sampai ke Gilead, TUHAN, Allah kita memampukan kita mengalahkan semua kota itu, tidak ada yang terlalu kuat bagi kita.","Mulai dari Aro’er yang terletak di Lembah Arnon dan juga kota di lembah itu sampai ke Gilead, tidak ada kota yang terlalu kuat bagi kita. ALLAH, Tuhan kita, menyerahkan semuanya kepada kita.",
Ulangan,2,37,Ulangan 2:37,وَلَكِنَّ أَرْضَ بَنِي عَمُّونَ لَمْ نَقْرَبْهَا. كُلَّ نَاحِيَةِ وَادِي يَبُّوقَ وَمُدُنَ ٱلْجَبَلِ وَكُلَّ مَا أَوْصَى ٱلرَّبُّ إِلَهُنَا.,"Namun, kamu tidak mendekati tanah milik orang Amon dan tepi Sungai Yabok atau kota-kota di daerah pegunungan, yaitu tempat-tempat yang TUHAN, Allah kita larang untuk kita miliki.","Hanya negeri bani Amon saja yang tidak kaudekati, yaitu seluruh tempat di tepi Sungai Yabok, kota-kota di pegunungan, dan semua tempat yang dilarang oleh ALLAH, Tuhan kita.",
Ulangan,3,1,Ulangan 3:1,«ثُمَّ تَحَوَّلْنَا وَصَعِدْنَا فِي طَرِيقِ بَاشَانَ، فَخَرَجَ عُوجُ مَلِكُ بَاشَانَ لِلِقَائِنَا هُوَ وَجَمِيعُ قَوْمِهِ لِلْحَرْبِ فِي إِذْرَعِي.,"Kemudian, kita berbalik dan berjalan menuju Basan. Og, raja Basan, beserta semua rakyatnya keluar menghadapi kita untuk berperang di Edrei.","Setelah itu, kita berbalik dan maju ke arah Basan. Og, raja Basan, beserta seluruh pasukannya keluar menghadapi kita untuk berperang di Edrei.",
Ulangan,3,2,Ulangan 3:2,فَقَالَ لِي ٱلرَّبُّ: لَا تَخَفْ مِنْهُ، لِأَنِّي قَدْ دَفَعْتُهُ إِلَى يَدِكَ وَجَمِيعَ قَوْمِهِ وَأَرْضِهِ، فَتَفْعَلُ بِهِ كَمَا فَعَلْتَ بِسِيحُونَ مَلِكِ ٱلْأَمُورِيِّينَ ٱلَّذِي كَانَ سَاكِنًا فِي حَشْبُونَ.,"TUHAN berfirman kepadaku, “Jangan takut kepadanya. Aku akan menyerahkan dia beserta seluruh rakyat dan negerinya kepadamu. Lakukanlah hal yang sama kepadanya, seperti yang telah kamu lakukan terhadap Sihon, raja Amori yang tinggal di Hesybon.”","Namun, ALLAH berfirman kepadaku, ‘Jangan takut kepadanya karena Aku telah menyerahkan dia ke dalam tanganmu juga seluruh pasukannya dan negerinya. Perlakukanlah dia seperti engkau memperlakukan Sihon, raja orang Amori, yang tinggal di Hesbon.’",
Ulangan,3,3,Ulangan 3:3,فَدَفَعَ ٱلرَّبُّ إِلَهُنَا إِلَى أَيْدِينَا عُوجَ أَيْضًا مَلِكَ بَاشَانَ وَجَمِيعَ قَوْمِهِ، فَضَرَبْنَاهُ حَتَّى لَمْ يَبْقَ لَهُ شَارِدٌ.,"TUHAN, Allah kita, menyerahkan Og, raja Basan. dan seluruh rakyatnya. Kita mengalahkan mereka, dan tidak membiarkan seorang pun tetap hidup.","Demikianlah ALLAH, Tuhan kita, menyerahkan Og raja Basan dan seluruh pasukannya ke dalam tangan kita. Kita mengalahkannya, tak seorang pun kita tinggalkan terluput.",
Ulangan,3,4,Ulangan 3:4,وَأَخَذْنَا كُلَّ مُدُنِهِ فِي ذَلِكَ ٱلْوَقْتِ. لَمْ تَكُنْ قَرْيَةٌ لَمْ نَأْخُذْهَا مِنْهُمْ. سِتُّونَ مَدِينَةً، كُلُّ كُورَةِ أَرْجُوبَ مَمْلَكَةُ عُوجٍ فِي بَاشَانَ.,"Pada waktu itu kita merebut seluruh kotanya. Tidak ada satu pun kota yang terlewatkan. Ada 60 kota di wilayah Argob, kerajaan Og, di Basan.","Pada waktu itu kita merebut semua kotanya. Tidak ada kota yang tidak kita rebut dari mereka—enam puluh kota, yaitu seluruh kawasan Argob, kerajaan Og di Basan.",
Ulangan,3,5,Ulangan 3:5,كُلُّ هَذِهِ كَانَتْ مُدُنًا مُحَصَّنَةً بِأَسْوَارٍ شَامِخَةٍ، وَأَبْوَابٍ وَمَزَالِيجَ. سِوَى قُرَى ٱلصَّحْرَاءِ ٱلْكَثِيرَةِ جِدًّا.,"Semua kota ini mempunyai benteng yang tinggi, pintu gerbang, dan memiliki palang yang kuat. Di samping itu, banyak kota yang tidak memiliki benteng.","Semua kota itu berkubu, bertembok tinggi, berpintu gerbang, dan berpalang, di samping kota-kota tak bertembok yang sangat banyak jumlahnya.",
Ulangan,3,6,Ulangan 3:6,فَحَرَّمْنَاهَا كَمَا فَعَلْنَا بِسِيحُونَ مَلِكِ حَشْبُونَ، مُحَرِّمِينَ كُلَّ مَدِينَةٍ: ٱلرِّجَالَ وَٱلنِّسَاءَ وَٱلْأَطْفَالَ.,"Kita membinasakan seluruh rakyatnya seperti yang kita lakukan terhadap Sihon, raja Hesybon. Kita membinasakan seluruh kota dan semua lelaki yang ada di dalamnya, termasuk kaum perempuan dan anak-anak.","Kita menumpas mereka seperti yang kita lakukan terhadap Sihon, raja Hesbon. Penduduk di setiap kota kita tumpas, baik laki-laki, perempuan, maupun anak-anak.",
Ulangan,3,7,Ulangan 3:7,لَكِنَّ كُلَّ ٱلْبَهَائِمِ وَغَنِيمَةِ ٱلْمُدُنِ نَهَبْنَاهَا لِأَنْفُسِنَا.,Dan semua binatang ternak dan barang rampasan dari kota-kota itu kita ambil untuk diri kita sendiri.,"Tetapi, segala ternak dan jarahan dari kota-kota itu kita rampas bagi diri kita.",
Ulangan,3,8,Ulangan 3:8,وَأَخَذْنَا فِي ذَلِكَ ٱلْوَقْتِ مِنْ يَدِ مَلِكَيِ ٱلْأَمُورِيِّينَ ٱلْأَرْضَ ٱلَّتِي فِي عَبْرِ ٱلْأُرْدُنِّ، مِنْ وَادِي أَرْنُونَ إِلَى جَبَلِ حَرْمُونَ.,"Begitulah kita merebut tanah dari dua Raja Amori. Kita mengambil tanah yang di sebelah Sungai Yordan, Sungai Arnon sampai ke Gunung Hermon,","Demikianlah pada waktu itu kita merebut negeri itu dari tangan kedua raja orang Amori yang tinggal di seberang Sungai Yordan, dari Lembah Arnon sampai ke Gunung Hermon",
Ulangan,3,9,Ulangan 3:9,وَٱلصَّيْدُونِيُّونَ يَدْعُونَ حَرْمُونَ سِرْيُونَ، وَٱلْأَمُورِيُّونَ يَدْعُونَهُ سَنِيرَ.,Orang Sidon menyebut gunung itu Siryon dan orang Amori menyebutnya Senir.,"(Hermon disebut Siryon oleh orang Sidon, tetapi orang Amori menyebutnya Senir),",
Ulangan,3,10,Ulangan 3:10,كُلَّ مُدُنِ ٱلسَّهْلِ وَكُلَّ جِلْعَادَ وَكُلَّ بَاشَانَ إِلَى سَلْخَةَ وَإِذْرَعِي مَدِينَتَيْ مَمْلَكَةِ عُوجٍ فِي بَاشَانَ.,"termasuk kota-kota di dataran tinggi dan semua yang ada di Gilead, Basan, sepanjang jalan ke Salkha dan Edrei, yaitu kota-kota kerajaan Og di Basan.","semua kota di dataran tinggi, seluruh Gilead dan seluruh Basan sampai ke Salkha dan Edrei, yaitu kota-kota kerajaan Og di Basan.",
Ulangan,3,11,Ulangan 3:11,إِنَّ عُوجَ مَلِكَ بَاشَانَ وَحْدَهُ بَقِيَ مِنْ بَقِيَّةِ ٱلرَّفَائِيِّينَ. هُوَذَا سَرِيرُهُ سَرِيرٌ مِنْ حَدِيدٍ. أَلَيْسَ هُوَ فِي رَبَّةِ بَنِي عَمُّونَ؟ طُولُهُ تِسْعُ أَذْرُعٍ، وَعَرْضُهُ أَرْبَعُ أَذْرُعٍ بِذِرَاعِ رَجُلٍ.,"Hanya Og, raja Basan yang masih hidup dari antara orang Refaim. Tempat tidurnya terbuat dari besi, panjangnya 9 hasta lebih dan lebarnya 4 hasta. Tempat tidur itu masih ada di Kota Raba, tempat tinggal orang Amon.","(Hanya Og, raja Basan itu, yang masih tinggal hidup dari sisa-sisa orang Refaim. Bukankah tempat tidurnya, tempat tidur dari besi, masih tersimpan di Raba, kota bani Amon? Panjangnya sembilan hasta dan lebarnya hampir empat hasta, menurut hasta yang lazim.)",
Ulangan,3,12,Ulangan 3:12,«فَهَذِهِ ٱلْأَرْضُ ٱمْتَلَكْنَاهَا فِي ذَلِكَ ٱلْوَقْتِ مِنْ عَرُوعِيرَ ٱلَّتِي عَلَى وَادِي أَرْنُونَ، وَنِصْفَ جَبَلِ جِلْعَادَ وَمُدُنَهُ أَعْطَيْتُ لِلرَّأُوبَيْنِيِّينَ وَٱلْجَادِيِّينَ.,"Jadi, kita memiliki tanah itu, dari Aroer di Lembah Arnon sampai ke daerah perbukitan Gilead beserta kota-kotanya. Aku memberikan negeri ini kepada orang Ruben dan Gad, yaitu setengah dari daerah perbukitan di Gilead.","Setelah kita menduduki negeri itu pada waktu itu, wilayah dari Aro’er di Lembah Arnon beserta separuh Pegunungan Gilead dengan kota-kotanya kuberikan kepada bani Ruben dan bani Gad.",
Ulangan,3,13,Ulangan 3:13,وَبَقِيَّةَ جِلْعَادَ وَكُلَّ بَاشَانَ مَمْلَكَةَ عُوجٍ أَعْطَيْتُ لِنِصْفِ سِبْطِ مَنَسَّى. كُلَّ كُورَةِ أَرْجُوبَ مَعَ كُلِّ بَاشَانَ. وَهِيَ تُدْعَى أَرْضَ ٱلرَّفَائِيِّينَ.,Aku memberikan separuh sisanya dari Gilead dan semua tanah Basan kepada setengah suku Manasye. Basan adalah kerajaan Og. Kawasan Basan disebut Argob dan juga disebut daerah Refaim.,"Sedangkan wilayah Gilead yang selebihnya serta seluruh Basan, yaitu seluruh kawasan Argob, kerajaan Og, kuberikan kepada separuh suku Manasye. (Seluruh Basan itu disebut negeri orang Refaim.",
Ulangan,3,14,Ulangan 3:14,يَائِيرُ ٱبْنُ مَنَسَّى أَخَذَ كُلَّ كُورَةِ أَرْجُوبَ إِلَى تُخْمِ ٱلْجَشُورِيِّينَ وَٱلْمَعْكِيِّينَ، وَدَعَاهَا عَلَى ٱسْمِهِ بَاشَانَ «حَوُّوثِ يَائِيرَ» إِلَى هَذَا ٱلْيَوْمِ.,"Yair, keturunan Manasye, mengambil seluruh wilayah Argob sampai ke perbatasan orang Gesur dan Maakha. Daerah itu disebut menurut nama Yair, bahkan hingga hari ini Basan disebut orang sebagai Hawot-Yair.","Yair, keturunan Manasye, merebut seluruh kawasan Argob sampai ke perbatasan wilayah orang Gesur dan orang Maakha. Kemudian, dinamainya Basan itu Hawot-Yair, menurut namanya sendiri, sampai hari ini.)",
Ulangan,3,15,Ulangan 3:15,وَلِمَاكِيرَ أَعْطَيْتُ جِلْعَادَ.,Aku memberikan Gilead kepada Makhir.,Kepada Makhir kuberikan Gilead.,
Ulangan,3,16,Ulangan 3:16,وَلِلرَّأُوبَيْنِيِّينَ وَٱلْجَادِيِّينَ أَعْطَيْتُ مِنْ جِلْعَادَ إِلَى وَادِي أَرْنُونَ وَسَطَ ٱلْوَادِي تُخْمًا، وَإِلَى وَادِي يَبُّوقَ تُخْمِ بَنِي عَمُّونَ.,"Kepada suku Ruben dan suku Gad, kuberikan tanah mulai dari Gilead dan meluas dari Sungai Arnon ke Sungai Yabok, yaitu perbatasan wilayah Amon,","Kepada bani Ruben dan bani Gad kuberikan wilayah dari Gilead sampai ke Lembah Arnon dengan bagian tengah lembah sebagai batasnya, lalu terus ke Sungai Yabok, batas daerah bani Amon;",
Ulangan,3,17,Ulangan 3:17,وَٱلْعَرَبَةَ وَٱلْأُرْدُنَّ تُخْمًا مِنْ كِنَّارَةَ إِلَى بَحْرِ ٱلْعَرَبَةِ، بَحْرِ ٱلْمِلْحِ، تَحْتَ سُفُوحِ ٱلْفِسْجَةِ نَحْوَ ٱلشَّرْقِ.,"Sungai Yordan sebagai batasnya, Danau Kineret dan Laut Mati lalu Gunung Pisga di bagian timur.","demikian juga wilayah Araba dengan Sungai Yordan sebagai batasnya, dari Danau Kineret sampai ke Laut Araba, yaitu Laut Mati di kaki lereng Gunung Pisga ke arah timur.",
Ulangan,3,18,Ulangan 3:18,«وَأَمَرْتُكُمْ فِي ذَلِكَ ٱلْوَقْتِ قَائِلًا: ٱلرَّبُّ إِلَهُكُمْ قَدْ أَعْطَاكُمْ هَذِهِ ٱلْأَرْضَ لِتَمْتَلِكُوهَا. مُتَجَرِّدِينَ تَعْبُرُونَ أَمَامَ إِخْوَتِكُمْ بَنِي إِسْرَائِيلَ، كُلُّ ذَوِي بَأْسٍ.,"Pada waktu itu aku memberikan perintah ini kepadamu, kataku, “TUHAN, Allahmu, telah memberikan tanah di seberang Sungai Yordan untuk menjadi milikmu. Namun, seluruh orang gagah perkasa di antaramu, yaitu orang-orang yang bersenjata, harus ikut menyeberangi Sungai Yordan di depan suku-suku bangsa Israel lainnya.","Pada waktu itu aku memberi perintah kepadamu demikian, ‘ALLAH, Tuhanmu, telah mengaruniakan negeri ini kepadamu untuk diduduki. Hendaklah orang-orangmu yang bersenjata, yaitu semua orang yang gagah perkasa, menyeberang di depan saudara-saudaramu bani Israil.",
Ulangan,3,19,Ulangan 3:19,أَمَّا نِسَاؤُكُمْ وَأَطْفَالُكُمْ وَمَوَاشِيكُمْ، قَدْ عَرَفْتُ أَنَّ لَكُمْ مَوَاشِيَ كَثِيرَةً، فَتَمْكُثُ فِي مُدُنِكُمُ ٱلَّتِي أَعْطَيْتُكُمْ،,"Sedangkan istri-istrimu dan anak-anakmu serta ternakmu yang sangat banyak itu, mereka tetap tinggal di kota-kota yang telah kuberikan kepadamu.","Tetapi, biarlah istri-istrimu, anak-anakmu, dan ternak-ternakmu (aku tahu bahwa kamu mempunyai banyak ternak) tinggal di kota-kota yang telah kuberikan kepadamu",
Ulangan,3,20,Ulangan 3:20,حَتَّى يُرِيحَ ٱلرَّبُّ إِخْوَتَكُمْ مِثْلَكُمْ وَيَمْتَلِكُوا هُمْ أَيْضًا ٱلْأَرْضَ ٱلَّتِي ٱلرَّبُّ إِلَهُكُمْ يُعْطِيهِمْ فِي عَبْرِ ٱلْأُرْدُنِّ. ثُمَّ تَرْجِعُونَ كُلُّ وَاحِدٍ إِلَى مُلْكِهِ ٱلَّذِي أَعْطَيْتُكُمْ.,"Pergilah sampai mereka mengambil alih tanah yang telah TUHAN berikan kepada mereka di seberang Sungai Yordan, hingga TUHAN memberikan kedamaian kepada mereka di sana, seperti yang kamu peroleh di sini. Sesudah itu, kamu dapat pulang ke tanah yang telah kuberikan kepadamu itu.”","sampai ALLAH mengaruniakan ketenteraman kepada saudara-saudaramu seperti kepadamu, dan mereka juga memiliki negeri yang dikaruniakan ALLAH, Tuhanmu, kepada mereka di seberang Sungai Yordan. Setelah itu, barulah kamu boleh kembali, masing-masing ke tanah miliknya yang telah kuberikan kepadamu.’",
Ulangan,3,21,Ulangan 3:21,وَأَمَرْتُ يَشُوعَ فِي ذَلِكَ ٱلْوَقْتِ قَائِلًا: عَيْنَاكَ قَدْ أَبْصَرَتَا كُلَّ مَا فَعَلَ ٱلرَّبُّ إِلَهُكُمْ بِهَذَيْنِ ٱلْمَلِكَيْنِ. هَكَذَا يَفْعَلُ ٱلرَّبُّ بِجَمِيعِ ٱلْمَمَالِكِ ٱلَّتِي أَنْتَ عَابِرٌ إِلَيْهَا.,"Kemudian, aku berkata kepada Yosua, “Kamu telah melihat segala sesuatu yang TUHAN, Allahmu, lakukan terhadap kedua raja itu. TUHAN juga akan melakukan hal yang sama kepada setiap kerajaan yang akan kamu seberangi.","Kemudian, pada waktu itu juga aku memberi perintah kepada Yusak demikian, ‘Dengan matamu sendiri engkau telah melihat semua yang dilakukan ALLAH, Tuhanmu, atas kedua raja itu. ALLAH pun akan melakukan hal yang demikian itu terhadap semua kerajaan di tempat yang akan kaumasuki.",
Ulangan,3,22,Ulangan 3:22,لَا تَخَافُوا مِنْهُمْ، لِأَنَّ ٱلرَّبَّ إِلَهَكُمْ هُوَ ٱلْمُحَارِبُ عَنْكُمْ.,"Janganlah takut kepada raja-raja itu, karena TUHAN, Allahmu, akan berperang untukmu.”","Jangan takut kepada mereka karena ALLAH, Tuhanmu, Dialah yang akan berperang bagi kamu.’",
Ulangan,3,23,Ulangan 3:23,«وَتَضَرَّعْتُ إِلَى ٱلرَّبِّ فِي ذَلِكَ ٱلْوَقْتِ قَائِلًا:,"Pada waktu itu, aku memohon kepada TUHAN,","Pada waktu itu pula aku memohon belas kasihan ALLAH, demikian,",
Ulangan,3,24,Ulangan 3:24,يَا سَيِّدُ ٱلرَّبُّ، أَنْتَ قَدِ ٱبْتَدَأْتَ تُرِي عَبْدَكَ عَظَمَتَكَ وَيَدَكَ ٱلشَّدِيدَةَ. فَإِنَّهُ أَيُّ إِلَهٍ فِي ٱلسَّمَاءِ وَعَلَى ٱلْأَرْضِ يَعْمَلُ كَأَعْمَالِكَ وَكَجَبَرُوتِكَ؟,"“Ya TUHAN, Allah, kepada hamba-Mu Engkau telah menunjukkan keagungan-Mu dan kekuatan-Mu. Siapakah ilah di langit dan di bumi yang dapat melakukan hal-hal besar dan penuh kuasa seperti yang Engkau lakukan?","‘Ya ALLAH, ya Rabbi, Engkau telah mulai menyatakan kepada hamba-Mu ini kebesaran-Mu dan kekuatan-Mu, sebab ilah manakah di langit atau di bumi dapat melakukan perbuatan yang perkasa seperti Engkau?",
Ulangan,3,25,Ulangan 3:25,دَعْنِي أَعْبُرْ وَأَرَى ٱلْأَرْضَ ٱلْجَيِّدَةَ ٱلَّتِي فِي عَبْرِ ٱلْأُرْدُنِّ، هَذَا ٱلْجَبَلَ ٱلْجَيِّدَ وَلُبْنَانَ.,"Biarkanlah aku menyeberangi Sungai Yordan dan melihat tanah yang baik di seberang Sungai Yordan, daerah pegunungan yang baik itu dan Lebanon.”","Izinkanlah kiranya hamba menyeberang dan melihat negeri yang baik di seberang Sungai Yordan itu, pegunungan yang baik, dan juga Libanon.’",
Ulangan,3,26,Ulangan 3:26,لَكِنَّ ٱلرَّبَّ غَضِبَ عَلَيَّ بِسَبَبِكُمْ وَلَمْ يَسْمَعْ لِي، بَلْ قَالَ لِي ٱلرَّبُّ: كَفَاكَ! لَا تَعُدْ تُكَلِّمُنِي أَيْضًا فِي هَذَا ٱلْأَمْرِ.,"Namun, TUHAN marah kepadaku karenamu dan Dia tidak mengabulkan permohonanku. TUHAN berfirman kepadaku, “Sudah cukup! Janganlah bicarakan hal itu lagi.","Akan tetapi, ALLAH murka kepadaku karena kamu dan tidak mau mendengarkan permohonanku. Firman ALLAH kepadaku, ‘Cukup! Jangan bicarakan lagi hal itu dengan-Ku.",
Ulangan,3,27,Ulangan 3:27,ٱصْعَدْ إِلَى رَأْسِ ٱلْفِسْجَةِ وَٱرْفَعْ عَيْنَيْكَ إِلَى ٱلْغَرْبِ وَٱلشِّمَالِ وَٱلْجَنُوبِ وَٱلشَّرْقِ، وَٱنْظُرْ بِعَيْنَيْكَ، لَكِنْ لَا تَعْبُرُ هَذَا ٱلْأُرْدُنَّ.,"Pergilah ke puncak Gunung Pisga. Pandanglah ke arah barat, ke arah utara, ke arah selatan, dan ke arah timur. Kamu dapat melihat itu semuanya dengan matamu sendiri, tetapi kamu tidak boleh menyeberangi Sungai Yordan.","Naiklah ke puncak Gunung Pisga dan layangkanlah pandang ke barat, ke utara, ke selatan, dan ke timur. Lihatlah dengan saksama karena engkau tidak akan menyeberangi Sungai Yordan ini.",
Ulangan,3,28,Ulangan 3:28,وَأَمَّا يَشُوعُ فَأَوْصِهِ وَشَدِّدْهُ وَشَجِّعْهُ، لِأَنَّهُ هُوَ يَعْبُرُ أَمَامَ هَذَا ٱلشَّعْبِ، وَهُوَ يَقْسِمُ لَهُمُ ٱلْأَرْضَ ٱلَّتِي تَرَاهَا.,"Kamu harus memberikan perintah kepada Yosua. Kuatkan dan teguhkanlah hatinya, karena dia harus memimpin bangsa ini untuk menyeberangi Sungai Yordan dan mengambil tanah yang kau lihat itu.”","Berilah perintah kepada Yusak, kuatkanlah dan teguhkanlah hatinya karena dialah yang akan memimpin bangsa ini menyeberang dan dialah yang akan memimpin mereka mewarisi negeri yang akan kaulihat itu.’",
Ulangan,3,29,Ulangan 3:29,فَمَكَثْنَا فِي ٱلْجِوَاءِ مُقَابِلَ بَيْتِ فَغُورَ.,"Jadi, kita tinggal di lembah, di seberang Bet-Peor.","Maka, tinggallah kita di lembah yang berseberangan dengan Bait-Peor.",
Ulangan,4,1,Ulangan 4:1,«فَٱلْآنَ يَا إِسْرَائِيلُ ٱسْمَعِ ٱلْفَرَائِضَ وَٱلْأَحْكَامَ ٱلَّتِي أَنَا أُعَلِّمُكُمْ لِتَعْمَلُوهَا، لِكَيْ تَحْيَوْا وَتَدْخُلُوا وَتَمْتَلِكُوا ٱلْأَرْضَ ٱلَّتِي ٱلرَّبُّ إِلَهُ آبَائِكُمْ يُعْطِيكُمْ.,"“Sekarang, orang Israel dengarkanlah ketetapan dan perintah yang kuajarkan kepadamu, taatilah itu supaya kamu hidup dan dapat memasuki dan memiliki tanah yang diberikan TUHAN, Allah nenek moyangmu, kepadamu.","Sekarang, hai Israil, dengarkanlah ketetapan-ketetapan dan peraturan-peraturan yang kuajarkan kepadamu untuk kamu lakukan supaya kamu dapat hidup dan selanjutnya dapat memasuki serta menduduki negeri yang dikaruniakan ALLAH, Tuhan nenek moyangmu, kepadamu.",
Ulangan,4,2,Ulangan 4:2,لَا تَزِيدُوا عَلَى ٱلْكَلَامِ ٱلَّذِي أَنَا أُوصِيكُمْ بِهِ وَلَا تُنَقِّصُوا مِنْهُ، لِكَيْ تَحْفَظُوا وَصَايَا ٱلرَّبِّ إِلَهِكُمُ ٱلَّتِي أَنَا أُوصِيكُمْ بِهَا.,"Janganlah kamu menambahi atau mengurangi apa yang telah kuperintahkan kepadamu. Kamu harus menaati seluruh perintah TUHAN, Allahmu, yang telah kusampaikan kepadamu.","Jangan menambahi atau pun mengurangi perkataan yang kusampaikan kepadamu. Dengan demikian, kamu memegang teguh perintah-perintah ALLAH, Tuhanmu, yang kusampaikan kepadamu.",
Ulangan,4,3,Ulangan 4:3,أَعْيُنُكُمْ قَدْ أَبْصَرَتْ مَا فَعَلَهُ ٱلرَّبُّ بِبَعْلَ فَغُورَ. إِنَّ كُلَّ مَنْ ذَهَبَ وَرَاءَ بَعْلَ فَغُورَ أَبَادَهُ ٱلرَّبُّ إِلَهُكُمْ مِنْ وَسَطِكُمْ،,"Kamu telah melihat yang telah dilakukan oleh TUHAN di Baal-Peor. TUHAN, Allahmu, membinasakan seluruh orang yang mengikuti Baal-Peor di tempat itu.","Matamu sendiri telah melihat apa yang dilakukan ALLAH sehubungan dengan Dewa Baal-Peor. Semua orang yang mengikuti Dewa Baal-Peor telah dibinasakan oleh ALLAH, Tuhanmu, dari antaramu.",
Ulangan,4,4,Ulangan 4:4,وَأَمَّا أَنْتُمُ ٱلْمُلْتَصِقُونَ بِٱلرَّبِّ إِلَهِكُمْ فَجَمِيعُكُمْ أَحْيَاءٌ ٱلْيَوْمَ.,"Akan tetapi, kalian semua yang setia kepada TUHAN, Allahmu, masih hidup hari ini.","Sedangkan kamu semua yang berpaut kepada ALLAH, Tuhanmu, masih hidup sampai hari ini.",
Ulangan,4,5,Ulangan 4:5,اُنْظُرْ. قَدْ عَلَّمْتُكُمْ فَرَائِضَ وَأَحْكَامًا كَمَا أَمَرَنِي ٱلرَّبُّ إِلَهِي، لِكَيْ تَعْمَلُوا هَكَذَا فِي ٱلْأَرْضِ ٱلَّتِي أَنْتُمْ دَاخِلُونَ إِلَيْهَا لِكَيْ تَمْتَلِكُوهَا.,"Aku telah mengajarmu tentang ketetapan dan perintah yang diperintahkan kepadaku oleh TUHAN, Allahku, supaya kamu menaatinya di negeri yang akan kamu masuki dan miliki.","Ingatlah, seperti yang diperintahkan kepadaku oleh ALLAH, Tuhanku, aku telah mengajarkan kepadamu ketetapan-ketetapan dan peraturan-peraturan untuk dilaksanakan di negeri yang akan kamu masuki serta duduki.",
Ulangan,4,6,Ulangan 4:6,فَٱحْفَظُوا وَٱعْمَلُوا. لِأَنَّ ذَلِكَ حِكْمَتُكُمْ وَفِطْنَتُكُمْ أَمَامَ أَعْيُنِ ٱلشُّعُوبِ ٱلَّذِينَ يَسْمَعُونَ كُلَّ هَذِهِ ٱلْفَرَائِضِ، فَيَقُولُونَ: هَذَا ٱلشَّعْبُ ٱلْعَظِيمُ إِنَّمَا هُوَ شَعْبٌ حَكِيمٌ وَفَطِنٌ.,"Taatilah semuanya itu tunjukkan kepada bangsa-bangsa lain bahwa kamu bijaksana dan memiliki akal budi. Mereka akan mendengar tentang peraturan-peraturan ini dan berkata, ‘Benar, bangsa yang besar ini bijaksana dan berakal budi.’","Peganglah teguh semua itu dan lakukanlah karena semua itu akan menjadi hikmatmu dan kepandaianmu di depan mata bangsa-bangsa. Ketika mereka mendengar segala ketetapan ini, mereka akan berkata, ‘Sungguh, bangsa yang besar ini adalah orang-orang yang bijak dan pandai!’",
Ulangan,4,7,Ulangan 4:7,لِأَنَّهُ أَيُّ شَعْبٍ هُوَ عَظِيمٌ لَهُ آلِهَةٌ قَرِيبَةٌ مِنْهُ كَٱلرَّبِّ إِلَهِنَا فِي كُلِّ أَدْعِيَتِنَا إِلَيْهِ؟,"Tidak ada bangsa lain yang mempunyai ilah yang begitu dekat seperti TUHAN, Allah kita, setiap kita berseru kepada-Nya!","Bangsa besar manakah yang ilahnya begitu dekat padanya seperti ALLAH, Tuhan kita, kapan pun kita berseru kepada-Nya?",
Ulangan,4,8,Ulangan 4:8,وَأَيُّ شَعْبٍ هُوَ عَظِيمٌ لَهُ فَرَائِضُ وَأَحْكَامٌ عَادِلَةٌ مِثْلُ كُلِّ هَذِهِ ٱلشَّرِيعَةِ ٱلَّتِي أَنَا وَاضِعٌ أَمَامَكُمُ ٱلْيَوْمَ؟,Tidak ada bangsa besar yang memiliki ketetapan dan peraturan yang adil seperti seluruh ketetapan dan peraturan yang kuberikan kepadamu hari ini.,Bangsa besar manakah yang mempunyai ketetapan-ketetapan dan peraturan-peraturan yang adil seperti seluruh hukum Taurat yang kusampaikan kepadamu pada hari ini?,
Ulangan,4,9,Ulangan 4:9,«إِنَّمَا ٱحْتَرِزْ وَٱحفَظْ نَفْسَكَ جِدًّا لِئَلَّا تَنْسَى ٱلْأُمُورَ ٱلَّتِي أَبْصَرَتْ عَيْنَاكَ، وَلِئَلَّا تَزُولَ مِنْ قَلْبِكَ كُلَّ أَيَّامِ حَيَاتِكَ. وَعَلِّمْهَا أَوْلَادَكَ وَأَوْلَادَ أَوْلَادِكَ.,"Namun, kamu harus menjaga diri dan berhati-hatilah! Jangan sampai kamu melupakan hal-hal yang telah kamu lihat dengan matamu sendiri. Jangan sampai semua itu hilang dari hatimu seumur hidupmu. Ceritakanlah hal itu kepada anak cucumu.","Hanya, berhati-hatilah dan jagalah dirimu baik-baik. Jangan sampai kamu melupakan hal-hal yang telah kamu lihat dengan matamu sendiri, dan jangan sampai semua itu hilang dari hatimu seumur hidupmu. Ceritakanlah kepada anak cucumu",
Ulangan,4,10,Ulangan 4:10,فِي ٱلْيَوْمِ ٱلَّذِي وَقَفْتَ فِيهِ أَمَامَ ٱلرَّبِّ إِلَهِكَ فِي حُورِيبَ حِينَ قَالَ لِي ٱلرَّبُّ: ٱجْمَعْ لِي ٱلشَّعْبَ فَأُسْمِعَهُمْ كَلَامِي، لِكَيْ يَتَعَلَّمُوا أَنْ يَخَافُونِي كُلَّ ٱلْأَيَّامِ ٱلَّتِي هُمْ فِيهَا أَحْيَاءٌ عَلَى ٱلْأَرْضِ، وَيُعَلِّمُوا أَوْلَادَهُمْ.,"Pada waktu kamu berdiri di hadapan TUHAN, Allahmu, di Gunung Horeb. TUHAN berfirman kepadaku, ‘Kumpulkanlah mereka di hadapan-Ku, biarlah mereka mendengarkan yang harus Kukatakan. Maka mereka akan belajar untuk takut akan Aku selama mereka hidup. Dan, mereka juga akan mengajarkan kepada anak-anaknya.’","tentang hari ketika kamu menghadap hadirat ALLAH, Tuhanmu, di Horeb. Pada waktu itu ALLAH berfirman kepadaku, ‘Kumpulkanlah bangsa itu di hadapan-Ku. Aku akan memperdengarkan firman-Ku supaya mereka dapat belajar bertakwa kepada-Ku seumur hidup mereka di bumi dan dapat mengajarkannya pula kepada anak-anak mereka.’",
Ulangan,4,11,Ulangan 4:11,فَتَقَدَّمْتُمْ وَوَقَفْتُمْ فِي أَسْفَلِ ٱلْجَبَلِ، وَٱلْجَبَلُ يَضْطَرِمُ بِٱلنَّارِ إِلَى كَبِدِ ٱلسَّمَاءِ، بِظَلَامٍ وَسَحَابٍ وَضَبَابٍ.,"Kemudian, kamu mendekat dan berdiri di kaki gunung itu. Gunung itu terbakar dengan api yang membubung ke langit. Ada awan hitam yang tebal dan gelap.","Kemudian, kamu mendekat dan berdiri di kaki gunung itu sementara gunung itu menyala dengan api sampai ke pusat langit di tengah kegelapan, awan, dan kelam pekat.",
Ulangan,4,12,Ulangan 4:12,فَكَلَّمَكُمُ ٱلرَّبُّ مِنْ وَسَطِ ٱلنَّارِ وَأَنْتُمْ سَامِعُونَ صَوْتَ كَلَامٍ، وَلَكِنْ لَمْ تَرَوْا صُورَةً بَلْ صَوْتًا.,"Dari tengah-tengah api itu, TUHAN berfirman kepadamu. Kamu mendengar suara-Nya tetapi kamu tidak melihat sesuatu, hanya suara yang terdengar.","Lalu, berfirmanlah ALLAH kepadamu dari tengah-tengah api itu. Bunyi firman itu kamu dengar, tetapi kamu tidak melihat suatu wujud pun. Hanya ada suara saja.",
Ulangan,4,13,Ulangan 4:13,وَأَخْبَرَكُمْ بِعَهْدِهِ ٱلَّذِي أَمَرَكُمْ أَنْ تَعْمَلُوا بِهِ، ٱلْكَلِمَاتِ ٱلْعَشَرِ، وَكَتَبَهُ عَلَى لَوْحَيْ حَجَرٍ.,"Dia menyampaikan kepadamu perjanjian-Nya, yang Dia perintahkan kepadamu, yaitu sepuluh perintah untuk kamu taati, yang ditulis-Nya di atas dua loh batu.","Ia menyatakan kepadamu perjanjian-Nya dan memerintahkan kamu untuk melakukannya, yaitu Kesepuluh Firman, yang kemudian dituliskan-Nya pada dua loh batu.",
Ulangan,4,14,Ulangan 4:14,وَإِيَّايَ أَمَرَ ٱلرَّبُّ فِي ذَلِكَ ٱلْوَقْتِ أَنْ أُعَلِّمَكُمْ فَرَائِضَ وَأَحْكَامًا لِكَيْ تَعْمَلُوهَا فِي ٱلْأَرْضِ ٱلَّتِي أَنْتُمْ عَابِرُونَ إِلَيْهَا لِتَمْتَلِكُوهَا.,TUHAN juga menyuruh aku untuk mengajarkan kepadamu ketetapan dan peraturan lain yang harus kamu taati di negeri yang akan kamu ambil dan tempati.,"Pada waktu itu, ALLAH memerintahkan aku untuk mengajarkan ketetapan-ketetapan dan peraturan-peraturan ini kepadamu supaya kamu melaksanakannya di negeri yang akan kamu masuki serta duduki.",
Ulangan,4,15,Ulangan 4:15,«فَٱحْتَفِظُوا جِدًّا لِأَنْفُسِكُمْ. فَإِنَّكُمْ لَمْ تَرَوْا صُورَةً مَّا يَوْمَ كَلَّمَكُمُ ٱلرَّبُّ فِي حُورِيبَ مِنْ وَسَطِ ٱلنَّارِ.,"Ketika TUHAN berfirman kepadamu dari api di atas Gunung Horeb, kamu tidak melihat rupa Allah. Oleh sebab itu, berhati-hatilah.","Kamu tidak melihat suatu wujud pun pada hari ALLAH berfirman kepadamu dari tengah-tengah api di Horeb. Oleh karena itu, jagalah dirimu baik-baik,",
Ulangan,4,16,Ulangan 4:16,لِئَلَّا تَفْسُدُوا وَتَعْمَلُوا لِأَنْفُسِكُمْ تِمْثَالًا مَنْحُوتًا، صُورَةَ مِثَالٍ مَّا، شِبْهَ ذَكَرٍ أَوْ أُنْثَى،,"Jangan berbuat dosa dengan membuat berhala atau patung yang berbentuk makhluk hidup, apa pun itu baik yang menyerupai seorang laki-laki atau perempuan,","jangan sampai kamu berlaku busuk dan membuat bagimu patung berhala ukiran dalam wujud apa pun, baik berupa sosok laki-laki atau perempuan,",
Ulangan,4,17,Ulangan 4:17,شِبْهَ بَهِيمَةٍ مَّا مِمَّا عَلَى ٱلْأَرْضِ، شِبْهَ طَيْرٍ مَّا ذِي جَنَاحٍ مِمَّا يَطِيرُ فِي ٱلسَّمَاءِ،,"atau seperti binatang di darat, atau berupa burung di udara.","sosok suatu binatang yang ada di darat, sosok suatu unggas bersayap yang terbang di udara,",
Ulangan,4,18,Ulangan 4:18,شِبْهَ دَبِيبٍ مَّا عَلَى ٱلْأَرْضِ، شِبْهَ سَمَكٍ مَّا مِمَّا فِي ٱلْمَاءِ مِنْ تَحْتِ ٱلْأَرْضِ.,"Jangan buat berhala yang mirip dengan apa pun yang merayap di atas tanah, atau yang menyerupai ikan di dalam air.","sosok suatu binatang yang merayap di tanah, maupun sosok suatu ikan yang ada di laut, di bawah bumi.",
Ulangan,4,19,Ulangan 4:19,وَلِئَلَّا تَرْفَعَ عَيْنَيْكَ إِلَى ٱلسَّمَاءِ، وَتَنْظُرَ ٱلشَّمْسَ وَٱلْقَمَرَ وَٱلنُّجُومَ، كُلَّ جُنْدِ ٱلسَّمَاءِ ٱلَّتِي قَسَمَهَا ٱلرَّبُّ إِلَهُكَ لِجَمِيعِ ٱلشُّعُوبِ ٱلَّتِي تَحْتَ كُلِّ ٱلسَّمَاءِ، فَتَغْتَرَّ وَتَسْجُدَ لَهَا وَتَعْبُدَهَا.,"Janganlah kamu memandang ke langit dan melihat baik matahari, bulan, bintang-bintang serta melihat semesta alam, jangan menyembah dan melayaninya. Semua itu diberikan TUHAN, Allahmu, kepada setiap bangsa di seluruh kolong langit ini.","Jangan pula kamu melayangkan pandang ke langit untuk memperhatikan matahari, bulan, dan bintang-bintang—semua benda langit—lalu kamu terdorong untuk sujud menyembah serta beribadah kepada benda-benda itu. Semua itu telah diberikan ALLAH, Tuhanmu, kepada segala bangsa di seluruh kolong langit sebagai bagian mereka.",
Ulangan,4,20,Ulangan 4:20,وَأَنْتُمْ قَدْ أَخَذَكُمُ ٱلرَّبُّ وَأَخْرَجَكُمْ مِنْ كُورِ ٱلْحَدِيدِ مِنْ مِصْرَ، لِكَيْ تَكُونُوا لَهُ شَعْبَ مِيرَاثٍ كَمَا فِي هَذَا ٱلْيَوْمِ.,"Sebab TUHAN telah membawamu keluar dari dapur peleburan, yaitu Mesir, dan menjadikan umat milik-Nya sampai hari ini.","Tetapi, kamu, ALLAH telah mengambil dan membawa kamu keluar dari dapur peleburan besi, yaitu Mesir, untuk menjadikanmu umat milik-Nya sendiri seperti yang terjadi pada hari ini.",
Ulangan,4,21,Ulangan 4:21,وَغَضِبَ ٱلرَّبُّ عَلَيَّ بِسَبَبِكُمْ، وَأَقْسَمَ إِنِّي لَا أَعْبُرُ ٱلْأُرْدُنَّ وَلَا أَدْخُلُ ٱلْأَرْضَ ٱلْجَيِّدَةَ ٱلَّتِي ٱلرَّبُّ إِلَهُكَ يُعْطِيكَ نَصِيبًا.,"TUHAN murka kepadaku karena kamu. Dia bersumpah bahwa aku tidak akan menyeberang Sungai Yordan dan tidak akan memasuki tanah yang baik yang diberikan TUHAN, Allahmu menjadi milik pusakamu.","ALLAH murka kepadaku karena kamu sehingga Ia bersumpah bahwa aku tidak akan menyeberangi Sungai Yordan dan tidak akan masuk ke negeri yang baik yang dikaruniakan ALLAH, Tuhanmu, kepadamu sebagai milik pusaka.",
Ulangan,4,22,Ulangan 4:22,فَأَمُوتُ أَنَا فِي هَذِهِ ٱلْأَرْضِ، لَا أَعْبُرُ ٱلْأُرْدُنَّ، وَأَمَّا أَنْتُمْ فَتَعْبُرُونَ وَتَمْتَلِكُونَ تِلْكَ ٱلْأَرْضَ ٱلْجَيِّدَةَ.,Aku akan mati di negeri ini dan tidak dapat menyeberang Sungai Yordan sedangkan kamu akan menyeberang dan mewarisi tanah yang baik itu dan tinggal di sana.,"Aku akan mati di negeri ini, dan aku tidak akan menyeberangi Sungai Yordan. Tetapi, kamu akan menyeberanginya dan akan menduduki negeri yang baik itu.",
Ulangan,4,23,Ulangan 4:23,اِحْتَرِزُوا مِنْ أَنْ تَنْسَوْا عَهْدَ ٱلرَّبِّ إِلَهِكُمُ ٱلَّذِي قَطَعَهُ مَعَكُمْ، وَتَصْنَعُوا لِأَنْفُسِكُمْ تِمْثَالًا مَنْحُوتًا، صُورَةَ كُلِّ مَا نَهَاكَ عَنْهُ ٱلرَّبُّ إِلَهُكَ.,"Berjaga-jagalah agar kamu tidak melupakan perjanjian TUHAN, Allahmu yang telah mengikatmu. Kamu harus mematuhi perintah TUHAN, Allahmu dan jangan membuat patung yang menyerupai apa pun.","Hati-hati, jangan sampai kamu melupakan perjanjian ALLAH, Tuhanmu, yang telah diikat-Nya dengan kamu, dan membuat bagimu patung ukiran dalam wujud apa pun yang dilarang oleh ALLAH, Tuhanmu.",
Ulangan,4,24,Ulangan 4:24,لِأَنَّ ٱلرَّبَّ إِلَهَكَ هُوَ نَارٌ آكِلَةٌ، إِلَهٌ غَيُورٌ.,"Karena TUHAN, Allahmu adalah api yang menghanguskan dan Allah yang pencemburu.","ALLAH, Tuhanmu, adalah api yang menghanguskan, Tuhan yang tidak mau diduakan.",
Ulangan,4,25,Ulangan 4:25,«إِذَا وَلَدْتُمْ أَوْلَادًا وَأَوْلَادَ أَوْلَادٍ، وَأَطَلْتُمُ ٱلزَّمَانَ فِي ٱلْأَرْضِ، وَفَسَدْتُمْ وَصَنَعْتُمْ تِمْثَالًا مَنْحُوتًا صُورَةَ شَيْءٍ مَّا، وَفَعَلْتُمُ ٱلشَّرَّ فِي عَيْنَيِ ٱلرَّبِّ إِلَهِكُمْ لِإِغَاظَتِهِ،,"Bila kamu mempunyai anak-cucu dan tua di sana. Lalu, kamu merusak dirimu sendiri dengan membuat patung yang menyerupai apa pun dan melakukan segala kejahatan di mata TUHAN, Allahmu. Dengan demikian, kamu menyebabkan sakit hati-Nya.","Apabila kamu telah beranak cucu dan menjadi tua di negeri itu, lalu kamu berlaku busuk serta membuat patung ukiran dalam wujud apa pun, juga melakukan hal yang jahat dalam pandangan ALLAH, Tuhanmu, sehingga kamu membangkitkan murka-Nya,",
Ulangan,4,26,Ulangan 4:26,أُشْهِدُ عَلَيْكُمُ ٱلْيَوْمَ ٱلسَّمَاءَ وَٱلْأَرْضَ أَنَّكُمْ تَبِيدُونَ سَرِيعًا عَنِ ٱلْأَرْضِ ٱلَّتِي أَنْتُمْ عَابِرُونَ ٱلْأُرْدُنَّ إِلَيْهَا لِتَمْتَلِكُوهَا. لَا تُطِيلُونَ ٱلْأَيَّامَ عَلَيْهَا، بَلْ تَهْلِكُونَ لَا مَحَالَةَ.,"Langit dan bumi adalah saksiku! Jika kamu melakukan yang jahat itu, kamu akan segera binasa di tanah yang kau seberangi melalui Sungai Yordan itu. Kamu tidak akan lama tinggal di sana dan akan binasa semua!","maka pada hari ini aku memanggil langit dan bumi untuk menjadi saksi atas kamu bahwa pasti kamu segera binasa dari negeri yang akan kamu miliki setelah kamu menyeberangi Sungai Yordan. Umurmu tidak akan lanjut di sana, dan kamu pasti punah.",
Ulangan,4,27,Ulangan 4:27,وَيُبَدِّدُكُمُ ٱلرَّبُّ فِي ٱلشُّعُوبِ، فَتَبْقَوْنَ عَدَدًا قَلِيلًا بَيْنَ ٱلْأُمَمِ ٱلَّتِي يَسُوقُكُمُ ٱلرَّبُّ إِلَيْهَا.,TUHAN akan menceraiberaikanmu di antara bangsa-bangsa dan hanya sedikit dari antara kamu yang masih tinggal di negeri di mana TUHAN membuangmu.,"ALLAH akan mencerai-beraikan kamu ke antara bangsa-bangsa, dan jumlahmu akan tinggal sedikit saja di antara bangsa-bangsa tempat ALLAH menggiring kamu.",
Ulangan,4,28,Ulangan 4:28,وَتَصْنَعُونَ هُنَاكَ آلِهَةً صَنْعَةَ أَيْدِي ٱلنَّاسِ مِنْ خَشَبٍ وَحَجَرٍ مِمَّا لَا يُبْصِرُ وَلَا يَسْمَعُ وَلَا يَأْكُلُ وَلَا يَشُمُّ.,"Di sana, kamu akan menyembah kepada ilah yang dibuat oleh manusia yang dibuat dari kayu dan batu yang tidak dapat melihat, mendengar, makan, atau mencium!","Di sana kamu akan beribadah kepada berhala-berhala buatan tangan manusia, yaitu kayu dan batu yang tidak dapat melihat, tidak dapat mendengar, tidak dapat makan, dan tidak dapat mencium bau.",
Ulangan,4,29,Ulangan 4:29,ثُمَّ إِنْ طَلَبْتَ مِنْ هُنَاكَ ٱلرَّبَّ إِلَهَكَ تَجِدْهُ إِذَا ٱلْتَمَسْتَهُ بِكُلِّ قَلْبِكَ وَبِكُلِّ نَفْسِكَ.,"Namun, di sanalah kamu akan mencari TUHAN, Allahmu. Dan, kamu akan menemukan-Nya, apabila kamu mencari-Nya dengan segenap hatimu dan jiwamu.","Di sana pula kamu akan mencari hadirat ALLAH, Tuhanmu, dan kamu akan tetap menemukan-Nya, asal kamu mencari hadirat-Nya dengan segenap hatimu dan dengan segenap jiwamu.",
Ulangan,4,30,Ulangan 4:30,عِنْدَمَا ضُيِّقَ عَلَيْكَ وَأَصَابَتْكَ كُلُّ هَذِهِ ٱلْأُمُورِ فِي آخِرِ ٱلْأَيَّامِ، تَرْجِعُ إِلَى ٱلرَّبِّ إِلَهِكَ وَتَسْمَعُ لِقَوْلِهِ،,"Jika kamu berada dalam kesulitan dan semuanya itu menimpa dirimu di kemudian hari, maka kamu akan kembali kepada TUHAN, Allahmu dan mendengarkan suara-Nya.","Dalam kesesakanmu, ketika segala hal ini menimpamu di kemudian hari, kamu akan kembali kepada ALLAH, Tuhanmu, dan akan mematuhi-Nya.",
Ulangan,4,31,Ulangan 4:31,لِأَنَّ ٱلرَّبَّ إِلَهَكَ إِلَهٌ رَحِيمٌ، لَا يَتْرُكُكَ وَلَا يُهْلِكُكَ وَلَا يَنْسَى عَهْدَ آبَائِكَ ٱلَّذِي أَقْسَمَ لَهُمْ عَلَيْهِ.,"TUHAN, Allahmu adalah Allah Pengasih! Dia tidak akan meninggalkan atau membinasakanmu, tidak pula mengingkari perjanjian yang telah dibuat-Nya dengan nenek moyangmu.”","ALLAH, Tuhanmu, adalah Tuhan Yang Maha Penyayang. Ia tidak akan menelantarkan atau memusnahkan kamu. Ia tidak akan melupakan perjanjian dengan nenek moyangmu yang dibuat-Nya dengan bersumpah kepada mereka.",
Ulangan,4,32,Ulangan 4:32,«فَٱسْأَلْ عَنِ ٱلْأَيَّامِ ٱلْأُولَى ٱلَّتِي كَانَتْ قَبْلَكَ، مِنَ ٱلْيَوْمِ ٱلَّذِي خَلَقَ ٱللهُ فِيهِ ٱلْإِنْسَانَ عَلَى ٱلْأَرْضِ، وَمِنْ أَقْصَاءِ ٱلسَّمَاءِ إِلَى أَقْصَائِهَا. هَلْ جَرَى مِثْلُ هَذَا ٱلْأَمْرِ ٱلْعَظِيمِ، أَوْ هَلْ سُمِعَ نَظِيرُهُ؟,"Tanyakanlah dari ujung langit ke ujung langit yang lain tentang zaman dahulu, yang telah ada sebelum kamu. Sejak Allah menciptakan manusia di bumi, pernahkah terjadi hal sebesar ini atau pernahkah terdengar hal seperti ini?","Cobalah tanyakan dari ujung langit sampai ke ujung langit tentang zaman dahulu, zaman yang telah ada sebelum engkau. Sejak Allah menciptakan manusia di bumi, pernahkah terjadi hal sebesar ini atau pernahkah terdengar hal seperti ini?",
Ulangan,4,33,Ulangan 4:33,هَلْ سَمِعَ شَعْبٌ صَوْتَ ٱللهِ يَتَكَلَّمُ مِنْ وَسَطِ ٱلنَّارِ كَمَا سَمِعْتَ أَنْتَ، وَعَاشَ؟,"Pernahkah suatu bangsa mendengar suara Allah yang berbicara dari tengah api, seperti yang telah kamu dengar, dan tetap hidup?","Pernahkah suatu bangsa mendengar suara Allah berfirman dari tengah-tengah api, seperti yang telah kaudengar, dan tetap hidup?",
Ulangan,4,34,Ulangan 4:34,أَوْ هَلْ شَرَعَ ٱللهُ أَنْ يَأْتِيَ وَيَأْخُذَ لِنَفْسِهِ شَعْبًا مِنْ وَسَطِ شَعْبٍ، بِتَجَارِبَ وَآيَاتٍ وَعَجَائِبَ وَحَرْبٍ وَيَدٍ شَدِيدَةٍ وَذِرَاعٍ رَفِيعَةٍ وَمَخَاوِفَ عَظِيمَةٍ، مِثْلَ كُلِّ مَا فَعَلَ لَكُمُ ٱلرَّبُّ إِلَهُكُمْ فِي مِصْرَ أَمَامَ أَعْيُنِكُمْ؟,"Apakah ada ilah lain yang pernah berusaha mengambil dan memiliki umat untuk dirinya sendiri dari tengah-tengah bangsa lain? Kamu sendiri telah melihat yang dilakukan TUHAN, Allah terhadapmu di Mesir. Kedahsyatan, tanda-tanda, mukjizat, perang dan segala kengerian yang terjadi di depan matamu.","Atau, pernahkah suatu ilah berupaya untuk mengambil baginya suatu bangsa dari tengah-tengah bangsa lainnya dengan memberi berbagai cobaan, tanda ajaib, mukjizat, dan peperangan, serta dengan tangan yang kuat, kuasa yang nyata, dan kedahsyatan yang besar, seperti semua yang dilakukan bagimu oleh ALLAH, Tuhanmu, di Mesir, di depan matamu?",
Ulangan,4,35,Ulangan 4:35,إِنَّكَ قَدْ أُرِيتَ لِتَعْلَمَ أَنَّ ٱلرَّبَّ هُوَ ٱلْإِلَهُ. لَيْسَ آخَرَ سِوَاهُ.,Kepadamu telah dinyatakan agar kamu mengetahui bahwa TUHAN itulah Allah. Tidak ada selain Dia.,"Hal-hal itu diperlihatkan kepadamu supaya engkau tahu bahwa ALLAH adalah Tuhan. Tidak ada yang lain, selain Dia.",
Ulangan,4,36,Ulangan 4:36,مِنَ ٱلسَّمَاءِ أَسْمَعَكَ صَوْتَهُ لِيُنْذِرَكَ، وَعَلَى ٱلْأَرْضِ أَرَاكَ نَارَهُ ٱلْعَظِيمَةَ، وَسَمِعْتَ كَلَامَهُ مِنْ وَسَطِ ٱلنَّارِ.,"Dia membiarkan kamu mendengar suara-Nya agar Dia dapat mengajar kepadamu. Di atas bumi, Dia memperlihatkan api-Nya yang besar dan kamu mendengarkan perkataan-Nya dari tengah-tengah api itu.","Dari langit Ia memperdengarkan suara-Nya kepadamu untuk mengajar engkau sementara di bumi Ia memperlihatkan api-Nya yang besar, dan firman-Nya kaudengar dari tengah-tengah api itu.",
Ulangan,4,37,Ulangan 4:37,وَلِأَجْلِ أَنَّهُ أَحَبَّ آبَاءَكَ وَٱخْتَارَ نَسْلَهُمْ مِنْ بَعْدِهِمْ، أَخْرَجَكَ بِحَضْرَتِهِ بِقُوَّتِهِ ٱلْعَظِيمَةِ مِنْ مِصْرَ،,"Dia mengasihi nenek moyangmu. Dia memilihmu, yaitu keturunan mereka dengan membawamu keluar dari Mesir dengan kuasa-Nya yang besar.","Karena Ia mengasihi nenek moyangmu, maka Ia memilih keturunan mereka. Ia menuntun kamu keluar dari Mesir dengan hadirat-Nya, yaitu dengan kuasa-Nya yang besar,",
Ulangan,4,38,Ulangan 4:38,لِكَيْ يَطْرُدَ مِنْ أَمَامِكَ شُعُوبًا أَكْبَرَ وَأَعْظَمَ مِنْكَ، وَيَأْتِيَ بِكَ وَيُعْطِيَكَ أَرْضَهُمْ نَصِيبًا كَمَا فِي هَذَا ٱلْيَوْمِ.,"Dia mengusir bangsa-bangsa yang lebih besar, dan lebih berkuasa darimu untuk membawamu masuk ke daerah mereka. Dia memberikan negeri mereka yang kamu tinggali hari ini.","dan menghalau dari hadapanmu bangsa-bangsa yang lebih besar dan lebih kuat daripadamu untuk membawa kamu masuk ke negeri mereka serta mengaruniakan negeri itu kepadamu sebagai milik pusaka, seperti yang terjadi pada hari ini.",
Ulangan,4,39,Ulangan 4:39,فَٱعْلَمِ ٱلْيَوْمَ وَرَدِّدْ فِي قَلْبِكَ أَنَّ ٱلرَّبَّ هُوَ ٱلْإِلَهُ فِي ٱلسَّمَاءِ مِنْ فَوْقُ، وَعَلَى ٱلْأَرْضِ مِنْ أَسْفَلُ. لَيْسَ سِوَاهُ.,"Pada hari ini, ketahuilah dan ingatlah, bahwa TUHAN adalah Allah atas langit dan bumi. Tidak ada yang lain!","Sebab itu, ketahuilah pada hari ini dan camkanlah dalam hatimu bahwa ALLAH adalah Tuhan yang ada di surga, di atas, dan yang ada di bumi, di bawah. Tidak ada yang lain.",
Ulangan,4,40,Ulangan 4:40,وَٱحْفَظْ فَرَائِضَهُ وَوَصَايَاهُ ٱلَّتِي أَنَا أُوصِيكَ بِهَا ٱلْيَوْمَ لِكَيْ يُحْسَنَ إِلَيْكَ وَإِلَى أَوْلَادِكَ مِنْ بَعْدِكَ، وَلِكَيْ تُطِيلَ أَيَّامَكَ عَلَى ٱلْأَرْضِ ٱلَّتِي ٱلرَّبُّ إِلَهُكَ يُعْطِيكَ إِلَى ٱلْأَبَدِ».,"Kamu harus menaati segala hukum dan perintah-Nya yang kuberikan kepadamu hari ini, supaya hidupmu dan anak-anakmu baik adanya, dan kamu terus hidup di tanah yang diberikan TUHAN, Allahmu, kepadamu untuk selamanya.","Peganglah teguh ketetapan-ketetapan-Nya dan perintah-perintah-Nya yang kusampaikan kepadamu pada hari ini supaya baik keadaanmu serta keadaan anak-anakmu kelak, dan supaya lanjut umurmu di tanah yang dikaruniakan ALLAH, Tuhanmu, kepadamu sepanjang masa.”",
Ulangan,4,41,Ulangan 4:41,حِينَئِذٍ أَفْرَزَ مُوسَى ثَلَاثَ مُدُنٍ فِي عَبْرِ ٱلْأُرْدُنِّ نَحْوَ شُرُوقِ ٱلشَّمْسِ,"Kemudian, Musa memilih tiga kota di sebelah timur Sungai Yordan.","Kemudian, Musa mengkhususkan tiga kota di seberang Sungai Yordan, di sebelah timur,",
Ulangan,4,42,Ulangan 4:42,لِكَيْ يَهْرُبَ إِلَيْهَا ٱلْقَاتِلُ ٱلَّذِي يَقْتُلُ صَاحِبَهُ بِغَيْرِ عِلْمٍ، وَهُوَ غَيْرُ مُبْغِضٍ لَهُ مُنْذُ أَمْسِ وَمَا قَبْلَهُ. يَهْرُبُ إِلَى إِحْدَى تِلْكَ ٱلْمُدُنِ فَيَحْيَا.,Siapa pun yang membunuh seseorang dengan tidak sengaja dan tidak memusuhinya dapat melarikan diri ke salah satu dari kota-kota itu dan dia tidak akan dibunuh.,"supaya seorang yang membunuh sesamanya tanpa sengaja dan tanpa membenci orang itu sebelumnya dapat melarikan diri ke sana. Jika ia melarikan diri ke salah satu kota itu, maka ia dapat tetap hidup.",
Ulangan,4,43,Ulangan 4:43,بَاصِرَ فِي ٱلْبَرِّيَّةِ فِي أَرْضِ ٱلسَّهْلِ لِلرَّأُوبَيْنِيِّينَ، وَرَامُوتَ فِي جِلْعَادَ لِلْجَادِيِّينَ، وَجُولَانَ فِي بَاشَانَ لِلْمَنَسِّيِّينَ.,"Bezer di dataran tinggi untuk suku Ruben, Ramot di Gilead untuk suku Gad, dan Golan di Basan untuk suku Manasye.","Kota-kota itu adalah Bezer untuk bani Ruben, terletak di padang belantara di daerah dataran tinggi; Ramot untuk bani Gad, terletak di Gilead; dan Golan untuk bani Manasye, terletak di Basan.",
Ulangan,4,44,Ulangan 4:44,وَهَذِهِ هِيَ ٱلشَّرِيعَةُ ٱلَّتِي وَضَعَهَا مُوسَى أَمَامَ بَنِي إِسْرَائِيلَ.,Inilah Taurat yang dijelaskan Musa kepada orang Israel.,Inilah hukum Taurat yang dipaparkan Musa kepada bani Israil.,
Ulangan,4,45,Ulangan 4:45,هَذِهِ هِيَ ٱلشَّهَادَاتُ وَٱلْفَرَائِضُ وَٱلْأَحْكَامُ ٱلَّتِي كَلَّمَ بِهَا مُوسَى بَنِي إِسْرَائِيلَ عِنْدَ خُرُوجِهِمْ مِنْ مِصْرَ,"Inilah peringatan, hukum, dan peraturan yang dikatakan Musa kepada Israel setelah mereka keluar dari Mesir","Inilah peringatan-peringatan, ketetapan-ketetapan, dan peraturan-peraturan yang disampaikan Musa kepada bani Israil setelah mereka keluar dari Mesir,",
Ulangan,4,46,Ulangan 4:46,فِي عَبْرِ ٱلْأُرْدُنِّ فِي ٱلْجِوَاءِ مُقَابِلَ بَيْتِ فَغُورَ، فِي أَرْضِ سِيحُونَ مَلِكِ ٱلْأَمُورِيِّينَ ٱلَّذِي كَانَ سَاكِنًا فِي حَشْبُونَ، ٱلَّذِي ضَرَبَهُ مُوسَى وَبَنُو إِسْرَائِيلَ عِنْدَ خُرُوجِهِمْ مِنْ مِصْرَ,"di seberang Sungai Yordan, di lembah seberang Bet-Peor, di tanah Sihon, raja Amori yang tinggal di Hesybon. Musa dan orang Israel mengalahkan Sihon ketika mereka keluar dari Mesir.","yaitu saat mereka berada di seberang Sungai Yordan, di lembah yang berseberangan dengan Bait-Peor. Dulu tempat itu adalah wilayah Sihon, raja orang Amori yang tinggal di Hesbon. Kemudian, Sihon dikalahkan oleh Musa dan bani Israil setelah mereka keluar dari Mesir.",
Ulangan,4,47,Ulangan 4:47,وَٱمْتَلَكُوا أَرْضَهُ وَأَرْضَ عُوجٍ مَلِكِ بَاشَانَ، مَلِكَيِ ٱلْأَمُورِيِّينَ، ٱللَّذَيْنِ فِي عَبْرِ ٱلْأُرْدُنِّ نَحْوَ شُرُوقِ ٱلشَّمْسِ.,"Mereka menduduki tanah itu dan juga tanah milik Og, raja Basan. Kedua Raja Amori itu tinggal di sebelah timur Sungai Yordan.","Mereka menduduki negerinya dan juga negeri Og, raja Basan. Keduanya adalah raja orang Amori yang wilayahnya terletak di seberang Sungai Yordan, di sebelah timur,",
Ulangan,4,48,Ulangan 4:48,مِنْ عَرُوعِيرَ ٱلَّتِي عَلَى حَافَةِ وَادِي أَرْنُونَ إِلَى جَبَلِ سِيئُونَ ٱلَّذِي هُوَ حَرْمُونُ,"Tanah ini terbentang dari Aroer, di tepi Sungai Arnon sampai ke Gunung Sion, yaitu Gunung Hermon,","mulai dari Aro’er di tepi Sungai Arnon sampai ke Gunung Sion (yaitu Hermon),",
Ulangan,4,49,Ulangan 4:49,وَكُلَّ ٱلْعَرَبَةِ فِي عَبْرِ ٱلْأُرْدُنِّ نَحْوَ ٱلشُّرُوقِ إِلَى بَحْرِ ٱلْعَرَبَةِ تَحْتَ سُفُوحِ ٱلْفِسْجَةِ.,"mencakup juga seluruh lembah di sebelah timur Sungai Yordan, sampai ke sebelah selatan terus ke Laut Araba, ke kaki Gunung Pisga.","dan seluruh Araba di seberang Sungai Yordan sebelah timur, sampai ke Laut Araba di kaki lereng Gunung Pisga.",
Ulangan,5,1,Ulangan 5:1,وَدَعَا مُوسَى جَمِيعَ إِسْرَائِيلَ وَقَالَ لَهُمْ: «اِسْمَعْ يَا إِسْرَائِيلُ ٱلْفَرَائِضَ وَٱلْأَحْكَامَ ٱلَّتِي أَتَكَلَّمُ بِهَا فِي مَسَامِعِكُمُ ٱلْيَوْمَ، وَتَعَلَّمُوهَا وَٱحْتَرِزُوا لِتَعْمَلُوهَا.,"Musa memanggil seluruh orang Israel dan berkata kepada mereka, “Dengarlah, hai orang Israel, ketetapan dan peraturan yang kukatakan kepadamu pada hari ini. Pelajarilah semuanya itu dan lakukanlah dengan setia.","Musa memanggil semua orang Israil dan berkata kepada mereka, “Dengarkanlah, hai Israil, ketetapan-ketetapan dan peraturan-peraturan yang kusampaikan kepadamu pada hari ini. Pelajarilah semua itu dan lakukanlah dengan setia.",
Ulangan,5,2,Ulangan 5:2,اَلرَّبُّ إِلَهُنَا قَطَعَ مَعَنَا عَهْدًا فِي حُورِيبَ.,"TUHAN, Allah kita telah membuat perjanjian dengan kita di Horeb.","ALLAH, Tuhan kita, telah mengikat perjanjian dengan kita di Horeb.",
Ulangan,5,3,Ulangan 5:3,لَيْسَ مَعَ آبَائِنَا قَطَعَ ٱلرَّبُّ هَذَا ٱلْعَهْدَ، بَلْ مَعَنَا نَحْنُ ٱلَّذِينَ هُنَا ٱلْيَوْمَ جَمِيعُنَا أَحْيَاءٌ.,"TUHAN tidak membuat perjanjian ini dengan nenek moyang kita, tetapi dengan kita semua yang hidup hari ini.","Bukan dengan nenek moyang kita ALLAH mengikat perjanjian ini, melainkan dengan kita, yaitu kita semua di sini yang masih hidup pada hari ini.",
Ulangan,5,4,Ulangan 5:4,وَجْهًا لِوَجْهٍ تَكَلَّمَ ٱلرَّبُّ مَعَنَا فِي ٱلْجَبَلِ مِنْ وَسَطِ ٱلنَّارِ.,TUHAN berfirman denganmu secara langsung di gunung itu dari tengah-tengah api.,"Denganmu ALLAH bicara berhadap-hadapan di gunung, dari tengah-tengah api.",
Ulangan,5,5,Ulangan 5:5,أَنَا كُنْتُ وَاقِفًا بَيْنَ ٱلرَّبِّ وَبَيْنَكُمْ فِي ذَلِكَ ٱلْوَقْتِ لِكَيْ أُخْبِرَكُمْ بِكَلَامِ ٱلرَّبِّ، لِأَنَّكُمْ خِفْتُمْ مِنْ أَجْلِ ٱلنَّارِ، وَلَمْ تَصْعَدُوا إِلَى ٱلْجَبَلِ. فَقَالَ:,"Ketika aku berdiri di antara TUHAN dan kamu untuk menjelaskan yang difirmankan TUHAN, kamu takut terhadap api itu dan tidak mau naik gunung. Dia berfirman,","(Pada waktu itu aku berdiri di antara ALLAH dan kamu untuk memberitahukan firman ALLAH kepadamu karena kamu takut pada api itu dan kamu tidak naik ke gunung itu.) Ia berfirman,",
Ulangan,5,6,Ulangan 5:6,أَنَا هُوَ ٱلرَّبُّ إِلَهُكَ ٱلَّذِي أَخْرَجَكَ مِنْ أَرْضِ مِصْرَ مِنْ بَيْتِ ٱلْعُبُودِيَّةِ.,"‘Akulah TUHAN, Allahmu yang telah membawamu keluar dari Mesir, dari tempat perbudakan.","‘Akulah ALLAH, Tuhanmu, yang membawa engkau keluar dari Tanah Mesir, dari tempat perhambaan.",
Ulangan,5,7,Ulangan 5:7,لَا يَكُنْ لَكَ آلِهَةٌ أُخْرَى أَمَامِي.,Jangan ada padamu ilah lain di hadapan-Ku.,"Jangan ada padamu ilah lain, selain Aku.",
Ulangan,5,8,Ulangan 5:8,لَا تَصْنَعْ لَكَ تِمْثَالًا مَنْحُوتًا صُورَةً مَّا مِمَّا فِي ٱلسَّمَاءِ مِنْ فَوْقُ وَمَا فِي ٱلْأَرْضِ مِنْ أَسْفَلُ وَمَا فِي ٱلْمَاءِ مِنْ تَحْتِ ٱلْأَرْضِ.,"Jangan membuat berhala bagimu atau wujud apa pun yang ada di langit, di atas, atau di bumi, di bawah, atau di dalam air, di bawah bumi.","Jangan membuat bagimu patung ukiran dan wujud apa pun yang ada di langit di atas, atau yang ada di bumi di bawah, atau di dalam air di bawah bumi.",
Ulangan,5,9,Ulangan 5:9,لَا تَسْجُدْ لَهُنَّ وَلَا تَعْبُدْهُنَّ، لِأَنِّي أَنَا ٱلرَّبُّ إِلَهُكَ إِلَهٌ غَيُورٌ، أَفْتَقِدُ ذُنُوبَ ٱلْآبَاءِ فِي ٱلْأَبْنَاءِ وَفِي ٱلْجِيلِ ٱلثَّالِثِ وَٱلرَّابِعِ مِنَ ٱلَّذِينَ يُبْغِضُونَنِي،,"Janganlah kamu menyembah atau beribadah kepadanya, sebab Aku, TUHAN, Allahmu, adalah Allah yang cemburu, yang membalas kesalahan ayah kepada anak-anaknya sampai keturunan yang ketiga dan keempat dari orang-orang yang membenci Aku.","Jangan sujud menyembahnya atau beribadah kepadanya karena Aku, ALLAH, Tuhanmu, adalah Tuhan yang tidak mau diduakan. Aku membalaskan kesalahan ayah kepada anak-anaknya, kepada keturunan ketiga dan keempat dari orang-orang yang membenci Aku.",
Ulangan,5,10,Ulangan 5:10,وَأَصْنَعُ إِحْسَانًا إِلَى أُلُوفٍ مِنْ مُحِبِّيَّ وَحَافِظِي وَصَايَايَ.,"Namun, Aku akan menunjukkan kasih setia kepada beribu-ribu orang yang mengasihi Aku dan yang menaati perintah-Ku.","Namun, Aku menunjukkan rahmat-Ku kepada beribu-ribu orang yang mengasihi Aku dan yang memegang teguh perintah-perintah-Ku.",
Ulangan,5,11,Ulangan 5:11,لَا تَنْطِقْ بِٱسْمِ ٱلرَّبِّ إِلَهِكَ بَاطِلًا، لِأَنَّ ٱلرَّبَّ لَا يُبْرِئُ مَنْ نَطَقَ بِٱسْمِهِ بَاطِلًا.,"Jangan menyebut nama TUHAN, Allahmu dengan sia-sia. TUHAN akan memandang bersalah siapa pun yang menyebut nama-Nya dengan sia-sia.","Jangan menggunakan nama ALLAH, Tuhanmu, dengan sembarangan karena ALLAH akan memandang bersalah orang yang menggunakan nama-Nya dengan sembarangan.",
Ulangan,5,12,Ulangan 5:12,اِحْفَظْ يَوْمَ ٱلسَّبْتِ لِتُقَدِّسَهُ كَمَا أَوْصَاكَ ٱلرَّبُّ إِلَهُكَ.,"Ingatlah dan kuduskanlah hari Sabat seperti yang diperintahkan TUHAN, Allahmu, kepadamu.","Peliharalah hari Sabat dan jagalah kesuciannya, seperti yang diperintahkan ALLAH, Tuhanmu, kepadamu.",
Ulangan,5,13,Ulangan 5:13,سِتَّةَ أَيَّامٍ تَشْتَغِلُ وَتَعْمَلُ جَمِيعَ أَعْمَالِكَ،,Selama enam hari kamu akan bekerja dan melakukan semua pekerjaanmu.,"Enam hari lamanya engkau harus bekerja dan melakukan segala pekerjaanmu,",
Ulangan,5,14,Ulangan 5:14,وَأَمَّا ٱلْيَوْمُ ٱلسَّابِعُ فَسَبْتٌ لِلرَّبِّ إِلَهِكَ، لَا تَعْمَلْ فِيهِ عَمَلًا مَّا أَنْتَ وَٱبْنُكَ وَٱبْنَتُكَ وَعَبْدُكَ وَأَمَتُكَ وَثَوْرُكَ وَحِمَارُكَ وَكُلُّ بَهَائِمِكَ، وَنَزِيلُكَ ٱلَّذِي فِي أَبْوَابِكَ لِكَيْ يَسْتَرِيحَ، عَبْدُكَ وَأَمَتُكَ مِثْلَكَ.,"Namun, hari ketujuh adalah Sabat bagi TUHAN, Allahmu. Pada hari itu, jangan lakukan pekerjaan apa pun. Baik kamu, anakmu laki-laki dan perempuan, hambamu laki-laki dan perempuan, sapi, keledai, atau hewanmu yang lain, maupun orang asing di kotamu, supaya hambamu laki-laki dan perempuan dapat beristirahat sama sepertimu.","tetapi hari ketujuh adalah hari Sabat bagi ALLAH, Tuhanmu. Pada hari itu jangan lakukan pekerjaan apa pun, baik engkau, anak lelakimu, anak perempuanmu, hambamu yang laki-laki, hambamu yang perempuan, bahkan sapimu, keledaimu, atau binatangmu lainnya, juga pendatang yang ada di kotamu. Dengan demikian, hamba-hambamu, baik laki-laki maupun perempuan, dapat beristirahat, sama seperti engkau.",
Ulangan,5,15,Ulangan 5:15,وَٱذْكُرْ أَنَّكَ كُنْتَ عَبْدًا فِي أَرْضِ مِصْرَ، فَأَخْرَجَكَ ٱلرَّبُّ إِلَهُكَ مِنْ هُنَاكَ بِيَدٍ شَدِيدَةٍ وَذِرَاعٍ مَمْدُودَةٍ. لِأَجْلِ ذَلِكَ أَوْصَاكَ ٱلرَّبُّ إِلَهُكَ أَنْ تَحْفَظَ يَوْمَ ٱلسَّبْتِ.,"Ingatlah bahwa kamu pun pernah menjadi budak di tanah Mesir. TUHAN, Allahmu telah membawamu keluar dari Mesir dengan tangan yang kuat dan lengan yang terulur. Oleh sebab itu, TUHAN, Allahmu menyuruhmu untuk merayakan hari Sabat.","Ingatlah bahwa engkau pun pernah menjadi hamba di Tanah Mesir, tetapi ALLAH, Tuhanmu, telah membawamu keluar dari sana dengan tangan yang kuat dan dengan kuasa yang nyata. Itulah sebabnya, ALLAH, Tuhanmu, memerintahkan engkau untuk memelihara hari Sabat.",
Ulangan,5,16,Ulangan 5:16,أَكْرِمْ أَبَاكَ وَأُمَّكَ كَمَا أَوْصَاكَ ٱلرَّبُّ إِلَهُكَ، لِكَيْ تَطُولَ أَيَّامُكَ، وَلِكَيْ يَكُونَ لَكَ خَيْرٌ عَلَى ٱلْأَرْضِ ٱلَّتِي يُعْطِيكَ ٱلرَّبُّ إِلَهُكَ.,"Hormatilah ayah dan ibumu seperti yang diperintahkan TUHAN, Allahmu, kepadamu. Dengan demikian, kamu akan panjang umur dan sejahtera di negeri yang diberikan TUHAN, Allahmu, kepadamu.","Hormatilah ayahmu dan ibumu, seperti yang telah diperintahkan ALLAH, Tuhanmu, kepadamu supaya lanjut umurmu dan baik keadaanmu di tanah yang dikaruniakan ALLAH, Tuhanmu, kepadamu.",
Ulangan,5,17,Ulangan 5:17,لَا تَقْتُلْ،,Jangan membunuh.,Jangan membunuh.,
Ulangan,5,18,Ulangan 5:18,وَلَا تَزْنِ،,Jangan berzina.,Jangan berzina.,
Ulangan,5,19,Ulangan 5:19,وَلَا تَسْرِقْ،,Jangan mencuri.,Jangan mencuri.,
Ulangan,5,20,Ulangan 5:20,وَلَا تَشْهَدْ عَلَى قَرِيبِكَ شَهَادَةَ زُورٍ،,Jangan mengucapkan kesaksian dusta tentang sesamamu.,Jangan memberi kesaksian dusta tentang sesamamu.,
Ulangan,5,21,Ulangan 5:21,وَلَا تَشْتَهِ ٱمْرَأَةَ قَرِيبِكَ، وَلَا تَشْتَهِ بَيْتَ قَرِيبِكَ وَلَا حَقْلَهُ وَلَا عَبْدَهُ وَلَا أَمَتَهُ وَلَا ثَوْرَهُ وَلَا حِمَارَهُ وَلَا كُلَّ مَا لِقَرِيبِكَ.,"Jangan mengingini istri sesamamu. Jangan mengingini rumah sesamamu, ladangnya, hambanya laki-laki atau perempuan, sapinya, dan keledainya. Jangan mengambil apa pun yang adalah milik sesamamu.’”","Jangan mengingini istri sesamamu. Jangan menghasratkan rumah sesamamu, demikian pula ladangnya, hambanya, baik laki-laki maupun perempuan, sapinya, keledainya, atau apa pun yang dipunyai sesamamu.’",
Ulangan,5,22,Ulangan 5:22,هَذِهِ ٱلْكَلِمَاتُ كَلَّمَ بِهَا ٱلرَّبُّ كُلَّ جَمَاعَتِكُمْ فِي ٱلْجَبَلِ مِنْ وَسَطِ ٱلنَّارِ وَٱلسَّحَابِ وَٱلضَّبَابِ، وَصَوْتٍ عَظِيمٍ وَلَمْ يَزِدْ. وَكَتَبَهَا عَلَى لَوْحَيْنِ مِنْ حَجَرٍ وَأَعْطَانِي إِيَّاهَا.,"Itulah perintah yang TUHAN firmankan kepada seluruh jemaat di gunung, dengan suara yang keras dari tengah-tengah api, awan, dan kegelapan. Setelah itu Dia berhenti berbicara. Dia menuliskannya di atas dua loh batu dan memberikannya kepadaku.","Itulah firman yang disampaikan ALLAH kepada seluruh jemaahmu dengan suara gemuruh di gunung, dari tengah-tengah api, awan, dan kelam pekat. Ia tidak menambahkan apa-apa lagi. Setelah itu, Ia menuliskan semua itu pada dua loh batu, lalu menyerahkannya kepadaku.",
Ulangan,5,23,Ulangan 5:23,«فَلَمَّا سَمِعْتُمُ ٱلصَّوْتَ مِنْ وَسَطِ ٱلظَّلَامِ، وَٱلْجَبَلُ يَشْتَعِلُ بِٱلنَّارِ، تَقَدَّمْتُمْ إِلَيَّ، جَمِيعُ رُؤَسَاءِ أَسْبَاطِكُمْ وَشُيُوخُكُمْ,"Pada waktu kamu mendengar suara-Nya keluar dari kegelapan sementara gunung itu menyala. Kemudian, tua-tua dan para pemimpin suku datang kepadaku.","Pada waktu kamu mendengar suara itu di tengah-tengah kegelapan sementara gunung itu menyala-nyala dengan api, maka kamu, yaitu semua kepala sukumu dan para tua-tuamu, mendatangi aku.",
Ulangan,5,24,Ulangan 5:24,وَقُلْتُمْ: هُوَذَا ٱلرَّبُّ إِلَهُنَا قَدْ أَرَانَا مَجْدَهُ وَعَظَمَتَهُ، وَسَمِعْنَا صَوْتَهُ مِنْ وَسَطِ ٱلنَّارِ. هَذَا ٱلْيَوْمَ قَدْ رَأَيْنَا أَنَّ ٱللهَ يُكَلِّمُ ٱلْإِنْسَانَ وَيَحْيَا.,"Kamu berkata, “TUHAN, Allah kita telah menunjukkan kemuliaan dan kebesaran-Nya! Kami mendengar suara-Nya dari api. Kami telah melihat pada hari ini bahwa Allah berbicara dengan manusia dan manusia itu tetap hidup.","Kamu berkata, ‘Sesungguhnya, ALLAH, Tuhan kita, telah memperlihatkan kepada kita kemuliaan-Nya dan kebesaran-Nya, bahkan kita telah mendengar suara-Nya dari tengah-tengah api. Pada hari ini kami telah melihat Allah berfirman kepada manusia, tetapi manusia itu tetap hidup.",
Ulangan,5,25,Ulangan 5:25,وَأَمَّا ٱلْآنَ فَلِمَاذَا نَمُوتُ؟ لِأَنَّ هَذِهِ ٱلنَّارَ ٱلْعَظِيمَةَ تَأْكُلُنَا. إِنْ عُدْنَا نَسْمَعُ صَوْتَ ٱلرَّبِّ إِلَهِنَا أَيْضًا نَمُوتُ.,"Namun, jika kami mendengar suara TUHAN, Allah, kami pasti mati! Api yang mengerikan itu akan membinasakan kami.","Sekarang, mengapakah kami harus mati? Api yang besar ini akan menghanguskan kami! Jika lebih lama lagi kami mendengar suara Allah, Tuhan kita, kami akan mati.",
Ulangan,5,26,Ulangan 5:26,لِأَنَّهُ مَنْ هُوَ مِنْ جَمِيعِ ٱلْبَشَرِ ٱلَّذِي سَمِعَ صَوْتَ ٱللهِ ٱلْحَيِّ يَتَكَلَّمُ مِنْ وَسَطِ ٱلنَّارِ مِثْلَنَا وَعَاشَ؟,Kami mendengar suara Allah yang hidup dari api! Pernahkah ada orang yang mendengarnya dan tetap hidup?,"Karena makhluk manakah yang dapat tetap hidup setelah mendengar suara Allah yang hidup itu berfirman dari tengah-tengah api, seperti yang kami dengar?",
Ulangan,5,27,Ulangan 5:27,تَقَدَّمْ أَنْتَ وَٱسْمَعْ كُلَّ مَا يَقُولُ لَكَ ٱلرَّبُّ إِلَهُنَا، وَكَلِّمْنَا بِكُلِّ مَا يُكَلِّمُكَ بِهِ ٱلرَّبُّ إِلَهُنَا، فَنَسْمَعَ وَنَعْمَلَ.,"Mendekatlah engkau dan dengarkanlah apa yang difirmankan TUHAN, Allah kita. Kemudian, katakan kepada kami apa yang TUHAN firmankan kepadamu. Kami akan mendengar dan melakukannya.”","Tuan sajalah yang datang mendekat dan mendengarkan semua yang difirmankan ALLAH, Tuhan kita. Setelah itu, sampaikanlah kepada kami segala yang difirmankan ALLAH, Tuhan kita, kepada Tuan. Kami akan mendengar serta melaksanakannya.’",
Ulangan,5,28,Ulangan 5:28,فَسَمِعَ ٱلرَّبُّ صَوْتَ كَلَامِكُمْ حِينَ كَلَّمْتُمُونِي وَقَالَ لِي ٱلرَّبُّ: سَمِعْتُ صَوْتَ كَلَامِ هَؤُلَاءِ ٱلشَّعْبِ ٱلَّذِي كَلَّمُوكَ بِهِ. قَدْ أَحْسَنُوا فِي كُلِّ مَا تَكَلَّمُوا.,"TUHAN mendengar yang kamu katakan dan berfirman kepadaku, “Aku telah mendengar perkataan bangsa ini. Semua yang mereka katakan itu baik.","ALLAH mendengar perkataanmu ketika kamu berbicara kepadaku. Lalu, ALLAH berfirman kepadaku, ‘Aku telah mendengar perkataan yang disampaikan bangsa ini kepadamu. Semua yang mereka katakan itu baik.",
Ulangan,5,29,Ulangan 5:29,يَا لَيْتَ قَلْبَهُمْ كَانَ هَكَذَا فِيهِمْ حَتَّى يَتَّقُونِي وَيَحْفَظُوا جَمِيعَ وَصَايَايَ كُلَّ ٱلْأَيَّامِ، لِكَيْ يَكُونَ لَهُمْ وَلِأَوْلَادِهِمْ خَيْرٌ إِلَى ٱلْأَبَدِ.,"Kiranya hati mereka tetap seperti itu, yaitu takut akan Aku dan memegang teguh segala perintah-Ku. Dengan demikian, mereka dan anak-anaknya bahagia untuk selamanya.","Kalau saja hati mereka tetap begitu, selalu bertakwa kepada-Ku dan memegang teguh segala perintah-Ku, sehingga keadaan mereka serta anak-anak mereka baik untuk selama-lamanya!",
Ulangan,5,30,Ulangan 5:30,اِذْهَبْ قُلْ لَهُمْ: ٱرْجِعُوا إِلَى خِيَامِكُمْ.,"Pergilah dan katakanlah pada mereka, ‘Kembali ke perkemahanmu.’","Pergilah, katakan kepada mereka, “Kembalilah ke kemahmu.”",
Ulangan,5,31,Ulangan 5:31,وَأَمَّا أَنْتَ فَقِفْ هُنَا مَعِي فَأُكَلِّمَكَ بِجَمِيعِ ٱلْوَصَايَا وَٱلْفَرَائِضِ وَٱلْأَحْكَامِ ٱلَّتِي تُعَلِّمُهُمْ فَيَعْمَلُونَهَا فِي ٱلْأَرْضِ ٱلَّتِي أَنَا أُعْطِيهِمْ لِيَمْتَلِكُوهَا.,"Sedang kamu, berdirilah di dekat-Ku. Aku akan menyampaikan kepadamu seluruh perintah, hukum, dan ketetapan yang harus kamu ajarkan kepada mereka. Mereka harus melakukannya di negeri yang akan Kuberikan kepadanya sebagai milik pusaka.”","Sedangkan engkau, tinggallah di sini bersama-Ku. Aku hendak menyampaikan kepadamu segala perintah, ketetapan, dan peraturan yang harus kauajarkan kepada mereka supaya mereka melaksanakannya di negeri yang Kukaruniakan kepada mereka menjadi milik mereka.’",
Ulangan,5,32,Ulangan 5:32,فَٱحْتَرِزُوا لِتَعْمَلُوا كَمَا أَمَرَكُمُ ٱلرَّبُّ إِلَهُكُمْ. لَا تَزِيغُوا يَمِينًا وَلَا يَسَارًا.,"Jadi, lakukanlah seluruh perintah TUHAN, Allahmu. Janganlah menyimpang ke kanan atau ke kiri.","Jadi, lakukanlah semua itu dengan setia, seperti yang diperintahkan ALLAH, Tuhanmu, kepadamu. Jangan menyimpang ke kanan atau ke kiri.",
Ulangan,5,33,Ulangan 5:33,فِي جَمِيعِ ٱلطَّرِيقِ ٱلَّتِي أَوْصَاكُمْ بِهَا ٱلرَّبُّ إِلَهُكُمْ تَسْلُكُونَ، لِكَيْ تَحْيَوْا وَيَكُونَ لَكُمْ خَيْرٌ وَتُطِيلُوا ٱلْأَيَّامَ فِي ٱلْأَرْضِ ٱلَّتِي تَمْتَلِكُونَهَا.,"Kamu harus hidup sesuai dengan perintah TUHAN, Allahmu. Maka kamu tetap hidup, dan baik keadaanmu serta panjang umur di negeri yang diberikan-Nya kepadamu.","Tempuhlah segala jalan yang diperintahkan ALLAH, Tuhanmu, kepadamu supaya kamu dapat hidup, keadaanmu baik, dan lanjut umurmu di negeri yang akan kamu miliki.",
Ulangan,6,1,Ulangan 6:1,«وَهَذِهِ هِيَ ٱلْوَصَايَا وَٱلْفَرَائِضُ وَٱلْأَحْكَامُ ٱلَّتِي أَمَرَ ٱلرَّبُّ إِلَهُكُمْ أَنْ أُعَلِّمَكُمْ لِتَعْمَلُوهَا فِي ٱلْأَرْضِ ٱلَّتِي أَنْتُمْ عَابِرُونَ إِلَيْهَا لِتَمْتَلِكُوهَا،,"Inilah perintah, hukum, dan ketetapan yang diperintahkan TUHAN, Allahmu, kepadaku untuk mengajarmu. Patuhilah di negeri yang kamu masuki untuk kamu miliki.","Inilah perintah, yaitu ketetapan-ketetapan dan peraturan-peraturan yang kuajarkan kepadamu atas perintah ALLAH, Tuhanmu, untuk dilaksanakan di negeri yang akan kamu masuki serta duduki",
Ulangan,6,2,Ulangan 6:2,لِكَيْ تَتَّقِيَ ٱلرَّبَّ إِلَهَكَ وَتَحْفَظَ جَمِيعَ فَرَائِضِهِ وَوَصَايَاهُ ٱلَّتِي أَنَا أُوصِيكَ بِهَا، أَنْتَ وَٱبْنُكَ وَٱبْنُ ٱبْنِكَ كُلَّ أَيَّامِ حَيَاتِكَ، وَلِكَيْ تَطُولَ أَيَّامُكَ.,"Kamu dan anak cucumu harus menghormati TUHAN, Allahmu, selama hidupmu. Taatilah semua hukum dan perintah yang telah kuberikan kepadamu supaya panjang umurmu.","supaya engkau dan anak cucumu bertakwa kepada ALLAH, Tuhanmu, seumur hidupmu dengan memegang teguh segala ketetapan serta perintah-Nya yang kusampaikan kepadamu, dan supaya lanjut umurmu.",
Ulangan,6,3,Ulangan 6:3,فَٱسْمَعْ يَا إِسْرَائِيلُ وَٱحْتَرِزْ لِتَعْمَلَ، لِكَيْ يَكُونَ لَكَ خَيْرٌ وَتَكْثُرَ جِدًّا، كَمَا كَلَّمَكَ ٱلرَّبُّ إِلَهُ آبَائِكَ فِي أَرْضٍ تَفِيضُ لَبَنًا وَعَسَلًا.,"Hai Israel, dengarlah dengan hati-hati dan taatilah hukum-hukum ini supaya kamu semakin banyak seperti telah dijanjikan oleh TUHAN, Allahmu, kepada nenek moyangmu di tanah yang berlimpah dengan susu dan madunya.","Jadi, dengarlah baik-baik, hai Israil! Lakukanlah semua itu dengan setia supaya baik keadaanmu dan supaya jumlahmu menjadi sangat banyak di negeri yang berlimpah susu dan madu, seperti yang telah dijanjikan ALLAH, Tuhan nenek moyangmu, kepadamu.",
Ulangan,6,4,Ulangan 6:4,«اِسْمَعْ يَا إِسْرَائِيلُ: ٱلرَّبُّ إِلَهُنَا رَبٌّ وَاحِدٌ.,"Dengarlah, hai Israel. TUHAN adalah Allah kita. TUHAN adalah satu.","Dengarlah, hai Israil! ALLAH adalah Tuhan kita. ALLAH itu esa.",
Ulangan,6,5,Ulangan 6:5,فَتُحِبُّ ٱلرَّبَّ إِلَهَكَ مِنْ كُلِّ قَلْبِكَ وَمِنْ كُلِّ نَفْسِكَ وَمِنْ كُلِّ قُوَّتِكَ.,"Kasihilah TUHAN, Allahmu, dengan segenap hatimu, dengan segenap jiwamu, dan dengan segenap kekuatanmu.","Kasihilah ALLAH, Tuhanmu, dengan segenap hatimu, dengan segenap jiwamu, dan dengan segenap kekuatanmu.",
Ulangan,6,6,Ulangan 6:6,وَلْتَكُنْ هَذِهِ ٱلْكَلِمَاتُ ٱلَّتِي أَنَا أُوصِيكَ بِهَا ٱلْيَوْمَ عَلَى قَلْبِكَ،,Ingatlah selalu perintah-perintah yang kusampaikan kepadamu hari ini.,Simpanlah dalam hatimu perkataan-perkataan yang kusampaikan kepadamu pada hari ini.,
Ulangan,6,7,Ulangan 6:7,وَقُصَّهَا عَلَى أَوْلَادِكَ، وَتَكَلَّمْ بِهَا حِينَ تَجْلِسُ فِي بَيْتِكَ، وَحِينَ تَمْشِي فِي ٱلطَّرِيقِ، وَحِينَ تَنَامُ وَحِينَ تَقُومُ،,"Kamu harus mengajarkan semuanya itu terus-menerus kepada anak-anakmu, dan bicarakanlah ketika kamu duduk di rumahmu, ketika kamu sedang dalam perjalanan, ketika kamu sedang berbaring, dan ketika kamu bangun.","Ajarkanlah semua itu dengan saksama kepada anak-anakmu dan bicarakanlah itu ketika engkau duduk di rumahmu, ketika engkau dalam perjalanan, ketika engkau berbaring, dan ketika engkau bangun.",
Ulangan,6,8,Ulangan 6:8,وَٱرْبُطْهَا عَلَامَةً عَلَى يَدِكَ، وَلْتَكُنْ عَصَائِبَ بَيْنَ عَيْنَيْكَ،,Ikatkanlah itu sebagai tanda peringatan pada tanganmu dan pasangkanlah itu di dahimu.,"Ikatkanlah itu sebagai tanda peringatan pada tangan dan dahimu,",
Ulangan,6,9,Ulangan 6:9,وَٱكْتُبْهَا عَلَى قَوَائِمِ أَبْوَابِ بَيْتِكَ وَعَلَى أَبْوَابِكَ.,Tuliskanlah itu pada tiang pintu rumahmu dan gerbangmu.,kemudian tuliskanlah pada tiang-tiang pintu rumahmu dan pada pintu-pintu gerbangmu.,
Ulangan,6,10,Ulangan 6:10,«وَمَتَى أَتَى بِكَ ٱلرَّبُّ إِلَهُكَ إِلَى ٱلْأَرْضِ ٱلَّتِي حَلَفَ لِآبَائِكَ إِبْرَاهِيمَ وَإِسْحَاقَ وَيَعْقُوبَ أَنْ يُعْطِيَكَ، إِلَى مُدُنٍ عَظِيمَةٍ جَيِّدَةٍ لَمْ تَبْنِهَا،,"TUHAN, Allahmu, sudah berjanji kepada nenek moyangmu, Abraham, Ishak, dan Yakub. Dia berjanji memberikannya kepadamu, yaitu kota-kota besar dan baik yang tidak kamu bangun.","Nanti, apabila ALLAH, Tuhanmu, telah membawa engkau masuk ke negeri yang dijanjikan-Nya dengan bersumpah kepada nenek moyangmu, yaitu Ibrahim, Ishak, dan Yakub, untuk dikaruniakan kepadamu—kota-kota yang besar dan baik yang tidak kaubangun,",
Ulangan,6,11,Ulangan 6:11,وَبُيُوتٍ مَمْلُوءَةٍ كُلَّ خَيْرٍ لَمْ تَمْلَأْهَا، وَأَبَآرٍ مَحْفُورَةٍ لَمْ تَحْفِرْهَا، وَكُرُومٍ وَزَيْتُونٍ لَمْ تَغْرِسْهَا، وَأَكَلْتَ وَشَبِعْتَ،,"Dan, memberikanmu rumah-rumah dengan segala perabotannya yang bagus yang tidak kamu isi, sumur-sumur yang tidak kamu gali, kebun-kebun anggur dan pohon zaitun yang tidak kamu tanam, dan kamu akan makan sampai kenyang.","rumah-rumah yang penuh dengan segala sesuatu yang baik yang tidak kauisi, sumur-sumur yang tidak kaugali, kebun-kebun anggur dan pohon-pohon zaitun yang tidak kautanam—dan engkau makan sampai kenyang,",
Ulangan,6,12,Ulangan 6:12,فَٱحْتَرِزْ لِئَلَّا تَنْسَى ٱلرَّبَّ ٱلَّذِي أَخْرَجَكَ مِنْ أَرْضِ مِصْرَ مِنْ بَيْتِ ٱلْعُبُودِيَّةِ.,Janganlah lupa untuk berpegang teguh kepada TUHAN yang telah membawamu keluar dari tempat perbudakan Mesir.,"hati-hatilah, jangan sampai kaulupakan ALLAH yang telah membawamu keluar dari Tanah Mesir, dari tempat perhambaan.",
Ulangan,6,13,Ulangan 6:13,ٱلرَّبَّ إِلَهَكَ تَتَّقِي، وَإِيَّاهُ تَعْبُدُ، وَبِٱسْمِهِ تَحْلِفُ.,"Hormatilah TUHAN, Allahmu, dan beribadahlah hanya kepada-Nya, bersumpahlah demi nama-Nya.","Bertakwalah kepada ALLAH, Tuhanmu, beribadahlah kepada-Nya, dan bersumpahlah demi nama-Nya.",
Ulangan,6,14,Ulangan 6:14,لَا تَسِيرُوا وَرَاءَ آلِهَةٍ أُخْرَى مِنْ آلِهَةِ ٱلْأُمَمِ ٱلَّتِي حَوْلَكُمْ،,"Janganlah mengikuti ilah lain, yaitu ilah dari bangsa-bangsa yang tinggal di sekitarmu.","Jangan ikuti ilah-ilah lain, yaitu ilah-ilah dari bangsa-bangsa yang ada di sekelilingmu,",
Ulangan,6,15,Ulangan 6:15,لِأَنَّ ٱلرَّبَّ إِلَهَكُمْ إِلَهٌ غَيُورٌ فِي وَسَطِكُمْ، لِئَلَّا يَحْمَى غَضَبُ ٱلرَّبِّ إِلَهِكُمْ عَلَيْكُمْ فَيُبِيدَكُمْ عَنْ وَجْهِ ٱلْأَرْضِ.,"Sebab, TUHAN, Allahmu, yang di tengah-tengahmu adalah Allah yang cemburu. Murka TUHAN, Allahmu, dapat membinasakanmu dari muka bumi.","karena ALLAH, Tuhanmu, yang hadir di tengah-tengahmu, adalah Tuhan yang tidak mau diduakan. Jangan sampai murka ALLAH, Tuhanmu, menyala atasmu sehingga engkau dipunahkan-Nya dari muka bumi.",
Ulangan,6,16,Ulangan 6:16,لَا تُجَرِّبُوا ٱلرَّبَّ إِلَهَكُمْ كَمَا جَرَّبْتُمُوهُ فِي مَسَّةَ.,"Jangan kamu mencobai TUHAN, Allahmu, seperti yang pernah kamu lakukan di Masa.","Jangan cobai ALLAH, Tuhanmu, seperti kamu mencobai Dia di Masa.",
Ulangan,6,17,Ulangan 6:17,ٱحْفَظُوا وَصَايَا ٱلرَّبِّ إِلَهِكُمْ وَشَهَادَاتِهِ وَفَرَائِضِهِ ٱلَّتِي أَوْصَاكُمْ بِهَا.,"Kamu harus menaati perintah, penyataan, dan ketetapan TUHAN, Allahmu yang disampaikan kepadamu.","Kamu harus benar-benar memegang teguh perintah-perintah ALLAH, Tuhanmu, serta peringatan-peringatan dan ketetapan-ketetapan yang disampaikan-Nya kepadamu.",
Ulangan,6,18,Ulangan 6:18,وَٱعْمَلِ ٱلصَّالِحَ وَٱلْحَسَنَ فِي عَيْنَيِ ٱلرَّبِّ، لِكَيْ يَكُونَ لَكَ خَيْرٌ، وَتَدْخُلَ وَتَمْتَلِكَ ٱلْأَرْضَ ٱلْجَيِّدَةَ ٱلَّتِي حَلَفَ ٱلرَّبُّ لِآبَائِكَ,Lakukanlah hal-hal yang benar dan baik yang menyenangkan TUHAN supaya baik keadaanmu dan dapat memasuki serta menduduki negeri itu seperti yang dijanjikan TUHAN kepada nenek moyangmu.,"Lakukanlah apa yang benar dan baik dalam pandangan ALLAH supaya keadaanmu baik dan engkau dapat memasuki serta menduduki negeri yang baik, yang telah dijanjikan ALLAH dengan bersumpah kepada nenek moyangmu",
Ulangan,6,19,Ulangan 6:19,أَنْ يَنْفِيَ جَمِيعَ أَعْدَائِكَ مِنْ أَمَامِكَ. كَمَا تَكَلَّمَ ٱلرَّبُّ.,"Dan, kamu akan mengusir semua musuhmu, seperti yang TUHAN janjikan.","dengan menghalau semua musuhmu dari hadapanmu, seperti yang difirmankan ALLAH.",
Ulangan,6,20,Ulangan 6:20,«إِذَا سَأَلَكَ ٱبْنُكَ غَدًا قَائِلًا: مَا هِيَ ٱلشَّهَادَاتُ وَٱلْفَرَائِضُ وَٱلْأَحْكَامُ ٱلَّتِي أَوْصَاكُمْ بِهَا ٱلرَّبُّ إِلَهُنَا؟,"Apabila di kemudian hari, anak-anakmu bertanya kepadamu, “Apakah arti ajaran, hukum, dan peraturan yang diberikan TUHAN kepadamu?”","Apabila di kemudian hari anakmu bertanya kepadamu demikian, ‘Apa arti peringatan-peringatan, ketetapan-ketetapan, dan peraturan-peraturan yang diperintahkan ALLAH, Tuhan kita, kepadamu?’",
Ulangan,6,21,Ulangan 6:21,تَقُولُ لِٱبْنِكَ: كُنَّا عَبِيدًا لِفِرْعَوْنَ فِي مِصْرَ، فَأَخْرَجَنَا ٱلرَّبُّ مِنْ مِصْرَ بِيَدٍ شَدِيدَةٍ.,"Jawablah kepada mereka demikian, “Kami dahulu adalah budak Firaun di Mesir, tetapi TUHAN membawa kami keluar dari Mesir dengan tangan-Nya yang kuat.","maka katakanlah kepada anakmu, ‘Dahulu kita adalah hamba Firaun di Mesir, tetapi ALLAH membawa kita keluar dari Mesir dengan tangan yang kuat.",
Ulangan,6,22,Ulangan 6:22,وَصَنَعَ ٱلرَّبُّ آيَاتٍ وَعَجَائِبَ عَظِيمَةً وَرَدِيئَةً بِمِصْرَ، بِفِرْعَوْنَ وَجَمِيعِ بَيْتِهِ أَمَامَ أَعْيُنِنَا,"TUHAN melakukan hal-hal yang besar dengan membuat tanda-tanda yang besar. Dia mendatangkan musibah terhadap orang Mesir, Firaun, dan seisi rumahnya.","Di depan mata kita, ALLAH mengadakan tanda-tanda ajaib serta mukjizat-mukjizat besar yang membawa bencana bagi Mesir, bagi Firaun, dan bagi seisi istananya.",
Ulangan,6,23,Ulangan 6:23,وَأَخْرَجَنَا مِنْ هُنَاكَ لِكَيْ يَأْتِيَ بِنَا وَيُعْطِيَنَا ٱلْأَرْضَ ٱلَّتِي حَلَفَ لِآبَائِنَا.,"Akan tetapi, kami dibawa-Nya keluar dari sana agar memasuki tanah yang diberikan kepada kami seperti yang telah dijanjikan-Nya kepada nenek moyang kami.","Lalu, Ia mengeluarkan kita dari sana, membawa kita masuk ke sini, dan mengaruniakan kepada kita negeri ini, seperti yang telah dijanjikan-Nya dengan bersumpah kepada nenek moyang kita.",
Ulangan,6,24,Ulangan 6:24,فَأَمَرَنَا ٱلرَّبُّ أَنْ نَعْمَلَ جَمِيعَ هَذِهِ ٱلْفَرَائِضَ وَنَتَّقِيَ ٱلرَّبَّ إِلَهَنَا، لِيَكُونَ لَنَا خَيْرٌ كُلَّ ٱلْأَيَّامِ، وَيَسْتَبْقِيَنَا كَمَا فِي هَذَا ٱلْيَوْمِ.,"TUHAN, Allah kita, memerintahkan kami untuk menaati semua ketetapan ini dan takut kepada TUHAN, Allah kami, supaya kita hidup seperti halnya sekarang.","ALLAH memerintahkan agar kita melaksanakan segala ketetapan ini dengan bertakwa kepada ALLAH, Tuhan kita supaya keadaan kita senantiasa baik dan supaya kita tetap hidup seperti pada hari ini.",
Ulangan,6,25,Ulangan 6:25,وَإِنَّهُ يَكُونُ لَنَا بِرٌّ إِذَا حَفِظْنَا جَمِيعَ هَذِهِ ٱلْوَصَايَا لِنَعْمَلَهَا أَمَامَ ٱلرَّبِّ إِلَهِنَا كَمَا أَوْصَانَا.,"Jika kami menaati seluruh hukum dengan setia, tepat seperti yang dikatakan TUHAN, Allah kepada kami, maka itulah kebenaran kami.”","Kita akan dinyatakan benar jika kita melakukan dengan setia segala perintah itu di hadapan ALLAH, Tuhan kita, seperti yang diperintahkan-Nya kepada kita.’",
Ulangan,7,1,Ulangan 7:1,«مَتَى أَتَى بِكَ ٱلرَّبُّ إِلَهُكَ إِلَى ٱلْأَرْضِ ٱلَّتِي أَنْتَ دَاخِلٌ إِلَيْهَا لِتَمْتَلِكَهَا، وَطَرَدَ شُعُوبًا كَثِيرَةً مِنْ أَمَامِكَ: ٱلْحِثِّيِّينَ وَٱلْجِرْجَاشِيِّينَ وَٱلْأَمُورِيِّينَ وَٱلْكَنْعَانِيِّينَ وَٱلْفِرِزِّيِّينَ وَٱلْحِوِّيِّينَ وَٱلْيَبُوسِيِّينَ، سَبْعَ شُعُوبٍ أَكْثَرَ وَأَعْظَمَ مِنْكَ،,"Ketika TUHAN, Allahmu membawamu ke negeri yang akan kamu masuki dan miliki, Dia akan mengusir banyak bangsa dari hadapanmu, yaitu orang Het, orang Girgasi, orang Amori, orang Kanaan, orang Feris, orang Hewi, dan orang Yebus. Itulah tujuh bangsa yang lebih besar dan lebih kuat daripada kamu.","Setelah ALLAH, Tuhanmu, membawa engkau ke negeri yang akan kaumasuki serta duduki, Ia akan menghalau banyak bangsa dari hadapanmu, yaitu orang Het, orang Girgasi, orang Amori, orang Kanaan, orang Feris, orang Hewi, dan orang Yebus—tujuh bangsa yang lebih besar dan lebih kuat daripada kamu.",
Ulangan,7,2,Ulangan 7:2,وَدَفَعَهُمُ ٱلرَّبُّ إِلَهُكَ أَمَامَكَ، وَضَرَبْتَهُمْ، فَإِنَّكَ تُحَرِّمُهُمْ. لَا تَقْطَعْ لَهُمْ عَهْدًا، وَلَا تُشْفِقْ عَلَيْهِمْ،,"Ketika TUHAN, Allahmu, menyerahkan mereka kepadamu, dan kamu mengalahkan mereka, kamu harus benar-benar membinasakan mereka semua. Jangan membuat perjanjian dengan mereka atau mengasihani mereka.","Pada saat ALLAH, Tuhanmu, menyerahkan mereka kepadamu sehingga mereka kaukalahkan, tumpaslah mereka sama sekali. Jangan mengikat perjanjian dengan mereka dan jangan kasihani mereka.",
Ulangan,7,3,Ulangan 7:3,وَلَا تُصَاهِرْهُمْ. بِنْتَكَ لَا تُعْطِ لِٱبْنِهِ، وَبِنْتَهُ لَا تَأْخُذْ لِٱبْنِكَ.,"Janganlah menikah dengan siapa pun dari mereka, dan jangan biarkan anakmu laki-laki atau perempuan menikah dengan orang-orang dari bangsa lain itu.","Jangan kawin-mawin dengan mereka. Jangan berikan anak perempuanmu kepada anak laki-laki mereka, dan jangan ambil anak perempuan mereka untuk menjadi istri anak laki-lakimu",
Ulangan,7,4,Ulangan 7:4,لِأَنَّهُ يَرُدُّ ٱبْنَكَ مِنْ وَرَائِي فَيَعْبُدُ آلِهَةً أُخْرَى، فَيَحْمَى غَضَبُ ٱلرَّبِّ عَلَيْكُمْ وَيُهْلِكُكُمْ سَرِيعًا.,"Sebab, mereka akan membuat anak-anakmu menjauh dari-Ku dan menyembah ilah lain sehingga murka TUHAN akan menyala atasmu dan Dia akan segera membinasakanmu!","karena mereka akan membuat anak laki-lakimu menyimpang, tidak lagi mengikuti Aku, dan kemudian beribadah kepada ilah-ilah lain. Jika demikian halnya, maka murka ALLAH akan menyala atas kamu dan Ia akan membinasakan engkau dengan segera.",
Ulangan,7,5,Ulangan 7:5,وَلَكِنْ هَكَذَا تَفْعَلُونَ بِهِمْ: تَهْدِمُونَ مَذَابِحَهُمْ، وَتُكَسِّرُونَ أَنْصَابَهُمْ، وَتُقَطِّعُونَ سَوَارِيَهُمْ، وَتُحْرِقُونَ تَمَاثِيلَهُمْ بِٱلنَّارِ.,"Inilah yang harus kamu lakukan terhadap mereka. Kamu harus merobohkan mazbah-mazbah mereka, menghancurkan tiang-tiang berhala mereka, menebang patung-patung Dewi Asyera mereka, dan membakar habis patung-patung ukiran mereka.","Sebaliknya, beginilah yang harus kamu lakukan terhadap mereka: Robohkanlah mazbah-mazbah, yaitu tempat-tempat pembakaran kurban mereka, hancurkanlah tiang-tiang berhala mereka, tebanglah patung-patung Dewi Asyera mereka, dan bakarlah habis patung-patung ukiran mereka,",
Ulangan,7,6,Ulangan 7:6,لِأَنَّكَ أَنْتَ شَعْبٌ مُقَدَّسٌ لِلرَّبِّ إِلَهِكَ. إِيَّاكَ قَدِ ٱخْتَارَ ٱلرَّبُّ إِلَهُكَ لِتَكُونَ لَهُ شَعْبًا أَخَصَّ مِنْ جَمِيعِ ٱلشُّعُوبِ ٱلَّذِينَ عَلَى وَجْهِ ٱلْأَرْضِ،,"Karena kamu adalah umat TUHAN sendiri. Dari semua bangsa di muka bumi, TUHAN, Allahmu telah memilihmu menjadi milik-Nya sendiri.","karena engkau adalah umat yang suci bagi ALLAH, Tuhanmu. Engkau telah dipilih oleh ALLAH, Tuhanmu, untuk menjadi umat kesayangan-Nya dari semua bangsa yang ada di muka bumi.",
Ulangan,7,7,Ulangan 7:7,لَيْسَ مِنْ كَوْنِكُمْ أَكْثَرَ مِنْ سَائِرِ ٱلشُّعُوبِ، ٱلْتَصَقَ ٱلرَّبُّ بِكُمْ وَٱخْتَارَكُمْ، لِأَنَّكُمْ أَقَلُّ مِنْ سَائِرِ ٱلشُّعُوبِ.,"TUHAN mengasihi dan memilihmu bukan karena kamu bangsa yang terbesar, malahan yang terkecil jumlahnya dari semua bangsa.",ALLAH terpaut kepadamu dan memilih kamu bukan karena jumlahmu lebih besar di antara segala bangsa—sesungguhnya kamu adalah yang terkecil di antara segala bangsa—,
Ulangan,7,8,Ulangan 7:8,بَلْ مِنْ مَحَبَّةِ ٱلرَّبِّ إِيَّاكُمْ، وَحِفْظِهِ ٱلْقَسَمَ ٱلَّذِي أَقْسَمَ لِآبَائِكُمْ، أَخْرَجَكُمُ ٱلرَّبُّ بِيَدٍ شَدِيدَةٍ وَفَدَاكُمْ مِنْ بَيْتِ ٱلْعُبُودِيَّةِ مِنْ يَدِ فِرْعَوْنَ مَلِكِ مِصْرَ.,"Namun, TUHAN membawamu keluar dari Mesir oleh kuasa-Nya yang besar dan membebaskanmu dari perbudakan Firaun, raja Mesir karena Dia mengasihimu dan memegang janji yang telah dibuat-Nya kepada nenek moyangmu.","melainkan karena ALLAH mengasihi kamu dan memegang teguh sumpah yang diikrarkan-Nya kepada nenek moyangmu. Itulah sebabnya, ALLAH membawa kamu keluar dengan tangan yang kuat dan membebaskan kamu dari tempat perhambaan, dari tangan Firaun, raja Mesir.",
Ulangan,7,9,Ulangan 7:9,فَٱعْلَمْ أَنَّ ٱلرَّبَّ إِلَهَكَ هُوَ ٱللهُ، ٱلْإِلَهُ ٱلْأَمِينُ، ٱلْحَافِظُ ٱلْعَهْدَ وَٱلْإِحْسَانَ لِلَّذِينَ يُحِبُّونَهُ وَيَحْفَظُونَ وَصَايَاهُ إِلَى أَلْفِ جِيلٍ،,"Ingatlah bahwa TUHAN, Allahmu adalah Allah yang mempertahankan perjanjian-Nya, menunjukkan kasih-Nya dan kebaikan-Nya kepada semua orang yang mengasihi Dia dan menaati perintah-Nya dan juga kepada ribuan keturunannya,","Sebab itu, ketahuilah bahwa ALLAH, Tuhanmu, Dialah Allah, Tuhan yang setia, yang memegang teguh perjanjian, dan menunjukkan rahmat-Nya terhadap orang yang mengasihi-Nya serta yang memegang teguh perintah-perintah-Nya sampai beribu-ribu keturunan.",
Ulangan,7,10,Ulangan 7:10,وَٱلْمُجَازِي ٱلَّذِينَ يُبْغِضُونَهُ بِوُجُوهِهِمْ لِيُهْلِكَهُمْ. لَا يُمْهِلُ مَنْ يُبْغِضُهُ. بِوَجْهِهِ يُجَازِيهِ.,dan menghukum setiap orang yang membenci-Nya. Dia akan membinasakan mereka dan tidak akan menunda hukuman atas orang yang membenci-Nya.,"Tetapi, terhadap orang yang membenci Dia, Ia mengadakan pembalasan dengan membinasakan orang itu. Ia tidak menunda-nunda untuk mengadakan pembalasan terhadap orang yang membenci Dia.",
Ulangan,7,11,Ulangan 7:11,فَٱحْفَظِ ٱلْوَصَايَا وَٱلْفَرَائِضَ وَٱلْأَحْكَامَ ٱلَّتِي أَنَا أُوصِيكَ ٱلْيَوْمَ لِتَعْمَلَهَا.,"Sebab itu, kamu harus sungguh-sungguh menaati perintah, hukum, dan ketetapan yang kusampaikan kepadamu hari ini.","Sebab itu, lakukanlah dengan setia perintah-perintah, ketetapan-ketetapan, dan peraturan-peraturan yang kusampaikan kepadamu pada hari ini.",
Ulangan,7,12,Ulangan 7:12,«وَمِنْ أَجْلِ أَنَّكُمْ تَسْمَعُونَ هَذِهِ ٱلْأَحْكَامَ وَتَحْفَظُونَ وَتَعْمَلُونَهَا، يَحْفَظُ لَكَ ٱلرَّبُّ إِلَهُكَ ٱلْعَهْدَ وَٱلْإِحْسَانَ ٱللَّذَيْنِ أَقْسَمَ لِآبَائِكَ،,"Jadi, apabila kamu mendengarkan hukum-hukum ini dan melakukannya, maka TUHAN, Allahmu, akan memegang teguh perjanjian dan kasih setia-Nya yang telah disumpahkan kepada nenek moyangmu.","Jadi, apabila kamu mendengarkan peraturan-peraturan ini serta melakukannya dengan sungguh-sungguh, maka ALLAH, Tuhanmu, akan memegang teguh perjanjian dan kasih abadi-Nya, yang dijanjikan-Nya dengan bersumpah kepada nenek moyangmu.",
Ulangan,7,13,Ulangan 7:13,وَيُحِبُّكَ وَيُبَارِكُكَ وَيُكَثِّرُكَ وَيُبَارِكُ ثَمَرَةَ بَطْنِكَ وَثَمَرَةَ أَرْضِكَ: قَمْحَكَ وَخَمْرَكَ وَزَيْتَكَ وَنِتَاجَ بَقَرِكَ وَإِنَاثَ غَنَمِكَ، عَلَى ٱلْأَرْضِ ٱلَّتِي أَقْسَمَ لِآبَائِكَ أَنَّهُ يُعْطِيكَ إِيَّاهَا.,"Dia akan mengasihimu, memberkatimu, dan membuatmu bertambah banyak. Dia akan memberkati buah kandunganmu dan memberkati hasil tanahmu, yaitu gandum, anggur serta minyakmu dan juga ternakmu, yaitu sapi-sapimu dan anak kambing dombamu di tanah yang dijanjikan-Nya kepada nenek moyangmu untuk diberikan-Nya kepadamu.","Ia akan mengasihi engkau, memberkahi engkau, dan memperbanyak jumlahmu. Ia akan memberkahi buah kandunganmu, hasil tanahmu, yaitu gandummu, anggurmu, dan minyakmu, juga anak lembumu serta kawanan kambing dombamu di negeri yang dijanjikan-Nya dengan bersumpah kepada nenek moyangmu untuk dikaruniakan kepadamu.",
Ulangan,7,14,Ulangan 7:14,مُبَارَكًا تَكُونُ فَوْقَ جَمِيعِ ٱلشُّعُوبِ. لَا يَكُونُ عَقِيمٌ وَلَا عَاقِرٌ فِيكَ وَلَا فِي بَهَائِمِكَ.,Kamu akan diberkati lebih dari segala bangsa. Tidak ada laki-laki atau perempuan yang mandul termasuk hewan ternakmu.,"Engkau akan diberkahi melebihi segala bangsa. Tidak akan ada seorang pun yang mandul di antaramu, baik laki-laki maupun perempuan, bahkan juga di antara ternak-ternakmu.",
Ulangan,7,15,Ulangan 7:15,وَيَرُدُّ ٱلرَّبُّ عَنْكَ كُلَّ مَرَضٍ، وَكُلَّ أَدْوَاءِ مِصْرَ ٱلرَّدِيئَةِ ٱلَّتِي عَرَفْتَهَا لَا يَضَعُهَا عَلَيْكَ، بَلْ يَجْعَلُهَا عَلَى كُلِّ مُبْغِضِيكَ.,"TUHAN akan menyingkirkan segala jenis penyakit dan Dia tidak akan membiarkan wabah penyakit yang mengerikan seperti di Mesir terjadi atasmu. Namun, Dia akan mendatangkannya kepada musuhmu.","ALLAH akan menjauhkan segala penyakit darimu. Segala wabah mencelakakan yang kauketahui di Mesir tidak akan ditimpakan-Nya kepadamu, melainkan akan didatangkan-Nya kepada semua orang yang membenci engkau.",
Ulangan,7,16,Ulangan 7:16,وَتَأْكُلُ كُلَّ ٱلشُّعُوبِ ٱلَّذِينَ ٱلرَّبُّ إِلَهُكَ يَدْفَعُ إِلَيْكَ. لَا تُشْفِقْ عَيْنَاكَ عَلَيْهِمْ وَلَا تَعْبُدْ آلِهَتَهُمْ، لِأَنَّ ذَلِكَ شَرَكٌ لَكَ.,"Kamu harus membinasakan semua orang yang diserahkan oleh TUHAN, Allahmu. Janganlah mengasihani mereka dan jangan menyembah ilah mereka! Sebab, hal Itu akan menjadi jerat bagimu.","Engkau harus menghabisi segala bangsa yang diserahkan ALLAH, Tuhanmu, kepadamu. Jangan merasa iba terhadap mereka dan jangan beribadah kepada dewa-dewa mereka karena hal itu akan menjadi jerat bagimu.",
Ulangan,7,17,Ulangan 7:17,إِنْ قُلْتَ فِي قَلْبِكَ: هَؤُلَاءِ ٱلشُّعُوبُ أَكْثَرُ مِنِّي. كَيْفَ أَقْدِرُ أَنْ أَطْرُدَهُمْ؟,"Jika kamu berkata dalam hati, “Bangsa-bangsa ini lebih kuat daripada aku. Bagaimana aku dapat mengusir mereka?”","Jika sekiranya engkau berpikir dalam hatimu, ‘Bangsa-bangsa itu lebih besar daripadaku. Bagaimana aku dapat menghalau mereka?’",
Ulangan,7,18,Ulangan 7:18,فَلَا تَخَفْ مِنْهُمُ. ٱذْكُرْ مَا فَعَلَهُ ٱلرَّبُّ إِلَهُكَ بِفِرْعَوْنَ وَبِجَمِيعِ ٱلْمِصْرِيِّينَ.,"Jangan takut kepada mereka. Kamu harus mengingat apa yang telah diperbuat TUHAN, Allahmu, terhadap Firaun dan semua orang Mesir,","maka janganlah takut kepada mereka. Ingatlah baik-baik apa yang dilakukan ALLAH, Tuhanmu, terhadap Firaun dan terhadap semua orang Mesir,",
Ulangan,7,19,Ulangan 7:19,ٱلتَّجَارِبَ ٱلْعَظِيمَةَ ٱلَّتِي أَبْصَرَتْهَا عَيْنَاكَ، وَٱلْآيَاتِ وَٱلْعَجَائِبَ وَٱلْيَدَ ٱلشَّدِيدَةَ وَٱلذِّرَاعَ ٱلرَّفِيعَةَ ٱلَّتِي بِهَا أَخْرَجَكَ ٱلرَّبُّ إِلَهُكَ. هَكَذَا يَفْعَلُ ٱلرَّبُّ إِلَهُكَ بِجَمِيعِ ٱلشُّعُوبِ ٱلَّتِي أَنْتَ خَائِفٌ مِنْ وَجْهِهَا.,"yakni segala cobaan yang dibuat-Nya kepada mereka dan hal-hal ajaib yang dilakukan-Nya. Kamu melihat TUHAN, Allahmu menggunakan tangan-Nya yang kuat dan kuasa-Nya yang besar untuk membawamu keluar. Hal itu dilakukan oleh TUHAN, Allahmu untuk melawan seluruh bangsa yang kamu takuti.","yaitu cobaan-cobaan besar yang kamu lihat dengan matamu sendiri, tanda-tanda ajaib, mukjizat-mukjizat, kekuatan dan kuasa yang nyata. Dengan semua hal itu ALLAH, Tuhanmu, telah membawa engkau keluar. Demikian jugalah akan dilakukan ALLAH, Tuhanmu, terhadap segala bangsa yang kautakuti.",
Ulangan,7,20,Ulangan 7:20,«وَٱلزَّنَابِيرُ أَيْضًا يُرْسِلُهَا ٱلرَّبُّ إِلَهُكَ عَلَيْهِمْ حَتَّى يَفْنَى ٱلْبَاقُونَ وَٱلْمُخْتَفُونَ مِنْ أَمَامِكَ.,"TUHAN, Allahmu, akan mengirimkan lebah untuk menyerang mereka. Orang-orang yang masih tersisa maupun yang bersembunyi akan habis binasa.","Selain itu, ALLAH, Tuhanmu, akan melepas serangga penyengat ke tengah-tengah mereka sampai orang-orang yang masih tertinggal dan yang menyembunyikan diri terhadap engkau habis binasa.",
Ulangan,7,21,Ulangan 7:21,لَا تَرْهَبْ وُجُوهَهُمْ، لِأَنَّ ٱلرَّبَّ إِلَهَكَ فِي وَسَطِكَ إِلَهٌ عَظِيمٌ وَمَخُوفٌ.,"Janganlah takut kepada mereka karena TUHAN, Allahmu bersamamu. Dia Allah yang besar dan dahsyat.","Janganlah gentar terhadap mereka karena ALLAH, Tuhanmu, hadir di tengah-tengahmu. Dialah Tuhan yang besar dan dahsyat.",
Ulangan,7,22,Ulangan 7:22,وَلَكِنَّ ٱلرَّبَّ إِلَهَكَ يَطْرُدُ هَؤُلَاءِ ٱلشُّعُوبَ مِنْ أَمَامِكَ قَلِيلًا قَلِيلًا. لَا تَسْتَطِيعُ أَنْ تُفْنِيَهُمْ سَرِيعًا، لِئَلَّا تَكْثُرَ عَلَيْكَ وُحُوشُ ٱلْبَرِّيَّةِ.,"TUHAN, Allahmu akan menghapus bangsa-bangsa ini sedikit demi sedikit. Kamu tidak akan membinasakan mereka semua sekaligus. Jangan sampai binatang-binatang buas bertambah menjadi terlalu banyak untukmu.","ALLAH, Tuhanmu, akan menghalau bangsa-bangsa itu dari hadapanmu secara berangsur-angsur. Engkau tidak boleh menghabisi mereka sekaligus supaya jangan binatang liar melebihi kamu jumlahnya.",
Ulangan,7,23,Ulangan 7:23,وَيَدْفَعُهُمُ ٱلرَّبُّ إِلَهُكَ أَمَامَكَ وَيُوقِعُ بِهِمِ ٱضْطِرَابًا عَظِيمًا حَتَّى يَفْنَوْا.,"Dan TUHAN, Allahmu akan membuatmu mengalahkan bangsa-bangsa itu. Dia akan menghancurkan mereka dalam peperangan hingga mereka binasa.","ALLAH, Tuhanmu, akan menyerahkan mereka kepadamu dan mengacaukan mereka dengan kekacauan yang besar sampai mereka punah.",
Ulangan,7,24,Ulangan 7:24,وَيَدْفَعُ مُلُوكَهُمْ إِلَى يَدِكَ، فَتَمْحُو ٱسْمَهُمْ مِنْ تَحْتِ ٱلسَّمَاءِ. لَا يَقِفُ إِنْسَانٌ فِي وَجْهِكَ حَتَّى تُفْنِيَهُمْ.,"Kamu akan mengalahkan raja-raja, nama mereka akan dihapus dari kolong langit. Tidak ada seorang pun yang dapat menghentikanmu dan kamu akan membinasakan mereka semua.",Ia juga akan menyerahkan raja-raja mereka ke dalam tanganmu dan engkau akan melenyapkan nama mereka dari kolong langit. Tak seorang pun akan dapat bertahan di hadapanmu sampai mereka kaupunahkan.,
Ulangan,7,25,Ulangan 7:25,وَتَمَاثِيلَ آلِهَتِهِمْ تُحْرِقُونَ بِٱلنَّارِ. لَا تَشْتَهِ فِضَّةً وَلَا ذَهَبًا مِمَّا عَلَيْهَا لِتَأْخُذَ لَكَ، لِئَلَّا تُصَادَ بِهِ لِأَنَّهُ رِجْسٌ عِنْدَ ٱلرَّبِّ إِلَهِكَ.,"Kamu harus membakar patung-patung ilah mereka. Janganlah menginginkan perak dan emas yang ada pada mereka itu bagi dirimu. Itu akan menjadi seperti jerat bagimu sebab TUHAN, Allahmu, membencinya.","Dewa-dewa mereka berupa patung-patung ukiran harus kamu bakar habis. Jangan ingini perak dan emas yang ada pada mereka, lalu mengambilnya bagi dirimu supaya jangan kamu terjerat olehnya, karena itu adalah hal keji bagi ALLAH, Tuhanmu.",
Ulangan,7,26,Ulangan 7:26,وَلَا تُدْخِلْ رِجْسًا إِلَى بَيْتِكَ لِئَلَّا تَكُونَ مُحَرَّمًا مِثْلَهُ. تَسْتَقْبِحُهُ وَتَكْرَهُهُ لِأَنَّهُ مُحَرَّمٌ.,Jangan bawa sesuatu dari berhala yang mengerikan itu ke dalam rumahmu atau kamu akan jadi berhala juga. Perlakukanlah itu seperti hal yang menjijikkan sebab merupakan benda kebinasaan.,"Apa yang dipandang keji oleh-Nya jangan kaubawa masuk ke dalam rumahmu sehingga engkau pun harus dikhususkan untuk dimusnahkan seperti barang-barang itu. Engkau harus benar-benar membenci dan benar-benar memandang keji semua itu, karena itu semua akan dikhususkan untuk dimusnahkan.",
Ulangan,8,1,Ulangan 8:1,«جَمِيعَ ٱلْوَصَايَا ٱلَّتِي أَنَا أُوصِيكُمْ بِهَا ٱلْيَوْمَ تَحْفَظُونَ لِتَعْمَلُوهَا، لِكَيْ تَحَيَوْا وَتَكْثُرُوا وَتَدْخُلُوا وَتَمْتَلِكُوا ٱلْأَرْضَ ٱلَّتِي أَقْسَمَ ٱلرَّبُّ لِآبَائِكُمْ.,"Kamu harus menaati semua perintah yang kuberikan kepadamu hari ini sehingga kamu hidup, dan bertambah banyak menjadi suatu bangsa yang besar serta dapat memiliki tanah yang TUHAN janjikan dengan sumpah kepada nenek moyangmu.","Segala perintah yang kusampaikan kepadamu pada hari ini harus kamu lakukan dengan setia supaya kamu dapat hidup, bertambah banyak, dan dapat memasuki serta memiliki negeri yang dijanjikan ALLAH dengan bersumpah kepada nenek moyangmu.",
Ulangan,8,2,Ulangan 8:2,وَتَتَذَكَّرُ كُلَّ ٱلطَّرِيقِ ٱلَّتِي فِيهَا سَارَ بِكَ ٱلرَّبُّ إِلَهُكَ هَذِهِ ٱلْأَرْبَعِينَ سَنَةً فِي ٱلْقَفْرِ، لِكَيْ يُذِلَّكَ وَيُجَرِّبَكَ لِيَعْرِفَ مَا فِي قَلْبِكَ: أَتَحْفَظُ وَصَايَاهُ أَمْ لَا؟,"Kamu harus mengingat seluruh perjalanan di bawah pimpinan TUHAN, Allahmu selama 40 tahun di padang belantara. Dia telah menguji dan membuatmu rendah hati untuk mengetahui apa yang ada di dalam hatimu apakah kamu taat kepada perintah-Nya atau tidak.","Ingatlah seluruh perjalanan yang kautempuh dalam pimpinan ALLAH, Tuhanmu, di padang belantara selama empat puluh tahun ini. Melalui semua itu Ia bermaksud merendahkan hatimu, menguji engkau, dan mengetahui apa yang ada di dalam hatimu, apakah engkau mau memegang teguh perintah-perintah-Nya atau tidak.",
Ulangan,8,3,Ulangan 8:3,فَأَذَلَّكَ وَأَجَاعَكَ وَأَطْعَمَكَ ٱلْمَنَّ ٱلَّذِي لَمْ تَكُنْ تَعْرِفُهُ وَلَا عَرَفَهُ آبَاؤُكَ، لِكَيْ يُعَلِّمَكَ أَنَّهُ لَيْسَ بِٱلْخُبْزِ وَحْدَهُ يَحْيَا ٱلْإِنْسَانُ، بَلْ بِكُلِّ مَا يَخْرُجُ مِنْ فَمِ ٱلرَّبِّ يَحْيَا ٱلْإِنْسَانُ.,"Dia membuatmu rendah hati, membiarkanmu lapar, dan memberi makan manna, yang tidak dikenal olehmu atau nenek moyangmu agar kamu menyadari bahwa manusia hidup bukan dari roti saja, melainkan dari segala sesuatu yang dikatakan TUHAN.","Ia merendahkan hatimu, membiarkan engkau lapar, dan memberi engkau makan manna, yaitu makanan yang belum pernah dikenal, baik oleh kamu maupun oleh nenek moyangmu, supaya engkau sadar bahwa manusia hidup bukan dari roti saja, melainkan dari segala sesuatu yang disampaikan ALLAH.",
Ulangan,8,4,Ulangan 8:4,ثِيَابُكَ لَمْ تَبْلَ عَلَيْكَ، وَرِجْلُكَ لَمْ تَتَوَرَّمْ هَذِهِ ٱلْأَرْبَعِينَ سَنَةً.,"Selama 40 tahun ini, pakaianmu tidak menjadi usang, dan kakimu tidak membengkak.",Selama empat puluh tahun ini pakaianmu tidak menjadi usang di tubuhmu dan kakimu pun tidak menjadi bengkak.,
Ulangan,8,5,Ulangan 8:5,فَٱعْلَمْ فِي قَلْبِكَ أَنَّهُ كَمَا يُؤَدِّبُ ٱلْإِنْسَانُ ٱبْنَهُ قَدْ أَدَّبَكَ ٱلرَّبُّ إِلَهُكَ.,"Kamu harus mengerti bahwa TUHAN, Allahmu sedang mengajarmu seperti seorang ayah mengajar anaknya.","Maka, sadarilah dalam hatimu bahwa seperti seseorang yang mendidik anaknya, demikianlah ALLAH, Tuhanmu, mendidik engkau.",
Ulangan,8,6,Ulangan 8:6,وَٱحْفَظْ وَصَايَا ٱلرَّبِّ إِلَهِكَ لِتَسْلُكَ فِي طُرُقِهِ وَتَتَّقِيَهُ،,"Kamu harus menaati perintah-perintah TUHAN, Allahmu dan hidup seturut jalan-Nya dengan takut akan Dia.","Sebab itu, peganglah teguh perintah-perintah ALLAH, Tuhanmu, dengan cara tetap menempuh jalan-Nya serta bertakwa kepada-Nya.",
Ulangan,8,7,Ulangan 8:7,لِأَنَّ ٱلرَّبَّ إِلَهَكَ آتٍ بِكَ إِلَى أَرْضٍ جَيِّدَةٍ. أَرْضِ أَنْهَارٍ مِنْ عُيُونٍ، وَغِمَارٍ تَنْبَعُ فِي ٱلْبِقَاعِ وَٱلْجِبَالِ.,"TUHAN, Allahmu membawamu memasuki tanah yang baik, tanah dengan sungai-sungai dan mata air di lembah-lembah dan gunung-gunung.","ALLAH, Tuhanmu, sedang menghantar engkau ke negeri yang baik, yaitu negeri dengan aliran-aliran sungai, mata air, dan sumber air yang dalam, yang memancar di lembah-lembah serta di gunung-gunung;",
Ulangan,8,8,Ulangan 8:8,أَرْضِ حِنْطَةٍ وَشَعِيرٍ وَكَرْمٍ وَتِينٍ وَرُمَّانٍ. أَرْضِ زَيْتُونِ زَيْتٍ، وَعَسَلٍ.,"Sebuah negeri dengan gandum, jelai, buah anggur, buah ara, dan buah delima. Negeri yang menghasilkan minyak zaitun dan madu.","negeri dengan gandum, jelai, pohon anggur, pohon ara, dan pohon delima; negeri dengan minyak zaitun dan madu.",
Ulangan,8,9,Ulangan 8:9,أَرْضٍ لَيْسَ بِٱلْمَسْكَنَةِ تَأْكُلُ فِيهَا خُبْزًا، وَلَا يُعْوِزُكَ فِيهَا شَيْءٌ. أَرْضٍ حِجَارَتُهَا حَدِيدٌ، وَمِنْ جِبَالِهَا تَحْفُرُ نُحَاسًا.,"Di sana, kamu akan memperoleh banyak makanan dan segala sesuatu yang kamu butuhkan. Suatu negeri yang batunya mengandung besi. Kamu dapat menambang biji tembaga dari gunung-gunungnya.","Di negeri itu engkau akan makan roti tanpa harus berhemat, dan engkau tidak akan kekurangan apa pun. Bebatuan di negeri itu pun mengandung besi, dan dari pegunungannya engkau dapat menggali tembaga.",
Ulangan,8,10,Ulangan 8:10,فَمَتَى أَكَلْتَ وَشَبِعْتَ تُبَارِكُ ٱلرَّبَّ إِلَهَكَ لِأَجْلِ ٱلْأَرْضِ ٱلْجَيِّدَةِ ٱلَّتِي أَعْطَاكَ.,"Kamu akan memiliki semua yang ingin kamu makan dan kamu akan memuji TUHAN, Allahmu atas tanah yang baik yang sudah diberikan-Nya kepadamu.","Engkau akan makan sampai kenyang dan engkau akan memuji ALLAH, Tuhanmu, atas negeri yang baik yang dikaruniakan-Nya kepadamu.",
Ulangan,8,11,Ulangan 8:11,اِحْتَرِزْ مِنْ أَنْ تَنْسَى ٱلرَّبَّ إِلَهَكَ وَلَا تَحْفَظَ وَصَايَاهُ وَأَحْكَامَهُ وَفَرَائِضَهُ ٱلَّتِي أَنَا أُوصِيكَ بِهَا ٱلْيَوْمَ.,"Hati-hatilah. Janganlah lupa akan TUHAN, Allahmu dengan tidak lupa menaati perintah, hukum, dan ketetapan yang kuberikan kepadamu hari ini.","Hati-hati, jangan sampai kaulupakan ALLAH, Tuhanmu, dengan tidak memegang teguh perintah-perintah-Nya, peraturan-peraturan-Nya, dan ketetapan-ketetapan-Nya yang kusampaikan kepadamu pada hari ini.",
Ulangan,8,12,Ulangan 8:12,لِئَلَّا إِذَا أَكَلْتَ وَشَبِعْتَ وَبَنَيْتَ بُيُوتًا جَيِّدَةً وَسَكَنْتَ،,"Dengan demikian, kamu makan dengan kenyang, dan kamu akan mendirikan rumah-rumah yang bagus dan menempatinya.","Setelah engkau makan sampai kenyang, setelah engkau membangun rumah-rumah yang baik dan tinggal di dalamnya,",
Ulangan,8,13,Ulangan 8:13,وَكَثُرَتْ بَقَرُكَ وَغَنَمُكَ، وَكَثُرَتْ لَكَ ٱلْفِضَّةُ وَٱلذَّهَبُ، وَكَثُرَ كُلُّ مَا لَكَ،,"Sapi, domba, dan kambingmu akan bertambah banyak. Begitu juga emas dan perakmu serta segala hartamu bertambah banyak jumlahnya.","setelah bertambah banyak kawanan sapi dan kawanan kambing dombamu, juga perak dan emasmu, serta segala sesuatu yang kamu miliki,",
Ulangan,8,14,Ulangan 8:14,يَرْتَفِعُ قَلْبُكَ وَتَنْسَى ٱلرَّبَّ إِلَهَكَ ٱلَّذِي أَخْرَجَكَ مِنْ أَرْضِ مِصْرَ مِنْ بَيْتِ ٱلْعُبُودِيَّةِ،,"Janganlah kamu menjadi sombong sehingga melupakan TUHAN, Allahmu yang membawamu keluar dari negeri Mesir, tanah perbudakan.","jangan sampai engkau menjadi takabur dan melupakan ALLAH, Tuhanmu, yang membawamu keluar dari Tanah Mesir, dari tempat perhambaan.",
Ulangan,8,15,Ulangan 8:15,ٱلَّذِي سَارَ بِكَ فِي ٱلْقَفْرِ ٱلْعَظِيمِ ٱلْمَخُوفِ، مَكَانِ حَيَّاتٍ مُحْرِقَةٍ وَعَقَارِبَ وَعَطَشٍ حَيْثُ لَيْسَ مَاءٌ. ٱلَّذِي أَخْرَجَ لَكَ مَاءً مِنْ صَخْرَةِ ٱلصَّوَّانِ.,"Dia membawamu melalui padang belantara yang luas dan menakutkan, yang penuh dengan ular dan kalajengking berbisa. Tanahnya gersang dan tidak ada air. Dialah yang membuat air keluar dari gunung batu bagimu.","Dialah yang memimpin engkau berjalan di padang belantara yang luas dan menakutkan, tempat ular berbisa dan kalajengking, dengan tanah yang kering kerontang dan tak berair. Dialah yang telah memancarkan air bagimu dari gunung batu yang keras,",
Ulangan,8,16,Ulangan 8:16,ٱلَّذِي أَطْعَمَكَ فِي ٱلْبَرِّيَّةِ ٱلْمَنَّ ٱلَّذِي لَمْ يَعْرِفْهُ آبَاؤُكَ، لِكَيْ يُذِلَّكَ وَيُجَرِّبَكَ، لِكَيْ يُحْسِنَ إِلَيْكَ فِي آخِرَتِكَ.,"Dia juga yang memberi makanan manna kepadamu di padang belantara, yaitu makanan yang tidak pernah dikenal oleh nenek moyangmu. Dia mengujimu untuk menjadikanmu rendah hati agar segala sesuatu akhirnya membawa kebaikan untukmu.","dan Dia pulalah yang telah memberi engkau makan manna di padang belantara, yaitu makanan yang belum pernah dikenal oleh nenek moyangmu. Maksud semua itu ialah untuk merendahkan hatimu serta mengujimu sehingga akhirnya membuahkan kebaikan bagimu.",
Ulangan,8,17,Ulangan 8:17,وَلِئَلَّا تَقُولَ فِي قَلْبِكَ: قُوَّتِي وَقُدْرَةُ يَدِيَ ٱصْطَنَعَتْ لِي هَذِهِ ٱلثَّرْوَةَ.,"Janganlah berkata dalam hatimu, “Aku mendapat kekayaan ini karena kuasa dan kemampuanku sendiri.”","Jangan katakan di dalam hatimu, ‘Kekuatan dan keperkasaan tangankulah yang membuat aku memiliki kekayaan ini.’",
Ulangan,8,18,Ulangan 8:18,بَلِ ٱذْكُرِ ٱلرَّبَّ إِلَهَكَ، أَنَّهُ هُوَ ٱلَّذِي يُعْطِيكَ قُوَّةً لِٱصْطِنَاعِ ٱلثَّرْوَةِ، لِكَيْ يَفِيَ بِعَهْدِهِ ٱلَّذِي أَقْسَمَ لِآبَائِكَ كَمَا فِي هَذَا ٱلْيَوْمِ.,"Ingatlah bahwa TUHAN, Allahmulah yang memberikan kuasa kepadamu untuk memperoleh kekayaan supaya Dia memenuhi perjanjian yang dibuat-Nya kepada nenek moyangmu, seperti yang terjadi hari ini!","Sebaliknya, ingatlah ALLAH, Tuhanmu, karena Dialah yang memberikan kepadamu kekuatan untuk memperoleh kekayaan itu, demi meneguhkan perjanjian yang disampaikan-Nya dengan bersumpah kepada nenek moyangmu, seperti pada hari ini.",
Ulangan,8,19,Ulangan 8:19,وَإِنْ نَسِيتَ ٱلرَّبَّ إِلَهَكَ، وَذَهَبْتَ وَرَاءَ آلِهَةٍ أُخْرَى وَعَبَدْتَهَا وَسَجَدْتَ لَهَا، أُشْهِدُ عَلَيْكُمُ ٱلْيَوْمَ أَنَّكُمْ تَبِيدُونَ لَا مَحَالَةَ.,"Namun, jika kamu melupakan TUHAN, Allahmu dengan mengikuti ilah lain, beribadah, dan sujud menyembah kepadanya. Hari ini aku memperingatkan kepadamu, bahwa kamu akan mati.","Jika engkau benar-benar melupakan ALLAH, Tuhanmu, lalu mengikuti ilah-ilah lain, beribadah kepada semua ilah itu dan sujud menyembah kepadanya, maka pada hari ini aku mengingatkan kamu bahwa kamu pasti binasa.",
Ulangan,8,20,Ulangan 8:20,كَٱلشُّعُوبِ ٱلَّذِينَ يُبِيدُهُمُ ٱلرَّبُّ مِنْ أَمَامِكُمْ كَذَلِكَ تَبِيدُونَ، لِأَجْلِ أَنَّكُمْ لَمْ تَسْمَعُوا لِقَوْلِ ٱلرَّبِّ إِلَهِكُمْ.,"TUHAN membinasakan bangsa-bangsa lain itu, demikian pula kamu jika kamu tidak mau mendengar TUHAN, Allahmu.","Sama seperti bangsa-bangsa yang dibinasakan ALLAH di hadapanmu, demikianlah kamu akan dibinasakan sebab kamu tidak mau mematuhi ALLAH, Tuhanmu.",
Ulangan,9,1,Ulangan 9:1,«اِسْمَعْ يَا إِسْرَائِيلُ، أَنْتَ ٱلْيَوْمَ عَابِرٌ ٱلْأُرْدُنَّ لِكَيْ تَدْخُلَ وَتَمْتَلِكَ شُعُوبًا أَكْبَرَ وَأَعْظَمَ مِنْكَ، وَمُدُنًا عَظِيمَةً وَمُحَصَّنَةً إِلَى ٱلسَّمَاءِ.,"Dengarlah, hai orang Israel! Hari ini kamu akan menyeberangi Sungai Yordan untuk mengusir bangsa-bangsa yang lebih besar dan lebih kuat darimu dengan kota-kota mereka besar dan temboknya setinggi langit!","Dengarlah, hai Israil! Pada hari ini engkau akan menyeberangi Sungai Yordan untuk memasuki dan menduduki wilayah bangsa-bangsa yang lebih besar dan lebih kuat daripadamu dengan kota-kota yang besar dan kubu-kubu yang mencapai langit.",
Ulangan,9,2,Ulangan 9:2,قَوْمًا عِظَامًا وَطِوَالًا، بَنِي عَنَاقَ ٱلَّذِينَ عَرَفْتَهُمْ وَسَمِعْتَ: مَنْ يَقِفُ فِي وَجْهِ بَنِي عَنَاقَ؟,"Bangsa yang besar dan tinggi, yaitu orang Enak. Kamu tahu tentang mereka, orang telah mengatakan, “Siapa yang sanggup menghadapi orang Enak?”","Orang-orangnya, yaitu bani Enak, seperti kauketahui besar dan tinggi perawakannya. Tentang mereka engkau mendengar, ‘Siapa dapat bertahan di hadapan bani Enak?’",
Ulangan,9,3,Ulangan 9:3,فَٱعْلَمِ ٱلْيَوْمَ أَنَّ ٱلرَّبَّ إِلَهَكَ هُوَ ٱلْعَابِرُ أَمَامَكَ نَارًا آكِلَةً. هُوَ يُبِيدُهُمْ وَيُذِلُّهُمْ أَمَامَكَ، فَتَطْرُدُهُمْ وَتُهْلِكُهُمْ سَرِيعًا كَمَا كَلَّمَكَ ٱلرَّبُّ.,"Ketahuilah bahwa TUHAN, Allahmu berjalan di depanmu bagaikan api yang menghanguskan! Dia akan membinasakan bangsa-bangsa itu dan menjatuhkan mereka di depanmu sehingga kamu bisa mengusir dan membinasakan mereka dengan segera seperti yang dijanjikan TUHAN kepadamu.","Tetapi, ketahuilah pada hari ini bahwa ALLAH, Tuhanmu, Dialah yang akan maju di depanmu seperti api yang menghanguskan. Dia akan membinasakan orang-orang itu dan akan menaklukkan mereka di hadapanmu. Dengan demikian, engkau dapat menghalau dan membinasakan mereka dengan segera, seperti yang dijanjikan ALLAH kepadamu.",
Ulangan,9,4,Ulangan 9:4,لَا تَقُلْ فِي قَلْبِكَ حِينَ يَنْفِيهِمِ ٱلرَّبُّ إِلَهُكَ مِنْ أَمَامِكَ قَائِلًا: لِأَجْلِ بِرِّي أَدْخَلَنِي ٱلرَّبُّ لِأَمْتَلِكَ هَذِهِ ٱلْأَرْضَ. وَلِأَجْلِ إِثْمِ هَؤُلَاءِ ٱلشُّعُوبِ يَطْرُدُهُمُ ٱلرَّبُّ مِنْ أَمَامِكَ.,"TUHAN, Allahmu akan mengusir bangsa-bangsa itu keluar dari hadapanmu. Janganlah berkata dalam hatimu, “TUHAN membawa kami ke sini untuk mendiami tanah ini karena kami orang benar.” Sebab TUHAN telah mengusir mereka keluar karena mereka jahat.","Setelah ALLAH, Tuhanmu, mengusir mereka dari hadapanmu, janganlah engkau berkata demikian di dalam hatimu, ‘Karena kesalehankulah ALLAH membawaku masuk untuk menduduki negeri ini.’ Padahal, karena kefasikan bangsa-bangsa itulah, ALLAH menghalau mereka dari hadapanmu.",
Ulangan,9,5,Ulangan 9:5,لَيْسَ لِأَجْلِ بِرِّكَ وَعَدَالَةِ قَلْبِكَ تَدْخُلُ لِتَمْتَلِكَ أَرْضَهُمْ، بَلْ لِأَجْلِ إِثْمِ أُولَئِكَ ٱلشُّعُوبِ يَطْرُدُهُمُ ٱلرَّبُّ إِلَهُكَ مِنْ أَمَامِكَ، وَلِكَيْ يَفِيَ بِٱلْكَلَامِ ٱلَّذِي أَقْسَمَ ٱلرَّبُّ عَلَيْهِ لِآبَائِكَ إِبْرَاهِيمَ وَإِسْحَاقَ وَيَعْقُوبَ.,"Kamu menduduki tanah mereka bukan karena kamu baik dan hidup benar. TUHAN, Allahmu mengusir mereka keluar karena cara hidup mereka yang jahat sehingga TUHAN memenuhi janji-Nya kepada nenek moyangmu, yaitu Abraham, Ishak, dan Yakub.","Bukan karena kesalehanmu atau ketulusan hatimu engkau dapat masuk dan menduduki negeri mereka, melainkan karena kefasikan bangsa-bangsa itulah maka ALLAH, Tuhanmu, menghalau mereka dari hadapanmu demi menepati janji yang disampaikan ALLAH dengan bersumpah kepada nenek moyangmu, yaitu Ibrahim, Ishak, dan Yakub.",
Ulangan,9,6,Ulangan 9:6,فَٱعْلَمْ أَنَّهُ لَيْسَ لِأَجْلِ بِرِّكَ يُعْطِيكَ ٱلرَّبُّ إِلَهُكَ هَذِهِ ٱلْأَرْضَ ٱلْجَيِّدَةَ لِتَمْتَلِكَهَا، لِأَنَّكَ شَعْبٌ صُلْبُ ٱلرَّقَبَةِ.,"TUHAN, Allahmu memberikan tanah subur untuk tempat tinggalmu, tetapi itu bukan karena kebaikanmu, sebab kamu adalah bangsa yang tegar tengkuk!","Sebab itu, ketahuilah bahwa bukan karena kesalehanmu maka ALLAH, Tuhanmu, mengaruniakan kepadamu negeri yang baik itu untuk diduduki. Sesungguhnya, engkau adalah bangsa yang keras kepala!",
Ulangan,9,7,Ulangan 9:7,«اُذْكُرْ. لَا تَنْسَ كَيْفَ أَسْخَطْتَ ٱلرَّبَّ إِلَهَكَ فِي ٱلْبَرِّيَّةِ. مِنَ ٱلْيَوْمِ ٱلَّذِي خَرَجْتَ فِيهِ مِنْ أَرْضِ مِصْرَ حَتَّى أَتَيْتُمْ إِلَى هَذَا ٱلْمَكَانِ كُنْتُمْ تُقَاوِمُونَ ٱلرَّبَّ.,"Ingat dan jangan lupakan bahwa kamu telah membuat TUHAN, Allahmu murka di padang belantara. Sejak kamu keluar dari Mesir sampai kamu datang ke tempat ini, kamu selalu memberontak kepada TUHAN.","Ingatlah dan jangan lupa bagaimana engkau membuat ALLAH, Tuhanmu, murka di padang belantara. Sejak engkau keluar dari Mesir sampai tiba di tempat ini, kamu terus mendurhaka terhadap ALLAH.",
Ulangan,9,8,Ulangan 9:8,حَتَّى فِي حُورِيبَ أَسْخَطْتُمُ ٱلرَّبَّ، فَغَضِبَ ٱلرَّبُّ عَلَيْكُمْ لِيُبِيدَكُمْ.,Kamu membuat TUHAN marah di Gunung Horeb bahkan TUHAN sangat murka hingga akan membinasakanmu!,"Di Horeb kamu membuat ALLAH murka, hingga Ia begitu marah kepadamu dan hendak memunahkan kamu.",
Ulangan,9,9,Ulangan 9:9,حِينَ صَعِدْتُ إِلَى ٱلْجَبَلِ لِكَيْ آخُذَ لَوْحَيِ ٱلْحَجَرِ، لَوْحَيِ ٱلْعَهْدِ ٱلَّذِي قَطَعَهُ ٱلرَّبُّ مَعَكُمْ، أَقَمْتُ فِي ٱلْجَبَلِ أَرْبَعِينَ نَهَارًا وَأَرْبَعِينَ لَيْلَةً لَا آكُلُ خُبْزًا وَلَا أَشْرَبُ مَاءً.,"Aku naik ke gunung untuk menerima loh batu, yaitu loh perjanjian yang dibuat TUHAN denganmu. Aku tinggal di atas gunung selama 40 hari 40 malam dengan tidak makan roti maupun minum air.","Setelah aku naik ke gunung untuk menerima loh-loh batu, yaitu loh-loh berisi perjanjian yang diikat ALLAH dengan kamu, aku tinggal di gunung itu empat puluh hari empat puluh malam lamanya. Roti tidak kumakan dan air tidak kuminum.",
Ulangan,9,10,Ulangan 9:10,وَأَعْطَانِيَ ٱلرَّبُّ لَوْحَيِ ٱلْحَجَرِ ٱلْمَكْتُوبَيْنِ بِأَصَبِعِ ٱللهِ، وَعَلَيْهِمَا مِثْلُ جَمِيعِ ٱلْكَلِمَاتِ ٱلَّتِي كَلَّمَكُمْ بِهَا ٱلرَّبُّ فِي ٱلْجَبَلِ مِنْ وَسَطِ ٱلنَّارِ فِي يَوْمِ ٱلِٱجْتِمَاعِ.,TUHAN memberikan dua loh batu kepadaku yang ditulis dengan jari-Nya. TUHAN menuliskan semua firman yang disampaikan-Nya kepadamu dari api pada waktu kamu berkumpul di gunung itu.,"Kemudian, ALLAH menyerahkan kepadaku dua loh batu yang ditulisi tangan Allah sendiri. Pada kedua loh batu itu tertulis segala firman yang disampaikan ALLAH kepadamu di gunung itu dari tengah-tengah api, pada hari kamu berkumpul.",
Ulangan,9,11,Ulangan 9:11,وَفِي نِهَايَةِ ٱلْأَرْبَعِينَ نَهَارًا وَٱلْأَرْبَعِينَ لَيْلَةً، لَمَّا أَعْطَانِيَ ٱلرَّبُّ لَوْحَيِ ٱلْحَجَرِ، لَوْحَيِ ٱلْعَهْدِ،,"Jadi, pada akhir dari 40 hari dan 40 malam, TUHAN memberikan kepadaku kedua loh batu itu, batu perjanjian itu.","Setelah lewat empat puluh hari empat puluh malam, ALLAH menyerahkan kepadaku kedua loh batu itu, yaitu loh-loh perjanjian.",
Ulangan,9,12,Ulangan 9:12,قَالَ ٱلرَّبُّ لِي: قُمِ ٱنْزِلْ عَاجِلًا مِنْ هُنَا، لِأَنَّهُ قَدْ فَسَدَ شَعْبُكَ ٱلَّذِي أَخْرَجْتَهُ مِنْ مِصْرَ. زَاغُوا سَرِيعًا عَنِ ٱلطَّرِيقِ ٱلَّتِي أَوْصَيْتُهُمْ. صَنَعُوا لِأَنْفُسِهِمْ تِمْثَالًا مَسْبُوكًا.,"Lalu TUHAN berfirman kepadaku, “Bangkit dan berangkatlah dengan segera ke bawah. Bangsamu yang telah kamu bawa keluar dari tanah Mesir sudah rusak. Dengan cepat menyimpang dari segala yang Kuperintahkan kepada mereka. Mereka telah membuat patung tuangan bagi mereka sendiri.”","Kemudian, ALLAH berfirman kepadaku, ‘Bangkitlah dan turunlah dengan segera dari sini karena bangsamu yang kaupimpin keluar dari Mesir itu telah berlaku busuk. Begitu cepatnya mereka menyimpang dari jalan yang Kuperintahkan kepada mereka. Mereka telah membuat sebuah patung tuangan.’",
Ulangan,9,13,Ulangan 9:13,وَكَلَّمَنِيَ ٱلرَّبُّ قَائِلًا: رَأَيْتُ هَذَا ٱلشَّعْبَ وَإِذَا هُوَ شَعْبٌ صُلْبُ ٱلرَّقَبَةِ.,"TUHAN juga berfirman kepadaku, “Aku telah memperhatikan bangsa itu. Memang mereka tegar tengkuk!","ALLAH berfirman pula kepadaku, ‘Aku telah melihat bangsa ini. Sesungguhnya, mereka adalah bangsa yang keras kepala.",
Ulangan,9,14,Ulangan 9:14,اُتْرُكْنِي فَأُبِيدَهُمْ وَأَمْحُوَ ٱسْمَهُمْ مِنْ تَحْتِ ٱلسَّمَاءِ، وَأَجْعَلَكَ شَعْبًا أَعْظَمَ وَأَكْثَرَ مِنْهُمْ.,"Biarlah Aku membinasakan mereka semua, sehingga tidak seorang pun yang akan mengingat nama mereka. Dan Aku akan membuat suatu bangsa yang lain darimu yang lebih kuat dan jumlahnya lebih besar daripada mereka.”","Biarkanlah Aku. Aku akan memunahkan mereka dan menghapus nama mereka dari kolong langit. Tetapi, engkau akan Kubuat menjadi suatu bangsa yang lebih kuat dan lebih besar daripada mereka.’",
Ulangan,9,15,Ulangan 9:15,فَٱنْصَرَفْتُ وَنَزَلْتُ مِنَ ٱلْجَبَلِ، وَٱلْجَبَلُ يَشْتَعِلُ بِٱلنَّارِ، وَلَوْحَا ٱلْعَهْدِ فِي يَدَيَّ.,"Kemudian, aku berbalik dan turun dari gunung yang menyala itu sedangkan dua loh batu perjanjian itu ada di dua tanganku.","Setelah itu, aku berpaling, lalu turun dari gunung yang masih menyala-nyala itu dengan kedua loh perjanjian di kedua tanganku.",
Ulangan,9,16,Ulangan 9:16,«فَنَظَرْتُ وَإِذَا أَنْتُمْ قَدْ أَخْطَأْتُمْ إِلَى ٱلرَّبِّ إِلَهِكُمْ، وَصَنَعْتُمْ لِأَنْفُسِكُمْ عِجْلًا مَسْبُوكًا، وَزُغْتُمْ سَرِيعًا عَنِ ٱلطَّرِيقِ ٱلَّتِي أَوْصَاكُمْ بِهَا ٱلرَّبُّ.,"Aku melihat bahwa kamu sudah berbuat dosa terhadap TUHAN, Allahmu. Kamu telah membuat sebuah patung anak sapi tuangan. Kamu begitu cepat menyimpang dari jalan yang TUHAN perintahkan.","Kemudian, aku menyaksikan bahwa kamu telah berdosa terhadap ALLAH, Tuhanmu. Kamu membuat bagi dirimu sebuah anak sapi tuangan. Begitu cepatnya kamu menyimpang dari jalan yang diperintahkan ALLAH kepadamu.",
Ulangan,9,17,Ulangan 9:17,فَأَخَذْتُ ٱللَّوْحَيْنِ وَطَرَحْتُهُمَا مِنْ يَدَيَّ وَكَسَّرْتُهُمَا أَمَامَ أَعْيُنِكُمْ.,"Lalu, aku memegang dua loh batu itu dan melemparnya, kupecahkan di depan matamu.","Maka, kugenggam kedua loh itu, kuhempaskan dari kedua tanganku dan kupecahkan di depan matamu.",
Ulangan,9,18,Ulangan 9:18,ثُمَّ سَقَطْتُ أَمَامَ ٱلرَّبِّ كَٱلْأَوَّلِ أَرْبَعِينَ نَهَارًا وَأَرْبَعِينَ لَيْلَةً، لَا آكُلُ خُبْزًا وَلَا أَشْرَبُ مَاءً، مِنْ أَجْلِ كُلِّ خَطَايَاكُمُ ٱلَّتِي أَخْطَأْتُمْ بِهَا بِعَمَلِكُمُ ٱلشَّرَّ أَمَامَ ٱلرَّبِّ لِإِغَاظَتِهِ.,"Setelah itu, aku sujud di hadapan TUHAN selama 40 hari dan 40 malam, aku tidak makan dan minum, karena kamu telah melakukan hal-hal yang dianggap jahat oleh TUHAN sehingga membuat-Nya murka.","Setelah itu, aku bersujud di hadirat ALLAH seperti sebelumnya, empat puluh hari empat puluh malam lamanya. Roti tidak kumakan dan air tidak kuminum karena segala dosa yang telah kamu perbuat. Kamu telah melakukan yang jahat dalam pandangan ALLAH sehingga kamu membangkitkan murka-Nya.",
Ulangan,9,19,Ulangan 9:19,لِأَنِّي فَزِعْتُ مِنَ ٱلْغَضَبِ وَٱلْغَيْظِ ٱلَّذِي سَخِطَهُ ٱلرَّبُّ عَلَيْكُمْ لِيُبِيدَكُمْ. فَسَمِعَ لِيَ ٱلرَّبُّ تِلْكَ ٱلْمَرَّةَ أَيْضًا.,"Aku takut akan murka TUHAN, Dia hendak membinasakanmu, tetapi TUHAN masih mendengarkan aku lagi.","Aku takut karena ALLAH begitu murka dan marah terhadap kamu sehingga Ia hendak memunahkan kamu. Namun, kali itu pun ALLAH berkenan mendengarkan aku.",
Ulangan,9,20,Ulangan 9:20,وَعَلَى هَارُونَ غَضِبَ ٱلرَّبُّ جِدًّا لِيُبِيدَهُ. فَصَلَّيْتُ أَيْضًا مِنْ أَجْلِ هَارُونَ فِي ذَلِكَ ٱلْوَقْتِ.,"TUHAN sangat murka kepada Harun sehingga Dia hendak membinasakannya. Jadi, aku juga berdoa untuk Harun waktu itu.","ALLAH pun sangat murka terhadap Harun sehingga Ia hendak membinasakannya. Maka, pada waktu itu aku berdoa untuk Harun juga.",
Ulangan,9,21,Ulangan 9:21,وَأَمَّا خَطِيَّتُكُمُ، ٱلْعِجْلُ ٱلَّذِي صَنَعْتُمُوهُ، فَأَخَذْتُهُ وَأَحْرَقْتُهُ بِٱلنَّارِ، وَرَضَضْتُهُ وَطَحَنْتُهُ جَيِّدًا حَتَّى نَعِمَ كَٱلْغُبَارِ. ثُمَّ طَرَحْتُ غُبَارَهُ فِي ٱلنَّهْرِ ٱلْمُنْحَدِرِ مِنَ ٱلْجَبَلِ.,"Aku mengambil hasil perbuatan dosamu itu, yaitu anak sapi yang kamu buat, lalu membakarnya dalam api. Aku memecahkannya berkeping-keping dan menggilingnya menjadi abu. Kemudian, aku membuang abu itu ke sungai yang mengalir dari gunung.”","Kemudian, kuambil hasil perbuatanmu yang penuh dosa, yaitu anak sapi tuangan itu, lalu kubakar habis, kutumbuk, dan kugiling betul-betul sampai halus seperti debu. Setelah itu, kucampakkan debu itu ke sungai yang mengalir turun dari gunung.",
Ulangan,9,22,Ulangan 9:22,«وَفِي تَبْعِيرَةَ وَمَسَّةَ وَقَبَرُوتَ هَتَّأَوَةَ أَسْخَطْتُمُ ٱلرَّبَّ.,"Juga di Tabera, Masa, dan Kibrot-Taawa kamu telah membuat TUHAN murka.","Demikian pula di Tabera, di Masa, dan di Kibrot-Taawa, kamu membuat ALLAH murka.",
Ulangan,9,23,Ulangan 9:23,وَحِينَ أَرْسَلَكُمُ ٱلرَّبُّ مِنْ قَادَشَ بَرْنِيعَ قَائِلًا: ٱصْعَدُوا ٱمْتَلِكُوا ٱلْأَرْضَ ٱلَّتِي أَعْطَيْتُكُمْ، عَصَيْتُمْ قَوْلَ ٱلرَّبِّ إِلَهِكُمْ وَلَمْ تُصَدِّقُوهُ وَلَمْ تَسْمَعُوا لِقَوْلِهِ.,"Dan, kamu tidak taat ketika TUHAN mengatakan kepadamu untuk meninggalkan Kadesh-Barnea. Dia berkata, “Pergilah dan dudukilah negeri yang Kuberikan kepadamu.” Namun, kamu menolak untuk menaati TUHAN, Allahmu. Kamu tidak percaya kepada-Nya dan tidak mendengarkan suara-Nya.","Pada waktu ALLAH menyuruh kamu pergi dari Kades-Barnea dengan berfirman, ‘Majulah dan dudukilah negeri yang telah Kukaruniakan kepadamu itu,’ kamu mendurhaka terhadap firman ALLAH, Tuhanmu. Kamu tidak percaya kepada-Nya dan tidak mau mematuhi-Nya.",
Ulangan,9,24,Ulangan 9:24,قَدْ كُنْتُمْ تَعْصُونَ ٱلرَّبَّ مُنْذُ يَوْمَ عَرَفْتُكُمْ.,"Sejak aku mengenalmu, kamu telah menolak untuk taat kepada TUHAN.",Kamu telah mendurhaka terhadap ALLAH sejak aku mengenal kamu.,
Ulangan,9,25,Ulangan 9:25,«فَسَقَطْتُ أَمَامَ ٱلرَّبِّ ٱلْأَرْبَعِينَ نَهَارًا وَٱلْأَرْبَعِينَ لَيْلَةً ٱلَّتِي سَقَطْتُهَا، لِأَنَّ ٱلرَّبَّ قَالَ إِنَّهُ يُهْلِكُكُمْ.,"Jadi, aku sujud menyembah di hadapan TUHAN selama 40 hari dan 40 malam, sebab TUHAN hendak membinasakanmu.","Maka, bersujudlah aku di hadirat ALLAH. Empat puluh hari empat puluh malam lamanya aku bersujud karena ALLAH telah berfirman hendak memunahkan kamu.",
Ulangan,9,26,Ulangan 9:26,وَصَلَّيْتُ لِلرَّبِّ وَقُلْتُ: يَا سَيِّدُ ٱلرَّبُّ، لَا تُهْلِكْ شَعْبَكَ وَمِيرَاثَكَ ٱلَّذِي فَدَيْتَهُ بِعَظَمَتِكَ، ٱلَّذِي أَخْرَجْتَهُ مِنْ مِصْرَ بِيَدٍ شَدِيدَةٍ.,"Aku berdoa kepada TUHAN. Aku mengatakan, ‘Ya Allah, TUHAN, jangan Engkau membinasakan umat-Mu, milik-Mu yang telah Engkau bawa keluar dari Mesir dengan kuasa besar dan kekuatan tangan-Mu.","Aku berdoa kepada ALLAH demikian, ‘Ya ALLAH, ya Rabbi, janganlah musnahkan umat-Mu dan milik pusaka-Mu yang Kaubebaskan dengan kebesaran-Mu, dan yang Kaubawa keluar dari Mesir dengan tangan yang kuat.",
Ulangan,9,27,Ulangan 9:27,اُذْكُرْ عَبِيدَكَ إِبْرَاهِيمَ وَإِسْحَاقَ وَيَعْقُوبَ. لَا تَلْتَفِتْ إِلَى غَلَاظَةِ هَذَا ٱلشَّعْبِ وَإِثْمِهِ وَخَطِيَّتِهِ،,"Ingatlah hamba-hamba-Mu, Abraham, Ishak, dan Yakub. Lupakanlah keras kepala mereka itu, segala kejahatan dan dosa mereka.","Ingatlah hamba-hamba-Mu, yaitu Ibrahim, Ishak, dan Yakub. Janganlah Kauperhatikan kekerasan hati bangsa ini, juga kefasikan dan dosa mereka.",
Ulangan,9,28,Ulangan 9:28,لِئَلَّا تَقُولَ ٱلْأَرْضُ ٱلَّتِي أَخْرَجْتَنَا مِنْهَا: لِأَجْلِ أَنَّ ٱلرَّبَّ لَمْ يَقْدِرْ أَنْ يُدْخِلَهُمُ ٱلْأَرْضَ ٱلَّتِي كَلَّمَهُمْ عَنْهَا، وَلِأَجْلِ أَنَّهُ أَبْغَضَهُمْ، أَخْرَجَهُمْ لِكَيْ يُمِيتَهُمْ فِي ٱلْبَرِّيَّةِ.,"Jika Engkau menghukum umat-Mu, orang Mesir akan mengatakan, “TUHAN tidak mampu membawa mereka ke negeri yang dijanjikan-Nya, dan karena Dia membenci mereka maka Dia membawa mereka untuk membunuhnya di padang belantara.”","Jangan sampai negeri, dari mana Kaubawa kami keluar, berkata, “Karena ALLAH tidak sanggup membawa mereka masuk ke negeri yang dijanjikan-Nya kepada mereka, dan karena kebencian-Nya terhadap mereka, Ia membawa mereka keluar, lalu membunuh mereka di padang belantara.”",
Ulangan,9,29,Ulangan 9:29,وَهُمْ شَعْبُكَ وَمِيرَاثُكَ ٱلَّذِي أَخْرَجْتَهُ بِقُوَّتِكَ ٱلْعَظِيمَةِ وَبِذِرَاعِكَ ٱلرَّفِيعَةِ.,"Namun, mereka adalah umat-Mu dan milik-Mu. Engkau telah membawa mereka keluar dengan lengan kuasa-Mu dan kekuatan-Mu yang besar.’”","Mereka adalah umat-Mu dan milik pusaka-Mu, yang Kaubawa keluar dengan kekuatan-Mu yang besar dan dengan kuasa-Mu yang nyata.’",
Ulangan,10,1,Ulangan 10:1,«فِي ذَلِكَ ٱلْوَقْتِ قَالَ لِيَ ٱلرَّبُّ: ٱنْحَتْ لَكَ لَوْحَيْنِ مِنْ حَجَرٍ مِثْلَ ٱلْأَوَّلَيْنِ، وَٱصْعَدْ إِلَيَّ إِلَى ٱلْجَبَلِ، وَٱصْنَعْ لَكَ تَابُوتًا مِنْ خَشَبٍ.,"Pada waktu itu, TUHAN berfirman kepadaku, “Kamu harus memahat dua loh batu seperti batu yang pertama. Lalu, kamu harus naik ke gunung untuk menemui Aku. Buatlah juga sebuah tabut kayu.","Pada waktu itu ALLAH berfirman kepadaku, ‘Pahatlah dua keping loh batu seperti yang mula-mula, lalu naiklah ke gunung menemui Aku. Buatlah juga sebuah tabut dari kayu.",
Ulangan,10,2,Ulangan 10:2,فَأَكْتُبُ عَلَى ٱللَّوْحَيْنِ ٱلْكَلِمَاتِ ٱلَّتِي كَانَتْ عَلَى ٱللَّوْحَيْنِ ٱلْأَوَّلَيْنِ ٱللَّذَيْنِ كَسَرْتَهُمَا، وَتَضَعُهُمَا فِي ٱلتَّابُوتِ.,"Aku akan menuliskan firman di atas loh batu itu seperti yang ada pada dua loh batu yang sudah kaupecahkan. Sesudah itu, kamu harus memasukkan loh-loh tersebut ke dalam tabut itu.”","Aku akan menuliskan pada loh-loh itu firman yang ada pada loh-loh mula-mula, yang telah kaupecahkan. Setelah itu, taruhlah loh-loh itu di dalam tabut.’",
Ulangan,10,3,Ulangan 10:3,فَصَنَعْتُ تَابُوتًا مِنْ خَشَبِ ٱلسَّنْطِ، وَنَحَتُّ لَوْحَيْنِ مِنْ حَجَرٍ مِثْلَ ٱلْأَوَّلَيْنِ، وَصَعِدْتُ إِلَى ٱلْجَبَلِ وَٱللَّوْحَانِ فِي يَدِي.,"Aku pun membuat sebuah tabut dari kayu akasia. Aku memahat dua loh batu seperti dua batu yang sebelumnya. Kemudian, aku naik ke gunung dengan dua loh batu di tanganku.","Maka, aku membuat sebuah tabut dari kayu penaga dan memahat dua loh batu seperti yang mula-mula. Kemudian, aku naik ke gunung dengan kedua loh itu di tanganku.",
Ulangan,10,4,Ulangan 10:4,فَكَتَبَ عَلَى ٱللَّوْحَيْنِ مِثْلَ ٱلْكِتَابَةِ ٱلْأُولَى، ٱلْكَلِمَاتِ ٱلْعَشَرَ ٱلَّتِي كَلَّمَكُمْ بِهَا ٱلرَّبُّ فِي ٱلْجَبَلِ مِنْ وَسَطِ ٱلنَّارِ فِي يَوْمِ ٱلِٱجْتِمَاعِ، وَأَعْطَانِيَ ٱلرَّبُّ إِيَّاهَا.,"Dia menulis di atas loh batu itu kata-kata yang sama seperti sebelumnya, yakni sepuluh perintah TUHAN yang disampaikan-Nya dari api, ketika kamu berkumpul di atas gunung. Dan, TUHAN memberikannya kepadaku.","Lalu, ALLAH menuliskan kembali pada loh-loh itu Kesepuluh Perintah, seperti tulisan mula-mula, yang telah disampaikan-Nya kepadamu di gunung dari tengah-tengah api, pada hari kamu berkumpul. Setelah itu, ALLAH menyerahkannya kepadaku.",
Ulangan,10,5,Ulangan 10:5,ثُمَّ ٱنْصَرَفْتُ وَنَزَلْتُ مِنَ ٱلْجَبَلِ وَوَضَعْتُ ٱللَّوْحَيْنِ فِي ٱلتَّابُوتِ ٱلَّذِي صَنَعْتُ، فَكَانَا هُنَاكَ كَمَا أَمَرَنِيَ ٱلرَّبُّ.,"Aku turun dari gunung dan meletakkan loh batu itu ke dalam tabut yang kubuat, dan di situlah disimpan seperti yang TUHAN perintahkan kepadaku.","Aku pun berpaling dan turun dari gunung, lalu kutaruh loh-loh itu dalam tabut yang telah kubuat. Di situlah kedua loh batu itu tersimpan, seperti yang diperintahkan ALLAH.",
Ulangan,10,6,Ulangan 10:6,وَبَنُو إِسْرَائِيلَ ٱرْتَحَلُوا مِنْ آبَارِ بَنِي يَعْقَانَ إِلَى مُوسِيرَ. هُنَاكَ مَاتَ هَارُونُ، وَهُنَاكَ دُفِنَ. فَكَهَنَ أَلِعَازَارُ ٱبْنُهُ عِوَضًا عَنْهُ.,"Orang Israel berjalan dari Beerot Bene-Yaakan ke Mosera. Harun mati dan dikuburkan di sana. Eleazar, anaknya menjadi imam sebagai penggantinya.","Bani Israil pun berangkat dari Beerot Bene-Yaakan ke Mosera. Di sanalah Harun wafat dan dimakamkan. Maka, Eleazar, anaknya, menggantikan dia sebagai imam.",
Ulangan,10,7,Ulangan 10:7,مِنْ هُنَاكَ ٱرْتَحَلُوا إِلَى ٱلْجِدْجُودِ وَمِنَ ٱلْجِدْجُودِ إِلَى يُطْبَاتَ، أَرْضِ أَنْهَارِ مَاءٍ.,"Dari sana orang Israel melanjutkan perjalanannya ke Gudgod. Dan dari Gudgod ke Yotbata, suatu wilayah yang banyak sungainya.","Dari sana mereka berangkat ke Gudgod, lalu dari Gudgod ke Yotbata, suatu daerah yang bersungai-sungai.",
Ulangan,10,8,Ulangan 10:8,فِي ذَلِكَ ٱلْوَقْتِ أَفْرَزَ ٱلرَّبُّ سِبْطَ لَاوِي لِيَحْمِلُوا تَابُوتَ عَهْدِ ٱلرَّبِّ، وَلِكَيْ يَقِفُوا أَمَامَ ٱلرَّبِّ لِيَخْدِمُوهُ وَيُبَارِكُوا بِٱسْمِهِ إِلَى هَذَا ٱلْيَوْمِ.,"Ketika itu, TUHAN menunjuk suku Lewi untuk mengangkut Tabut Perjanjian TUHAN, untuk berada di hadapan TUHAN dan mereka memberkati jemaat dalam nama-Nya sampai sekarang.","Pada waktu itu ALLAH mengkhususkan suku Lewi untuk mengusung tabut perjanjian ALLAH. Selain itu, mereka pun bertugas untuk menyelenggarakan ibadah di hadirat ALLAH serta menyampaikan berkah atas nama-Nya sampai pada hari ini.",
Ulangan,10,9,Ulangan 10:9,لِأَجْلِ ذَلِكَ لَمْ يَكُنْ لِلَاوِي قِسْمٌ وَلَا نَصِيبٌ مَعَ إِخْوَتِهِ. ٱلرَّبُّ هُوَ نَصِيبُهُ كَمَا كَلَّمَهُ ٱلرَّبُّ إِلَهُكَ.,"Oleh sebab itulah, suku Lewi tidak mendapat bagian tanah milik seperti suku-suku lain. TUHAN adalah milik pusaka seperti yang dijanjikan TUHAN, Allahmu kepada mereka.","Sebab itu, orang Lewi tidak mendapat bagian atau milik pusaka seperti halnya saudara-saudaranya. ALLAH sendirilah yang menjadi milik pusaka mereka, seperti yang difirmankan ALLAH, Tuhanmu, kepada mereka.",
Ulangan,10,10,Ulangan 10:10,«وَأَنَا مَكَثْتُ فِي ٱلْجَبَلِ كَٱلْأَيَّامِ ٱلْأُولَى، أَرْبَعِينَ نَهَارًا وَأَرْبَعِينَ لَيْلَةً. وَسَمِعَ ٱلرَّبُّ لِي تِلْكَ ٱلْمَرَّةَ أَيْضًا، وَلَمْ يَشَإِ ٱلرَّبُّ أَنْ يُهْلِكَكَ.,Aku tinggal di gunung selama 40 hari 40 malam seperti yang pertama dan TUHAN mendengarkan aku juga pada saat itu sehingga TUHAN tidak akan membinasakanmu.,"Kemudian, aku tinggal di gunung itu seperti sebelumnya, empat puluh hari empat puluh malam lamanya. Kali itu pun ALLAH berkenan mendengarkan aku sehingga ALLAH tidak memusnahkan engkau.",
Ulangan,10,11,Ulangan 10:11,ثُمَّ قَالَ لِيَ ٱلرَّبُّ: قُمِ ٱذْهَبْ لِلِٱرْتِحَالِ أَمَامَ ٱلشَّعْبِ، فَيَدْخُلُوا وَيَمْتَلِكُوا ٱلْأَرْضَ ٱلَّتِي حَلَفْتُ لِآبَائِهِمْ أَنْ أُعْطِيَهُمْ.,"Dan, TUHAN berfirman kepadaku, “Pergi dan pimpinlah jemaat itu dalam perjalanan mereka supaya mereka masuk dan memiliki negeri yang telah Kujanjikan kepada nenek moyang mereka.”","Lalu, firman ALLAH kepadaku, ‘Bersiaplah, pimpinlah bangsa itu supaya mereka dapat memasuki serta memiliki negeri yang Kujanjikan dengan bersumpah kepada nenek moyang mereka untuk dikaruniakan kepada mereka.’",
Ulangan,10,12,Ulangan 10:12,«فَٱلْآنَ يَا إِسْرَائِيلُ، مَاذَا يَطْلُبُ مِنْكَ ٱلرَّبُّ إِلَهُكَ إِلَّا أَنْ تَتَّقِيَ ٱلرَّبَّ إِلَهَكَ لِتَسْلُكَ فِي كُلِّ طُرُقِهِ، وَتُحِبَّهُ، وَتَعْبُدَ ٱلرَّبَّ إِلَهَكَ مِنْ كُلِّ قَلْبِكَ وَمِنْ كُلِّ نَفْسِكَ،,"Sekarang Israel! Apakah yang diminta TUHAN, Allahmu dari dirimu? Selain takut kepada TUHAN, Allahmu? hiduplah dengan berjalan di jalan-Nya dan mengasihi-Nya. Dan layanilah TUHAN, Allahmu dengan segenap hatimu dan dengan segenap jiwamu.","Sekarang, hai orang Israil, apakah yang dituntut ALLAH, Tuhanmu, dari dirimu? Tidak lain dari bertakwa kepada ALLAH, Tuhanmu, hidup menurut segala jalan-Nya, mengasihi-Nya, beribadah kepada ALLAH, Tuhanmu, dengan segenap hatimu dan dengan segenap jiwamu,",
Ulangan,10,13,Ulangan 10:13,وَتَحْفَظَ وَصَايَا ٱلرَّبِّ وَفَرَائِضَهُ ٱلَّتِي أَنَا أُوصِيكَ بِهَا ٱلْيَوْمَ لِخَيْرِكَ.,Taatilah perintah dan ketetapan TUHAN yang kusampaikan kepadamu hari ini untuk kebaikanmu sendiri.,serta memegang teguh perintah-perintah ALLAH dan ketetapan-ketetapan-Nya yang kusampaikan kepadamu pada hari ini supaya baik keadaanmu.,
Ulangan,10,14,Ulangan 10:14,هُوَذَا لِلرَّبِّ إِلَهِكَ ٱلسَّمَاوَاتُ وَسَمَاءُ ٱلسَّمَاوَاتِ وَٱلْأَرْضُ وَكُلُّ مَا فِيهَا.,"Lihatlah, TUHAN, Allahmu mempunyai segala langit beserta bumi dan segala isinya.","Sesungguhnya, ALLAH, Tuhanmu, adalah yang empunya langit, bahkan langit di atas segala langit, juga bumi dengan segala isinya.",
Ulangan,10,15,Ulangan 10:15,وَلَكِنَّ ٱلرَّبَّ إِنَّمَا ٱلْتَصَقَ بِآبَائِكَ لِيُحِبَّهُمْ، فَٱخْتَارَ مِنْ بَعْدِهِمْ نَسْلَهُمُ ٱلَّذِي هُوَ أَنْتُمْ فَوْقَ جَمِيعِ ٱلشُّعُوبِ كَمَا فِي هَذَا ٱلْيَوْمِ.,"TUHAN sangat mengasihi nenek moyangmu dan telah memilih keturunannya, yaitu kamu, dari antara segala bangsa, seperti saat ini.","Meskipun begitu, kepada nenek moyangmulah ALLAH terpaut sehingga Ia mengasihi mereka dan memilih kamu, yaitu keturunan mereka, dari segala bangsa seperti yang terjadi pada hari ini.",
Ulangan,10,16,Ulangan 10:16,فَٱخْتِنُوا غُرْلَةَ قُلُوبِكُمْ، وَلَا تُصَلِّبُوا رِقَابَكُمْ بَعْدُ.,Sunatkanlah hatimu dan jangan lagi tegar tengkuk.,"Sebab itu, buanglah kedegilan hatimu dan jangan lagi keras kepala.",
Ulangan,10,17,Ulangan 10:17,لِأَنَّ ٱلرَّبَّ إِلَهَكُمْ هُوَ إِلَهُ ٱلْآلِهَةِ وَرَبُّ ٱلْأَرْبَابِ، ٱلْإِلَهُ ٱلْعَظِيمُ ٱلْجَبَّارُ ٱلْمَهِيبُ ٱلَّذِي لَا يَأْخُذُ بِٱلْوُجُوهِ وَلَا يَقْبَلُ رَشْوَةً.,"TUHANlah Allahmu. Dialah Allah atas segala ilah dan Tuhan atas segala tuhan, yang besar, kuat, dan Allah yang mengagumkan, yang tidak memihak atau menerima suap,","ALLAH, Tuhanmu, adalah Tuhan segala tuhan, Junjungan segala junjungan, Tuhan yang besar, perkasa, dan dahsyat, yang tidak memandang muka serta tidak menerima suap.",
Ulangan,10,18,Ulangan 10:18,ٱلصَّانِعُ حَقَّ ٱلْيَتِيمِ وَٱلْأَرْمَلَةِ، وَٱلْمُحِبُّ ٱلْغَرِيبَ لِيُعْطِيَهُ طَعَامًا وَلِبَاسًا.,adil bagi para janda dan yatim serta mengasihi orang asing dengan memberikan makanan dan pakaian kepadanya.,"Ia membela hak anak yatim dan janda. Ia mengasihi kaum pendatang, dan memberikan kepada mereka makanan serta pakaian.",
Ulangan,10,19,Ulangan 10:19,فَأَحِبُّوا ٱلْغَرِيبَ لِأَنَّكُمْ كُنْتُمْ غُرَبَاءَ فِي أَرْضِ مِصْرَ.,"Kamu harus mengasihi mereka, sebab kamu dahulu pun orang asing di tanah Mesir.","Sebab itu, kamu harus mengasihi kaum pendatang karena kamu pun pernah menjadi pendatang di Tanah Mesir.",
Ulangan,10,20,Ulangan 10:20,ٱلرَّبَّ إِلَهَكَ تَتَّقِي. إِيَّاهُ تَعْبُدُ، وَبِهِ تَلْتَصِقُ، وَبِٱسْمِهِ تَحْلِفُ.,"Kamu harus takut kepada TUHAN, Allahmu, kamu harus menyembah-Nya, berpegang teguh pada-Nya, dan bersumpah demi nama-Nya.","Bertakwalah kepada ALLAH, Tuhanmu, dan beribadahlah kepada-Nya. Berpautlah kepada-Nya dan bersumpahlah demi nama-Nya.",
Ulangan,10,21,Ulangan 10:21,هُوَ فَخْرُكَ، وَهُوَ إِلَهُكَ ٱلَّذِي صَنَعَ مَعَكَ تِلْكَ ٱلْعَظَائِمَ وَٱلْمَخَاوِفَ ٱلَّتِي أَبْصَرَتْهَا عَيْنَاكَ.,Dialah pujianmu dan Dialah Allahmu yang telah melakukan perbuatan-perbuatan besar dan mengagumkan seperti yang matamu lihat.,"Dialah pokok puji-pujianmu dan Dialah Tuhanmu, yang telah melakukan perbuatan-perbuatan yang besar dan dahsyat bagimu, seperti yang telah kaulihat dengan matamu.",
Ulangan,10,22,Ulangan 10:22,سَبْعِينَ نَفْسًا نَزَلَ آبَاؤُكَ إِلَى مِصْرَ، وَٱلْآنَ قَدْ جَعَلَكَ ٱلرَّبُّ إِلَهُكَ كَنُجُومِ ٱلسَّمَاءِ فِي ٱلْكَثْرَةِ.,"Ketika nenek moyangmu pergi ke Mesir, hanya berjumlah tujuh puluh orang. Sekarang, TUHAN, Allahmu telah membuatmu sebanyak bintang di langit.","Ketika nenek moyangmu pergi ke Mesir, jumlah mereka tujuh puluh jiwa. Tetapi sekarang, ALLAH, Tuhanmu, telah menjadikanmu sebanyak bintang-bintang di langit.",
Ulangan,11,1,Ulangan 11:1,«فَأَحْبِبِ ٱلرَّبَّ إِلَهَكَ وَٱحْفَظْ حُقُوقَهُ وَفَرَائِضَهُ وَأَحْكَامَهُ وَوَصَايَاهُ كُلَّ ٱلْأَيَّامِ.,"Kamu harus mengasihi TUHAN, Allahmu dengan melakukan perintah, hukum, dan ketetapan-Nya.","Kasihilah ALLAH, Tuhanmu, dan peganglah teguh kewajibanmu pada-Nya, juga ketetapan-ketetapan, peraturan-peraturan, serta perintah-perintah-Nya.",
Ulangan,11,2,Ulangan 11:2,وَٱعْلَمُوا ٱلْيَوْمَ أَنِّي لَسْتُ أُرِيدُ بَنِيكُمُ ٱلَّذِينَ لَمْ يَعْرِفُوا وَلَا رَأَوْا تَأْدِيبَ ٱلرَّبِّ إِلَهِكُمْ، عَظَمَتَهُ وَيَدَهُ ٱلشَّدِيدَةَ وَذِرَاعَهُ ٱلرَّفِيعَةَ,"Sekarang kamu tahu, bahwa aku tidak berkata kepada anak-anakmu yang tidak mengenal dan melihat didikan TUHAN, Allahmu, dan kebesaran, kuasa yang kuat, dan lengan-Nya yang teracung,","Camkanlah sekarang bahwa aku tidak berbicara kepada anak-anakmu, yang tidak mengenal dan tidak mengalami didikan ALLAH, Tuhanmu. Kamulah yang mengetahui kebesaran-Nya, tangan-Nya yang kuat, kuasa-Nya yang nyata,",
Ulangan,11,3,Ulangan 11:3,وَآيَاتِهِ وَصَنَائِعَهُ ٱلَّتِي عَمِلَهَا فِي مِصْرَ بِفِرْعَوْنَ مَلِكِ مِصْرَ وَبِكُلِّ أَرْضِهِ،,"tanda-tanda dan pekerjaan-Nya yang telah Dia lakukan di tengah-tengah Mesir atas Firaun, raja Mesir, dan seluruh negerinya,","tanda-tanda ajaib-Nya, dan perbuatan-perbuatan yang dilakukan-Nya di Mesir terhadap Firaun, raja Mesir, serta seluruh negerinya.",
Ulangan,11,4,Ulangan 11:4,وَٱلَّتِي عَمِلَهَا بِجَيْشِ مِصْرَ بِخَيْلِهِمْ وَمَرَاكِبِهِمْ، حَيْثُ أَطَافَ مِيَاهَ بَحْرِ سُوفٍ عَلَى وُجُوهِهِمْ حِينَ سَعَوْا وَرَاءَكُمْ، فَأَبَادَهُمُ ٱلرَّبُّ إِلَى هَذَا ٱلْيَوْمِ،,"juga yang telah Dia lakukan terhadap tentara Mesir, kuda-kudanya dan kereta-kereta perangnya dan bagaimana Dia membuat air Laut Teberau menenggelamkan mereka karena mengejarmu, dan bagaimana TUHAN membinasakan mereka semua?","Kamu tahu apa yang dilakukan-Nya terhadap pasukan Mesir dan terhadap kuda-kudanya serta kereta-kereta mereka, bagaimana Ia membuat air Laut Merah meluap melanda mereka saat mereka mengejar kamu, dan bagaimana ALLAH melenyapkan mereka sampai hari ini.",
Ulangan,11,5,Ulangan 11:5,وَٱلَّتِي عَمِلَهَا لَكُمْ فِي ٱلْبَرِّيَّةِ حَتَّى جِئْتُمْ إِلَى هَذَا ٱلْمَكَانِ،,"Dan, apa yang Dia lakukan di padang belantara sehingga kamu sampai di tempat ini?","Kamu pun tahu apa yang dilakukan-Nya terhadap kamu di padang belantara hingga kamu sampai di tempat ini,",
Ulangan,11,6,Ulangan 11:6,وَٱلَّتِي عَمِلَهَا بِدَاثَانَ وَأَبِيرَامَ ٱبْنَيْ أَلِيآبَ بْنِ رَأُوبَيْنَ ٱللَّذَيْنِ فَتَحَتِ ٱلْأَرْضُ فَاهَا وَٱبْتَلَعَتْهُمَا مَعَ بُيُوتِهِمَا وَخِيَامِهِمَا وَكُلِّ ٱلْمَوْجُودَاتِ ٱلتَّابِعَةِ لَهُمَا فِي وَسْطِ كُلِّ إِسْرَائِيلَ.,"Apa yang Dia lakukan terhadap Datan dan Abiram, anak-anak Eliab keturunan Ruben, ketika tanah membuka mulutnya dan menelan mereka beserta seluruh isi rumahnya, tenda-tendanya, dan semua harta di kaki mereka dari tengah-tengah orang Israel?","juga apa yang dilakukan-Nya terhadap Datan dan Abiram, anak-anak Eliab keturunan Ruben, ketika bumi mengangakan mulutnya dan menelan mereka beserta keluarga mereka, kemah-kemah mereka, dan semua yang hidup yang mengikuti mereka di tengah-tengah semua orang Israil.",
Ulangan,11,7,Ulangan 11:7,لِأَنَّ أَعْيُنَكُمْ هِيَ ٱلَّتِي أَبْصَرَتْ كُلَّ صَنَائِعِ ٱلرَّبِّ ٱلْعَظِيمَةِ ٱلَّتِي عَمِلَهَا.,Matamu sendiri telah melihat semua pekerjaan besar yang telah TUHAN perbuat.,Dengan matamu sendiri kamu telah melihat segala perbuatan besar yang telah dilakukan ALLAH.,
Ulangan,11,8,Ulangan 11:8,«فَٱحْفَظُوا كُلَّ ٱلْوَصَايَا ٱلَّتِي أَنَا أُوصِيكُمْ بِهَا ٱلْيَوْمَ لِكَيْ تَتَشَدَّدُوا وَتَدْخُلُوا وَتَمْتَلِكُوا ٱلْأَرْضَ ٱلَّتِي أَنْتُمْ عَابِرُونَ إِلَيْهَا لِتَمْتَلِكُوهَا،,"Kamu harus menaati seluruh perintah yang kuberikan kepadamu hari ini supaya kamu kuat untuk pergi dan memasuki tanah yang kamu akan mendudukinya,","Sebab itu, peganglah teguh segala perintah yang kusampaikan kepadamu pada hari ini supaya kamu kuat untuk memasuki serta menduduki negeri yang akan kamu miliki setelah kamu menyeberang,",
Ulangan,11,9,Ulangan 11:9,وَلِكَيْ تُطِيلُوا ٱلْأَيَّامَ عَلَى ٱلْأَرْضِ ٱلَّتِي أَقْسَمَ ٱلرَّبُّ لِآبَائِكُمْ أَنْ يُعْطِيَهَا لَهُمْ وَلِنَسْلِهِمْ، أَرْضٌ تَفِيضُ لَبَنًا وَعَسَلًا.,"supaya panjang umurmu di tanah yang telah TUHAN janjikan kepada nenek moyangmu dan keturunannya, suatu negeri yang berlimpah susu dan madunya.","dan supaya lanjut umurmu di tanah yang dijanjikan ALLAH dengan bersumpah kepada nenek moyangmu untuk dikaruniakan kepada mereka serta keturunan mereka, yaitu negeri yang berlimpah susu dan madu.",
Ulangan,11,10,Ulangan 11:10,لِأَنَّ ٱلْأَرْضَ ٱلَّتِي أَنْتَ دَاخِلٌ إِلَيْهَا لِكَيْ تَمْتَلِكَهَا لَيْسَتْ مِثْلَ أَرْضِ مِصْرَ ٱلَّتِي خَرَجْتَ مِنْهَا، حَيْثُ كُنْتَ تَزْرَعُ زَرْعَكَ وَتَسْقِيهِ بِرِجْلِكَ كَبُسْتَانِ بُقُولٍ.,"Negeri yang akan kamu masuki untuk kamu miliki itu tidak sama dengan negeri Mesir dari mana kamu berasal. Di Mesir, kamu menanam bibit dan harus menyirami ladangmu seperti kebun sayur.","Sesungguhnya, negeri yang akan kaumasuki dan kaududuki itu tidak seperti Tanah Mesir, tempat yang telah kamu tinggalkan. Di Mesir, setelah kamu menabur benihmu, kamu harus mengairinya dengan susah payah seperti kebun sayur.",
Ulangan,11,11,Ulangan 11:11,بَلْ ٱلْأَرْضُ ٱلَّتِي أَنْتُمْ عَابِرُونَ إِلَيْهَا لِكَيْ تَمْتَلِكُوهَا، هِيَ أَرْضُ جِبَالٍ وَبِقَاعٍ. مِنْ مَطَرِ ٱلسَّمَاءِ تَشْرَبُ مَاءً.,"Akan tetapi, negeri yang akan kamu miliki dan duduki itu berbukit-bukit dan berlembah-lembah yang mendapatkan air hujan dari langit.","Akan tetapi, negeri yang akan kamu masuki untuk kamu duduki itu adalah negeri yang bergunung-gunung dan berlembah-lembah, yang menyerap air hujan dari langit.",
Ulangan,11,12,Ulangan 11:12,أَرْضٌ يَعْتَنِي بِهَا ٱلرَّبُّ إِلَهُكَ. عَيْنَا ٱلرَّبِّ إِلَهِكَ عَلَيْهَا دَائِمًا مِنْ أَوَّلِ ٱلسَّنَةِ إِلَى آخِرِهَا.,"Sebuah tanah yang dipelihara oleh TUHAN, Allahmu. TUHAN, Allahmu mengawasinya sejak awal hingga akhir tahun.","ALLAH, Tuhanmu, memelihara negeri itu; mata ALLAH, Tuhanmu, selalu memperhatikannya sejak awal tahun sampai akhir tahun.",
Ulangan,11,13,Ulangan 11:13,«فَإِذَا سَمِعْتُمْ لِوَصَايَايَ ٱلَّتِي أَنَا أُوصِيكُمْ بِهَا ٱلْيَوْمَ لِتُحِبُّوا ٱلرَّبَّ إِلَهَكُمْ وَتَعْبُدُوهُ مِنْ كُلِّ قُلُوبِكُمْ وَمِنْ كُلِّ أَنْفُسِكُمْ،,"“Dan akan terjadi demikian, apabila kamu dan patuh terhadap perintah yang kukatakan kepadamu hari ini, yaitu kasihilah TUHAN, Allahmu dan layanilah Dia dengan segenap hatimu dan dengan segenap jiwamu,","Jadi, jika kamu sungguh-sungguh mendengarkan perintah-perintah yang kusampaikan kepadamu pada hari ini, yaitu mengasihi ALLAH, Tuhanmu, serta beribadah kepada-Nya dengan segenap hati dan segenap jiwamu,",
Ulangan,11,14,Ulangan 11:14,أُعْطِي مَطَرَ أَرْضِكُمْ فِي حِينِهِ: ٱلْمُبَكِّرَ وَٱلْمُتَأَخِّرَ. فَتَجْمَعُ حِنْطَتَكَ وَخَمْرَكَ وَزَيْتَكَ.,"maka Aku akan menurunkan hujan untuk tanahmu pada waktunya, yaitu awal dan akhir musim sehingga kamu dapat mengumpulkan gandummu, anggurmu serta minyakmu.","maka Ia akan menurunkan hujan bagi negerimu pada musimnya, baik hujan awal musim maupun hujan akhir musim, sehingga kamu dapat mengumpulkan gandummu, anggurmu, dan minyakmu.",
Ulangan,11,15,Ulangan 11:15,وَأُعْطِي لِبَهَائِمِكَ عُشْبًا فِي حَقْلِكَ فَتَأْكُلُ أَنْتَ وَتَشْبَعُ.,Aku akan menumbuhkan rumput di ladangmu untuk ternakmu dan kamu dapat makan sampai kenyang.”,"Ia akan menyediakan tumbuh-tumbuhan di padangmu bagi ternakmu, dan engkau pun akan makan sampai kenyang.",
Ulangan,11,16,Ulangan 11:16,فَٱحْتَرِزُوا مِنْ أَنْ تَنْغَوِيَ قُلُوبُكُمْ فَتَزِيغُوا وَتَعْبُدُوا آلِهَةً أُخْرَى وَتَسْجُدُوا لَهَا،,Berhati-hatilah supaya hatimu tidak terbujuk dan berpaling untuk melayani ilah lain dan menyembah kepadanya.,"Hati-hati, jangan sampai kamu terbujuk sehingga kamu menyimpang, lalu beribadah kepada ilah-ilah lain dan sujud menyembah ilah-ilah itu.",
Ulangan,11,17,Ulangan 11:17,فَيَحْمَى غَضَبُ ٱلرَّبِّ عَلَيْكُمْ، وَيُغْلِقُ ٱلسَّمَاءَ فَلَا يَكُونُ مَطَرٌ، وَلَا تُعْطِي ٱلْأَرْضُ غَلَّتَهَا، فَتَبِيدُونَ سَرِيعًا عَنِ ٱلْأَرْضِ ٱلْجَيِّدَةِ ٱلَّتِي يُعْطِيكُمُ ٱلرَّبُّ.,"Maka, murka TUHAN akan bangkit kepadamu dan Dia akan menutup langit sehingga hujan tidak turun. Tanahmu tidak akan menghasilkan dan kamu segera binasa di tanah yang subur yang TUHAN berikan kepadamu.","Jika demikian halnya, maka murka ALLAH akan menyala terhadap kamu. Ia akan menutup langit sehingga tidak ada hujan, dan tanah tidak akan memberi hasil. Kamu pun akan lenyap dengan segera dari negeri yang baik, yang dikaruniakan ALLAH kepadamu.",
Ulangan,11,18,Ulangan 11:18,«فَضَعُوا كَلِمَاتِي هَذِهِ عَلَى قُلُوبِكُمْ وَنُفُوسِكُمْ، وَٱرْبُطُوهَا عَلَامَةً عَلَى أَيْدِيكُمْ، وَلْتَكُنْ عَصَائِبَ بَيْنَ عُيُونِكُمْ،,"Haruslah kamu mengingat dalam hati dan jiwamu seluruh perintah ini. Kamu harus mengikatnya sebagai tanda di tanganmu, dan jadikanlah lambang di dahimu.","Taruhlah perkataan-perkataanku ini di dalam hati dan jiwamu, ikatkanlah sebagai tanda peringatan pada tangan dan dahimu.",
Ulangan,11,19,Ulangan 11:19,وَعَلِّمُوهَا أَوْلَادَكُمْ، مُتَكَلِّمِينَ بِهَا حِينَ تَجْلِسُونَ فِي بُيُوتِكُمْ، وَحِينَ تَمْشُونَ فِي ٱلطَّرِيقِ، وَحِينَ تَنَامُونَ، وَحِينَ تَقُومُونَ.,"Ajarkanlah juga kepada anak-anakmu, bicarakan tentang hal ini apabila kamu duduk di rumahmu, dan ketika dalam perjalanan, dan ketika kamu berbaring, dan ketika kamu bangun.","Ajarkanlah itu kepada anak-anakmu dan bicarakanlah ketika engkau duduk di rumahmu, ketika engkau dalam perjalanan, ketika engkau berbaring, dan ketika engkau bangun.",
Ulangan,11,20,Ulangan 11:20,وَٱكْتُبْهَا عَلَى قَوَائِمِ أَبْوَابِ بَيْتِكَ وَعَلَى أَبْوَابِكَ،,Tuliskanlah itu di tiang pintu rumahmu dan di gerbangmu.,"Kemudian, tuliskanlah pada tiang-tiang pintu rumahmu dan pada pintu-pintu gerbangmu.",
Ulangan,11,21,Ulangan 11:21,لِكَيْ تَكْثُرَ أَيَّامُكَ وَأَيَّامُ أَوْلَادِكَ عَلَى ٱلْأَرْضِ ٱلَّتِي أَقْسَمَ ٱلرَّبُّ لِآبَائِكَ أَنْ يُعْطِيَهُمْ إِيَّاهَا، كَأَيَّامِ ٱلسَّمَاءِ عَلَى ٱلْأَرْضِ.,"Supaya umurmu dan umur keturunanmu bertambah di tanah yang TUHAN janjikan untuk memberikannya kepada nenek moyangmu, selama langit ada di atas bumi.","Dengan demikian, akan panjanglah umurmu dan umur anak-anakmu di negeri yang telah dijanjikan ALLAH dengan bersumpah kepada nenek moyangmu untuk dikaruniakan kepada mereka selama langit ada di atas bumi.",
Ulangan,11,22,Ulangan 11:22,لِأَنَّهُ إِذَا حَفِظْتُمْ جَمِيعَ هَذِهِ ٱلْوَصَايَا ٱلَّتِي أَنَا أُوصِيكُمْ بِهَا لِتَعْمَلُوهَا، لِتُحِبُّوا ٱلرَّبَّ إِلَهَكُمْ وَتَسْلُكُوا فِي جَمِيعِ طُرُقِهِ وَتَلْتَصِقُوا بِهِ،,"Sebab, jika kamu menaati dengan sungguh-sungguh setiap perintah yang kusampaikan kepadamu untuk dilakukan, yaitu: Kasihilah TUHAN, Allahmu, hiduplah dalam jalan-Nya dan berpegang teguhlah kepada-Nya.","Jika kamu benar-benar memegang teguh segala perintah yang kusampaikan kepadamu dan melakukannya, yaitu mengasihi ALLAH, Tuhanmu, hidup menurut segala jalan-Nya, dan berpaut kepada-Nya,",
Ulangan,11,23,Ulangan 11:23,يَطْرُدُ ٱلرَّبُّ جَمِيعَ هَؤُلَاءِ ٱلشُّعُوبِ مِنْ أَمَامِكُمْ، فَتَرِثُونَ شُعُوبًا أَكْبَرَ وَأَعْظَمَ مِنْكُمْ.,"Kemudian, TUHAN akan mengusir semua bangsa itu dari hadapanmu sehingga kamu menduduki negeri bangsa-bangsa yang lebih besar dan lebih berkuasa daripada kamu.","maka ALLAH akan menghalau semua bangsa ini dari hadapanmu, dan kamu akan menduduki wilayah bangsa-bangsa yang lebih besar serta lebih kuat daripada kamu.",
Ulangan,11,24,Ulangan 11:24,كُلُّ مَكَانٍ تَدُوسُهُ بُطُونُ أَقْدَامِكُمْ يَكُونُ لَكُمْ. مِنَ ٱلْبَرِّيَّةِ وَلُبْنَانَ. مِنَ ٱلنَّهْرِ، نَهْرِ ٱلْفُرَاتِ، إِلَى ٱلْبَحْرِ ٱلْغَرْبِيِّ يَكُونُ تُخْمُكُمْ.,"Setiap tempat yang kamu injak dengan telapak kakimu itu akan menjadi milikmu, dari padang belantara sampai Lebanon dan dari sungai itu, yaitu Sungai Efrat, sampai laut terjauh jadi batasmu.","Setiap tempat yang diinjak oleh telapak kakimu akan menjadi milikmu. Daerahmu akan terbentang dari padang belantara sampai Libanon, dan dari sungai itu, yaitu Sungai Efrat, sampai laut di sebelah barat.",
Ulangan,11,25,Ulangan 11:25,لَا يَقِفُ إِنْسَانٌ فِي وَجْهِكُمْ. اَلرَّبُّ إِلَهُكُمْ يَجْعَلُ خَشْيَتَكُمْ وَرُعْبَكُمْ عَلَى كُلِّ ٱلْأَرْضِ ٱلَّتِي تَدُوسُونَهَا كَمَا كَلَّمَكُمْ.,"Tidak ada seorang pun yang dapat bertahan melawanmu. TUHAN, Allahmu, akan memberikan kegentaran dan ketakutan kepada seluruh negeri yang kamu injak, seperti yang telah Dia janjikan.","Tak seorang pun akan dapat bertahan di hadapanmu. ALLAH, Tuhanmu, akan mendatangkan rasa gentar dan rasa takut terhadap kamu di seluruh negeri yang akan kamu injak, seperti yang dijanjikan-Nya kepadamu.",
Ulangan,11,26,Ulangan 11:26,«اُنْظُرْ. أَنَا وَاضِعٌ أَمَامَكُمُ ٱلْيَوْمَ بَرَكَةً وَلَعْنَةً:,"Lihatlah, pada hari ini aku menghadapkanmu pilihan: berkat atau kutuk,","Lihatlah, pada hari ini aku menghadapkan kepadamu berkah dan kutuk.",
Ulangan,11,27,Ulangan 11:27,ٱلْبَرَكَةُ إِذَا سَمِعْتُمْ لِوَصَايَا ٱلرَّبِّ إِلَهِكُمُ ٱلَّتِي أَنَا أُوصِيكُمْ بِهَا ٱلْيَوْمَ.,"berkat jika kamu mendengarkan perintah TUHAN, Allahmu, yang kukatakan kepadamu pada hari ini,","Berkah, jika kamu mendengarkan perintah-perintah ALLAH, Tuhanmu, yang kusampaikan kepadamu pada hari ini.",
Ulangan,11,28,Ulangan 11:28,وَٱللَّعْنَةُ إِذَا لَمْ تَسْمَعُوا لِوَصَايَا ٱلرَّبِّ إِلَهِكُمْ، وَزُغْتُمْ عَنِ ٱلطَّرِيقِ ٱلَّتِي أَنَا أُوصِيكُمْ بِهَا ٱلْيَوْمَ لِتَذْهَبُوا وَرَاءَ آلِهَةٍ أُخْرَى لَمْ تَعْرِفُوهَا.,"dan kutuk, jika kamu tidak mendengarkan perintah TUHAN, Allahmu, dan menyimpang dari jalan yang kuperintahkan kepadamu hari ini dengan mengikuti ilah lain yang tidak kamu kenal.","Kutuk, jika kamu tidak mau mendengarkan perintah-perintah ALLAH, Tuhanmu, dan menyimpang dari jalan yang kuperintahkan kepadamu pada hari ini dengan mengikuti ilah-ilah lain yang tidak kamu kenal.",
Ulangan,11,29,Ulangan 11:29,وَإِذَا جَاءَ بِكَ ٱلرَّبُّ إِلَهُكَ إِلَى ٱلْأَرْضِ ٱلَّتِي أَنْتَ دَاخِلٌ إِلَيْهَا لِكِيْ تَمْتَلِكَهَا، فَٱجْعَلِ ٱلْبَرَكَةَ عَلَى جَبَلِ جِرِزِّيمَ، وَٱللَّعْنَةَ عَلَى جَبَلِ عِيبَالَ.,"Apabila TUHAN, Allahmu, membawamu ke tanah yang akan kamu masuki untuk mendudukinya. Kamu harus mengucapkan berkat di Gunung Gerizim dan kutuk di Gunung Ebal.","Jadi, setelah ALLAH, Tuhanmu, membawamu ke negeri yang akan kaumasuki serta duduki, ucapankanlah berkah di Gunung Gerizim dan kutuk di Gunung Ebal.",
Ulangan,11,30,Ulangan 11:30,أَمَا هُمَا فِي عَبْرِ ٱلْأُرْدُنِّ، وَرَاءَ طَرِيقِ غُرُوبِ ٱلشَّمْسِ فِي أَرْضِ ٱلْكَنْعَانِيِّينَ ٱلسَّاكِنِينَ فِي ٱلْعَرَبَةِ، مُقَابِلَ ٱلْجِلْجَالِ، بِجَانِبِ بَلُّوطَاتِ مُورَةَ؟,"Bukankah kedua gunung itu terletak di seberang Sungai Yordan, di belakang jalan menuju arah matahari terbenam, dalam wilayah orang Kanaan, di padang yang bersebelahan dengan Gilgal dekat pohon-pohon Tarbantin di More?","Bukankah kedua gunung itu terletak di seberang Sungai Yordan, di belakang jalan menuju arah matahari terbenam, dalam wilayah orang Kanaan di Araba yang berseberangan dengan Gilgal, dekat pohon-pohon besar di More?",
Ulangan,11,31,Ulangan 11:31,لِأَنَّكُمْ عَابِرُونَ ٱلْأُرْدُنَّ لِتَدْخُلُوا وَتَمْتَلِكُوا ٱلْأَرْضَ ٱلَّتِي ٱلرَّبُّ إِلَهُكُمْ يُعْطِيكُمْ. تَمْتَلِكُونَهَا وَتَسْكُنُونَهَا.,"Kamu akan menyeberangi Sungai Yordan dan memiliki tanah yang diberikan TUHAN, Allahmu, kepadamu. Kamu akan mendudukinya dan tinggal di sana.","Kamu akan segera menyeberangi Sungai Yordan untuk masuk dan menduduki negeri yang dikaruniakan ALLAH, Tuhanmu, kepadamu. Setelah kamu mendudukinya dan tinggal di dalamnya,",
Ulangan,11,32,Ulangan 11:32,فَٱحْفَظُوا جَمِيعَ ٱلْفَرَائِضِ وَٱلْأَحْكَامِ ٱلَّتِي أَنَا وَاضِعٌ أَمَامَكُمُ ٱلْيَوْمَ لِتَعْمَلُوهَا.,Kamu harus sungguh-sungguh menaati seluruh ketetapan dan hukum yang kuberikan kepadamu hari ini.,lakukanlah dengan setia segala ketetapan dan peraturan yang kusampaikan kepadamu pada hari ini.,
Ulangan,12,1,Ulangan 12:1,«هَذِهِ هِيَ ٱلْفَرَائِضُ وَٱلْأَحْكَامُ ٱلَّتِي تَحْفَظُونَ لِتَعْمَلُوهَا فِي ٱلْأَرْضِ ٱلَّتِي أَعْطَاكَ ٱلرَّبُّ إِلَهُ آبَائِكَ لِتَمْتَلِكَهَا، كُلَّ ٱلْأَيَّامِ ٱلَّتِي تَحْيَوْنَ عَلَى ٱلْأَرْضِ:,"Inilah hukum dan ketetapan yang harus kamu taati di tanah yang TUHAN, Allah berikan pada nenek moyangmu, yang diberikan kepadamu untuk kamu miliki selama kamu hidup di bumi.","Inilah ketetapan-ketetapan dan peraturan-peraturan yang harus kamu lakukan dengan setia di negeri yang dikaruniakan ALLAH, Tuhan nenek moyangmu, kepadamu untuk kamu miliki selama kamu hidup di bumi.",
Ulangan,12,2,Ulangan 12:2,تُخْرِبُونَ جَمِيعَ ٱلْأَمَاكِنِ حَيْثُ عَبَدَتِ ٱلْأُمَمُ ٱلَّتِي تَرِثُونَهَا آلِهَتَهَا عَلَى ٱلْجِبَالِ ٱلشَّامِخَةِ، وَعَلَى ٱلتِّلَالِ، وَتَحْتَ كُلِّ شَجَرَةٍ خَضْرَاءَ.,"Kamu harus membinasakan seluruh tempat ibadah bangsa-bangsa yang kamu duduki itu, kepada ilah-ilahnya, di atas gunung yang tinggi dan bukit maupun di bawah setiap pohon yang rindang.","Musnahkanlah sama sekali segala tempat yang biasa dipakai oleh bangsa-bangsa yang kamu halau itu untuk beribadah kepada dewa-dewa mereka, yaitu tempat-tempat di atas gunung-gunung tinggi, di atas bukit-bukit, dan di bawah setiap pohon yang rimbun.",
Ulangan,12,3,Ulangan 12:3,وَتَهْدِمُونَ مَذَابِحَهُمْ، وَتُكَسِّرُونَ أَنْصَابَهُمْ، وَتُحْرِقُونَ سَوَارِيَهُمْ بِٱلنَّارِ، وَتُقَطِّعُونَ تَمَاثِيلَ آلِهَتِهِمْ، وَتَمْحُونَ ٱسْمَهُمْ مِنْ ذَلِكَ ٱلْمَكَانِ.,Kamu harus merobohkan mazbah-mazbah dan tiang-tiang berhala mereka. Kamu juga harus membakar patung Asyera dengan api. Hancurkanlah patung-patung ilah mereka dan hilangkan namanya dari tempat itu.,"Robohkanlah mazbah-mazbah, yaitu tempat-tempat pembakaran kurban mereka, hancurkanlah tiang-tiang berhala mereka, dan bakarlah habis patung-patung Dewi Asyera mereka. Tebanglah patung-patung ukiran mereka, yaitu dewa-dewa mereka, dan lenyapkanlah nama-namanya dari tempat itu.",
Ulangan,12,4,Ulangan 12:4,لَا تَفْعَلُوا هَكَذَا لِلرَّبِّ إِلَهِكُمْ.,"Janganlah kamu melakukan itu terhadap TUHAN, Allahmu.","Jangan berbuat seperti itu terhadap ALLAH, Tuhanmu.",
Ulangan,12,5,Ulangan 12:5,بَلِ ٱلْمَكَانُ ٱلَّذِي يَخْتَارُهُ ٱلرَّبُّ إِلَهُكُمْ مِنْ جَمِيعِ أَسْبَاطِكُمْ لِيَضَعَ ٱسْمَهُ فِيهِ، سُكْنَاهُ تَطْلُبُونَ وَإِلَى هُنَاكَ تَأْتُونَ،,"Namun, kamu harus mencari tempat bagi TUHAN, Allahmu di tengah-tengah sukumu untuk menegakkan nama-Nya, dan pergilah ke sana.","Melainkan, carilah tempat yang akan dipilih ALLAH, Tuhanmu, dari antara semua sukumu sebagai tempat untuk menegakkan nama-Nya, dan pergilah ke sana.",
Ulangan,12,6,Ulangan 12:6,وَتُقَدِّمُونَ إِلَى هُنَاكَ: مُحْرَقَاتِكُمْ وَذَبَائِحَكُمْ وَعُشُورَكُمْ وَرَفَائِعَ أَيْدِيكُمْ وَنُذُورَكُمْ وَنَوَافِلَكُمْ وَأَبْكَارَ بَقَرِكُمْ وَغَنَمِكُمْ،,"ke sanalah kamu harus membawa kurban bakaran, persembahan persepuluhan, persembahan khusus, persembahan nazar, persembahan sukarela, dan persembahan anak-anak sulung baik dari sapimu dan dombamu.","Bawalah ke sana kurban bakaranmu, kurban sembelihanmu, persembahan sepersepuluhmu, persembahan khususmu, kurban nazarmu, kurban sukarelamu, dan anak-anak sulung dari kawanan sapi dan kawanan kambing dombamu.",
Ulangan,12,7,Ulangan 12:7,وَتَأْكُلُونَ هُنَاكَ أَمَامَ ٱلرَّبِّ إِلَهِكُمْ، وَتَفْرَحُونَ بِكُلِّ مَا تَمْتَدُّ إِلَيْهِ أَيْدِيكُمْ أَنْتُمْ وَبُيُوتُكُمْ كَمَا بَارَكَكُمُ ٱلرَّبُّ إِلَهُكُمْ.,"Kamu dan keluargamu akan makan bersama di hadapan TUHAN, Allahmu, dan bersukaria atas segala berkatmu yang dari TUHAN, Allahmu.","Di sana, kamu dan keluargamu harus makan di hadirat ALLAH, Tuhanmu, dan bersukaria atas segala usahamu karena ALLAH, Tuhanmu, telah memberkahimu.",
Ulangan,12,8,Ulangan 12:8,«لَا تَعْمَلُوا حَسَبَ كُلِّ مَا نَحْنُ عَامِلُونَ هُنَا ٱلْيَوْمَ، أَيْ كُلُّ إِنْسَانٍ مَهْمَا صَلَحَ فِي عَيْنَيْهِ.,"Janganlah kamu melakukan apa yang kita lakukan seperti saat ini, setiap orang melakukan apa yang benar menurut pandangannya.","Jangan lakukan seperti yang kita lakukan sekarang di sini, masing-masing melakukan apa saja yang dipandangnya benar.",
Ulangan,12,9,Ulangan 12:9,لِأَنَّكُمْ لَمْ تَدْخُلُوا حَتَّى ٱلْآنَ إِلَى ٱلْمَقَرِّ وَٱلنَّصِيبِ ٱللَّذَيْنِ يُعْطِيكُمُ ٱلرَّبُّ إِلَهُكُمْ.,"Sampai saat ini, kita belum sampai di tempat perhentian yang TUHAN, Allahmu, berikan kepadamu.","Memang sampai sekarang kamu belum masuk ke tujuan akhir, yaitu milik pusaka yang dikaruniakan kepadamu oleh ALLAH, Tuhanmu,",
Ulangan,12,10,Ulangan 12:10,فَمَتَى عَبَرْتُمُ ٱلْأُرْدُنَّ وَسَكَنْتُمُ ٱلْأَرْضَ ٱلَّتِي يَقْسِمُهَا لَكُمُ ٱلرَّبُّ إِلَهُكُمْ، وَأَرَاحَكُمْ مِنْ جَمِيعِ أَعْدَائِكُمُ ٱلَّذِينَ حَوَالَيْكُمْ وَسَكَنْتُمْ آمِنِينَ،,"Ketika kamu sudah menyeberang Sungai Yordan dan tinggal di negeri yang diberikan oleh TUHAN, Allahmu, sebagai warisanmu, Dia akan memberikanmu ketenangan dari semua musuhmu sehingga kamu akan tinggal dalam kedamaian.","tetapi nanti kamu akan menyeberangi Sungai Yordan dan tinggal di negeri yang diberikan ALLAH, Tuhanmu, menjadi milik pusakamu. Setelah Ia mengaruniakan kepadamu ketenteraman dari semua musuh di sekelilingmu dan kamu tinggal dengan aman,",
Ulangan,12,11,Ulangan 12:11,فَٱلْمَكَانُ ٱلَّذِي يَخْتَارُهُ ٱلرَّبُّ إِلَهُكُمْ لِيُحِلَّ ٱسْمَهُ فِيهِ، تَحْمِلُونَ إِلَيْهِ كُلَّ مَا أَنَا أُوصِيكُمْ بِهِ: مُحْرَقَاتِكُمْ وَذَبَائِحَكُمْ وَعُشُورَكُمْ وَرَفَائِعَ أَيْدِيكُمْ وَكُلَّ خِيَارِ نُذُورِكُمُ ٱلَّتِي تَنْذُرُونَهَا لِلرَّبِّ.,"Kemudian, TUHAN, Allahmu, akan memilih tempat yang menjadi rumah bagi nama-Nya dan tinggal di sana. Kamu harus membawa segala sesuatu yang kuperintahkan kepadamu, yaitu: kurban bakaran, kurban sembelihan, persembahan persepuluhan dari hasilmu, persembahan khususmu, dan semua persembahan nazar yang terbaik yang kamu janjikan kepada TUHAN.","bawalah semua yang kuperintahkan kepadamu, yaitu kurban bakaranmu, kurban sembelihanmu, persembahan sepersepuluhmu, persembahan khususmu, dan segala kurban nazarmu yang terpilih, yang kamu nazarkan kepada ALLAH, ke tempat yang akan dipilih ALLAH, Tuhanmu, sebagai tempat untuk menegakkan nama-Nya.",
Ulangan,12,12,Ulangan 12:12,وَتَفْرَحُونَ أَمَامَ ٱلرَّبِّ إِلَهِكُمْ أَنْتُمْ وَبَنُوكُمْ وَبَنَاتُكُمْ وَعَبِيدُكُمْ وَإِمَاؤُكُمْ، وَٱللَّاوِيُّ ٱلَّذِي فِي أَبْوَابِكُمْ لِأَنَّهُ لَيْسَ لَهُ قِسْمٌ وَلَا نَصِيبٌ مَعَكُمْ.,"Kamu harus bersukacita di hadapan TUHAN, Allahmu, kamu dan anakmu laki-laki dan anakmu perempuan, hambamu laki-laki dan perempuan, dan orang Lewi yang ada di tempatmu, sebab mereka tidak mendapatkan milik pusaka bersamamu.","Bersukarialah di hadirat ALLAH, Tuhanmu, bersama anak-anakmu dan hamba-hambamu, baik laki-laki maupun perempuan, serta orang Lewi yang ada di kotamu—karena orang Lewi tidak mendapat bagian atau milik pusaka seperti halnya kamu.",
Ulangan,12,13,Ulangan 12:13,«اِحْتَرِزْ مِنْ أَنْ تُصْعِدَ مُحْرَقَاتِكَ فِي كُلِّ مَكَانٍ تَرَاهُ.,Berhati-hatilah supaya kamu tidak memberikan persembahan bakaranmu di sembarang tempat yang kamu lihat.,"Hati-hati, jangan sampai kaupersembahkan kurban-kurban bakaranmu di sembarang tempat yang kaulihat.",
Ulangan,12,14,Ulangan 12:14,بَلْ فِي ٱلْمَكَانِ ٱلَّذِي يَخْتَارُهُ ٱلرَّبُّ فِي أَحَدِ أَسْبَاطِكَ. هُنَاكَ تُصْعِدُ مُحْرَقَاتِكَ، وَهُنَاكَ تَعْمَلُ كُلَّ مَا أَنَا أُوصِيكَ بِهِ.,TUHAN akan memilih tempat salah satu di antara sukumu. Kamu akan memberikan kurban bakaranmu dan segala hal yang kuperintahkan kepadamu.,"Persembahkanlah kurban bakaranmu hanya di tempat yang akan dipilih ALLAH di daerah salah satu sukumu, dan di sana jugalah engkau harus melakukan segala sesuatu yang kuperintahkan kepadamu.",
Ulangan,12,15,Ulangan 12:15,وَلَكِنْ مِنْ كُلِّ مَا تَشْتَهِي نَفْسُكَ تَذْبَحُ وَتَأْكُلُ لَحْمًا فِي جَمِيعِ أَبْوَابِكَ، حَسَبَ بَرَكَةِ ٱلرَّبِّ إِلَهِكَ ٱلَّتِي أَعْطَاكَ. ٱلنَّجِسُ وَٱلطَّاهِرُ يَأْكُلَانِهِ كَٱلظَّبْيِ وَٱلْإِيَّلِ.,"Namun, kamu boleh berkurban dan makan daging di gerbangmu dengan sesuka hatimu sesuai dengan berkat TUHAN, Allahmu, yang diberikan-Nya kepadamu. Orang najis dan orang tahir boleh memakannya seperti daging rusa dan kijang.","Meskipun begitu, engkau boleh menyembelih hewan dan memakan dagingnya sesuka hatimu di kota mana pun kamu tinggal sesuai dengan berkah yang dikaruniakan ALLAH, Tuhanmu, kepadamu. Baik orang najis maupun orang suci boleh memakannya seperti memakan daging kijang atau daging rusa.",
Ulangan,12,16,Ulangan 12:16,وَأَمَّا ٱلدَّمُ فَلَا تَأْكُلْهُ. عَلَى ٱلْأَرْضِ تَسْفِكُهُ كَٱلْمَاءِ.,"Akan tetapi, kamu tidak boleh memakan darahnya. Kamu harus menuangkan darah itu ke atas tanah seperti air.","Hanya, darahnya jangan kaumakan. Tumpahkanlah darah itu ke tanah seperti air.",
Ulangan,12,17,Ulangan 12:17,لَا يَحِلُّ لَكَ أَنْ تَأْكُلَ فِي أَبْوَابِكَ عُشْرَ حِنْطَتِكَ وَخَمْرِكَ وَزَيْتِكَ، وَلَا أَبْكَارَ بَقَرِكَ وَغَنَمِكَ، وَلَا شَيْئًا مِنْ نُذُورِكَ ٱلَّتِي تَنْذُرُ، وَنَوَافِلِكَ وَرَفَائِعِ يَدِكَ.,"Kamu tidak boleh memakan persembahan persepuluhan di gerbangmu. Baik itu dari gandum, dari anggur baru dan minyakmu, anak sulung binatang dari sapi atau dombamu, dan kurban nazar yang kamu janjikan, persembahan sukarelamu, pemberian khususmu dari tanganmu.","Persembahan sepersepuluh dari gandummu, anggurmu, minyakmu, anak-anak sulung dari kawanan sapi dan kawanan kambing dombamu, segala kurban nazar yang kaunazarkan, kurban sukarelamu, atau persembahan khususmu tidak boleh kaumakan di kota-kotamu.",
Ulangan,12,18,Ulangan 12:18,بَلْ أَمَامَ ٱلرَّبِّ إِلَهِكَ تَأْكُلُهَا فِي ٱلْمَكَانِ ٱلَّذِي يَخْتَارُهُ ٱلرَّبُّ إِلَهُكَ، أَنْتَ وَٱبْنُكَ وَٱبْنَتُكَ وَعَبْدُكَ وَأَمَتُكَ وَٱللَّاوِيُّ ٱلَّذِي فِي أَبْوَابِكَ، وَتَفْرَحُ أَمَامَ ٱلرَّبِّ إِلَهِكَ بِكُلِّ مَا ٱمْتَدَّتْ إِلَيْهِ يَدُكَ.,"Kamu harus makan kurban ini hanya di hadapan TUHAN, Allahmu, di tempat yang dipilih TUHAN, Allahmu, kamu bersama anakmu laki-laki dan perempuan, hambamu laki-laki dan perempuan, dan orang Lewi yang ada di kotamu. Bersukacitalah di sana bersama TUHAN, Allahmu atas semua yang telah kaukerjakan.","Baik engkau, anak lelakimu, anak perempuanmu, hambamu yang laki-laki, hambamu yang perempuan, maupun orang Lewi yang ada di kotamu, harus memakannya di hadirat ALLAH, Tuhanmu, yaitu di tempat yang akan dipilih ALLAH, Tuhanmu. Bersukarialah di hadirat ALLAH, Tuhanmu, atas segala usahamu.",
Ulangan,12,19,Ulangan 12:19,اِحْتَرِزْ مِنْ أَنْ تَتْرُكَ ٱللَّاوِيَّ، كُلَّ أَيَّامِكَ عَلَى أَرْضِكَ.,"Berhati-hatilah, jangan sampai kamu melupakan orang Lewi selama kamu hidup di tanah itu.","Ingat, jangan sampai kauabaikan orang Lewi selama engkau tinggal di tanahmu.",
Ulangan,12,20,Ulangan 12:20,«إِذَا وَسَّعَ ٱلرَّبُّ إِلَهُكَ تُخُومَكَ كَمَا كَلَّمَكَ وَقُلْتَ: آكُلُ لَحْمًا، لِأَنَّ نَفْسَكَ تَشْتَهِي أَنْ تَأْكُلَ لَحْمًا. فَمِنْ كُلِّ مَا تَشْتَهِي نَفْسُكَ تَأْكُلُ لَحْمًا.,"Ketika TUHAN, Allahmu, meluaskan negerimu seperti yang Dia janjikan kepadamu dan kamu mengatakan, “Aku akan makan daging”. Karena jiwamu ingin makan daging, kamu boleh makan daging sesuka hatimu.","Apabila ALLAH, Tuhanmu, telah meluaskan daerahmu seperti yang dijanjikan-Nya kepadamu dan kamu berkata, ‘Aku hendak makan daging,’ karena engkau ingin makan daging, maka engkau boleh makan daging sesuka hatimu.",
Ulangan,12,21,Ulangan 12:21,إِذَا كَانَ ٱلْمَكَانُ ٱلَّذِي يَخْتَارُهُ ٱلرَّبُّ إِلَهُكَ لِيَضَعَ ٱسْمَهُ فِيهِ بَعِيدًا عَنْكَ، فَٱذْبَحْ مِنْ بَقَرِكَ وَغَنَمِكَ ٱلَّتِي أَعْطَاكَ ٱلرَّبُّ كَمَا أَوْصَيْتُكَ، وَكُلْ فِي أَبْوَابِكَ مِنْ كُلِّ مَا ٱشْتَهَتْ نَفْسُكَ.,"Jika tempat yang dipilih oleh TUHAN, Allahmu, untuk menegakkan nama-Nya terlalu jauh dari tempatmu, kamu boleh menyembelih sapimu dan dombamu yang diberikan TUHAN kepadamu, seperti yang kuperintahkan kepadamu, dan kamu pun boleh memakannya sesuka hatimu di gerbangmu.","Jika tempat yang akan dipilih ALLAH, Tuhanmu, untuk menegakkan nama-Nya itu terlalu jauh dari tempatmu, maka engkau boleh menyembelih hewan dari kawanan sapi dan kawanan kambing domba yang dikaruniakan ALLAH kepadamu, seperti kuperintahkan kepadamu, dan memakannya di kota-kotamu sesuka hatimu.",
Ulangan,12,22,Ulangan 12:22,كَمَا يُؤْكَلُ ٱلظَّبْيُ وَٱلْإِيَّلُ هَكَذَا تَأْكُلُهُ. ٱلنَّجِسُ وَٱلطَّاهِرُ يَأْكُلَانِهِ سَوَاءً.,"Makanlah seperti memakan daging kijang dan rusa, setiap orang, baik yang najis maupun yang tahir.",Makanlah seperti kamu memakan daging kijang atau daging rusa; orang yang najis atau pun yang suci sama-sama boleh memakannya.,
Ulangan,12,23,Ulangan 12:23,لَكِنِ ٱحْتَرِزْ أَنْ لَا تَأْكُلَ ٱلدَّمَ، لِأَنَّ ٱلدَّمَ هُوَ ٱلنَّفْسُ. فَلَا تَأْكُلِ ٱلنَّفْسَ مَعَ ٱللَّحْمِ.,"Namun, pastikanlah bahwa kamu tidak makan darahnya, karena nyawa ada di dalam darahnya. Janganlah memakan daging yang masih ada nyawanya.","Hanya, ingatlah baik-baik, jangan kaumakan darahnya karena darah adalah nyawa. Kamu tidak boleh memakan nyawa bersama-sama dengan daging.",
Ulangan,12,24,Ulangan 12:24,لَا تَأْكُلْهُ. عَلَى ٱلْأَرْضِ تَسْفِكُهُ كَٱلْمَاءِ.,Janganlah kamu memakannya. Tuangkanlah ke tanah seperti air.,"Jangan memakannya, tetapi tumpahkanlah ke tanah seperti air.",
Ulangan,12,25,Ulangan 12:25,لَا تَأْكُلْهُ لِكَيْ يَكُونَ لَكَ وَلِأَوْلَادِكَ مِنْ بَعْدِكَ خَيْرٌ، إِذَا عَمِلْتَ ٱلْحَقَّ فِي عَيْنَيِ ٱلرَّبِّ.,"Janganlah kamu memakannya agar baik keadaanmu dan keadaan anak-anakmu, karena kamu melakukan yang benar di hadapan TUHAN.","Jangan memakannya. Dengan demikian, keadaanmu dan keadaan anak-anakmu kelak akan baik karena engkau melakukan apa yang benar dalam pandangan ALLAH.",
Ulangan,12,26,Ulangan 12:26,وَأَمَّا أَقْدَاسُكَ ٱلَّتِي لَكَ وَنُذُورُكَ، فَتَحْمِلُهَا وَتَذْهَبُ إِلَى ٱلْمَكَانِ ٱلَّذِي يَخْتَارُهُ ٱلرَّبُّ.,"Namun, hal-hal kudus yang ada padamu dan kurban-kurban nazarmu harus kamu bawa dan kamu masukkan ke tempat yang akan TUHAN pilih.","Akan tetapi, barang-barang suci yang ada padamu dan kurban-kurban nazarmu harus kauangkut serta kaubawa ke tempat yang akan dipilih ALLAH.",
Ulangan,12,27,Ulangan 12:27,فَتَعْمَلُ مُحْرَقَاتِكَ: ٱللَّحْمَ وَٱلدَّمَ عَلَى مَذْبَحِ ٱلرَّبِّ إِلَهِكَ. وَأَمَّا ذَبَائِحُكَ فَيُسْفَكُ دَمُهَا عَلَى مَذْبَحِ ٱلرَّبِّ إِلَهِكَ، وَٱللَّحْمُ تَأْكُلُهُ.,"Kamu harus mempersembahkan kurban bakaran, daging dan darah di atas mazbah TUHAN, Allahmu. Darah kurbanmu haruslah dicurahkan ke atas mazbah TUHAN, Allahmu, tetapi kamu boleh memakan dagingnya.","Persembahkanlah kurban bakaranmu, yaitu daging dan darahnya, di atas mazbah ALLAH, Tuhanmu. Darah kurban sembelihanmu itu harus dicurahkan pada mazbah ALLAH, Tuhanmu, sedangkan dagingnya boleh kaumakan.",
Ulangan,12,28,Ulangan 12:28,اِحْفَظْ وَٱسْمَعْ جَمِيعَ هَذِهِ ٱلْكَلِمَاتِ ٱلَّتِي أَنَا أُوصِيكَ بِهَا لِكَيْ يَكُونَ لَكَ وَلِأَوْلَادِكَ مِنْ بَعْدِكَ خَيْرٌ إِلَى ٱلْأَبَدِ، إِذَا عَمِلْتَ ٱلصَّالِحَ وَٱلْحَقَّ فِي عَيْنَيِ ٱلرَّبِّ إِلَهِكَ.,"Dengarkanlah dengan baik dan taatilah seluruh perintahku kepadamu agar baik keadaanmu dan anak-anakmu untuk selama-lamanya. Apabila kamu melakukan yang baik dan benar di mata TUHAN, Allahmu.","Ingatlah dan taatilah segala perkataan yang kuperintahkan kepadamu ini. Dengan demikian, keadaanmu dan keadaan anak-anakmu kelak akan baik sampai selama-lamanya karena engkau melakukan apa yang baik dan benar dalam pandangan ALLAH, Tuhanmu.",
Ulangan,12,29,Ulangan 12:29,«مَتَى قَرَضَ ٱلرَّبُّ إِلَهُكَ مِنْ أَمَامِكَ ٱلْأُمَمَ ٱلَّذِينَ أَنْتَ ذَاهِبٌ إِلَيْهِمْ لِتَرِثَهُمْ، وَوَرِثْتَهُمْ وَسَكَنْتَ أَرْضَهُمْ،,"Ketika TUHAN, Allahmu, membinasakan dari hadapanmu bangsa-bangsa yang akan kamu masuki untuk kamu duduki, dan apabila kamu sudah mengusir mereka serta tinggal di negeri mereka,","Apabila ALLAH, Tuhanmu, telah melenyapkan dari hadapanmu bangsa-bangsa yang daerahnya kaumasuki untuk kaududuki, dan apabila kamu telah menghalau mereka serta tinggal di negeri mereka,",
Ulangan,12,30,Ulangan 12:30,فَٱحْتَرِزْ مِنْ أَنْ تُصَادَ وَرَاءَهُمْ مِنْ بَعْدِ مَا بَادُوا مِنْ أَمَامِكَ، وَمِنْ أَنْ تَسْأَلَ عَنْ آلِهَتِهِمْ قَائِلًا: كَيْفَ عَبَدَ هَؤُلَاءِ ٱلْأُمَمُ آلِهَتَهُمْ، فَأَنَا أَيْضًا أَفْعَلُ هَكَذَا؟,"berhati-hatilah agar kamu jangan terjerat dan mengikuti mereka, setelah mereka kamu binasakan, dan janganlah kamu bertanya-tanya tentang ilah mereka dengan berkata, “Bagaimana bangsa-bangsa itu menyembah ilah mereka? Kami pun akan melakukan yang sama.”","hati-hatilah, jangan sampai engkau terjerat sehingga engkau mengikuti perilaku mereka sesudah mereka dipunahkan dari hadapanmu. Jangan sampai engkau bertanya-tanya tentang dewa-dewa mereka seperti ini, ‘Bagaimana bangsa-bangsa ini beribadah kepada dewa-dewa mereka? Aku juga mau berbuat demikian.’",
Ulangan,12,31,Ulangan 12:31,لَا تَعْمَلْ هَكَذَا لِلرَّبِّ إِلَهِكَ، لِأَنَّهُمْ قَدْ عَمِلُوا لِآلِهَتِهِمْ كُلَّ رِجْسٍ لَدَى ٱلرَّبِّ مِمَّا يَكْرَهُهُ، إِذْ أَحْرَقُوا حَتَّى بَنِيهِمْ وَبَنَاتِهِمْ بِٱلنَّارِ لِآلِهَتِهِمْ.,"Kamu tidak boleh melakukan itu kepada TUHAN, Allahmu, yaitu setiap perbuatan yang jahat yang dibenci TUHAN yang telah mereka lakukan untuk ilah mereka, sebab mereka membakar anak laki-laki dan perempuannya dalam api untuk ilah mereka.","Jangan berbuat seperti itu terhadap ALLAH, Tuhanmu. Sesungguhnya, orang-orang itu telah melakukan bagi dewa-dewa mereka segala hal keji yang dibenci ALLAH. Bahkan mereka membakar anak-anak mereka, baik laki-laki maupun perempuan, sebagai kurban bagi dewa-dewa mereka.",
Ulangan,12,32,Ulangan 12:32,كُلُّ ٱلْكَلَامِ ٱلَّذِي أُوصِيكُمْ بِهِ ٱحْرِصُوا لِتَعْمَلُوهُ. لَا تَزِدْ عَلَيْهِ وَلَا تُنَقِّصْ مِنْهُ.,"Apa pun yang aku perintahkan kepadamu, lakukanlah dengan sungguh-sungguh. Janganlah kamu menambahkan atau mengurangkannya.",Lakukanlah dengan setia segala hal yang kuperintahkan kepadamu. Jangan menambahinya dan jangan menguranginya.,
Ulangan,13,1,Ulangan 13:1,«إِذَا قَامَ فِي وَسَطِكَ نَبِيٌّ أَوْ حَالِمٌ حُلْمًا، وَأَعْطَاكَ آيَةً أَوْ أُعْجُوبَةً،,"Jika di antara kamu muncul seorang nabi atau seorang pemimpi dan memberikan kepadamu sebuah tanda atau mukjizat,","Seandainya di antara kamu muncul seorang nabi atau seorang pemimpi, dan ia menunjukkan kepadamu suatu tanda ajaib atau mukjizat,",
Ulangan,13,2,Ulangan 13:2,وَلَوْ حَدَثَتِ ٱلْآيَةُ أَوِ ٱلْأُعْجُوبَةُ ٱلَّتِي كَلَّمَكَ عَنْهَا قَائِلًا: لِنَذْهَبْ وَرَاءَ آلِهَةٍ أُخْرَى لَمْ تَعْرِفْهَا وَنَعْبُدْهَا،,"apabila tanda atau mukjizat yang dikatakannya kepadamu itu terjadi dan dia berkata, “Marilah kita mengikuti ilah-ilah lain, yang dahulu tidak kamu kenal, dan marilah kita melayaninya.”","lalu tanda ajaib atau mukjizat yang dikatakannya kepadamu itu terjadi dan ia berkata, ‘Mari kita mengikuti ilah-ilah lain, yaitu ilah-ilah yang tidak kaukenal, dan mari kita beribadah kepadanya,’",
Ulangan,13,3,Ulangan 13:3,فَلَا تَسْمَعْ لِكَلَامِ ذَلِكَ ٱلنَّبِيِّ أَوِ ٱلْحَالِمِ ذَلِكَ ٱلْحُلْمَ، لِأَنَّ ٱلرَّبَّ إِلَهَكُمْ يَمْتَحِنُكُمْ لِكَيْ يَعْلَمَ هَلْ تُحِبُّونَ ٱلرَّبَّ إِلَهَكُمْ مِنْ كُلِّ قُلُوبِكُمْ وَمِنْ كُلِّ أَنْفُسِكُمْ.,"Janganlah kamu mendengarkan mereka, karena TUHAN, Allahmu, sedang mengujimu, apakah kamu mengasihi TUHAN, Allahmu, dengan segenap hatimu dan jiwamu.","jangan dengarkan perkataan nabi atau pemimpi itu karena ALLAH, Tuhanmu, sedang menguji kamu untuk mengetahui apakah kamu sungguh-sungguh mengasihi ALLAH, Tuhanmu, dengan segenap hatimu dan dengan segenap jiwamu.",
Ulangan,13,4,Ulangan 13:4,وَرَاءَ ٱلرَّبِّ إِلَهِكُمْ تَسِيرُونَ، وَإِيَّاهُ تَتَّقُونَ، وَوَصَايَاهُ تَحْفَظُونَ، وَصَوْتَهُ تَسْمَعُونَ، وَإِيَّاهُ تَعْبُدُونَ، وَبِهِ تَلْتَصِقُونَ.,"Kamu harus mengikuti TUHAN, Allahmu, takutlah pada-Nya, dan berpeganglah pada perintah-Nya, dengarkanlah suara-Nya, layanilah Dia, dan berpegang teguhlah pada-Nya.","Ikutilah ALLAH, Tuhanmu, dan bertakwalah kepada-Nya. Peganglah teguh perintah-perintah-Nya dan patuhilah Dia. Beribadahlah kepada-Nya dan berpautlah kepada-Nya.",
Ulangan,13,5,Ulangan 13:5,وَذَلِكَ ٱلنَّبِيُّ أَوِ ٱلْحَالِمُ ذَلِكَ ٱلْحُلْمَ يُقْتَلُ، لِأَنَّهُ تَكَلَّمَ بِٱلزَّيْغِ مِنْ وَرَاءِ ٱلرَّبِّ إِلَهِكُمُ ٱلَّذِي أَخْرَجَكُمْ مِنْ أَرْضِ مِصْرَ، وَفَدَاكُمْ مِنْ بَيْتِ ٱلْعُبُودِيَّةِ، لِكَيْ يُطَوِّحَكُمْ عَنِ ٱلطَّرِيقِ ٱلَّتِي أَمَرَكُمُ ٱلرَّبُّ إِلَهُكُمْ أَنْ تَسْلُكُوا فِيهَا. فَتَنْزِعُونَ ٱلشَّرَّ مِنْ بَيْنِكُمْ.,"Nabi atau pemimpi itu haruslah dihukum mati karena dia mengajakmu untuk berpaling dari TUHAN, Allahmu, yang telah membawamu keluar dari tanah Mesir dan membebaskanmu dari perbudakan. Untuk meninggalkan jalan yang telah TUHAN, Allahmu, perintahkan kepadamu untuk kamu jalani. Maka, kamu harus menghapuskan kejahatan dari tengah-tengahmu.","Nabi atau pemimpi itu harus dihukum mati karena ia telah memicu pemberontakan terhadap ALLAH, Tuhanmu, yang membawa kamu keluar dari Tanah Mesir dan yang membebaskan engkau dari tempat perhambaan. Pemimpi itu bermaksud menyesatkan kamu dari jalan yang diperintahkan ALLAH, Tuhanmu, kepadamu untuk ditempuh. Maka, singkirkanlah yang jahat itu dari antaramu.",
Ulangan,13,6,Ulangan 13:6,«وَإِذَا أَغْوَاكَ سِرًّا أَخُوكَ ٱبْنُ أُمِّكَ، أَوِ ٱبْنُكَ أَوِ ٱبْنَتُكَ أَوِ ٱمْرَأَةُ حِضْنِكَ، أَوْ صَاحِبُكَ ٱلَّذِي مِثْلُ نَفْسِكَ قَائِلًا: نَذْهَبُ وَنَعْبُدُ آلِهَةً أُخْرَى لَمْ تَعْرِفْهَا أَنْتَ وَلَا آبَاؤُكَ,"Jika saudaramu laki-laki, anak dari ibumu, anak laki-lakimu atau anak perempuanmu, atau istrimu, atau sahabat karibmu dengan diam-diam membujukmu dan berkata, “Marilah kita pergi dan melayani ilah lain yang tidak pernah dikenal olehmu dan nenek moyangmu.","Apabila saudara laki-lakimu (anak ibumu), anak laki-lakimu, anak perempuanmu, istrimu sendiri, atau sahabatmu yang paling karib membujuk engkau secara diam-diam dengan berkata, ‘Mari kita beribadah kepada ilah-ilah lain,’ ilah-ilah yang tidak dikenal olehmu atau oleh nenek moyangmu,",
Ulangan,13,7,Ulangan 13:7,مِنْ آلِهَةِ ٱلشُّعُوبِ ٱلَّذِينَ حَوْلَكَ، ٱلْقَرِيبِينَ مِنْكَ أَوِ ٱلْبَعِيدِينَ عَنْكَ، مِنْ أَقْصَاءِ ٱلْأَرْضِ إِلَى أَقْصَائِهَا،,"Mereka adalah ilah orang-orang di sekitarmu, yang tinggal di sekelilingmu, yang dekat denganmu maupun jauh, dari ujung satu ke ujung bumi yang lain.”","yaitu ilah dari bangsa-bangsa yang ada di sekelilingmu, baik yang dekat maupun yang jauh, dari ujung bumi sampai ke ujung bumi,",
Ulangan,13,8,Ulangan 13:8,فَلَا تَرْضَ مِنْهُ وَلَا تَسْمَعْ لَهُ وَلَا تُشْفِقْ عَيْنُكَ عَلَيْهِ، وَلَا تَرِقَّ لَهُ وَلَا تَسْتُرْهُ،,Janganlah kamu menuruti dan mendengarkan mereka atau mengasihani mereka. Janganlah kamu menyayangi atau melindungi mereka.,"jangan turuti dan jangan dengarkan dia. Jangan merasa iba atau sayang kepadanya dan jangan lindungi dia,",
Ulangan,13,9,Ulangan 13:9,بَلْ قَتْلًا تَقْتُلُهُ. يَدُكَ تَكُونُ عَلَيْهِ أَوَّلًا لِقَتْلِهِ، ثُمَّ أَيْدِي جَمِيعِ ٱلشَّعْبِ أَخِيرًا.,"Namun, kamu harus membunuhnya. Haruslah tanganmu yang pertama membunuhnya dan sesudah itu barulah tangan seluruh rakyat.","melainkan engkau harus menghukumnya mati. Tanganmulah yang pertama-tama harus bergerak untuk menghukumnya mati, kemudian barulah tangan seluruh umat.",
Ulangan,13,10,Ulangan 13:10,تَرْجُمُهُ بِٱلْحِجَارَةِ حَتَّى يَمُوتَ، لِأَنَّهُ ٱلْتَمَسَ أَنْ يُطَوِّحَكَ عَنِ ٱلرَّبِّ إِلَهِكَ ٱلَّذِي أَخْرَجَكَ مِنْ أَرْضِ مِصْرَ مِنْ بَيْتِ ٱلْعُبُودِيَّةِ.,"Kamu harus melemparinya dengan batu sampai mati karena dia telah berusaha menyesatkanmu dari TUHAN, Allahmu, yang telah membawamu keluar dari tanah Mesir tempat perbudakanmu.","Rajamlah dia dengan batu hingga mati sebab ia berusaha menyesatkan engkau dari ALLAH, Tuhanmu, yang telah membawa engkau keluar dari Tanah Mesir, dari tempat perhambaan.",
Ulangan,13,11,Ulangan 13:11,فَيَسْمَعُ جَمِيعُ إِسْرَائِيلَ وَيَخَافُونَ، وَلَا يَعُودُونَ يَعْمَلُونَ مِثْلَ هَذَا ٱلْأَمْرِ ٱلشِّرِّيرِ فِي وَسَطِكَ.,"Kemudian, semua orang Israel akan mendengar hal itu dan menjadi takut sehingga mereka tidak akan berbuat jahat lagi.","Maka, semua orang Israil akan mendengar hal itu dan menjadi takut sehingga mereka tidak lagi melakukan perkara jahat semacam itu di antaramu.",
Ulangan,13,12,Ulangan 13:12,«إِنْ سَمِعْتَ عَنْ إِحْدَى مُدُنِكَ ٱلَّتِي يُعْطِيكَ ٱلرَّبُّ إِلَهُكَ لِتَسْكُنَ فِيهَا قَوْلًا:,"Jika kamu mendengar di salah satu dari kotamu yang telah TUHAN, Allahmu, berikan kepadamu untuk kamu tinggali ada beberapa orang berkata,","Jika di salah satu kota yang dikaruniakan ALLAH, Tuhanmu, kepadamu untuk dihuni kaudengar orang berkata",
Ulangan,13,13,Ulangan 13:13,قَدْ خَرَجَ أُنَاسٌ بَنُو لَئِيمٍ مِنْ وَسَطِكَ وَطَوَّحُوا سُكَّانَ مَدِينَتِهِمْ قَائِلِينَ: نَذْهَبُ وَنَعْبُدُ آلِهَةً أُخْرَى لَمْ تَعْرِفُوهَا.,"“Beberapa orang yang tidak berguna akan muncul dari antaramu dan membujuk penduduk kota dengan mengatakan, ‘Mari kita pergi dan melayani ilah-ilah lain yang tidak kamu kenal sebelumnya.’”","bahwa beberapa orang bejat muncul dari antara kamu dan menyesatkan penduduk kota mereka dengan berkata, ‘Mari kita beribadah kepada ilah-ilah lain,’ yaitu ilah-ilah yang tidak kamu kenal,",
Ulangan,13,14,Ulangan 13:14,وَفَحَصْتَ وَفَتَّشْتَ وَسَأَلْتَ جَيِّدًا وَإِذَا ٱلْأَمْرُ صَحِيحٌ وَأَكِيدٌ، قَدْ عُمِلَ ذَلِكَ ٱلرِّجْسُ فِي وَسَطِكَ،,"Seharusnyalah kamu menyelidiki, mencari dan menanyakan dengan benar. Jika terbukti bahwa kekejian itu dilakukan di antaramu,","maka engkau harus menanyakan, memeriksa, dan menyelidiki hal itu baik-baik. Kalau ternyata hal itu benar dan sudah pasti bahwa hal keji itu dilakukan di antara kamu,",
Ulangan,13,15,Ulangan 13:15,فَضَرْبًا تَضْرِبُ سُكَّانَ تِلْكَ ٱلْمَدِينَةِ بِحَدِّ ٱلسَّيْفِ، وَتُحَرِّمُهَا بِكُلِّ مَا فِيهَا مَعَ بَهَائِمِهَا بِحَدِّ ٱلسَّيْفِ.,"haruslah kamu menyerang semua orang yang tinggal di kota itu dengan pedang, seluruh isi kota serta ternaknya dengan pedang.",maka engkau harus menghantam penduduk kota itu dengan mata pedang. Tumpaslah kota itu serta segala isinya dan juga ternaknya dengan mata pedang.,
Ulangan,13,16,Ulangan 13:16,تَجْمَعُ كُلَّ أَمْتِعَتِهَا إِلَى وَسَطِ سَاحَتِهَا، وَتُحْرِقُ بِٱلنَّارِ ٱلْمَدِينَةَ وَكُلَّ أَمْتِعَتِهَا كَامِلَةً لِلرَّبِّ إِلَهِكَ، فَتَكُونُ تَلًّا إِلَى ٱلْأَبَدِ لَا تُبْنَى بَعْدُ.,"Kamu harus mengumpulkan semua rampasan ke tengah lapangan dan bakarlah seluruh kota itu bersama yang ada di dalamnya di hadapan TUHAN, Allahmu. Jadikanlah tumpukan puing-puing untuk selamanya dan tidak akan pernah dibangun lagi.","Kumpulkanlah segala jarahan ke tengah-tengah lapangan, lalu bakarlah habis kota dengan jarahan itu sekaligus untuk dipersembahkan kepada ALLAH, Tuhanmu. Semua itu akan menjadi timbunan puing untuk selama-lamanya dan tidak akan dibangun kembali.",
Ulangan,13,17,Ulangan 13:17,وَلَا يَلْتَصِقْ بِيَدِكَ شَيْءٌ مِنَ ٱلْمُحَرَّمِ، لِكَيْ يَرْجِعَ ٱلرَّبُّ مِنْ حُمُوِّ غَضَبِهِ، وَيُعْطِيَكَ رَحْمَةً. يَرْحَمُكَ وَيُكَثِّرُكَ كَمَا حَلَفَ لِآبَائِكَ،,"Jangan biarkan satu pun barang-barang khusus itu melekat di tanganmu agar murka TUHAN berhenti dan menunjukkan belas kasih kepadamu, mengasihimu dan membuatmu bertambah banyak, seperti yang telah dijanjikan-Nya kepada nenek moyangmu.","Jangan biarkan satu pun dari barang-barang yang dikhususkan untuk dimusnahkan itu melekat pada tanganmu. Dengan demikian, ALLAH akan berpaling dari murka-Nya yang menyala-nyala, menunjukkan belas kasihan-Nya kepadamu, menyayangi engkau, dan membuat engkau menjadi banyak, seperti yang dijanjikan-Nya dengan bersumpah kepada nenek moyangmu",
Ulangan,13,18,Ulangan 13:18,إِذَا سَمِعْتَ لِصَوْتِ ٱلرَّبِّ إِلَهِكَ لِتَحْفَظَ جَمِيعَ وَصَايَاهُ ٱلَّتِي أَنَا أُوصِيكَ بِهَا ٱلْيَوْمَ، لِتَعْمَلَ ٱلْحَقَّ فِي عَيْنَيِ ٱلرَّبِّ إِلَهِكَ.,"Jika kamu mendengarkan suara TUHAN, Allahmu, menjaga semua perintah-Nya seperti yang aku perintahkan kepadamu hari ini, dan melakukan apa yang benar di hadapan TUHAN, Allahmu.","karena engkau mematuhi ALLAH, Tuhanmu, memegang teguh segala perintah-Nya yang kusampaikan kepadamu pada hari ini, dan melakukan apa yang benar dalam pandangan ALLAH, Tuhanmu.",
Ulangan,14,1,Ulangan 14:1,«أَنْتُمْ أَوْلَادٌ لِلرَّبِّ إِلَهِكُمْ. لَا تَخْمِشُوا أَجْسَامَكُمْ، وَلَا تَجْعَلُوا قَرْعَةً بَيْنَ أَعْيُنِكُمْ لِأَجْلِ مَيْتٍ.,"Kamu adalah anak-anak TUHAN, Allahmu. Janganlah kamu menoreh tubuhmu atau mencukur rambut di dahimu apabila seseorang mati,","Kamu adalah anak-anak bagi ALLAH, Tuhanmu. Jangan menoreh-noreh tubuhmu atau menggunduli rambut di atas dahimu karena kematian seseorang.",
Ulangan,14,2,Ulangan 14:2,لِأَنَّكَ شَعْبٌ مُقَدَّسٌ لِلرَّبِّ إِلَهِكَ، وَقَدِ ٱخْتَارَكَ ٱلرَّبُّ لِكَيْ تَكُونَ لَهُ شَعْبًا خَاصًّا فَوْقَ جَمِيعِ ٱلشُّعُوبِ ٱلَّذِينَ عَلَى وَجْهِ ٱلْأَرْضِ.,"sebab kamulah umat kudus bagi TUHAN, Allahmu. TUHAN, Allahmu telah memilihmu sebagai umat-Nya, harta-Nya dari segala bangsa di bumi.","Engkau adalah umat yang suci bagi ALLAH, Tuhanmu, dan engkau telah dipilih ALLAH untuk menjadi umat kesayangan-Nya dari segala bangsa yang ada di bumi.",
Ulangan,14,3,Ulangan 14:3,«لَا تَأْكُلْ رِجْسًا مَّا.,Janganlah kamu makan sesuatu yang keji.,Jangan memakan sesuatu yang dikejikan.,
Ulangan,14,4,Ulangan 14:4,هَذِهِ هِيَ ٱلْبَهَائِمُ ٱلَّتِي تَأْكُلُونَهَا: ٱلْبَقَرُ وَٱلضَّأْنُ وَٱلْمَعْزُ,"Inilah hewan-hewan yang boleh kamu makan: sapi, domba, kambing,","Inilah hewan yang boleh kamu makan: sapi, domba, kambing,",
Ulangan,14,5,Ulangan 14:5,وَٱلْإِيَّلُ وَٱلظَّبْيُ وَٱلْيَحْمُورُ وَٱلْوَعْلُ وَٱلرِّئْمُ وَٱلثَّيْتَلُ وَٱلْمَهَاةُ.,"rusa, kijang, rusa dandi, kambing hutan, kijang gunung, sapi hutan, domba hutan.","rusa, kijang, pelanduk, kambing hutan, kijang gunung, antelop, dan domba hutan.",
Ulangan,14,6,Ulangan 14:6,وَكُلُّ بَهِيمَةٍ مِنَ ٱلْبَهَائِمِ تَشُقُّ ظِلْفًا وَتَقْسِمُهُ ظِلْفَيْنِ وَتَجْتَرُّ فَإِيَّاهَا تَأْكُلُونَ.,"Semua hewan yang berkaki empat dan memiliki kuku terbelah dua serta memamah biak di antara segala binatang, boleh kamu makan.","Semua hewan yang berkuku belah, yaitu yang kukunya terbagi dua sama sekali, dan yang memamah biak di antara kawanan ternak, boleh kamu makan.",
Ulangan,14,7,Ulangan 14:7,إِلَّا هَذِهِ فَلَا تَأْكُلُوهَا، مِمَّا يَجْتَرُّ وَمِمَّا يَشُقُّ ٱلظِّلْفَ ٱلْمُنْقَسِمَ: ٱلْجَمَلُ وَٱلْأَرْنَبُ وَٱلْوَبْرُ، لِأَنَّهَا تَجْتَرُّ لَكِنَّهَا لَا تَشُقُّ ظِلْفًا، فَهِيَ نَجِسَةٌ لَكُمْ.,"Namun, hewan-hewan yang hanya memamah biak atau hanya berkuku belah janganlah kamu makan, seperti: unta, kelinci, dan marmot. Binatang-binatang itu memamah biak, tetapi kukunya tidak berbelah dua. Jadi, semua itu najis bagimu.","Namun, hewan-hewan yang hanya memamah biak atau hanya berkuku belah jangan kamu makan. Unta, kelinci, dan marmot jangan kamu makan karena semua hewan itu memang memamah biak, tetapi tidak berkuku belah. Jadi, semua itu haram bagimu.",
Ulangan,14,8,Ulangan 14:8,وَٱلْخِنْزِيرُ لِأَنَّهُ يَشُقُّ ٱلظِّلْفَ لَكِنَّهُ لَا يَجْتَرُّ فَهُوَ نَجِسٌ لَكُمْ. فَمِنْ لَحْمِهَا لَا تَأْكُلُوا وَجُثَثَهَا لَا تَلْمِسُوا.,"Demikian juga babi meskipun kukunya terbelah dua, tetapi tidak memamah biak. Itu haram bagimu. Janganlah memakan dagingnya ataupun menyentuh bangkainya.","Demikian pula babi, karena hewan ini memang berkuku belah, tetapi tidak memamah biak. Jadi, hewan itu haram bagimu. Jangan kamu makan daging hewan-hewan itu, dan jangan kamu sentuh bangkainya.",
Ulangan,14,9,Ulangan 14:9,«وَهَذَا تَأْكُلُونَهُ مِنْ كُلِّ مَا فِي ٱلْمِيَاهِ: كُلُّ مَا لَهُ زَعَانِفُ وَحَرْشَفٌ تَأْكُلُونَهُ.,"Kamu boleh makan dari semua yang hidup di air, yaitu ikan yang bersirip dan bersisik.",Inilah yang boleh kamu makan dari segala yang hidup di dalam air: segala yang bersirip dan bersisik.,
Ulangan,14,10,Ulangan 14:10,لَكِنْ كُلُّ مَا لَيْسَ لَهُ زَعَانِفُ وَحَرْشَفٌ لَا تَأْكُلُوهُ. إِنَّهُ نَجِسٌ لَكُمْ.,"Namun, semua yang tidak bersirip dan bersisik janganlah kamu makan. Itu najis bagimu.",Sedangkan segala yang tak bersirip dan tak bersisik jangan kamu makan. Hewan itu haram bagimu.,
Ulangan,14,11,Ulangan 14:11,«كُلَّ طَيْرٍ طَاهِرٍ تَأْكُلُونَ.,Semua burung yang tahir boleh kamu makan.,Segala burung yang halal boleh kamu makan.,
Ulangan,14,12,Ulangan 14:12,وَهَذَا مَا لَا تَأْكُلُونَ مِنْهُ: ٱلنَّسْرُ وَٱلْأَنُوقُ وَٱلْعُقَابُ,"Namun, inilah burung-burung yang tidak boleh kamu makan: rajawali, burung nasar, elang laut,","Inilah yang tidak boleh kamu makan: rajawali, elang burik, elang laut,",
Ulangan,14,13,Ulangan 14:13,وَٱلْحِدَأَةُ وَٱلْبَاشِقُ وَٱلشَّاهِينُ عَلَى أَجْنَاسِهِ،,"elang merah, elang hitam, burung dendang dan sejenisnya,","elang merah, elang hitam, jenis-jenis burung dendang,",
Ulangan,14,14,Ulangan 14:14,وَكُلُّ غُرَابٍ عَلَى أَجْنَاسِهِ،,"burung gagak dan sejenisnya,","segala jenis burung gagak,",
Ulangan,14,15,Ulangan 14:15,وَٱلنَّعَامَةُ وَٱلظَّلِيمُ وَٱلسَّأَفُ وَٱلْبَازُ عَلَى أَجْنَاسِهِ،,"burung unta, burung hantu, burung camar, dan semua jenis burung elang,","burung unta, elang malam, burung camar, jenis-jenis burung elang,",
Ulangan,14,16,Ulangan 14:16,وَٱلْبُومُ وَٱلْكُرْكِيُّ وَٱلْبَجَعُ,"burung pungguk, burung hantu besar, burung hantu putih,","burung pungguk, burung hantu, burung hantu putih,",
Ulangan,14,17,Ulangan 14:17,وَٱلْقُوقُ وَٱلرَّخَمُ وَٱلْغَوَّاصُ,"burung undan, burung ering, dan burung dendang air,","burung undan, burung ering, burung dendang air,",
Ulangan,14,18,Ulangan 14:18,وَٱللَّقْلَقُ وَٱلْبَبْغَاءُ عَلَى أَجْنَاسِهِ، وَٱلْهُدْهُدُ وَٱلْخُفَّاشُ.,"burung ranggung, dan bangau menurut jenisnya, burung meragai, dan kelelawar.","burung ranggung, jenis-jenis burung bangau, burung hudhud, dan kelelawar.",
Ulangan,14,19,Ulangan 14:19,وَكُلُّ دَبِيبِ ٱلطَّيْرِ نَجِسٌ لَكُمْ. لَا يُؤْكَلُ.,"Semua serangga yang bersayap haram bagimu, jangan dimakan.","Semua serangga bersayap adalah haram bagimu, tidak boleh dimakan.",
Ulangan,14,20,Ulangan 14:20,كُلَّ طَيْرٍ طَاهِرٍ تَأْكُلُونَ.,"Namun, semua jenis burung yang tahir boleh kamu makan.",Segala burung yang halal boleh kamu makan.,
Ulangan,14,21,Ulangan 14:21,«لَا تَأْكُلُوا جُثَّةً مَّا. تُعْطِيهَا لِلْغَرِيبِ ٱلَّذِي فِي أَبْوَابِكَ فَيَأْكُلُهَا أَوْ يَبِيعُهَا لِأَجْنَبِيٍّ، لِأَنَّكَ شَعْبٌ مُقَدَّسٌ لِلرَّبِّ إِلَهِكَ. لَا تَطْبُخْ جَدْيًا بِلَبَنِ أُمِّهِ.,"Janganlah kamu memakan bangkai. Kamu dapat memberikannya kepada orang asing yang tinggal di kotamu supaya dia memakannya dan kamu boleh menjualnya kepada orang asing. Karena kamulah umat kudus TUHAN, Allahmu. Janganlah kamu memasak anak kambing dengan air susu induknya.","Jangan kaumakan bangkai apa pun karena engkau adalah umat yang suci bagi ALLAH, Tuhanmu. Namun, engkau boleh memberikannya kepada pendatang yang ada di kotamu untuk dimakan olehnya, atau menjualnya kepada bangsa asing. Jangan merebus anak kambing dalam air susu induknya.",
Ulangan,14,22,Ulangan 14:22,«تَعْشِيرًا تُعَشِّرُ كُلَّ مَحْصُولِ زَرْعِكَ ٱلَّذِي يَخْرُجُ مِنَ ٱلْحَقْلِ سَنَةً بِسَنَةٍ.,Kamu harus mempersembahkan sepersepuluh dari semua hasil panen ladangmu setiap tahunnya.,"Engkau harus mempersembahkan sepersepuluh dari segala hasil benih yang tumbuh di ladangmu, tahun demi tahun.",
Ulangan,14,23,Ulangan 14:23,وَتَأْكُلُ أَمَامَ ٱلرَّبِّ إِلَهِكَ، فِي ٱلْمَكَانِ ٱلَّذِي يَخْتَارُهُ لِيُحِلَّ ٱسْمَهُ فِيهِ، عُشْرَ حِنْطَتِكَ وَخَمْرِكَ وَزَيْتِكَ، وَأَبْكَارِ بَقَرِكَ وَغَنَمِكَ، لِكَيْ تَتَعَلَّمَ أَنْ تَتَّقِيَ ٱلرَّبَّ إِلَهَكَ كُلَّ ٱلْأَيَّامِ.,"Di depan TUHAN, Allahmu, di tempat yang telah dipilih-Nya untuk menegakkan nama-Nya, kamu boleh makan sepersepuluh dari gandummu, anggurmu, minyakmu dan anak-anak sulung dari kawanan sapimu atau dombamu. Supaya kamu takut akan TUHAN, Allahmu.","Makanlah persembahan sepersepuluh dari gandummu, anggurmu, minyakmu, dan anak-anak sulung dari kawanan sapimu atau kawanan kambing dombamu di hadirat ALLAH, Tuhanmu, yaitu di tempat yang akan dipilih-Nya sebagai tempat untuk menegakkan nama-Nya. Dengan demikian, engkau belajar untuk senantiasa bertakwa kepada ALLAH, Tuhanmu.",
Ulangan,14,24,Ulangan 14:24,وَلَكِنْ إِذَا طَالَ عَلَيْكَ ٱلطَّرِيقُ حَتَّى لَا تَقْدِرَ أَنْ تَحْمِلَهُ. إِذَا كَانَ بَعِيدًا عَلَيْكَ ٱلْمَكَانُ ٱلَّذِي يَخْتَارُهُ ٱلرَّبُّ إِلَهُكَ لِيَجْعَلَ ٱسْمَهُ فِيهِ، إِذْ يُبَارِكُكَ ٱلرَّبُّ إِلَهُكَ،,"Jika jarak itu terlalu jauh bagimu sehingga tidak dapat membawa persepuluhan ke tempat yang dipilih oleh TUHAN, Allahmu, untuk menegakkan nama-Nya. Ketika TUHAN, Allahmu, akan memberkatimu,","Akan tetapi, jika perjalanannya terlalu panjang bagimu karena tempat yang akan dipilih ALLAH, Tuhanmu, untuk menegakkan nama-Nya itu terlalu jauh darimu, padahal ALLAH, Tuhanmu, telah memberkahi engkau sedemikian sehingga engkau tidak dapat mengangkut persembahan sepersepuluhmu,",
Ulangan,14,25,Ulangan 14:25,فَبِعْهُ بِفِضَّةٍ، وَصُرَّ ٱلْفِضَّةَ فِي يَدِكَ وَٱذْهَبْ إِلَى ٱلْمَكَانِ ٱلَّذِي يَخْتَارُهُ ٱلرَّبُّ إِلَهُكَ،,"kamu harus menjual panenmu itu dan bawalah uang itu ke tempat yang telah TUHAN, Allahmu, pilih.","maka engkau harus menukarnya dengan uang. Bungkuslah uang itu dan bawalah ke tempat yang akan dipilih ALLAH, Tuhanmu.",
Ulangan,14,26,Ulangan 14:26,وَأَنْفِقِ ٱلْفِضَّةَ فِي كُلِّ مَا تَشْتَهِي نَفْسُكَ فِي ٱلْبَقَرِ وَٱلْغَنَمِ وَٱلْخَمْرِ وَٱلْمُسْكِرِ وَكُلِّ مَا تَطْلُبُ مِنْكَ نَفْسُكَ، وَكُلْ هُنَاكَ أَمَامَ ٱلرَّبِّ إِلَهِكَ وَٱفْرَحْ أَنْتَ وَبَيْتُكَ.,"Kamu bisa membelanjakan uang itu sesuai dengan kehendak hatimu seperti: sapi, domba, anggur, minuman keras, atau apa pun yang diingini hatimu. Dan, kamu harus memakannya dan bersukacita di hadapan TUHAN, Allahmu, di tempat itu, kamu dan seisi rumahmu.","Belanjakanlah uang itu untuk sesuatu yang disukai hatimu—sapi, kambing domba, anggur, minuman keras, atau apa pun yang diinginkan hatimu—lalu engkau bersama keluargamu harus makan dan bersukaria di sana, di hadirat ALLAH, Tuhanmu.",
Ulangan,14,27,Ulangan 14:27,وَٱللَّاوِيُّ ٱلَّذِي فِي أَبْوَابِكَ لَا تَتْرُكْهُ، لِأَنَّهُ لَيْسَ لَهُ قِسْمٌ وَلَا نَصِيبٌ مَعَكَ.,"Namun, janganlah lupakan orang Lewi yang tinggal di kotamu karena ia tidak mendapatkan bagian pusaka sepertimu.",Jangan abaikan orang Lewi yang ada di kotamu karena mereka tidak mendapat bagian atau milik pusaka seperti halnya kamu.,
Ulangan,14,28,Ulangan 14:28,«فِي آخِرِ ثَلَاثِ سِنِينَ تُخْرِجُ كُلَّ عُشْرِ مَحْصُولِكَ فِي تِلْكَ ٱلسَّنَةِ وَتَضَعُهُ فِي أَبْوَابِكَ.,"Pada akhir setiap tiga tahun, sepersepuluh dari hasil panen ladangmu tahun itu harus kamu kumpulkan. Simpanlah makanan itu di kotamu.","Pada akhir setiap tiga tahun, keluarkanlah segala persembahan sepersepuluh dari penghasilanmu dalam tahun itu dan tempatkanlah di kotamu",
Ulangan,14,29,Ulangan 14:29,فَيَأْتِي ٱللَّاوِيُّ، لِأَنَّهُ لَيْسَ لَهُ قِسْمٌ وَلَا نَصِيبٌ مَعَكَ، وَٱلْغَرِيبُ وَٱلْيَتِيمُ وَٱلْأَرْمَلَةُ ٱلَّذِينَ فِي أَبْوَابِكَ، وَيَأْكُلُونَ وَيَشْبَعُونَ، لِكَيْ يُبَارِكَكَ ٱلرَّبُّ إِلَهُكَ فِي كُلِّ عَمَلِ يَدِكَ ٱلَّذِي تَعْمَلُ.,"Dan, orang Lewi yang tidak mendapat bagian tanah pusaka di antaramu, begitu juga orang asing, para janda, dan yatim piatu yang tinggal di kotamu akan datang dan makan kenyang. Dengan demikian, TUHAN, Allahmu, akan selalu memberkati segala pekerjaan tanganmu.","supaya orang Lewi, yang tidak mendapat bagian atau milik pusaka seperti halnya engkau, demikian pula pendatang, anak yatim, dan janda yang ada di kotamu dapat datang dan makan sampai kenyang. Dengan demikian, ALLAH, Tuhanmu, akan memberkahi segala pekerjaan yang dilakukan tanganmu.",
Ulangan,15,1,Ulangan 15:1,«فِي آخِرِ سَبْعِ سِنِينَ تَعْمَلُ إِبْرَاءً.,"Pada akhir setiap tujuh tahun, kamu harus menghapuskan utang.",Pada akhir setiap tujuh tahun adakanlah pembebasan utang.,
Ulangan,15,2,Ulangan 15:2,وَهَذَا هُوَ حُكْمُ ٱلْإِبْرَاءِ: يُبْرِئُ كُلُّ صَاحِبِ دَيْنٍ يَدَهُ مِمَّا أَقْرَضَ صَاحِبَهُ. لَا يُطَالِبُ صَاحِبَهُ وَلَا أَخَاهُ، لِأَنَّهُ قَدْ نُودِيَ بِإِبْرَاءٍ لِلرَّبِّ.,"Beginilah cara melakukannya: Setiap orang yang telah meminjamkan uang kepada orang lain harus menghapuskan utang itu. Jangan mengharuskan sesamanya melunasi utangnya, karena TUHAN berfirman untuk menghapuskan utang dalam tahun itu.",Beginilah cara pembebasan utang itu: Setiap orang yang berpiutang harus melepaskan apa dipinjamkannya kepada sesamanya. Ia tidak boleh menagih dari sesamanya atau pun saudaranya sebab pembebasan utang karena ALLAH telah dimaklumkan.,
Ulangan,15,3,Ulangan 15:3,ٱلْأَجْنَبِيَّ تُطَالِبُ، وَأَمَّا مَا كَانَ لَكَ عِنْدَ أَخِيكَ فَتُبْرِئُهُ يَدُكَ مِنْهُ.,"Kamu boleh meminta orang asing untuk melunasi utangnya kepadamu, tetapi kau harus menghapus utang terhadap sesama bangsamu.","Engkau boleh menagih dari orang asing, tetapi apa pun milikmu yang ada pada saudaramu harus kaulepaskan.",
Ulangan,15,4,Ulangan 15:4,إِلَّا إِنْ لَمْ يَكُنْ فِيكَ فَقِيرٌ. لِأَنَّ ٱلرَّبَّ إِنَّمَا يُبَارِكُكَ فِي ٱلْأَرْضِ ٱلَّتِي يُعْطِيكَ ٱلرَّبُّ إِلَهُكَ نَصِيبًا لِتَمْتَلِكَهَا.,"Seharusnya, tidak ada lagi orang miskin di negerimu, karena TUHAN, Allahmu, memberkatimu di tanah yang telah diberikan oleh TUHAN, Allahmu kepadamu untuk menjadi milik pusakamu.","Meskipun begitu, tidak akan ada orang miskin di antaramu karena ALLAH pasti memberkahi engkau di negeri yang dikaruniakan ALLAH, Tuhanmu, kepadamu sebagai milik pusaka untuk kaududuki,",
Ulangan,15,5,Ulangan 15:5,إِذَا سَمِعْتَ صَوْتَ ٱلرَّبِّ إِلَهِكَ لِتَحْفَظَ وَتَعْمَلَ كُلَّ هَذِهِ ٱلْوَصَايَا ٱلَّتِي أَنَا أُوصِيكَ ٱلْيَوْمَ،,"Jika kamu sungguh-sungguh mendengarkan suara TUHAN, Allahmu, dan melakukan dengan setia seluruh perintah yang kusampaikan kepadamu hari ini.","asal engkau sungguh-sungguh mematuhi ALLAH, Tuhanmu, dan melakukan dengan setia segala perintah yang kusampaikan kepadamu pada hari ini.",
Ulangan,15,6,Ulangan 15:6,يُبَارِكُكَ ٱلرَّبُّ إِلَهُكَ كَمَا قَالَ لَكَ. فَتُقْرِضُ أُمَمًا كَثِيرَةً وَأَنْتَ لَا تَقْتَرِضُ، وَتَتَسَلَّطُ عَلَى أُمَمٍ كَثِيرَةٍ وَهُمْ عَلَيْكَ لَا يَتَسَلَّطُونَ.,"Karena TUHAN, Allahmu, akan memberkatimu seperti yang telah dijanjikan-Nya. Dan, kamu akan memberi pinjaman kepada banyak bangsa, tetapi kamu tidak meminjam. Kamu akan memerintah banyak bangsa, tetapi tidak ada dari bangsa-bangsa ini yang akan memerintahmu.","ALLAH, Tuhanmu, akan memberkahi engkau seperti yang dijanjikan-Nya kepadamu, dan engkau akan memberi pinjaman kepada banyak bangsa, tetapi engkau sendiri tidak akan meminjam. Engkau akan menguasai banyak bangsa, tetapi mereka tidak akan menguasai engkau.",
Ulangan,15,7,Ulangan 15:7,«إِنْ كَانَ فِيكَ فَقِيرٌ، أَحَدٌ مِنْ إِخْوَتِكَ فِي أَحَدِ أَبْوَابِكَ فِي أَرْضِكَ ٱلَّتِي يُعْطِيكَ ٱلرَّبُّ إِلَهُكَ، فَلَا تُقَسِّ قَلْبَكَ، وَلَا تَقْبِضْ يَدَكَ عَنْ أَخِيكَ ٱلْفَقِيرِ،,"Jika di antara kamu ada orang miskin, yaitu salah seorang saudaramu yang tinggal di kota mana pun di negeri yang diberikan TUHAN, Allahmu, jangan keraskan hatimu dan jangan tutup tanganmu terhadap saudaramu yang miskin itu.","Apabila di antaramu ada orang miskin, yaitu salah seorang saudaramu di kota mana pun di negeri yang dikaruniakan ALLAH, Tuhanmu, kepadamu, maka jangan keraskan hatimu dan jangan tutup tanganmu terhadap saudaramu yang miskin itu.",
Ulangan,15,8,Ulangan 15:8,بَلِ ٱفْتَحْ يَدَكَ لَهُ وَأَقْرِضْهُ مِقْدَارَ مَا يَحْتَاجُ إِلَيْهِ.,"Sebaliknya, kamu harus membuka tanganmu baginya dan meminjamkan kepada mereka yang memerlukan dengan murah hati.","Sebaliknya, bukalah tanganmu lebar-lebar baginya dan berilah pinjaman dengan murah hati kepadanya untuk mencukupi kekurangan yang diperlukannya.",
Ulangan,15,9,Ulangan 15:9,ٱحْتَرِزْ مِنْ أَنْ يَكُونَ مَعَ قَلْبِكَ كَلَامٌ لَئِيمٌ قَائِلًا: قَدْ قَرُبَتِ ٱلسَّنَةُ ٱلسَّابِعَةُ، سَنَةُ ٱلْإِبْرَاءِ، وَتَسُوءُ عَيْنُكَ بِأَخِيكَ ٱلْفَقِيرِ وَلَا تُعْطِيهِ، فَيَصْرُخَ عَلَيْكَ إِلَى ٱلرَّبِّ فَتَكُونُ عَلَيْكَ خَطِيَّةٌ.,"Jagalah hatimu supaya jangan muncul dalam hatimu pikiran jahat, “Tahun ketujuh, tahun pembebasan sudah dekat”, dan kamu memusuhi saudaramu yang miskin itu. Kamu tidak memberikan sesuatu kepadanya. Kemudian, dia berseru kepada TUHAN tentang kamu, maka hal itu menjadi dosa bagimu.","Hati-hati, jangan sampai tersimpan pikiran bejat seperti ini dalam hatimu, ‘Hampir tiba tahun ketujuh, yaitu tahun pembebasan utang,’ lalu engkau memandang saudaramu yang miskin itu dengan mata yang jahat dan tidak memberikan apa-apa kepadanya. Ia akan berseru kepada ALLAH mengenai engkau, dan engkau akan menjadi berdosa.",
Ulangan,15,10,Ulangan 15:10,أَعْطِهِ وَلَا يَسُوءْ قَلْبُكَ عِنْدَمَا تُعْطِيهِ، لِأَنَّهُ بِسَبَبِ هَذَا ٱلْأَمْرِ يُبَارِكُكَ ٱلرَّبُّ إِلَهُكَ فِي كُلِّ أَعْمَالِكَ وَجَمِيعِ مَا تَمْتَدُّ إِلَيْهِ يَدُكَ.,"Kamu harus memberikan kepadanya dengan sukarela. TUHAN, Allahmu, akan memberkatimu karena melakukan hal yang baik ini dan dalam segala sesuatu yang kamu lakukan.","Berilah dengan murah hati. Jangan susah hatimu ketika engkau memberi kepadanya. Maka, karena hal itu ALLAH, Tuhanmu, akan memberkahi segala pekerjaanmu dan segala usahamu.",
Ulangan,15,11,Ulangan 15:11,لِأَنَّهُ لَا تُفْقَدُ ٱلْفُقَرَاءُ مِنَ ٱلْأَرْضِ. لِذَلِكَ أَنَا أُوصِيكَ قَائِلًا: ٱفْتَحْ يَدَكَ لِأَخِيكَ ٱلْمِسْكِينِ وَٱلْفَقِيرِ فِي أَرْضِكَ.,"Orang miskin akan selalu ada di negerimu. Oleh sebab itu, aku memerintahkan kepadamu supaya kamu membantu orang miskin dan yang memerlukan pertolongan di negerimu.","Orang miskin memang tidak akan pernah habis di negeri itu. Sebab itu, aku memerintahkan kepadamu supaya kamu membuka tanganmu lebar-lebar bagi saudaramu, yaitu bagi orang yang tertindas dan yang miskin di negerimu.",
Ulangan,15,12,Ulangan 15:12,«إِذَا بِيعَ لَكَ أَخُوكَ ٱلْعِبْرَانِيُّ أَوْ أُخْتُكَ ٱلْعِبْرَانِيَّةُ وَخَدَمَكَ سِتَّ سِنِينَ، فَفِي ٱلسَّنَةِ ٱلسَّابِعَةِ تُطْلِقُهُ حُرًّا مِنْ عِنْدِكَ.,"Jika saudaramu, baik laki-laki maupun perempuan Ibrani, dijual kepadamu dan melayanimu selama enam tahun, kamu harus membebaskannya sebagai orang merdeka pada tahun ketujuh.","Jika saudaramu, seorang laki-laki atau seorang perempuan Ibrani, dijual kepadamu dan menghambakan diri kepadamu enam tahun lamanya, maka pada tahun ketujuh engkau harus melepasnya pergi sebagai orang merdeka.",
Ulangan,15,13,Ulangan 15:13,وَحِينَ تُطْلِقُهُ حُرًّا مِنْ عِنْدِكَ لَا تُطْلِقُهُ فَارِغًا.,"Ketika kamu membebaskan dia pergi, janganlah kamu membiarkannya pergi dengan tangan hampa.","Apabila engkau melepasnya pergi sebagai orang merdeka, jangan kaulepas kepergiannya dengan tangan hampa.",
Ulangan,15,14,Ulangan 15:14,تُزَوِّدُهُ مِنْ غَنَمِكَ وَمِنْ بَيْدَرِكَ وَمِنْ مَعْصَرَتِكَ. كَمَا بَارَكَكَ ٱلرَّبُّ إِلَهُكَ تُعْطِيهِ.,"Kamu harus memberikan kepadanya beberapa dari ternakmu, gandum, dan anggurmu sesuai dengan berkat dari TUHAN, Allahmu, yang telah memberkatimu.","Dengan murah hati bekalilah dia dari kawanan kambing dombamu, dari tempat pengirikanmu, dan dari tempat pemerasan anggurmu. Engkau harus memberi kepadanya sesuai dengan berkah yang dikaruniakan ALLAH, Tuhanmu, kepadamu.",
Ulangan,15,15,Ulangan 15:15,وَٱذْكُرْ أَنَّكَ كُنْتَ عَبْدًا فِي أَرْضِ مِصْرَ، فَفَدَاكَ ٱلرَّبُّ إِلَهُكَ. لِذَلِكَ أَنَا أُوصِيكَ بِهَذَا ٱلْأَمْرِ ٱلْيَوْمَ.,"Ingatlah bahwa kamu pernah menjadi budak di Mesir dan TUHAN, Allahmu, telah menebusmu. Oleh sebab itu, aku memberikan perintah ini kepadamu hari ini.","Ingatlah bahwa engkau pun dahulu hamba di Tanah Mesir, lalu ALLAH, Tuhanmu, menebusmu. Itulah sebabnya, aku memerintahkan hal itu kepadamu pada hari ini.",
Ulangan,15,16,Ulangan 15:16,وَلَكِنْ إِذَا قَالَ لَكَ: لَا أَخْرُجُ مِنْ عِنْدِكَ. لِأَنَّهُ قَدْ أَحَبَّكَ وَبَيْتَكَ، إِذْ كَانَ لَهُ خَيْرٌ عِنْدَكَ،,"Namun, apabila dia berkata kepadamu, “Aku tidak mau meninggalkanmu,” karena dia mengasihimu dan keluargamu serta hidupnya sangat baik saat bersamamu,","Akan tetapi, jika orang itu berkata kepadamu, ‘Aku tidak mau pergi dari Tuan,’ sebab ia mengasihi engkau dan keluargamu, karena baik keadaannya selama ia bersamamu,",
Ulangan,15,17,Ulangan 15:17,فَخُذِ ٱلْمِخْرَزَ وَٱجْعَلْهُ فِي أُذُنِهِ وَفِي ٱلْبَابِ، فَيَكُونَ لَكَ عَبْدًا مُؤَبَّدًا. وَهَكَذَا تَفْعَلُ لِأَمَتِكَ أَيْضًا.,ambillah sebuah jarum penusuk dan tindiklah budakmu pada pintu sehingga dia menjadi budakmu untuk selamanya. Kamu harus melakukan hal yang sama pada budak perempuanmu.,"maka ambillah penindik, lalu tindiklah telinganya pada pintu. Dengan demikian, ia akan menjadi hambamu untuk seterusnya. Perbuatlah demikian juga terhadap hambamu yang perempuan.",
Ulangan,15,18,Ulangan 15:18,لَا يَصْعُبْ عَلَيْكَ أَنْ تُطْلِقَهُ حُرًّا مِنْ عِنْدِكَ، لِأَنَّهُ ضِعْفَيْ أُجْرَةِ ٱلْأَجِيرِ خَدَمَكَ سِتَّ سِنِينَ. فَيُبَارِكُكَ ٱلرَّبُّ إِلَهُكَ فِي كُلِّ مَا تَعْمَلُ.,"Jangan berat membebaskan budakmu. Ingatlah, dia sudah melayanimu selama enam tahun dengan upah hanya setengah bayaran seorang buruh. TUHAN, Allahmu, akan memberkatimu dalam segala sesuatu yang kamu lakukan.","Jangan merasa berat ketika kamu melepas kepergiannya sebagai orang merdeka karena ia telah bekerja padamu selama enam tahun senilai dua kali upah seorang upahan. Dengan demikian, ALLAH, Tuhanmu, akan memberkahi engkau dalam segala sesuatu yang kaulakukan.",
Ulangan,15,19,Ulangan 15:19,«كُلُّ بِكْرٍ ذَكَرٍ يُولَدُ مِنْ بَقَرِكَ وَمِنْ غَنَمِكَ تُقَدِّسُهُ لِلرَّبِّ إِلَهِكَ. لَا تَشْتَغِلْ عَلَى بِكْرِ بَقَرِكَ وَلَا تَجُزَّ بِكْرَ غَنَمِكَ.,Semua anak sulung ternak jantan dari sapi dan dombamu adalah kudus untuk TUHAN. Jangan pakai anak sulung sapimu untuk pekerjaanmu dan jangan gunting bulu dari anak sulung dombamu.,"Semua anak sulung jantan yang lahir di antara kawanan sapi dan kawanan kambing dombamu harus kaukhususkan bagi ALLAH, Tuhanmu. Jangan pekerjakan anak sulung sapimu dan jangan gunting bulu anak sulung dombamu.",
Ulangan,15,20,Ulangan 15:20,أَمَامَ ٱلرَّبِّ إِلَهِكَ تَأْكُلُهُ سَنَةً بِسَنَةٍ، فِي ٱلْمَكَانِ ٱلَّذِي يَخْتَارُهُ ٱلرَّبُّ، أَنْتَ وَبَيْتُكَ.,"Setiap tahun, kamu dan keluargamu akan memakannya di hadapan TUHAN, di tempat yang telah dipilih oleh TUHAN, Allahmu.","Tahun demi tahun engkau dan keluargamu harus memakannya di hadirat ALLAH, Tuhanmu, di tempat yang akan dipilih oleh ALLAH.",
Ulangan,15,21,Ulangan 15:21,وَلَكِنْ إِذَا كَانَ فِيهِ عَيْبٌ، عَرَجٌ أَوْ عَمًى، عَيْبٌ مَّا رَدِيءٌ، فَلَا تَذْبَحْهُ لِلرَّبِّ إِلَهِكَ.,"Namun jika terdapat cacat pada ternak itu, lumpuh atau buta atau cacat lainnya, janganlah mempersembahkan binatang itu kepada TUHAN, Allahmu.","Akan tetapi, jika hewan itu memiliki cacat seperti timpang, buta, atau apa pun yang buruk, maka janganlah kaupersembahkan hewan itu kepada ALLAH, Tuhanmu.",
Ulangan,15,22,Ulangan 15:22,فِي أَبْوَابِكَ تَأْكُلُهُ. ٱلنَّجِسُ وَٱلطَّاهِرُ سَوَاءً كَٱلظَّبْيِ وَٱلْأُيَّلِ.,Kamu boleh memakannya di kotamu. Orang yang bersih dan orang najis dapat memakannya sama seperti peraturan tentang kijang dan rusa.,Makanlah dagingnya di kotamu. Baik orang najis maupun orang suci sama-sama boleh memakannya seperti memakan daging kijang atau daging rusa.,
Ulangan,15,23,Ulangan 15:23,وَأَمَّا دَمُهُ فَلَا تَأْكُلُهُ. عَلَى ٱلْأَرْضِ تَسْفِكُهُ كَٱلْمَاءِ.,"Janganlah memakan darahnya, haruslah kamu menuangkannya ke atas tanah seperti air.","Hanya, jangan kaumakan darahnya. Tumpahkanlah darah itu ke tanah seperti air.",
Ulangan,16,1,Ulangan 16:1,«اِحْفَظْ شَهْرَ أَبِيبَ وَٱعْمَلْ فِصْحًا لِلرَّبِّ إِلَهِكَ، لِأَنَّهُ فِي شَهْرِ أَبِيبَ أَخْرَجَكَ ٱلرَّبُّ إِلَهُكَ مِنْ مِصْرَ لَيْلًا.,"Ingatlah, pada bulan Abib kamu harus merayakan Pesakh untuk TUHAN, Allahmu. Sebab, pada bulan Abib itulah TUHAN, Allahmu, membawamu keluar dari Mesir pada waktu malam.","Ingatlah bulan Abib dan rayakanlah Paskah bagi ALLAH, Tuhanmu, karena pada bulan Abib itulah ALLAH, Tuhanmu, membawa kamu keluar dari Mesir pada malam hari.",
Ulangan,16,2,Ulangan 16:2,فَتَذْبَحُ ٱلْفِصْحَ لِلرَّبِّ إِلَهِكَ غَنَمًا وَبَقَرًا فِي ٱلْمَكَانِ ٱلَّذِي يَخْتَارُهُ ٱلرَّبُّ لِيُحِلَّ ٱسْمَهُ فِيهِ.,"Kamu harus memberikan kurban Pesakh untuk TUHAN, Allahmu, dari kawanan domba dan kawanan sapi, di tempat TUHAN memilih untuk menegakkan nama-Nya.","Sembelihlah kurban Paskah dari kawanan kambing domba atau kawanan sapi untuk dipersembahkan kepada ALLAH, Tuhanmu, di tempat yang akan dipilih ALLAH sebagai tempat untuk menegakkan nama-Nya.",
Ulangan,16,3,Ulangan 16:3,لَا تَأْكُلْ عَلَيْهِ خَمِيرًا. سَبْعَةَ أَيَّامٍ تَأْكُلُ عَلَيْهِ فَطِيرًا، خُبْزَ ٱلْمَشَقَّةِ، لِأَنَّكَ بِعَجَلَةٍ خَرَجْتَ مِنْ أَرْضِ مِصْرَ، لِكَيْ تَذْكُرَ يَوْمَ خُرُوجِكَ مِنْ أَرْضِ مِصْرَ كُلَّ أَيَّامِ حَيَاتِكَ.,"Janganlah kamu makan sesuatu yang beragi bersamanya. Kamu harus makan roti yang tidak beragi selama tujuh hari, yaitu roti penderitaan, karena kamu keluar dari negeri Mesir dengan tergesa-gesa, supaya selama hidupmu kamu mengingat hari ketika kamu keluar dari tanah Mesir.","Jangan makan kurban itu dengan roti yang beragi. Tujuh hari lamanya kamu harus memakannya dengan roti yang tak beragi, yaitu roti kesusahan, karena dengan terburu-buru engkau keluar dari Tanah Mesir. Dengan demikian, engkau akan mengingat hari engkau keluar dari Tanah Mesir itu seumur hidupmu.",
Ulangan,16,4,Ulangan 16:4,وَلَا يُرَ عِنْدَكَ خَمِيرٌ فِي جَمِيعِ تُخُومِكَ سَبْعَةَ أَيَّامٍ، وَلَا يَبِتْ شَيْءٌ مِنَ ٱللَّحْمِ ٱلَّذِي تَذْبَحُ مَسَاءً فِي ٱلْيَوْمِ ٱلْأَوَّلِ إِلَى ٱلْغَدِ.,"Selama tujuh hari, tidak boleh terlihat ada ragi di seluruh daerahmu. Dan janganlah sisakan daging yang kamu persembahkan pada sore hari di hari pertama hingga pagi hari.","Tujuh hari lamanya tidak boleh terlihat ada ragi di seluruh daerahmu. Selain itu, dari daging yang kausembelih pada petang hari di hari pertama jangan ada yang tertinggal sampai pagi hari.",
Ulangan,16,5,Ulangan 16:5,لَا يَحِلُّ لَكَ أَنْ تَذْبَحَ ٱلْفِصْحَ فِي أَحَدِ أَبْوَابِكَ ٱلَّتِي يُعْطِيكَ ٱلرَّبُّ إِلَهُكَ،,"Janganlah kamu mempersembahkan kurban Pesakh di salah satu kota yang diberikan TUHAN kepadamu,","Engkau tidak boleh mempersembahkan kurban Paskah di salah satu kotamu yang dikaruniakan ALLAH, Tuhanmu, kepadamu,",
Ulangan,16,6,Ulangan 16:6,بَلْ فِي ٱلْمَكَانِ ٱلَّذِي يَخْتَارُهُ ٱلرَّبُّ إِلَهُكَ لِيُحِلَّ ٱسْمَهُ فِيهِ. هُنَاكَ تَذْبَحُ ٱلْفِصْحَ مَسَاءً نَحْوَ غُرُوبِ ٱلشَّمْسِ فِي مِيعَادِ خُرُوجِكَ مِنْ مِصْرَ،,"melainkan di tempat yang telah TUHAN, Allahmu pilih untuk menegakkan nama-Nya di sana. Persembahkanlah kurban Pesakh pada waktu sore saat matahari terbenam, sama seperti kamu dahulu keluar dari Mesir.","melainkan harus di tempat yang akan dipilih ALLAH, Tuhanmu, sebagai tempat untuk menegakkan nama-Nya. Di sanalah engkau harus mempersembahkan kurban Paskah pada waktu magrib, ketika matahari terbenam, bertepatan dengan waktu ketika engkau keluar dari Mesir.",
Ulangan,16,7,Ulangan 16:7,وَتَطْبُخُ وَتَأْكُلُ فِي ٱلْمَكَانِ ٱلَّذِي يَخْتَارُهُ ٱلرَّبُّ إِلَهُكَ، ثُمَّ تَنْصَرِفُ فِي ٱلْغَدِ وَتَذْهَبُ إِلَى خِيَامِكَ.,"Kamu harus memasak daging dan memakannya di tempat yang dipilih TUHAN. Pada pagi harinya, kamu boleh pulang ke tendamu.","Masaklah kurban itu dan makanlah di tempat yang akan dipilih ALLAH, Tuhanmu. Kemudian, esok paginya kembalilah ke kemahmu.",
Ulangan,16,8,Ulangan 16:8,سِتَّةَ أَيَّامٍ تَأْكُلُ فَطِيرًا، وَفِي ٱلْيَوْمِ ٱلسَّابِعِ ٱعْتِكَافٌ لِلرَّبِّ إِلَهِكَ. لَا تَعْمَلْ فِيهِ عَمَلًا.,"Selama enam hari, kamu harus makan roti yang tidak beragi. Pada hari ketujuh, adakanlah pertemuan yang khidmat untuk TUHAN, Allahmu. Jangan lakukan pekerjaan apa pun.","Makanlah roti yang tak beragi enam hari lamanya, dan pada hari ketujuh adakanlah perkumpulan raya bagi ALLAH, Tuhanmu. Jangan lakukan suatu pekerjaan pun.",
Ulangan,16,9,Ulangan 16:9,«سَبْعَةَ أَسَابِيعَ تَحْسُبُ لَكَ. مِنِ ٱبْتِدَاءِ ٱلْمِنْجَلِ فِي ٱلزَّرْعِ، تَبْتَدِئُ أَنْ تَحْسُبَ سَبْعَةَ أَسَابِيعَ.,Kamu harus menghitung tujuh minggu. Mulailah menghitung tujuh minggu sejak dimulainya penyabitan gandum yang belum dituai.,Hitunglah tujuh pekan. Penghitungan tujuh pekan harus dimulai sejak diawalinya penyabitan gandum yang belum dipotong.,
Ulangan,16,10,Ulangan 16:10,وَتَعْمَلُ عِيدَ أَسَابِيعَ لِلرَّبِّ إِلَهِكَ عَلَى قَدْرِ مَا تَسْمَحُ يَدُكَ أَنْ تُعْطِيَ، كَمَا يُبَارِكُكَ ٱلرَّبُّ إِلَهُكَ.,"Dan, rayakanlah hari raya Tujuh Minggu bagi TUHAN, Allahmu dengan membawa persembahanmu sesuai dengan yang TUHAN, Allahmu berikan kepadamu.","Kemudian, rayakanlah Hari Raya Tujuh Pekan bagi ALLAH, Tuhanmu, dengan mempersembahkan kurban sukarela yang harus kauberikan sesuai dengan berkah yang dikaruniakan kepadamu oleh ALLAH, Tuhanmu.",
Ulangan,16,11,Ulangan 16:11,وَتَفْرَحُ أَمَامَ ٱلرَّبِّ إِلَهِكَ أَنْتَ وَٱبْنُكَ وَٱبْنَتُكَ وَعَبْدُكَ وَأَمَتُكَ وَٱللَّاوِيُّ ٱلَّذِي فِي أَبْوَابِكَ، وَٱلْغَرِيبُ وَٱلْيَتِيمُ وَٱلْأَرْمَلَةُ ٱلَّذِينَ فِي وَسَطِكَ فِي ٱلْمَكَانِ ٱلَّذِي يَخْتَارُهُ ٱلرَّبُّ إِلَهُكَ لِيُحِلَّ ٱسْمَهُ فِيهِ.,"Bersukacitalah di hadapan TUHAN, Allahmu. Kamu beserta anakmu laki-laki dan anakmu perempuan, hambamu laki-laki dan hambamu perempuan, dan orang Lewi yang tinggal di kotamu, dan orang asing, dan anak yatim, dan janda, di tempat yang telah dipilih oleh TUHAN, Allahmu untuk menegakkan nama-Nya.","Bersukarialah di hadirat ALLAH, Tuhanmu, di tempat yang akan dipilih ALLAH, Tuhanmu, sebagai tempat untuk menegakkan nama-Nya, baik engkau, anak lelakimu, anak perempuanmu, hambamu yang laki-laki, hambamu yang perempuan, orang Lewi yang ada di kotamu, pendatang, anak yatim, maupun janda yang ada di antaramu.",
Ulangan,16,12,Ulangan 16:12,وَتَذْكُرُ أَنَّكَ كُنْتَ عَبْدًا فِي مِصْرَ وَتَحْفَظُ، وَتَعْمَلُ هَذِهِ ٱلْفَرَائِضَ.,"Ingatlah, kamu dahulu adalah budak di Mesir. Taatilah dan lakukanlah ketetapan-ketetapan ini.",Ingatlah bahwa engkau pun dahulu hamba di Mesir. Peganglah teguh dan lakukanlah ketetapan-ketetapan ini.,
Ulangan,16,13,Ulangan 16:13,«تَعْمَلُ لِنَفْسِكَ عِيدَ ٱلْمَظَالِّ سَبْعَةَ أَيَّامٍ عِنْدَمَا تَجْمَعُ مِنْ بَيْدَرِكَ وَمِنْ مِعْصَرَتِكَ.,Rayakanlah hari raya Pondok Daun selama tujuh hari sesudah kamu mengumpulkan hasil pengirikan gandum dan pemerasan anggurmu.,Hari Raya Pondok Daun harus kaurayakan tujuh hari lamanya setelah engkau mengumpulkan hasil tempat pengirikanmu dan tempat pemerasan anggurmu.,
Ulangan,16,14,Ulangan 16:14,وَتَفْرَحُ فِي عِيدِكَ أَنْتَ وَٱبْنُكَ وَٱبْنَتُكَ وَعَبْدُكَ وَأَمَتُكَ وَاللَّاوِيُّ وَٱلْغَرِيبُ وَٱلْيَتِيمُ وَٱلْأَرْمَلَةُ ٱلَّذِينَ فِي أَبْوَابِكَ.,"Bersukacitalah pada hari rayamu, kamu dan anakmu laki-laki dan anakmu perempuan dan hambamu laki-laki dan perempuan dan orang Lewi dan orang asing dan anak yatim dan para janda yang tinggal di kotamu.","Pada hari rayamu itu bersukarialah engkau, anak lelakimu, anak perempuanmu, hambamu yang laki-laki, hambamu yang perempuan, orang Lewi, pendatang, anak yatim, serta janda yang ada di kotamu.",
Ulangan,16,15,Ulangan 16:15,سَبْعَةَ أَيَّامٍ تُعَيِّدُ لِلرَّبِّ إِلَهِكَ فِي ٱلْمَكَانِ ٱلَّذِي يَخْتَارُهُ ٱلرَّبُّ، لِأَنَّ ٱلرَّبَّ إِلَهَكَ يُبَارِكُكَ فِي كُلِّ مَحْصُولِكَ وَفِي كُلِّ عَمَلِ يَدَيْكَ، فَلَا تَكُونُ إِلَّا فَرِحًا.,"Rayakanlah hari raya ini bagi TUHAN, Allahmu, selama tujuh hari di tempat yang telah dipilih TUHAN karena TUHAN, Allahmu, telah memberkati semua hasil tanahmu dan segala pekerjaan tanganmu, sebab itu kamu bersukacitalah!","Tujuh hari lamanya engkau harus mengadakan perayaan bagi ALLAH, Tuhanmu, di tempat yang akan dipilih ALLAH karena ALLAH, Tuhanmu, akan memberkahi segala hasil tanahmu dan segala pekerjaan tanganmu. Jadi, hendaklah engkau sungguh-sungguh bersukaria.",
Ulangan,16,16,Ulangan 16:16,«ثَلَاثَ مَرَّاتٍ فِي ٱلسَّنَةِ يَحْضُرُ جَمِيعُ ذُكُورِكَ أَمَامَ ٱلرَّبِّ إِلَهِكَ فِي ٱلْمَكَانِ ٱلَّذِي يَخْتَارُهُ، فِي عِيدِ ٱلْفَطِيرِ وَعِيدِ ٱلْأَسَابِيعِ وَعِيدِ ٱلْمَظَالِّ. وَلَا يَحْضُرُوا أَمَامَ ٱلرَّبِّ فَارِغِينَ.,"Tiga kali dalam setahun semua lelaki harus hadir menghadap TUHAN, Allahmu, di tempat yang akan dipilih-Nya, pada hari raya Roti Tidak Beragi, hari raya Tujuh Minggu, dan hari raya Pondok Daun. Setiap orang yang datang untuk menemui TUHAN harus membawa persembahan.","Tiga kali setahun, yaitu pada Hari Raya Roti Tak Beragi, Hari Raya Tujuh Pekan, dan Hari Raya Pondok Daun, setiap laki-laki di antaramu harus menghadap hadirat ALLAH, Tuhanmu, di tempat yang akan dipilih-Nya. Jangan seorang pun menghadap hadirat ALLAH dengan tangan hampa.",
Ulangan,16,17,Ulangan 16:17,كُلُّ وَاحِدٍ حَسْبَمَا تُعْطِي يَدُهُ، كَبَرَكَةِ ٱلرَّبِّ إِلَهِكَ ٱلَّتِي أَعْطَاكَ.,"Setiap orang harus memberi sesuai dengan berkat yang TUHAN, Allahmu berikan kepadamu.","Masing-masing harus membawa persembahan menurut kemampuannya sesuai dengan berkah yang dikaruniakan ALLAH, Tuhanmu, kepadamu.",
Ulangan,16,18,Ulangan 16:18,«قُضَاةً وَعُرَفَاءَ تَجْعَلُ لَكَ فِي جَمِيعِ أَبْوَابِكَ ٱلَّتِي يُعْطِيكَ ٱلرَّبُّ إِلَهُكَ حَسَبَ أَسْبَاطِكَ، فَيَقْضُونَ لِلشَّعْبِ قَضَاءً عَادِلًا.,"Pilihlah hakim dan petugas di setiap kota yang diberikan TUHAN, Allahmu, kepadamu menurut suku-sukumu. Dan, mereka harus mengadili bangsa itu dengan hukum yang adil.","Tetapkanlah hakim-hakim dan petugas-petugas menurut suku-sukumu di segala kota yang dikaruniakan ALLAH, Tuhanmu, kepadamu. Mereka harus menghakimi bangsa itu dengan hukum yang adil.",
Ulangan,16,19,Ulangan 16:19,لَا تُحَرِّفِ ٱلْقَضَاءَ، وَلَا تَنْظُرْ إِلَى ٱلْوُجُوهِ، وَلَا تَأْخُذْ رَشْوَةً لِأَنَّ ٱلرَّشْوَةَ تُعْمِي أَعْيُنَ ٱلْحُكَمَاءِ وَتُعَوِّجُ كَلَامَ ٱلصِّدِّيقِينَ.,"Janganlah kamu memutar balikkan keadilan, janganlah memandang muka, dan janganlah menerima suap karena suap membutakan mata orang bijak dan memutarbalikkan kata-kata orang benar.","Jangan memutarbalikkan hukum, jangan memandang muka, dan jangan menerima suap karena suap membutakan mata orang bijak serta memutarbalikkan perkara orang benar.",
Ulangan,16,20,Ulangan 16:20,ٱلْعَدْلَ ٱلْعَدْلَ تَتَّبِعُ، لِكَيْ تَحْيَا وَتَمْتَلِكَ ٱلْأَرْضَ ٱلَّتِي يُعْطِيكَ ٱلرَّبُّ إِلَهُكَ.,"Kebenaran, dan kejarlah kebenaran saja! Maka kamu akan tinggal dan memiliki tanah yang TUHAN, Allahmu, berikan kepadamu.","Kejarlah keadilan semata-mata supaya engkau dapat hidup dan memiliki negeri yang dikaruniakan ALLAH, Tuhanmu, kepadamu.",
Ulangan,16,21,Ulangan 16:21,«لَا تَنْصِبْ لِنَفْسِكَ سَارِيَةً مِنْ شَجَرَةٍ مَّا بِجَانِبِ مَذْبَحِ ٱلرَّبِّ إِلَهِكَ ٱلَّذِي تَصْنَعُهُ لَكَ،,"Janganlah mendirikan kayu apa pun sebagai tiang berhala di samping mazbah TUHAN, Allahmu, yang akan kamu dirikan nanti.","Ketika engkau membuat bagimu mazbah atau tempat pembakaran kurban ALLAH, Tuhanmu, jangan tancapkan di sisinya suatu kayu sebagai lambang Dewi Asyera.",
Ulangan,16,22,Ulangan 16:22,وَلَا تُقِمْ لَكَ نَصْبًا. ٱلشَّيْءَ ٱلَّذِي يُبْغِضُهُ ٱلرَّبُّ إِلَهُكَ.,"Janganlah membangun tiang berhala yang dibenci oleh TUHAN, Allahmu.","Jangan dirikan suatu tiang berhala bagimu, yaitu hal yang dibenci oleh ALLAH, Tuhanmu.",
Ulangan,17,1,Ulangan 17:1,«لَا تَذْبَحْ لِلرَّبِّ إِلَهِكَ ثَوْرًا أَوْ شَاةً فِيهِ عَيْبٌ، شَيْءٌ مَّا رَدِيءٌ، لِأَنَّ ذَلِكَ رِجْسٌ لَدَى ٱلرَّبِّ إِلَهِكَ.,"Janganlah kamu mempersembahkan kepada TUHAN, Allahmu, sapi atau domba yang cacat atau yang buruk. Itu adalah kebencian terhadap TUHAN, Allahmu.","Jangan kaupersembahkan kepada ALLAH, Tuhanmu, sapi atau domba yang memiliki cacat atau sesuatu yang buruk, karena itu adalah hal keji bagi ALLAH, Tuhanmu.",
Ulangan,17,2,Ulangan 17:2,«إِذَا وُجِدَ فِي وَسَطِكَ فِي أَحَدِ أَبْوَابِكَ ٱلَّتِي يُعْطِيكَ ٱلرَّبُّ إِلَهُكَ رَجُلٌ أَوِ ٱمْرَأَةٌ يَفْعَلُ شَرًّا فِي عَيْنَيِ ٱلرَّبِّ إِلَهِكَ بِتَجَاوُزِ عَهْدِهِ،,"Jika di tengah-tengahmu atau di suatu tempat di kotamu yang telah diberikan oleh TUHAN, Allahmu, seorang laki-laki atau perempuan melakukan yang jahat di mata TUHAN, Allahmu, dengan melanggar perjanjian-Nya,","Seandainya di antaramu, di salah satu kota yang dikaruniakan ALLAH, Tuhanmu, kepadamu didapati seorang laki-laki atau perempuan yang melakukan apa yang jahat dalam pandangan ALLAH, Tuhanmu—ia melanggar perjanjian-Nya",
Ulangan,17,3,Ulangan 17:3,وَيَذْهَبُ وَيَعْبُدُ آلِهَةً أُخْرَى وَيَسْجُدُ لَهَا، أَوْ لِلشَّمْسِ أَوْ لِلْقَمَرِ أَوْ لِكُلٍّ مِنْ جُنْدِ ٱلسَّمَاءِ، ٱلشَّيْءَ ٱلَّذِي لَمْ أُوصِ بِهِ،,"dan pergi serta melayani ilah-ilah lain serta menyembahnya. Matahari, bulan, atau bintang-bintang yang tidak pernah kusuruh melakukan itu.","dengan pergi beribadah kepada ilah-ilah lain serta sujud menyembahnya atau menyembah matahari, bulan, atau segala benda langit yang Kularang—",
Ulangan,17,4,Ulangan 17:4,وَأُخْبِرْتَ وَسَمِعْتَ وَفَحَصْتَ جَيِّدًا وَإِذَا ٱلْأَمْرُ صَحِيحٌ أَكِيدٌ. قَدْ عُمِلَ ذَلِكَ ٱلرِّجْسُ فِي إِسْرَائِيلَ،,"Jika hal ini diceritakan kepadamu dan kamu telah mendengarnya, kamu harus menyelidikinya dengan baik. Jika terbukti bahwa hal keji itu memang dilakukan di Israel,","kemudian hal itu diberitahukan kepadamu atau terdengar olehmu, dan setelah engkau menyelidikinya dengan baik ternyata hal itu benar dan terbukti bahwa hal keji itu memang dilakukan di antara orang Israil,",
Ulangan,17,5,Ulangan 17:5,فَأَخْرِجْ ذَلِكَ ٱلرَّجُلَ أَوْ تِلْكَ ٱلْمَرْأَةَ، ٱلَّذِي فَعَلَ ذَلِكَ ٱلْأَمْرَ ٱلشِّرِّيرَ إِلَى أَبْوَابِكَ، ٱلرَّجُلَ أَوِ ٱلْمَرْأَةَ، وَٱرْجُمْهُ بِٱلْحِجَارَةِ حَتَّى يَمُوتَ.,haruslah kamu membawa laki-laki atau perempuan yang melakukan tindak kejahatan itu ke pintu gerbang dan rajamlah mereka dengan batu sampai mati.,maka laki-laki atau perempuan yang telah melakukan hal yang jahat itu harus kaubawa ke pintu gerbang dan harus kaurajam dengan batu sampai mati.,
Ulangan,17,6,Ulangan 17:6,عَلَى فَمِ شَاهِدَيْنِ أَوْ ثَلَاثَةِ شُهُودٍ يُقْتَلُ ٱلَّذِي يُقْتَلُ. لَا يُقْتَلْ عَلَى فَمِ شَاهِدٍ وَاحِدٍ.,"Atas pernyataan dua atau tiga saksi, dia haruslah dihukum mati, dia tidak boleh dihukum mati dengan hanya satu orang saksi.","Orang itu harus dihukum mati berdasarkan keterangan dua atau tiga orang saksi, sedangkan berdasarkan keterangan seorang saksi saja ia tidak boleh dihukum mati.",
Ulangan,17,7,Ulangan 17:7,أَيْدِي ٱلشُّهُودِ تَكُونُ عَلَيْهِ أَوَّلًا لِقَتْلِهِ، ثُمَّ أَيْدِي جَمِيعِ ٱلشَّعْبِ أَخِيرًا، فَتَنْزِعُ ٱلشَّرَّ مِنْ وَسَطِكَ.,"Tangan para saksi itulah yang harus pertama kali melempar batu untuk membunuhnya, disusul seluruh orang itu. Dengan demikian, kamu akan membuang kejahatan dari antaramu.","Tangan para saksilah yang pertama-tama harus bergerak untuk menghukumnya mati, kemudian barulah tangan seluruh umat. Demikianlah harus kausingkirkan yang jahat itu dari antaramu.",
Ulangan,17,8,Ulangan 17:8,«إِذَا عَسِرَ عَلَيْكَ أَمْرٌ فِي ٱلْقَضَاءِ بَيْنَ دَمٍ وَدَمٍ، أَوْ بَيْنَ دَعْوَى وَدَعْوَى، أَوْ بَيْنَ ضَرْبَةٍ وَضَرْبَةٍ مِنْ أُمُورِ ٱلْخُصُومَاتِ فِي أَبْوَابِكَ، فَقُمْ وَٱصْعَدْ إِلَى ٱلْمَكَانِ ٱلَّذِي يَخْتَارُهُ ٱلرَّبُّ إِلَهُكَ،,"Jika ada perkara yang terlalu sulit bagimu untuk diputuskan, misalnya bunuh-membunuh, tuntut-menuntut, luka-melukai, yang menjadi inti permasalahan di kotamu maka kamu harus pergi ke tempat khusus yang dipilih TUHAN, Allahmu.","Jika di kota-kotamu muncul perkara-perkara persengketaan, yaitu perkara hukum yang terlalu sukar untuk kauputuskan misalnya perihal bunuh-membunuh, tuntut-menuntut, atau luka-melukai, maka pergilah segera ke tempat yang akan dipilih ALLAH, Tuhanmu.",
Ulangan,17,9,Ulangan 17:9,وَٱذْهَبْ إِلَى ٱلْكَهَنَةِ ٱللَّاوِيِّينَ وَإِلَى ٱلْقَاضِي ٱلَّذِي يَكُونُ فِي تِلْكَ ٱلْأَيَّامِ، وَٱسْأَلْ فَيُخْبِرُوكَ بِأَمْرِ ٱلْقَضَاءِ.,Kamu harus menghadap imam Lewi dan kepada hakim yang bertugas pada hari itu untuk meminta keputusan. Mereka akan memberi keputusan perkaramu.,"Pergilah menghadap imam-imam Lewi serta hakim yang ada pada waktu itu untuk menanyakan pendapat mereka, dan mereka akan menyatakan kepadamu keputusan hukum.",
Ulangan,17,10,Ulangan 17:10,فَتَعْمَلُ حَسَبَ ٱلْأَمْرِ ٱلَّذِي يُخْبِرُونَكَ بِهِ مِنْ ذَلِكَ ٱلْمَكَانِ ٱلَّذِي يَخْتَارُهُ ٱلرَّبُّ، وَتَحْرِصُ أَنْ تَعْمَلَ حَسَبَ كُلِّ مَا يُعَلِّمُونَكَ.,Kamu harus melakukan segala sesuatu yang diperintahkannya kepadamu dari tempat yang dipilih oleh TUHAN dan lakukanlah dengan setia segala yang diajarkannya kepadamu.,Turutilah keputusan hukum yang mereka nyatakan kepadamu di tempat yang akan dipilih ALLAH itu dan lakukanlah dengan saksama semua yang mereka tunjukkan kepadamu.,
Ulangan,17,11,Ulangan 17:11,حَسَبَ ٱلشَّرِيعَةِ ٱلَّتِي يُعَلِّمُونَكَ وَٱلْقَضَاءِ ٱلَّذِي يَقُولُونَهُ لَكَ تَعْمَلُ. لَا تَحِدْ عَنِ ٱلْأَمْرِ ٱلَّذِي يُخْبِرُونَكَ بِهِ يَمِينًا أَوْ شِمَالًا.,Kamu harus melakukannya sesuai dengan hukum yang diajarkannya kepadamu dan menurut keputusan yang mereka katakan kepadamu baik itu ke kanan atau ke kiri.,"Lakukanlah tepat seperti hukum yang mereka tunjukkan kepadamu dan seperti keputusan yang mereka katakan kepadamu. Jangan menyimpang dari keputusan yang mereka nyatakan kepadamu, entah ke kanan atau pun ke kiri.",
Ulangan,17,12,Ulangan 17:12,وَٱلرَّجُلُ ٱلَّذِي يَعْمَلُ بِطُغْيَانٍ، فَلَا يَسْمَعُ لِلْكَاهِنِ ٱلْوَاقِفِ هُنَاكَ لِيَخْدِمَ ٱلرَّبَّ إِلَهَكَ، أَوْ لِلْقَاضِي، يُقْتَلُ ذَلِكَ ٱلرَّجُلُ، فَتَنْزِعُ ٱلشَّرَّ مِنْ إِسْرَائِيلَ.,"Orang yang sombong dan tidak mendengarkan perkataan imam yang bertugas untuk melayani TUHAN, Allahmu, atau perkataan hakim, harus dihukum mati. Haruslah kamu menyingkirkan orang yang jahat dari Israel.","Orang yang gegabah dan tidak mendengarkan perkataan imam yang bertugas di sana sebagai abdi ALLAH, Tuhanmu, atau perkataan hakim itu, harus dihukum mati. Demikianlah harus kausingkirkan yang jahat itu dari antara orang Israil.",
Ulangan,17,13,Ulangan 17:13,فَيَسْمَعُ جَمِيعُ ٱلشَّعْبِ وَيَخَافُونَ وَلَا يَطْغَوْنَ بَعْدُ.,Semua orang akan mendengar hukuman ini dan menjadi takut dan mereka tidak akan berani lagi.,"Maka, seluruh umat akan mendengar hal itu dan menjadi takut sehingga mereka tidak lagi gegabah.",
Ulangan,17,14,Ulangan 17:14,«مَتَى أَتَيْتَ إِلَى ٱلْأَرْضِ ٱلَّتِي يُعْطِيكَ ٱلرَّبُّ إِلَهُكَ، وَٱمْتَلَكْتَهَا وَسَكَنْتَ فِيهَا، فَإِنْ قُلْتَ: أَجْعَلُ عَلَيَّ مَلِكًا كَجَمِيعِ ٱلْأُمَمِ ٱلَّذِينَ حَوْلِي.,"Apabila kamu sudah memasuki negeri yang diberikan oleh TUHAN, Allahmu, kamu akan memiliki tanah tersebut dan tinggal di sana, lalu kamu berkata, “Marilah kita mengangkat seorang raja bagi kita, seperti bangsa-bangsa di sekitar kita.”","Apabila engkau sudah masuk ke negeri yang dikaruniakan kepadamu oleh ALLAH, Tuhanmu, dan apabila engkau sudah memilikinya serta tinggal di dalamnya, lalu engkau berkata, ‘Aku hendak mengangkat seorang raja atasku seperti segala bangsa yang ada di sekelilingku,’",
Ulangan,17,15,Ulangan 17:15,فَإِنَّكَ تَجْعَلُ عَلَيْكَ مَلِكًا ٱلَّذِي يَخْتَارُهُ ٱلرَّبُّ إِلَهُكَ. مِنْ وَسَطِ إِخْوَتِكَ تَجْعَلُ عَلَيْكَ مَلِكًا. لَا يَحِلُّ لَكَ أَنْ تَجْعَلَ عَلَيْكَ رَجُلًا أَجْنَبِيًّا لَيْسَ هُوَ أَخَاكَ.,"Kamu harus menetapkan raja atasmu yang TUHAN, Allahmu pilih. Haruslah kamu mengangkat seorang raja atasmu dari antaramu. Jangan mengangkat orang asing yang bukan saudaramu menjadi rajamu.","maka pastikanlah engkau mengangkat atasmu seorang raja yang dipilih ALLAH, Tuhanmu. Angkatlah seorang raja atasmu dari antara saudara-saudaramu, jangan seorang asing yang bukan saudaramu.",
Ulangan,17,16,Ulangan 17:16,وَلَكِنْ لَا يُكَثِّرْ لَهُ ٱلْخَيْلَ، وَلَا يَرُدُّ ٱلشَّعْبَ إِلَى مِصْرَ لِكَيْ يُكَثِّرَ ٱلْخَيْلَ، وَٱلرَّبُّ قَدْ قَالَ لَكُمْ: لَا تَعُودُوا تَرْجِعُونَ فِي هَذِهِ ٱلطَّرِيقِ أَيْضًا.,"Hanya saja, dia tidak boleh memiliki banyak kuda dan tidak boleh menyuruh bangsa ini kembali ke Mesir demi memperbanyak kudanya, karena TUHAN telah berfirman kepadamu, “Jangan kembali melalui jalan ini lagi.”","Hanya, ia tidak boleh mempunyai banyak kuda dan tidak boleh menyuruh bangsa ini kembali ke Mesir demi memperbanyak kudanya karena ALLAH telah berfirman kepadamu, ‘Jangan kembali melalui jalan ini lagi.’",
Ulangan,17,17,Ulangan 17:17,وَلَا يُكَثِّرْ لَهُ نِسَاءً لِئَلَّا يَزِيغَ قَلْبُهُ. وَفِضَّةً وَذَهَبًا لَا يُكَثِّرْ لَهُ كَثِيرًا.,"Dia juga tidak boleh memiliki banyak istri dan hatinya tidak boleh menyimpang. Dan, dia tidak boleh membuat dirinya sendiri kaya dengan perak dan emas.",Ia tidak boleh mempunyai banyak istri supaya jangan hatinya menyimpang. Ia pun tidak boleh mengumpulkan terlalu banyak perak dan emas bagi dirinya.,
Ulangan,17,18,Ulangan 17:18,وَعِنْدَمَا يَجْلِسُ عَلَى كُرْسِيِّ مَمْلَكَتِهِ، يَكْتُبُ لِنَفْسِهِ نُسْخَةً مِنْ هَذِهِ ٱلشَّرِيعَةِ فِي كِتَابٍ مِنْ عِنْدِ ٱلْكَهَنَةِ ٱللَّاوِيِّينَ،,"Apabila raja sudah duduk di atas kursi takhta kerajaannya, dia harus menulis untuknya salinan Taurat ini pada sebuah kitab di hadapan imam-imam Lewi.","Begitu ia duduk di atas takhta kerajaannya, ia harus menuliskan baginya salinan hukum ini menurut Kitab Suci Taurat yang ada pada imam-imam Lewi.",
Ulangan,17,19,Ulangan 17:19,فَتَكُونُ مَعَهُ، وَيَقْرَأُ فِيهَا كُلَّ أَيَّامِ حَيَاتِهِ، لِكَيْ يَتَعَلَّمَ أَنْ يَتَّقِيَ ٱلرَّبَّ إِلَهَهُ وَيَحْفَظَ جَمِيعَ كَلِمَاتِ هَذِهِ ٱلشَّرِيعَةِ وَهَذِهِ ٱلْفَرَائِضَ لِيَعْمَلَ بِهَا،,"Salinan itu harus ada padanya dan dia harus membacanya setiap hari selama hidupnya supaya dia belajar takut akan TUHAN, Allahnya, dengan memegang teguh seluruh Taurat dan ketetapan-ketetapan ini.","Salinan itu harus senantiasa ada padanya dan harus dibacanya seumur hidupnya supaya ia belajar bertakwa kepada ALLAH, Tuhannya, dengan memegang teguh dan melakukan segala perkataan hukum Taurat ini serta ketetapan-ketetapan ini.",
Ulangan,17,20,Ulangan 17:20,لِئَلَّا يَرْتَفِعَ قَلْبُهُ عَلَى إِخْوَتِهِ، وَلِئَلَّا يَحِيدَ عَنِ ٱلْوَصِيَّةِ يَمِينًا أَوْ شِمَالًا. لِكَيْ يُطِيلَ ٱلْأَيَّامَ عَلَى مَمْلَكَتِهِ هُوَ وَبَنُوهُ فِي وَسَطِ إِسْرَائِيلَ.,"Dengan demikian, dia tidak menjadi tinggi hati terhadap saudara-saudaranya dan agar dia tidak menyimpang ke kanan atau ke kiri. Sehingga, dia dan anak-anaknya memerintah kerajaan Israel untuk waktu yang lama.","Dengan demikian, ia tidak menjadi tinggi hati terhadap saudara-saudaranya dan tidak menyimpang dari perintah itu, entah ke kanan atau pun ke kiri, sehingga masa pemerintahannya di antara orang Israil akan lama, baik ia maupun anak-anaknya.",
Ulangan,18,1,Ulangan 18:1,«لَا يَكُونُ لِلْكَهَنَةِ ٱللَّاوِيِّينَ، كُلِّ سِبْطِ لَاوِي، قِسْمٌ وَلَا نَصِيبٌ مَعَ إِسْرَائِيلَ. يَأْكُلُونَ وَقَائِدَ ٱلرَّبِّ وَنَصِيبَهُ.,"Imam-imam Lewi, yaitu seluruh suku Lewi, tidak mendapat bagian tanah pusaka di Israel. Mereka makan dari kurban bakaran untuk TUHAN yang menjadi bagiannya.","Imam-imam Lewi, yaitu seluruh suku Lewi, tidak akan mendapat bagian atau milik pusaka seperti halnya orang Israil lainnya. Mereka harus mendapat rezeki dari kurban yang dibakar bagi ALLAH, dan dari apa yang menjadi milik-Nya.",
Ulangan,18,2,Ulangan 18:2,فَلَا يَكُونُ لَهُ نَصِيبٌ فِي وَسَطِ إِخْوَتِهِ. ٱلرَّبُّ هُوَ نَصِيبُهُ كَمَا قَالَ لَهُ.,"Mereka tidak mendapatkan bagian tanah pusaka seperti suku-suku lainnya. TUHAN adalah pusaka kepunyaannya, seperti yang telah difirmankan-Nya.","Mereka tidak akan mendapat milik pusaka di antara saudara-saudaranya karena ALLAH adalah milik pusaka mereka, seperti yang dijanjikan-Nya kepada mereka.",
Ulangan,18,3,Ulangan 18:3,«وَهَذَا يَكُونُ حَقُّ ٱلْكَهَنَةِ مِنَ ٱلشَّعْبِ، مِنَ ٱلَّذِينَ يَذْبَحُونَ ٱلذَّبَائِحَ بَقَرًا كَانَتْ أَوْ غَنَمًا. يُعْطُونَ ٱلْكَاهِنَ ٱلسَّاعِدَ وَٱلْفَكَّيْنِ وَٱلْكِرْشَ.,"Dan, inilah yang menjadi hak para imam dari orang-orang yang mempersembahkan kurban sembelihan, sapi ataupun domba. Mereka harus memberikan kepada para imam itu paha depan, kedua rahang, dan perut,","Inilah yang menjadi hak para imam dari pihak umat, yaitu dari orang yang mempersembahkan kurban sembelihan, baik berupa sapi maupun domba. Mereka harus memberikan kepada imam bagian bahu, kedua rahang, dan perut besar.",
Ulangan,18,4,Ulangan 18:4,وَتُعْطِيهِ أَوَّلَ حِنْطَتِكَ وَخَمْرِكَ وَزَيْتِكَ، وَأَوَّلَ جَزَازِ غَنَمِكَ.,"hasil pertama dari gandum, anggur, minyak, dan bulu domba guntingan pertama.","Hasil pertama dari gandummu, anggurmu, minyakmu, serta hasil pertama guntingan bulu dombamu harus kauberikan kepada mereka",
Ulangan,18,5,Ulangan 18:5,لِأَنَّ ٱلرَّبَّ إِلَهَكَ قَدِ ٱخْتَارَهُ مِنْ جَمِيعِ أَسْبَاطِكَ لِكَيْ يَقِفَ لِيَخْدِمَ بِٱسْمِ ٱلرَّبِّ، هُوَ وَبَنُوهُ كُلَّ ٱلْأَيَّامِ.,"Karena TUHAN, Allahmu telah memilih ia dan keturunannya dari antara semua suku untuk bertugas melayani dalam nama TUHAN selamanya.","karena ALLAH, Tuhanmu, telah memilih mereka dan keturunan mereka dari antara segala sukumu untuk senantiasa bertugas menyelenggarakan ibadah demi nama ALLAH.",
Ulangan,18,6,Ulangan 18:6,«وَإِذَا جَاءَ لَاوِيٌّ مِنْ أَحَدِ أَبْوَابِكَ مِنْ جَمِيعِ إِسْرَائِيلَ حَيْثُ هُوَ مُتَغَرِّبٌ، وَجَاءَ بِكُلِّ رَغْبَةِ نَفْسِهِ إِلَى ٱلْمَكَانِ ٱلَّذِي يَخْتَارُهُ ٱلرَّبُّ،,"Jikalau ada seorang Lewi datang dari salah satu kota di mana pun dia berada di Israel, dan datang menurut keinginan hatinya sesuai dengan tempat yang TUHAN pilih,","Jika seorang Lewi, dari salah satu kotamu yang mana pun di seluruh Israil tempat ia tinggal, datang berdasarkan keinginan hatinya ke tempat yang akan dipilih ALLAH,",
Ulangan,18,7,Ulangan 18:7,وَخَدَمَ بِٱسْمِ ٱلرَّبِّ إِلَهِكَ مِثْلَ جَمِيعِ إِخْوَتِهِ ٱللَّاوِيِّينَ ٱلْوَاقِفِينَ هُنَاكَ أَمَامَ ٱلرَّبِّ،,"kemudian, dia melayani dalam nama TUHAN, Allahnya, seperti semua saudaranya, yaitu orang Lewi yang bertugas di sana di hadapan Allah.","maka ia boleh menyelenggarakan ibadah demi nama ALLAH, Tuhannya, seperti semua saudaranya, yaitu orang-orang Lewi yang bertugas di sana, di hadirat ALLAH.",
Ulangan,18,8,Ulangan 18:8,يَأْكُلُونَ أَقْسَامًا مُتَسَاوِيَةً، عَدَا مَا يَبِيعُهُ عَنْ آبَائِهِ.,"Mereka akan memakan bagian yang sama, kecuali jika dia menerima dari penjualan harta leluhurnya.","Mereka harus mendapat bagian rezeki yang sama, di samping apa yang mereka terima dari hasil penjualan harta leluhurnya.",
Ulangan,18,9,Ulangan 18:9,«مَتَى دَخَلْتَ ٱلْأَرْضَ ٱلَّتِي يُعْطِيكَ ٱلرَّبُّ إِلَهُكَ، لَا تَتَعَلَّمْ أَنْ تَفْعَلَ مِثْلَ رِجْسِ أُولَئِكَ ٱلْأُمَمِ.,"Ketika kamu memasuki negeri yang akan TUHAN, Allahmu berikan kepadamu, jangan belajar kejahatan yang bangsa-bangsa itu lakukan.","Apabila engkau masuk ke negeri yang dikaruniakan ALLAH, Tuhanmu, kepadamu, jangan belajar melakukan hal keji seperti yang dilakukan bangsa-bangsa itu.",
Ulangan,18,10,Ulangan 18:10,لَا يُوجَدْ فِيكَ مَنْ يُجِيزُ ٱبْنَهُ أَوِ ٱبْنَتَهُ فِي ٱلنَّارِ، وَلَا مَنْ يَعْرُفُ عِرَافَةً، وَلَا عَائِفٌ وَلَا مُتَفَائِلٌ وَلَا سَاحِرٌ،,"Janganlah ada di antaramu yang membuat anaknya laki-laki atau perempuan melintas di atas api, seorang ahli tenung, ahli ramal, ahli nujum, atau ahli sihir,","Jangan didapati di antaramu orang yang mempersembahkan anak lelakinya atau anak perempuannya sebagai kurban yang dibakar, atau orang yang menjadi juru tenung, peramal, ahli nujum, juru teluh,",
Ulangan,18,11,Ulangan 18:11,وَلَا مَنْ يَرْقِي رُقْيَةً، وَلَا مَنْ يَسْأَلُ جَانًّا أَوْ تَابِعَةً، وَلَا مَنْ يَسْتَشِيرُ ٱلْمَوْتَى.,"seseorang yang mengucapkan mantra, atau seorang yang bertanya kepada arwah, atau kepada peramal, atau orang yang meminta petunjuk kepada orang mati.","tukang mantera, orang yang bertanya kepada arwah, ahli sihir, atau orang yang meminta petunjuk kepada orang mati.",
Ulangan,18,12,Ulangan 18:12,لِأَنَّ كُلَّ مَنْ يَفْعَلُ ذَلِكَ مَكْرُوهٌ عِنْدَ ٱلرَّبِّ. وَبِسَبَبِ هَذِهِ ٱلْأَرْجَاسِ، ٱلرَّبُّ إِلَهُكَ طَارِدُهُمْ مِنْ أَمَامِكَ.,"Semua orang yang melakukan hal-hal itu adalah kekejian bagi TUHAN. Karena hal itulah TUHAN, Allahmu, mengusir mereka keluar dari negeri ini di hadapanmu.","Sesungguhnya, setiap orang yang melakukan hal-hal itu dipandang keji oleh ALLAH. Karena hal-hal keji itulah ALLAH, Tuhanmu, menghalau bangsa-bangsa itu dari hadapanmu.",
Ulangan,18,13,Ulangan 18:13,تَكُونُ كَامِلًا لَدَى ٱلرَّبِّ إِلَهِكَ.,"Haruslah kamu sempurna di hadapan TUHAN, Allahmu.","Engkau harus hidup tak bercela di hadapan ALLAH, Tuhanmu.",
Ulangan,18,14,Ulangan 18:14,إِنَّ هَؤُلَاءِ ٱلْأُمَمَ ٱلَّذِينَ تَخْلُفُهُمْ يَسْمَعُونَ لِلْعَائِفِينَ وَٱلْعَرَّافِينَ. وَأَمَّا أَنْتَ فَلَمْ يَسْمَحْ لَكَ ٱلرَّبُّ إِلَهُكَ هَكَذَا.,"Bangsa-bangsa yang akan kamu usir itu mendengarkan peramal atau penenung. Namun, bagi kamu, TUHAN, Allahmu tidak mengizinkanmu untuk melakukan hal itu.","Bangsa-bangsa yang akan kauhalau itu mendengarkan para peramal dan juru-juru tenung, tetapi ALLAH, Tuhanmu, tidak mengizinkan engkau berbuat demikian.",
Ulangan,18,15,Ulangan 18:15,«يُقِيمُ لَكَ ٱلرَّبُّ إِلَهُكَ نَبِيًّا مِنْ وَسَطِكَ مِنْ إِخْوَتِكَ مِثْلِي. لَهُ تَسْمَعُونَ.,"TUHAN, Allahmu, akan membangkitkan seorang nabi kepadamu dari antara saudaramu, dan dia akan sepertiku. Kamu harus mendengarkan dia,","ALLAH, Tuhanmu, akan membangkitkan bagimu seorang nabi seperti aku dari antara kamu serta saudara-saudaramu. Dialah yang harus kamu dengarkan,",
Ulangan,18,16,Ulangan 18:16,حَسَبَ كُلِّ مَا طَلَبْتَ مِنَ ٱلرَّبِّ إِلَهِكَ فِي حُورِيبَ يَوْمَ ٱلِٱجْتِمَاعِ قَائِلًا: لَا أَعُودُ أَسْمَعُ صَوْتَ ٱلرَّبِّ إِلَهِي وَلَا أَرَى هَذِهِ ٱلنَّارَ ٱلْعَظِيمَةَ أَيْضًا لِئَلَّا أَمُوتَ.,"seperti yang kamu minta dari TUHAN, Allahmu, di Gunung Horeb, pada waktu kamu berkumpul, dengan berkata, “Jangan biarkan kami mendengar suara TUHAN, Allah kami lagi! Jangan biarkan kami melihat api besar itu atau kami akan mati!”","seperti yang telah kauminta kepada ALLAH, Tuhanmu, di Horeb pada hari kamu berkumpul. Katamu, ‘Janganlah kami dengar lagi suara ALLAH, Tuhan kami, dan janganlah kami lihat lagi api yang besar ini supaya jangan kami mati.’",
Ulangan,18,17,Ulangan 18:17,قَالَ لِيَ ٱلرَّبُّ: قَدْ أَحْسَنُوا فِي مَا تَكَلَّمُوا.,"TUHAN berfirman kepadaku, “Mereka mengatakan hal yang baik.","Kemudian, ALLAH berfirman kepadaku, ‘Apa yang mereka katakan itu baik.",
Ulangan,18,18,Ulangan 18:18,أُقِيمُ لَهُمْ نَبِيًّا مِنْ وَسَطِ إِخْوَتِهِمْ مِثْلَكَ، وَأَجْعَلُ كَلَامِي فِي فَمِهِ، فَيُكَلِّمُهُمْ بِكُلِّ مَا أُوصِيهِ بِهِ.,"Aku akan membangkitkan bagi mereka seorang nabi sepertimu dari tengah-tengahmu sendiri. Aku akan menaruh firman-Ku dalam mulut-Nya, dan dia akan berkata kepada mereka segala yang Kuperintahkan kepadanya.","Aku akan membangkitkan bagi mereka seorang nabi seperti engkau dari antara saudara-saudara mereka. Aku akan memberitahukan kepadanya firman-Ku, dan ia akan menyampaikan kepada mereka semua yang Kuperintahkan kepadanya.",
Ulangan,18,19,Ulangan 18:19,وَيَكُونُ أَنَّ ٱلْإِنْسَانَ ٱلَّذِي لَا يَسْمَعُ لِكَلَامِي ٱلَّذِي يَتَكَلَّمُ بِهِ بِٱسْمِي أَنَا أُطَالِبُهُ.,"Hal ini akan terjadi, bahwa setiap orang yang tidak mendengarkan firman-Ku yang dia katakan atas nama-Ku, Aku akan menuntut kepadanya.”","Jadi, setiap orang yang tidak mau mendengarkan firman-Ku yang akan disampaikan nabi itu atas nama-Ku akan Kutuntut pertanggungjawaban.",
Ulangan,18,20,Ulangan 18:20,وَأَمَّا ٱلنَّبِيُّ ٱلَّذِي يُطْغِي، فَيَتَكَلَّمُ بِٱسْمِي كَلَامًا لَمْ أُوصِهِ أَنْ يَتَكَلَّمَ بِهِ، أَوِ ٱلَّذِي يَتَكَلَّمُ بِٱسْمِ آلِهَةٍ أُخْرَى، فَيَمُوتُ ذَلِكَ ٱلنَّبِيُّ.,"“Namun, apabila ada nabi yang mengucapkan perkataan yang tidak Kuperintahkan demi nama-Ku atau berbicara dalam nama ilah lain, nabi itu harus dibunuh.","Tetapi, seorang nabi yang dengan gegabah menyampaikan atas nama-Ku perkataan yang tidak Kusuruh sampaikan, atau yang berbicara atas nama ilah-ilah lain, haruslah dihukum mati.’",
Ulangan,18,21,Ulangan 18:21,وَإِنْ قُلْتَ فِي قَلْبِكَ: كَيْفَ نَعْرِفُ ٱلْكَلَامَ ٱلَّذِي لَمْ يَتَكَلَّمْ بِهِ ٱلرَّبُّ؟,"Kamu mungkin berpikir, ‘Bagaimana kami dapat mengetahui bahwa itu bukan berasal dari TUHAN?’","Jika kamu bertanya dalam hatimu, ‘Bagaimana kami bisa mengetahui perkataan yang tidak difirmankan ALLAH?’",
Ulangan,18,22,Ulangan 18:22,فَمَا تَكَلَّمَ بِهِ ٱلنَّبِيُّ بِٱسْمِ ٱلرَّبِّ وَلَمْ يَحْدُثْ وَلَمْ يَصِرْ، فَهُوَ ٱلْكَلَامُ ٱلَّذِي لَمْ يَتَكَلَّمْ بِهِ ٱلرَّبُّ، بَلْ بِطُغْيَانٍ تَكَلَّمَ بِهِ ٱلنَّبِيُّ، فَلَا تَخَفْ مِنْهُ.,"Jika seorang nabi berbicara atas nama TUHAN, tetapi yang dikatakannya tidak terjadi, kamu akan tahu bahwa TUHAN tidak mengatakannya. Kamu akan tahu bahwa nabi itu lancang maka kamu tidak perlu takut kepadanya.”","Apabila seorang nabi berbicara atas nama ALLAH, tetapi hal itu tidak terjadi dan tidak terlaksana, maka perkataan itu tidak difirmankan ALLAH. Nabi itu telah berbicara dengan gegabah. Jangan takut kepadanya.",
Ulangan,19,1,Ulangan 19:1,«مَتَى قَرَضَ ٱلرَّبُّ إِلَهُكَ ٱلْأُمَمَ ٱلَّذِينَ ٱلرَّبُّ إِلَهُكَ يُعْطِيكَ أَرْضَهُمْ، وَوَرِثْتَهُمْ وَسَكَنْتَ مُدُنَهُمْ وَبُيُوتَهُمْ،,"Ketika TUHAN, Allahmu, telah membinasakan bangsa-bangsa, yang negerinya telah TUHAN, Allahmu, berikan untuk kamu miliki dan kamu duduki, lalu kamu tinggal di kota-kota dan di rumah-rumah mereka,","Apabila ALLAH, Tuhanmu, telah melenyapkan bangsa-bangsa yang negerinya dikaruniakan ALLAH, Tuhanmu, kepadamu, dan engkau telah menghalau mereka serta tinggal di kota-kota, juga di rumah-rumah mereka,",
Ulangan,19,2,Ulangan 19:2,تَفْرِزُ لِنَفْسِكَ ثَلَاثَ مُدُنٍ فِي وَسَطِ أَرْضِكَ ٱلَّتِي يُعْطِيكَ ٱلرَّبُّ إِلَهُكَ لِتَمْتَلِكَهَا.,"kamu harus menentukan tiga kota di tengah-tengah negerimu yang telah TUHAN, Allahmu, berikan kepadamu untuk menjadi milikmu.","maka khususkanlah bagimu tiga kota di negeri yang dikaruniakan ALLAH, Tuhanmu, kepadamu untuk diduduki.",
Ulangan,19,3,Ulangan 19:3,تُصْلِحُ ٱلطَّرِيقَ وَتُثَلِّثُ تُخُومَ أَرْضِكَ ٱلَّتِي يَقْسِمُ لَكَ ٱلرَّبُّ إِلَهُكَ، فَتَكُونُ لِكَيْ يَهْرُبَ إِلَيْهَا كُلُّ قَاتِلٍ.,"Kamu harus menyiapkan jalan bagimu sendiri dan membagi wilayahmu menjadi tiga bagian, yang TUHAN, Allahmu wariskan pada kamu sehingga seorang pembunuh dapat melarikan diri ke tempat itu.","Sediakanlah jalan-jalan dan bagilah negeri yang diberikan ALLAH, Tuhanmu, sebagai milik pusakamu itu menjadi tiga bagian wilayah supaya setiap pembunuh dapat melarikan diri ke sana.",
Ulangan,19,4,Ulangan 19:4,وَهَذَا هُوَ حُكْمُ ٱلْقَاتِلِ ٱلَّذِي يَهْرُبُ إِلَى هُنَاكَ فَيَحْيَا: مَنْ ضَرَبَ صَاحِبَهُ بِغَيْرِ عِلْمٍ وَهُوَ غَيْرُ مُبْغِضٍ لَهُ مُنْذُ أَمْسِ وَمَا قَبْلَهُ.,"Inilah peraturan bagi pembunuh yang melarikan diri ke salah satu dari tiga kota itu sehingga tetap hidup, yaitu haruslah seseorang yang membunuh orang lain tanpa sengaja dan bukan karena benci.",Inilah ketentuan tentang pembunuh yang melarikan diri ke sana untuk menyelamatkan nyawanya. Seandainya ia membunuh sesamanya tanpa sengaja dan tanpa membenci orang itu sebelumnya—,
Ulangan,19,5,Ulangan 19:5,وَمَنْ ذَهَبَ مَعَ صَاحِبِهِ فِي ٱلْوَعْرِ لِيَحْتَطِبَ حَطَبًا، فَٱنْدَفَعَتْ يَدُهُ بِٱلْفَأْسِ لِيَقْطَعَ ٱلْحَطَبَ، وَأَفْلَتَ ٱلْحَدِيدُ مِنَ ٱلْخَشَبِ وَأَصَابَ صَاحِبَهُ فَمَاتَ، فَهُوَ يَهْرُبُ إِلَى إِحْدَى تِلْكَ ٱلْمُدُنِ فَيَحْيَا.,"Misalnya, seseorang pergi ke hutan bersama temannya untuk memotong kayu. Dia mengayunkan kapaknya untuk menebang pohon, tetapi mata kapaknya terlepas dari tangkainya dan mengenai temannya itu sehingga mati. Maka, dia boleh melarikan diri ke salah satu dari kota itu supaya dia tetap hidup.","misalnya ia pergi ke hutan dengan kawannya untuk membelah kayu, dan ketika tangannya mengayunkan kapak untuk menebang pohon, mata kapak itu lepas dari gagangnya dan mengenai kawannya hingga mati—maka ia boleh melarikan diri ke salah satu kota itu supaya ia tetap hidup.",
Ulangan,19,6,Ulangan 19:6,لِئَلَّا يَسْعَى وَلِيُّ ٱلدَّمِ وَرَاءَ ٱلْقَاتِلِ حِينَ يَحْمَى قَلْبُهُ، وَيُدْرِكَهُ إِذَا طَالَ ٱلطَّرِيقُ وَيَقْتُلَهُ، وَلَيْسَ عَلَيْهِ حُكْمُ ٱلْمَوْتِ، لِأَنَّهُ غَيْرُ مُبْغِضٍ لَهُ مُنْذُ أَمْسِ وَمَا قَبْلَهُ.,"Maksudnya agar orang yang menuntut balasan darah yang mengejar pembunuh itu dengan hati panas tidak dapat menyusulnya sebab jarak menuju kota itu terlalu jauh, supaya dia tidak membunuhnya. Sedangkan, orang itu tidak patut dihukum mati karena dia tidak membenci kawannya sebelumnya.","Maksudnya supaya jangan orang yang menuntut balasan darah mengejar pembunuh itu selagi hatinya masih panas dan dapat menyusul dia karena jauhnya perjalanan menuju kota itu, lalu menghukumnya mati, padahal orang itu tidak patut dihukum mati karena ia tidak membenci kawannya sebelumnya.",
Ulangan,19,7,Ulangan 19:7,لِأَجْلِ ذَلِكَ أَنَا آمُرُكَ قَائِلًا: ثَلَاثَ مُدُنٍ تَفْرِزُ لِنَفْسِكَ.,"Oleh sebab itu, aku memerintahkanmu untuk mempersiapkan tiga kota.","Sebab itu, aku memerintahkan kepadamu demikian, ‘Khususkanlah bagimu tiga kota.’",
Ulangan,19,8,Ulangan 19:8,وَإِنْ وَسَّعَ ٱلرَّبُّ إِلَهُكَ تُخُومَكَ كَمَا حَلَفَ لِآبَائِكَ، وَأَعْطَاكَ جَمِيعَ ٱلْأَرْضِ ٱلَّتِي قَالَ إِنَّهُ يُعْطِي لِآبَائِكَ،,"Jika TUHAN, Allahmu telah memperluas wilayahmu sesuai janji-Nya kepada nenek moyangmu. Dia akan memberikan kepadamu semua negeri yang dijanjikan-Nya kepada nenek moyangmu.","Jika ALLAH, Tuhanmu, telah meluaskan daerahmu seperti yang dijanjikan-Nya dengan bersumpah kepada nenek moyangmu dan mengaruniakan kepadamu seluruh negeri yang dijanjikan-Nya akan diberikan kepada nenek moyangmu",
Ulangan,19,9,Ulangan 19:9,إِذْ حَفِظْتَ كُلَّ هَذِهِ ٱلْوَصَايَا لِتَعْمَلَهَا، كَمَا أَنَا أُوصِيكَ ٱلْيَوْمَ لِتُحِبَّ ٱلرَّبَّ إِلَهَكَ وَتَسْلُكَ فِي طُرُقِهِ كُلَّ ٱلْأَيَّامِ، فَزِدْ لِنَفْسِكَ أَيْضًا ثَلَاثَ مُدُنٍ عَلَى هَذِهِ ٱلثَّلَاثِ،,"Jika kamu sungguh-sungguh melakukan seluruh perintah yang kusampaikan kepadamu hari ini dengan mengasihi TUHAN, Allahmu, dan hidup senantiasa sesuai dengan jalan-Nya maka kamu harus memilih tiga kota lagi untukmu selain ketiga kota itu.","(asal engkau melakukan dengan setia segala perintah yang kusampaikan kepadamu pada hari ini, dengan mengasihi ALLAH, Tuhanmu, dan senantiasa hidup menurut jalan-Nya), maka tambahkanlah lagi tiga kota, selain yang tiga itu.",
Ulangan,19,10,Ulangan 19:10,حَتَّى لَا يُسْفَكَ دَمُ بَرِيءٍ فِي وَسَطِ أَرْضِكَ ٱلَّتِي يُعْطِيكَ ٱلرَّبُّ إِلَهُكَ نَصِيبًا، فَيَكُونَ عَلَيْكَ دَمٌ.,"Dengan demikian, darah orang yang tidak bersalah tidak akan tertumpah di negeri yang telah TUHAN, Allahmu berikan kepadamu sebagai milik pusakamu sehingga darah itu tidak mendakwamu.","Dengan demikian, darah orang yang tak bersalah tidak akan tertumpah di negeri yang dikaruniakan ALLAH, Tuhanmu, kepadamu sebagai milik pusaka sehingga darah itu ditanggungkan kepadamu.",
Ulangan,19,11,Ulangan 19:11,«وَلَكِنْ إِذَا كَانَ إِنْسَانٌ مُبْغِضًا لِصَاحِبِهِ، فَكَمَنَ لَهُ وَقَامَ عَلَيْهِ وَضَرَبَهُ ضَرْبَةً قَاتِلَةً فَمَاتَ، ثُمَّ هَرَبَ إِلَى إِحْدَى تِلْكَ ٱلْمُدُنِ،,"Namun, jika seseorang membenci sesamanya lalu bersembunyi menunggunya dan muncul untuk menyerang serta memukulnya sampai dia mati, kemudian dia melarikan diri ke salah satu kota itu.","Akan tetapi, jika seseorang membenci sesamanya, lalu menghadangnya, bangkit menyerangnya, dan memukul orang itu hingga mati, kemudian melarikan diri ke salah satu kota itu,",
Ulangan,19,12,Ulangan 19:12,يُرْسِلُ شُيُوخُ مَدِينَتِهِ وَيَأْخُذُونَهُ مِنْ هُنَاكَ وَيَدْفَعُونَهُ إِلَى يَدِ وَلِيِّ ٱلدَّمِ فَيَمُوتُ.,"Tua-tua dari kotanya harus membawanya dari sana serta menyerahkannya kepada tangan penuntut darah, supaya dia mati.",maka para tua-tua kotanya harus menyuruh orang untuk mengambil dia dari sana dan menyerahkan dia ke dalam tangan orang yang menuntut balasan darah supaya ia dihukum mati.,
Ulangan,19,13,Ulangan 19:13,لَا تُشْفِقْ عَيْنُكَ عَلَيْهِ. فَتَنْزِعَ دَمَ ٱلْبَرِيءِ مِنْ إِسْرَائِيلَ، فَيَكُونَ لَكَ خَيْرٌ.,"Jangan merasa kasihan kepadanya, tetapi hapuskanlah darah orang yang tidak bersalah dari antara orang Israel supaya baik keadaanmu.","Jangan merasa iba kepadanya, melainkan hapuskanlah dari Israil darah orang yang tak bersalah supaya baik keadaanmu.",
Ulangan,19,14,Ulangan 19:14,لَا تَنْقُلْ تُخْمَ صَاحِبِكَ ٱلَّذِي نَصَبَهُ ٱلْأَوَّلُونَ فِي نَصِيبِكَ ٱلَّذِي تَنَالُهُ فِي ٱلْأَرْضِ ٱلَّتِي يُعْطِيكَ ٱلرَّبُّ إِلَهُكَ لِكَيْ تَمْتَلِكَهَا.,"Janganlah kamu memindahkan batas tanah dari sesamamu yang sudah ditentukan oleh nenek moyangmu ke dalam tanah pusakamu yang akan kamu peroleh dari TUHAN, Allahmu, untuk kamu miliki.","Jangan memindahkan batas tanah sesamamu yang sudah ditetapkan orang-orang terdahulu di dalam milik pusaka yang akan kaudapatkan di negeri yang dikaruniakan ALLAH, Tuhanmu, kepadamu untuk diduduki.",
Ulangan,19,15,Ulangan 19:15,«لَا يَقُومُ شَاهِدٌ وَاحِدٌ عَلَى إِنْسَانٍ فِي ذَنْبٍ مَّا أَوْ خَطِيَّةٍ مَّا مِنْ جَمِيعِ ٱلْخَطَايَا ٱلَّتِي يُخْطِئُ بِهَا. عَلَى فَمِ شَاهِدَيْنِ أَوْ عَلَى فَمِ ثَلَاثَةِ شُهُودٍ يَقُومُ ٱلْأَمْرُ.,"Seorang saksi saja tidak cukup mendakwa seseorang atas kesalahan atau dosa apa pun yang dilakukannya. Berdasarkan keterangan dua atau tiga orang saksi, barulah suatu perkara dapat ditentukan.","Seorang saksi saja tidak cukup untuk mendakwa seseorang atas kesalahan atau dosa apa pun yang dilakukannya. Berdasarkan keterangan dua atau tiga orang saksi, barulah suatu perkara dapat ditentukan.",
Ulangan,19,16,Ulangan 19:16,إِذَا قَامَ شَاهِدُ زُورٍ عَلَى إِنْسَانٍ لِيَشْهَدَ عَلَيْهِ بِزَيْغٍ،,"Jika seorang saksi berusaha untuk menjatuhkan orang lain dengan menuduh telah melakukan pelanggaran,","Jika seorang saksi yang tidak benar mendakwa seseorang mengenai suatu pelanggaran,",
Ulangan,19,17,Ulangan 19:17,يَقِفُ ٱلرَّجُلَانِ ٱللَّذَانِ بَيْنَهُمَا ٱلْخُصُومَةُ أَمَامَ ٱلرَّبِّ، أَمَامَ ٱلْكَهَنَةِ وَٱلْقُضَاةِ ٱلَّذِينَ يَكُونُونَ فِي تِلْكَ ٱلْأَيَّامِ.,"kedua orang itu harus berdiri di hadapan TUHAN, di depan para imam dan para hakim yang bertugas pada saat itu.","maka kedua orang yang bersengketa itu harus berdiri di hadirat ALLAH, di depan para imam dan para hakim yang ada pada waktu itu.",
Ulangan,19,18,Ulangan 19:18,فَإِنْ فَحَصَ ٱلْقُضَاةُ جَيِّدًا، وَإِذَا ٱلشَّاهِدُ شَاهِدٌ كَاذِبٌ، قَدْ شَهِدَ بِٱلْكَذِبِ عَلَى أَخِيهِ،,"Para hakim harus menyelidiki kasus mereka dengan saksama. Jika saksi itu adalah saksi dusta, dan memberikan kesaksian palsu kepada saudaranya,","Para hakim harus memeriksa baik-baik. Jika ternyata saksi itu seorang saksi dusta yang memberikan kesaksian palsu atas saudaranya,",
Ulangan,19,19,Ulangan 19:19,فَٱفْعَلُوا بِهِ كَمَا نَوَى أَنْ يَفْعَلَ بِأَخِيهِ. فَتَنْزِعُونَ ٱلشَّرَّ مِنْ وَسْطِكُمْ.,maka kamu harus memperlakukan dia sesuai dengan apa yang akan dilakukan terhadap saudaranya itu. Kamu harus membinasakan kejahatan dari tengah-tengahmu.,maka perlakukanlah dia sesuai dengan niatnya memperlakukan saudaranya. Demikianlah harus kausingkirkan yang jahat itu dari antaramu.,
Ulangan,19,20,Ulangan 19:20,وَيَسْمَعُ ٱلْبَاقُونَ فَيَخَافُونَ، وَلَا يَعُودُونَ يَفْعَلُونَ مِثْلَ ذَلِكَ ٱلْأَمْرِ ٱلْخَبِيثِ فِي وَسَطِكَ.,"Dan, orang lain akan mendengar tentang hal ini dan menjadi takut sehingga mereka tidak akan melakukan perbuatan jahat seperti itu di antaramu.","Dengan demikian, orang-orang yang ada akan mendengar hal itu dan menjadi takut sehingga mereka tidak lagi melakukan perkara jahat semacam itu di antaramu.",
Ulangan,19,21,Ulangan 19:21,لَا تُشْفِقْ عَيْنُكَ. نَفْسٌ بِنَفْسٍ. عَيْنٌ بِعَيْنٍ. سِنٌّ بِسِنٍّ. يَدٌ بِيَدٍ. رِجْلٌ بِرِجْلٍ.,"Janganlah kamu kasihan, sebab berlaku: nyawa ganti nyawa, mata ganti mata, gigi ganti gigi, tangan ganti tangan, kaki ganti kaki.","Jangan merasa iba kepadanya sebab untuk itu berlaku: Nyawa ganti nyawa, mata ganti mata, gigi ganti gigi, tangan ganti tangan, kaki ganti kaki.",
Ulangan,20,1,Ulangan 20:1,«إِذَا خَرَجْتَ لِلْحَرْبِ عَلَى عَدُوِّكَ وَرَأَيْتَ خَيْلًا وَمَرَاكِبَ، قَوْمًا أَكْثَرَ مِنْكَ، فَلَا تَخَفْ مِنْهُمْ، لِأَنَّ مَعَكَ ٱلرَّبَّ إِلَهَكَ ٱلَّذِي أَصْعَدَكَ مِنْ أَرْضِ مِصْرَ.,"Bila kamu pergi berperang melawan musuhmu dan kamu melihat kuda, kereta perang, dan orangnya lebih banyak daripada orangmu, janganlah takut kepadanya. Karena, TUHAN, Allahmu, yang telah membawamu keluar dari negeri Mesir, besertamu.","Apabila engkau keluar berperang melawan musuh-musuhmu, lalu melihat kuda dan kereta, yaitu pasukan yang lebih besar daripadamu, jangan takut kepada mereka karena ALLAH, Tuhanmu, yang telah menuntun engkau keluar dari Tanah Mesir, menyertai engkau.",
Ulangan,20,2,Ulangan 20:2,وَعِنْدَمَا تَقْرُبُونَ مِنَ ٱلْحَرْبِ يَتَقَدَّمُ ٱلْكَاهِنُ وَيُخَاطِبُ ٱلشَّعْبَ,"Ketika kamu menghadapi peperangan, imam harus maju dan berbicara kepada rakyat.","Pada waktu kamu menghadapi peperangan, seorang imam harus maju dan berbicara kepada pasukan.",
Ulangan,20,3,Ulangan 20:3,وَيَقُولُ لَهُمْ: ٱسْمَعْ يَا إِسْرَائِيلُ: أَنْتُمْ قَرُبْتُمُ ٱلْيَوْمَ مِنَ ٱلْحَرْبِ عَلَى أَعْدَائِكُمْ. لَا تَضْعُفْ قُلُوبُكُمْ. لَا تَخَافُوا وَلَا تَرْتَعِدُوا وَلَا تَرْهَبُوا وُجُوهَهُمْ،,"Dia akan berkata, “Hai orang Israel, dengarkanlah aku! Hari ini, kamu akan berperang melawan musuhmu. Jangan berkecil hati, jangan panik, dan jangan gemetar terhadap musuh.","Ia harus berkata kepada mereka, ‘Dengarlah, hai orang Israil! Pada hari ini kamu akan menghadapi peperangan melawan musuh-musuhmu. Jangan tawar hati, jangan takut, jangan gentar, dan jangan panik karena mereka",
Ulangan,20,4,Ulangan 20:4,لِأَنَّ ٱلرَّبَّ إِلَهَكُمْ سَائِرٌ مَعَكُمْ لِكَيْ يُحَارِبَ عَنْكُمْ أَعْدَاءَكُمْ لِيُخَلِّصَكُمْ.,"Karena, TUHAN, Allahmu, menyertaimu untuk berperang melawan musuhmu dan menyelamatkanmu.”","sebab ALLAH, Tuhanmu, hadir menyertai kamu untuk berperang bagimu melawan musuh-musuhmu, dan memberimu kemenangan.’",
Ulangan,20,5,Ulangan 20:5,ثُمَّ يُخَاطِبُ ٱلْعُرَفَاءُ ٱلشَّعْبَ قَائِلِينَ: مَنْ هُوَ ٱلرَّجُلُ ٱلَّذِي بَنَى بَيْتًا جَدِيدًا وَلَمْ يُدَشِّنْهُ؟ لِيَذْهَبْ وَيَرْجِعْ إِلَى بَيْتِهِ لِئَلَّا يَمُوتَ فِي ٱلْحَرْبِ فَيُدَشِّنَهُ رَجُلٌ آخَرُ.,"Para petugas juga akan berkata kepada rakyatnya, “Apakah di sini ada yang telah membangun sebuah rumah baru, tetapi belum menempatinya? Biarlah dia pulang ke rumahnya supaya dia jangan mati dalam peperangan dan orang lain menempati rumahnya.","Kemudian, para pengatur pasukan harus berbicara kepada pasukan itu demikian, ‘Siapa yang baru selesai membangun rumah, tetapi belum mengadakan syukuran atasnya? Biarlah ia pulang ke rumahnya supaya jangan ia mati dalam peperangan, lalu orang lain yang mengadakan syukuran atas rumahnya.",
Ulangan,20,6,Ulangan 20:6,وَمَنْ هُوَ ٱلرَّجُلُ ٱلَّذِي غَرَسَ كَرْمًا وَلَمْ يَبْتَكِرْهُ؟ لِيَذْهَبْ وَيَرْجِعْ إِلَى بَيْتِهِ لِئَلَّا يَمُوتَ فِي ٱلْحَرْبِ فَيَبْتَكِرَهُ رَجُلٌ آخَرُ.,"Apakah di sini ada yang sudah menanami kebun anggurnya, tetapi belum memetik buahnya? Biarlah dia pulang ke rumahnya, supaya dia jangan mati dalam peperangan dan orang lain akan menikmati buahnya.","Siapa yang baru menanami kebun anggur, tetapi belum menikmati hasilnya? Biarlah ia pulang ke rumahnya supaya jangan ia mati dalam peperangan, lalu orang lain yang menikmati hasil kebunnya.",
Ulangan,20,7,Ulangan 20:7,وَمَنْ هُوَ ٱلرَّجُلُ ٱلَّذِي خَطَبَ ٱمْرَأَةً وَلَمْ يَأْخُذْهَا؟ لِيَذْهَبْ وَيَرْجِعْ إِلَى بَيْتِهِ لِئَلَّا يَمُوتَ فِي ٱلْحَرْبِ فَيَأْخُذَهَا رَجُلٌ آخَرُ.,"Apakah di sini ada yang sudah bertunangan? Yang akan kawin? Biarlah dia pulang ke rumahnya, supaya dia jangan mati dalam peperangan dan orang lain akan menikahinya.”","Siapa yang telah bertunangan dengan seorang perempuan, tetapi belum memperistrinya? Biarlah ia pulang ke rumahnya supaya jangan ia mati dalam peperangan, lalu orang lain yang memperistri tunangannya.’",
Ulangan,20,8,Ulangan 20:8,ثُمَّ يَعُودُ ٱلْعُرَفَاءُ يُخَاطِبُونَ ٱلشَّعْبَ وَيَقُولُونَ: مَنْ هُوَ ٱلرَّجُلُ ٱلْخَائِفُ وَٱلضَّعِيفُ ٱلْقَلْبِ؟ لِيَذْهَبْ وَيَرْجِعْ إِلَى بَيْتِهِ لِئَلَّا تَذُوبَ قُلُوبُ إِخْوَتِهِ مِثْلَ قَلْبِهِ.,"Para petugas juga harus berkata lagi kepada rakyat, “Apakah di sini ada yang takut dan berkecil hati? Biarlah dia pulang ke rumahnya sehingga dia tidak membuat tentara lain kehilangan keberaniannya.”","Selanjutnya, para pengatur pasukan harus berbicara lagi kepada pasukan itu demikian, ‘Siapa yang takut dan tawar hati? Biarlah ia pulang ke rumahnya supaya jangan hati saudara-saudaranya menjadi tawar seperti hatinya.’",
Ulangan,20,9,Ulangan 20:9,وَعِنْدَ فَرَاغِ ٱلْعُرَفَاءِ مِنْ مُخَاطَبَةِ ٱلشَّعْبِ يُقِيمُونَ رُؤَسَاءَ جُنُودٍ عَلَى رَأْسِ ٱلشَّعْبِ.,"Kemudian, setelah para petugas itu selesai berbicara kepada rakyat, mereka harus memilih para komandan untuk memimpin rakyat itu.","Setelah para pengatur pasukan selesai berbicara kepada pasukan itu, tentukanlah panglima-panglima perang untuk mengepalai pasukan.",
Ulangan,20,10,Ulangan 20:10,«حِينَ تَقْرُبُ مِنْ مَدِينَةٍ لِكَيْ تُحَارِبَهَا ٱسْتَدْعِهَا إِلَى ٱلصُّلْحِ،,"Apabila kamu sudah mendekati kota yang akan kamu serang, haruslah kamu menyerukan perdamaian.","Apabila kamu mendekati sebuah kota untuk memeranginya, serukanlah perdamaian kepadanya.",
Ulangan,20,11,Ulangan 20:11,فَإِنْ أَجَابَتْكَ إِلَى ٱلصُّلْحِ وَفَتَحَتْ لَكَ، فَكُلُّ ٱلشَّعْبِ ٱلْمَوْجُودِ فِيهَا يَكُونُ لَكَ لِلتَّسْخِيرِ وَيُسْتَعْبَدُ لَكَ.,"Jika mereka menyetujui untuk berdamai dan membuka pintu gerbangnya untukmu, maka semua orang di kota itu akan bekerja untukmu dan menjadi hambamu.","Jika kota itu menanggapi seruan damaimu dan membuka pintu gerbangnya bagimu, maka semua orang yang ada di situ akan menjadi pekerja rodi bagimu dan akan menghambakan diri kepadamu.",
Ulangan,20,12,Ulangan 20:12,وَإِنْ لَمْ تُسَالِمْكَ، بَلْ عَمِلَتْ مَعَكَ حَرْبًا، فَحَاصِرْهَا.,"Akan tetapi, jika kota itu tidak mau berdamai denganmu dan berperang melawanmu, kamu harus mengepung kota itu.","Sebaliknya, jika kota itu tidak mau berdamai denganmu, tetapi malah berperang melawan engkau, maka engkau harus mengepungnya.",
Ulangan,20,13,Ulangan 20:13,وَإِذَا دَفَعَهَا ٱلرَّبُّ إِلَهُكَ إِلَى يَدِكَ فَٱضْرِبْ جَمِيعَ ذُكُورِهَا بِحَدِّ ٱلسَّيْفِ.,"TUHAN, Allahmu akan menyerahkan kota itu ke dalam tanganmu, kamu harus membunuh semua laki-laki yang ada di sana dengan pedang.","Ketika ALLAH, Tuhanmu, menyerahkannya ke dalam tanganmu, tewaskanlah semua laki-lakinya dengan mata pedang.",
Ulangan,20,14,Ulangan 20:14,وَأَمَّا ٱلنِّسَاءُ وَٱلْأَطْفَالُ وَٱلْبَهَائِمُ وَكُلُّ مَا فِي ٱلْمَدِينَةِ، كُلُّ غَنِيمَتِهَا، فَتَغْتَنِمُهَا لِنَفْسِكَ، وَتَأْكُلُ غَنِيمَةَ أَعْدَائِكَ ٱلَّتِي أَعْطَاكَ ٱلرَّبُّ إِلَهُكَ.,"Namun, perempuan, dan anak-anak, dan hewan, dan segala sesuatu yang terdapat di kota untukmu, yaitu seluruh jarahannya, kamu ambil sebagai barang jarahan untuk diri sendiri. Kamu akan memakan barang jarahan dari musuhmu yang telah TUHAN, Allahmu berikan kepadamu.","Sedangkan perempuan, anak-anak, ternak, dan segala yang ada di dalam kota itu, yaitu seluruh jarahan, boleh kaurampas bagi dirimu. Engkau boleh menikmati jarahan dari musuh-musuhmu, yang diserahkan ALLAH, Tuhanmu, kepadamu.",
Ulangan,20,15,Ulangan 20:15,هَكَذَا تَفْعَلُ بِجَمِيعِ ٱلْمُدُنِ ٱلْبَعِيدَةِ مِنْكَ جِدًّا ٱلَّتِي لَيْسَتْ مِنْ مُدُنِ هَؤُلَاءِ ٱلْأُمَمِ هُنَا.,"Demikianlah, kamu harus melakukannya terhadap kota-kota yang jauh darimu, yang tidak termasuk kota-kota dari bangsa-bangsa ini.","Demikianlah harus kauperlakukan semua kota yang letaknya sangat jauh darimu, yang tidak termasuk kota-kota bangsa-bangsa di sini.",
Ulangan,20,16,Ulangan 20:16,وَأَمَّا مُدُنُ هَؤُلَاءِ ٱلشُّعُوبِ ٱلَّتِي يُعْطِيكَ ٱلرَّبُّ إِلَهُكَ نَصِيبًا فَلَا تَسْتَبْقِ مِنْهَا نَسَمَةً مَّا،,"Akan tetapi, kota-kota dari bangsa yang diberikan oleh TUHAN, Allahmu, kepadamu sebagai milik pusaka, janganlah kamu membiarkan hidup apa pun yang bernapas.","Akan tetapi, dari kota-kota bangsa-bangsa ini, yang telah dikaruniakan ALLAH, Tuhanmu, kepadamu sebagai milik pusaka, jangan biarkan hidup apa pun yang bernapas.",
Ulangan,20,17,Ulangan 20:17,بَلْ تُحَرِّمُهَا تَحْرِيمًا: ٱلْحِثِّيِّينَ وَٱلْأَمُورِيِّينَ وَٱلْكَنْعَانِيِّينَ وَٱلْفِرِزِّيِّينَ وَٱلْحِوِّيِّينَ وَٱلْيَبُوسِيِّينَ، كَمَا أَمَرَكَ ٱلرَّبُّ إِلَهُكَ،,"Namun, kamu harus membinasakan semuanya: orang Het, orang Amori, orang Kanaan, orang Feris, orang Hewi, dan orang Yebus, seperti yang telah TUHAN, Allahmu perintahkan kepadamu.","Tumpaslah sama sekali orang Het, orang Amori, orang Kanaan, orang Feris, orang Hewi, dan orang Yebus, seperti yang diperintahkan ALLAH, Tuhanmu, kepadamu.",
Ulangan,20,18,Ulangan 20:18,لِكَيْ لَا يُعَلِّمُوكُمْ أَنْ تَعْمَلُوا حَسَبَ جَمِيعِ أَرْجَاسِهِمِ ٱلَّتِي عَمِلُوا لِآلِهَتِهِمْ، فَتُخْطِئُوا إِلَى ٱلرَّبِّ إِلَهِكُمْ.,"Dengan demikian, mereka tidak akan mengajarmu untuk melakukan hal-hal menjijikkan yang telah mereka lakukan kepada ilah-ilah mereka sehingga kamu berdosa kepada TUHAN, Allahmu.","Maksudnya ialah supaya mereka tidak mengajari kamu melakukan segala hal keji yang mereka lakukan bagi dewa-dewa mereka sehingga kamu berdosa terhadap ALLAH, Tuhanmu.",
Ulangan,20,19,Ulangan 20:19,«إِذَا حَاصَرْتَ مَدِينَةً أَيَّامًا كَثِيرَةً مُحَارِبًا إِيَّاهَا لِكَيْ تَأْخُذَهَا، فَلَا تُتْلِفْ شَجَرَهَا بِوَضْعِ فَأْسٍ عَلَيْهِ. إِنَّكَ مِنْهُ تَأْكُلُ. فَلَا تَقْطَعْهُ. لِأَنَّهُ هَلْ شَجَرَةُ ٱلْحَقْلِ إِنْسَانٌ حَتَّى يَذْهَبَ قُدَّامَكَ فِي ٱلْحِصَارِ؟,"Apabila kamu mengepung suatu kota selama beberapa hari lamanya lalu memerangi dan merebutnya, janganlah kamu merusak pohon-pohon sekelilingnya dengan mengayunkan kapak. Buahnya boleh kamu makan, tetapi jangan menebangnya. Pohon-pohon ini bukanlah musuhmu, mengapa kamu mengepungnya?","Apabila engkau mengepung sebuah kota beberapa hari lamanya, kemudian memeranginya untuk merebutnya, jangan kaurusak pohon-pohon dengan kapak karena engkau dapat memakan buahnya. Jangan tebang pohon-pohon itu. Manusiakah pohon-pohon di ladang itu sehingga semuanya harus turut kaukepung?",
Ulangan,20,20,Ulangan 20:20,وَأَمَّا ٱلشَّجَرُ ٱلَّذِي تَعْرِفُ أَنَّهُ لَيْسَ شَجَرًا يُؤْكَلُ مِنْهُ، فَإِيَّاهُ تُتْلِفُ وَتَقْطَعُ وَتَبْنِي حِصْنًا عَلَى ٱلْمَدِينَةِ ٱلَّتِي تَعْمَلُ مَعَكَ حَرْبًا حَتَّى تَسْقُطَ.,Pohon yang kamu ketahui tidak menghasilkan buah boleh kamu rusak dan tebang untuk membangun pagar pengepungan terhadap kota yang melawanmu sampai kota itu jatuh.,"Tetapi, pohon yang kauketahui bukan pohon yang dapat dimakan buahnya boleh kaurusak dan kautebang untuk membangun pagar pengepungan terhadap kota yang berperang melawan engkau sampai kota itu jatuh.",
Ulangan,21,1,Ulangan 21:1,«إِذَا وُجِدَ قَتِيلٌ فِي ٱلْأَرْضِ ٱلَّتِي يُعْطِيكَ ٱلرَّبُّ إِلَهُكَ لِتَمْتَلِكَهَا وَاقِعًا فِي ٱلْحَقْلِ، لَا يُعْلَمُ مَنْ قَتَلَهُ،,"Jika di tanah yang TUHAN, Allahmu, berikan kepadamu untuk kamu miliki, ditemukan orang yang mati dibunuh dan terkapar di ladang, tetapi tidak ada yang tahu siapa yang membunuhnya.","Jika seseorang didapati terbunuh di tanah yang dikaruniakan ALLAH, Tuhanmu, kepadamu untuk diduduki, dan mayatnya terkapar di padang tanpa diketahui siapa yang membunuhnya,",
Ulangan,21,2,Ulangan 21:2,يَخْرُجُ شُيُوخُكَ وَقُضَاتُكَ وَيَقِيسُونَ إِلَى ٱلْمُدُنِ ٱلَّتِي حَوْلَ ٱلْقَتِيلِ.,Para tua-tuamu dan hakimmu harus pergi keluar dan mengukur jarak ke kota-kota yang dekat dengan orang yang dibunuh itu.,maka para tua-tuamu dan para hakimmu harus pergi mengukur jarak dari tempat orang yang terbunuh itu ke kota-kota yang ada di sekelilingnya.,
Ulangan,21,3,Ulangan 21:3,فَٱلْمَدِينَةُ ٱلْقُرْبَى مِنَ ٱلْقَتِيلِ، يَأْخُذُ شُيُوخُ تِلْكَ ٱلْمَدِينَةِ عِجْلَةً مِنَ ٱلْبَقَرِ لَمْ يُحْرَثْ عَلَيْهَا، لَمْ تَجُرَّ بِٱلنِّيرِ.,"Di kota yang terdekat dengan orang yang dibunuh itu, maka para tua-tua kota itu harus mengambil seekor sapi betina, yang belum pernah bekerja dan menarik kuk.","Setelah didapati kota yang terdekat dengan orang yang terbunuh itu, maka para tua-tua kota itu harus mengambil seekor sapi betina muda yang belum pernah dipekerjakan dan yang belum pernah dikenakan kuk.",
Ulangan,21,4,Ulangan 21:4,وَيَنْحَدِرُ شُيُوخُ تِلْكَ ٱلْمَدِينَةِ بِٱلْعِجْلَةِ إِلَى وَادٍ دَائِمِ ٱلسَّيَلَانِ لَمْ يُحْرَثْ فِيهِ وَلَمْ يُزْرَعْ، وَيَكْسِرُونَ عُنُقَ ٱلْعِجْلَةِ فِي ٱلْوَادِي.,"Para pemimpin kota itu harus membawa sapi itu ke sebuah lembah yang berair, yang belum pernah dikerjakan atau ditanami dan harus mematahkan batang leher sapi muda di dalam lembah itu.","Kemudian, para tua-tua kota itu harus membawa sapi muda itu turun ke lembah berair yang belum pernah digarap dan belum pernah ditaburi. Di sana, di lembah itu, mereka harus mematahkan batang leher sapi muda itu.",
Ulangan,21,5,Ulangan 21:5,ثُمَّ يَتَقَدَّمُ ٱلْكَهَنَةُ بَنُو لَاوِي، لِأَنَّهُ إِيَّاهُمُ ٱخْتَارَ ٱلرَّبُّ إِلَهُكَ لِيَخْدِمُوهُ وَيُبَارِكُوا بِٱسْمِ ٱلرَّبِّ، وَحَسَبَ قَوْلِهِمْ تَكُونُ كُلُّ خُصُومَةٍ وَكُلُّ ضَرْبَةٍ،,"Para imam, keturunan Lewi harus mendekat karena TUHAN, Allahmu, telah memilih mereka untuk melayani Dia dan memberkati mereka dalam nama TUHAN. Dan, setiap perselisihan atau serangan akan diuji oleh mereka.","Setelah itu, para imam bani Lewi harus datang mendekat karena merekalah yang dipilih ALLAH, Tuhanmu, untuk menyelenggarakan ibadah bagi-Nya dan untuk menyampaikan berkah atas nama ALLAH. Berdasarkan keputusan merekalah segala persengketaan dan segala perkelahian harus diselesaikan.",
Ulangan,21,6,Ulangan 21:6,وَيَغْسِلُ جَمِيعُ شُيُوخِ تِلْكَ ٱلْمَدِينَةِ ٱلْقَرِيبِينَ مِنَ ٱلْقَتِيلِ أَيْدِيَهُمْ عَلَى ٱلْعِجْلَةِ ٱلْمَكْسُورَةِ ٱلْعُنُقِ فِي ٱلْوَادِي،,Semua tua-tua kota yang terdekat dengan orang yang terbunuh itu harus membasuh tangannya di atas sapi betina muda yang lehernya telah dipatahkan itu di lembah.,"Kemudian, semua tua-tua dari kota yang terdekat dengan tempat orang yang terbunuh itu harus membasuh tangannya di atas sapi muda yang batang lehernya dipatahkan di lembah itu.",
Ulangan,21,7,Ulangan 21:7,وَيُصَرِّحُونَ وَيَقُولُونَ: أَيْدِينَا لَمْ تَسْفِكْ هَذَا ٱلدَّمَ، وَأَعْيُنُنَا لَمْ تُبْصِرْ.,"Mereka menjawab dengan berkata, “Tangan kami tidak mencurahkan darah ini dan mata kami tidak melihatnya.","Mereka harus berkata, ‘Bukan tangan kami yang menumpahkan darah ini dan mata kami pun tidak melihatnya.",
Ulangan,21,8,Ulangan 21:8,اِغْفِرْ لِشَعْبِكَ إِسْرَائِيلَ ٱلَّذِي فَدَيْتَ يَا رَبُّ، وَلَا تَجْعَلْ دَمَ بَرِيءٍ فِي وَسَطِ شَعْبِكَ إِسْرَائِيلَ. فَيُغْفَرُ لَهُمُ ٱلدَّمُ.,"Ampuni umat-Mu Israel yang telah Engkau tebus, ya TUHAN. Janganlah Engkau tanggungkan darah orang yang tidak bersalah ke tengah-tengah umat-Mu, Israel.” Dengan demikian, darah itu menjadi penebus mereka.","Adakanlah pendamaian bagi umat-Mu Israil yang telah Kaubebaskan, ya ALLAH, dan janganlah tanggungkan darah orang yang tak bersalah ke tengah-tengah umat-Mu Israil.’ Maka, mereka akan diampuni karena darah itu.",
Ulangan,21,9,Ulangan 21:9,فَتَنْزِعُ ٱلدَّمَ ٱلْبَرِيءَ مِنْ وَسَطِكَ إِذَا عَمِلْتَ ٱلصَّالِحَ فِي عَيْنَيِ ٱلرَّبِّ.,"Jadi, kamu harus menghapuskan darah orang yang tidak bersalah itu dari tengah-tengahmu, dengan demikian kamu melakukan apa yang benar di mata TUHAN.",Demikianlah harus kauhapuskan darah orang yang tak bersalah itu dari tengah-tengahmu sebab dengan demikian engkau melakukan apa yang benar dalam pandangan ALLAH.,
Ulangan,21,10,Ulangan 21:10,«إِذَا خَرَجْتَ لِمُحَارَبَةِ أَعْدَائِكَ وَدَفَعَهُمُ ٱلرَّبُّ إِلَهُكَ إِلَى يَدِكَ، وَسَبَيْتَ مِنْهُمْ سَبْيًا،,"Ketika kamu berperang melawan musuhmu, dan TUHAN, Allahmu, menyerahkan mereka ke dalam tanganmu dan membawa mereka sebagai tawanan.","Apabila engkau pergi berperang melawan musuh-musuhmu dan ALLAH, Tuhanmu, menyerahkan mereka ke dalam tanganmu sehingga engkau membawa mereka sebagai tawanan,",
Ulangan,21,11,Ulangan 21:11,وَرَأَيْتَ فِي ٱلسَّبْيِ ٱمْرَأَةً جَمِيلَةَ ٱلصُّورَةِ، وَٱلْتَصَقْتَ بِهَا وَٱتَّخَذْتَهَا لَكَ زَوْجَةً،,"Dan, kamu melihat seorang perempuan cantik di antara para tawanan itu sehingga kamu memiliki keinginan untuk menjadikan dia sebagai istrimu.","kemudian di antara para tawanan itu engkau melihat seorang perempuan yang cantik parasnya sehingga engkau terpaut kepadanya dan hendak memperistrinya,",
Ulangan,21,12,Ulangan 21:12,فَحِينَ تُدْخِلُهَا إِلَى بَيْتِكَ تَحْلِقُ رَأْسَهَا وَتُقَلِّمُ أَظْفَارَهَا,"Maka, kamu harus membawanya ke rumahmu dan perempuan itu haruslah mencukur rambutnya dan memotong kukunya.","maka engkau harus membawanya masuk ke rumahmu. Ia harus mencukur rambut kepalanya, memotong kukunya,",
Ulangan,21,13,Ulangan 21:13,وَتَنْزِعُ ثِيَابَ سَبْيِهَا عَنْهَا، وَتَقْعُدُ فِي بَيْتِكَ وَتَبْكِي أَبَاهَا وَأُمَّهَا شَهْرًا مِنَ ٱلزَّمَانِ، ثُمَّ بَعْدَ ذَلِكَ تَدْخُلُ عَلَيْهَا وَتَتَزَوَّجُ بِهَا، فَتَكُونُ لَكَ زَوْجَةً.,"Dia harus menanggalkan pakaian tawanannya dan dia akan tetap tinggal di rumahmu dan berdukacita atas ayah dan ibunya selama sebulan penuh. Sesudah itu, kamu boleh mengawini dan menghampirinya, dan dia akan menjadi istrimu.","menanggalkan pakaian yang dipakainya sewaktu ditawan, dan tinggal di rumahmu untuk meratapi ibu-bapaknya selama sebulan penuh. Setelah itu, barulah engkau boleh kawin dengan dia—engkau menjadi suaminya dan ia menjadi istrimu.",
Ulangan,21,14,Ulangan 21:14,وَإِنْ لَمْ تُسَرَّ بِهَا فَأَطْلِقْهَا لِنَفْسِهَا. لَا تَبِعْهَا بَيْعًا بِفِضَّةٍ، وَلَا تَسْتَرِقَّهَا مِنْ أَجْلِ أَنَّكَ قَدْ أَذْلَلْتَهَا.,"Jika kamu tidak suka lagi kepadanya, biarkanlah dia pergi sesuka hatinya. Kamu tidak boleh menjualnya demi uang. Kamu tidak boleh menganggapnya budak karena kamu telah merendahkannya.","Nanti, jika engkau tidak menyukainya lagi, biarkanlah dia pergi sesuka hatinya. Jangan sekali-kali menjual dia demi uang, dan jangan perlakukan dia seperti hamba sebab engkau telah merendahkannya.",
Ulangan,21,15,Ulangan 21:15,«إِذَا كَانَ لِرَجُلٍ ٱمْرَأَتَانِ، إِحْدَاهُمَا مَحْبُوبَةٌ وَٱلْأُخْرَى مَكْرُوهَةٌ، فَوَلَدَتَا لَهُ بَنِينَ، ٱلْمَحْبُوبَةُ وَٱلْمَكْرُوهَةُ. فَإِنْ كَانَ ٱلِٱبْنُ ٱلْبِكْرُ لِلْمَكْرُوهَةِ،,"Jika seseorang memiliki dua istri, yang seorang dicintai dan yang lain tidak dicintai, dan keduanya, baik yang dicintai dan yang tidak dicintai melahirkan seorang anak laki-laki baginya, dan anak sulung lahir dari istri yang tidak dicintainya.","Seandainya seorang laki-laki mempunyai dua orang istri, yang seorang dicintainya dan yang seorang lagi tidak dicintainya. Keduanya, baik yang dicintai maupun yang tidak dicintai itu, melahirkan anak laki-laki baginya dan anak laki-laki yang sulung berasal dari istri yang tidak dicintai.",
Ulangan,21,16,Ulangan 21:16,فَيَوْمَ يَقْسِمُ لِبَنِيهِ مَا كَانَ لَهُ، لَا يَحِلُّ لَهُ أَنْ يُقَدِّمَ ٱبْنَ ٱلْمَحْبُوبَةِ بِكْرًا عَلَى ٱبْنِ ٱلْمَكْرُوهَةِ ٱلْبِكْرِ،,"Suatu saat nanti, ketika orang itu membagikan harta warisan kepada anak-anaknya, dia tidak dapat memberikan hak anak sulung kepada anak yang lahir dari istri yang dicintainya.","Kelak, pada waktu ia membagikan harta miliknya sebagai pusaka kepada anak-anaknya, anak dari istri yang dicintainya tidak boleh dijadikannya sebagai anak sulung menggantikan anak sulung sesungguhnya dari istri yang tidak dicintainya.",
Ulangan,21,17,Ulangan 21:17,بَلْ يَعْرِفُ ٱبْنَ ٱلْمَكْرُوهَةِ بِكْرًا لِيُعْطِيَهُ نَصِيبَ ٱثْنَيْنِ مِنْ كُلِّ مَا يُوجَدُ عِنْدَهُ، لِأَنَّهُ هُوَ أَوَّلُ قُدْرَتِهِ. لَهُ حَقُّ ٱلْبَكُورِيَّةِ.,Dia harus menerima anak laki-laki pertama dari istri yang tidak dicintainya dengan memberikan kepada anak sulungnya dua kali lipat dari setiap yang dimilikinya karena anak itulah anak sulungnya. Hak sebagai anak sulung berlaku padanya.,"Ia harus mengakui anak sulung itu, yaitu anak dari istri yang tidak dicintainya, dengan memberikan kepadanya dua bagian dari segala yang ada padanya. Karena anak itu adalah permulaan keperkasaannya, maka dialah yang mempunyai hak kesulungan.",
Ulangan,21,18,Ulangan 21:18,«إِذَا كَانَ لِرَجُلٍ ٱبْنٌ مُعَانِدٌ وَمَارِدٌ لَا يَسْمَعُ لِقَوْلِ أَبِيهِ وَلَا لِقَوْلِ أُمِّهِ، وَيُؤَدِّبَانِهِ فَلَا يَسْمَعُ لَهُمَا.,"Jika seseorang memiliki seorang anak laki-laki yang keras kepala dan pemberontak yang tidak patuh terhadap perintah ayah atau ibunya. Mereka sudah menghukum anak itu, tetapi dia masih tetap tidak mendengarkan mereka.","Jika seseorang mempunyai anak laki-laki yang pembangkang dan durhaka, tidak mau mendengarkan perkataan ayahnya atau ibunya, bahkan sekalipun mereka menghukumnya ia tidak juga mau mendengarkan mereka,",
Ulangan,21,19,Ulangan 21:19,يُمْسِكُهُ أَبُوهُ وَأُمُّهُ وَيَأْتِيَانِ بِهِ إِلَى شُيُوخِ مَدِينَتِهِ وَإِلَى بَابِ مَكَانِهِ،,Ayah dan ibunya harus menangkapnya dan membawanya kepada para tua-tua kota di pintu gerbang kota.,"maka ayah dan ibunya harus memegang dia dan membawanya keluar, menghadap para tua-tua kota di pintu gerbang kota tempat tinggalnya.",
Ulangan,21,20,Ulangan 21:20,وَيَقُولَانِ لِشُيُوخِ مَدِينَتِهِ: ٱبْنُنَا هَذَا مُعَانِدٌ وَمَارِدٌ لَا يَسْمَعُ لِقَوْلِنَا، وَهُوَ مُسْرِفٌ وَسِكِّيرٌ.,"Mereka harus berkata kepada para tua-tua kota, “Anak kami keras kepala dan pemberontak. Dia tidak patuh kepada kami, dia juga rakus dan peminum.”","Mereka harus berkata kepada para tua-tua kotanya, ‘Anak kami ini pembangkang dan durhaka. Ia tidak mau mendengarkan perkataan kami. Ia pun seorang yang rakus dan peminum.’",
Ulangan,21,21,Ulangan 21:21,فَيَرْجُمُهُ جَمِيعُ رِجَالِ مَدِينَتِهِ بِحِجَارَةٍ حَتَّى يَمُوتَ. فَتَنْزِعُ ٱلشَّرَّ مِنْ بَيْنِكُمْ، وَيَسْمَعُ كُلُّ إِسْرَائِيلَ وَيَخَافُونَ.,"Kemudian, orang-orang di kota itu harus melemparinya dengan batu sampai mati. Dengan melakukan ini, kamu akan menjauhkan kejahatan dari tengah-tengahmu. Setiap orang Israel akan mendengar tentang ini dan menjadi takut.","Kemudian, seluruh penduduk kotanya harus merajamnya dengan batu sampai mati. Demikianlah harus kausingkirkan yang jahat itu dari antaramu. Maka, semua orang Israil akan mendengar hal itu dan menjadi takut.",
Ulangan,21,22,Ulangan 21:22,«وَإِذَا كَانَ عَلَى إِنْسَانٍ خَطِيَّةٌ حَقُّهَا ٱلْمَوْتُ، فَقُتِلَ وَعَلَّقْتَهُ عَلَى خَشَبَةٍ،,"Jika seorang laki-laki berbuat dosa dan patut dihukum mati lalu dia dihukum mati dan kamu menggantungkannya di pohon,","Jika seseorang berbuat dosa dan patut mendapat hukuman mati, kemudian ia dijatuhi hukuman mati dan engkau menggantungnya pada sebuah tiang,",
Ulangan,21,23,Ulangan 21:23,فَلَا تَبِتْ جُثَّتُهُ عَلَى ٱلْخَشَبَةِ، بَلْ تَدْفِنُهُ فِي ذَلِكَ ٱلْيَوْمِ، لِأَنَّ ٱلْمُعَلَّقَ مَلْعُونٌ مِنَ ٱللهِ. فَلَا تُنَجِّسْ أَرْضَكَ ٱلَّتِي يُعْطِيكَ ٱلرَّبُّ إِلَهُكَ نَصِيبًا.,"jangan biarkan mayatnya tergantung di pohon sepanjang malam. Kamu harus menguburnya pada hari yang sama. Karena siapa pun yang digantung dikutuk oleh Allah. Oleh sebab itu, kamu jangan menajiskan tanah yang diberikan kepadamu oleh TUHAN, Allahmu, sebagai milik pusakamu.","maka jangan biarkan mayatnya tergantung semalaman pada tiang itu, tetapi kuburkanlah dia pada hari itu juga karena orang yang digantung adalah orang yang dikutuk Allah. Jangan kaunajiskan tanah yang dikaruniakan ALLAH, Tuhanmu, kepadamu sebagai milik pusaka.",
Ulangan,22,1,Ulangan 22:1,«لَا تَنْظُرْ ثَوْرَ أَخِيكَ أَوْ شَاتَهُ شَارِدًا وَتَتَغَاضَى عَنْهُ، بَلْ تَرُدُّهُ إِلَى أَخِيكَ لَا مَحَالَةَ.,Janganlah kamu pura-pura tidak melihat sapi atau domba saudaramu yang tersesat. Kamu harus mengembalikannya kepada saudaramu itu.,"Apabila engkau melihat sapi atau domba saudaramu tersesat, jangan pura-pura tidak tahu. Engkau harus memulangkan hewan itu kepada saudaramu.",
Ulangan,22,2,Ulangan 22:2,وَإِنْ لَمْ يَكُنْ أَخُوكَ قَرِيبًا مِنْكَ أَوْ لَمْ تَعْرِفْهُ، فَضُمَّهُ إِلَى دَاخِلِ بَيْتِكَ. وَيَكُونُ عِنْدَكَ حَتَّى يَطْلُبَهُ أَخُوكَ، حِينَئِذٍ تَرُدُّهُ إِلَيْهِ.,"Jika saudaramu itu tidak tinggal dekatmu atau kamu tidak mengenalnya maka bawalah sapi atau domba itu ke rumahmu sampai pemiliknya datang mencarinya, lalu kembalikan itu kepadanya.","Jika saudaramu itu tidak tinggal dekat denganmu atau jika engkau tidak mengenalnya, bawalah hewan itu ke rumahmu untuk tinggal padamu sampai saudaramu mencarinya. Kemudian, pulangkanlah hewan itu kepadanya.",
Ulangan,22,3,Ulangan 22:3,وَهَكَذَا تَفْعَلُ بِحِمَارِهِ، وَهَكَذَا تَفْعَلُ بِثِيَابِهِ، وَهَكَذَا تَفْعَلُ بِكُلِّ مَفْقُودٍ لِأَخِيكَ يُفْقَدُ مِنْهُ وَتَجِدُهُ. لَا يَحِلُّ لَكَ أَنْ تَتَغَاضَى.,"Kamu juga harus berbuat yang sama terhadap keledainya dan lakukanlah yang sama juga untuk pakaiannya, dan kamu harus melakukan yang sama terhadap barang apa pun yang hilang dari saudaramu yang kamu temukan. Janganlah kamu berpura-pura tidak tahu.","Perbuatlah demikian juga dengan keledainya, pakaiannya, dan segala barang milik saudaramu yang hilang, namun kautemukan. Engkau tidak boleh pura-pura tidak tahu.",
Ulangan,22,4,Ulangan 22:4,لَا تَنْظُرْ حِمَارَ أَخِيكَ أَوْ ثَوْرَهُ وَاقِعًا فِي ٱلطَّرِيقِ وَتَتَغَافَلُ عَنْهُ بَلْ تُقِيمُهُ مَعَهُ لَا مَحَالَةَ.,"Apabila keledai atau sapi saudaramu terjatuh di jalan, janganlah kamu pura-pura tidak tahu. Kamu harus menolong saudaramu itu untuk membangunkannya.","Apabila engkau melihat keledai atau sapi saudaramu rebah di jalan, jangan pura-pura tidak tahu, melainkan bantulah saudaramu membangunkannya.",
Ulangan,22,5,Ulangan 22:5,«لَا يَكُنْ مَتَاعُ رَجُلٍ عَلَى ٱمْرَأَةٍ، وَلَا يَلْبَسْ رَجُلٌ ثَوْبَ ٱمْرَأَةٍ، لِأَنَّ كُلَّ مَنْ يَعْمَلُ ذَلِكَ مَكْرُوهٌ لَدَى ٱلرَّبِّ إِلَهِكَ.,"Seorang perempuan jangan mengenakan pakaian laki-laki, dan laki-laki jangan memakai pakaian perempuan. Barang siapa yang melakukan hal-hal tersebut adalah kekejian bagi TUHAN, Allahmu.","Seorang perempuan tidak boleh memakai pakaian laki-laki, dan seorang laki-laki tidak boleh memakai pakaian perempuan. ALLAH, Tuhanmu, memandang keji siapa pun yang berbuat demikian.",
Ulangan,22,6,Ulangan 22:6,«إِذَا ٱتَّفَقَ قُدَّامَكَ عُشُّ طَائِرٍ فِي ٱلطَّرِيقِ فِي شَجَرَةٍ مَّا أَوْ عَلَى ٱلْأَرْضِ، فِيهِ فِرَاخٌ أَوْ بَيْضٌ، وَٱلْأُمُّ حَاضِنَةٌ ٱلْفِرَاخَ أَوِ ٱلْبَيْضَ، فَلَا تَأْخُذِ ٱلْأُمَّ مَعَ ٱلْأَوْلَادِ.,"Jika kamu menemukan sarang burung di sepanjang jalan, baik di pohon maupun di tanah, dengan anak-anak burung atau telur-telurnya, dan induknya sedang melindungi anak-anak atau telur-telur itu, janganlah kamu ambil induknya bersama anak-anaknya.","Jika engkau menemukan sarang burung di perjalanan, baik di pohon atau pun di tanah, dengan anak-anak burung atau telur-telur di dalamnya serta sang induk yang sedang melindungi anak-anak atau telur-telur itu, jangan kauambil sang induk bersama anak-anaknya.",
Ulangan,22,7,Ulangan 22:7,أَطْلِقِ ٱلْأُمَّ وَخُذْ لِنَفْسِكَ ٱلْأَوْلَادَ، لِكَيْ يَكُونَ لَكَ خَيْرٌ وَتُطِيلَ ٱلْأَيَّامَ.,"Biarkanlah induknya pergi, tetapi anak-anaknya boleh kamu ambil untukmu, supaya baik keadaanmu dan panjang umurmu.","Anak-anaknya boleh kauambil, tetapi sang induk harus kaulepaskan supaya baik keadaanmu dan lanjut umurmu.",
Ulangan,22,8,Ulangan 22:8,«إِذَا بَنَيْتَ بَيْتًا جَدِيدًا، فَٱعْمَلْ حَائِطًا لِسَطْحِكَ لِئَلَّا تَجْلِبَ دَمًا عَلَى بَيْتِكَ إِذَا سَقَطَ عَنْهُ سَاقِطٌ.,"Ketika kamu membangun sebuah rumah baru, kamu harus membuat tembok pembatas untuk atap rumahmu. Dengan demikian, kamu tidak berutang darah jika ada orang yang terjatuh dari situ.","Apabila engkau membangun rumah baru, buatlah pagar bagi sotohmu supaya jangan kautanggungkan darah atas rumahmu jika seseorang jatuh dari situ.",
Ulangan,22,9,Ulangan 22:9,«لَا تَزْرَعْ حَقْلَكَ صِنْفَيْنِ، لِئَلَّا يَتَقَدَّسَ ٱلْمِلْءُ: ٱلزَّرْعُ ٱلَّذِي تَزْرَعُ وَمَحْصُولُ ٱلْحَقْلِ.,"Janganlah kamu menanami kebun anggurmu dengan beragam jenis benih, supaya seluruh hasil benih yang kamu taburkan dan hasil dari kebun anggur itu tidak tercemar.",Jangan taburi kebun anggurmu dengan dua jenis benih supaya jangan seluruh hasil kebun anggurmu termasuk benih lain yang kautaburkan itu menjadi milik tempat suci.,
Ulangan,22,10,Ulangan 22:10,لَا تَحْرُثْ عَلَى ثَوْرٍ وَحِمَارٍ مَعًا.,Jangan membajak dengan sapi dan keledai bersama-sama.,Jangan membajak dengan sapi dan keledai secara bersamaan.,
Ulangan,22,11,Ulangan 22:11,لَا تَلْبَسْ ثَوْبًا مُخْتَلَطًا صُوفًا وَكَتَّانًا مَعًا.,"Jangan mengenakan pakaian dari beragam jenis bahan, bulu domba yang ditenun bersama kain linen.","Jangan kenakan pakaian dari bahan campuran, yaitu bulu domba dan lenan, secara bersamaan.",
Ulangan,22,12,Ulangan 22:12,«اِعْمَلْ لِنَفْسِكَ جَدَائِلَ عَلَى أَرْبَعَةِ أَطْرَافِ ثَوْبِكَ ٱلَّذِي تَتَغَطَّى بِهِ.,Buatlah rumbai pada keempat sudut pakaianmu yang menutupi tubuhmu.,Buatlah untaian tali pada keempat punca pakaian yang menutupi tubuhmu.,
Ulangan,22,13,Ulangan 22:13,«إِذَا ٱتَّخَذَ رَجُلٌ ٱمْرَأَةً وَحِينَ دَخَلَ عَلَيْهَا أَبْغَضَهَا،,"Jika seorang laki-laki menikahi seorang perempuan dan menghampirinya, kemudian dia menjadi benci kepadanya,","Seandainya seorang laki-laki memperistri seorang perempuan, tetapi setelah bercampur dengannya ia tidak mencintainya lagi,",
Ulangan,22,14,Ulangan 22:14,وَنَسَبَ إِلَيْهَا أَسْبَابَ كَلَامٍ، وَأَشَاعَ عَنْهَا ٱسْمًا رَدِيًّا، وَقَالَ: هَذِهِ ٱلْمَرْأَةُ ٱتَّخَذْتُهَا وَلَمَّا دَنَوْتُ مِنْهَا لَمْ أَجِدْ لَهَا عُذْرَةً.,"bahkan, dia menuduh dengan hal-hal yang memalukan dan memfitnah dengan berkata, “Aku telah mengambil perempuan ini, tetapi ketika aku menghampirinya, aku tidak mendapati tanda keperawanannya.”","bahkan ia menuduhkan hal yang memalukan atas perempuan itu dan membusukkan namanya dengan berkata, ‘Aku telah memperistri perempuan ini, tetapi setelah aku menghampirinya tidak kudapati padanya tanda-tanda keperawanan.’",
Ulangan,22,15,Ulangan 22:15,يَأْخُذُ ٱلْفَتَاةَ أَبُوهَا وَأُمُّهَا وَيُخْرِجَانِ عَلَامَةَ عُذْرَتِهَا إِلَى شُيُوخِ ٱلْمَدِينَةِ إِلَى ٱلْبَابِ،,Maka ayah dari perempuan tersebut dan ibunya harus membuktikan keperawanan perempuan itu dan membawanya kepada tua-tua kota di tempat pertemuan.,"Maka, ayah gadis itu beserta ibunya harus mengambil tanda-tanda keperawanan gadis itu dan membawanya kepada para tua-tua kota di pintu gerbang.",
Ulangan,22,16,Ulangan 22:16,وَيَقُولُ أَبُو ٱلْفَتَاةِ لِلشُّيُوخِ: أَعْطَيْتُ هَذَا ٱلرَّجُلَ ٱبْنَتِي زَوْجَةً فَأَبْغَضَهَا.,"Ayah perempuan itu harus mengatakan kepada pemimpin itu, “Aku telah memberikan anakku kepada orang ini untuk menjadi istrinya, tetapi sekarang orang itu membencinya.","Ayah gadis itu harus berkata kepada para tua-tua, ‘Aku telah memberikan anakku kepada laki-laki ini untuk menjadi istrinya, tetapi kemudian ia tidak mencintainya lagi.",
Ulangan,22,17,Ulangan 22:17,وَهَا هُوَ قَدْ جَعَلَ أَسْبَابَ كَلَامٍ قَائِلًا: لَمْ أَجِدْ لِبِنْتِكَ عُذْرَةً. وَهَذِهِ عَلَامَةُ عُذْرَةِ ٱبْنَتِي. وَيَبْسُطَانِ ٱلثَّوْبَ أَمَامَ شُيُوخِ ٱلْمَدِينَةِ.,"Orang ini menuduh anakku melakukan perbuatan yang memalukan dengan berkata, ‘Aku tidak menemukan bahwa anakmu perawan’. Namun, inilah buktinya bahwa anakku perawan.” Mereka harus membentangkan kain tempat tidur itu kepada para tua-tua kota.","Bahkan ia menuduhkan hal yang memalukan dengan berkata, “Aku tidak mendapati tanda-tanda keperawanan pada anakmu.” Inilah tanda-tanda keperawanan anakku.’ Kemudian, mereka harus membentangkan pakaian itu di hadapan para tua-tua kota.",
Ulangan,22,18,Ulangan 22:18,فَيَأْخُذُ شُيُوخُ تِلْكَ ٱلْمَدِينَةِ ٱلرَّجُلَ وَيُؤَدِّبُونَهُ,"Kemudian, pemimpin kota itu harus menangkap orang itu dan menghukumnya.","Selanjutnya, para tua-tua kota itu harus mengambil laki-laki itu dan menghukumnya",
Ulangan,22,19,Ulangan 22:19,وَيُغْرِمُونَهُ بِمِئَةٍ مِنَ ٱلْفِضَّةِ، وَيُعْطُونَهَا لِأَبِي ٱلْفَتَاةِ، لِأَنَّهُ أَشَاعَ ٱسْمًا رَدِيًّا عَنْ عَذْرَاءَ مِنْ إِسْرَائِيلَ. فَتَكُونُ لَهُ زَوْجَةً. لَا يَقْدِرُ أَنْ يُطَلِّقَهَا كُلَّ أَيَّامِهِ.,"Mereka harus mendendanya sebanyak 100 keping perak untuk diberikan kepada ayah perempuan itu karena orang itu mencemarkan nama seorang perawan Israel. Dan, dia akan tetap menjadi istrinya. Laki-laki itu tidak dapat menceraikannya selama hidupnya.","serta mendendanya seratus syikal perak untuk diberikan kepada ayah si gadis sebab ia telah membusukkan nama seorang perawan Israil. Perempuan itu harus tetap menjadi istrinya, dan ia tidak boleh mengusir perempuan itu seumur hidupnya.",
Ulangan,22,20,Ulangan 22:20,«وَلَكِنْ إِنْ كَانَ هَذَا ٱلْأَمْرُ صَحِيحًا، لَمْ تُوجَدْ عُذْرَةٌ لِلْفَتَاةِ.,"Namun, jika tuduhan itu benar, bahwa perempuan itu didapati sudah tidak perawan,","Akan tetapi, jika hal itu benar, yaitu tidak didapati tanda-tanda keperawanan pada si gadis,",
Ulangan,22,21,Ulangan 22:21,يُخْرِجُونَ ٱلْفَتَاةَ إِلَى بَابِ بَيْتِ أَبِيهَا، وَيَرْجُمُهَا رِجَالُ مَدِينَتِهَا بِٱلْحِجَارَةِ حَتَّى تَمُوتَ، لِأَنَّهَا عَمِلَتْ قَبَاحَةً فِي إِسْرَائِيلَ بِزِنَاهَا فِي بَيْتِ أَبِيهَا. فَتَنْزِعُ ٱلشَّرَّ مِنْ وَسَطِكَ.,"maka perempuan itu harus dibawa ke pintu rumah ayahnya, dan orang-orang kota harus melemparnya dengan batu hingga mati. Dia telah melakukan suatu tindakan yang memalukan di Israel dengan bersundal di rumah ayahnya. Kamu harus menjauhkan kejahatan ini dari tengah-tengahmu.","maka gadis itu harus dibawa ke luar, ke depan pintu rumah ayahnya. Orang-orang sekotanya harus merajam dia dengan batu sampai mati karena ia telah melakukan hal keji di Israil dengan bersundal di rumah ayahnya. Demikianlah harus kausingkirkan yang jahat itu dari antaramu.",
Ulangan,22,22,Ulangan 22:22,«إِذَا وُجِدَ رَجُلٌ مُضْطَجِعًا مَعَ ٱمْرَأَةٍ زَوْجَةِ بَعْلٍ، يُقْتَلُ ٱلِٱثْنَانِ: ٱلرَّجُلُ ٱلْمُضْطَجِعُ مَعَ ٱلْمَرْأَةِ، وَٱلْمَرْأَةُ. فَتَنْزِعُ ٱلشَّرَّ مِنْ إِسْرَائِيلَ.,"Jika seseorang pria kedapatan sedang tidur dengan seorang perempuan yang sudah bersuami, keduanya harus dihukum mati, baik pria yang tidur dengan seorang perempuan itu maupun perempuan itu sendiri. Kamu harus menjauhkan kejahatan ini dari Israel.","Jika seorang laki-laki kedapatan tidur dengan seorang perempuan yang sudah bersuami, maka mereka berdua harus dihukum mati, baik laki-laki yang tidur dengan perempuan itu maupun perempuan itu sendiri. Demikianlah harus kausingkirkan yang jahat itu dari antara orang Israil.",
Ulangan,22,23,Ulangan 22:23,«إِذَا كَانَتْ فَتَاةٌ عَذْرَاءُ مَخْطُوبَةً لِرَجُلٍ، فَوَجَدَهَا رَجُلٌ فِي ٱلْمَدِينَةِ وَٱضْطَجَعَ مَعَهَا،,"Jika ada seorang gadis yang masih perawan dan telah bertunangan dengan seorang laki-laki, dan dia bertemu dengan seorang laki-laki di kota tersebut lalu tidur dengannya,","Jika ada seorang gadis perawan yang sudah bertunangan dengan seorang laki-laki bertemu dengan laki-laki lain di kota itu, lalu tidur dengannya,",
Ulangan,22,24,Ulangan 22:24,فَأَخْرِجُوهُمَا كِلَيْهِمَا إِلَى بَابِ تِلْكَ ٱلْمَدِينَةِ وَٱرْجُمُوهُمَا بِٱلْحِجَارَةِ حَتَّى يَمُوتَا. ٱلْفَتَاةُ مِنْ أَجْلِ أَنَّهَا لَمْ تَصْرُخْ فِي ٱلْمَدِينَةِ، وَٱلرَّجُلُ مِنْ أَجْلِ أَنَّهُ أَذَلَّ ٱمْرَأَةَ صَاحِبِهِ. فَتَنْزِعُ ٱلشَّرَّ مِنْ وَسَطِكَ.,"keduanya harus kamu bawa ke pintu gerbang kota itu, dan kamu harus melemparinya dengan batu sampai mati dan kamu harus membunuh perempuan itu, karena dia ada di kota tetapi tidak berteriak minta tolong. Dan, pria itu karena dia telah memerkosa istri orang. Kamu harus menjauhkan kejahatan ini dari antaramu.","maka keduanya harus kamu bawa keluar, ke pintu gerbang kota itu. Rajamlah mereka dengan batu sampai mati—si gadis, karena ia tidak berteriak meskipun di dalam kota, dan si laki-laki, karena ia merendahkan istri sesamanya. Demikianlah harus kausingkirkan yang jahat itu dari antaramu.",
Ulangan,22,25,Ulangan 22:25,وَلَكِنْ إِنْ وَجَدَ ٱلرَّجُلُ ٱلْفَتَاةَ ٱلْمَخْطُوبَةَ فِي ٱلْحَقْلِ وَأَمْسَكَهَا ٱلرَّجُلُ وَٱضْطَجَعَ مَعَهَا، يَمُوتُ ٱلرَّجُلُ ٱلَّذِي ٱضْطَجَعَ مَعَهَا وَحْدَهُ.,"Namun, jika seorang laki-laki menemui gadis yang telah bertunangan di ladang dan memaksanya untuk tidur dengannya maka hanya laki-laki itu yang harus mati.","Akan tetapi, jika laki-laki itu bertemu dengan gadis yang sudah bertunangan itu di padang, lalu laki-laki itu memaksa meniduri gadis itu, maka hanya laki-laki yang meniduri gadis itulah yang harus dihukum mati.",
Ulangan,22,26,Ulangan 22:26,وَأَمَّا ٱلْفَتَاةُ فَلَا تَفْعَلْ بِهَا شَيْئًا. لَيْسَ عَلَى ٱلْفَتَاةِ خَطِيَّةٌ لِلْمَوْتِ، بَلْ كَمَا يَقُومُ رَجُلٌ عَلَى صَاحِبِهِ وَيَقْتُلُهُ قَتْلًا. هَكَذَا هَذَا ٱلْأَمْرُ.,Janganlah lakukan apa pun kepada gadis itu karena gadis itu tidak melakukan dosa yang setimpal dengan hukuman mati. Hal ini sama seperti seseorang yang menyerang sesamanya dan membunuhnya.,Jangan lakukan apa-apa terhadap si gadis karena gadis itu tidak melakukan dosa yang setimpal dengan hukuman mati. Perkara ini sama halnya seperti seorang yang bangkit menyerang sesamanya dan membunuhnya,
Ulangan,22,27,Ulangan 22:27,إِنَّهُ فِي ٱلْحَقْلِ وَجَدَهَا، فَصَرَخَتِ ٱلْفَتَاةُ ٱلْمَخْطُوبَةُ فَلَمْ يَكُنْ مَنْ يُخَلِّصُهَا.,"Ketika orang itu menemui gadis itu di ladang dan menyerangnya, gadis yang telah bertunangan itu berteriak minta tolong, tetapi tidak ada orang yang menolongnya.","sebab laki-laki itu bertemu dengan gadis itu di padang, dan sekalipun gadis yang sudah bertunangan itu berteriak, tidak ada seorang pun yang menolongnya.",
Ulangan,22,28,Ulangan 22:28,«إِذَا وَجَدَ رَجُلٌ فَتَاةً عَذْرَاءَ غَيْرَ مَخْطُوبَةٍ، فَأَمْسَكَهَا وَٱضْطَجَعَ مَعَهَا، فَوُجِدَا.,"Jika seorang laki-laki bertemu dengan seorang gadis yang masih perawan yang belum bertunangan, lalu menangkapnya dan memaksanya untuk tidur bersamanya. Kemudian, mereka tepergok,","Jika seorang laki-laki bertemu dengan seorang gadis perawan yang belum bertunangan, lalu ia menangkapnya dan menidurinya, tetapi kemudian mereka tepergoki,",
Ulangan,22,29,Ulangan 22:29,يُعْطِي ٱلرَّجُلُ ٱلَّذِي ٱضْطَجَعَ مَعَهَا لِأَبِي ٱلْفَتَاةِ خَمْسِينَ مِنَ ٱلْفِضَّةِ، وَتَكُونُ هِيَ لَهُ زَوْجَةً مِنْ أَجْلِ أَنَّهُ قَدْ أَذَلَّهَا. لَا يَقْدِرُ أَنْ يُطَلِّقَهَا كُلَّ أَيَّامِهِ.,maka laki-laki yang telah meniduri gadis itu harus membayar kepada ayahnya 50 syikal perak. Gadis itu harus menjadi istrinya karena laki-laki itu telah memerkosanya. Dia tidak dapat menceraikan perempuan itu selama hidupnya.,"maka laki-laki yang meniduri gadis itu harus memberikan lima puluh syikal perak kepada ayah gadis itu, dan gadis itu harus dijadikannya istrinya sebab ia telah memperkosanya. Ia tidak boleh mengusir perempuan itu seumur hidupnya.",
Ulangan,22,30,Ulangan 22:30,«لَا يَتَّخِذْ رَجُلٌ ٱمْرَأَةَ أَبِيهِ، وَلَا يَكْشِفْ ذَيْلَ أَبِيهِ.,"Seseorang tidak boleh menikahi istri ayahnya, dia tidak boleh menyingkap punca kain ayahnya.",Seorang laki-laki tidak boleh memperistri istri ayahnya dan tidak boleh mengaibkan ayahnya.,
Ulangan,23,1,Ulangan 23:1,«لَا يَدْخُلْ مَخْصِيٌّ بِٱلرَّضِّ أَوْ مَجْبُوبٌ فِي جَمَاعَةِ ٱلرَّبِّ.,Seorang laki-laki yang hancur buah pelirnya atau kemaluannya terpotong tidak boleh masuk dalam jemaat TUHAN.,Orang yang rusak buah pelirnya atau terpotong kemaluannya tidak boleh masuk dalam jemaah ALLAH.,
Ulangan,23,2,Ulangan 23:2,لَا يَدْخُلِ ٱبْنُ زِنًى فِي جَمَاعَةِ ٱلرَّبِّ. حَتَّى ٱلْجِيلِ ٱلْعَاشِرِ لَا يَدْخُلْ مِنْهُ أَحَدٌ فِي جَمَاعَةِ ٱلرَّبِّ.,"Anak yang lahir di luar pernikahan, tidak boleh masuk dalam jemaat TUHAN. Dan, tidak seorang pun dari keturunannya, bahkan hingga yang kesepuluh pun tidak dapat bergabung dalam jemaat TUHAN.","Seorang anak haram tidak boleh masuk dalam jemaah ALLAH, bahkan keturunannya sampai generasi kesepuluh pun tidak boleh masuk dalam jemaah ALLAH.",
Ulangan,23,3,Ulangan 23:3,لَا يَدْخُلْ عَمُّونِيٌّ وَلَا مُوآبِيٌّ فِي جَمَاعَةِ ٱلرَّبِّ. حَتَّى ٱلْجِيلِ ٱلْعَاشِرِ لَا يَدْخُلْ مِنْهُمْ أَحَدٌ فِي جَمَاعَةِ ٱلرَّبِّ إِلَى ٱلْأَبَدِ،,"Orang Amon dan Moab tidak dapat bergabung dengan jemaat TUHAN, bahkan hingga keturunan yang kesepuluh pun tidak dapat bergabung dengan jemaat TUHAN.","Orang Amon atau orang Moab tidak boleh masuk dalam jemaah ALLAH, bahkan keturunannya sampai generasi kesepuluh pun tidak boleh masuk dalam jemaah ALLAH untuk selama-lamanya,",
Ulangan,23,4,Ulangan 23:4,مِنْ أَجْلِ أَنَّهُمْ لَمْ يُلَاقُوكُمْ بِٱلْخُبْزِ وَٱلْمَاءِ فِي ٱلطَّرِيقِ عِنْدَ خُرُوجِكُمْ مِنْ مِصْرَ، وَلِأَنَّهُمُ ٱسْتَأْجَرُوا عَلَيْكَ بَلْعَامَ بْنَ بَعُورَ مِنْ فَتُورِ أَرَامِ ٱلنَّهْرَيْنِ لِكَيْ يَلْعَنَكَ.,"Karena mereka tidak menyambutmu dengan roti dan air saat perjalananmu keluar dari Mesir. Mereka juga membayar Bileam, anak Beor dari Kota Petor di Aram-Mesopotamia untuk mengutukmu.",karena mereka tidak menyambut kamu dengan roti dan air minum dalam perjalananmu setelah kamu keluar dari Mesir. Mereka bahkan mengupah Bileam bin Beor dari Petor di Aram-Mesopotamia untuk mengutukimu.,
Ulangan,23,5,Ulangan 23:5,وَلَكِنْ لَمْ يَشَإِ ٱلرَّبُّ إِلَهُكَ أَنْ يَسْمَعَ لِبَلْعَامَ، فَحَوَّلَ لِأَجْلِكَ ٱلرَّبُّ إِلَهُكَ ٱللَّعْنَةَ إِلَى بَرَكَةٍ، لِأَنَّ ٱلرَّبَّ إِلَهَكَ قَدْ أَحَبَّكَ.,"TUHAN, Allahmu, tidak mendengarkan apa yang diminta Bileam. Akan tetapi, Tuhan telah membalikkan kutuk menjadi berkat bagimu, karena TUHAN, Allahmu, mengasihimu.","Tetapi, ALLAH, Tuhanmu, tidak mau mendengarkan Bileam. ALLAH, Tuhanmu, mengubah kutuk itu menjadi berkah bagimu karena ALLAH, Tuhanmu, mengasihi engkau.",
Ulangan,23,6,Ulangan 23:6,لَا تَلْتَمِسْ سَلَامَهُمْ وَلَا خَيْرَهُمْ كُلَّ أَيَّامِكَ إِلَى ٱلْأَبَدِ.,Jangan pernah mengusahakan kedamaian dan kemakmuran mereka seumur hidupmu.,"Seumur hidupmu, bahkan sampai selama-lamanya, jangan usahakan kesejahteraan dan kebahagiaan mereka.",
Ulangan,23,7,Ulangan 23:7,لَا تَكْرَهْ أَدُومِيًّا لِأَنَّهُ أَخُوكَ. لَا تَكْرَهْ مِصْرِيًّا لِأَنَّكَ كُنْتَ نَزِيلًا فِي أَرْضِهِ.,"Kamu jangan membenci orang Edom, karena mereka adalah saudaramu. Jangan membenci orang Mesir, karena kamu pernah menjadi orang asing di negeri mereka.","Jangan kaupandang keji orang Edom karena mereka adalah saudaramu, dan jangan kaupandang keji orang Mesir karena kamu pernah menjadi pendatang di negeri mereka.",
Ulangan,23,8,Ulangan 23:8,ٱلْأَوْلَادُ ٱلَّذِينَ يُولَدُونَ لَهُمْ فِي ٱلْجِيلِ ٱلثَّالِثِ يَدْخُلُونَ مِنْهُمْ فِي جَمَاعَةِ ٱلرَّبِّ.,Keturunan ketiga dari mereka dapat masuk ke dalam jemaat TUHAN.,Anak-anak yang lahir bagi mereka mulai dari generasi ketiga boleh masuk dalam jemaah ALLAH.,
Ulangan,23,9,Ulangan 23:9,«إِذَا خَرَجْتَ فِي جَيْشٍ عَلَى أَعْدَائِكَ فَٱحْتَرِزْ مِنْ كُلِّ شَيْءٍ رَدِيءٍ.,"Ketika kamu pergi berperang melawan musuhmu, kamu harus menjaga dirimu dari segala sesuatu yang membuatmu najis.","Apabila engkau maju dengan pasukanmu untuk melawan musuh-musuhmu, jagalah dirimu dari segala hal yang jahat.",
Ulangan,23,10,Ulangan 23:10,إِنْ كَانَ فِيكَ رَجُلٌ غَيْرَ طَاهِرٍ مِنْ عَارِضِ ٱللَّيْلِ، يَخْرُجُ إِلَى خَارِجِ ٱلْمَحَلَّةِ. لَا يَدْخُلْ إِلَى دَاخِلِ ٱلْمَحَلَّةِ.,"Bila di antaramu seorang yang najis karena lelehan malam hari, dia harus keluar dari perkemahan. Dia harus tinggal di luar perkemahan.","Jika ada di antaramu seorang laki-laki yang tidak suci karena sesuatu yang terjadi dengannya di malam hari, maka ia harus pergi ke luar perkemahan dan tidak boleh masuk ke dalam perkemahan itu.",
Ulangan,23,11,Ulangan 23:11,وَنَحْوَ إِقْبَالِ ٱلْمَسَاءِ يَغْتَسِلُ بِمَاءٍ، وَعِنْدَ غُرُوبِ ٱلشَّمْسِ يَدْخُلُ إِلَى دَاخِلِ ٱلْمَحَلَّةِ.,"Lalu, menjelang senja, dia harus membasuh dirinya dalam air. Dan, jika matahari sudah terbenam, dia boleh memasuki perkemahan lagi.","Menjelang magrib ia harus membasuh dirinya dengan air. Begitu matahari terbenam, barulah ia boleh masuk kembali ke dalam perkemahan.",
Ulangan,23,12,Ulangan 23:12,وَيَكُونُ لَكَ مَوْضِعٌ خَارِجَ ٱلْمَحَلَّةِ لِتَخْرُجَ إِلَيْهِ خَارِجًا.,Kamu juga harus mempunyai suatu tempat di luar perkemahan untuk buang air.,"Engkau harus mempunyai suatu tempat di luar perkemahan untuk pergi membuang hajat,",
Ulangan,23,13,Ulangan 23:13,وَيَكُونُ لَكَ وَتَدٌ مَعَ عُدَّتِكَ لِتَحْفِرَ بِهِ عِنْدَمَا تَجْلِسُ خَارِجًا وَتَرْجِعُ وَتُغَطِّي بِرَازَكَ.,"Kamu harus membawa sekop kecil di antara barang bawaanmu. Apabila kamu berjongkok untuk membuang hajat, kamu harus menggali sebuah lubang, lalu timbunlah itu.","dan di antara perlengkapanmu haruslah ada alat penggali. Nanti, setelah engkau berjongkok membuang hajat, engkau harus menggali lubang dengan alat itu, lalu menutupi kotoranmu pula.",
Ulangan,23,14,Ulangan 23:14,لِأَنَّ ٱلرَّبَّ إِلَهَكَ سَائِرٌ فِي وَسَطِ مَحَلَّتِكَ، لِكَيْ يُنْقِذَكَ وَيَدْفَعَ أَعْدَاءَكَ أَمَامَكَ. فَلْتَكُنْ مَحَلَّتُكَ مُقَدَّسَةً، لِئَلَّا يَرَى فِيكَ قَذَرَ شَيْءٍ فَيَرْجِعَ عَنْكَ.,"Karena TUHAN, Allahmu, berjalan di tengah-tengah perkemahanmu dan membawamu untuk mengalahkan musuhmu. Oleh sebab itu, perkemahanmu haruslah kudus, supaya Dia tidak melihat sesuatu yang kotor di antaramu, lalu berbalik darimu.","Karena ALLAH, Tuhanmu, hadir menyertai engkau di tengah-tengah perkemahanmu untuk menolong engkau dan menyerahkan musuh-musuhmu kepadamu, maka perkemahanmu harus suci supaya jangan Ia melihat hal yang najis di antaramu, lalu berpaling darimu.",
Ulangan,23,15,Ulangan 23:15,«عَبْدًا أَبَقَ إِلَيْكَ مِنْ مَوْلَاهُ لَا تُسَلِّمْ إِلَى مَوْلَاهُ.,Seorang budak yang melarikan diri dari tuannya kepadamu janganlah kau serahkan kembali ke tuannya.,Seorang hamba yang lari dari tuannya kepadamu jangan kauserahkan kepada tuannya.,
Ulangan,23,16,Ulangan 23:16,عِنْدَكَ يُقِيمُ فِي وَسَطِكَ، فِي ٱلْمَكَانِ ٱلَّذِي يَخْتَارُهُ فِي أَحَدِ أَبْوَابِكَ حَيْثُ يَطِيبُ لَهُ. لَا تَظْلِمْهُ.,"Dia dapat tinggal di tengah-tengahmu, di tempat yang akan dipilihnya di salah satu dari kota-kotamu yang dia sukai. Jangan menindasnya.","Biarkanlah ia tinggal bersamamu, di tengah-tengahmu, yaitu di tempat yang dipilih dan disukainya di salah satu kotamu. Jangan kautindas dia.",
Ulangan,23,17,Ulangan 23:17,«لَا تَكُنْ زَانِيَةٌ مِنْ بَنَاتِ إِسْرَائِيلَ، وَلَا يَكُنْ مَأْبُونٌ مِنْ بَنِي إِسْرَائِيلَ.,"Jangan ada dari anak perempuan Israel yang menjadi pelacur bakti, dan jangan ada dari anak laki-laki Israel yang menjadi semburit bakti.","Jangan ada seorang pun yang menjadi pelacur di kuil berhala, baik di antara anak-anak perempuan Israil maupun di antara anak-anak lelaki Israil.",
Ulangan,23,18,Ulangan 23:18,لَا تُدْخِلْ أُجْرَةَ زَانِيَةٍ وَلَا ثَمَنَ كَلْبٍ إِلَى بَيْتِ ٱلرَّبِّ إِلَهِكَ عَنْ نَذْرٍ مَّا، لِأَنَّهُمَا كِلَيْهِمَا رِجْسٌ لَدَى ٱلرَّبِّ إِلَهِكَ.,"Janganlah kamu membawa masuk upah pelacuran atau upah semburit ke dalam rumah TUHAN, Allahmu, untuk membayar nazarnya. Sebab, kedua hal itu merupakan kekejian bagi TUHAN, Allahmu.","Jangan bawa masuk upah sundal atau upah perbuatan sodomi ke dalam bait ALLAH, Tuhanmu, untuk membayar nazar apa pun karena keduanya itu adalah hal keji bagi ALLAH, Tuhanmu.",
Ulangan,23,19,Ulangan 23:19,«لَا تُقْرِضْ أَخَاكَ بِرِبًا، رِبَا فِضَّةٍ، أَوْ رِبَا طَعَامٍ، أَوْ رِبَا شَيْءٍ مَّا مِمَّا يُقْرَضُ بِرِبًا،,"Janganlah kamu membungakan kepada saudaramu, baik berupa uang, makanan, atau segala sesuatu yang dapat dibungakan.","Jangan memberi pinjaman kepada saudaramu dengan menuntut bunga, baik uang, makanan, atau pun segala sesuatu yang dapat dibungakan.",
Ulangan,23,20,Ulangan 23:20,لِلْأَجْنَبِيِّ تُقْرِضُ بِرِبًا، وَلَكِنْ لِأَخِيكَ لَا تُقْرِضْ بِرِبًا، لِكَيْ يُبَارِكَكَ ٱلرَّبُّ إِلَهُكَ فِي كُلِّ مَا تَمْتَدُّ إِلَيْهِ يَدُكَ فِي ٱلْأَرْضِ ٱلَّتِي أَنْتَ دَاخِلٌ إِلَيْهَا لِتَمْتَلِكَهَا.,"Kamu boleh membungakan kepada orang asing, tetapi kepada saudaramu janganlah kamu membebankan bunga. Dengan demikian, TUHAN, Allahmu, akan memberkatimu dalam segala sesuatu yang kamu kerjakan di negeri yang kamu masuki untuk kamu miliki.","Kepada orang asing engkau boleh memberi pinjaman dengan mengambil bunga, tetapi kepada saudaramu jangan memberi pinjaman dengan mengambil bunga. Dengan demikian, ALLAH, Tuhanmu, akan memberkahi engkau dalam segala usahamu di negeri yang akan kaumasuki untuk kaududuki.",
Ulangan,23,21,Ulangan 23:21,«إِذَا نَذَرْتَ نَذْرًا لِلرَّبِّ إِلَهِكَ فَلَا تُؤَخِّرْ وَفَاءَهُ، لِأَنَّ ٱلرَّبَّ إِلَهَكَ يَطْلُبُهُ مِنْكَ فَتَكُونُ عَلَيْكَ خَطِيَّةٌ.,"Jika kamu sudah bernazar kepada TUHAN, Allahmu, janganlah menunda untuk memenuhinya. Sebab, TUHAN, Allahmu akan menuntutnya darimu, kamu akan berdosa.","Apabila engkau mengucapkan nazar kepada ALLAH, Tuhanmu, janganlah menunda-nunda untuk membayarnya karena ALLAH, Tuhanmu, pasti menuntutnya darimu, dan engkau berdosa jika tidak membayarnya.",
Ulangan,23,22,Ulangan 23:22,وَلَكِنْ إِذَا ٱمْتَنَعْتَ أَنْ تَنْذُرَ لَا تَكُونُ عَلَيْكَ خَطِيَّةٌ.,"Akan tetapi, jika kamu tidak bernazar, kamu tidak akan berdosa.",Padahal engkau tidak berdosa jika engkau tidak bernazar.,
Ulangan,23,23,Ulangan 23:23,مَا خَرَجَ مِنْ شَفَتَيْكَ ٱحْفَظْ وَٱعْمَلْ، كَمَا نَذَرْتَ لِلرَّبِّ إِلَهِكَ تَبَرُّعًا، كَمَا تَكَلَّمَ فَمُكَ.,"Ucapanmu yang keluar dari bibirmu haruslah kamu laksanakan, seperti kamu bernazar dengan sukarela kepada TUHAN, Allahmu. Lakukanlah janjimu itu.","Apa yang kauucapkan sendiri harus kaupegang dan kaulakukan, seperti juga nazar yang kauucapkan dengan mulutmu sendiri kepada ALLAH, Tuhanmu, dengan sukarela.",
Ulangan,23,24,Ulangan 23:24,«إِذَا دَخَلْتَ كَرْمَ صَاحِبِكَ فَكُلْ عِنَبًا حَسَبَ شَهْوَةِ نَفْسِكَ، شَبْعَتَكَ. وَلَكِنْ فِي وِعَائِكَ لَا تَجْعَلْ.,"Ketika kamu melewati kebun anggur milik sesamamu, kamu boleh memakan anggur sampai kenyang. Namun, kamu tidak boleh membawanya ke dalam keranjang.","Apabila engkau memasuki kebun anggur sesamamu, engkau boleh makan buah anggur sesuka hatimu sampai kenyang, tetapi jangan kaumasukkan satu pun ke dalam wadahmu.",
Ulangan,23,25,Ulangan 23:25,إِذَا دَخَلْتَ زَرْعَ صَاحِبِكَ فَٱقْطِفْ سَنَابِلَ بِيَدِكَ، وَلَكِنْ مِنْجَلًا لَا تَرْفَعْ عَلَى زَرْعِ صَاحِبِكَ.,"Ketika kamu melewati ladang gandum milik sesamamu yang belum dituai, kamu boleh memetik bulir-bulir gandum itu dengan tanganmu. Namun, kamu tidak boleh memotong gandum milik sesamamu itu dengan sabit.","Apabila engkau memasuki ladang gandum sesamamu yang belum dituai, engkau boleh memetik bulir-bulirnya dengan tanganmu, tetapi jangan kausabit gandum sesamamu itu.",
Ulangan,24,1,Ulangan 24:1,«إِذَا أَخَذَ رَجُلٌ ٱمْرَأَةً وَتَزَوَّجَ بِهَا، فَإِنْ لَمْ تَجِدْ نِعْمَةً فِي عَيْنَيْهِ لِأَنَّهُ وَجَدَ فِيهَا عَيْبَ شَيْءٍ، وَكَتَبَ لَهَا كِتَابَ طَلَاقٍ وَدَفَعَهُ إِلَى يَدِهَا وَأَطْلَقَهَا مِنْ بَيْتِهِ،,"Apabila seorang laki-laki mengambil seorang perempuan dan menikahinya, lalu dia tidak menyukainya lagi karena dia mendapati hal yang memalukan. Kemudian, dia menulis surat cerai dan memberikannya kepada perempuan itu dan menyuruhnya pergi dari rumahnya.","Seandainya seorang laki-laki meminang seorang perempuan dan memperistrinya, tetapi kemudian ia tidak menyukai perempuan itu lagi karena ia menemukan suatu aib padanya, maka ia dapat menulis surat talak, lalu menyerahkannya kepada perempuan itu dan menyuruh dia pergi dari rumahnya.",
Ulangan,24,2,Ulangan 24:2,وَمَتَى خَرَجَتْ مِنْ بَيْتِهِ ذَهَبَتْ وَصَارَتْ لِرَجُلٍ آخَرَ،,"Setelah perempuan itu meninggalkan rumahnya, dan pergi, dan menjadi istri orang lain.","Setelah perempuan itu keluar dari rumahnya dan pergi dari sana, ia boleh menjadi istri orang lain.",
Ulangan,24,3,Ulangan 24:3,فَإِنْ أَبْغَضَهَا ٱلرَّجُلُ ٱلْأَخِيرُ وَكَتَبَ لَهَا كِتَابَ طَلَاقٍ وَدَفَعَهُ إِلَى يَدِهَا وَأَطْلَقَهَا مِنْ بَيْتِهِ، أَوْ إِذَا مَاتَ ٱلرَّجُلُ ٱلْأَخِيرُ ٱلَّذِي ٱتَّخَذَهَا لَهُ زَوْجَةً،,"Jika suami keduanya tidak mencintainya lagi dan menulis surat cerai dan memberikan kepada perempuan itu dan menyuruhnya pergi dari rumahnya, atau jika suami yang kedua yang memperistrinya tersebut mati,","Tetapi, jika ternyata suaminya yang terakhir ini pun tidak mencintainya lagi, lalu menulis surat talak dan menyerahkannya kepada perempuan itu serta menyuruh dia pergi dari rumahnya; atau jika suaminya yang terakhir ini, yang telah memperistrinya, meninggal,",
Ulangan,24,4,Ulangan 24:4,لَا يَقْدِرُ زَوْجُهَا ٱلْأَوَّلُ ٱلَّذِي طَلَّقَهَا أَنْ يَعُودَ يَأْخُذُهَا لِتَصِيرَ لَهُ زَوْجَةً بَعْدَ أَنْ تَنَجَّسَتْ. لِأَنَّ ذَلِكَ رِجْسٌ لَدَى ٱلرَّبِّ. فَلَا تَجْلِبْ خَطِيَّةً عَلَى ٱلْأَرْضِ ٱلَّتِي يُعْطِيكَ ٱلرَّبُّ إِلَهُكَ نَصِيبًا.,"maka suaminya yang pertama, yang telah menyuruhnya pergi itu tidak boleh mengambil perempuan itu menjadi istri setelah perempuan itu menjadi najis. Itu adalah kekejian bagi TUHAN. Janganlah kamu mendatangkan dosa di negeri yang diberikan TUHAN, Allahmu, kepadamu menjadi milik pusakamu.","maka suaminya yang pertama, yang dahulu telah menyuruhnya pergi, tidak boleh mengambilnya kembali menjadi istri setelah perempuan itu ternajiskan. Itu adalah hal keji di hadapan ALLAH. Jangan kaudatangkan dosa atas negeri yang dikaruniakan ALLAH, Tuhanmu, kepadamu sebagai milik pusaka.",
Ulangan,24,5,Ulangan 24:5,«إِذَا ٱتَّخَذَ رَجُلٌ ٱمْرَأَةً جَدِيدَةً، فَلَا يَخْرُجْ فِي ٱلْجُنْدِ، وَلَا يُحْمَلْ عَلَيْهِ أَمْرٌ مَّا. حُرًّا يَكُونُ فِي بَيْتِهِ سَنَةً وَاحِدَةً، وَيَسُرُّ ٱمْرَأَتَهُ ٱلَّتِي أَخَذَهَا.,"Jika seorang laki-laki baru menikah, dia tidak boleh disuruh pergi dengan pasukan, untuk berperang atau dibebani dengan beberapa tugas. Dia bebas untuk tinggal di rumah selama setahun dan membuat istri yang telah dinikahinya bahagia.","Apabila seorang laki-laki baru menikahi seorang perempuan, ia tidak boleh pergi berperang dan tidak boleh dibebani urusan apa pun. Ia harus dibebaskan selama setahun untuk mengurus rumah tangganya dan menyukakan hati perempuan yang telah dinikahinya.",
Ulangan,24,6,Ulangan 24:6,«لَا يَسْتَرْهِنْ أَحَدٌ رَحًى أَوْ مِرْدَاتَهَا، لِأَنَّهُ إِنَّمَا يَسْتَرْهِنُ حَيَاةً.,Janganlah kamu mengambil batu gilingan bawah atau batu gilingan atas sebagai jaminan. Karena hal itu berarti mengambil hidupnya sebagai jaminan.,Jangan seorang pun mengambil kisaran atau batu kisaran di atasnya sebagai gadaian karena berarti nyawalah yang diambilnya sebagai gadaian.,
Ulangan,24,7,Ulangan 24:7,«إِذَا وُجِدَ رَجُلٌ قَدْ سَرَقَ نَفْسًا مِنْ إِخْوَتِهِ بَنِي إِسْرَائِيلَ وَٱسْتَرَقَّهُ وَبَاعَهُ، يَمُوتُ ذَلِكَ ٱلسَّارِقُ، فَتَنْزِعُ ٱلشَّرَّ مِنْ وَسَطِكَ.,"Jika seorang laki-laki tertangkap menculik salah satu saudaranya dari antara orang Israel, dan memperlakukannya seperti budak dan menjualnya maka penculik itu harus mati. Kamu harus menjauhkan kejahatan ini dari tengah-tengahmu.","Jika seseorang kedapatan menculik seorang saudaranya bani Israil, lalu memperlakukan dia seperti hamba atau menjual dia, maka penculik itu harus dihukum mati. Demikianlah harus kausingkirkan yang jahat itu dari antaramu.",
Ulangan,24,8,Ulangan 24:8,«اِحْرِصْ فِي ضَرْبَةِ ٱلْبَرَصِ لِتَحْفَظَ جِدًّا وَتَعْمَلَ حَسَبَ كُلِّ مَا يُعَلِّمُكَ ٱلْكَهَنَةُ ٱللَّاوِيُّونَ. كَمَا أَمَرْتُهُمْ تَحْرِصُونَ أَنْ تَعْمَلُوا.,Waspadalah terhadap penyakit kusta. Bersungguh-sungguhlah melakukan segala perintah yang diajarkan para imam Lewi kepadamu. Kamu harus melakukannya dengan sungguh-sungguh seperti apa yang telah kuperintahkan kepada para imam untuk dilakukan.,"Waspadalah akan munculnya penyakit kusta. Lakukanlah dengan amat saksama segala yang diajarkan kepadamu oleh imam-imam Lewi. Seperti yang kuperintahkan kepada mereka, demikianlah harus kaulakukan dengan saksama.",
Ulangan,24,9,Ulangan 24:9,اُذْكُرْ مَا صَنَعَ ٱلرَّبُّ إِلَهُكَ بِمَرْيَمَ فِي ٱلطَّرِيقِ عِنْدَ خُرُوجِكُمْ مِنْ مِصْرَ.,"Ingatlah apa yang sudah dilakukan TUHAN, Allahmu, terhadap Miryam dalam perjalananmu meninggalkan Mesir.","Ingatlah apa yang dilakukan ALLAH, Tuhanmu, kepada Miryam dalam perjalananmu setelah keluar dari Mesir.",
Ulangan,24,10,Ulangan 24:10,«إِذَا أَقْرَضْتَ صَاحِبَكَ قَرْضًا مَّا، فَلَا تَدْخُلْ بَيْتَهُ لِكَيْ تَرْتَهِنَ رَهْنًا مِنْهُ.,"Ketika kamu meminjamkan sesuatu kepada sesamamu, janganlah kamu memasuki rumahnya untuk mengambil jaminan.","Apabila engkau meminjamkan sesuatu kepada sesamamu, jangan masuk ke dalam rumahnya untuk mengambil jaminannya.",
Ulangan,24,11,Ulangan 24:11,فِي ٱلْخَارِجِ تَقِفُ، وَٱلرَّجُلُ ٱلَّذِي تُقْرِضُهُ يُخْرِجُ إِلَيْكَ ٱلرَّهْنَ إِلَى ٱلْخَارِجِ.,"Kamu harus tetap berada di luar, orang yang menerima pinjaman itu untuk membawa jaminan itu kepadamu.",Berdirilah di luar dan biarlah orang yang kauberi pinjaman itu membawa jaminannya kepadamu di luar.,
Ulangan,24,12,Ulangan 24:12,وَإِنْ كَانَ رَجُلًا فَقِيرًا فَلَا تَنَمْ فِي رَهْنِهِ.,"Jika dia orang miskin, janganlah kamu tidur dengan barang jaminannya.","Jika ia seorang miskin, jangan sampai kaubawa tidur jaminannya itu.",
Ulangan,24,13,Ulangan 24:13,رُدَّ إِلَيْهِ ٱلرَّهْنَ عِنْدَ غُرُوبِ ٱلشَّمْسِ، لِكَيْ يَنَامَ فِي ثَوْبِهِ وَيُبَارِكَكَ، فَيَكُونَ لَكَ بِرٌّ لَدَى ٱلرَّبِّ إِلَهِكَ.,"Ketika matahari terbenam, haruslah kamu mengembalikan jaminan itu kepadanya sehingga dia dapat tidur dengan jubahnya sendiri dan memberkatimu. Dengan demikian, kamu akan menjadi benar di hadapan TUHAN, Allahmu.","Engkau harus mengembalikan jaminan itu kepadanya pada waktu matahari terbenam supaya ia dapat tidur dengan memakai pakaiannya dan memohonkan berkah bagimu. Dengan demikian, engkau dipandang benar di hadirat ALLAH, Tuhanmu.",
Ulangan,24,14,Ulangan 24:14,«لَا تَظْلِمْ أَجِيرًا مِسْكِينًا وَفَقِيرًا مِنْ إِخْوَتِكَ أَوْ مِنَ ٱلْغُرَبَاءِ ٱلَّذِينَ فِي أَرْضِكَ، فِي أَبْوَابِكَ.,"Janganlah kamu memeras pekerja yang miskin dan menderita, apakah dia saudaramu atau orang asing yang tinggal di salah satu kotamu.","Jangan memeras orang upahan yang miskin dan melarat, baik itu saudaramu atau pun pendatang yang ada di negerimu, di dalam kotamu.",
Ulangan,24,15,Ulangan 24:15,فِي يَوْمِهِ تُعْطِيهِ أُجْرَتَهُ، وَلَا تَغْرُبْ عَلَيْهَا ٱلشَّمْسُ، لِأَنَّهُ فَقِيرٌ وَإِلَيْهَا حَامِلٌ نَفْسَهُ، لِئَلَّا يَصْرُخَ عَلَيْكَ إِلَى ٱلرَّبِّ فَتَكُونَ عَلَيْكَ خَطِيَّةٌ.,"Bayarlah upahnya pada hari yang sama sebelum matahari terbenam, karena dia miskin dan sangat mengharapkannya sehingga dia akan berseru kepada TUHAN mengenai kamu dan hal itu akan menjadi dosa bagimu.","Berikanlah upahnya sebelum matahari terbenam setiap harinya karena ia miskin; hidupnya bergantung pada upah itu. Jangan sampai ia berseru kepada ALLAH mengenai engkau, dan engkau menjadi berdosa.",
Ulangan,24,16,Ulangan 24:16,«لَا يُقْتَلُ ٱلْآبَاءُ عَنِ ٱلْأَوْلَادِ، وَلَا يُقْتَلُ ٱلْأَوْلَادُ عَنِ ٱلْآبَاءِ. كُلُّ إِنْسَانٍ بِخَطِيَّتِهِ يُقْتَلُ.,Jangan menghukum mati ayah karena perbuatan anak-anaknya atau menghukum mati anak-anak karena perbuatan ayahnya. Setiap orang dihukum mati hanya karena dosanya sendiri.,"Seorang ayah tidak boleh dihukum mati karena anaknya, dan seorang anak tidak boleh dihukum mati karena ayahnya. Setiap orang harus dihukum mati karena dosanya sendiri.",
Ulangan,24,17,Ulangan 24:17,«لَا تُعَوِّجْ حُكْمَ ٱلْغَرِيبِ وَٱلْيَتِيمِ، وَلَا تَسْتَرْهِنْ ثَوْبَ ٱلْأَرْمَلَةِ.,Janganlah kamu mengabaikan hak untuk orang asing atau yatim dan mengambil pakaian seorang janda sebagai jaminan.,Jangan memutarbalikkan hak kaum pendatang atau anak yatim. Jangan mengambil pakaian seorang janda sebagai gadaian.,
Ulangan,24,18,Ulangan 24:18,وَٱذْكُرْ أَنَّكَ كُنْتَ عَبْدًا فِي مِصْرَ فَفَدَاكَ ٱلرَّبُّ إِلَهُكَ مِنْ هُنَاكَ. لِذَلِكَ أَنَا أُوصِيكَ أَنْ تَعْمَلَ هَذَا ٱلْأَمْرَ.,"Ingatlah bahwa kamu dahulu adalah budak di Mesir dan TUHAN, Allahmu, telah menebusmu dari sana. Oleh sebab itu, aku memerintahkan kepadamu untuk melakukan hal ini.","Ingatlah bahwa engkau pun dahulu hamba di Mesir, lalu ALLAH, Tuhanmu, membebaskanmu dari sana. Itulah sebabnya, aku memerintahkan engkau melakukan hal ini.",
Ulangan,24,19,Ulangan 24:19,«إِذَا حَصَدْتَ حَصِيدَكَ فِي حَقْلِكَ وَنَسِيتَ حُزْمَةً فِي ٱلْحَقْلِ، فَلَا تَرْجِعْ لِتَأْخُذَهَا، لِلْغَرِيبِ وَٱلْيَتِيمِ وَٱلْأَرْمَلَةِ تَكُونُ، لِكَيْ يُبَارِكَكَ ٱلرَّبُّ إِلَهُكَ فِي كُلِّ عَمَلِ يَدَيْكَ.,"Ketika kamu memanen di ladangmu dan lupa ternyata tertinggal seberkas di ladang. Jangan kembali untuk mengambilnya karena akan menjadi milik orang asing, anak yatim, atau para janda. Dengan demikian, TUHAN, Allahmu akan memberkatimu dalam segala pekerjaan tanganmu.","Setelah engkau menuai hasil tanahmu, lalu ternyata tertinggal seberkas di ladangmu, jangan kembali untuk mengambilnya. Itu adalah bagian kaum pendatang, anak yatim, dan janda. Dengan demikian, ALLAH, Tuhanmu, akan memberkahi engkau dalam segala pekerjaan tanganmu.",
Ulangan,24,20,Ulangan 24:20,وَإِذَا خَبَطْتَ زَيْتُونَكَ فَلَا تُرَاجِعِ ٱلْأَغْصَانَ وَرَاءَكَ، لِلْغَرِيبِ وَٱلْيَتِيمِ وَٱلْأَرْمَلَةِ يَكُونُ.,"Ketika kamu merontokkan pohon zaitun, jangan kembali untuk mencari di dahannya. Buah-buah yang kamu tinggalkan itu adalah bagian untuk orang asing, anak yatim, dan para janda.","Setelah engkau menjolok buah pohon zaitunmu, jangan kauperiksa dahan-dahannya sekali lagi. Itu adalah bagian kaum pendatang, anak yatim, dan janda.",
Ulangan,24,21,Ulangan 24:21,إِذَا قَطَفْتَ كَرْمَكَ فَلَا تُعَلِّلْهُ وَرَاءَكَ. لِلْغَرِيبِ وَٱلْيَتِيمِ وَٱلْأَرْمَلَةِ يَكُونُ.,"Ketika kamu mengumpulkan buah anggur dari kebun anggurmu, janganlah kamu kembali untuk memetiknya karena itu adalah bagian untuk orang asing, anak yatim, dan para janda.","Demikian pula setelah engkau memetik hasil kebun anggurmu, jangan kaulakukan pemetikan sekali lagi. Itu adalah bagian kaum pendatang, anak yatim, dan janda.",
Ulangan,24,22,Ulangan 24:22,وَٱذْكُرْ أَنَّكَ كُنْتَ عَبْدًا فِي أَرْضِ مِصْرَ. لِذَلِكَ أَنَا أُوصِيكَ أَنْ تَعْمَلَ هَذَا ٱلْأَمْرَ.,"Ingatlah bahwa kamu dahulu adalah budak di tanah Mesir. Oleh sebab itu, aku memerintahkanmu untuk melakukan hal ini.","Ingatlah bahwa engkau pun dahulu hamba di Tanah Mesir. Itulah sebabnya, aku memerintahkan engkau melakukan hal ini.",
Ulangan,25,1,Ulangan 25:1,«إِذَا كَانَتْ خُصُومَةٌ بَيْنَ أُنَاسٍ وَتَقَدَّمُوا إِلَى ٱلْقَضَاءِ لِيَقْضِيَ ٱلْقُضَاةُ بَيْنَهُمْ، فَلْيُبَرِّرُوا ٱلْبَارَّ وَيَحْكُمُوا عَلَى ٱلْمُذْنِبِ.,"Apabila ada perselisihan di antara dua orang, mereka harus pergi ke pengadilan. Para hakim akan memutuskan, yang benar kepada yang benar dan yang salah kepada yang salah.","Seandainya ada persengketaan di antara beberapa orang, lalu mereka menghadap ke pengadilan dan diadili: Yang benar dinyatakan benar dan yang salah dinyatakan salah.",
Ulangan,25,2,Ulangan 25:2,فَإِنْ كَانَ ٱلْمُذْنِبُ مُسْتَوْجِبَ ٱلضَّرْبِ، يَطْرَحُهُ ٱلْقَاضِي وَيَجْلِدُونَهُ أَمَامَهُ عَلَى قَدَرِ ذَنْبِهِ بِٱلْعَدَدِ.,Jika ditetapkan orang yang bersalah itu patut dipukul maka hakim harus meminta orang itu tiarap dan dipukul di hadapannya. Jumlah pukulan yang diterimanya sesuai dengan kesalahannya.,"Jika kemudian orang yang bersalah itu patut dipukul, maka hakim harus menyuruh dia meniarap dan menyuruh seseorang memukul dia di hadapannya dengan jumlah pukulan yang sesuai dengan kadar kesalahannya,",
Ulangan,25,3,Ulangan 25:3,أَرْبَعِينَ يَجْلِدُهُ. لَا يَزِدْ، لِئَلَّا إِذَا زَادَ فِي جَلْدِهِ عَلَى هَذِهِ ضَرَبَاتٍ كَثِيرَةً، يُحْتَقَرَ أَخُوكَ فِي عَيْنَيْكَ.,"Jangan pukul seseorang lebih dari 40 kali, karena lebih daripada itu berarti hidup orang itu tidak berharga bagimu.","namun tidak lebih dari empat puluh kali. Jika ia dipukul lebih dari jumlah tersebut, maka berarti saudaramu dihina di depan matamu.",
Ulangan,25,4,Ulangan 25:4,لَا تَكُمَّ ٱلثَّوْرَ فِي دِرَاسِهِ.,Jangan menutup mulut sapi yang sedang mengirik.,Jangan memberangus mulut sapi yang sedang mengirik.,
Ulangan,25,5,Ulangan 25:5,«إِذَا سَكَنَ إِخْوَةٌ مَعًا وَمَاتَ وَاحِدٌ مِنْهُمْ وَلَيْسَ لَهُ ٱبْنٌ، فَلَا تَصِرِ ٱمْرَأَةُ ٱلْمَيْتِ إِلَى خَارِجٍ لِرَجُلٍ أَجْنَبِيٍّ. أَخُو زَوْجِهَا يَدْخُلُ عَلَيْهَا وَيَتَّخِذُهَا لِنَفْسِهِ زَوْجَةً، وَيَقُومُ لَهَا بِوَاجِبِ أَخِي ٱلزَّوْجِ.,"Jika dua orang yang bersaudara tinggal bersama, dan salah satu dari mereka mati, dan tidak mempunyai anak laki-laki, istri dari yang mati itu tidak boleh menikah dengan orang di luar keluarga suaminya. Saudara suaminya harus menghampirinya dan menjadikannya sebagai istri. Dia harus melakukan tugas saudaranya sebagai suami terhadap istri itu.","Jika orang-orang yang bersaudara tinggal bersama-sama, lalu salah seorang dari mereka meninggal tanpa mempunyai anak laki-laki, maka janganlah istri orang yang meninggal itu menikah lagi dengan orang di luar lingkungan keluarganya. Iparnya harus datang kepadanya, meminang dia menjadi istrinya, dan memenuhi kewajiban perkawinan ipar terhadapnya.",
Ulangan,25,6,Ulangan 25:6,وَٱلْبِكْرُ ٱلَّذِي تَلِدُهُ يَقُومُ بِٱسْمِ أَخِيهِ ٱلْمَيْتِ، لِئَلَّا يُمْحَى ٱسْمُهُ مِنْ إِسْرَائِيلَ.,Anak laki-laki sulung yang dimilikinya dianggap sebagai anak suaminya yang mati supaya nama saudaranya yang telah meninggal itu tidak terhapus dari antara orang Israel.,"Nanti, anak sulung yang dilahirkan perempuan itu akan menjadi penegak nama saudara yang meninggal itu supaya namanya tidak terhapus dari antara orang Israil.",
Ulangan,25,7,Ulangan 25:7,«وَإِنْ لَمْ يَرْضَ ٱلرَّجُلُ أَنْ يَأْخُذَ ٱمْرَأَةَ أَخِيهِ، تَصْعَدُ ٱمْرَأَةُ أَخِيهِ إِلَى ٱلْبَابِ إِلَى ٱلشُّيُوخِ وَتَقُولُ: قَدْ أَبَى أَخُو زَوْجِي أَنْ يُقِيمَ لِأَخِيهِ ٱسْمًا فِي إِسْرَائِيلَ. لَمْ يَشَأْ أَنْ يَقُومَ لِي بِوَاجِبِ أَخِي ٱلزَّوْجِ.,"Akan tetapi, jika laki-laki itu tidak mau mengambil istri saudaranya maka istri saudaranya itu harus pergi ke pintu gerbang menghadap para tua-tua dan berkata, “Saudara suamiku menolak mempertahankan nama saudaranya di Israel. Dia tidak mau melaksanakan tugas saudaranya kepadaku.”","Jika orang itu tidak mau menikahi istri saudaranya, maka istri saudaranya itu harus pergi ke pintu gerbang menghadap para tua-tua serta berkata, ‘Iparku menolak menegakkan nama saudaranya di antara orang Israil. Ia tidak mau memenuhi kewajiban perkawinan ipar terhadap aku.’",
Ulangan,25,8,Ulangan 25:8,فَيَدْعُوهُ شُيُوخُ مَدِينَتِهِ وَيَتَكَلَّمُونَ مَعَهُ. فَإِنْ أَصَرَّ وَقَالَ: لَا أَرْضَى أَنْ أَتَّخِذَهَا.,"Kemudian, para tua-tua kota harus memanggil orang itu dan berbicara dengan dia. Jika dia tetap pada pendiriannya dan berkata, “Aku tidak mau menikah dengan dia”,","Setelah itu, para tua-tua kota harus memanggil orang itu dan berbicara kepadanya. Jika ia tetap pada pendiriannya dan berkata, ‘Aku tidak mau memperistri dia,’",
Ulangan,25,9,Ulangan 25:9,تَتَقَدَّمُ ٱمْرَأَةُ أَخِيهِ إِلَيْهِ أَمَامَ أَعْيُنِ ٱلشُّيُوخِ، وَتَخْلَعُ نَعْلَهُ مِنْ رِجْلِهِ، وَتَبْصُقُ فِي وَجْهِهِ، وَتُصَرِّحُ وَتَقُولُ: هَكَذَا يُفْعَلُ بِٱلرَّجُلِ ٱلَّذِي لَا يَبْنِي بَيْتَ أَخِيهِ.,"kemudian, istri saudaranya itu akan datang kepadanya di hadapan para tua-tua dan menanggalkan sandal laki-laki itu, serta meludahi wajahnya. Dia harus mengatakan, “Inilah yang harus dilakukan terhadap orang yang tidak mau membangun keturunan saudaranya”","maka istri saudaranya itu harus mendekati orang itu di depan mata para tua-tua itu, lalu melepaskan kasutnya dari kakinya dan meludahi wajahnya sambil berkata, ‘Beginilah orang yang tidak mau membangun keluarga saudaranya akan diperlakukan.’",
Ulangan,25,10,Ulangan 25:10,فَيُدْعَى ٱسْمُهُ فِي إِسْرَائِيلَ «بَيْتَ مَخْلُوعِ ٱلنَّعْلِ».,"Di Israel, namanya akan disebut, “Keluarga yang sandalnya dilepaskan”.","Maka, di Israil namanya akan disebut: Keluarga yang Kasutnya Dilepaskan.",
Ulangan,25,11,Ulangan 25:11,«إِذَا تَخَاصَمَ رَجُلَانِ بَعْضُهُمَا بَعْضًا، رَجُلٌ وَأَخُوهُ، وَتَقَدَّمَتِ ٱمْرَأَةُ أَحَدِهِمَا لِكَيْ تُخَلِّصَ رَجُلَهَا مِنْ يَدِ ضَارِبِهِ، وَمَدَّتْ يَدَهَا وَأَمْسَكَتْ بِعَوْرَتِهِ،,"Jika dua orang berkelahi satu sama lain, lalu istri salah seorang datang untuk menolong suaminya dari tangan orang yang menyerangnya, lalu mengulurkan tangannya dan memegang kemaluan laki-laki lain itu,","Jika dua orang sedang berkelahi satu sama lain, lalu istri salah seorang datang untuk menolong suaminya dari tangan orang yang memukulnya, dan ia mengulurkan tangannya mencengkeram kemaluan orang itu,",
Ulangan,25,12,Ulangan 25:12,فَٱقْطَعْ يَدَهَا، وَلَا تُشْفِقْ عَيْنُكَ.,potonglah tangan perempuan itu dan janganlah mengasihaninya.,maka engkau harus memotong tangan perempuan itu. Jangan merasa iba kepadanya.,
Ulangan,25,13,Ulangan 25:13,«لَا يَكُنْ لَكَ فِي كِيسِكَ أَوْزَانٌ مُخْتَلِفَةٌ كَبِيرَةٌ وَصَغِيرَةٌ.,"Jangan ada batu timbangan yang berlainan dalam pundi-pundimu, yang besar dan yang kecil.","Dalam pundi-pundimu jangan ada batu timbangan yang berlainan, yaitu yang besar dan yang kecil.",
Ulangan,25,14,Ulangan 25:14,لَا يَكُنْ لَكَ فِي بَيْتِكَ مَكَايِيلُ مُخْتَلِفَةٌ كَبِيرَةٌ وَصَغِيرَةٌ.,"Dalam rumahmu, janganlah ada ukuran yang berbeda, yaitu yang besar dan yang kecil.","Dalam rumahmu jangan ada takaran yang berlainan, yaitu yang besar dan yang kecil.",
Ulangan,25,15,Ulangan 25:15,وَزْنٌ صَحِيحٌ وَحَقٌّ يَكُونُ لَكَ، وَمِكْيَالٌ صَحِيحٌ وَحَقٌّ يَكُونُ لَكَ، لِكَيْ تَطُولَ أَيَّامُكَ عَلَى ٱلْأَرْضِ ٱلَّتِي يُعْطِيكَ ٱلرَّبُّ إِلَهُكَ.,"Kamu harus menggunakan ukuran dan timbangan yang benar dan tepat. Dengan demikian, kamu akan panjang umur di tanah yang TUHAN, Allahmu berikan kepadamu.","Sebaliknya, engkau harus memiliki batu timbangan yang tepat dan benar, juga takaran yang tepat dan benar supaya lanjut umurmu di tanah yang dikaruniakan ALLAH, Tuhanmu, kepadamu.",
Ulangan,25,16,Ulangan 25:16,لِأَنَّ كُلَّ مَنْ عَمِلَ ذَلِكَ، كُلَّ مَنْ عَمِلَ غِشًّا، مَكْرُوهٌ لَدَى ٱلرَّبِّ إِلَهِكَ.,"Setiap orang yang melakukan hal tersebut dan yang bertindak curang merupakan kekejian bagi TUHAN, Allahmu.","ALLAH, Tuhanmu, memandang keji semua orang yang berbuat demikian, yaitu semua orang yang melakukan kecurangan.",
Ulangan,25,17,Ulangan 25:17,«اُذْكُرْ مَا فَعَلَهُ بِكَ عَمَالِيقُ فِي ٱلطَّرِيقِ عِنْدَ خُرُوجِكَ مِنْ مِصْرَ.,Ingatlah yang orang Amalek perbuat kepadamu ketika kamu keluar dari Mesir.,Ingatlah apa yang dilakukan orang Amalek terhadap engkau dalam perjalananmu setelah engkau keluar dari Mesir.,
Ulangan,25,18,Ulangan 25:18,كَيْفَ لَاقَاكَ فِي ٱلطَّرِيقِ وَقَطَعَ مِنْ مُؤَخَّرِكَ كُلَّ ٱلْمُسْتَضْعِفِينَ وَرَاءَكَ، وَأَنْتَ كَلِيلٌ وَمُتْعَبٌ، وَلَمْ يَخَفِ ٱللهَ.,Bagaimana ia mendatangimu di jalan dan menyerang semua orang yang berjalan di belakangmu ketika kamu lelah dan lesu. Mereka tidak takut kepada Allah.,"Ketika engkau lelah dan penat, mereka mendatangimu di jalan dan menghantam barisan belakangmu, yaitu semua orang yang lemah di bagian belakangmu. Mereka tidak takut kepada Allah.",
Ulangan,25,19,Ulangan 25:19,فَمَتَى أَرَاحَكَ ٱلرَّبُّ إِلَهُكَ مِنْ جَمِيعِ أَعْدَائِكَ حَوْلَكَ فِي ٱلْأَرْضِ ٱلَّتِي يُعْطِيكَ ٱلرَّبُّ إِلَهُكَ نَصِيبًا لِكَيْ تَمْتَلِكَهَا، تَمْحُو ذِكْرَ عَمَالِيقَ مِنْ تَحْتِ ٱلسَّمَاءِ. لَا تَنْسَ.,"Oleh sebab itu, akan terjadi ketika TUHAN, Allahmu telah memberikan kedamaian kepadamu dari segala musuh yang ada di sekitarmu, di tanah yang diberikan oleh TUHAN, Allahmu untuk kamu miliki, maka hapuskanlah ingatan kepada Amalek dari kolong langit. Jangan lupa!","Jadi, apabila ALLAH, Tuhanmu, telah mengaruniakan ketenteraman kepadamu dari segala musuh di sekelilingmu di negeri yang dikaruniakan ALLAH, Tuhanmu, kepadamu sebagai milik pusaka untuk diduduki, maka hapuskanlah ingatan kepada Amalek dari kolong langit. Jangan lupa!",
Ulangan,26,1,Ulangan 26:1,«وَمَتَى أَتَيْتَ إِلَى ٱلْأَرْضِ ٱلَّتِي يُعْطِيكَ ٱلرَّبُّ إِلَهُكَ نَصِيبًا وَٱمْتَلَكْتَهَا وَسَكَنْتَ فِيهَا،,"Ketika kamu memasuki negeri yang TUHAN, Allahmu telah berikan, kepadamu sebagai milik pusaka dan kamu telah tinggal di sana.","Nanti, apabila engkau telah masuk ke negeri yang dikaruniakan ALLAH, Tuhanmu, kepadamu sebagai milik pusaka, dan engkau telah memilikinya serta tinggal di dalamnya,",
Ulangan,26,2,Ulangan 26:2,فَتَأْخُذُ مِنْ أَوَّلِ كُلِّ ثَمَرِ ٱلْأَرْضِ ٱلَّذِي تُحَصِّلُ مِنْ أَرْضِكَ ٱلَّتِي يُعْطِيكَ ٱلرَّبُّ إِلَهُكَ وَتَضَعُهُ فِي سَلَّةٍ وَتَذْهَبُ إِلَى ٱلْمَكَانِ ٱلَّذِي يَخْتَارُهُ ٱلرَّبُّ إِلَهُكَ لِيُحِلَّ ٱسْمَهُ فِيهِ.,"Kamu harus mengambil hasil sulung dari tanahmu, yang kamu kumpulkan dari tanah yang telah TUHAN, Allahmu, berikan kepadamu. Taruhlah ke dalam keranjang dan pergilah ke tempat yang TUHAN, Allahmu pilih untuk menegakkan nama-Nya.","ambillah sebagian hasil pertama dari segala hasil tanahmu yang kaukumpulkan dari negeri yang dikaruniakan ALLAH, Tuhanmu, kepadamu. Taruhlah semua itu dalam bakul, lalu pergilah ke tempat yang akan dipilih ALLAH, Tuhanmu, sebagai tempat untuk menegakkan nama-Nya.",
Ulangan,26,3,Ulangan 26:3,وَتَأْتِي إِلَى ٱلْكَاهِنِ ٱلَّذِي يَكُونُ فِي تِلْكَ ٱلْأَيَّامِ وَتَقُولُ لَهُ: أَعْتَرِفُ ٱلْيَوْمَ لِلرَّبِّ إِلَهِكَ أَنِّي قَدْ دَخَلْتُ ٱلْأَرْضَ ٱلَّتِي حَلَفَ ٱلرَّبُّ لِآبَائِنَا أَنْ يُعْطِيَنَا إِيَّاهَا.,"Temuilah imam yang ada pada saat itu dan katakan kepadanya, “Aku menyatakan hari ini kepada TUHAN, Allahku, bahwa aku telah memasuki negeri yang TUHAN janjikan kepada nenek moyang kami untuk memberikannya kepada kami.”","Datanglah pada imam yang ada pada waktu itu dan katakanlah kepadanya, ‘Pada hari ini aku menyatakan di hadirat ALLAH, Tuhanmu, bahwa aku telah memasuki negeri yang dijanjikan ALLAH dengan bersumpah kepada nenek moyang kita untuk dikaruniakan kepada kita.’",
Ulangan,26,4,Ulangan 26:4,فَيَأْخُذُ ٱلْكَاهِنُ ٱلسَّلَّةَ مِنْ يَدِكَ وَيَضَعُهَا أَمَامَ مَذْبَحِ ٱلرَّبِّ إِلَهِكَ.,"Kemudian, imam akan mengambil keranjang itu dari tanganmu dan meletakkannya di depan mazbah TUHAN, Allahmu.","Maka, imam harus mengambil bakul itu dari tanganmu dan meletakkannya di depan mazbah atau tempat pembakaran kurban ALLAH, Tuhanmu.",
Ulangan,26,5,Ulangan 26:5,ثُمَّ تُصَرِّحُ وَتَقُولُ أَمَامَ ٱلرَّبِّ إِلَهِكَ: أَرَامِيًّا تَائِهًا كَانَ أَبِي، فَٱنْحَدَرَ إِلَى مِصْرَ وَتَغَرَّبَ هُنَاكَ فِي نَفَرٍ قَلِيلٍ، فَصَارَ هُنَاكَ أُمَّةً كَبِيرَةً وَعَظِيمَةً وَكَثِيرَةً.,"Di hadapan TUHAN, Allahmu, kamu harus menjawab dan berkata, “Nenek moyangku adalah orang Aram, para pengembara. Ia pergi ke Mesir dan tinggal di sana sebagai pendatang dengan jumlah yang sedikit. Namun, di sana ia menjadi besar, kuat, dan banyak jumlahnya.","Kemudian, engkau harus berkata di hadirat ALLAH, Tuhanmu, ‘Nenek moyangku seorang Aram, seorang pengembara. Ia pergi ke Mesir dan tinggal di sana sebagai pendatang dengan jumlah beberapa orang saja, tetapi di sana ia menjadi suatu bangsa yang besar, kuat, dan banyak jumlahnya.",
Ulangan,26,6,Ulangan 26:6,فَأَسَاءَ إِلَيْنَا ٱلْمِصْرِيُّونَ، وَثَقَّلُوا عَلَيْنَا وَجَعَلُوا عَلَيْنَا عُبُودِيَّةً قَاسِيَةً.,"Orang Mesir memperlakukan kami dengan kejam, dan menindas kami serta memaksa kami untuk bekerja sangat keras.","Kemudian, orang Mesir berbuat jahat terhadap kami, menindas kami, dan menanggungkan atas kami pekerjaan yang berat.",
Ulangan,26,7,Ulangan 26:7,فَلَمَّا صَرَخْنَا إِلَى ٱلرَّبِّ إِلَهِ آبَائِنَا سَمِعَ ٱلرَّبُّ صَوْتَنَا، وَرَأَى مَشَقَّتَنَا وَتَعَبَنَا وَضِيقَنَا.,"Kemudian, kami berseru kepada TUHAN, Allah nenek moyang kami, dan TUHAN mendengar kami dan melihat penderitaan, kerja keras, dan penindasan kami.","Kami pun berseru kepada ALLAH, Tuhan nenek moyang kami. ALLAH mendengar suara kami dan menilik kesusahan kami, kesukaran kami, serta ketertindasan kami.",
Ulangan,26,8,Ulangan 26:8,فَأَخْرَجَنَا ٱلرَّبُّ مِنْ مِصْرَ بِيَدٍ شَدِيدَةٍ وَذِرَاعٍ رَفِيعَةٍ وَمَخَاوِفَ عَظِيمَةٍ وَآيَاتٍ وَعَجَائِبَ،,"Kemudian, TUHAN membawa kami keluar dari Mesir dengan tangan yang kuat dan kuasa-Nya yang besar. Dia melakukan hal-hal yang luar biasa dan tanda-tanda yang ajaib.","Kemudian, ALLAH membawa kami keluar dari Mesir dengan tangan yang kuat dan kuasa yang nyata, dengan kedahsyatan yang besar, dan dengan berbagai tanda ajaib serta mukjizat.",
Ulangan,26,9,Ulangan 26:9,وَأَدْخَلَنَا هَذَا ٱلْمَكَانَ، وَأَعْطَانَا هَذِهِ ٱلْأَرْضَ، أَرْضًا تَفِيضُ لَبَنًا وَعَسَلًا.,"Jadi Dia membawa kami ke tempat ini dan memberikan negeri ini kepada kami, suatu negeri yang berlimpah susu dan madunya.","Ia membawa kami ke tempat ini dan mengaruniakan kepada kami negeri ini, suatu negeri yang berlimpah susu dan madu.",
Ulangan,26,10,Ulangan 26:10,فَٱلْآنَ هَأَنَذَا قَدْ أَتَيْتُ بِأَوَّلِ ثَمَرِ ٱلْأَرْضِ ٱلَّتِي أَعْطَيْتَنِي يَا رَبُّ. ثُمَّ تَضَعُهُ أَمَامَ ٱلرَّبِّ إِلَهِكَ، وَتَسْجُدُ أَمَامَ ٱلرَّبِّ إِلَهِكَ.,"Sekarang lihatlah, aku membawa hasil panen pertama kepada-Mu dari tanah yang TUHAN berikan kepadaku.” Kemudian, kamu harus meletakkan hasil panen itu di hadapan TUHAN, Allahmu, dan sujudlah di hadapan TUHAN, Allahmu.","Sekarang lihatlah, aku membawa hasil pertama dari tanah yang telah Kaukaruniakan kepadaku, ya ALLAH.’ Sesudah itu, letakkanlah semua itu di hadirat ALLAH, Tuhanmu, dan sujudlah menyembah di hadirat ALLAH, Tuhanmu.",
Ulangan,26,11,Ulangan 26:11,وَتَفْرَحُ بِجَمِيعِ ٱلْخَيْرِ ٱلَّذِي أَعْطَاهُ ٱلرَّبُّ إِلَهُكَ لَكَ وَلِبَيْتِكَ، أَنْتَ وَٱللَّاوِيُّ وَٱلْغَرِيبُ ٱلَّذِي فِي وَسْطِكَ.,"Kamu beserta orang Lewi dan orang asing yang tinggal di antaramu harus bersukacita atas segala sesuatu yang telah TUHAN, Allahmu, berikan kepadamu dan seisi rumahmu.","Kemudian, bersukarialah engkau, orang Lewi, serta kaum pendatang yang ada di antaramu karena segala kebaikan yang dikaruniakan ALLAH, Tuhanmu, kepadamu dan kepada keluargamu.",
Ulangan,26,12,Ulangan 26:12,«مَتَى فَرَغْتَ مِنْ تَعْشِيرِ كُلِّ عُشُورِ مَحْصُولِكَ، فِي ٱلسَّنَةِ ٱلثَّالِثَةِ، سَنَةِ ٱلْعُشُورِ، وَأَعْطَيْتَ ٱللَّاوِيَّ وَٱلْغَرِيبَ وَٱلْيَتِيمَ وَٱلْأَرْمَلَةَ فَأَكَلُوا فِي أَبْوَابِكَ وَشَبِعُوا،,"Setiap tahun ketiga adalah tahun persepuluhan. Kamu harus memberikan 1/10 dari panenmu kepada orang Lewi, kepada orang asing, para janda, dan anak yatim. Dengan demikian, mereka dapat makan di setiap tempat di kotamu dan menjadi kenyang.","Setelah engkau selesai membayar segala persembahan sepersepuluh dari hasil tanahmu pada tahun ketiga, yaitu tahun pembayaran persembahan sepersepuluh, maka berikanlah persembahan itu kepada orang Lewi, kaum pendatang, anak yatim, dan janda supaya mereka dapat makan di kotamu sampai kenyang.",
Ulangan,26,13,Ulangan 26:13,تَقُولُ أَمَامَ ٱلرَّبِّ إِلَهِكَ: قَدْ نَزَعْتُ ٱلْمُقَدَّسَ مِنَ ٱلْبَيْتِ، وَأَيْضًا أَعْطَيْتُهُ لِلَّاوِيِّ وَٱلْغَرِيبِ وَٱلْيَتِيمِ وَٱلْأَرْمَلَةِ، حَسَبَ كُلِّ وَصِيَّتِكَ ٱلَّتِي أَوْصَيْتَنِي بِهَا. لَمْ أَتَجَاوَزْ وَصَايَاكَ وَلَا نَسِيتُهَا.,"Kamu harus berkata kepada TUHAN, Allahmu, “Aku sudah mengeluarkan persembahan kudus dari rumahku dan telah memberikannya kepada orang Lewi, orang asing, anak yatim, dan para janda sesuai dengan perintah-Mu yang telah Kau berikan kepadaku. Aku tidak menentang perintah-Mu atau melupakannya.","Sesudah itu, katakanlah di hadirat ALLAH, Tuhanmu, ‘Aku telah mengeluarkan persembahan suci itu dari dalam rumahku dan aku telah memberikannya kepada orang Lewi, kaum pendatang, anak yatim, dan janda sesuai dengan segala perintah yang Kausampaikan kepadaku. Aku tidak melanggar atau melupakan satu pun dari perintah-perintah-Mu.",
Ulangan,26,14,Ulangan 26:14,لَمْ آكُلْ مِنْهُ فِي حُزْنِي، وَلَا أَخَذْتُ مِنْهُ فِي نَجَاسَةٍ، وَلَا أَعْطَيْتُ مِنْهُ لِأَجْلِ مَيْتٍ، بَلْ سَمِعْتُ لِصَوْتِ ٱلرَّبِّ إِلَهِي وَعَمِلْتُ حَسَبَ كُلِّ مَا أَوْصَيْتَنِي.,"Aku tidak memakan makanan ini pada waktu aku berkabung, tidak sesuatu pun kukeluarkan ketika aku dalam keadaan najis, dan tidak sesuatu pun kupersembahkan kepada orang mati. Sebaliknya, aku mematuhi TUHAN, Allahku, dan aku melakukan segala yang Engkau perintahkan kepadaku.","Dari persembahan itu tidak sesuatu pun kumakan ketika aku berkabung, tidak sesuatu pun kukeluarkan ketika aku dalam keadaan najis, dan tidak sesuatu pun kupersembahkan kepada orang mati. Sebaliknya, aku mematuhi ALLAH, Tuhanku, dan aku melakukan segala yang Kauperintahkan kepadaku.",
Ulangan,26,15,Ulangan 26:15,اِطَّلِعْ مِنْ مَسْكَنِ قُدْسِكَ، مِنَ ٱلسَّمَاءِ، وَبَارِكْ شَعْبَكَ إِسْرَائِيلَ وَٱلْأَرْضَ ٱلَّتِي أَعْطَيْتَنَا، كَمَا حَلَفْتَ لِآبَائِنَا، أَرْضًا تَفِيضُ لَبَنًا وَعَسَلًا.,"Lihatlah ke bawah dari tempat kudus-Mu yang kudus, dari surga, dan berkatilah umat-Mu Israel dan negeri yang telah Engkau berikan kepada kami seperti yang telah Engkau janjikan kepada nenek moyang kami, sebuah negeri yang berlimpah susu dan madu.”","Tiliklah dari kediaman-Mu yang suci, dari surga, dan berkahilah umat-Mu Israil serta tanah yang Kaukaruniakan kepada kami, seperti yang Kaujanjikan dengan bersumpah kepada nenek moyang kami—suatu negeri yang berlimpah susu dan madu.’",
Ulangan,26,16,Ulangan 26:16,«هَذَا ٱلْيَوْمَ قَدْ أَمَرَكَ ٱلرَّبُّ إِلَهُكَ أَنْ تَعْمَلَ بِهَذِهِ ٱلْفَرَائِضِ وَٱلْأَحْكَامِ، فَٱحْفَظْ وَٱعْمَلْ بِهَا مِنْ كُلِّ قَلْبِكَ وَمِنْ كُلِّ نَفْسِكَ.,"Hari ini, TUHAN, Allahmu, memerintahkan untuk mematuhi semua hukum dan ketetapan ini, taatilah dengan segenap hatimu dan dengan segenap jiwamu.","Pada hari ini ALLAH, Tuhanmu, memerintahkan engkau untuk melakukan ketetapan-ketetapan dan peraturan-peraturan ini. Sebab itu, peganglah teguh dan lakukanlah semua itu dengan segenap hatimu dan dengan segenap jiwamu.",
Ulangan,26,17,Ulangan 26:17,قَدْ وَاعَدْتَ ٱلرَّبَّ ٱلْيَوْمَ أَنْ يَكُونَ لَكَ إِلَهًا، وَأَنْ تَسْلُكَ فِي طُرُقِهِ وَتَحْفَظَ فَرَائِضَهُ وَوَصَايَاهُ وَأَحْكَامَهُ وَتَسْمَعَ لِصَوْتِهِ.,"Hari ini, kamu menyatakan bahwa TUHAN adalah Allahmu dan kamu akan berjalan di jalan-Nya, memegang teguh hukum-Nya, ketetapan-ketetapan-Nya, dan peraturan-peraturan-Nya serta mendengarkan suara-Nya.","Pada hari ini engkau telah menyatakan bahwa ALLAH adalah Tuhanmu, dan bahwa engkau akan hidup menurut jalan-Nya, akan memegang teguh ketetapan-ketetapan-Nya, perintah-perintah-Nya, dan peraturan-peraturan-Nya, serta akan mematuhi-Nya.",
Ulangan,26,18,Ulangan 26:18,وَوَاعَدَكَ ٱلرَّبُّ ٱلْيَوْمَ أَنْ تَكُونَ لَهُ شَعْبًا خَاصًّا، كَمَا قَالَ لَكَ، وَتَحْفَظَ جَمِيعَ وَصَايَاهُ،,"Pada hari ini, TUHAN telah menyatakan bahwa kamu adalah umat kesayangan-Nya seperti yang telah Dia janjikan kepadamu. Kamu juga harus memegang teguh seluruh perintah-Nya.","Pada hari ini juga ALLAH menyatakan bahwa engkau adalah umat kesayangan-Nya sendiri, seperti yang dijanjikan-Nya kepadamu, dan bahwa engkau harus memegang teguh segala perintah-Nya.",
Ulangan,26,19,Ulangan 26:19,وَأَنْ يَجْعَلَكَ مُسْتَعْلِيًا عَلَى جَمِيعِ ٱلْقَبَائِلِ ٱلَّتِي عَمِلَهَا فِي ٱلثَّنَاءِ وَٱلِٱسْمِ وَٱلْبَهَاءِ، وَأَنْ تَكُونَ شَعْبًا مُقَدَّسًا لِلرَّبِّ إِلَهِكَ، كَمَا قَالَ».,"TUHAN akan menjadikanmu lebih besar daripada semua bangsa yang telah dijadikan-Nya agar kamu menjadi terpuji, terkenal, dan terhormat. Dan, kamu akan menjadi bangsa yang kudus bagi TUHAN, Allahmu, seperti yang telah Dia katakan.","Ia akan meninggikan engkau di atas segala bangsa yang telah dijadikan-Nya untuk menjadi terpuji, ternama, serta terhormat. Engkau pun akan menjadi umat yang suci bagi ALLAH, Tuhanmu, seperti yang dijanjikan-Nya.”",
Ulangan,27,1,Ulangan 27:1,وَأَوْصَى مُوسَى وَشُيُوخُ إِسْرَائِيلَ ٱلشَّعْبَ قَائِلًا: «ٱحْفَظُوا جَمِيعَ ٱلْوَصَايَا ٱلَّتِي أَنَا أُوصِيكُمْ بِهَا ٱلْيَوْمَ.,"Musa bersama dengan para tua-tua Israel memerintahkan kepada bangsanya, katanya, “Taatilah seluruh perintah yang kusampaikan kepadamu hari ini.","Musa dan para tua-tua Israil memberi perintah kepada bangsa itu demikian, “Peganglah teguh segala perintah yang kusampaikan kepadamu pada hari ini.",
Ulangan,27,2,Ulangan 27:2,فَيَوْمَ تَعْبُرُونَ ٱلْأُرْدُنَّ إِلَى ٱلْأَرْضِ ٱلَّتِي يُعْطِيكَ ٱلرَّبُّ إِلَهُكَ، تُقِيمُ لِنَفْسِكَ حِجَارَةً كَبِيرَةً وَتَشِيدُهَا بِٱلشِّيدِ،,"Nanti, saat kamu menyeberangi Sungai Yordan untuk memasuki tanah yang TUHAN, Allahmu, berikan kepadamu maka kamu harus mendirikan batu-batu besar dan laburlah dengan kapur.","Nanti, pada hari kamu menyeberangi Sungai Yordan menuju negeri yang dikaruniakan ALLAH, Tuhanmu, kepadamu, dirikanlah beberapa batu besar, lalu laburilah dengan kapur.",
Ulangan,27,3,Ulangan 27:3,وَتَكْتُبُ عَلَيْهَا جَمِيعَ كَلِمَاتِ هَذَا ٱلنَّامُوسِ، حِينَ تَعْبُرُ لِكَيْ تَدْخُلَ ٱلْأَرْضَ ٱلَّتِي يُعْطِيكَ ٱلرَّبُّ إِلَهُكَ، أَرْضًا تَفِيضُ لَبَنًا وَعَسَلًا، كَمَا قَالَ لَكَ ٱلرَّبُّ إِلَهُ آبَائِكَ.,"Tuliskanlah pada batu-batu itu seluruh perkataan Taurat ini, ketika kamu menyeberanginya sehingga kamu memasuki negeri yang TUHAN, Allahmu, berikan kepadamu. Suatu negeri yang berlimpah susu dan madu seperti yang telah TUHAN, Allah nenek moyangmu, janjikan kepadamu.","Setelah engkau menyeberang, tuliskanlah pada batu-batu itu segala perkataan hukum Taurat ini supaya engkau dapat masuk ke negeri yang dikaruniakan ALLAH, Tuhanmu, kepadamu, yaitu negeri yang berlimpah susu dan madu seperti yang dijanjikan ALLAH, Tuhan nenek moyangmu, kepadamu.",
Ulangan,27,4,Ulangan 27:4,حِينَ تَعْبُرُونَ ٱلْأُرْدُنَّ، تُقِيمُونَ هَذِهِ ٱلْحِجَارَةَ ٱلَّتِي أَنَا أُوصِيكُمْ بِهَا ٱلْيَوْمَ فِي جَبَلِ عِيبَالَ، وَتُكَلِّسُهَا بِٱلْكِلْسِ.,"Sesudah kamu menyeberangi Sungai Yordan, kamu harus mendirikan batu-batu itu di Gunung Ebal dan laburlah dengan kapur seperti yang telah kuperintahkan kepadamu.","Setelah kamu menyeberangi Sungai Yordan, batu-batu itu—seperti kuperintahkan kepadamu pada hari ini—harus kamu dirikan di Gunung Ebal dan harus kaulaburi dengan kapur.",
Ulangan,27,5,Ulangan 27:5,وَتَبْنِي هُنَاكَ مَذْبَحًا لِلرَّبِّ إِلَهِكَ، مَذْبَحًا مِنْ حِجَارَةٍ لَا تَرْفَعْ عَلَيْهَا حَدِيدًا.,"Selain itu, di sana kamu juga harus membangun sebuah mazbah yang terbuat dari batu untuk TUHAN, Allahmu. Janganlah menggunakan peralatan dari besi.","Bangunlah di sana sebuah mazbah atau tempat pembakaran kurban bagi ALLAH, Tuhanmu, yang terbuat dari batu. Jangan kenakan perkakas besi padanya.",
Ulangan,27,6,Ulangan 27:6,مِنْ حِجَارَةٍ صَحِيحَةٍ تَبْنِي مَذْبَحَ ٱلرَّبِّ إِلَهِكَ، وَتُصْعِدُ عَلَيْهِ مُحْرَقَاتٍ لِلرَّبِّ إِلَهِكَ.,"Bangunlah mazbah TUHAN, Allahmu, dengan menggunakan batu yang utuh, dan persembahkanlah kurban bakaran di atasnya untuk TUHAN, Allahmu.","Mazbah bagi ALLAH, Tuhanmu, itu harus kaubangun dari batu yang belum dipahat, dan di atasnya harus kaupersembahkan kurban-kurban bakaran kepada ALLAH, Tuhanmu.",
Ulangan,27,7,Ulangan 27:7,وَتَذْبَحُ ذَبَائِحَ سَلَامَةٍ، وَتَأْكُلُ هُنَاكَ وَتَفْرَحُ أَمَامَ ٱلرَّبِّ إِلَهِكَ.,"Persembahkanlah juga kurban perdamaian, makanlah, dan bersukacitalah di sana di hadapan TUHAN, Allahmu.","Persembahkanlah juga kurban-kurban perdamaian, lalu makanlah semua itu di sana dan bersukarialah di hadirat ALLAH, Tuhanmu.",
Ulangan,27,8,Ulangan 27:8,وَتَكْتُبُ عَلَى ٱلْحِجَارَةِ جَمِيعَ كَلِمَاتِ هَذَا ٱلنَّامُوسِ نَقْشًا جَيِّدًا».,Tuliskanlah di batu-batu itu seluruh perkataan Taurat dengan sangat jelas.”,Tuliskanlah pada batu-batu itu segala perkataan hukum Taurat ini sejelas-jelasnya.”,
Ulangan,27,9,Ulangan 27:9,ثُمَّ كَلَّمَ مُوسَى وَٱلْكَهَنَةُ ٱللَّاوِيُّونَ جَمِيعَ إِسْرَائِيلَ قَائِلِينَ: «اِنْصِتْ وَٱسْمَعْ يَا إِسْرَائِيلُ. ٱلْيَوْمَ صِرْتَ شَعْبًا لِلرَّبِّ إِلَهِكَ.,"Musa dan para imam orang Lewi berkata kepada seluruh orang Israel, katanya, “Diam dan dengarlah, hai Israel! Hari ini kamu telah menjadi umat TUHAN, Allahmu.","Kemudian, Musa dan imam-imam Lewi berbicara kepada semua orang Israil demikian, “Diamlah dan dengarlah, hai orang Israil! Pada hari ini engkau telah menjadi umat ALLAH, Tuhanmu.",
Ulangan,27,10,Ulangan 27:10,فَٱسْمَعْ لِصَوْتِ ٱلرَّبِّ إِلَهِكَ وَٱعْمَلْ بِوَصَايَاهُ وَفَرَائِضِهِ ٱلَّتِي أَنَا أُوصِيكَ بِهَا ٱلْيَوْمَ».,"Kamu harus patuh kepada TUHAN, Allahmu, dan melakukan seluruh perintah-perintah-Nya dan ketetapan-ketetapan-Nya yang kuperintahkan kepadamu hari ini.”","Sebab itu, patuhilah ALLAH, Tuhanmu, dan lakukanlah perintah-perintah-Nya serta ketetapan-ketetapan-Nya yang kusampaikan kepadamu pada hari ini.”",
Ulangan,27,11,Ulangan 27:11,وَأَوْصَى مُوسَى ٱلشَّعْبَ فِي ذَلِكَ ٱلْيَوْمِ قَائِلًا:,"Pada hari itu, Musa juga memberikan perintah kepada umat,","Pada hari itu juga Musa memberi perintah kepada bangsa itu demikian,",
Ulangan,27,12,Ulangan 27:12,«هَؤُلَاءِ يَقِفُونَ عَلَى جَبَلِ جِرِزِّيمَ لِكَيْ يُبَارِكُوا ٱلشَّعْبَ حِينَ تَعْبُرُونَ ٱلْأُرْدُنَّ: شِمْعُونُ وَلَاوِي وَيَهُوذَا وَيَسَّاكَرُ وَيُوسُفُ وَبَنْيَامِينُ.,"“Sesudah kamu menyeberangi Sungai Yordan, suku-suku inilah yang harus berdiri di Gunung Gerizim untuk memberikan berkat-berkat kepada umat: Simeon, Lewi, Yehuda, Isakhar, Yusuf, dan Benyamin.","“Sesudah kamu menyeberangi Sungai Yordan, inilah suku-suku yang harus berdiri di Gunung Gerizim untuk menyampaikan ucapan berkah kepada bangsa itu: suku Simeon, Lewi, Yuda, Isakhar, Yusuf, dan Benyamin.",
Ulangan,27,13,Ulangan 27:13,وَهَؤُلَاءِ يَقِفُونَ عَلَى جَبَلِ عِيبَالَ لِلَّعْنَةِ: رَأُوبَيْنُ وَجَادُ وَأَشِيرُ وَزَبُولُونُ وَدَانُ وَنَفْتَالِي.,"Dan, suku-suku ini harus berdiri di Gunung Ebal untuk menyampaikan kutukan: Ruben, Gad, Asyer, Zebulon, Dan serta Naftali.","Dan inilah suku-suku yang harus berdiri di Gunung Ebal untuk menyampaikan kutuk: suku Ruben, Gad, Asyer, Zebulon, Dan, serta Naftali.",
Ulangan,27,14,Ulangan 27:14,فَيُصَرِّحُ ٱللَّاوِيُّونَ وَيَقُولُونَ لِجَمِيعِ قَوْمِ إِسْرَائِيلَ بِصَوْتٍ عَالٍ:,Orang Lewi akan berbicara dan mengatakan kepada semua orang Israel dengan suara nyaring:,"Kemudian, orang-orang Lewi harus berkata kepada semua orang Israil dengan suara nyaring:",
Ulangan,27,15,Ulangan 27:15,مَلْعُونٌ ٱلْإِنْسَانُ ٱلَّذِي يَصْنَعُ تِمْثَالًا مَنْحُوتًا أَوْ مَسْبُوكًا، رِجْسًا لَدَى ٱلرَّبِّ عَمَلَ يَدَيْ نَحَّاتٍ، وَيَضَعُهُ فِي ٱلْخَفَاءِ. وَيُجِيبُ جَمِيعُ ٱلشَّعْبِ وَيَقُولُونَ: آمِينَ.,"‘Terkutuklah orang yang membuat berhala atau patung tuangan, itu adalah kekejian bagi TUHAN, buatan tangan seorang pengrajin, dan meletakkannya di tempat tersembunyi.’","‘Terkutuklah orang yang membuat patung ukiran atau patung tuangan—suatu hal keji bagi ALLAH, buatan tangan seorang tukang—dan yang mendirikannya secara sembunyi-sembunyi.’ Lalu, seluruh bangsa itu harus menjawab, ‘Amin!’",
Ulangan,27,16,Ulangan 27:16,مَلْعُونٌ مَنْ يَسْتَخِفُّ بِأَبِيهِ أَوْ أُمِّهِ. وَيَقُولُ جَمِيعُ ٱلشَّعْبِ: آمِينَ.,‘Terkutuklah orang yang tidak menghormati ayah atau ibunya!’,"‘Terkutuklah orang yang memandang rendah ayah dan ibunya.’ Lalu, seluruh bangsa itu harus berkata, ‘Amin!’",
Ulangan,27,17,Ulangan 27:17,مَلْعُونٌ مَنْ يَنْقُلُ تُخْمَ صَاحِبِهِ. وَيَقُولُ جَمِيعُ ٱلشَّعْبِ: آمِينَ.,‘Terkutuklah orang yang memindahkan batas tanah tetangganya!’,"‘Terkutuklah orang yang memindahkan batas tanah sesamanya.’ Lalu, seluruh bangsa itu harus berkata, ‘Amin!’",
Ulangan,27,18,Ulangan 27:18,مَلْعُونٌ مَنْ يُضِلُّ ٱلْأَعْمَى عَنِ ٱلطَّرِيقِ. وَيَقُولُ جَمِيعُ ٱلشَّعْبِ: آمِينَ.,‘Terkutuklah orang yang menyesatkan orang buta di jalan!’,"‘Terkutuklah orang yang menyesatkan orang buta di jalan.’ Lalu, seluruh bangsa itu harus berkata, ‘Amin!’",
Ulangan,27,19,Ulangan 27:19,مَلْعُونٌ مَنْ يُعَوِّجُ حَقَّ ٱلْغَرِيبِ وَٱلْيَتِيمِ وَٱلْأَرْمَلَةِ. وَيَقُولُ جَمِيعُ ٱلشَّعْبِ: آمِينَ.,"‘Terkutuklah orang yang menghalangi hak orang asing, anak yatim, dan para janda!’","‘Terkutuklah orang yang memutarbalikkan hak kaum pendatang, anak yatim, dan janda.’ Lalu, seluruh bangsa itu harus berkata, ‘Amin!’",
Ulangan,27,20,Ulangan 27:20,مَلْعُونٌ مَنْ يَضْطَجِعُ مَعَ ٱمْرَأَةِ أَبِيهِ، لِأَنَّهُ يَكْشِفُ ذَيْلَ أَبِيهِ. وَيَقُولُ جَمِيعُ ٱلشَّعْبِ: آمِينَ.,‘Terkutuklah orang yang bersetubuh dengan istri ayahnya karena dia telah menyingkapkan punca kainnya!’,"‘Terkutuklah orang yang bersetubuh dengan istri ayahnya karena ia telah mengaibkan ayahnya.’ Lalu, seluruh bangsa itu harus berkata, ‘Amin!’",
Ulangan,27,21,Ulangan 27:21,مَلْعُونٌ مَنْ يَضْطَجِعُ مَعَ بَهِيمَةٍ مَّا. وَيَقُولُ جَمِيعُ ٱلشَّعْبِ: آمِينَ.,‘Terkutuklah orang yang bersetubuh dengan binatang!’,"‘Terkutuklah orang yang bersetubuh dengan binatang apa pun.’ Lalu, seluruh bangsa itu harus berkata, ‘Amin!’",
Ulangan,27,22,Ulangan 27:22,مَلْعُونٌ مَنْ يَضْطَجِعُ مَعَ أُخْتِهِ بِنْتِ أَبِيهِ أَوْ بِنْتِ أُمِّهِ. وَيَقُولُ جَمِيعُ ٱلشَّعْبِ: آمِينَ.,"‘Terkutuklah orang yang bersetubuh dengan saudara perempuannya, anak perempuan dari ayahnya atau dari ibunya!’","‘Terkutuklah orang yang bersetubuh dengan saudaranya perempuan, yaitu anak ayahnya atau anak ibunya.’ Lalu, seluruh bangsa itu harus berkata, ‘Amin!’",
Ulangan,27,23,Ulangan 27:23,مَلْعُونٌ مَنْ يَضْطَجِعُ مَعَ حَمَاتِهِ. وَيَقُولُ جَمِيعُ ٱلشَّعْبِ: آمِينَ.,‘Terkutuklah orang yang bersetubuh dengan ibu mertuanya!’,"‘Terkutuklah orang yang bersetubuh dengan ibu mertuanya.’ Lalu, seluruh bangsa itu harus berkata, ‘Amin!’",
Ulangan,27,24,Ulangan 27:24,مَلْعُونٌ مَنْ يَقْتُلُ قَرِيبَهُ فِي ٱلْخَفَاءِ. وَيَقُولُ جَمِيعُ ٱلشَّعْبِ: آمِينَ.,‘Terkutuklah orang yang menyerang sesamanya secara tersembunyi!’,"‘Terkutuklah orang yang membunuh sesamanya dengan sembunyi-sembunyi.’ Lalu, seluruh bangsa itu harus berkata, ‘Amin!’",
Ulangan,27,25,Ulangan 27:25,مَلْعُونٌ مَنْ يَأْخُذُ رَشْوَةً لِكَيْ يَقْتُلَ نَفْسَ دَمٍ بَرِيءٍ. وَيَقُولُ جَمِيعُ ٱلشَّعْبِ: آمِينَ.,‘Terkutuklah setiap orang yang menerima uang suap untuk membunuh orang yang tidak bersalah!’,"‘Terkutuklah orang yang menerima suap untuk membunuh orang yang tak bersalah.’ Lalu, seluruh bangsa itu harus berkata, ‘Amin!’",
Ulangan,27,26,Ulangan 27:26,مَلْعُونٌ مَنْ لَا يُقِيمُ كَلِمَاتِ هَذَا ٱلنَّامُوسِ لِيَعْمَلَ بِهَا. وَيَقُولُ جَمِيعُ ٱلشَّعْبِ: آمِينَ.,‘Terkutuklah orang yang tidak menepati Taurat ini dan tidak melakukannya.’,"‘Terkutuklah orang yang tidak menegakkan perkataan hukum Taurat ini dengan melaksanakannya.’ Lalu, seluruh bangsa itu harus berkata, ‘Amin!’",
Ulangan,28,1,Ulangan 28:1,«وَإِنْ سَمِعْتَ سَمْعًا لِصَوْتِ ٱلرَّبِّ إِلَهِكَ لِتَحْرِصَ أَنْ تَعْمَلَ بِجَمِيعِ وَصَايَاهُ ٱلَّتِي أَنَا أُوصِيكَ بِهَا ٱلْيَوْمَ، يَجْعَلُكَ ٱلرَّبُّ إِلَهُكَ مُسْتَعْلِيًا عَلَى جَمِيعِ قَبَائِلِ ٱلْأَرْضِ،,"Sekarang, jika kamu dengan sungguh-sungguh patuh kepada TUHAN, Allahmu, melakukan dengan setia seluruh perintah-Nya seperti yang telah kukatakan kepadamu hari ini. Dengan demikian TUHAN, Allahmu, akan menjadikanmu lebih tinggi daripada segala bangsa di atas bumi.","Jadi, jika engkau sungguh-sungguh mematuhi ALLAH, Tuhanmu, dan melakukan dengan setia segala perintah-Nya yang kusampaikan kepadamu pada hari ini, maka ALLAH, Tuhanmu, akan meninggikan engkau di atas segala bangsa di bumi.",
Ulangan,28,2,Ulangan 28:2,وَتَأْتِي عَلَيْكَ جَمِيعُ هَذِهِ ٱلْبَرَكَاتِ وَتُدْرِكُكَ، إِذَا سَمِعْتَ لِصَوْتِ ٱلرَّبِّ إِلَهِكَ.,"Seluruh berkat ini akan datang kepadamu dan menjadi milikmu jika kamu mematuhi TUHAN, Allahmu.","Segala berkah ini akan datang ke atasmu dan sampai kepadamu jika engkau mematuhi ALLAH, Tuhanmu:",
Ulangan,28,3,Ulangan 28:3,مُبَارَكًا تَكُونُ فِي ٱلْمَدِينَةِ، وَمُبَارَكًا تَكُونُ فِي ٱلْحَقْلِ.,“Diberkatilah kamu di kota dan diberkatilah kamu di ladang.,Diberkahilah engkau di kota dan diberkahilah engkau di ladang.,
Ulangan,28,4,Ulangan 28:4,وَمُبَارَكَةً تَكُونُ ثَمَرَةُ بَطْنِكَ وَثَمَرَةُ أَرْضِكَ وَثَمَرَةُ بَهَائِمِكَ، نِتَاجُ بَقَرِكَ وَإِنَاثُ غَنَمِكَ.,"Diberkatilah buah kandunganmu, hasil tanahmu, dan hasil ternakmu, yaitu sapi dan dombamu.","Diberkahilah buah kandunganmu, hasil tanahmu, dan hasil ternakmu, yaitu anak lembumu dan kawanan kambing dombamu.",
Ulangan,28,5,Ulangan 28:5,مُبَارَكَةً تَكُونُ سَلَّتُكَ وَمِعْجَنُكَ.,Diberkatilah bakulmu dan tempat adonanmu.,Diberkahilah bakulmu dan tempat adonanmu.,
Ulangan,28,6,Ulangan 28:6,مُبَارَكًا تَكُونُ فِي دُخُولِكَ، وَمُبَارَكًا تَكُونُ فِي خُرُوجِكَ.,Diberkatilah kamu ketika kamu datang dan diberkatilah kamu ketika kamu pergi.”,Diberkahilah engkau ketika engkau masuk dan diberkahilah engkau ketika engkau keluar.,
Ulangan,28,7,Ulangan 28:7,يَجْعَلُ ٱلرَّبُّ أَعْدَاءَكَ ٱلْقَائِمِينَ عَلَيْكَ مُنْهَزِمِينَ أَمَامَكَ. فِي طَرِيقٍ وَاحِدَةٍ يَخْرُجُونَ عَلَيْكَ، وَفِي سَبْعِ طُرُقٍ يَهْرُبُونَ أَمَامَكَ.,"TUHAN akan menyerahkan musuh-musuhmu yang bangkit melawanmu untuk dikalahkan di hadapanmu. Mereka datang untuk melawanmu melalui satu jalan, tetapi mereka akan melarikan diri melalui tujuh jalan.","ALLAH akan menyerahkan musuh-musuhmu yang bangkit melawan engkau sehingga mereka terpukul kalah di hadapanmu. Lewat satu jalan mereka akan maju menyerang engkau, tetapi lewat tujuh jalan mereka akan lari dari hadapanmu.",
Ulangan,28,8,Ulangan 28:8,يَأْمُرُ لَكَ ٱلرَّبُّ بِٱلْبَرَكَةِ فِي خَزَائِنِكَ وَفِي كُلِّ مَا تَمْتَدُّ إِلَيْهِ يَدُكَ، وَيُبَارِكُكَ فِي ٱلْأَرْضِ ٱلَّتِي يُعْطِيكَ ٱلرَّبُّ إِلَهُكَ.,"TUHAN akan memerintahkan berkat di atas lumbung-lumbungmu dan di setiap pekerjaan tanganmu. Dia juga akan memberkatimu di negeri yang TUHAN, Allahmu berikan kepadamu.","ALLAH akan memerintahkan berkah-Nya turun atas lumbung-lumbungmu dan atas segala usahamu. Ia akan memberkahi engkau di negeri yang dikaruniakan ALLAH, Tuhanmu, kepadamu.",
Ulangan,28,9,Ulangan 28:9,يُقِيمُكَ ٱلرَّبُّ لِنَفْسِهِ شَعْبًا مُقَدَّسًا كَمَا حَلَفَ لَكَ، إِذَا حَفِظْتَ وَصَايَا ٱلرَّبِّ إِلَهِكَ وَسَلَكْتَ فِي طُرُقِهِ.,"TUHAN akan membuatmu menjadi umat-Nya yang kudus seperti yang telah dijanjikan-Nya kepadamu apabila kamu menaati perintah TUHAN, Allahmu dan berjalan di jalan-Nya.","ALLAH akan meneguhkan engkau sebagai umat-Nya yang suci, seperti yang dijanjikan-Nya dengan bersumpah kepadamu, asal engkau memegang teguh perintah-perintah ALLAH, Tuhanmu, dan hidup menurut jalan-Nya.",
Ulangan,28,10,Ulangan 28:10,فَيَرَى جَمِيعُ شُعُوبِ ٱلْأَرْضِ أَنَّ ٱسْمَ ٱلرَّبِّ قَدْ سُمِّيَ عَلَيْكَ وَيَخَافُونَ مِنْكَ.,Maka seluruh bangsa di muka ini akan melihat bahwa nama TUHAN disebut di atasmu sehingga mereka akan menjadi takut kepadamu.,"Segala bangsa di bumi akan melihat bahwa nama ALLAH disebut atasmu, dan mereka akan takut kepadamu.",
Ulangan,28,11,Ulangan 28:11,وَيَزِيدُكَ ٱلرَّبُّ خَيْرًا فِي ثَمَرَةِ بَطْنِكَ وَثَمَرَةِ بَهَائِمِكَ وَثَمَرَةِ أَرْضِكَ عَلَى ٱلْأَرْضِ ٱلَّتِي حَلَفَ ٱلرَّبُّ لِآبَائِكَ أَنْ يُعْطِيَكَ.,"TUHAN juga akan melimpahkanmu kebaikan, baik dalam buah kandunganmu, hasil ternakmu, dan hasil dari tanahmu, di negeri yang telah TUHAN janjikan kepada nenek moyangmu untuk memberikannya kepadamu.","ALLAH akan membuat engkau berkelimpahan dalam kebaikan, dalam hal buah kandunganmu, hasil ternakmu, dan hasil bumimu di tanah yang dijanjikan ALLAH dengan bersumpah kepada nenek moyangmu untuk dikaruniakan kepadamu.",
Ulangan,28,12,Ulangan 28:12,يَفْتَحُ لَكَ ٱلرَّبُّ كَنْزَهُ ٱلصَّالِحَ، ٱلسَّمَاءَ، لِيُعْطِيَ مَطَرَ أَرْضِكَ فِي حِينِهِ، وَلْيُبَارِكَ كُلَّ عَمَلِ يَدِكَ، فَتُقْرِضُ أُمَمًا كَثِيرَةً وَأَنْتَ لَا تَقْتَرِضُ.,"TUHAN akan membuka bagimu perbendaharaan-Nya yang terbaik. Langit akan mencurahkan hujan untuk tanahmu pada musimnya dan memberkati segala pekerjaan tanganmu. Kamu akan memberikan pinjaman kepada banyak bangsa, tetapi kamu tidak akan meminjam.","ALLAH akan membuka bagimu perbendaharaan-Nya yang baik, yaitu langit, untuk menurunkan hujan ke atas tanahmu pada musimnya dan untuk memberkahi segala pekerjaan tanganmu. Engkau akan memberi pinjaman kepada banyak bangsa, tetapi engkau sendiri tidak akan meminjam.",
Ulangan,28,13,Ulangan 28:13,وَيَجْعَلُكَ ٱلرَّبُّ رَأْسًا لَا ذَنَبًا، وَتَكُونُ فِي ٱلِٱرْتِفَاعِ فَقَطْ وَلَا تَكُونُ فِي ٱلِٱنْحِطَاطِ، إِذَا سَمِعْتَ لِوَصَايَا ٱلرَّبِّ إِلَهِكَ ٱلَّتِي أَنَا أُوصِيكَ بِهَا ٱلْيَوْمَ، لِتَحْفَظَ وَتَعْمَلَ,"TUHAN akan menjadikanmu kepala, bukan ekor. Kamu akan berada di atas, dan tidak akan di bawah. Apabila kamu mendengarkan perintah-perintah dari TUHAN, Allahmu, yang telah kusampaikan kepadamu hari ini dan lakukanlah dengan setia,","ALLAH akan membuat engkau menjadi kepala, bukan ekor. Engkau akan berada di atas dan bukan di bawah, asal engkau mendengarkan perintah-perintah ALLAH, Tuhanmu, yang kusampaikan kepadamu pada hari ini untuk kaulakukan dengan setia,",
Ulangan,28,14,Ulangan 28:14,وَلَا تَزِيغَ عَنْ جَمِيعِ ٱلْكَلِمَاتِ ٱلَّتِي أَنَا أُوصِيكَ بِهَا ٱلْيَوْمَ يَمِينًا أَوْ شِمَالًا، لِكَيْ تَذْهَبَ وَرَاءَ آلِهَةٍ أُخْرَى لِتَعْبُدَهَا.,dan tidak menyimpang ke kanan maupun ke kiri dari setiap perkataan yang kuperintahkan kepadamu hari ini dengan mengikuti ilah-ilah lain dan beribadah kepadanya.,dan tidak menyimpang ke kanan atau ke kiri dari segala hal yang kusampaikan kepadamu pada hari ini dengan mengikuti ilah-ilah lain serta beribadah kepadanya.,
Ulangan,28,15,Ulangan 28:15,«وَلَكِنْ إِنْ لَمْ تَسْمَعْ لِصَوْتِ ٱلرَّبِّ إِلَهِكَ لِتَحْرِصَ أَنْ تَعْمَلَ بِجَمِيعِ وَصَايَاهُ وَفَرَائِضِهِ ٱلَّتِي أَنَا أُوصِيكَ بِهَا ٱلْيَوْمَ، تَأْتِي عَلَيْكَ جَمِيعُ هَذِهِ ٱللَّعَنَاتِ وَتُدْرِكُكَ:,"Namun, jika kamu tidak mematuhi TUHAN, Allahmu, untuk melakukannya dengan sungguh-sungguh setiap perintah dan ketetapan-Nya yang telah kuberikan kepadamu hari ini maka segala kutuk akan datang ke atasmu dan menimpamu:","Akan tetapi, jika engkau tidak mau mematuhi ALLAH, Tuhanmu, untuk melakukan dengan setia segala perintah-Nya dan ketetapan-Nya yang kusampaikan kepadamu pada hari ini, maka segala kutuk ini akan datang ke atasmu dan sampai kepadamu:",
Ulangan,28,16,Ulangan 28:16,مَلْعُونًا تَكُونُ فِي ٱلْمَدِينَةِ وَمَلْعُونًا تَكُونُ فِي ٱلْحَقْلِ.,“Terkutuklah kamu di kota dan terkutuklah kamu di ladang.,Terkutuklah engkau di kota dan terkutuklah engkau di ladang.,
Ulangan,28,17,Ulangan 28:17,مَلْعُونَةً تَكُونُ سَلَّتُكَ وَمِعْجَنُكَ.,Terkutuklah bakulmu dan tempat adonanmu.,Terkutuklah bakulmu dan tempat adonanmu.,
Ulangan,28,18,Ulangan 28:18,مَلْعُونَةً تَكُونُ ثَمَرَةُ بَطْنِكَ وَثَمَرَةُ أَرْضِكَ، نِتَاجُ بَقَرِكَ وَإِنَاثُ غَنَمِكَ.,"Terkutuklah buah kandunganmu, hasil tanahmu, anak sapi dan anak dombamu.","Terkutuklah buah kandunganmu, hasil tanahmu, anak lembumu, dan kawanan kambing dombamu.",
Ulangan,28,19,Ulangan 28:19,مَلْعُونًا تَكُونُ فِي دُخُولِكَ، وَمَلْعُونًا تَكُونُ فِي خُرُوجِكَ.,Terkutuklah kamu yang datang dan terkutuklah kamu yang pergi.”,Terkutuklah engkau ketika engkau masuk dan terkutuklah engkau ketika engkau keluar.,
Ulangan,28,20,Ulangan 28:20,يُرْسِلُ ٱلرَّبُّ عَلَيْكَ ٱللَّعْنَ وَٱلِٱضْطِرَابَ وَٱلزَّجْرَ فِي كُلِّ مَا تَمْتَدُّ إِلَيْهِ يَدُكَ لِتَعْمَلَهُ، حَتَّى تَهْلِكَ وَتَفْنَى سَرِيعًا مِنْ أَجْلِ سُوْءِ أَفْعَالِكَ إِذْ تَرَكْتَنِي.,"TUHAN akan mendatangkan ke atasmu kutuk, kekacauan, dan hardikan dalam segala usaha yang kamu lakukan sehingga dengan cepat kamu akan binasa dan punah karena perbuatanmu yang jahat dan telah meninggalkan-Ku.","ALLAH akan mengirimkan kepadamu kutuk, kekacauan, dan hardikan dalam segala usaha yang kaulakukan, hingga dengan segera engkau punah dan binasa akibat jahatnya perbuatanmu sebab engkau telah meninggalkan Aku.",
Ulangan,28,21,Ulangan 28:21,يُلْصِقُ بِكَ ٱلرَّبُّ ٱلْوَبَأَ حَتَّى يُبِيدَكَ عَنِ ٱلْأَرْضِ ٱلَّتِي أَنْتَ دَاخِلٌ إِلَيْهَا لِكَيْ تَمْتَلِكَهَا.,TUHAN akan membuatmu menderita penyakit sampar sampai Dia menghabiskanmu dari negeri yang telah kamu masuki untuk kamu miliki itu.,ALLAH akan melekatkan penyakit sampar padamu hingga engkau habis dari tanah yang akan kaumasuki untuk kaududuki.,
Ulangan,28,22,Ulangan 28:22,يَضْرِبُكَ ٱلرَّبُّ بِٱلسِّلِّ وَٱلْحُمَّى وَٱلْبُرَدَاءِ وَٱلِٱلْتِهَابِ وَٱلْجَفَافِ وَٱللَّفْحِ وَٱلذُّبُولِ، فَتَتَّبِعُكَ حَتَّى تُفْنِيَكَ.,"TUHAN akan menghajarmu dengan penyakit batuk kering, demam, radang, panas yang menyengat, kekeringan, hama tanaman, dan penyakit gandum. Semua itu akan menimpamu sampai kamu binasa.","ALLAH akan mengazab engkau dengan batuk kering, demam, radang, panas yang menyengat, kekeringan, kelayuan tanaman, dan penyakit gandum. Semua itu akan mengejarmu hingga engkau binasa.",
Ulangan,28,23,Ulangan 28:23,وَتَكُونُ سَمَاؤُكَ ٱلَّتِي فَوْقَ رَأْسِكَ نُحَاسًا، وَٱلْأَرْضُ ٱلَّتِي تَحْتَكَ حَدِيدًا.,"Langit yang ada di atas kepalamu akan menjadi tembaga, dan bumi yang ada di bawahmu akan menjadi besi.",Langit di atas kepalamu akan menjadi tembaga dan bumi di bawahmu akan menjadi besi.,
Ulangan,28,24,Ulangan 28:24,وَيَجْعَلُ ٱلرَّبُّ مَطَرَ أَرْضِكَ غُبَارًا، وَتُرَابًا يُنَزِّلُ عَلَيْكَ مِنَ ٱلسَّمَاءِ حَتَّى تَهْلِكَ.,"TUHAN akan mencurahkan ke tanahmu abu dan debu dari langit, dan akan turun kepadamu sampai kamu binasa.","Hujan di negerimu akan dibuat ALLAH menjadi debu, dan abulah yang akan turun dari langit ke atasmu hingga engkau binasa.",
Ulangan,28,25,Ulangan 28:25,يَجْعَلُكَ ٱلرَّبُّ مُنْهَزِمًا أَمَامَ أَعْدَائِكَ. فِي طَرِيقٍ وَاحِدَةٍ تَخْرُجُ عَلَيْهِمْ، وَفِي سَبْعِ طُرُقٍ تَهْرُبُ أَمَامَهُمْ، وَتَكُونُ قَلِقًا فِي جَمِيعِ مَمَالِكِ ٱلْأَرْضِ.,"TUHAN akan membiarkanmu dikalahkan oleh musuhmu. Kamu akan menyerang mereka melalui satu jalan, tetapi kamu akan melarikan diri dari hadapan mereka melalui tujuh jalan. Kamu akan menjadi suatu kengerian bagi semua bangsa yang ada di bumi.","ALLAH akan menyerahkanmu sehingga engkau terpukul kalah di hadapan musuh-musuhmu. Lewat satu jalan engkau akan maju menyerang mereka, tetapi lewat tujuh jalan engkau akan lari dari hadapan mereka. Engkau akan menjadi suatu kedahsyatan bagi segala kerajaan di bumi.",
Ulangan,28,26,Ulangan 28:26,وَتَكُونُ جُثَّتُكَ طَعَامًا لِجَمِيعِ طُيُورِ ٱلسَّمَاءِ وَوُحُوشِ ٱلْأَرْضِ وَلَيْسَ مَنْ يُزْعِجُهَا.,Mayatmu akan menjadi makanan bagi seluruh burung di udara dan binatang buas di bumi dan tidak akan ada seorang pun yang akan menghalaunya.,"Mayatmu akan menjadi makanan segala burung di udara serta binatang-binatang di bumi, dan tak seorang pun akan mengusik mereka.",
Ulangan,28,27,Ulangan 28:27,يَضْرِبُكَ ٱلرَّبُّ بِقُرْحَةِ مِصْرَ وَبِالْبَوَاسِيرِ وَٱلْجَرَبِ وَٱلْحِكَّةِ حَتَّى لَا تَسْتَطِيعَ ٱلشِّفَاءَ.,"TUHAN akan menghukummu dengan barah Mesir, dengan bisul, borok, dan kudis yang tidak tersembuhkan.","ALLAH akan mengazab engkau dengan bisul Mesir, borok, kudis, dan kurap yang tak dapat disembuhkan.",
Ulangan,28,28,Ulangan 28:28,يَضْرِبُكَ ٱلرَّبُّ بِجُنُونٍ وَعَمًى وَحَيْرَةِ قَلْبٍ،,"TUHAN akan menghukummu dengan membuatmu gila, buta, dan kehilangan akal.","ALLAH pun akan mengazab engkau dengan kegilaan, kebutaan, dan kekacauan pikiran.",
Ulangan,28,29,Ulangan 28:29,فَتَتَلَمَّسُ فِي ٱلظُّهْرِ كَمَا يَتَلَمَّسُ ٱلْأَعْمَى فِي ٱلظَّلَامِ، وَلَا تَنْجَحُ فِي طُرُقِكَ بَلْ لَا تَكُونُ إِلَّا مَظْلُومًا مَغْصُوبًا كُلَّ ٱلْأَيَّامِ وَلَيْسَ مُخَلِّصٌ.,"Maka pada siang hari, kamu seperti orang buta yang meraba-raba dalam kegelapan. Perjalananmu tidak akan berhasil, tetapi kamu akan terus-menerus diperas dan dirampas dengan tidak ada seorang pun yang menyelamatkanmu.","Engkau akan meraba-raba pada tengah hari, seperti orang buta yang meraba-raba dalam kegelapan. Perjalananmu tidak akan berhasil. Sebaliknya, engkau akan selalu diperas dan dirampas orang tanpa ada yang menolong.",
Ulangan,28,30,Ulangan 28:30,تَخْطُبُ ٱمْرَأَةً وَرَجُلٌ آخَرُ يَضْطَجِعُ مَعَهَا. تَبْنِي بَيْتًا وَلَا تَسْكُنُ فِيهِ. تَغْرِسُ كَرْمًا وَلَا تَسْتَغِلُّهُ.,"Kamu akan bertunangan dengan seorang perempuan, tetapi laki-laki lain menidurinya. Kamu akan membangun sebuah rumah, tetapi kamu tidak akan tinggal di dalamnya. Kamu akan menanami kebun anggur, tetapi kamu tidak akan memanen hasilnya.","Engkau akan bertunangan dengan seorang perempuan, tetapi orang lain akan menidurinya. Engkau akan membangun rumah, tetapi tidak akan tinggal di dalamnya. Engkau akan menanami kebun anggur, tetapi tidak akan menikmati hasilnya.",
Ulangan,28,31,Ulangan 28:31,يُذْبَحُ ثَوْرُكَ أَمَامَ عَيْنَيْكَ وَلَا تَأْكُلُ مِنْهُ. يُغْتَصَبُ حِمَارُكَ مِنْ أَمَامِ وَجْهِكَ وَلَا يَرْجِعُ إِلَيْكَ. تُدْفَعُ غَنَمُكَ إِلَى أَعْدَائِكَ وَلَيْسَ لَكَ مُخَلِّصٌ.,"Sapimu akan disembelih di depan matamu, tetapi kamu tidak memakannya. Keledaimu akan dirampas darimu dan tidak akan dikembalikan kepadamu. Dombamu akan diberikan kepada musuhmu, dan tidak seorang pun yang akan menolongmu.","Sapimu akan dibantai orang di depan matamu, tetapi engkau tidak akan memakan dagingnya. Keledaimu akan dirampas dari hadapanmu dan tidak akan dikembalikan kepadamu. Kambing dombamu akan diserahkan kepada musuh-musuhmu, dan tak seorang pun akan menolong engkau.",
Ulangan,28,32,Ulangan 28:32,يُسَلَّمُ بَنُوكَ وَبَنَاتُكَ لِشَعْبٍ آخَرَ وَعَيْنَاكَ تَنْظُرَانِ إِلَيْهِمْ طُولَ ٱلنَّهَارِ، فَتَكِلَّانِ وَلَيْسَ فِي يَدِكَ طَائِلَةٌ.,"Anakmu laki-laki dan perempuan akan diberikan kepada bangsa lain, matamu akan melihatnya dan kamu merindukannya terus-menerus. Namun, tanganmu tidak dapat melakukan apa-apa.","Anak-anakmu, baik laki-laki maupun perempuan, akan diserahkan kepada bangsa lain. Matamu menyaksikannya dan menjadi sayu karena merindukan mereka sepanjang hari, namun engkau tak berdaya.",
Ulangan,28,33,Ulangan 28:33,ثَمَرُ أَرْضِكَ وَكُلُّ تَعَبِكَ يَأْكُلُهُ شَعْبٌ لَا تَعْرِفُهُ، فَلَا تَكُونُ إِلَّا مَظْلُومًا وَمَسْحُوقًا كُلَّ ٱلْأَيَّامِ.,Suatu bangsa yang tidak kaukenal akan memakan hasil tanahmu dan semua hasil pekerjaanmu. Kamu akan selalu ditindas dan diremukkan.,"Hasil tanahmu dan segala jerih lelahmu akan dilahap oleh bangsa yang tidak kaukenal, dan engkau akan selalu diperas serta ditindas.",
Ulangan,28,34,Ulangan 28:34,وَتَكُونُ مَجْنُونًا مِنْ مَنْظَرِ عَيْنَيْكَ ٱلَّذِي تَنْظُرُ.,Kamu akan menjadi gila karena apa yang telah kamu lihat.,Engkau akan menjadi gila karena apa yang kaulihat.,
Ulangan,28,35,Ulangan 28:35,يَضْرِبُكَ ٱلرَّبُّ بِقَرْحٍ خَبِيثٍ عَلَى ٱلرُّكْبَتَيْنِ وَعَلَى ٱلسَّاقَيْنِ، حَتَّى لَا تَسْتَطِيعَ ٱلشِّفَاءَ مِنْ أَسْفَلِ قَدَمِكَ إِلَى قِمَّةِ رَأْسِكَ.,"TUHAN akan menghukummu dengan barah pada lutut dan kakimu yang tidak dapat disembuhkan, mulai dari telapak kakimu hingga kepalamu.","ALLAH akan mengazab engkau dengan bisul parah yang tak dapat disembuhkan pada lutut dan pahamu, juga dari telapak kakimu sampai ke ubun-ubunmu.",
Ulangan,28,36,Ulangan 28:36,يَذْهَبُ بِكَ ٱلرَّبُّ وَبِمَلِكِكَ ٱلَّذِي تُقِيمُهُ عَلَيْكَ إِلَى أُمَّةٍ لَمْ تَعْرِفْهَا أَنْتَ وَلَا آبَاؤُكَ، وَتَعْبُدُ هُنَاكَ آلِهَةً أُخْرَى مِنْ خَشَبٍ وَحَجَرٍ،,"TUHAN akan membawamu beserta rajamu yang telah kamu angkat atasmu untuk pergi kepada suatu bangsa yang tidak dikenal olehmu atau nenek moyangmu. Di sana, kamu akan beribadah kepada ilah-ilah lain yang terbuat dari kayu dan batu.",ALLAH akan membawa engkau serta rajamu yang kauangkat atasmu kepada suatu bangsa yang tidak dikenal olehmu atau oleh nenek moyangmu. Di sana engkau akan beribadah kepada ilah-ilah lain yang terbuat dari kayu dan batu.,
Ulangan,28,37,Ulangan 28:37,وَتَكُونُ دَهَشًا وَمَثَلًا وَهُزْأَةً فِي جَمِيعِ ٱلشُّعُوبِ ٱلَّذِينَ يَسُوقُكَ ٱلرَّبُّ إِلَيْهِمْ.,"Kamu akan menjadi kengerian, kiasan, dan sindiran dari segala bangsa di tempat TUHAN akan menuntunmu.","Di antara segala bangsa tempat ALLAH menggiringmu, engkau akan menjadi suatu kengerian, ibarat, dan sindiran.",
Ulangan,28,38,Ulangan 28:38,بِذَارًا كَثِيرًا تُخْرِجُ إِلَى ٱلْحَقْلِ، وَقَلِيلًا تَجْمَعُ، لِأَنَّ ٱلْجَرَادَ يَأْكُلُهُ.,"Kamu akan membawa banyak benih ke ladangmu, tetapi kamu akan mengumpulkan hasil yang sedikit, karena belalang akan memakannya.","Banyak benih yang akan kaubawa ke ladang, tetapi sedikit saja hasil yang akan kaukumpulkan karena belalang akan melahapnya.",
Ulangan,28,39,Ulangan 28:39,كُرُومًا تَغْرِسُ وَتَشْتَغِلُ، وَخَمْرًا لَا تَشْرَبُ وَلَا تَجْنِي، لِأَنَّ ٱلدُّودَ يَأْكُلُهَا.,"Kamu akan menanam dan bekerja keras di kebun anggur, tetapi kamu tidak akan meminum atau mengumpulkan anggurnya, karena ulat akan memakannya.","Engkau akan menanami kebun-kebun anggur dan menggarapnya, namun tidak akan meminum anggurnya dan tidak akan mengumpulkan hasilnya karena ulat-ulat akan melahapnya.",
Ulangan,28,40,Ulangan 28:40,يَكُونُ لَكَ زَيْتُونٌ فِي جَمِيعِ تُخُومِكَ، وَبِزَيْتٍ لَا تَدَّهِنُ، لِأَنَّ زَيْتُونَكَ يَنْتَثِرُ.,"Kamu akan memiliki pohon-pohon zaitun di seluruh daerahmu, tetapi kamu tidak bisa mengurapi dirimu dengan minyaknya, karena buah zaitunmu akan berguguran.","Pohon-pohon zaitun akan ada di seluruh daerahmu, tetapi engkau tidak akan berurap dengan minyaknya karena buah-buah zaitunmu akan gugur.",
Ulangan,28,41,Ulangan 28:41,بَنِينَ وَبَنَاتٍ تَلِدُ وَلَا يَكُونُونَ لَكَ، لِأَنَّهُمْ إِلَى ٱلسَّبْيِ يَذْهَبُونَ.,"Kamu akan memiliki anak laki-laki dan perempuan, tetapi mereka tidak akan menjadi milikmu, karena mereka akan pergi sebagai tawanan.","Engkau akan mempunyai anak-anak lelaki dan anak-anak perempuan, tetapi mereka tidak akan menjadi milikmu karena mereka akan pergi sebagai tawanan.",
Ulangan,28,42,Ulangan 28:42,جَمِيعُ أَشْجَارِكَ وَأَثْمَارِ أَرْضِكَ يَتَوَلَّاهُ ٱلصَّرْصَرُ.,Belalang akan memakan habis pohon-pohonmu dan hasil tanahmu.,Segala pohonmu dan hasil tanahmu akan dimakan habis oleh kawanan belalang.,
Ulangan,28,43,Ulangan 28:43,اَلْغَرِيبُ ٱلَّذِي فِي وَسَطِكَ يَسْتَعْلِي عَلَيْكَ مُتَصَاعِدًا، وَأَنْتَ تَنْحَطُّ مُتَنَازِلًا.,"Orang asing yang ada di tengah-tengahmu akan semakin berkuasa ke atasmu dan semakin menguasaimu. Akan tetapi, kamu akan semakin rendah.","Kaum pendatang yang ada di antaramu akan naik, makin lama makin tinggi mengatasi engkau. Sedangkan engkau akan turun, makin lama makin rendah.",
Ulangan,28,44,Ulangan 28:44,هُوَ يُقْرِضُكَ وَأَنْتَ لَا تُقْرِضُهُ. هُوَ يَكُونُ رَأْسًا وَأَنْتَ تَكُونُ ذَنَبًا.,"Dia akan memberikan pinjaman kepadamu, tetapi kamu tidak akan memberikan pinjaman kepada mereka. Dia akan menjadi kepala dan kamu akan menjadi ekornya.","Mereka akan memberi pinjaman kepadamu, tetapi engkau tidak akan memberi pinjaman kepada mereka. Mereka akan menjadi kepala, sedangkan engkau akan menjadi ekor.",
Ulangan,28,45,Ulangan 28:45,وَتَأْتِي عَلَيْكَ جَمِيعُ هَذِهِ ٱللَّعَنَاتِ وَتَتَّبِعُكَ وَتُدْرِكُكَ حَتَّى تَهْلِكَ، لِأَنَّكَ لَمْ تَسْمَعْ لِصَوْتِ ٱلرَّبِّ إِلَهِكَ لِتَحْفَظَ وَصَايَاهُ وَفَرَائِضَهُ ٱلَّتِي أَوْصَاكَ بِهَا.,"Semua kutukan ini akan datang kepadamu, mengejarmu, dan sampai kepadamu hingga kamu binasa, karena kamu tidak mendengarkan suara TUHAN, Allahmu, dengan mematuhi perintah-perintah-Nya dan ketetapan-ketetapan-Nya yang telah Dia perintahkan kepadamu.","Demikianlah segala kutuk itu akan datang atasmu, mengejar engkau, dan sampai kepadamu hingga engkau punah karena engkau tidak mau mematuhi ALLAH, Tuhanmu, dan tidak memegang teguh perintah-perintah serta ketetapan-ketetapan-Nya yang disampaikan-Nya kepadamu.",
Ulangan,28,46,Ulangan 28:46,فَتَكُونُ فِيكَ آيَةً وَأُعْجُوبَةً وَفِي نَسْلِكَ إِلَى ٱلْأَبَدِ.,Semuanya itu akan menjadi tanda yang ajaib bagimu dan keturunanmu sampai selama-lamanya.,Semua itu akan menjadi tanda ajaib dan mukjizat bagimu dan bagi keturunanmu sampai selama-lamanya.,
Ulangan,28,47,Ulangan 28:47,مِنْ أَجْلِ أَنَّكَ لَمْ تَعْبُدِ ٱلرَّبَّ إِلَهَكَ بِفَرَحٍ وَبِطِيبَةِ قَلْبٍ لِكَثْرَةِ كُلِّ شَيْءٍ.,"Karena kamu tidak beribadah kepada TUHAN, Allahmu, dengan sukacita dan hati yang gembira, atas segala kelimpahan yang ada.","Engkau tidak beribadah kepada ALLAH, Tuhanmu, dengan gembira dan dengan hati yang riang atas segala kelimpahan yang ada.",
Ulangan,28,48,Ulangan 28:48,تُسْتَعْبَدُ لِأَعْدَائِكَ ٱلَّذِينَ يُرْسِلُهُمُ ٱلرَّبُّ عَلَيْكَ فِي جُوعٍ وَعَطَشٍ وَعُرْيٍ وَعَوَزِ كُلِّ شَيْءٍ. فَيَجْعَلُ نِيرَ حَدِيدٍ عَلَى عُنُقِكَ حَتَّى يُهْلِكَكَ.,"Oleh sebab itu, kamu akan melayani musuhmu yang telah TUHAN kirimkan untuk melawanmu, dalam kelaparan, kehausan, ketelanjangan, dan kekurangan segala sesuatu. Dia akan meletakkan kuk besi ke atas tengkukmu sampai kamu dibinasakan-Nya.","Oleh sebab itu, dalam keadaan lapar, haus, telanjang, serta kekurangan segala sesuatu engkau akan menjadi hamba musuh-musuhmu, yang dikerahkan ALLAH untuk melawan engkau. Ia akan memasang kuk besi pada tengkukmu hingga engkau dipunahkan-Nya.",
Ulangan,28,49,Ulangan 28:49,يَجْلِبُ ٱلرَّبُّ عَلَيْكَ أُمَّةً مِنْ بَعِيدٍ، مِنْ أَقْصَاءِ ٱلْأَرْضِ كَمَا يَطِيرُ ٱلنَّسْرُ، أُمَّةً لَا تَفْهَمُ لِسَانَهَا،,"TUHAN akan membawa suatu bangsa dari tempat jauh, dari ujung bumi, seperti seekor elang yang terbang. Suatu bangsa yang bahasanya tidak kamu mengerti.","ALLAH akan mendatangkan kepadamu suatu bangsa dari jauh, dari ujung bumi, seperti rajawali yang terbang menukik—suatu bangsa yang tidak kaumengerti bahasanya,",
Ulangan,28,50,Ulangan 28:50,أُمَّةً جَافِيَةَ ٱلْوَجْهِ لَا تَهَابُ ٱلشَّيْخَ وَلَا تَحِنُّ إِلَى ٱلْوَلَدِ،,"Sebuah bangsa yang garang mukanya yang tidak menghargai orang tua, maupun mengasihi anak-anak.","suatu bangsa yang garang mukanya, yang tidak mengindahkan orang-orang tua dan tidak mengasihani orang-orang muda.",
Ulangan,28,51,Ulangan 28:51,فَتَأْكُلُ ثَمَرَةَ بَهَائِمِكَ وَثَمَرَةَ أَرْضِكَ حَتَّى تَهْلِكَ، وَلَا تُبْقِي لَكَ قَمْحًا وَلَا خَمْرًا وَلَا زَيْتًا، وَلَا نِتَاجَ بَقَرِكَ وَلَا إِنَاثَ غَنَمِكَ، حَتَّى تُفْنِيَكَ.,"Mereka akan memakan habis hasil ternakmu dan hasil tanahmu sampai kamu binasa, mereka akan meninggalkanmu tanpa gandum, air anggur, minyak, hasil sapimu atau anak dombamu sampai kamu dibinasakannya.","Mereka akan melahap hasil ternakmu dan hasil tanahmu hingga engkau punah. Mereka pun tidak akan menyisakan bagimu gandum, anggur, atau minyak, juga anak lembumu dan kawanan kambing dombamu, hingga engkau dibinasakannya.",
Ulangan,28,52,Ulangan 28:52,وَتُحَاصِرُكَ فِي جَمِيعِ أَبْوَابِكَ حَتَّى تَهْبِطَ أَسْوَارُكَ ٱلشَّامِخَةُ ٱلْحَصِينَةُ ٱلَّتِي أَنْتَ تَثِقُ بِهَا فِي كُلِّ أَرْضِكَ. تُحَاصِرُكَ فِي جَمِيعِ أَبْوَابِكَ، فِي كُلِّ أَرْضِكَ ٱلَّتِي يُعْطِيكَ ٱلرَّبُّ إِلَهُكَ.,"Mereka akan mengepungmu di setiap kotamu sampai benteng tembokmu yang tinggi dan yang kamu andalkan itu runtuh. Kamu akan dikepung di setiap kotamu di negeri yang telah TUHAN, Allahmu, berikan kepadamu.","Mereka akan mengepung engkau di segala kotamu, hingga runtuhlah tembok-tembok andalanmu yang tinggi dan berkubu di seluruh negerimu. Engkau akan dikepung di segala kotamu, di seluruh negeri yang dikaruniakan ALLAH, Tuhanmu, kepadamu.",
Ulangan,28,53,Ulangan 28:53,فَتَأْكُلُ ثَمَرَةَ بَطْنِكَ، لَحْمَ بَنِيكَ وَبَنَاتِكَ ٱلَّذِينَ أَعْطَاكَ ٱلرَّبُّ إِلَهُكَ فِي ٱلْحِصَارِ وَٱلضِّيقَةِ ٱلَّتِي يُضَايِقُكَ بِهَا عَدُوُّكَ.,"Kamu akan memakan dari buah kandunganmu sendiri, daging dari anakmu laki-laki dan perempuan yang telah diberikan oleh TUHAN, Allahmu, kepadamu, dalam pengepungan dan kesusahan oleh musuhmu.","Dalam kesesakan saat musuhmu mengepungmu, engkau akan memakan buah kandunganmu sendiri, yaitu daging anak-anakmu, baik laki-laki maupun perempuan, yang dikaruniakan ALLAH, Tuhanmu, kepadamu.",
Ulangan,28,54,Ulangan 28:54,ٱلرَّجُلُ ٱلْمُتَنَعِّمُ فِيكَ وَٱلْمُتَرَفِّهُ جِدًّا، تَبْخُلُ عَيْنُهُ عَلَى أَخِيهِ وَٱمْرَأَةِ حِضْنِهِ وَبَقِيَّةِ أَوْلَادِهِ ٱلَّذِينَ يُبْقِيهِمْ،,"Bahkan, seorang laki-laki yang paling lembut dan baik di antaramu akan memusuhi saudaranya dan kepada istri yang dikasihinya dan juga kepada anak-anaknya yang masih tinggal bersamanya.","Laki-laki yang paling lembut dan halus di antaramu akan memandang saudaranya, istrinya sendiri, dan anak-anaknya yang masih tinggal padanya dengan tidak ramah.",
Ulangan,28,55,Ulangan 28:55,بِأَنْ يُعْطِيَ أَحَدَهُمْ مِنْ لَحْمِ بَنِيهِ ٱلَّذِي يَأْكُلُهُ، لِأَنَّهُ لَمْ يُبْقَ لَهُ شَيْءٌ فِي ٱلْحِصَارِ وَٱلضِّيقَةِ ٱلَّتِي يُضَايِقُكَ بِهَا عَدُوُّكَ فِي جَمِيعِ أَبْوَابِكَ.,"Kepada salah seorang dari mereka dia tidak akan memberikan sedikit pun daging anak-anaknya yang sedang dimakannya, sebab tidak tersisa apa-apa lagi padanya dalam kesesakan saat musuh menindasmu di seluruh kotamu.","Kepada salah seorang dari mereka, ia tidak akan memberikan sedikit pun daging anak-anaknya yang sedang dimakannya sebab tidak tersisa apa-apa lagi padanya dalam kesesakan saat musuh mengepungmu di segala kotamu.",
Ulangan,28,56,Ulangan 28:56,وَٱلْمَرْأَةُ ٱلْمُتَنَعِّمَةُ فِيكَ وَٱلْمُتَرَفِّهَةُ ٱلَّتِي لَمْ تُجَرِّبْ أَنْ تَضَعَ أَسْفَلَ قَدَمِهَا عَلَى ٱلْأَرْضِ لِلتَّنَعُّمِ وَٱلتَّرَفُّهِ، تَبْخَلُ عَيْنُهَا عَلَى رَجُلِ حِضْنِهَا وَعَلَى ٱبْنِهَا وَبِنْتِهَا,"Bahkan, seorang perempuan yang paling lembut dan baik di antaramu, yang tidak pernah menginjakkan kakinya di atas tanah karena kehalusan dan kelembutannya akan memusuhi suami yang dikasihinya, anaknya laki-laki, dan anaknya perempuan,","Demikian pula perempuan yang paling lembut dan halus di antaramu, yang tidak pernah mencoba menjejakkan telapak kakinya ke tanah karena kehalusan dan kelembutannya. Ia akan memandang suaminya, anaknya, baik lelaki maupun perempuan, dengan tidak ramah,",
Ulangan,28,57,Ulangan 28:57,بِمَشِيمَتِهَا ٱلْخَارِجَةِ مِنْ بَيْنِ رِجْلَيْهَا وَبِأَوْلَادِهَا ٱلَّذِينَ تَلِدُهُمْ، لِأَنَّهَا تَأْكُلُهُمْ سِرًّا فِي عَوَزِ كُلِّ شَيْءٍ، فِي ٱلْحِصَارِ وَٱلضِّيقَةِ ٱلَّتِي يُضَايِقُكَ بِهَا عَدُوُّكَ فِي أَبْوَابِكَ.,"ari-ari yang keluar dari antara kaki dan anak-anak yang dilahirkannya, karena dia akan memakannya dengan sembunyi-sembunyi oleh sebab kekurangan segala sesuatu, dalam kesukaran yang ditimbulkan oleh musuhmu yang menindasmu.",karena ia bermaksud memakan bayi yang baru dilahirkannya beserta urinya dengan sembunyi-sembunyi. Hal itu dilakukannya karena ia kekurangan segala sesuatu selama musuh mengepungmu di kota-kotamu.,
Ulangan,28,58,Ulangan 28:58,إِنْ لَمْ تَحْرِصْ لِتَعْمَلَ بِجَمِيعِ كَلِمَاتِ هَذَا ٱلنَّامُوسِ ٱلْمَكْتُوبَةِ فِي هَذَا ٱلسِّفْرِ، لِتَهَابَ هَذَا ٱلِٱسْمَ ٱلْجَلِيلَ ٱلْمَرْهُوبَ، ٱلرَّبَّ إِلَهَكَ،,"Apabila kamu tidak sungguh-sungguh menaati seluruh perkataan Taurat ini yang tertulis dalam kitab ini, supaya kamu takut kepada nama yang mulia dan dahsyat ini, yaitu TUHAN, Allahmu.","Jika engkau tidak melakukan dengan setia segala perkataan hukum Taurat yang tertulis dalam kitab ini dan tidak takut kepada nama yang mulia serta dahsyat, yaitu ALLAH, Tuhanmu,",
Ulangan,28,59,Ulangan 28:59,يَجْعَلُ ٱلرَّبُّ ضَرَبَاتِكَ وَضَرَبَاتِ نَسْلِكَ عَجِيبَةً. ضَرَبَاتٍ عَظِيمَةً رَاسِخَةً، وَأَمْرَاضًا رَدِيَّةً ثَابِتَةً.,"Maka, TUHAN akan mendatangkan tulah yang luar biasa kepadamu dan keturunanmu, bahkan wabah penyakit yang besar dan penyakit-penyakit yang jahat yang berkepanjangan.",maka ALLAH akan menimpakan kepadamu dan kepada keturunanmu azab yang luar biasa—azab-azab yang besar dan lama serta penyakit-penyakit yang parah juga lama.,
Ulangan,28,60,Ulangan 28:60,وَيَرُدُّ عَلَيْكَ جَمِيعَ أَدْوَاءِ مِصْرَ ٱلَّتِي فَزِعْتَ مِنْهَا، فَتَلْتَصِقُ بِكَ.,Dia akan mendatangkan kepadamu semua wabah di Mesir yang kamu takuti itu dan akan melekat padamu.,Ia pun akan mendatangkan atasmu segala wabah Mesir yang kautakuti itu. Semua itu akan melekat kepadamu.,
Ulangan,28,61,Ulangan 28:61,أَيْضًا كُلُّ مَرَضٍ وَكُلُّ ضَرْبَةٍ لَمْ تُكْتَبْ فِي سِفْرِ ٱلنَّامُوسِ هَذَا، يُسَلِّطُهُ ٱلرَّبُّ عَلَيْكَ حَتَّى تَهْلِكَ.,"Selain itu, juga seluruh penyakit dan wabah yang tidak tertulis dalam Kitab Taurat ini, TUHAN akan menimpakannya kepadamu sampai kamu dibinasakan.",Bahkan segala penyakit dan segala azab yang tidak dituliskan dalam Kitab Suci Taurat ini pun akan didatangkan ALLAH atasmu hingga engkau punah.,
Ulangan,28,62,Ulangan 28:62,فَتَبْقَوْنَ نَفَرًا قَلِيلًا عِوَضَ مَا كُنْتُمْ كَنُجُومِ ٱلسَّمَاءِ فِي ٱلْكَثْرَةِ، لِأَنَّكَ لَمْ تَسْمَعْ لِصَوْتِ ٱلرَّبِّ إِلَهِكَ.,"Karena kamu tidak mendengarkan TUHAN, Allahmu, jumlahmu akan tinggal sedikit meskipun sebelumnya jumlahmu seperti bintang di langit.","Sekalipun kamu dahulu seperti bintang-bintang di langit banyaknya, jumlahmu akan tinggal sedikit saja karena engkau tidak mau mematuhi ALLAH, Tuhanmu.",
Ulangan,28,63,Ulangan 28:63,وَكَمَا فَرِحَ ٱلرَّبُّ لَكُمْ لِيُحْسِنَ إِلَيْكُمْ وَيُكَثِّرَكُمْ، كَذَلِكَ يَفْرَحُ ٱلرَّبُّ لَكُمْ لِيُفْنِيَكُمْ وَيُهْلِكَكُمْ، فَتُسْتَأْصَلُونَ مِنَ ٱلْأَرْضِ ٱلَّتِي أَنْتَ دَاخِلٌ إِلَيْهَا لِتَمْتَلِكَهَا.,"Akan terjadi nanti, sama seperti TUHAN dengan senang berbuat baik kepadamu dan membuatmu lebih banyak, demikian juga TUHAN senang menghancurkanmu dan membinasakanmu. Kamu akan dicabut dari negeri yang telah kamu masuki untuk kamu miliki.","Jadi, sebagaimana ALLAH dengan senang telah berbuat baik kepadamu serta memperbanyak jumlahmu, demikian juga ALLAH dengan senang akan membinasakan dan memunahkan kamu. Kamu akan dicabut-Nya dari tanah yang akan kaumasuki untuk kaududuki.",
Ulangan,28,64,Ulangan 28:64,وَيُبَدِّدُكَ ٱلرَّبُّ فِي جَمِيعِ ٱلشُّعُوبِ مِنْ أَقْصَاءِ ٱلْأَرْضِ إِلَى أَقْصَائِهَا، وَتَعْبُدُ هُنَاكَ آلِهَةً أُخْرَى لَمْ تَعْرِفْهَا أَنْتَ وَلَا آبَاؤُكَ، مِنْ خَشَبٍ وَحَجَرٍ.,"TUHAN pun akan menceraiberaikanmu di antara bangsa-bangsa dari ujung bumi yang satu ke ujung bumi yang lain. Dan kamu akan beribadah kepada ilah-ilah lain yang terbuat dari kayu dan batu, yang tidak dikenal oleh kamu maupun nenek moyangmu.","ALLAH pun akan mencerai-beraikan engkau di antara segala bangsa dari ujung bumi ke ujung bumi. Di sana engkau akan beribadah kepada ilah-ilah lain, dari kayu dan batu, yang tidak dikenal olehmu juga oleh nenek moyangmu.",
Ulangan,28,65,Ulangan 28:65,وَفِي تِلْكَ ٱلْأُمَمِ لَا تَطْمَئِنُّ وَلَا يَكُونُ قَرَارٌ لِقَدَمِكَ، بَلْ يُعْطِيكَ ٱلرَّبُّ هُنَاكَ قَلْبًا مُرْتَجِفًا وَكَلَالَ ٱلْعَيْنَيْنِ وَذُبُولَ ٱلنَّفْسِ.,"Di tengah bangsa-bangsa itu, kamu tidak akan mendapatkan kedamaian, dan tidak ada tempat untuk perhentian telapak kakimu. Namun, TUHAN akan memberikan kepadamu hati yang gemetar, mata yang sayu, dan jiwa yang merana.","Di antara bangsa-bangsa itu engkau tidak akan mendapat ketenangan. Tidak akan ada tempat perhentian bagi telapak kakimu. Di sana ALLAH akan memberikan kepadamu hati yang gemetar, mata yang sayu, dan jiwa yang merana.",
Ulangan,28,66,Ulangan 28:66,وَتَكُونُ حَيَاتُكَ مُعَلَّقَةً قُدَّامَكَ، وَتَرْتَعِبُ لَيْلًا وَنَهَارًا وَلَا تَأْمَنُ عَلَى حَيَاتِكَ.,Hidupmu akan selalu dalam keraguan dan siang malam kamu akan ketakutan dan kamu tidak memiliki kepastian hidupmu.,"Hidupmu akan terkatung-katung. Siang dan malam engkau akan ketakutan, dan tidak ada kepastian dalam hidupmu.",
Ulangan,28,67,Ulangan 28:67,فِي ٱلصَّبَاحِ تَقُولُ: يَا لَيْتَهُ ٱلْمَسَاءُ، وَفِي ٱلْمَسَاءِ تَقُولُ: يَا لَيْتَهُ ٱلصَّبَاحُ، مِنِ ٱرْتِعَابِ قَلْبِكَ ٱلَّذِي تَرْتَعِبُ، وَمِنْ مَنْظَرِ عَيْنَيْكَ ٱلَّذِي تَنْظُرُ.,"Saat pagi hari kamu akan berkata, “Seandainya sekarang sore”. Pada sore hari kamu akan berkata, “Seandainya sekarang pagi”. Hal ini terjadi karena ketakutan yang ada dalam hatimu dan hal-hal mengerikan yang akan kamu lihat.","Pada pagi hari engkau akan berkata, ‘Andai sudah petang,’ dan pada petang hari engkau akan berkata, ‘Andai sudah pagi,’ karena ketakutan yang dirasakan hatimu serta hal-hal yang kaulihat dengan matamu.",
Ulangan,28,68,Ulangan 28:68,وَيَرُدُّكَ ٱلرَّبُّ إِلَى مِصْرَ فِي سُفُنٍ فِي ٱلطَّرِيقِ ٱلَّتِي قُلْتُ لَكَ لَا تَعُدْ تَرَاهَا، فَتُبَاعُونَ هُنَاكَ لِأَعْدَائِكَ عَبِيدًا وَإِمَاءً، وَلَيْسَ مَنْ يَشْتَرِي».,"TUHAN akan mengirimmu kembali ke Mesir dengan kapal melalui jalan yang pernah aku katakan kepadamu, “Kamu tidak akan pernah melihatnya lagi”. Di sana, kamu akan dijual kepada musuhmu sebagai budak laki-laki atau perempuan, tetapi tidak seorang pun yang mau membelimu.","ALLAH akan membawa engkau kembali ke Mesir dengan kapal-kapal melalui jalan yang pernah kukatakan kepadamu, ‘Engkau tidak akan melihatnya lagi.’ Di sana kamu akan menjual diri kepada musuh-musuhmu untuk menjadi hamba laki-laki dan hamba perempuan, tetapi tak seorang pun akan membelimu.”",
Ulangan,29,1,Ulangan 29:1,هَذِهِ هِيَ كَلِمَاتُ ٱلْعَهْدِ ٱلَّذِي أَمَرَ ٱلرَّبُّ مُوسَى أَنْ يَقْطَعَهُ مَعَ بَنِي إِسْرَائِيلَ فِي أَرْضِ مُوآبَ، فَضْلًا عَنِ ٱلْعَهْدِ ٱلَّذِي قَطَعَهُ مَعَهُمْ فِي حُورِيبَ.,"Inilah kata-kata perjanjian yang TUHAN perintahkan kepada Musa dengan bangsa Israel di tanah Moab, di samping perjanjian yang telah Dia buat dengan mereka di Gunung Horeb.","Inilah perkataan perjanjian yang diikat Musa dengan bani Israil di Tanah Moab atas perintah ALLAH, di samping perjanjian yang telah diikat-Nya dengan mereka di Horeb.",
Ulangan,29,2,Ulangan 29:2,وَدَعَا مُوسَى جَمِيعَ إِسْرَائِيلَ وَقَالَ لَهُمْ: «أَنْتُمْ شَاهَدْتُمْ مَا فَعَلَ ٱلرَّبُّ أَمَامَ أَعْيُنِكُمْ فِي أَرْضِ مِصْرَ بِفِرْعَوْنَ وَبِجَمِيعِ عَبِيدِهِ وَبِكُلِّ أَرْضِهِ،,"Musa memanggil semua orang Israel dan berkata kepada mereka, “Kamu telah melihat segala sesuatu yang telah TUHAN lakukan di depan matamu, di tanah Mesir terhadap Firaun, terhadap seluruh pegawainya, dan terhadap seluruh negerinya.","Musa memanggil semua orang Israil, lalu berkata kepada mereka, “Kamu sudah melihat segala hal yang dilakukan ALLAH di depan matamu di Tanah Mesir terhadap Firaun, terhadap seluruh pegawainya, dan terhadap seluruh negerinya.",
Ulangan,29,3,Ulangan 29:3,ٱلتَّجَارِبُ ٱلْعَظِيمَةُ ٱلَّتِي أَبْصَرَتْهَا عَيْنَاكَ، وَتِلْكَ ٱلْآيَاتِ وَٱلْعَجَائِبَ ٱلْعَظِيمَةُ.,"Dengan matamu sendiri, kamu telah melihat cobaan-cobaan yang besar, tanda-tanda yang ajaib, dan mukjizat yang besar.","Matamu sendiri melihat cobaan-cobaan yang besar, tanda-tanda ajaib, dan mukjizat-mukjizat yang besar itu.",
Ulangan,29,4,Ulangan 29:4,وَلَكِنْ لَمْ يُعْطِكُمُ ٱلرَّبُّ قَلْبًا لِتَفْهَمُوا، وَأَعْيُنًا لِتُبْصِرُوا، وَآذَانًا لِتَسْمَعُوا إِلَى هَذَا ٱلْيَوْمِ.,"Namun hingga hari ini, TUHAN belum memberikan kepadamu akal budi, atau mata untuk melihat, atau telinga untuk mendengar.","Tetapi, sampai sekarang ini ALLAH belum juga mengaruniakan kepadamu akal budi untuk memahami, mata untuk melihat, dan telinga untuk mendengar.",
Ulangan,29,5,Ulangan 29:5,فَقَدْ سِرْتُ بِكُمْ أَرْبَعِينَ سَنَةً فِي ٱلْبَرِّيَّةِ، لَمْ تَبْلَ ثِيَابُكُمْ عَلَيْكُمْ، وَنَعْلُكَ لَمْ تَبْلَ عَلَى رِجْلِكَ.,"‘Aku telah memimpinmu di padang belantara selama empat puluh tahun. Pakaian yang ada di tubuhmu tidak pernah rusak, dan sandal yang ada di kakimu tidak pernah rusak.",Aku telah memimpin kamu di padang belantara ini empat puluh tahun lamanya. Pakaianmu tidak menjadi usang di tubuhmu dan kasutmu tidak menjadi usang di kakimu.,
Ulangan,29,6,Ulangan 29:6,لَمْ تَأْكُلُوا خُبْزًا وَلَمْ تَشْرَبُوا خَمْرًا وَلَا مُسْكِرًا لِكَيْ تَعْلَمُوا أَنِّي أَنَا ٱلرَّبُّ إِلَهُكُمْ.,"Kamu tidak makan roti, atau meminum anggur, atau minuman keras supaya kamu tahu bahwa Akulah TUHAN, Allahmu.’","Roti tidak kamu makan dan anggur atau minuman keras tidak kamu minum supaya kamu tahu bahwa Akulah ALLAH, Tuhanmu.",
Ulangan,29,7,Ulangan 29:7,وَلَمَّا جِئْتُمْ إِلَى هَذَا ٱلْمَكَانِ خَرَجَ سِيحُونُ مَلِكُ حَشْبُونَ وَعُوجُ مَلِكُ بَاشَانَ لِلِقَائِنَا لِلْحَرْبِ فَكَسَّرْنَاهُمَا،,"Ketika kamu sampai di tempat ini, Sihon, raja Hesybon dan Og, raja Basan muncul untuk menyerang kita, tetapi kita mengalahkan mereka.","Sesampainya kamu ke tempat ini, Sihon raja Hesbon dan Og raja Basan keluar menghadapi kita untuk berperang, tetapi kita mengalahkan mereka.",
Ulangan,29,8,Ulangan 29:8,وَأَخَذْنَا أَرْضَهُمَا وَأَعْطَيْنَاهَا نَصِيبًا لِرَأُوبَيْنَ وَجَادَ وَنِصْفِ سِبْطِ مَنَسَّى.,"Kemudian, kita mengambil negeri mereka dan memberikan sebagai milik pusaka kepada suku Ruben, Gad, dan setengah suku Manasye.","Kita merebut negeri mereka, lalu memberikannya kepada suku Ruben, kepada suku Gad, dan kepada separuh suku Manasye sebagai milik pusaka mereka.",
Ulangan,29,9,Ulangan 29:9,فَٱحْفَظُوا كَلِمَاتِ هَذَا ٱلْعَهْدِ وَٱعْمَلُوا بِهَا لِكَيْ تَفْلَحُوا فِي كُلِّ مَا تَفْعَلُونَ.,"Oleh sebab itu, berpegangteguhlah dan lakukan perjanjian ini, supaya kamu berhasil dalam segala usahamu.","Sebab itu, peganglah teguh perkataan perjanjian ini dan lakukanlah semua itu supaya kamu berhasil dalam segala sesuatu yang kamu lakukan.",
Ulangan,29,10,Ulangan 29:10,«أَنْتُمْ وَاقِفُونَ ٱلْيَوْمَ جَمِيعُكُمْ أَمَامَ ٱلرَّبِّ إِلَهِكُمْ: رُؤَسَاؤُكُمْ، أَسْبَاطُكُمْ، شُيُوخُكُمْ وَعُرَفَاؤُكُمْ وَكُلُّ رِجَالِ إِسْرَائِيلَ،,"Hari ini, kamu semua berdiri di hadapan TUHAN, Allahmu, para kepala sukumu, para tua-tuamu, para pengatur pasukanmu, semua laki-laki Israel,","Pada hari ini kamu semua berdiri di hadirat ALLAH, Tuhanmu: para kepala sukumu, para tua-tuamu, para pengatur pasukanmu, semua laki-laki Israil,",
Ulangan,29,11,Ulangan 29:11,وَأَطْفَالُكُمْ وَنِسَاؤُكُمْ، وَغَرِيبُكُمُ ٱلَّذِي فِي وَسَطِ مَحَلَّتِكُمْ مِمَّنْ يَحْتَطِبُ حَطَبَكُمْ إِلَى مَنْ يَسْتَقِي مَاءَكُمْ،,"anak-anakmu dan istri-istrimu, juga orang asing yang tinggal di perkemahanmu, termasuk orang yang memotong kayu dan yang membawa air kepadamu.","anak-anakmu, istri-istrimu, dan para pendatang yang ada di perkemahanmu, juga para pembelah kayu bakar sampai para penimba air.",
Ulangan,29,12,Ulangan 29:12,لِكَيْ تَدْخُلَ فِي عَهْدِ ٱلرَّبِّ إِلَهِكَ وَقَسَمِهِ ٱلَّذِي يَقْطَعُهُ ٱلرَّبُّ إِلَهُكَ مَعَكَ ٱلْيَوْمَ،,"Kamu akan masuk ke dalam suatu perjanjian dengan TUHAN, Allahmu, dan ke dalam sumpah-Nya yang TUHAN, Allah, buat kepadamu hari ini.","Kamu hadir untuk masuk ke dalam perjanjian ALLAH, Tuhanmu, serta ke dalam sumpah yang diikat ALLAH, Tuhanmu, denganmu pada hari ini",
Ulangan,29,13,Ulangan 29:13,لِكَيْ يُقِيمَكَ ٱلْيَوْمَ لِنَفْسِهِ شَعْبًا، وَهُوَ يَكُونُ لَكَ إِلَهًا كَمَا قَالَ لَكَ، وَكَمَا حَلَفَ لِآبَائِكَ إِبْرَاهِيمَ وَإِسْحَاقَ وَيَعْقُوبَ.,"Dengan perjanjian ini, Dia menetapkanmu sebagai umat-Nya, dan Dia menjadi Allahmu seperti yang difirmankan-Nya kepadamu dan seperti yang telah disumpahkan-Nya kepada nenek moyangmu, yaitu Abraham, Ishak, dan Yakub.","supaya Ia meneguhkan engkau pada hari ini sebagai umat-Nya dan supaya Ia menjadi Tuhanmu, seperti yang difirmankan-Nya dengan bersumpah kepada nenek moyangmu, yaitu Ibrahim, Ishak, dan Yakub.",
Ulangan,29,14,Ulangan 29:14,وَلَيْسَ مَعَكُمْ وَحْدَكُمْ أَقْطَعُ أَنَا هَذَا ٱلْعَهْدَ وَهَذَا ٱلْقَسَمَ،,Bukan hanya denganmu saja aku mengikat perjanjian dan sumpah ini.,"Perjanjian serta sumpah ini bukan hanya kuikat dengan kamu saja,",
Ulangan,29,15,Ulangan 29:15,بَلْ مَعَ ٱلَّذِي هُوَ هُنَا مَعَنَا وَاقِفًا ٱلْيَوْمَ أَمَامَ ٱلرَّبِّ إِلَهِنَا، وَمَعَ ٱلَّذِي لَيْسَ هُنَا مَعَنَا ٱلْيَوْمَ.,"Namun, juga kepada setiap orang yang berdiri di sini dengan kita pada hari ini di hadapan TUHAN, Allah kita, dan juga dengan setiap orang yang tidak bersama dengan kita hari ini.","yaitu setiap orang yang pada hari ini berdiri di sini bersama kita di hadirat ALLAH, Tuhan kita, melainkan juga dengan setiap orang yang pada hari ini tidak berada di sini bersama kita.",
Ulangan,29,16,Ulangan 29:16,لِأَنَّكُمْ قَدْ عَرَفْتُمْ كَيْفَ أَقَمْنَا فِي أَرْضِ مِصْرَ، وَكَيْفَ ٱجْتَزْنَا فِي وَسَطِ ٱلْأُمَمِ ٱلَّذِينَ مَرَرْتُمْ بِهِمْ،,Kamu telah tahu bagaimana saat kita hidup di negeri Mesir dan bagaimana kita berjalan di antara bangsa-bangsa yang telah kamu lewati.,Kamu tahu bagaimana kita tinggal di Tanah Mesir dan bagaimana kita berjalan di antara bangsa-bangsa yang telah kamu lewati.,
Ulangan,29,17,Ulangan 29:17,وَرَأَيْتُمْ أَرْجَاسَهُمْ وَأَصْنَامَهُمُ ٱلَّتِي عِنْدَهُمْ مِنْ خَشَبٍ وَحَجَرٍ وَفِضَّةٍ وَذَهَبٍ،,"Kamu telah melihat segala kekejian mereka seperti berhala yang mereka buat dari kayu, batu, perak, dan emas yang ada pada mereka.","Kamu telah melihat dewa-dewa kejijikan dan berhala-berhala mereka yang terbuat dari kayu, batu, perak, atau emas yang ada di antara mereka.",
Ulangan,29,18,Ulangan 29:18,لِئَلَّا يَكُونَ فِيكُمْ رَجُلٌ أَوِ ٱمْرَأَةٌ أَوْ عَشِيرَةٌ أَوْ سِبْطٌ قَلْبُهُ ٱلْيَوْمَ مُنْصَرِفٌ عَنِ ٱلرَّبِّ إِلَهِنَا لِكَيْ يَذْهَبَ لِيَعْبُدَ آلِهَةَ تِلْكَ ٱلْأُمَمِ. لِئَلَّا يَكُونَ فِيكُمْ أَصْلٌ يُثْمِرُ عَلْقَمًا وَأَفْسَنْتِينًا.,"Sehingga tidak ada lagi di antara kamu seorang laki-laki, atau perempuan, atau keluarga, atau suku yang hatinya berpaling meninggalkan TUHAN, Allah kita, pada hari ini, untuk pergi melayani ilah-ilah bangsa lain. Jangan ada di antaramu yang menjadi akar beracun dan ipuh.","Jangan sampai ada di antaramu laki-laki, perempuan, kaum, atau pun suku yang pada hari ini hatinya berpaling dari ALLAH, Tuhan kita, untuk pergi beribadah kepada dewa-dewa bangsa-bangsa itu. Jangan sampai ada di antaramu akar yang menghasilkan pohon beracun atau tanaman pahit.",
Ulangan,29,19,Ulangan 29:19,فَيَكُونُ مَتَى سَمِعَ كَلَامَ هَذِهِ ٱللَّعْنَةِ، يَتَبَرَّكُ فِي قَلْبِهِ قَائِلًا: يَكُونُ لِي سَلَامٌ، إِنِّي بِإِصْرَارِ قَلْبِي أَسْلُكُ لِإِفْنَاءِ ٱلرَّيَّانِ مَعَ ٱلْعَطْشَانِ.,"Hal ini akan terjadi apabila dia mendengarkan kata-kata kutuk ini, lalu memegahkan diri dan berkata, ‘Aku akan sejahtera meskipun aku berjalan menurut kedegilan hatiku.’ Hal itu akan menyebabkan tanah yang berlimpah air menjadi kering.","Jika orang semacam itu mendengar perkataan kutuk ini, ia menyangka bahwa dirinya tetap diberkahi, katanya, ‘Aku akan tetap sejahtera meskipun aku hidup dalam kedegilan hatiku.’ Akibatnya lenyaplah tanah yang basah maupun yang kering.",
Ulangan,29,20,Ulangan 29:20,لَا يَشَاءُ ٱلرَّبُّ أَنْ يَرْفُقَ بِهِ، بَلْ يُدَخِّنُ حِينَئِذٍ غَضَبُ ٱلرَّبِّ وَغَيْرَتُهُ عَلَى ذَلِكَ ٱلرَّجُلِ، فَتَحِلُّ عَلَيْهِ كُلُّ ٱللَّعَنَاتِ ٱلْمَكْتُوبَةِ فِي هَذَا ٱلْكِتَابِ، وَيَمْحُو ٱلرَّبُّ ٱسْمَهُ مِنْ تَحْتِ ٱلسَمَاءِ.,"TUHAN tidak akan mengampuni orang seperti itu. Namun, TUHAN menyatakan murka dan cemburu-Nya akan melawan orang itu. Setiap kutuk yang tertulis dalam kitab ini akan melekat padanya dan TUHAN akan menghapuskan namanya dari bawah langit.","ALLAH tidak akan mengampuni orang itu. Sebaliknya, murka ALLAH serta kegusaran-Nya akan membara atas orang itu pada waktu itu. Segala kutuk yang tertulis dalam kitab ini akan menimpanya, dan ALLAH akan menghapuskan namanya dari kolong langit.",
Ulangan,29,21,Ulangan 29:21,وَيُفْرِزُهُ ٱلرَّبُّ لِلشَّرِّ مِنْ جَمِيعِ أَسْبَاطِ إِسْرَائِيلَ حَسَبَ جَمِيعِ لَعَنَاتِ ٱلْعَهْدِ ٱلْمَكْتُوبَةِ فِي كِتَابِ ٱلشَّرِيعَةِ هَذَا.,"Kemudian, TUHAN akan memisahkan orang yang celaka itu dari setiap suku Israel, sesuai dengan seluruh kutuk perjanjian yang tertulis dalam Kitab Taurat ini.",ALLAH akan memisahkan dia dari segala suku Israil dan membuatnya tertimpa celaka sesuai dengan segala kutuk dari perjanjian yang tertulis dalam Kitab Suci Taurat ini.,
Ulangan,29,22,Ulangan 29:22,فَيَقُولُ ٱلْجِيلُ ٱلْأَخِيرُ، بَنُوكُمُ ٱلَّذِينَ يَقُومُونَ بَعْدَكُمْ، وَٱلْأَجْنَبِيُّ ٱلَّذِي يَأْتِي مِنْ أَرْضٍ بَعِيدَةٍ، حِينَ يَرَوْنَ ضَرَبَاتِ تِلْكَ ٱلْأَرْضِ وَأَمْرَاضَهَا ٱلَّتِي يُمْرِضُهَا بِهَا ٱلرَّبُّ.,"Generasi yang akan datang, yaitu anak-anakmu yang muncul setelahmu dan orang asing yang datang dari negeri yang jauh akan melihat bencana dan penyakit yang TUHAN jatuhkan di negeri ini dan mereka akan berkata,","Angkatan yang kemudian, yaitu anak-anakmu yang akan muncul setelah kamu, serta orang asing yang datang dari negeri jauh akan menyaksikan azab yang menimpa negeri itu, juga penderitaan yang didatangkan ALLAH atasnya.",
Ulangan,29,23,Ulangan 29:23,كِبْرِيتٌ وَمِلْحٌ، كُلُّ أَرْضِهَا حَرِيقٌ، لَا تُزْرَعُ وَلَا تُنْبِتُ وَلَا يَطْلُعُ فِيهَا عُشْبٌ مَّا، كَٱنْقِلَابِ سَدُومَ وَعَمُورَةَ وَأَدْمَةَ وَصَبُويِيمَ، ٱلَّتِي قَلَبَهَا ٱلرَّبُّ بِغَضَبِهِ وَسَخَطِهِ.,"‘Seluruh tanah itu hangus karena belerang dan garam sehingga tidak dapat ditanami dan tidak menghasilkan apa pun, tidak ada satu pun tumbuhan, sama seperti Sodom dan Gomora, Adma dan Zeboim, yang telah TUHAN jungkirkan dengan kemarahan dan murka-Nya.’","Seluruh negeri itu menjadi hangus dengan belerang dan garam, tak dapat ditaburi, tak dapat menumbuhkan sesuatu, dan tak tumbuh sesuatu pun di atasnya, sama seperti kehancuran Sodom, Gomora, Adma, dan Zeboim, yang ditunggangbalikkan ALLAH dalam murka serta amarah-Nya.",
Ulangan,29,24,Ulangan 29:24,وَيَقُولُ جَمِيعُ ٱلْأُمَمِ: لِمَاذَا فَعَلَ ٱلرَّبُّ هَكَذَا بِهَذِهِ ٱلْأَرْضِ؟ لِمَاذَا حُمُوُّ هَذَا ٱلْغَضَبِ ٱلْعَظِيمِ؟,"Seluruh bangsa akan bertanya, ‘Mengapa TUHAN melakukannya terhadap negeri ini? Mengapa Dia sangat marah?’","Segala bangsa akan berkata, ‘Mengapa ALLAH memperlakukan negeri ini demikian? Apakah arti nyala murka-Nya yang hebat ini?’",
Ulangan,29,25,Ulangan 29:25,فَيَقُولُونَ: لِأَنَّهُمْ تَرَكُوا عَهْدَ ٱلرَّبِّ إِلَهِ آبَائِهِمِ ٱلَّذِي قَطَعَهُ مَعَهُمْ حِينَ أَخْرَجَهُمْ مِنْ أَرْضِ مِصْرَ،,"Maka orang itu akan berkata, ‘Karena mereka telah mengabaikan perjanjian TUHAN, Allah nenek moyang mereka, yang telah Dia buat saat Dia membawa mereka keluar dari negeri Mesir.","Lalu, orang akan menjawab, ‘Sebab mereka mengabaikan perjanjian ALLAH, Tuhan nenek moyang mereka, yang diikat-Nya dengan mereka ketika Ia membawa mereka keluar dari Tanah Mesir.",
Ulangan,29,26,Ulangan 29:26,وَذَهَبُوا وَعَبَدُوا آلِهَةً أُخْرَى وَسَجَدُوا لَهَا. آلِهَةً لَمْ يَعْرِفُوهَا وَلَا قُسِمَتْ لَهُمْ.,"Mereka pergi untuk melayani ilah-ilah lain dan menyembahnya, ilah-ilah yang tidak dikenal sebelumnya dan yang tidak pernah ditentukan-Nya bagi mereka.","Mereka pergi beribadah kepada ilah-ilah lain dan sujud menyembah semua itu, yaitu dewa-dewa yang tidak mereka kenal dan yang tidak ditentukan Allah bagi mereka.",
Ulangan,29,27,Ulangan 29:27,فَٱشْتَعَلَ غَضَبُ ٱلرَّبِّ عَلَى تِلْكَ ٱلْأَرْضِ حَتَّى جَلَبَ عَلَيْهَا كُلَّ ٱللَّعَنَاتِ ٱلْمَكْتُوبَةِ فِي هَذَا ٱلسِّفْرِ.,"Oleh sebab itu, murka TUHAN membakar negeri itu, untuk mendatangkan ke atasnya setiap kutuk yang tertulis dalam kitab ini.","Sebab itu, murka ALLAH menyala atas negeri ini sehingga Ia mendatangkan atasnya segala kutuk yang tertulis dalam kitab ini.",
Ulangan,29,28,Ulangan 29:28,وَٱسْتَأْصَلَهُمُ ٱلرَّبُّ مِنْ أَرْضِهِمْ بِغَضَبٍ وَسَخَطٍ وَغَيْظٍ عَظِيمٍ، وَأَلْقَاهُمْ إِلَى أَرْضٍ أُخْرَى كَمَا فِي هَذَا ٱلْيَوْمِ.,"Dan, TUHAN telah mengusir mereka dari negerinya dalam kemarahan, kegusaran, dan murka yang sangat besar, dan membuangnya ke negeri lain, seperti yang terjadi hari ini.’","Dalam murka-Nya, kegusaran-Nya, serta dalam amarah-Nya yang besar ALLAH mencabut mereka dari tanah mereka. Dibuang-Nya mereka ke negeri lain, seperti yang terjadi pada hari ini.’",
Ulangan,29,29,Ulangan 29:29,ٱلسَّرَائِرُ لِلرَّبِّ إِلَهِنَا، وَٱلْمُعْلَنَاتُ لَنَا وَلِبَنِينَا إِلَى ٱلْأَبَدِ، لِنَعْمَلَ بِجَمِيعِ كَلِمَاتِ هَذِهِ ٱلشَّرِيعَةِ.,"Hal-hal yang tersembunyi ialah bagi TUHAN, Allah kita, tetapi hal-hal yang dinyatakan ialah bagi kita dan bagi anak-anak kita sampai selama-lamanya, supaya kita melakukan segala perkataan Taurat ini.”","Hal-hal yang tersembunyi adalah bagi ALLAH, Tuhan kita, tetapi hal-hal yang dinyatakan adalah bagi kita dan bagi anak-anak kita sampai selama-lamanya supaya kita dapat melakukan segala perkataan hukum Taurat ini.",
Ulangan,30,1,Ulangan 30:1,«وَمَتَى أَتَتْ عَلَيْكَ كُلُّ هَذِهِ ٱلْأُمُورِ، ٱلْبَرَكَةُ وَٱللَّعْنَةُ، ٱللَّتَانِ جَعَلْتُهُمَا قُدَّامَكَ، فَإِنْ رَدَدْتَ فِي قَلْبِكَ بَيْنَ جَمِيعِ ٱلْأُمَمِ ٱلَّذِينَ طَرَدَكَ ٱلرَّبُّ إِلَهُكَ إِلَيْهِمْ،,"Dengan demikian, apabila semua itu terjadi kepadamu, yaitu berkat dan kutuk yang telah kupaparkan kepadamu. Dan, kamu bertobat dalam hatimu di tengah segala bangsa di tempat TUHAN, Allahmu, membuangmu.","Jadi, apabila semua hal ini menimpamu, yaitu berkah dan kutuk yang telah kuhadapkan kepadamu itu, dan engkau bertobat dalam hatimu di tengah-tengah segala bangsa tempat engkau dibuang oleh ALLAH, Tuhanmu,",
Ulangan,30,2,Ulangan 30:2,وَرَجَعْتَ إِلَى ٱلرَّبِّ إِلَهِكَ، وَسَمِعْتَ لِصَوْتِهِ حَسَبَ كُلِّ مَا أَنَا أُوصِيكَ بِهِ ٱلْيَوْمَ، أَنْتَ وَبَنُوكَ، بِكُلِّ قَلْبِكَ وَبِكُلِّ نَفْسِكَ،,"Ketika itulah kamu dan anak-anakmu kembali kepada TUHAN, Allahmu, dan mematuhi-Nya dengan segenap hatimu dan jiwamu sesuai dengan apa yang telah aku perintahkan kepadamu hari ini.","lalu engkau dan anak-anakmu berbalik kepada ALLAH, Tuhanmu, dan mematuhi-Nya dengan segenap hatimu dan dengan segenap jiwamu, seperti semua yang kuperintahkan kepadamu pada hari ini,",
Ulangan,30,3,Ulangan 30:3,يَرُدُّ ٱلرَّبُّ إِلَهُكَ سَبْيَكَ وَيَرْحَمُكَ، وَيَعُودُ فَيَجْمَعُكَ مِنْ جَمِيعِ ٱلشُّعُوبِ ٱلَّذِينَ بَدَّدَكَ إِلَيْهِمِ ٱلرَّبُّ إِلَهُكَ.,"Kemudian, TUHAN, Allahmu, akan memulihkan keadaanmu dan akan mengasihimu dan akan menyatukanmu lagi dari bangsa-bangsa di tempat TUHAN, Allahmu, telah menyebarmu.","maka ALLAH, Tuhanmu, akan memulihkan keadaanmu dan akan mengasihani engkau. Ia akan kembali mengumpulkan engkau dari antara bangsa-bangsa tempat ALLAH, Tuhanmu, mencerai-beraikan engkau.",
Ulangan,30,4,Ulangan 30:4,إِنْ يَكُنْ قَدْ بَدَّدَكَ إِلَى أَقْصَاءِ ٱلسَّمَاوَاتِ، فَمِنْ هُنَاكَ يَجْمَعُكَ ٱلرَّبُّ إِلَهُكَ، وَمِنْ هُنَاكَ يَأْخُذُكَ،,"Bahkan, jika ada di antaramu dibuang sampai ke ujung bumi, TUHAN, Allahmu, akan mengumpulkanmu dari sana dan Dia akan membawamu pulang.","Bahkan jika ada di antaramu yang terbuang ke ujung langit, maka dari sana juga ALLAH, Tuhanmu, akan mengumpulkan engkau, dan dari sana juga Ia akan mengambil engkau.",
Ulangan,30,5,Ulangan 30:5,وَيَأْتِي بِكَ ٱلرَّبُّ إِلَهُكَ إِلَى ٱلْأَرْضِ ٱلَّتِي ٱمْتَلَكَهَا آبَاؤُكَ فَتَمْتَلِكُهَا، وَيُحْسِنُ إِلَيْكَ وَيُكَثِّرُكَ أَكْثَرَ مِنْ آبَائِكَ.,"TUHAN, Allahmu akan membawamu masuk ke negeri yang telah nenek moyangmu miliki dan juga menjadi milikmu. Dia akan berbuat baik kepadamu, dan akan memperbanyak jumlahmu lebih daripada nenek moyangmu.","ALLAH, Tuhanmu, akan membawa engkau masuk ke negeri yang dimiliki nenek moyangmu, dan engkau pun akan memilikinya. Ia akan berbuat baik kepadamu dan memperbanyak jumlahmu melebihi nenek moyangmu.",
Ulangan,30,6,Ulangan 30:6,وَيَخْتِنُ ٱلرَّبُّ إِلَهُكَ قَلْبَكَ وَقَلْبَ نَسْلِكَ، لِكَيْ تُحِبَّ ٱلرَّبَّ إِلَهَكَ مِنْ كُلِّ قَلْبِكَ وَمِنْ كُلِّ نَفْسِكَ لِتَحْيَا.,"TUHAN, Allahmu, akan menyunat hatimu dan hati keturunanmu sehingga kamu akan mengasihi TUHAN, Allahmu, dengan segenap hatimu dan segenap jiwamu supaya kamu hidup.","ALLAH, Tuhanmu, akan membuang kedegilan dari hatimu serta hati keturunanmu sehingga engkau mengasihi ALLAH, Tuhanmu, dengan segenap hatimu dan dengan segenap jiwamu supaya engkau dapat hidup.",
Ulangan,30,7,Ulangan 30:7,وَيَجْعَلُ ٱلرَّبُّ إِلَهُكَ كُلَّ هَذِهِ ٱللَّعَنَاتِ عَلَى أَعْدَائِكَ، وَعَلَى مُبْغِضِيكَ ٱلَّذِينَ طَرَدُوكَ.,"TUHAN, Allahmu, akan mendatangkan semua kutukan kepada musuh-musuhmu dan kepada mereka yang membencimu, dan menganiaya kamu.","ALLAH, Tuhanmu, akan menimpakan segala kutuk ini atas musuh-musuhmu dan atas mereka yang membenci serta menganiaya engkau.",
Ulangan,30,8,Ulangan 30:8,وَأَمَّا أَنْتَ فَتَعُودُ تَسْمَعُ لِصَوْتِ ٱلرَّبِّ، وَتَعْمَلُ بِجَمِيعِ وَصَايَاهُ ٱلَّتِي أَنَا أُوصِيكَ بِهَا ٱلْيَوْمَ،,"Dan, kamu akan mematuhi TUHAN lagi dan melakukan segala perintah-Nya yang kusampaikan kepadamu hari ini.",Engkau akan kembali mematuhi ALLAH dan melakukan segala perintah-Nya yang kusampaikan kepadamu pada hari ini.,
Ulangan,30,9,Ulangan 30:9,فَيَزِيدُكَ ٱلرَّبُّ إِلَهُكَ خَيْرًا فِي كُلِّ عَمَلِ يَدِكَ، فِي ثَمَرَةِ بَطْنِكَ وَثَمَرَةِ بَهَائِمِكَ وَثَمَرَةِ أَرْضِكَ. لِأَنَّ ٱلرَّبَّ يَرْجِعُ لِيَفْرَحَ لَكَ بِٱلْخَيْرِ كَمَا فَرِحَ لِآبَائِكَ،,"TUHAN, Allahmu, akan memberimu kelimpahan di setiap pekerjaan tanganmu, dalam buah kandungmu, dan hasil ternakmu, dan hasil tanahmu, TUHAN akan bersukacita kembali karena kebaikanmu, sama seperti Dia bersukacita karena nenek moyangmu,","ALLAH, Tuhanmu, akan membuat engkau berkelimpahan dalam segala pekerjaan tanganmu, dalam buah kandunganmu, dalam hasil ternakmu, dan dalam hasil tanahmu. ALLAH pun akan kembali senang mendatangkan kebaikan atasmu—sebagaimana Ia dahulu senang terhadap nenek moyangmu—",
Ulangan,30,10,Ulangan 30:10,إِذَا سَمِعْتَ لِصَوْتِ ٱلرَّبِّ إِلَهِكَ لِتَحْفَظَ وَصَايَاهُ وَفَرَائِضَهُ ٱلْمَكْتُوبَةَ فِي سِفْرِ ٱلشَّرِيعَةِ هَذَا. إِذَا رَجَعْتَ إِلَى ٱلرَّبِّ إِلَهِكَ بِكُلِّ قَلْبِكَ وَبِكُلِّ نَفْسِكَ.,"apabila kamu mematuhi TUHAN, Allahmu dengan melakukan segala perintah-Nya dan ketetapan-Nya yang tertulis dalam Kitab Taurat ini, apabila kamu kembali kepada TUHAN, Allahmu, dengan segenap hatimu dan segenap jiwamu.","asal engkau mematuhi ALLAH, Tuhanmu, dengan memegang teguh perintah-perintah-Nya serta ketetapan-ketetapan-Nya yang tertulis dalam Kitab Suci Taurat ini, dan asal engkau berbalik kepada ALLAH, Tuhanmu, dengan segenap hatimu dan dengan segenap jiwamu.",
Ulangan,30,11,Ulangan 30:11,«إِنَّ هَذِهِ ٱلْوَصِيَّةَ ٱلَّتِي أُوصِيكَ بِهَا ٱلْيَوْمَ لَيْسَتْ عَسِرَةً عَلَيْكَ وَلَا بَعِيدَةً مِنْكَ.,Perintah yang kusampaikan kepadamu hari ini tidak terlalu sulit bagimu dan tidak di luar kemampuanmu.,"Sesungguhnya, perintah yang kusampaikan kepadamu pada hari ini tidaklah sukar bagimu dan tidaklah jauh.",
Ulangan,30,12,Ulangan 30:12,لَيْسَتْ هِيَ فِي ٱلسَّمَاءِ حَتَّى تَقُولَ: مَنْ يَصْعَدُ لِأَجْلِنَا إِلَى ٱلسَّمَاءِ وَيَأْخُذُهَا لَنَا وَيُسْمِعُنَا إِيَّاهَا لِنَعْمَلَ بِهَا؟,"Tidak ada di langit sehingga kamu berkata, “Siapa yang akan naik ke langit untuk kita dan membawanya kepada kita sehingga kita dapat mendengar dan melakukannya?”","Bukan di langit tempatnya sehingga engkau berkata, ‘Siapa yang akan naik ke langit dan mengambilkannya bagi kita supaya kita dapat mendengarkannya, lalu melakukannya?’",
Ulangan,30,13,Ulangan 30:13,وَلَا هِيَ فِي عَبْرِ ٱلْبَحْرِ حَتَّى تَقُولَ: مَنْ يَعْبُرُ لِأَجْلِنَا ٱلْبَحْرَ وَيَأْخُذُهَا لَنَا وَيُسْمِعُنَا إِيَّاهَا لِنَعْمَلَ بِهَا؟,"Bukan juga di seberang laut sehingga kamu berkata, “Siapa yang akan menyeberang laut dan membawanya kepada kita sehingga kita dapat mendengar dan melakukannya?”","Bukan pula di seberang laut tempatnya sehingga engkau berkata, ‘Siapa yang akan pergi ke seberang laut dan mengambilkannya bagi kita supaya kita dapat mendengarkannya, lalu melakukannya?’",
Ulangan,30,14,Ulangan 30:14,بَلِ ٱلْكَلِمَةُ قَرِيبَةٌ مِنْكَ جِدًّا، فِي فَمِكَ وَفِي قَلْبِكَ لِتَعْمَلَ بِهَا.,"Namun, firman ini sangat dekat denganmu, di dalam mulutmu dan dalam hatimu sehingga kamu dapat melakukannya.","Firman itu sangat dekat denganmu, yaitu di dalam mulutmu dan di dalam hatimu sehingga engkau dapat melakukannya.",
Ulangan,30,15,Ulangan 30:15,«اُنْظُرْ. قَدْ جَعَلْتُ ٱلْيَوْمَ قُدَّامَكَ ٱلْحَيَاةَ وَٱلْخَيْرَ، وَٱلْمَوْتَ وَٱلشَّرَّ،,"Lihatlah, aku telah menetapkan di hadapanmu pada hari ini kehidupan dan kebahagiaan, kematian dan kesusahan.","Lihatlah, pada hari ini aku menghadapkan kepadamu kehidupan dan kebahagiaan, kematian dan kesusahan.",
Ulangan,30,16,Ulangan 30:16,بِمَا أَنِّي أَوْصَيْتُكَ ٱلْيَوْمَ أَنْ تُحِبَّ ٱلرَّبَّ إِلَهَكَ وَتَسْلُكَ فِي طُرُقِهِ وَتَحْفَظَ وَصَايَاهُ وَفَرَائِضَهُ وَأَحْكَامَهُ لِكَيْ تَحْيَا وَتَنْمُوَ، وَيُبَارِكَكَ ٱلرَّبُّ إِلَهُكَ فِي ٱلْأَرْضِ ٱلَّتِي أَنْتَ دَاخِلٌ إِلَيْهَا لِكَيْ تَمْتَلِكَهَا.,"Hari ini, aku memerintahkan kepadamu untuk mengasihi TUHAN, Allahmu, untuk berjalan di jalan-Nya dan menaati setiap perintah, hukum, dan ketetapan-Nya sehingga kamu hidup dan bertambah banyak dan diberkati oleh TUHAN, Allahmu, di negeri yang kamu masuki dan miliki.","Pada hari ini aku memerintahkan engkau untuk mengasihi ALLAH, Tuhanmu, dengan hidup menurut jalan-Nya dan memegang teguh perintah-perintah-Nya, ketetapan-ketetapan-Nya, serta peraturan-peraturan-Nya. Dengan demikian, engkau akan hidup, bertambah banyak, dan diberkahi ALLAH, Tuhanmu, di negeri yang akan kaumasuki untuk kaududuki.",
Ulangan,30,17,Ulangan 30:17,فَإِنِ ٱنْصَرَفَ قَلْبُكَ وَلَمْ تَسْمَعْ، بَلْ غَوَيْتَ وَسَجَدْتَ لِآلِهَةٍ أُخْرَى وَعَبَدْتَهَا،,"Namun, jika kamu berbalik dan tidak mau mendengarkan, bahkan pergi menyembah dan beribadah kepada ilah-ilah lain,","Akan tetapi, jika hatimu berpaling dan engkau tidak mau mendengar, bahkan engkau disesatkan sehingga engkau sujud menyembah ilah-ilah lain serta beribadah kepadanya,",
Ulangan,30,18,Ulangan 30:18,فَإِنِّي أُنْبِئُكُمُ ٱلْيَوْمَ أَنَّكُمْ لَا مَحَالَةَ تَهْلِكُونَ. لَا تُطِيلُ ٱلْأَيَّامَ عَلَى ٱلْأَرْضِ ٱلَّتِي أَنْتَ عَابِرٌ ٱلْأُرْدُنَّ لِكَيْ تَدْخُلَهَا وَتَمْتَلِكَهَا.,maka aku memberitahukan kepadamu hari ini bahwa kamu akan binasa. Kamu tidak akan hidup lama di tanah di seberang Sungai Yordan yang kamu masuki dan miliki itu.,maka pada hari ini kunyatakan kepadamu bahwa engkau pasti binasa. Umurmu pun tidak akan lanjut di tanah yang akan kaumasuki untuk kaududuki dengan menyeberangi Sungai Yordan.,
Ulangan,30,19,Ulangan 30:19,أُشْهِدُ عَلَيْكُمُ ٱلْيَوْمَ ٱلسَّمَاءَ وَٱلْأَرْضَ. قَدْ جَعَلْتُ قُدَّامَكَ ٱلْحَيَاةَ وَٱلْمَوْتَ. ٱلْبَرَكَةَ وَٱللَّعْنَةَ. فَٱخْتَرِ ٱلْحَيَاةَ لِكَيْ تَحْيَا أَنْتَ وَنَسْلُكَ،,"Pada hari ini, aku membuat langit dan bumi menjadi saksi bahwa di hadapanmu, kuberikan kehidupan dan kematian, berkat dan kutuk. Jadi, pilihlah kehidupan supaya kamu hidup, baik kamu dan keturunanmu.","Pada hari ini juga aku memanggil langit dan bumi untuk menjadi saksi atas kamu bahwa aku telah menghadapkan kepadamu kehidupan dan kematian, berkah dan kutuk. Pilihlah kehidupan supaya engkau dan keturunanmu dapat hidup.",
Ulangan,30,20,Ulangan 30:20,إِذْ تُحِبُّ ٱلرَّبَّ إِلَهَكَ وَتَسْمَعُ لِصَوْتِهِ وَتَلْتَصِقُ بِهِ، لِأَنَّهُ هُوَ حَيَاتُكَ وَٱلَّذِي يُطِيلُ أَيَّامَكَ لِكَيْ تَسْكُنَ عَلَى ٱلْأَرْضِ ٱلَّتِي حَلَفَ ٱلرَّبُّ لِآبَائِكَ إِبْرَاهِيمَ وَإِسْحَاقَ وَيَعْقُوبَ أَنْ يُعْطِيَهُمْ إِيَّاهَا.,"Kasihilah TUHAN, Allahmu, dengan mendengar suara-Nya dan berpegang teguh kepada-Nya. Dengan demikian, kamu akan menetap di negeri yang telah TUHAN janjikan dengan bersumpah untuk memberikannya kepada nenek moyangmu: Abraham, Ishak, dan Yakub.","Kasihilah ALLAH, Tuhanmu, patuhilah Dia, dan berpautlah pada-Nya. Sesungguhnya, Dialah sumber hidupmu dan yang membuat umurmu lanjut sehingga engkau dapat tinggal di tanah yang dijanjikan ALLAH dengan bersumpah kepada nenek moyangmu, yaitu Ibrahim, Ishak, dan Yakub, untuk dikaruniakan kepada mereka.”",
Ulangan,31,1,Ulangan 31:1,فَذَهَبَ مُوسَى وَكَلَّمَ بِهَذِهِ ٱلْكَلِمَاتِ جَمِيعَ إِسْرَائِيلَ،,"Kemudian, Musa pergi dan menyampaikan kata-kata ini kepada semua orang Israel.","Kemudian, Musa pergi menyampaikan perkataan-perkataan ini kepada semua orang Israil.",
Ulangan,31,2,Ulangan 31:2,وَقَالَ لَهُمْ: «أَنَا ٱلْيَوْمَ ٱبْنُ مِئَةٍ وَعِشْرِينَ سَنَةً. لَا أَسْتَطِيعُ ٱلْخُرُوجَ وَٱلدُّخُولَ بَعْدُ، وَٱلرَّبُّ قَدْ قَالَ لِي: لَا تَعْبُرُ هَذَا ٱلْأُرْدُنَّ.,"Dia berkata kepada mereka, “Aku sekarang berumur 120 tahun. Aku tidak sanggup lagi untuk datang dan pergi. TUHAN telah berfirman kepadaku, ‘Kamu tidak akan menyeberangi Sungai Yordan.’","Katanya kepada mereka, “Umurku saat ini seratus dua puluh tahun. Aku tidak dapat giat lagi. Lagi pula, ALLAH telah berfirman kepadaku, ‘Engkau tidak akan menyeberangi Sungai Yordan ini.’",
Ulangan,31,3,Ulangan 31:3,ٱلرَّبُّ إِلَهُكَ هُوَ عَابِرٌ قُدَّامَكَ. هُوَ يُبِيدُ هَؤُلَاءِ ٱلْأُمَمَ مِنْ قُدَّامِكَ فَتَرِثُهُمْ. يَشُوعُ عَابِرٌ قُدَّامَكَ، كَمَا قَالَ ٱلرَّبُّ.,"TUHAN, Allahmu, yang akan memimpinmu untuk menyeberanginya. Dia akan membinasakan bangsa-bangsa yang ada di depanmu dan kamu akan mengusir mereka. Yosua, orang yang akan memimpinmu untuk menyeberanginya seperti yang telah difirmankan TUHAN.","ALLAH, Tuhanmu, Dialah yang akan maju di depanmu. Ia akan memunahkan bangsa-bangsa itu dari hadapanmu sehingga engkau dapat menaklukkan mereka, dan seperti yang difirmankan ALLAH, Yusak akan memimpinmu menyeberang.",
Ulangan,31,4,Ulangan 31:4,وَيَفْعَلُ ٱلرَّبُّ بِهِمْ كَمَا فَعَلَ بِسِيحُونَ وَعُوجَ مَلِكَيِ ٱلْأَمُورِيِّينَ ٱللَّذَيْنِ أَهْلَكَهُمَا، وَبِأَرْضِهِمَا.,"TUHAN akan melakukan terhadap mereka seperti yang pernah Dia lakukan kepada Sihon dan Og, raja Amori, dan terhadap negerinya ketika Dia memusnahkannya.","ALLAH akan memperlakukan mereka seperti Ia memperlakukan Sihon dan Og, raja-raja orang Amori, dan juga negeri mereka ketika Ia memunahkan mereka.",
Ulangan,31,5,Ulangan 31:5,فَمَتَى دَفَعَهُمُ ٱلرَّبُّ أَمَامَكُمْ تَفْعَلُونَ بِهِمْ حَسَبَ كُلِّ ٱلْوَصَايَا ٱلَّتِي أَوْصَيْتُكُمْ بِهَا.,"TUHAN akan menyerahkan mereka di hadapanmu, dan kamu harus lakukan sesuai dengan perintah yang telah kuperintahkan kepadamu.",ALLAH akan menyerahkan mereka kepadamu dan kamu harus memperlakukan mereka sesuai dengan segala perintah yang kusampaikan kepadamu.,
Ulangan,31,6,Ulangan 31:6,تَشَدَّدُوا وَتَشَجَّعُوا. لَا تَخَافُوا وَلَا تَرْهَبُوا وُجُوهَهُمْ، لِأَنَّ ٱلرَّبَّ إِلَهَكَ سَائِرٌ مَعَكَ. لَا يُهْمِلُكَ وَلَا يَتْرُكُكَ».,"Kuatkan dan teguhkanlah hatimu, jangan takut atau gemetar kepada mereka, karena TUHAN, Allahmu, bersamamu. Dia tidak akan membiarkanmu atau meninggalkanmu.”","Kuatkanlah dan mantapkanlah hatimu. Jangan takut dan jangan gentar karena mereka, sebab ALLAH, Tuhanmu, hadir menyertai engkau. Ia tidak akan membiarkan engkau dan tidak akan meninggalkan engkau.”",
Ulangan,31,7,Ulangan 31:7,فَدَعَا مُوسَى يَشُوعَ، وَقَالَ لَهُ أَمَامَ أَعْيُنِ جَمِيعِ إِسْرَائِيلَ: «تَشَدَّدْ وَتَشَجَّعْ، لِأَنَّكَ أَنْتَ تَدْخُلُ مَعَ هَذَا ٱلشَّعْبِ ٱلْأَرْضَ ٱلَّتِي أَقْسَمَ ٱلرَّبُّ لِآبَائِهِمْ أَنْ يُعْطِيَهُمْ إِيَّاهَا، وَأَنْتَ تَقْسِمُهَا لَهُمْ.,"Kemudian, Musa memanggil Yosua dan berkata kepadanya di depan mata seluruh umat Israel, “Kuatkan dan teguhkan hatimu, sebab kamu akan pergi bersama dengan umat ini memasuki negeri yang TUHAN janjikan untuk memberikannya kepada nenek moyang mereka. Dan, kamu akan memberikannya kepada mereka sebagai tanah pusaka.","Kemudian, Musa memanggil Yusak dan berkata kepadanya di depan mata semua orang Israil, “Kuatkanlah dan mantapkanlah hatimu karena engkaulah yang akan menyertai bangsa ini memasuki negeri yang dijanjikan ALLAH dengan bersumpah kepada nenek moyang mereka untuk dikaruniakan kepada mereka. Engkau pun akan memimpin mereka mewarisinya.",
Ulangan,31,8,Ulangan 31:8,وَٱلرَّبُّ سَائِرٌ أَمَامَكَ. هُوَ يَكُونُ مَعَكَ. لَا يُهْمِلُكَ وَلَا يَتْرُكُكَ. لَا تَخَفْ وَلَا تَرْتَعِبْ».,TUHAN sendiri yang akan memimpinmu. Dia akan menyertaimu. Dia tidak akan membiarkanmu atau meninggalkanmu. Janganlah takut dan tawar hati.”,"ALLAH sendiri akan memimpin engkau, dan Ia pulalah yang akan menyertai engkau. Ia tidak akan membiarkan engkau dan tidak akan meninggalkan engkau. Jangan takut dan jangan kecut hati.”",
Ulangan,31,9,Ulangan 31:9,وَكَتَبَ مُوسَى هَذِهِ ٱلتَّوْرَاةَ وَسَلَّمَهَا لِلْكَهَنَةِ بَنِي لَاوِي حَامِلِي تَابُوتِ عَهْدِ ٱلرَّبِّ، وَلِجَمِيعِ شُيُوخِ إِسْرَائِيلَ.,"Kemudian, Musa menuliskan Taurat ini dan memberikannya kepada para imam, anak-anak Lewi yang mengangkat Tabut Perjanjian TUHAN, dan kepada semua tua-tua Israel.","Musa menuliskan hukum Taurat ini dan menyerahkannya kepada para imam bani Lewi yang mengusung tabut perjanjian ALLAH, dan kepada semua tua-tua Israil.",
Ulangan,31,10,Ulangan 31:10,وَأَمَرَهُمْ مُوسَى قَائِلًا: «فِي نِهَايَةِ ٱلسَّبْعِ ٱلسِّنِينَ، فِي مِيعَادِ سَنَةِ ٱلْإِبْرَاءِ، فِي عِيدِ ٱلْمَظَالِّ،,"Musa memerintahkan kepada mereka, katanya, “Pada akhir setiap tujuh tahun pada tahun pembebasan utang, yaitu pada Hari Raya Pondok Daun.","Kemudian, Musa memberi perintah kepada mereka demikian, “Di akhir setiap tujuh tahun, yaitu pada Hari Raya Pondok Daun dalam tahun pembebasan utang,",
Ulangan,31,11,Ulangan 31:11,حِينَمَا يَجِيءُ جَمِيعُ إِسْرَائِيلَ لِكَيْ يَظْهَرُوا أَمَامَ ٱلرَّبِّ إِلَهِكَ فِي ٱلْمَكَانِ ٱلَّذِي يَخْتَارُهُ، تَقْرَأُ هَذِهِ ٱلتَّوْرَاةَ أَمَامَ كُلِّ إِسْرَائِيلَ فِي مَسَامِعِهِمْ.,"Semua orang Israel harus datang menemui TUHAN, Allahmu, di tempat yang akan Dia pilih. Bacakanlah Taurat ini di hadapan seluruh umat Israel supaya mereka mendengarnya.","ketika semua orang Israil datang menghadap hadirat ALLAH, Tuhanmu, di tempat yang akan dipilih-Nya, bacakanlah hukum Taurat ini di depan semua orang Israil.",
Ulangan,31,12,Ulangan 31:12,اِجْمَعِ ٱلشَّعْبَ، ٱلرِّجَالَ وَٱلنِّسَاءَ وَٱلْأَطْفَالَ وَٱلْغَرِيبَ ٱلَّذِي فِي أَبْوَابِكَ، لِكَيْ يَسْمَعُوا وَيَتَعَلَّمُوا أَنْ يَتَّقُوا ٱلرَّبَّ إِلَهَكُمْ وَيَحْرِصُوا أَنْ يَعْمَلُوا بِجَمِيعِ كَلِمَاتِ هَذِهِ ٱلتَّوْرَاةِ.,"Kumpulkan semua umat, laki-laki, perempuan, anak-anak, dan orang asing yang tinggal di kotamu. Dengan demikian, mereka akan mendengar, dan belajar takut akan TUHAN, Allahmu, serta melakukan dengan setia seluruh perkataan Taurat ini.","Kumpulkanlah umat, baik laki-laki, perempuan, anak-anak, maupun pendatang yang ada di kota-kotamu, supaya mereka mendengarkannya dan belajar bertakwa kepada ALLAH, Tuhanmu, serta melakukan dengan setia segala perkataan hukum Taurat ini.",
Ulangan,31,13,Ulangan 31:13,وَأَوْلَادُهُمُ ٱلَّذِينَ لَمْ يَعْرِفُوا، يَسْمَعُونَ وَيَتَعَلَّمُونَ أَنْ يَتَّقُوا ٱلرَّبَّ إِلَهَكُمْ كُلَّ ٱلْأَيَّامِ ٱلَّتِي تَحْيَوْنَ فِيهَا عَلَى ٱلْأَرْضِ ٱلَّتِي أَنْتُمْ عَابِرُونَ ٱلْأُرْدُنَّ إِلَيْهَا لِكَيْ تَمْتَلِكُوهَا».,"Dengan demikian, anak-anak mereka yang tidak mengetahui ajaran itu akan mendengarkannya, dan belajar takut akan TUHAN, Allahmu, selama kamu hidup di negeri setelah kamu menyeberangi Sungai Yordan untuk kamu miliki.”","Dengan demikian, anak-anak mereka yang belum pernah mengetahuinya akan dapat mendengarkannya dan belajar bertakwa kepada ALLAH, Tuhanmu, selama kamu hidup di tanah yang akan kamu miliki setelah menyeberangi Sungai Yordan.”",
Ulangan,31,14,Ulangan 31:14,وَقَالَ ٱلرَّبُّ لِمُوسَى: «هُوَذَا أَيَّامُكَ قَدْ قَرُبَتْ لِكَيْ تَمُوتَ. اُدْعُ يَشُوعَ، وَقِفَا فِي خَيْمَةِ ٱلِٱجْتِمَاعِ لِكَيْ أُوصِيَهُ». فَٱنْطَلَقَ مُوسَى وَيَشُوعُ وَوَقَفَا فِي خَيْمَةِ ٱلِٱجْتِمَاعِ،,"TUHAN berfirman kepada Musa, “Sekarang saatnya telah dekat bagimu untuk mati. Panggillah Yosua dan datanglah ke tenda pertemuan, Aku akan memberikan perintah kepadanya.” Lalu, Musa dan Yosua berdiri di dalam tenda pertemuan.","Berfirmanlah ALLAH kepada Musa, “Ketahuilah, ajalmu hampir tiba. Panggillah Yusak dan berdirilah kalian dalam Kemah Hadirat Allah. Aku akan memberi perintah kepadanya.” Maka, pergilah Musa dan Yusak, lalu berdiri dalam Kemah Hadirat Allah.",
Ulangan,31,15,Ulangan 31:15,فَتَرَاءَى ٱلرَّبُّ فِي ٱلْخَيْمَةِ فِي عَمُودِ سَحَابٍ، وَوَقَفَ عَمُودُ ٱلسَّحَابِ عَلَى بَابِ ٱلْخَيْمَةِ.,TUHAN menampakkan diri di tenda itu dalam tiang awan. Tiang awan itu berdiri di pintu tenda.,"Kemudian, ALLAH menampakkan diri di Kemah itu dalam tiang awan, dan tiang awan itu berdiri di pintu Kemah.",
Ulangan,31,16,Ulangan 31:16,وَقَالَ ٱلرَّبُّ لِمُوسَى: «هَا أَنْتَ تَرْقُدُ مَعَ آبَائِكَ، فَيَقُومُ هَذَا ٱلشَّعْبُ وَيَفْجُرُ وَرَاءَ آلِهَةِ ٱلْأَجْنَبِيِّينَ فِي ٱلْأَرْضِ ٱلَّتِي هُوَ دَاخِلٌ إِلَيْهَا فِي مَا بَيْنَهُمْ، وَيَتْرُكُنِي وَيَنْكُثُ عَهْدِي ٱلَّذِي قَطَعْتُهُ مَعَهُ.,"TUHAN berfirman kepada Musa, “Sesungguhnya, kamu akan terbaring bersama dengan nenek moyangmu. Umat ini akan bangkit dan berzina dengan ilah-ilah lain yang ada di negeri itu. Mereka akan meninggalkan-Ku dan mengingkari perjanjian yang telah Aku buat dengan mereka.","Firman ALLAH kepada Musa, “Ketahuilah, engkau akan dibaringkan bersama nenek moyangmu. Setelah itu, bangsa ini akan segera berbuat kafir dengan mengikuti dewa-dewa bangsa asing di negeri yang akan mereka masuki. Mereka akan meninggalkan Aku dan mengingkari perjanjian-Ku yang Kuikat dengan mereka.",
Ulangan,31,17,Ulangan 31:17,فَيَشْتَعِلُ غَضَبِي عَلَيْهِ فِي ذَلِكَ ٱلْيَوْمِ، وَأَتْرُكُهُ وَأَحْجُبُ وَجْهِي عَنْهُ، فَيَكُونُ مَأْكُلَةً، وَتُصِيبُهُ شُرُورٌ كَثِيرَةٌ وَشَدَائِدُ حَتَّى يَقُولَ فِي ذَلِكَ ٱلْيَوْمِ: أَمَا لِأَنَّ إِلَهِي لَيْسَ فِي وَسَطِي أَصَابَتْنِي هَذِهِ ٱلشُّرُورُ!,"Pada saat itu, murka-Ku akan menyala-nyala kepada mereka. Aku akan membiarkan mereka dan menyembunyikan wajah-Ku dari mereka sehingga mereka akan dimakan habis dan akan mendapatkan malapetaka dan mengalami banyak kesusahan. Kemudian, mereka akan berkata, ‘Apakah hal-hal yang buruk terjadi pada kita karena Allah tidak bersama kita?’","Pada waktu itu murka-Ku akan menyala-nyala atas mereka. Aku akan meninggalkan mereka dan menyembunyikan hadirat-Ku dari mereka. Mereka akan dimakan habis dan ditimpa banyak malapetaka serta kesesakan. Pada waktu itu mereka akan berkata, ‘Bukankah malapetaka ini menimpa kita sebab Tuhan kita tidak lagi hadir di tengah-tengah kita?’",
Ulangan,31,18,Ulangan 31:18,وَأَنَا أَحْجُبُ وَجْهِي فِي ذَلِكَ ٱلْيَوْمِ لِأَجْلِ جَمِيعِ ٱلشَّرِّ ٱلَّذِي عَمِلَهُ، إِذِ ٱلْتَفَتَ إِلَى آلِهَةٍ أُخْرَى.,"Namun, Aku akan tetap menyembunyikan wajah-Ku pada hari itu karena segala kejahatan yang mereka lakukan dengan berpaling kepada ilah-ilah lain.","Pada waktu itu Aku akan menyembunyikan hadirat-Ku sama sekali karena segala kejahatan yang mereka lakukan, yaitu karena mereka berpaling kepada ilah-ilah lain.",
Ulangan,31,19,Ulangan 31:19,فَٱلْآنَ ٱكْتُبُوا لِأَنْفُسِكُمْ هَذَا ٱلنَّشِيدَ، وَعَلِّمْ بَنِي إِسْرَائِيلَ إِيَّاهُ. ضَعْهُ فِي أَفْوَاهِهِمْ لِكَيْ يَكُونَ لِي هَذَا ٱلنَّشِيدُ شَاهِدًا عَلَى بَنِي إِسْرَائِيلَ.,"Sekarang, tuliskanlah nyanyian ini bagimu dan ajarkan kepada anak-anak Israel. Taruhlah ini dalam mulutnya, sehingga nyanyian ini akan menjadi saksi-Ku bagi anak-anak Israel.","Sekarang, tuliskanlah nyanyian ini dan ajarkanlah kepada bani Israil. Kemudian, latihlah mereka supaya nyanyian ini menjadi saksi bagi-Ku terhadap bani Israil,",
Ulangan,31,20,Ulangan 31:20,لِأَنِّي أُدْخِلُهُمُ ٱلْأَرْضَ ٱلَّتِي أَقْسَمْتُ لِآبَائِهِمِ، ٱلْفَائِضَةَ لَبَنًا وَعَسَلًا، فَيَأْكُلُونَ وَيَشْبَعُونَ وَيَسْمَنُونَ، ثُمَّ يَلْتَفِتُونَ إِلَى آلِهَةٍ أُخْرَى وَيَعْبُدُونَهَا وَيَزْدَرُونَ بِي وَيَنْكُثُونَ عَهْدِي.,"Karena ketika Aku membawa mereka ke tanah yang melimpah akan susu dan madunya, yang telah Kujanjikan dengan sumpah kepada nenek moyangnya, mereka akan makan dan kenyang serta menjadi makmur. Kemudian, mereka berpaling kepada ilah-ilah lain dan beribadah kepadanya sehingga menghina-Ku dan mengingkari perjanjian-Ku.","bahwa setelah Aku membawa mereka masuk ke tanah yang Kujanjikan dengan bersumpah kepada nenek moyang mereka, yaitu tanah yang berlimpah susu dan madu, dan setelah mereka makan sampai kenyang, lalu menjadi gemuk, mereka berpaling kepada ilah-ilah lain dan beribadah kepada ilah-ilah itu. Mereka menista Aku dan mengingkari perjanjian-Ku.",
Ulangan,31,21,Ulangan 31:21,فَمَتَى أَصَابَتْهُ شُرُورٌ كَثِيرَةٌ وَشَدَائِدُ، يُجَاوِبُ هَذَا ٱلنَّشِيدُ أَمَامَهُ شَاهِدًا، لِأَنَّهُ لَا يُنْسَى مِنْ أَفْوَاهِ نَسْلِهِ. إِنِّي عَرَفْتُ فِكْرَهُ ٱلَّذِي يَفْكِرُ بِهِ ٱلْيَوْمَ قَبْلَ أَنْ أُدْخِلَهُ إِلَى ٱلْأَرْضِ كَمَا أَقْسَمْتُ».,"Kemudian, terjadilah banyak malapetaka dan kesusahan yang menimpa mereka maka nyanyian ini akan menjadi saksi bagi mereka sebab nyanyian ini tidak akan hilang dari mulut keturunan mereka. Sebab, Aku mengetahui pikiran mereka yang sedang mereka rencanakan hari ini, sebelum Aku membawanya ke dalam negeri yang telah Kujanjikan dengan sumpah.”","Jadi, apabila banyak malapetaka dan kesesakan menimpa mereka, nyanyian ini akan menjadi saksi di hadapan mereka karena nyanyian ini tidak akan dilupakan oleh keturunan mereka. Sesungguhnya, sebelum Aku membawa mereka masuk ke negeri yang Kujanjikan dengan bersumpah itu, sudah Kuketahui niat yang mereka rancangkan pada hari ini.”",
Ulangan,31,22,Ulangan 31:22,فَكَتَبَ مُوسَى هَذَا ٱلنَّشِيدَ فِي ذَلِكَ ٱلْيَوْمِ وَعَلَّمَ بَنِي إِسْرَائِيلَ إِيَّاهُ.,"Jadi pada hari yang sama, Musa menuliskan nyanyian itu dan mengajarkannya kepada anak-anak Israel.","Pada hari itu juga Musa menuliskan nyanyian ini, lalu mengajarkannya kepada bani Israil.",
Ulangan,31,23,Ulangan 31:23,وَأَوْصَى يَشُوعَ بْنَ نُونَ وَقَالَ: «تَشَدَّدْ وَتَشَجَّعْ، لِأَنَّكَ أَنْتَ تَدْخُلُ بِبَنِي إِسْرَائِيلَ ٱلْأَرْضَ ٱلَّتِي أَقْسَمْتُ لَهُمْ عَنْهَا، وَأَنَا أَكُونُ مَعَكَ».,"Kemudian, Tuhan memerintahkan kepada Yosua, anak Nun, dan berfirman, “Kuatkanlah dan teguhkanlah hatimu. Kamu akan memimpin orang Israel memasuki negeri yang Kujanjikan kepada mereka, dan Aku akan menyertaimu.”","Kemudian, Allah memberi perintah kepada Yusak bin Nun demikian, “Kuatkanlah dan mantapkanlah hatimu karena engkau akan membawa bani Israil ke negeri yang Kujanjikan dengan bersumpah kepada mereka. Aku akan menyertai engkau.”",
Ulangan,31,24,Ulangan 31:24,فَعِنْدَمَا كَمَّلَ مُوسَى كِتَابَةَ كَلِمَاتِ هَذِهِ ٱلتَّوْرَاةِ فِي كِتَابٍ إِلَى تَمَامِهَا،,"Hal ini terjadi ketika Musa selesai menulis perkataan Taurat ini ke dalam sebuah buku dengan lengkap sampai selesai,","Setelah Musa selesai menuliskan perkataan hukum Taurat ini sampai akhir dalam sebuah kitab,",
Ulangan,31,25,Ulangan 31:25,أَمَرَ مُوسَى ٱللَّاوِيِّينَ حَامِلِي تَابُوتِ عَهْدِ ٱلرَّبِّ قَائِلًا:,"Musa memerintahkan kepada orang Lewi yang mengusung Tabut Perjanjian TUHAN, dengan berkata,","Musa memberi perintah kepada orang Lewi yang mengusung tabut perjanjian ALLAH,",
Ulangan,31,26,Ulangan 31:26,«خُذُوا كِتَابَ ٱلتَّوْرَاةِ هَذَا وَضَعُوهُ بِجَانِبِ تَابُوتِ عَهْدِ ٱلرَّبِّ إِلَهِكُمْ، لِيَكُونَ هُنَاكَ شَاهِدًا عَلَيْكُمْ.,"“Ambillah Kitab Taurat ini dan letakkanlah di samping Tabut Perjanjian TUHAN, Allahmu. Kitab itu akan menjadi saksi bagimu.","“Ambillah Kitab Suci Taurat ini dan letakkanlah di samping tabut perjanjian ALLAH, Tuhanmu. Kitab itu akan ada di situ sebagai saksi terhadap engkau",
Ulangan,31,27,Ulangan 31:27,لِأَنِّي أَنَا عَارِفٌ تَمَرُّدَكُمْ وَرِقَابَكُمُ ٱلصُّلْبَةَ. هُوَذَا وَأَنَا بَعْدُ حَيٌّ مَعَكُمُ ٱلْيَوْمَ، قَدْ صِرْتُمْ تُقَاوِمُونَ ٱلرَّبَّ، فَكَمْ بِٱلْحَرِيِّ بَعْدَ مَوْتِي!,"Sebab aku tahu pemberontakanmu dan kedegilanmu. Sesungguhnya, selama aku masih hidup denganmu sampai hari ini, kamu sudah memberontak terhadap TUHAN. Lebih lagi, bagaimana nanti ketika aku sudah mati?","karena aku tahu betapa durhaka dan keras kepalanya engkau ini. Sekarang saja, selagi aku masih hidup bersama kamu, kamu telah sedemikian mendurhaka terhadap ALLAH. Apalagi nanti, setelah kematianku.",
Ulangan,31,28,Ulangan 31:28,اِجْمَعُوا إِلَيَّ كُلَّ شُيُوخِ أَسْبَاطِكُمْ وَعُرَفَاءَكُمْ لِأَنْطِقَ فِي مَسَامِعِهِمْ بِهَذِهِ ٱلْكَلِمَاتِ، وَأُشْهِدَ عَلَيْهِمِ ٱلسَّمَاءَ وَٱلْأَرْضَ.,Kumpulkanlah para tua-tua dan para pemimpin suku dari sukumu dan para petugasmu. Aku akan mengatakan perkataan ini ke telinga mereka dan memanggil langit dan bumi agar menjadi saksi terhadap mereka.,Suruhlah semua tua-tua sukumu dan para pengatur pasukanmu berkumpul di depanku. Aku akan menyampaikan perkataan-perkataan ini kepada mereka serta memanggil langit dan bumi untuk menjadi saksi terhadap mereka,
Ulangan,31,29,Ulangan 31:29,لِأَنِّي عَارِفٌ أَنَّكُمْ بَعْدَ مَوْتِي تَفْسِدُونَ وَتَزِيغُونَ عَنِ ٱلطَّرِيقِ ٱلَّذِي أَوْصَيْتُكُمْ بِهِ، وَيُصِيبُكُمُ ٱلشَّرُّ فِي آخِرِ ٱلْأَيَّامِ لِأَنَّكُمْ تَعْمَلُونَ ٱلشَّرَّ أَمَامَ ٱلرَّبِّ حَتَّى تُغِيظُوهُ بِأَعْمَالِ أَيْدِيكُمْ».,"Sebab, aku tahu bahwa setelah aku mati kamu akan berperilaku sangat busuk dan menyimpang dari jalan yang telah aku perintahkan kepadamu dan kejahatan akan menimpamu pada kemudian hari. Kamu akan melakukan hal yang jahat di mata TUHAN, membuat-Nya marah karena pekerjaan tanganmu.”","karena aku tahu bahwa setelah aku mati, kamu akan berlaku sangat busuk dan menyimpang dari jalan yang kuperintahkan kepadamu. Di kemudian hari malapetaka akan menimpamu sebab kamu akan melakukan apa yang jahat dalam pandangan ALLAH dan membangkitkan murka-Nya dengan perbuatan tanganmu.”",
Ulangan,31,30,Ulangan 31:30,فَنَطَقَ مُوسَى فِي مَسَامِعِ كُلِّ جَمَاعَةِ إِسْرَائِيلَ بِكَلِمَاتِ هَذَا ٱلنَّشِيدِ إِلَى تَمَامِهِ:,"Kemudian, Musa menyampaikan nyanyian ini kepada telinga semua orang Israel sampai kata-kata yang terakhir.","Kemudian, Musa memperdengarkan perkataan nyanyian ini sampai selesai kepada seluruh jemaah Israil.",
Ulangan,32,1,Ulangan 32:1,«اِنْصِتِي أَيَّتُهَا ٱلسَّمَاوَاتُ فَأَتَكَلَّمَ، وَلْتَسْمَعِ ٱلْأَرْضُ أَقْوَالَ فَمِي.,"“Berilah telinga, hai langit, aku akan berbicara, dan bumi, dengarkanlah ucapan mulutku.","“Perhatikanlah, hai langit, aku hendak berkata-kata. Dengarlah, hai bumi, ucapan mulutku.",
Ulangan,32,2,Ulangan 32:2,يَهْطِلُ كَٱلْمَطَرِ تَعْلِيمِي، وَيَقْطُرُ كَٱلنَّدَى كَلَامِي. كَٱلطَّلِّ عَلَى ٱلْكَلاءِ، وَكَالْوَابِلِ عَلَى ٱلْعُشْبِ.,"Biarkanlah ajaranku turun bagaikan hujan, ucapanku akan mengalir bagaikan embun, bagaikan hujan rintik yang jatuh ke atas tunas, bagaikan hujan jatuh ke atas tumbuhan.","Biarlah pengajaranku menitik bagai hujan dan perkataanku menetes bagai embun, bagai hujan rintik-rintik ke atas rumput muda, bagai hujan lebat ke atas tumbuh-tumbuhan.",
Ulangan,32,3,Ulangan 32:3,إِنِّي بِٱسْمِ ٱلرَّبِّ أُنَادِي. أَعْطُوا عَظَمَةً لِإِلَهِنَا.,"Aku akan memberitakan nama TUHAN, pujilah kebesaran Allah kita!",Aku hendak memasyhurkan nama ALLAH. Nyatakanlah keagungan Tuhan kita!,
Ulangan,32,4,Ulangan 32:4,هُوَ ٱلصَّخْرُ ٱلْكَامِلُ صَنِيعُهُ. إِنَّ جَمِيعَ سُبُلِهِ عَدْلٌ. إِلَهُ أَمَانَةٍ لَا جَوْرَ فِيهِ. صِدِّيقٌ وَعَادِلٌ هُوَ.,"Dialah gunung batu, karya-Nya sempurna! Karena adil segala jalan-Nya, Allah yang setia dan tanpa ketidakadilan. Dia adil dan benar.","Gunung Batu yang sempurna pekerjaan-Nya karena adil segala jalan-Nya. Tuhan yang setia, tanpa kecurangan. Ia adil dan benar.",
Ulangan,32,5,Ulangan 32:5,«أَفْسَدَ لَهُ ٱلَّذِينَ لَيْسُوا أَوْلَادَهُ عَيْبُهُمْ، جِيلٌ أَعْوَجُ مُلْتوٍ.,"Mereka telah bertindak busuk kepada-Nya. Mereka bukanlah anak-anak-Nya, itulah kecacatan mereka. Sebuah generasi yang jahat dan bengkok.","Mereka berlaku busuk terhadap Dia. Karena noda mereka, mereka bukan lagi anak-anak-Nya, suatu generasi yang bengkok dan belat-belit.",
Ulangan,32,6,Ulangan 32:6,أَلرَّبَّ تُكَافِئُونَ بِهَذَا يَا شَعْبًا غَبِيًّا غَيْرَ حَكِيمٍ؟ أَلَيْسَ هُوَ أَبَاكَ وَمُقْتَنِيَكَ، هُوَ عَمِلَكَ وَأَنْشَأَكَ؟,"Beginikah caramu membalas kepada TUHAN, hai bangsa yang bodoh dan tidak bijak? Bukankah Dia adalah Bapamu yang menebusmu? Dia yang menciptakanmu dan mengukuhkanmu.","Begitukah balasanmu terhadap ALLAH, hai bangsa yang bodoh dan tidak bijak? Bukankah Ia Bapamu yang menebus engkau, yang menjadikan dan mengokohkan engkau?",
Ulangan,32,7,Ulangan 32:7,اُذْكُرْ أَيَّامَ ٱلْقِدَمِ، وَتَأَمَّلُوا سِنِي دَوْرٍ فَدَوْرٍ. اِسْأَلْ أَبَاكَ فَيُخْبِرَكَ، وَشُيُوخَكَ فَيَقُولُوا لَكَ.,Ingatlah waktu-waktu dahulu. Perhatikanlah tahun-tahun generasi sebelumnya. Tanyakanlah kepada ayahmu maka dia akan memberitahumu. Kepada para tua-tuamu maka mereka akan mengatakannya kepadamu.,"Ingatlah zaman dahulu, perhatikanlah tahun-tahun angkatan yang lalu. Tanyakanlah kepada ayahmu maka ia akan memberitahukannya kepadamu; kepada para tua-tuamu maka mereka akan mengatakannya kepadamu.",
Ulangan,32,8,Ulangan 32:8,«حِينَ قَسَمَ ٱلْعَلِيُّ لِلْأُمَمِ، حِينَ فَرَّقَ بَنِي آدَمَ، نَصَبَ تُخُومًا لِشُعُوبٍ حَسَبَ عَدَدِ بَنِي إِسْرَائِيلَ.,"Ketika Yang Maha Tinggi memberikan bangsa-bangsa tanah pusaka, ketika Dia memisahkan anak-anak manusia, Dia menetapkan batas sesuai dengan jumlah anak-anak Israel.","Ketika Yang Mahatinggi membagi-bagikan milik pusaka kepada bangsa-bangsa, ketika Ia memisah-misahkan bani Adam, Ia menetapkan daerah bangsa-bangsa menurut jumlah bani Israil.",
Ulangan,32,9,Ulangan 32:9,إِنَّ قِسْمَ ٱلرَّبِّ هُوَ شَعْبُهُ. يَعْقُوبُ حَبْلُ نَصِيبِهِ.,"Karena bagian TUHAN adalah umat-Nya, Yakub adalah bagian dari milik pusaka-Nya.","Tetapi, bagian ALLAH adalah umat-Nya, Yakub adalah bagian milik pusaka-Nya.",
Ulangan,32,10,Ulangan 32:10,وَجَدَهُ فِي أَرْضِ قَفْرٍ، وَفِي خَلَاءٍ مُسْتَوْحِشٍ خَرِبٍ. أَحَاطَ بِهِ وَلَاحَظَهُ وَصَانَهُ كَحَدَقَةِ عَيْنِهِ.,"Dia mendapatinya di padang belantara, di tanah yang tandus dan auman padang belantara. Dia mengelilingi mereka dan menjaga mereka. Dia melindunginya seperti biji mata-Nya.","Didapati-Nya dia di daerah padang belantara, di gurun yang tandus, tempat binatang mengaum. Dikelilingi-Nya dia, diperhatikan-Nya, dan dijaga-Nya seperti apa yang disayangi-Nya.",
Ulangan,32,11,Ulangan 32:11,كَمَا يُحَرِّكُ ٱلنَّسْرُ عُشَّهُ وَعَلَى فِرَاخِهِ يَرِفُّ، وَيَبْسُطُ جَنَاحَيْهِ وَيَأْخُذُهَا وَيَحْمِلُهَا عَلَى مَنَاكِبِهِ،,"Bagaikan burung rajawali mengguncang-guncangkan sarangnya, melayang-layang di atas anaknya, Dia merentangkan sayapnya untuk menangkap mereka, serta membawanya di atas kepakannya.","Bagai rajawali mengguncang-guncangkan sarangnya, melayang-layang di atas anak-anaknya, mengembangkan sayapnya, mengambil mereka, dan membawa mereka di atas sayapnya,",
Ulangan,32,12,Ulangan 32:12,هَكَذَا ٱلرَّبُّ وَحْدَهُ ٱقْتَادَهُ وَلَيْسَ مَعَهُ إِلَهٌ أَجْنَبِيٌّ.,TUHAN sendiri yang menuntun umat-Nya dan tidak ada ilah asing yang menyertainya.,demikianlah ALLAH sendiri menuntun dia dan tidak ada ilah asing menyertai dia.,
Ulangan,32,13,Ulangan 32:13,أَرْكَبَهُ عَلَى مُرْتَفَعَاتِ ٱلْأَرْضِ فَأَكَلَ ثِمَارَ ٱلصَّحْرَاءِ، وَأَرْضَعَهُ عَسَلًا مِنْ حَجَرٍ، وَزَيْتًا مِنْ صَوَّانِ ٱلصَّخْرِ،,"Dibuat-Nya dia menunggangi tempat tinggi di bumi, dan memakan hasil dari ladang. Dia membuatnya mengisap madu dari gunung batu dan minyak dari batu yang keras.","Dibuat-Nya dia menunggangi tempat-tempat tinggi di bumi sehingga ia menikmati hasil ladang. Dibuat-Nya dia mengisap madu dari bukit batu, dan minyak dari gunung batu yang keras,",
Ulangan,32,14,Ulangan 32:14,وَزُبْدَةَ بَقَرٍ وَلَبَنَ غَنَمٍ، مَعَ شَحْمِ خِرَافٍ وَكِبَاشٍ أَوْلَادِ بَاشَانَ، وَتُيُوسٍ مَعَ دَسَمِ لُبِّ ٱلْحِنْطَةِ، وَدَمَ ٱلْعِنَبِ شَرِبْتَهُ خَمْرًا.,"Dadih sapi, dan susu kambing domba, dengan lemak dari anak-anak domba dan domba jantan, yang berkembang biak di Basan dengan gandum yang terbaik. Dan, air buah anggur yang kamu minum.","dadih dari kawanan sapi dan susu dari kawanan kambing domba, dengan lemak anak-anak domba; domba-domba jantan muda dari Basan dan kambing-kambing jantan, dengan gandum yang terbaik; juga dari buah anggur yang diperas kauminum air anggur.",
Ulangan,32,15,Ulangan 32:15,«فَسَمِنَ يَشُورُونَ وَرَفَسَ. سَمِنْتَ وَغَلُظْتَ وَٱكْتَسَيْتَ شَحْمًا! فَرَفَضَ ٱلْإِلَهَ ٱلَّذِي عَمِلَهُ، وَغَبِيَ عَنْ صَخْرَةِ خَلَاصِهِ.,"Namun, Yesyurun menjadi gemuk dan menendang ke belakang. Kamu akan menjadi gemuk, besar, dan tambun. Lalu, dia meninggalkan Allah yang menciptakannya! Dan, mencemooh gunung batu keselamatanmu.","Yesyurun menjadi gemuk dan menendang ke belakang. Engkau menjadi gemuk, besar, dan tambun! Ia meninggalkan Allah yang telah menjadikannya dan menghina Gunung Batu sumber keselamatannya.",
Ulangan,32,16,Ulangan 32:16,أَغَارُوهُ بِٱلْأَجَانِبِ، وَأَغَاظُوهُ بِٱلْأَرْجَاسِ.,Mereka membuat-Nya cemburu dengan menyembah ilah-ilah lain. Mereka membuat-Nya murka dengan ilah-ilah kekejian.,"Mereka menggusarkan Dia dengan ilah-ilah asing, mereka membangkitkan murka-Nya dengan dewa-dewa kekejian.",
Ulangan,32,17,Ulangan 32:17,ذَبَحُوا لِأَوْثَانٍ لَيْسَتِ ٱللهَ. لِآلِهَةٍ لَمْ يَعْرِفُوهَا، أَحْدَاثٍ قَدْ جَاءَتْ مِنْ قَرِيبٍ لَمْ يَرْهَبْهَا آبَاؤُكُمْ.,"Mereka memberikan persembahan kepada setan, yang bukan Allah, untuk ilah yang sebelumnya tidak dikenal, ilah-ilah yang baru datang, yang tidak ditakuti oleh nenek moyangmu.","Mereka mempersembahkan kurban kepada setan-setan, bukan Tuhan; kepada dewa-dewa yang tidak mereka kenal, dewa-dewa baru yang belum lama muncul, yang tak ditakuti oleh nenek moyangmu.",
Ulangan,32,18,Ulangan 32:18,ٱلصَّخْرُ ٱلَّذِي وَلَدَكَ تَرَكْتَهُ، وَنَسِيتَ ٱللهَ ٱلَّذِي أَبْدَأَكَ.,Kamu mengabaikan Gunung Batu yang menciptakanmu; kamu melupakan Allah yang telah menjadikanmu.,"Engkau mengabaikan Gunung Batu yang menciptakanmu, dan engkau melupakan Allah yang menjadikanmu.",
Ulangan,32,19,Ulangan 32:19,«فَرَأَى ٱلرَّبُّ وَرَذَلَ مِنَ ٱلْغَيْظِ بَنِيهِ وَبَنَاتِهِ.,"TUHAN melihat hal ini dan menolak mereka karena anak-anak-Nya, laki-laki dan perempuan yang telah membuat-Nya murka.","ALLAH melihat hal itu dan menolak mereka sebab murka-Nya telah dibangkitkan oleh anak-anak-Nya, baik lelaki maupun perempuan.",
Ulangan,32,20,Ulangan 32:20,وَقَالَ: أَحْجُبُ وَجْهِي عَنْهُمْ، وَأَنْظُرُ مَاذَا تَكُونُ آخِرَتُهُمْ. إِنَّهُمْ جِيلٌ مُتَقَلِّبٌ، أَوْلَادٌ لَا أَمَانَةَ فِيهِمْ.,"Kemudian, Dia berfirman, ‘Aku akan menyembunyikan wajah-Ku dari mereka, Aku akan melihat apa yang terjadi pada mereka sampai akhirnya, sebab mereka adalah generasi yang jahat. Anak-anak yang tidak memiliki kesetiaan.","Firman-Nya, ‘Aku akan menyembunyikan hadirat-Ku dari mereka. Aku akan melihat bagaimana kesudahan mereka karena mereka itu angkatan yang serong, anak-anak yang tidak setia.",
Ulangan,32,21,Ulangan 32:21,هُمْ أَغَارُونِي بِمَا لَيْسَ إِلَهًا، أَغَاظُونِي بِأَبَاطِيلِهِمْ. فَأَنَا أُغِيرُهُمْ بِمَا لَيْسَ شَعْبًا، بِأُمَّةٍ غَبِيَّةٍ أُغِيظُهُمْ.,"Mereka telah membangkitkan cemburu-Ku dengan yang bukan Allah. Mereka membuat-Ku murka dengan berhala mereka. Jadi, Aku akan membuat mereka cemburu dengan yang bukan umat. Aku akan membuat mereka marah dengan bangsa bodoh.","Mereka menggusarkan Aku karena menduakan Aku dengan yang bukan Tuhan, mereka membangkitkan murka-Ku dengan berhala mereka. Sebab itu, Aku akan menggusarkan mereka dengan yang bukan umat, Aku akan membangkitkan amarah mereka dengan bangsa yang bodoh.",
Ulangan,32,22,Ulangan 32:22,إِنَّهُ قَدِ ٱشْتَعَلَتْ نَارٌ بِغَضَبِي فَتَتَّقِدُ إِلَى ٱلْهَاوِيَةِ ٱلسُّفْلَى، وَتَأْكُلُ ٱلْأَرْضَ وَغَلَّتَهَا، وَتُحْرِقُ أُسُسَ ٱلْجِبَالِ.,"Karena api telah menyala dalam murka-Ku, dan membakar sampai ke tempat terendah dunia orang mati, dan memakan bumi beserta isinya, dan membakar dasar gunung-gunung.","Dalam murka-Ku api tersulut, menyala-nyala sampai ke alam kubur yang terbawah. Bumi dan hasilnya dilalapnya, dan dasar-dasar gunung dihanguskannya.",
Ulangan,32,23,Ulangan 32:23,أَجْمَعُ عَلَيْهِمْ شُرُورًا، وَأُنْفِذُ سِهَامِي فِيهِمْ،,"Aku akan menimbun malapetaka bagi mereka, Aku akan menggunakan panah-Ku kepada mereka.","Aku akan menimbun malapetaka atas mereka, anak-anak panah-Ku akan Kuhabiskan melawan mereka.",
Ulangan,32,24,Ulangan 32:24,إِذْ هُمْ خَاوُونَ مِنْ جُوعٍ، وَمَنْهُوكُونَ مِنْ حُمَّى وَدَاءٍ سَامٍّ، أُرْسِلُ فِيهِمْ أَنْيَابَ ٱلْوُحُوشِ مَعَ حُمَةِ زَوَاحِفِ ٱلْأَرْضِ.,Mereka akan lemas karena kelaparan dan digerogoti oleh demam dan wabah yang menyakitkan. Aku akan mengirim mereka ke dalam taring binatang serta binatang melata yang berbisa di tanah.,"Mereka akan lemas karena kelaparan, digerogoti oleh demam dan wabah yang dahsyat. Aku akan melepas binatang buas yang bertaring kepada mereka serta binatang melata yang berbisa di tanah.",
Ulangan,32,25,Ulangan 32:25,مِنْ خَارِجٍ ٱلسَّيْفُ يُثْكِلُ، وَمِنْ دَاخِلِ ٱلْخُدُورِ ٱلرُّعْبَةُ. ٱلْفَتَى مَعَ ٱلْفَتَاةِ وَٱلرَّضِيعُ مَعَ ٱلْأَشْيَبِ.,"Di luar, pedang akan membinasakan. Di dalam, akan ada kengerian yang menimpa pemuda maupun anak dara, bayi dan orang yang lanjut usia.","Pedang di luar rumah dan kengerian di dalam kamar, akan menggugurkan, baik pemuda maupun anak dara, anak menyusu, serta orang beruban.",
Ulangan,32,26,Ulangan 32:26,قُلْتُ: أُبَدِّدُهُمْ إِلَى ٱلزَّوَايَا، وَأُبَطِّلُ مِنَ ٱلنَّاسِ ذِكْرَهُمْ.,"Aku akan berfirman, ‘Aku akan memotong-motong mereka. Aku akan melupakan mereka dari antara manusia.’","Seharusnya Aku berfirman, “Aku akan menyerakkan mereka. Aku akan melenyapkan kenangan tentang mereka dari antara manusia.”",
Ulangan,32,27,Ulangan 32:27,لَوْ لَمْ أَخَفْ مِنْ إِغَاظَةِ ٱلْعَدُوِّ، مِنْ أَنْ يُنْكِرَ أَضْدَادُهُمْ، مِنْ أَنْ يَقُولُوا: يَدُنَا ٱرْتَفَعَتْ وَلَيْسَ ٱلرَّبُّ فَعَلَ كُلَّ هَذِهِ.,"Namun, Aku khawatir dengan yang dikatakan oleh musuh. Mereka akan salah mengerti dan akan menjadi sombong serta berkata, ‘Tangan kami yang memberi kemenangan, dan TUHAN tidak melakukan semua ini.’","Tetapi, Aku mengkhawatirkan celaan musuh. Jangan-jangan lawan-lawan mereka salah mengerti, jangan-jangan mereka berkata, “Kami kuat dan hebat! Bukan ALLAH yang mengerjakan semua ini.”’",
Ulangan,32,28,Ulangan 32:28,«إِنَّهُمْ أُمَّةٌ عَدِيمَةُ ٱلرَّأْيِ وَلَا بَصِيرَةَ فِيهِمْ.,"Sebab, mereka adalah bangsa yang kurang bijak dan tidak memiliki pemahaman di antara mereka.","Mereka adalah bangsa yang kehilangan pertimbangan, pada mereka tidak ada pengertian.",
Ulangan,32,29,Ulangan 32:29,لَوْ عَقَلُوا لَفَطِنُوا بِهَذِهِ وَتَأَمَّلُوا آخِرَتَهُمْ.,"Apabila mereka bijaksana, mereka akan mengerti. Mereka akan mengetahui apa yang akan terjadi kepada mereka.","Kalau saja mereka bijak, mereka akan mengerti hal ini dan akan memahami kesudahannya.",
Ulangan,32,30,Ulangan 32:30,كَيْفَ يَطْرُدُ وَاحِدٌ أَلْفًا، وَيَهْزِمُ ٱثْنَانِ رَبْوَةً، لَوْلَا أَنَّ صَخْرَهُمْ بَاعَهُمْ وَٱلرَّبَّ سَلَّمَهُمْ؟,"Bagaimana mungkin satu orang mengusir seribu orang dan dua orang mengejar sepuluh ribu orang, bila bukan karena Gunung Batu menjual mereka, dan TUHAN telah menyerahkan mereka?","Bagaimana mungkin satu orang dapat mengejar seribu orang, atau dua orang dapat membuat lari sepuluh ribu orang, kalau mereka tidak dijual oleh gunung batu mereka? ALLAH telah menyerahkan mereka!",
Ulangan,32,31,Ulangan 32:31,لِأَنَّهُ لَيْسَ كَصَخْرِنَا صَخْرُهُمْ، وَلَوْ كَانَ أَعْدَاؤُنَا ٱلْقُضَاةَ.,"Gunung batu mereka tidak kuat seperti Gunung Batu kita, bahkan musuh kita juga sudah menilainya.","Gunung Batu orang-orang itu tidak seperti gunung batu kita, musuh kita pun dapat menilainya.",
Ulangan,32,32,Ulangan 32:32,لِأَنَّ مِنْ جَفْنَةِ سَدُومَ جَفْنَتَهُمْ، وَمِنْ كُرُومِ عَمُورَةَ. عِنَبُهُمْ عِنَبُ سَمٍّ، وَلَهُمْ عَنَاقِيدُ مَرَارَةٍ.,"Karena pohon anggur mereka berasal dari pohon anggur Sodom, dan dari ladang-ladang Gomora. Buah anggur mereka adalah buah anggur beracun, tangkai-tangkainya pun pahit.","Sesungguhnya, pohon anggur mereka berasal dari pohon anggur Sodom dan dari ladang-ladang Gomora. Buah anggur mereka adalah buah anggur beracun, tandan-tandannya pun pahit.",
Ulangan,32,33,Ulangan 32:33,خَمْرُهُمْ حُمَةُ ٱلثَّعَابِينِ وَسَمُّ ٱلْأَصْلَالِ ٱلْقَاتِلُ.,"Air anggur mereka adalah bisa ular, bisa ular tedung yang mematikan.","Anggur mereka adalah bisa ular, racun ular sendok yang ganas.",
Ulangan,32,34,Ulangan 32:34,«أَلَيْسَ ذَلِكَ مَكْنُوزًا عِنْدِي، مَخْتُومًا عَلَيْهِ فِي خَزَائِنِي؟,"‘Bukankah itu tersimpan pada-Ku, termeterai dalam perbendaharaan-Ku?","‘Bukankah hal itu tersimpan pada-Ku, termeterai dalam perbendaharaan-Ku?",
Ulangan,32,35,Ulangan 32:35,لِيَ ٱلنَّقْمَةُ وَٱلْجَزَاءُ. فِي وَقْتٍ تَزِلُّ أَقْدَامُهُمْ. إِنَّ يَوْمَ هَلَاكِهِمْ قَرِيبٌ وَٱلْمُهَيَّآتُ لَهُمْ مُسْرِعَةٌ.,"Pembalasan dan dendam adalah hak-Ku. Pada waktunya, kaki mereka akan tergelincir. Sebab, hari malapetaka mereka sudah dekat dan perkara-perkara yang disiapkan segera datang bagi mereka.’",Akulah yang berhak membalas dan mengganjar. Pada waktunya kaki mereka akan goyah karena hari celaka sudah dekat dan hal-hal yang sudah disiapkan bagi mereka akan segera datang.’,
Ulangan,32,36,Ulangan 32:36,لِأَنَّ ٱلرَّبَّ يَدِينُ شَعْبَهُ، وَعَلَى عَبِيدِهِ يُشْفِقُ. حِينَ يَرَى أَنَّ ٱلْيَدَ قَدْ مَضَتْ، وَلَمْ يَبْقَ مَحْجُوزٌ وَلَا مُطْلَقٌ،,"Namun, TUHAN akan membela umat-Nya dan menyayangi hamba-Nya. Ketika Dia melihat bahwa kekuatan mereka hilang, dan tidak ada yang tersisa, baik hamba maupun yang bebas.","ALLAH akan membela perkara umat-Nya dan berbelaskasihan kepada hamba-hamba-Nya apabila dilihat-Nya kekuatan mereka lenyap dan tidak ada yang tersisa, baik orang kurungan maupun orang merdeka.",
Ulangan,32,37,Ulangan 32:37,يَقُولُ: أَيْنَ آلِهَتُهُمُ، ٱلصَّخْرَةُ ٱلَّتِي ٱلْتَجَأُوا إِلَيْهَا،,"Kemudian, Dia berkata, ‘Di manakah ilah-ilah mereka dan gunung batu tempat mereka berlindung?","Ia akan berfirman, ‘Di manakah dewa-dewa mereka, gunung batu tempat mereka berlindung,",
Ulangan,32,38,Ulangan 32:38,ٱلَّتِي كَانَتْ تَأْكُلُ شَحْمَ ذَبَائِحِهِمْ وَتَشْرَبُ خَمْرَ سَكَائِبِهِمْ؟ لِتَقُمْ وَتُسَاعِدْكُمْ وَتَكُنْ عَلَيْكُمْ حِمَايَةً!,"Yang memakan lemak persembahanmu dan meminum air anggur dari persembahanmu. Biarlah mereka bangkit dan menolongmu, biarlah mereka melindungimu.","yang memakan lemak kurban sembelihan mereka dan meminum anggur persembahan minuman mereka? Biarlah mereka bangkit menolong kamu, biarlah mereka menjadi tempat persembunyian bagimu.",
Ulangan,32,39,Ulangan 32:39,اُنْظُرُوا ٱلْآنَ! أَنَا أَنَا هُوَ وَلَيْسَ إِلَهٌ مَعِي. أَنَا أُمِيتُ وَأُحْيِي. سَحَقْتُ، وَإِنِّي أَشْفِي، وَلَيْسَ مِنْ يَدِي مُخَلِّصٌ.,"Sekarang lihatlah bahwa Aku, Akulah Dia, tidak ada Allah selain Aku. Akulah yang membuat mati dan yang memberikan hidup. Aku yang membuat luka dan Akulah yang menyembuhkan. Tidak ada orang yang dapat melepaskan dari tangan-Ku!","Ketahuilah sekarang, sesungguhnya Aku sendirilah Dia. Tidak ada Tuhan di samping-Ku. Akulah yang mematikan, Aku pulalah yang menghidupkan. Aku meremukkan, dan Aku menyembuhkan. Tidak ada yang dapat melepaskan sesuatu dari tangan-Ku.",
Ulangan,32,40,Ulangan 32:40,إِنِّي أَرْفَعُ إِلَى ٱلسَّمَاءِ يَدِي وَأَقُولُ: حَيٌّ أَنَا إِلَى ٱلْأَبَدِ.,"Sebab, Aku mengangkat tangan-Ku ke langit dan berkata, Aku hidup selama-lamanya.","Sesungguhnya, Kuangkat tangan-Ku ke langit dan berfirman: Demi Aku yang hidup untuk selama-lamanya!",
Ulangan,32,41,Ulangan 32:41,إِذَا سَنَنْتُ سَيْفِي ٱلْبَارِقَ، وَأَمْسَكَتْ بِٱلْقَضَاءِ يَدِي، أَرُدُّ نَقْمَةً عَلَى أَضْدَادِي، وَأُجَازِي مُبْغِضِيَّ.,"Jika Aku mengasah pedang-Ku yang berkilat-kilat dan tangan-Ku memegang keadilan, Aku akan membalaskan itu terhadap lawan-lawan-Ku. Aku akan membalas kepada orang-orang yang membenci-Ku.","Jika Aku mengasah pedang-Ku yang berkilat-kilat, dan penghukuman ada dalam tangan-Ku, maka Aku akan menuntut balas atas lawan-lawan-Ku dan mengganjar orang-orang yang membenci Aku.",
Ulangan,32,42,Ulangan 32:42,أُسْكِرُ سِهَامِي بِدَمٍ، وَيَأْكُلُ سَيْفِي لَحْمًا. بِدَمِ ٱلْقَتْلَى وَٱلسَّبَايَا، وَمِنْ رُؤُوسِ قُوَّادِ ٱلْعَدُوِّ.,"Aku akan membuat anak panah-Ku mabuk darah dan pedang-Ku akan memakan daging, darah dari orang-orang mati dan para tawanan serta dari pemimpin musuh yang berambut panjang.’","Aku akan membuat anak-anak panah-Ku mabuk darah sementara pedang-Ku memakan daging: darah orang-orang yang terbunuh dan orang-orang yang ditawan, dari kepala-kepala para pemimpin musuh.’",
Ulangan,32,43,Ulangan 32:43,«تَهَلَّلُوا أَيُّهَا ٱلْأُمَمُ، شَعْبُهُ، لِأَنَّهُ يَنْتَقِمُ بِدَمِ عَبِيدِهِ، وَيَرُدُّ نَقْمَةً عَلَى أَضْدَادِهِ، وَيَصْفَحُ عَنْ أَرْضِهِ عَنْ شَعْبِهِ».,"Bersorak-sorailah, hai bangsa-bangsa bersama umat-Nya, sebab Dia akan membalas darah hamba-Nya, dan akan membalas dendam terhadap musuh-Nya serta menebus tanah-Nya dan umat-Nya.”","Hai bangsa-bangsa, bersorak-sorailah bersama umat-Nya karena Ia akan membalaskan darah hamba-hamba-Nya dan menuntut balas atas lawan-lawan-Nya. Ia akan mengadakan pendamaian bagi tanah-Nya dan umat-Nya.”",
Ulangan,32,44,Ulangan 32:44,فَأَتَى مُوسَى وَنَطَقَ بِجَمِيعِ كَلِمَاتِ هَذَا ٱلنَّشِيدِ فِي مَسَامِعِ ٱلشَّعْبِ، هُوَ وَيَشُوعُ بْنُ نُونَ.,"Kemudian, Musa bersama Yosua, anak Nun, datang dan menyampaikan ke telinga umat seluruh kata-kata dalam nyanyian ini.","Kemudian, Musa beserta Yusak bin Nun datang untuk memperdengarkan segala perkataan nyanyian itu kepada bangsa itu.",
Ulangan,32,45,Ulangan 32:45,وَلَمَّا فَرَغَ مُوسَى مِنْ مُخَاطَبَةِ جَمِيعِ إِسْرَائِيلَ بِكُلِّ هَذِهِ ٱلْكَلِمَاتِ،,"Ketika Musa selesai menyampaikan seluruh perkataan itu kepada seluruh orang Israel,","Setelah Musa selesai memperdengarkan segala perkataan itu kepada semua orang Israil,",
Ulangan,32,46,Ulangan 32:46,قَالَ لَهُمْ: «وَجِّهُوا قُلُوبَكُمْ إِلَى جَمِيعِ ٱلْكَلِمَاتِ ٱلَّتِي أَنَا أَشْهَدُ عَلَيْكُمْ بِهَا ٱلْيَوْمَ، لِكَيْ تُوصُوا بِهَا أَوْلَادَكُمْ، لِيَحْرِصُوا أَنْ يَعْمَلُوا بِجَمِيعِ كَلِمَاتِ هَذِهِ ٱلتَّوْرَاةِ.,"dia berkata kepada mereka, “Taruhlah seluruh perkataan yang kuperingatkan kepadamu hari ini di hatimu. Perintahkan kepada anak-anakmu untuk melakukan dengan sungguh-sungguh segala perkataan Taurat ini.","berkatalah ia kepada mereka, “Taruhlah di hatimu segala perkataan yang kusampaikan kepadamu pada hari ini. Perintahkanlah anak-anakmu untuk melakukan segala perkataan hukum Taurat ini dengan setia",
Ulangan,32,47,Ulangan 32:47,لِأَنَّهَا لَيْسَتْ أَمْرًا بَاطِلًا عَلَيْكُمْ، بَلْ هِيَ حَيَاتُكُمْ. وَبِهَذَا ٱلْأَمْرِ تُطِيلُونَ ٱلْأَيَّامَ عَلَى ٱلْأَرْضِ ٱلَّتِي أَنْتُمْ عَابِرُونَ ٱلْأُرْدُنَّ إِلَيْهَا لِتَمْتَلِكُوهَا».,"Karena perkataan ini bukan perkataan yang sia-sia untukmu, sebab itu adalah hidupmu. Dengan perkataan ini, kamu akan panjang umurmu di tanah yang akan kamu miliki setelah menyeberangi Sungai Yordan.”","karena perkataan ini bukanlah perkataan yang sia-sia bagimu, melainkan kehidupanmu. Dengan perkataan ini umurmu akan lanjut di tanah yang akan kamu miliki setelah menyeberangi Sungai Yordan.”",
Ulangan,32,48,Ulangan 32:48,وَكَلَّمَ ٱلرَّبُّ مُوسَى فِي نَفْسِ ذَلِكَ ٱلْيَوْمِ قَائِلًا:,"TUHAN berfirman kepada Musa pada hari itu juga, katanya,","Pada hari itu juga, ALLAH berfirman kepada Musa,",
Ulangan,32,49,Ulangan 32:49,«اِصْعَدْ إِلَى جَبَلِ عَبَارِيمَ هَذَا، جَبَلِ نَبُو ٱلَّذِي فِي أَرْضِ مُوآبَ ٱلَّذِي قُبَالَةَ أَرِيحَا، وَٱنْظُرْ أَرْضَ كَنْعَانَ ٱلَّتِي أَنَا أُعْطِيهَا لِبَنِي إِسْرَائِيلَ مُلْكًا،,"“Naiklah ke Gunung Abarim, yaitu Gunung Nebo, di tanah Moab, di seberang Kota Yerikho. Dan, lihatlah tanah Kanaan, yang Aku berikan kepada anak-anak Israel untuk menjadi miliknya.","“Naiklah ke Gunung Abarim, yaitu Gunung Nebo di Tanah Moab, yang berseberangan dengan Yerikho, lalu pandanglah Tanah Kanaan yang Kukaruniakan kepada bani Israil menjadi milik mereka.",
Ulangan,32,50,Ulangan 32:50,وَمُتْ فِي ٱلْجَبَلِ ٱلَّذِي تَصْعَدُ إِلَيْهِ، وَٱنْضَمَّ إِلَى قَوْمِكَ، كَمَا مَاتَ هَارُونُ أَخُوكَ فِي جَبَلِ هُورٍ وَضُمَّ إِلَى قَوْمِهِ.,"Kemudian, kamu akan mati di atas gunung yang kamu naiki itu dan dikumpulkan bersama leluhurmu, sama seperti saudaramu Harun yang mati di Gunung Hor dan dikumpulkan bersama leluhurnya.","Engkau akan mati di atas gunung yang kaunaiki itu dan akan dikumpulkan bersama kaum leluhurmu sebagaimana Harun, abangmu, yang telah mati di Gunung Hor dan dikumpulkan bersama kaum leluhurnya",
Ulangan,32,51,Ulangan 32:51,لِأَنَّكُمَا خُنْتُمَانِي فِي وَسَطِ بَنِي إِسْرَائِيلَ عِنْدَ مَاءِ مَرِيبَةِ قَادَشَ فِي بَرِّيَّةِ صِينٍ، إِذْ لَمْ تُقَدِّسَانِي فِي وَسَطِ بَنِي إِسْرَائِيلَ.,"Sebab, kamu telah tidak setia kepada-Ku di tengah-tengah orang Israel, saat di mata air Meriba di Kadesh, di padang belantara Zin. Kamu tidak menghormati kekudusan-Ku di tengah-tengah keturunan Israel.","sebab kamu berdua telah berbuat tidak setia terhadap Aku di tengah-tengah bani Israil, di mata air Meriba, Kades, di Padang Belantara Zin. Kamu tidak menyatakan kesucian-Ku di tengah-tengah bani Israil.",
Ulangan,32,52,Ulangan 32:52,فَإِنَّكَ تَنْظُرُ ٱلْأَرْضَ مِنْ قُبَالَتِهَا، وَلَكِنَّكَ لَا تَدْخُلُ إِلَى هُنَاكَ إِلَى ٱلْأَرْضِ ٱلَّتِي أَنَا أُعْطِيهَا لِبَنِي إِسْرَائِيلَ».,"Karena itu, kamu dapat melihat tanah itu dari jauh, tetapi kamu tidak boleh ke sana, di tanah yang Kuberikan kepada keturunan Israel.”","Engkau boleh memandang negeri itu terbentang di hadapanmu, tetapi tidak boleh masuk ke sana, ke negeri yang Kukaruniakan kepada bani Israil.”",
Ulangan,33,1,Ulangan 33:1,وَهَذِهِ هِيَ ٱلْبَرَكَةُ ٱلَّتِي بَارَكَ بِهَا مُوسَى، رَجُلُ ٱللهِ، بَنِي إِسْرَائِيلَ قَبْلَ مَوْتِهِ،,"Inilah berkat yang diberikan Musa, abdi Allah, kepada orang Israel sebelum dia mati.","Inilah ucapan berkah yang disampaikan Musa, abdi Allah itu, kepada bani Israil sebelum kematiannya.",
Ulangan,33,2,Ulangan 33:2,فَقَالَ: «جَاءَ ٱلرَّبُّ مِنْ سِينَاءَ، وَأَشْرَقَ لَهُمْ مِنْ سَعِيرَ، وَتَلَأْلأَ مِنْ جَبَلِ فَارَانَ، وَأَتَى مِنْ رِبْوَاتِ ٱلْقُدْسِ، وَعَنْ يَمِينِهِ نَارُ شَرِيعَةٍ لَهُمْ.,"Dia berkata, “TUHAN datang dari Sinai, dan bangkit bagi mereka dari Seir, Dia tampak bersinar dari Gunung Paran. Dia datang dari antara puluhan ribu orang kudus. Di sebelah kanan-Nya ada api yang bercahaya bagi mereka.","Ia berkata, “ALLAH datang dari Sinai dan terbit bagi mereka dari Seir. Hadirat-Nya tampak bersinar dari Gunung Paran; Ia datang dari antara puluhan ribu orang suci. Di sebelah kanan-Nya ada api yang menyala bagi mereka.",
Ulangan,33,3,Ulangan 33:3,فَأَحَبَّ ٱلشَّعْبَ. جَمِيعُ قِدِّيسِيهِ فِي يَدِكَ، وَهُمْ جَالِسُونَ عِنْدَ قَدَمِكَ يَتَقَبَّلُونَ مِنْ أَقْوَالِكَ.,"Sesungguhnya, Dia mengasihi umat-Nya. ‘Semua orang kudus-Mu ada di dalam tangan-Mu. Mereka duduk di kaki-Mu dan setiap orang menaati perintah-Mu.’”","Sungguh, Ia mengasihi umat-Nya, semua orang suci-Nya —di dalam tangan-Mulah mereka. Mereka duduk di kaki-Mu dan menerima sesuatu dari firman-Mu.",
Ulangan,33,4,Ulangan 33:4,بِنَامُوسٍ أَوْصَانَا مُوسَى مِيرَاثًا لِجَمَاعَةِ يَعْقُوبَ.,"Musa memberikan kepada kita Taurat, sebagai suatu milik bagi jemaat Yakub.",Musa telah mengamanatkan kepada kita hukum Taurat sebagai suatu milik bagi jemaah Yakub.,
Ulangan,33,5,Ulangan 33:5,وَكَانَ فِي يَشُورُونَ مَلِكًا حِينَ ٱجْتَمَعَ رُؤَسَاءُ ٱلشَّعْبِ أَسْبَاطُ إِسْرَائِيلَ مَعًا.,"Dan, dia menjadi raja Yesyurun, ketika para pemimpin umat berkumpul, yaitu seluruh suku Israel bersama-sama.","Allah adalah raja atas Yesyurun ketika para kepala umat berkumpul, yaitu suku-suku Israil bersama-sama.",
Ulangan,33,6,Ulangan 33:6,لِيَحْيَ رَأُوبَيْنُ وَلَا يَمُتْ، وَلَا يَكُنْ رِجَالُهُ قَلِيلِينَ».,"“Biarlah Ruben hidup dan jangan mati, tetapi biarlah hanya sedikit orang laki-lakinya.”","Biarlah Ruben hidup dan jangan mati, tetapi biarlah jumlah orangnya sedikit.”",
Ulangan,33,7,Ulangan 33:7,وَهَذِهِ عَنْ يَهُوذَا قَالَ: «ٱسْمَعْ يَا رَبُّ صَوْتَ يَهُوذَا، وَأْتِ بِهِ إِلَى قَوْمِهِ. بِيَدَيْهِ يُقَاتِلُ لِنَفْسِهِ، فَكُنْ عَوْنًا عَلَى أَضْدَادِهِ».,"Inilah tentang Yehuda, katanya, “Dengarlah ya TUHAN dan bawalah Yehuda kepada bangsanya. Dengan tangannya, ia berjuang bagi mereka. Dan, biarlah Engkau membantunya melawan musuh-musuhnya.”","Mengenai Yuda, inilah katanya, “Ya ALLAH, dengarkanlah suara Yuda dan bawalah dia kepada bangsanya. Dengan tangannya ia telah berjuang bagi dirinya. Jadilah penolongnya menghadapi lawan-lawannya.”",
Ulangan,33,8,Ulangan 33:8,وَلِلَاوِي قَالَ: «تُمِّيمُكَ وَأُورِيمُكَ لِرَجُلِكَ ٱلصِّدِّيقِ، ٱلَّذِي جَرَّبْتَهُ فِي مَسَّةَ وَخَاصَمْتَهُ عِنْدَ مَاءِ مَرِيبَةَ.,"Mengenai Lewi, dia berkata, “Biarlah Tumim-Mu dan Urim-Mu menjadi milik orang saleh-Mu, yang Engkau uji di Masa. Dengannya Engkau berselisih di mata air Meriba.","Mengenai Lewi ia berkata, “Tumim-Mu dan Urim-Mu adalah milik orang saleh-Mu yang Kauuji di Masa— dengannya Engkau berbantah di mata air Meriba.",
Ulangan,33,9,Ulangan 33:9,ٱلَّذِي قَالَ عَنْ أَبِيهِ وَأُمِّهِ: لَمْ أَرَهُمَا، وَبِإِخْوَتِهِ لَمْ يَعْتَرِفْ، وَأَوْلَادَهُ لَمْ يَعْرِفْ، بَلْ حَفِظُوا كَلَامَكَ وَصَانُوا عَهْدَكَ.,"Yang berkata kepada ayahnya dan ibunya, ‘Aku mengabaikan mereka.’ Dia tidak mengakui saudara-saudaranya, ia juga tidak menganggap anak-anaknya. Karena mereka memegang teguh firman-Mu dan menjaga perjanjian-Mu.","Mengenai ayah dan ibunya ia berkata, ‘Aku tak mengindahkan mereka.’ Ia pun tidak mengenali saudara-saudaranya dan tidak mengakui anak-anaknya. Akan tetapi, orang-orang Lewi itu memegang teguh firman-Mu dan menjaga perjanjian-Mu.",
Ulangan,33,10,Ulangan 33:10,يُعَلِّمُونَ يَعْقُوبَ أَحْكَامَكَ، وَإِسْرَائِيلَ نَامُوسَكَ. يَضَعُونَ بَخُورًا فِي أَنْفِكَ، وَمُحْرَقَاتٍ عَلَى مَذْبَحِكَ.,Mereka akan mengajarkan peraturan-Mu kepada Yakub dan Taurat-Mu kepada Israel. Mereka akan membakar dupa di hadapan-Mu dan seluruh kurban bakaran di hadapan-Mu.,"Mereka mengajarkan peraturan-peraturan-Mu kepada Yakub, dan hukum-Mu kepada Israil. Mereka menaruh dupa di hadapan-Mu dan kurban yang dibakar seluruhnya di atas mazbah-Mu, yaitu tempat pembakaran kurban-Mu.",
Ulangan,33,11,Ulangan 33:11,بَارِكْ يَا رَبُّ قُوَّتَهُ، وَٱرْتَضِ بِعَمَلِ يَدَيْهِ. ٱحْطِمْ مُتُونَ مُقَاوِمِيهِ وَمُبْغِضِيهِ حَتَّى لَا يَقُومُوا».,"TUHAN, berkatilah segala sesuatunya, dan terimalah pekerjaan tangannya. Hancurkanlah pinggang orang-orang yang akan bangkit untuk melawannya dan orang-orang yang membencinya sehingga mereka tidak akan pernah bangkit lagi.”","Ya ALLAH, berkahilah kecakapannya dan terimalah pekerjaan tangannya. Remukkanlah pinggang orang-orang yang bangkit melawan dia dan yang membenci dia sehingga orang-orang itu tidak dapat bangkit lagi.”",
Ulangan,33,12,Ulangan 33:12,وَلِبَنْيَامِينَ قَالَ: «حَبِيبُ ٱلرَّبِّ يَسْكُنُ لَدَيْهِ آمِنًا. يَسْتُرُهُ طُولَ ٱلنَّهَارِ، وَبَيْنَ مَنْكِبَيْهِ يَسْكُنُ».,"Mengenai Benyamin, dia berkata, “Biarlah kekasih TUHAN berada dengan aman oleh-Nya, yang melindunginya sepanjang hari dan tinggallah ia di antara bahu-Nya.”","Mengenai Benyamin ia berkata, “Biarlah kekasih ALLAH itu berdiam di sisi-Nya dengan aman. Allah melindunginya sepanjang waktu dan bersemayam di antara lereng-lereng gunungnya.”",
Ulangan,33,13,Ulangan 33:13,وَلِيُوسُفَ قَالَ: «مُبَارَكَةٌ مِنَ ٱلرَّبِّ أَرْضُهُ، بِنَفَائِسِ ٱلسَّمَاءِ بِٱلنَّدَى، وَبِاللُّجَّةِ ٱلرَّابِضَةِ تَحْتُ،,"Mengenai Yusuf, dia berkata: “Diberkatilah negerinya oleh TUHAN dengan yang terbaik dari surga, dengan embun, dan dari kedalaman yang berada di bawah.","Mengenai Yusuf ia berkata, “Biarlah negerinya diberkahi ALLAH dengan yang terbaik dari langit, dengan embun, dan dengan samudera yang terhampar di bawah;",
Ulangan,33,14,Ulangan 33:14,وَنَفَائِسِ مُغَلَّاتِ ٱلشَّمْسِ، وَنَفَائِسِ مُنْبَتَاتِ ٱلْأَقْمَارِ.,"Dengan hasil yang terbaik dari matahari, dan dengan hasil yang terbaik yang dihasilkan dari bulan.","dengan yang terbaik yang dihasilkan matahari, dan dengan yang terbaik yang tumbuh setiap bulan;",
Ulangan,33,15,Ulangan 33:15,وَمِنْ مَفَاخِرِ ٱلْجِبَالِ ٱلْقَدِيمَةِ، وَمِنْ نَفَائِسِ ٱلْإِكَامِ ٱلْأَبَدِيَّةِ،,"Dengan hal-hal yang terbaik dari pegunungan kuno, dan dengan hal-hal yang terbaik dari bukit-bukit yang kekal.","dengan yang terutama dari gunung-gunung dahulu kala, dan dengan yang terbaik dari bukit-bukit purbakala;",
Ulangan,33,16,Ulangan 33:16,وَمِنْ نَفَائِسِ ٱلْأَرْضِ وَمِلْئِهَا، وَرِضَى ٱلسَّاكِنِ فِي ٱلْعُلَّيْقَةِ. فَلْتَأْتِ عَلَى رَأْسِ يُوسُفَ وَعَلَى قِمَّةِ نَذِيرِ إِخْوَتِهِ.,"Dengan hal-hal yang terbaik dari bumi serta segala isinya, dan perkenan-Nya yang berdiam di semak-semak. Biarlah semua masuk ke atas kepala Yusuf dan ke atas mahkota kepala orang yang teristimewa di antara saudara-saudaranya.","dengan yang terbaik dari bumi serta segala isinya, dan dengan keridaan Dia yang hadir dalam semak menyala. Biarlah semua itu turun ke atas kepala Yusuf, ke atas ubun-ubun orang yang teristimewa di antara saudara-saudaranya.",
Ulangan,33,17,Ulangan 33:17,بِكْرُ ثَوْرِهِ زِينَةٌ لَهُ، وَقَرْنَاهُ قَرْنَا رِئْمٍ. بِهِمَا يَنْطَحُ ٱلشُّعُوبَ مَعًا إِلَى أَقَاصِي ٱلْأَرْضِ. هُمَا رِبْوَاتُ أَفْرَايِمَ وَأُلُوفُ مَنَسَّى».,"Anak sapi sulung adalah kehormatannya, tanduk-tanduknya seperti tanduk sapi liar. Dengan itu, ia akan menanduk bangsa-bangsa sampai ke ujung bumi. Itulah orang Efraim yang berjumlah puluhan ribu, dan orang Manasye yang berjumlah ribuan.”","Kegemilangannya bagaikan anak sulung sapinya, dan tanduk-tanduknya adalah tanduk-tanduk banteng. Dengan tanduk itu ia menanduk bangsa-bangsa sampai ke ujung-ujung bumi. Itulah puluhan ribu orang Efraim dan ribuan orang Manasye.”",
Ulangan,33,18,Ulangan 33:18,وَلِزَبُولُونَ قَالَ: «اِفْرَحْ يَا زَبُولُونُ بِخُرُوجِكَ، وَأَنْتَ يَا يَسَّاكَرُ بِخِيَامِكَ.,"Mengenai Zebulon, dia berkata, “Bersukacitalah Zebulon, pada saat kamu dalam perjalanan-perjalananmu dan Isakhar dalam kemah rumahmu.","Mengenai Zebulon ia berkata, “Bersukarialah, hai Zebulon, dalam perjalananmu, dan engkau, hai Isakhar, dalam kemah-kemahmu.",
Ulangan,33,19,Ulangan 33:19,إِلَى ٱلْجَبَلِ يَدْعُوانِ ٱلْقَبَائِلَ. هُنَاكَ يَذْبَحْانِ ذَبَائِحَ ٱلْبِرِّ لِأَنَّهُمَا يَرْتَضِعَانِ مِنْ فَيْضِ ٱلْبِحَارِ، وَذَخَائِرَ مَطْمُورَةٍ فِي ٱلرَّمْلِ».,"Mereka akan memanggil bangsa-bangsa ke gunungnya. Di sana, mereka akan memberikan kurban persembahan yang benar. Mereka akan mengambil kekayaan dari laut dan harta karun yang tersembunyi dari pasir.”","Mereka akan memanggil bangsa-bangsa ke gunung. Di sana mereka akan mempersembahkan kurban-kurban sembelihan yang benar. Sesungguhnya, mereka akan mengisap kelimpahan laut dan harta yang tersembunyi di dalam pasir.”",
Ulangan,33,20,Ulangan 33:20,وَلِجَادَ قَالَ: «مُبَارَكٌ ٱلَّذِي وَسَّعَ جَادَ. كَلَبْوَةٍ سَكَنَ وَٱفْتَرَسَ ٱلذِّرَاعَ مَعَ قِمَّةِ ٱلرَّأْسِ.,"Mengenai Gad, dia berkata, “Berbahagialah orang yang memperluas tanah Gad! Ia berbaring seperti singa yang hendak mengoyakkan lengan dan batok kepala.","Mengenai Gad ia berkata, “Terpujilah Dia yang meluaskan wilayah Gad. Gad berdiam di sana seperti singa betina. Dicabik-cabiknya lengan, bahkan ubun-ubun.",
Ulangan,33,21,Ulangan 33:21,وَرَأَى ٱلْأَوَّلَ لِنَفْسِهِ، لِأَنَّهُ هُنَاكَ قِسْمٌ مِنَ ٱلشَّارِعِ مَحْفُوظٌ، فَأَتَى رَأْسًا لِلشَّعْبِ، يَعْمَلُ حَقَّ ٱلرَّبِّ وَأَحْكَامَهُ مَعَ إِسْرَائِيلَ».,"Kemudian, ia memilih bagian yang pertama untuk dirinya sendiri karena di sana terdapat bagian pemimpin. Dan, datanglah para pemimpin umat kepadanya. Ia melaksanakan keadilan TUHAN dan hukum-hukum-Nya dengan Israel.”","Dipilihnya bagian yang terbaik baginya karena di sana tersimpan bagian panglima. Maka, datanglah ia bersama para kepala umat dan dijalankannya keadilan ALLAH serta hukum-hukum-Nya bersama orang Israil.”",
Ulangan,33,22,Ulangan 33:22,وَلِدَانَ قَالَ: «دَانُ شِبْلُ أَسَدٍ يَثِبُ مِنْ بَاشَانَ».,"Mengenai Dan, dia berkata, “Dan adalah singa muda yang melompat keluar dari Basan.”","Mengenai Dan ia berkata, “Dan adalah anak singa yang melompat keluar dari Basan.”",
Ulangan,33,23,Ulangan 33:23,وَلِنَفْتَالِي قَالَ: «يَا نَفْتَالِي ٱشْبَعْ رِضًى، وَٱمْتَلِيءْ بَرَكَةً مِنَ ٱلرَّبِّ، وَٱمْلِكِ ٱلْغَرْبَ وَٱلْجَنُوبَ».,"Mengenai Naftali, dia berkata, “Ya Naftali, dilimpahkan dengan perkenanan dan penuh berkat dari TUHAN, milikilah wilayah barat dan selatan.”","Mengenai Naftali ia berkata, “Naftali kenyang dengan keridaan dan penuh dengan berkah ALLAH. Milikilah daerah sebelah barat dan sebelah selatan.”",
Ulangan,33,24,Ulangan 33:24,وَلِأَشِيرَ قَالَ: «مُبَارَكٌ مِنَ ٱلْبَنِينَ أَشِيرُ. لِيَكُنْ مَقْبُولًا مِنْ إِخْوَتِهِ، وَيَغْمِسْ فِي ٱلزَّيْتِ رِجْلَهُ.,"Mengenai Asyer, dia berkata, “Asyerlah yang paling diberkati dari antara anak laki-laki. Biarlah ia menjadi kesayangan di antara saudara-saudaranya dan biarlah kakinya dicelupkan dalam minyak.","Mengenai Asyer ia berkata, “Diberkahilah Asyer melebihi anak-anak lelaki. Biarlah ia disukai oleh saudara-saudaranya, dan biarlah ia mencelupkan kakinya ke dalam minyak.",
Ulangan,33,25,Ulangan 33:25,حَدِيدٌ وَنُحَاسٌ مَزَالِيجُكَ، وَكَأَيَّامِكَ رَاحَتُكَ.,Besi dan perunggu akan menjadi palang pintumu. Selama hidupmu kamu akan mendapat ketenteraman.”,"Palang-palang pintumu terbuat dari besi dan tembaga. Sebanyak hari-harimu, demikianlah kiranya kekuatanmu.",
Ulangan,33,26,Ulangan 33:26,«لَيْسَ مِثْلَ ٱللهِ يَا يَشُورُونُ. يَرْكَبُ ٱلسَّمَاءَ فِي مَعُونَتِكَ، وَٱلْغَمَامَ فِي عَظَمَتِهِ.,"“Tidak ada yang seperti Allah Yesyurun, yang menunggangi langit untuk menolongmu dan melintasi awan-awan dalam kemegahan-Nya.","Tidak ada yang seperti Allah, hai Yesyurun. Sebagai penolongmu, Ia mengendarai langit dan mengendarai awan-awan dalam kemegahan-Nya.",
Ulangan,33,27,Ulangan 33:27,ٱلْإِلَهُ ٱلْقَدِيمُ مَلْجَأٌ، وَٱلْأَذْرُعُ ٱلْأَبَدِيَّةُ مِنْ تَحْتُ. فَطَرَدَ مِنْ قُدَّامِكَ ٱلْعَدُوَّ وَقَالَ: أَهْلِكْ.,"Allah yang kekal adalah tempat perlindunganmu dan di bawahnya adalah lengan yang kekal. Dia mengusir musuh dari hadapanmu, dan berkata, ‘Hancurkanlah.’","Allah yang abadi adalah tempat perlindunganmu, dan di bawahmu ada lengan-lengan yang kekal. Ia menghalau musuh dari hadapanmu dan berfirman, ‘Punahkanlah!’",
Ulangan,33,28,Ulangan 33:28,فَيَسْكُنَ إِسْرَائِيلُ آمِنًا وَحْدَهُ. تَكُونُ عَيْنُ يَعْقُوبَ إِلَى أَرْضِ حِنْطَةٍ وَخَمْرٍ، وَسَمَاؤُهُ تَقْطُرُ نَدًى.,Israel akan tinggal dengan aman. Mata air Yakub tinggal sendiri di ladang gandum dan ladang anggur. Langitnya pun akan memberikan embun.,"Maka, Israil berdiam dengan aman. Mata air Yakub diam tersendiri di negeri tempat gandum dan anggur. Bahkan langitnya pun menitikkan embun.",
Ulangan,33,29,Ulangan 33:29,طُوبَاكَ يَا إِسْرَائِيلُ! مَنْ مِثْلُكَ يَا شَعْبًا مَنْصُورًا بِٱلرَّبِّ؟ تُرْسِ عَوْنِكَ وَسَيْفِ عَظَمَتِكَ فَيَتَذَلَّلُ لَكَ أَعْدَاؤُكَ، وَأَنْتَ تَطَأُ مُرْتَفَعَاتِهِمْ».,"Berbahagialah kamu, hai Israel. Siapa yang akan sepertimu? Sebuah bangsa yang diselamatkan oleh TUHAN sebagai perisai penolongmu dan pedang kejayaanmu. Sehingga, musuh-musuhmu takut terhadapmu kamu akan menginjak tempat-tempat mereka yang tinggi.”","Berbahagialah engkau, hai Israil! Siapakah seperti engkau? Engkau adalah bangsa yang diselamatkan ALLAH. Dialah perisai penolongmu dan pedang kejayaanmu. Musuh-musuhmu akan menjilat kepadamu dan engkau akan menjejaki tempat-tempat mereka yang tinggi.”",
Ulangan,34,1,Ulangan 34:1,وَصَعِدَ مُوسَى مِنْ عَرَبَاتِ مُوآبَ إِلَى جَبَلِ نَبُو، إِلَى رَأْسِ ٱلْفِسْجَةِ ٱلَّذِي قُبَالَةَ أَرِيحَا، فَأَرَاهُ ٱلرَّبُّ جَمِيعَ ٱلْأَرْضِ مِنْ جِلْعَادَ إِلَى دَانَ،,"Kemudian, naiklah Musa dari dataran Moab ke Gunung Nebo, ke puncak Pisga, yang berseberangan dengan Yerikho. TUHAN menunjukkan kepadanya seluruh negeri dari Gilead sampai ke Dan.","Kemudian, naiklah Musa dari Dataran Moab ke Gunung Nebo, yaitu ke puncak Pisga, yang berseberangan dengan Yerikho. Lalu, ALLAH memperlihatkan kepadanya seluruh negeri itu: dari Gilead sampai ke Dan,",
Ulangan,34,2,Ulangan 34:2,وَجَمِيعَ نَفْتَالِي وَأَرْضَ أَفْرَايِمَ وَمَنَسَّى، وَجَمِيعَ أَرْضِ يَهُوذَا إِلَى ٱلْبَحْرِ ٱلْغَرْبِيِّ،,"Seluruh Naftali, tanah Efraim, dan Manasye dan seluruh tanah Yehuda sepanjang Laut barat.","seluruh Tanah Naftali, Tanah Efraim dan Manasye, seluruh Tanah Yuda sampai ke laut sebelah barat,",
Ulangan,34,3,Ulangan 34:3,وَٱلْجَنُوبَ وَٱلدَّائِرَةَ بُقْعَةَ أَرِيحَا مَدِينَةِ ٱلنَّخْلِ، إِلَى صُوغَرَ.,"Wilayah selatan dan dataran di Lembah Yerikho, kota Pohon Kurma, sampai ke Zoar.","Tanah Negeb dan dataran rendah Yerikho, kota pohon kurma itu, sampai ke Zoar.",
Ulangan,34,4,Ulangan 34:4,وَقَالَ لَهُ ٱلرَّبُّ: «هَذِهِ هِيَ ٱلْأَرْضُ ٱلَّتِي أَقْسَمْتُ لِإِبْرَاهِيمَ وَإِسْحَاقَ وَيَعْقُوبَ قَائِلًا: لِنَسْلِكَ أُعْطِيهَا. قَدْ أَرَيْتُكَ إِيَّاهَا بِعَيْنَيْكَ، وَلَكِنَّكَ إِلَى هُنَاكَ لَا تَعْبُرُ».,"TUHAN berfirman kepada Musa, “Inilah tanah yang telah Kujanjikan kepada Abraham, Ishak, dan Yakub, kata-Ku, ‘Aku akan memberikannya kepada keturunanmu.’ Aku mengizinkanmu melihat tanah itu, tetapi kamu tidak dapat pergi ke sana.”","Firman ALLAH kepadanya, “Itulah negeri yang Kujanjikan dengan bersumpah kepada Ibrahim, Ishak, dan Yakub ketika Aku berfirman, ‘Aku akan mengaruniakannya kepada keturunanmu.’ Aku mengizinkan engkau melihatnya dengan matamu, tetapi engkau tidak akan menyeberang ke sana.”",
Ulangan,34,5,Ulangan 34:5,فَمَاتَ هُنَاكَ مُوسَى عَبْدُ ٱلرَّبِّ فِي أَرْضِ مُوآبَ حَسَبَ قَوْلِ ٱلرَّبِّ.,"Kemudian, Musa, hamba TUHAN itu, mati di tanah Moab sesuai dengan firman TUHAN.","Setelah itu, Musa, hamba ALLAH itu, wafat di sana, di Tanah Moab, sesuai dengan firman ALLAH.",
Ulangan,34,6,Ulangan 34:6,وَدَفَنَهُ فِي ٱلْجِوَاءِ فِي أَرْضِ مُوآبَ، مُقَابِلَ بَيْتِ فَغُورَ. وَلَمْ يَعْرِفْ إِنْسَانٌ قَبْرَهُ إِلَى هَذَا ٱلْيَوْمِ.,"Dia menguburkannya di lembah, di tanah Moab, seberang Bet-Peor. Namun, tidak ada seorang pun yang tahu tempat kuburannya hingga hari ini.","ALLAH memakamkannya di lembah di Tanah Moab, yang berseberangan dengan Bait-Peor. Tak seorang pun mengetahui makamnya sampai hari ini.",
Ulangan,34,7,Ulangan 34:7,وَكَانَ مُوسَى ٱبْنَ مِئَةٍ وَعِشْرِينَ سَنَةً حِينَ مَاتَ، وَلَمْ تَكِلَّ عَيْنُهُ وَلَا ذَهَبَتْ نَضَارَتُهُ.,Musa berumur sekitar 120 tahun ketika dia mati. Matanya belum rabun dan kekuatannya tidak mereda.,Musa berumur seratus dua puluh tahun ketika wafat. Matanya belum kabur dan kekuatannya belum berkurang.,
Ulangan,34,8,Ulangan 34:8,فَبَكَى بَنُو إِسْرَائِيلَ مُوسَى فِي عَرَبَاتِ مُوآبَ ثَلَاثِينَ يَوْمًا. فَكَمُلَتْ أَيَّامُ بُكَاءِ مَنَاحَةِ مُوسَى.,Orang Israel menangisi Musa di dataran Moab selama 30 hari. Setelah itu selesailah masa tangisan dan perkabungan karena Musa.,"Bani Israil menangisi Musa di Dataran Moab tiga puluh hari lamanya. Setelah itu, selesailah masa tangisan dan perkabungan karena Musa.",
Ulangan,34,9,Ulangan 34:9,وَيَشُوعُ بْنُ نُونٍ كَانَ قَدِ ٱمْتَلَأَ رُوحَ حِكْمَةٍ، إِذْ وَضَعَ مُوسَى عَلَيْهِ يَدَيْهِ، فَسَمِعَ لَهُ بَنُو إِسْرَائِيلَ وَعَمِلُوا كَمَا أَوْصَى ٱلرَّبُّ مُوسَى.,"Yosua, anak Nun, dipenuhi dengan roh kebijaksanaan, karena Musa telah menumpangkan tangannya kepadanya. Orang-orang Israel mendengarkannya dan melakukannya seperti yang telah TUHAN perintahkan kepada Musa.",Yusak bin Nun penuh dengan ruh hikmat karena Musa telah meletakkan tangannya ke atasnya. Bani Israil menaatinya dan melakukan seperti yang diperintahkan ALLAH kepada Musa.,
Ulangan,34,10,Ulangan 34:10,وَلَمْ يَقُمْ بَعْدُ نَبِيٌّ فِي إِسْرَائِيلَ مِثْلُ مُوسَى ٱلَّذِي عَرَفَهُ ٱلرَّبُّ وَجْهًا لِوَجْهٍ،,"Seperti Musa yang TUHAN kenal dengan berhadapan muka, tidak ada nabi lain di Israel yang demikian.","Tidak pernah muncul lagi seorang nabi di Israil seperti Musa, yang dikenal ALLAH berhadapan muka.",
Ulangan,34,11,Ulangan 34:11,فِي جَمِيعِ ٱلْآيَاتِ وَٱلْعَجَائِبِ ٱلَّتِي أَرْسَلَهُ ٱلرَّبُّ لِيَعْمَلَهَا فِي أَرْضِ مِصْرَ بِفِرْعَوْنَ وَبِجَمِيعِ عَبِيدِهِ وَكُلِّ أَرْضِهِ،,"Karena semua tanda-tanda dan keajaiban yang TUHAN kirimkan kepadanya untuk dia lakukan di tanah Mesir terhadap Firaun, seluruh pegawainya, dan seluruh negerinya.","Atas perintah ALLAH ia melakukan segala tanda ajaib dan mukjizat di Tanah Mesir bagi Firaun, seluruh pegawainya, serta seluruh negerinya,",
Ulangan,34,12,Ulangan 34:12,وَفِي كُلِّ ٱلْيَدِ ٱلشَّدِيدَةِ وَكُلِّ ٱلْمَخَاوِفِ ٱلْعَظِيمَةِ ٱلَّتِي صَنَعَهَا مُوسَى أَمَامَ أَعْيُنِ جَمِيعِ إِسْرَائِيلَ.,Seluruh kekuatan yang dahsyat dan segala kengerian yang besar yang telah Musa lakukan di depan mata seluruh orang Israel.,dan di depan mata semua orang Israil Musa menunjukkan segala perbuatan yang hebat serta melakukan segala kedahsyatan yang luar biasa.,
