Book,Chapter,Verse,Ref,Arabic,Indonesian,KitabSuci,Notes
Keluaran,1,1,Keluaran 1:1,وَهَذِهِ أَسْمَاءُ بَنِي إِسْرَائِيلَ ٱلَّذِينَ جَاءُوا إِلَى مِصْرَ. مَعَ يَعْقُوبَ جَاءَ كُلُّ إِنْسَانٍ وَبَيْتُهُ:,"Inilah nama anak-anak Israel yang masuk ke Mesir bersama Yakub, masing-masing datang dengan keluarganya:","Inilah nama anak-anak Israil yang datang ke Mesir bersama Yakub, masing-masing dengan keluarganya:",
Keluaran,1,2,Keluaran 1:2,رَأُوبَيْنُ وَشِمْعُونُ وَلَاوِي وَيَهُوذَا,"Ruben, Simeon, Lewi, Yehuda,","Ruben, Simeon, Lewi, Yuda,",
Keluaran,1,3,Keluaran 1:3,وَيَسَّاكَرُ وَزَبُولُونُ وَبَنْيَامِينُ,"Isakhar, Zebulon, Benyamin,","Isakhar, Zebulon, Binyamin,",
Keluaran,1,4,Keluaran 1:4,وَدَانُ وَنَفْتَالِي وَجَادُ وَأَشِيرُ.,"Dan, Naftali, Gad, dan Asyer.","Dan, Naftali, Gad, dan Asyer.",
Keluaran,1,5,Keluaran 1:5,وَكَانَتْ جَمِيعُ نُفُوسِ ٱلْخَارِجِينَ مِنْ صُلْبِ يَعْقُوبَ سَبْعِينَ نَفْسًا. وَلَكِنْ يُوسُفُ كَانَ فِي مِصْرَ.,"Seluruh jiwa yang adalah keturunan langsung dari Yakub berjumlah tujuh puluh, tetapi Yusuf sudah berada di Mesir.","Jumlah semua keturunan Yakub adalah tujuh puluh jiwa, tetapi Yusuf sudah berada di Mesir.",
Keluaran,1,6,Keluaran 1:6,وَمَاتَ يُوسُفُ وَكُلُّ إِخْوَتِهِ وَجَمِيعُ ذَلِكَ ٱلْجِيلِ.,"Lalu, Yusuf mati, begitu pula dengan semua saudaranya, dan semua orang dari generasi itu.","Kemudian, Yusuf meninggal, begitu pula semua saudaranya dan semua orang yang seangkatan dengannya.",
Keluaran,1,7,Keluaran 1:7,وَأَمَّا بَنُو إِسْرَائِيلَ فَأَثْمَرُوا وَتَوَالَدُوا وَنَمَوْا وَكَثُرُوا كَثِيرًا جِدًّا، وَٱمْتَلَأَتِ ٱلْأَرْضُ مِنْهُمْ.,"Akan tetapi, keturunan Israel beranak cucu, dan terus bertambah banyak, dan berlipat ganda, dan menjadi sangat kuat sehingga mereka memenuhi negeri itu.",Bani Israil beranak cucu dan meningkat jumlahnya. Mereka bertambah banyak dan menjadi luar biasa kuatnya sehingga negeri itu mereka penuhi.,
Keluaran,1,8,Keluaran 1:8,ثُمَّ قَامَ مَلِكٌ جَدِيدٌ عَلَى مِصْرَ لَمْ يَكُنْ يَعْرِفُ يُوسُفَ.,"Kemudian, seorang raja baru, yang tidak mengenal Yusuf, muncul di Mesir.","Kemudian, bertakhtalah di Mesir seorang raja baru yang tidak mengenal Yusuf.",
Keluaran,1,9,Keluaran 1:9,فَقَالَ لِشَعْبِهِ: «هُوَذَا بَنُو إِسْرَائِيلَ شَعْبٌ أَكْثَرُ وَأَعْظَمُ مِنَّا.,"Dia berkata kepada rakyatnya, “Lihatlah, orang dari keturunan Israel itu menjadi banyak dan lebih kuat daripada kita.","Ia berkata kepada rakyatnya, “Lihatlah, rakyat bani Israil ini menjadi banyak dan lebih kuat daripada kita.",
Keluaran,1,10,Keluaran 1:10,هَلُمَّ نَحْتَالُ لَهُمْ لِئَلَّا يَنْمُوا، فَيَكُونَ إِذَا حَدَثَتْ حَرْبٌ أَنَّهُمْ يَنْضَمُّونَ إِلَى أَعْدَائِنَا وَيُحَارِبُونَنَا وَيَصْعَدُونَ مِنَ ٱلْأَرْضِ».,"Mari kita bertindak cerdik terhadap mereka. Jangan sampai mereka berlipat ganda sehingga ketika terjadi perang, mereka akan bersekutu dengan musuh-musuh kita untuk mengalahkan kita, lalu pergi dari tanah ini.”","Mari kita cari akal bagaimana menyikapi mereka. Jika tidak, mereka akan bertambah banyak saja, dan jika terjadi perang mereka akan bergabung dengan orang-orang yang membenci kita, lalu berperang melawan kita dan pergi dari negeri ini.”",
Keluaran,1,11,Keluaran 1:11,فَجَعَلُوا عَلَيْهِمْ رُؤَسَاءَ تَسْخِيرٍ لِكَيْ يُذِلُّوهُمْ بِأَثْقَالِهِمْ، فَبَنَوْا لِفِرْعَوْنَ مَدِينَتَيْ مَخَازِنَ: فِيثُومَ، وَرَعَمْسِيسَ.,"Karena itu, mereka menunjuk para mandor untuk menindas keturunan Israel dengan kerja paksa. Mereka membangun kota-kota perbekalan bagi Firaun, yaitu Pitom dan Raamses.","Sebab itu, orang-orang Mesir mengangkat kepala-kepala rodi atas bani Israil untuk menindas mereka dengan kerja paksa. Mereka membangun bagi Firaun kota-kota perbekalan, yaitu Pitom dan Raamses.",
Keluaran,1,12,Keluaran 1:12,وَلَكِنْ بِحَسْبِمَا أَذَلُّوهُمْ هَكَذَا نَمَوْا وَٱمْتَدُّوا. فَٱخْتَشَوْا مِنْ بَنِي إِسْرَائِيلَ.,"Namun, semakin mereka menindasnya, keturunan Israel justru semakin berlipat ganda dan tersebar. Mereka pun takut karena keturunan Israel itu.","Tetapi, makin ditindas, makin bertambah banyak dan berkembanglah mereka sehingga orang Mesir menjadi takut kepada bani Israil.",
Keluaran,1,13,Keluaran 1:13,فَٱسْتَعْبَدَ ٱلْمِصْرِيُّونَ بَنِي إِسْرَائِيلَ بِعُنْفٍ،,"Dengan kekerasan, orang Mesir memaksa keturunan Israel untuk bekerja,","Maka, dengan bengis orang Mesir memaksa bani Israil bekerja,",
Keluaran,1,14,Keluaran 1:14,وَمَرَّرُوا حَيَاتَهُمْ بِعُبُودِيَّةٍ قَاسِيَةٍ فِي ٱلطِّينِ وَٱللِّبْنِ وَفِي كُلِّ عَمَلٍ فِي ٱلْحَقْلِ. كُلِّ عَمَلِهِمِ ٱلَّذِي عَمِلُوهُ بِوَاسِطَتِهِمْ عُنْفًا.,"dan membuat hidup mereka pahit dengan perbudakan yang berat, yaitu mengolah tanah liat, dan batu bata, dan segala jenis pekerjaan di ladang. Segala pekerjaan mereka, yang dipaksakan kepada mereka untuk dilakukan, disertai dengan kekerasan.","dan membuat getir hidup mereka dalam perhambaan yang berat. Mereka harus mengerjakan tanah liat dan batu bata serta semua pekerjaan di padang, yaitu semua pekerjaan yang dengan bengis dipaksakan kepada mereka.",
Keluaran,1,15,Keluaran 1:15,وَكَلَّمَ مَلِكُ مِصْرَ قَابِلَتَيِ ٱلْعِبْرَانِيَّاتِ ٱللَّتَيْنِ ٱسْمُ إِحْدَاهُمَا شِفْرَةُ وَٱسْمُ ٱلْأُخْرَى فُوعَةُ،,"Setelah itu, Raja Mesir berkata kepada para bidan yang membantu kelahiran orang Ibrani, yang satu bernama Sifra dan yang lain bernama Pua,","Selain itu, raja Mesir juga berbicara kepada bidan-bidan orang Ibrani, yang seorang bernama Sifra dan yang lain bernama Pua,",
Keluaran,1,16,Keluaran 1:16,وَقَالَ: «حِينَمَا تُوَلِّدَانِ ٱلْعِبْرَانِيَّاتِ وَتَنْظُرَانِهِنَّ عَلَى ٱلْكَرَاسِيِّ، إِنْ كَانَ ٱبْنًا فَٱقْتُلَاهُ، وَإِنْ كَانَ بِنْتًا فَتَحْيَا».,"katanya, “Ketika kamu menolong perempuan Ibrani untuk melahirkan dari tempat mereka melahirkan, jika itu bayi laki-laki, kamu harus membunuhnya. Akan tetapi, jika itu bayi perempuan, biarkan dia hidup.”","katanya, “Ketika kamu membidani perempuan Ibrani, awasilah mereka di tempat persalinan. Jika anak yang mereka lahirkan laki-laki, maka kamu harus membunuh anak itu, tetapi jika anak itu perempuan, biarkan anak itu hidup.”",
Keluaran,1,17,Keluaran 1:17,وَلَكِنَّ ٱلْقَابِلَتَيْنِ خَافَتَا ٱللهَ وَلَمْ تَفْعَلَا كَمَا كَلَّمَهُمَا مَلِكُ مِصْرَ، بَلِ ٱسْتَحْيَتَا ٱلْأَوْلَادَ.,"Namun, bidan-bidan itu takut akan Allah sehingga mereka tidak melakukan seperti yang diperintahkan raja kepada mereka, melainkan membiarkan bayi laki-laki tetap hidup.","Namun, karena bidan-bidan itu bertakwa kepada Allah, mereka tidak bertindak sesuai dengan apa yang dikatakan raja Mesir kepada mereka. Mereka membiarkan hidup anak-anak laki-laki yang lahir.",
Keluaran,1,18,Keluaran 1:18,فَدَعَا مَلِكُ مِصْرَ ٱلْقَابِلَتَيْنِ وَقَالَ لَهُمَا: «لِمَاذَا فَعَلْتُمَا هَذَا ٱلْأَمْرَ وَٱسْتَحْيَيْتُمَا ٱلْأَوْلَادَ؟»,"Oleh sebab itu, Raja Mesir memanggil para bidan itu dan berkata kepada mereka, “Mengapa kalian melakukan hal ini dan membiarkan bayi laki-laki tetap hidup?”","Lalu, raja Mesir memanggil bidan-bidan itu dan bertanya kepada mereka, “Mengapa kamu melakukan hal ini, membiarkan hidup bayi-bayi laki-laki?”",
Keluaran,1,19,Keluaran 1:19,فَقَالَتِ ٱلْقَابِلَتَانِ لِفِرْعَوْنَ: «إِنَّ ٱلنِّسَاءَ ٱلْعِبْرَانِيَّاتِ لَسْنَ كَٱلْمِصْرِيَّاتِ، فَإِنَّهُنَّ قَوِيَّاتٌ يَلِدْنَ قَبْلَ أَنْ تَأْتِيَهُنَّ ٱلْقَابِلَةُ».,"Bidan-bidan itu berkata kepada Firaun, “Perempuan-perempuan Ibrani itu tidak seperti perempuan Mesir karena mereka bertenaga dan sudah melahirkan sebelum bidan sampai kepada mereka.”","Jawab bidan-bidan itu kepada Firaun, “Karena perempuan Ibrani tidak seperti perempuan Mesir. Mereka lebih kuat. Sebelum bidan datang, mereka sudah melahirkan.”",
Keluaran,1,20,Keluaran 1:20,فَأَحْسَنَ ٱللهُ إِلَى ٱلْقَابِلَتَيْنِ، وَنَمَا ٱلشَّعْبُ وَكَثُرَ جِدًّا.,"Karena itu, Allah berlaku baik terhadap kedua bidan itu. Bangsa itu berlipat ganda dan menjadi sangat kuat.","Maka, Allah berbuat baik terhadap bidan-bidan itu, dan bangsa itu bertambah banyak dan menjadi sangat kuat.",
Keluaran,1,21,Keluaran 1:21,وَكَانَ إِذْ خَافَتِ ٱلْقَابِلَتَانِ ٱللهَ أَنَّهُ صَنَعَ لَهُمَا بُيُوتًا.,"Karena bidan-bidan itu takut akan Allah, Dia membangun rumah tangga untuk mereka.","Selain itu, karena bidan-bidan itu bertakwa kepada Allah, Ia membangun rumah tangga mereka.",
Keluaran,1,22,Keluaran 1:22,ثُمَّ أَمَرَ فِرْعَوْنُ جَمِيعَ شَعْبِهِ قَائِلًا: «كُلُّ ٱبْنٍ يُولَدُ تَطْرَحُونَهُ فِي ٱلنَّهْرِ، لَكِنَّ كُلَّ بِنْتٍ تَسْتَحْيُونَهَا».,"Lalu, Firaun memberikan perintah kepada seluruh rakyatnya, “Setiap bayi laki-laki yang dilahirkan harus kamu lempar ke sungai, tetapi kamu boleh membiarkan setiap bayi perempuan tetap hidup.”","Lalu, Firaun memberi perintah kepada seluruh rakyatnya demikian, “Semua anak laki-laki yang lahir bagi orang Ibrani harus kamu buang ke Sungai Nil, tetapi semua anak perempuan boleh kamu biarkan hidup.”",
Keluaran,2,1,Keluaran 2:1,وَذَهَبَ رَجُلٌ مِنْ بَيْتِ لَاوِي وَأَخَذَ بِنْتَ لَاوِي،,Ada seorang laki-laki dari suku Lewi yang memperistri seorang perempuan keturunan Lewi.,Ada seorang laki-laki dari kaum keturunan Lewi yang memperistri seorang perempuan suku Lewi.,
Keluaran,2,2,Keluaran 2:2,فَحَبِلَتِ ٱلْمَرْأَةُ وَوَلَدَتِ ٱبْنًا. وَلَمَّا رَأَتْهُ أَنَّهُ حَسَنٌ، خَبَّأَتْهُ ثَلَاثَةَ أَشْهُرٍ.,"Perempuan itu mengandung dan melahirkan seorang bayi laki-laki. Ketika perempuan itu melihat bahwa bayi itu elok, dia menyembunyikannya selama tiga bulan.","Perempuan itu kemudian mengandung, lalu melahirkan seorang anak laki-laki. Ketika ia melihat bahwa bayi itu elok, ia menyembunyikannya tiga bulan lamanya.",
Keluaran,2,3,Keluaran 2:3,وَلَمَّا لَمْ يُمْكِنْهَا أَنْ تُخَبِّئَهُ بَعْدُ، أَخَذَتْ لَهُ سَفَطًا مِنَ ٱلْبَرْدِيِّ وَطَلَتْهُ بِٱلْحُمَرِ وَٱلزِّفْتِ، وَوَضَعَتِ ٱلْوَلَدَ فِيهِ، وَوَضَعَتْهُ بَيْنَ ٱلْحَلْفَاءِ عَلَى حَافَةِ ٱلنَّهْرِ.,"Ketika dia tidak dapat menyembunyikannya lebih lama lagi, dia mengambil sebuah keranjang yang terbuat dari papirus dan melapisinya dengan ter cair, lalu memasukkan bayi itu ke dalamnya, dan dia meletakkannya di antara alang-alang di tepi sungai.","Akan tetapi, karena ia tidak dapat menyembunyikannya lebih lama lagi, diambilnya sebuah bakul dari daun papirus, dilapisinya dengan perekat kayu dan ter, lalu dibaringkannya anak itu di dalamnya. Kemudian, ia meletakkan bakul itu di tengah-tengah rumpun gelagah di tepi Sungai Nil.",
Keluaran,2,4,Keluaran 2:4,وَوَقَفَتْ أُخْتُهُ مِنْ بَعِيدٍ لِتَعْرِفَ مَاذَا يُفْعَلُ بِهِ.,Kakak perempuan bayi itu berdiri agak jauh untuk mengetahui yang akan terjadi kepadanya.,Kakak perempuan anak itu berdiri agak jauh dari situ untuk mengetahui apa yang akan terjadi dengan adiknya.,
Keluaran,2,5,Keluaran 2:5,فَنَزَلَتِ ٱبْنَةُ فِرْعَوْنَ إِلَى ٱلنَّهْرِ لِتَغْتَسِلَ، وَكَانَتْ جَوَارِيهَا مَاشِيَاتٍ عَلَى جَانِبِ ٱلنَّهْرِ. فَرَأَتِ ٱلسَّفَطَ بَيْنَ ٱلْحَلْفَاءِ، فَأَرْسَلَتْ أَمَتَهَا وَأَخَذَتْهُ.,"Lalu, datanglah putri Firaun untuk mandi di sungai sementara dayang-dayangnya menyusuri tepi sungai. Ketika dia melihat keranjang itu di antara alang-alang, dia menyuruh salah satu dayangnya untuk mengambilnya.","Kemudian, datanglah putri Firaun untuk mandi di Sungai Nil sementara dayang-dayangnya berjalan-jalan di tepi sungai. Tiba-tiba dilihatnya bakul yang ada di tengah-tengah rumpun gelagah itu, lalu disuruhnya hambanya yang perempuan pergi mengambilnya.",
Keluaran,2,6,Keluaran 2:6,وَلَمَّا فَتَحَتْهُ رَأَتِ ٱلْوَلَدَ، وَإِذَا هُوَ صَبِيٌّ يَبْكِي. فَرَقَّتْ لَهُ وَقَالَتْ: «هَذَا مِنْ أَوْلَادِ ٱلْعِبْرَانِيِّينَ».,"Sewaktu dia membukanya, dia melihat bayi itu, dan lihatlah, bayi itu menangis. Dia pun berbelaskasihan kepadanya dan berkata, “Ini pasti salah satu anak orang Ibrani.”","Ketika ia membukanya, tampaklah bayi itu. Anak itu sedang menangis sehingga timbullah belas kasihannya kepadanya. Katanya, “Tentulah ini bayi orang Ibrani.”",
Keluaran,2,7,Keluaran 2:7,فَقَالَتْ أُخْتُهُ لِٱبْنَةِ فِرْعَوْنَ: «هَلْ أَذْهَبُ وَأَدْعُو لَكِ ٱمْرَأَةً مُرْضِعَةً مِنَ ٱلْعِبْرَانِيَّاتِ لِتُرْضِعَ لَكِ ٱلْوَلَدَ؟»,"Kakak bayi itu berkata kepada putri Firaun, “Bolehkah aku pergi dan memanggil pengasuh dari perempuan Ibrani untuk menyusui bayi itu bagi engkau?”","Kemudian, kakak anak itu bertanya kepada putri Firaun, “Bolehkah hamba pergi memanggilkan bagi Tuan Putri seorang inang penyusu dari perempuan Ibrani untuk menyusui bayi ini bagi Tuan Putri?”",
Keluaran,2,8,Keluaran 2:8,فَقَالَتْ لَهَا ٱبْنَةُ فِرْعَوْنَ: «ٱذْهَبِي». فَذَهَبَتِ ٱلْفَتَاةُ وَدَعَتْ أُمَّ ٱلْوَلَدِ.,"Putri Firaun berkata kepadanya, “Ya, pergilah.” Lalu, gadis itu pergi dan memanggil ibu bayi itu.","Jawab putri Firaun kepadanya, “Baik, pergilah.” Gadis itu pun pergi memanggil ibu bayi itu.",
Keluaran,2,9,Keluaran 2:9,فَقَالَتْ لَهَا ٱبْنَةُ فِرْعَوْنَ: «ٱذْهَبِي بِهَذَا ٱلْوَلَدِ وَأَرْضِعِيهِ لِي وَأَنَا أُعْطِي أُجْرَتَكِ». فَأَخَذَتِ ٱلْمَرْأَةُ ٱلْوَلَدَ وَأَرْضَعَتْهُ.,"Putri Firaun berkata kepada ibu bayi itu, “Bawalah bayi ini dan susuilah dia bagiku. Aku akan memberikan upahmu kepadamu.” Lalu, perempuan itu mengambil bayi itu dan menyusuinya.","Lalu, kata putri Firaun kepada ibu itu, “Bawalah bayi ini dan susuilah dia bagiku. Aku akan memberimu upah.” Maka, ibu itu mengambil bayi itu dan menyusuinya.",
Keluaran,2,10,Keluaran 2:10,وَلَمَّا كَبِرَ ٱلْوَلَدُ جَاءَتْ بِهِ إِلَى ٱبْنَةِ فِرْعَوْنَ فَصَارَ لَهَا ٱبْنًا، وَدَعَتِ ٱسْمَهُ «مُوسَى» وَقَالَتْ: «إِنِّي ٱنْتَشَلْتُهُ مِنَ ٱلْمَاءِ».,"Setelah anak itu bertambah besar, ibunya membawa dia kepada putri Firaun dan anak itu menjadi anaknya. Dia menamainya Musa, katanya, “Sebab, aku telah menariknya keluar dari air.”","Setelah anak itu besar, ibu itu membawanya kepada putri Firaun, yang mengangkatnya menjadi anaknya. Dinamainya anak itu Musa, katanya, “Sebab aku menarik dia keluar dari air.”",
Keluaran,2,11,Keluaran 2:11,وَحَدَثَ فِي تِلْكَ ٱلْأَيَّامِ لَمَّا كَبِرَ مُوسَى أَنَّهُ خَرَجَ إِلَى إِخْوَتِهِ لِيَنْظُرَ فِي أَثْقَالِهِمْ، فَرَأَى رَجُلًا مِصْرِيًّا يَضْرِبُ رَجُلًا عِبْرَانِيًّا مِنْ إِخْوَتِهِ،,"Pada suatu hari, ketika Musa sudah dewasa, dia pergi kepada saudara-saudaranya dan melihat kerja paksa mereka. Lalu, dia melihat seorang Mesir sedang memukuli seorang Ibrani, salah satu dari saudara-saudaranya itu.","Suatu hari, ketika Musa sudah besar, ia keluar mendapatkan saudara-saudaranya dan melihat beban mereka akibat kerja paksa. Lalu, dilihatnya seorang Mesir memukuli seorang Ibrani, salah satu dari saudara-saudaranya itu.",
Keluaran,2,12,Keluaran 2:12,فَٱلْتَفَتَ إِلَى هُنَا وَهُنَاكَ وَرَأَى أَنْ لَيْسَ أَحَدٌ، فَقَتَلَ ٱلْمِصْرِيَّ وَطَمَرَهُ فِي ٱلرَّمْلِ.,"Dia menoleh ke sana kemari, dan ketika dia melihat bahwa di situ tidak ada orang, dia pun membunuh orang Mesir itu dan menyembunyikannya di dalam pasir.","Musa menoleh ke sana kemari, dan ketika dilihatnya tidak ada seorang pun, dibunuhnyalah orang Mesir itu, lalu disembunyikannya mayatnya dalam pasir.",
Keluaran,2,13,Keluaran 2:13,ثُمَّ خَرَجَ فِي ٱلْيَوْمِ ٱلثَّانِي وَإِذَا رَجُلَانِ عِبْرَانِيَّانِ يَتَخَاصَمَانِ، فَقَالَ لِلْمُذْنِبِ: «لِمَاذَا تَضْرِبُ صَاحِبَكَ؟»,"Keesokan harinya, ketika dia keluar, lihatlah, ada dua orang Ibrani saling berkelahi. Dia bertanya kepada orang yang bersalah, “Mengapa kamu memukul temanmu?”","Keesokan harinya, ketika ia keluar lagi, tampak dua orang Ibrani tengah berkelahi. Lalu, tanyanya kepada orang yang bersalah, “Mengapa kaupukul kawanmu?”",
Keluaran,2,14,Keluaran 2:14,فَقَالَ: «مَنْ جَعَلَكَ رَئِيسًا وَقَاضِيًا عَلَيْنَا؟ أَمُفْتَكِرٌ أَنْتَ بِقَتْلِي كَمَا قَتَلْتَ ٱلْمِصْرِيَّ؟». فَخَافَ مُوسَى وَقَالَ: «حَقًّا قَدْ عُرِفَ ٱلْأَمْرُ».,"Orang itu menjawab, “Siapa yang mengangkatmu menjadi pemimpin dan hakim atas kami? Apa engkau akan membunuhku seperti engkau membunuh orang Mesir itu?” Musa menjadi takut dan berpikir, “Pasti hal itu sudah ketahuan.”","Jawab orang itu, “Siapa yang mengangkat engkau menjadi pemimpin dan hakim atas kami? Apakah engkau berniat membunuh aku pula, seperti engkau membunuh orang Mesir itu?” Maka, takutlah Musa dan berpikir, “Pasti hal itu sudah ketahuan.”",
Keluaran,2,15,Keluaran 2:15,فَسَمِعَ فِرْعَوْنُ هَذَا ٱلْأَمْرَ، فَطَلَبَ أَنْ يَقْتُلَ مُوسَى. فَهَرَبَ مُوسَى مِنْ وَجْهِ فِرْعَوْنَ وَسَكَنَ فِي أَرْضِ مِدْيَانَ، وَجَلَسَ عِنْدَ ٱلْبِئْرِ.,"Ketika Firaun mendengar tentang hal itu, dia berusaha untuk membunuh Musa. Namun, Musa telah melarikan diri dari Firaun dan tinggal di tanah Midian. Dia duduk di tepi sebuah sumur.","Ketika Firaun mendengar hal itu, ia pun berikhtiar untuk membunuh Musa. Akan tetapi, Musa telah melarikan diri dari Firaun dan tiba di Tanah Midian. Lalu, ia duduk di dekat sebuah sumur.",
Keluaran,2,16,Keluaran 2:16,وَكَانَ لِكَاهِنِ مِدْيَانَ سَبْعُ بَنَاتٍ، فَأَتَيْنَ وَٱسْتَقَيْنَ وَمَلَأْنَ ٱلْأَجْرَانَ لِيَسْقِينَ غَنَمَ أَبِيهِنَّ.,Imam dari Midian memiliki tujuh anak perempuan. Mereka datang untuk menimba air dan mengisi palungan-palungan untuk memberi minum kawanan domba ayahnya.,"Di Midian ada seorang imam yang mempunyai tujuh anak perempuan. Anak-anak perempuan itu datang hendak menimba air dan mengisi palungan-palungan untuk memberi minum kawanan kambing domba ayahnya,",
Keluaran,2,17,Keluaran 2:17,فَأَتَى ٱلرُّعَاةُ وَطَرَدُوهُنَّ. فَنَهَضَ مُوسَى وَأَنْجَدَهُنَّ وَسَقَى غَنَمَهُنَّ.,"Para gembala datang dan mengusir mereka, tetapi Musa bangkit untuk menolong mereka dan memberi minum kawanan domba mereka.","tetapi gembala-gembala datang mengusir mereka. Maka, Musa bangkit menolong mereka dan memberi minum kawanan kambing domba mereka.",
Keluaran,2,18,Keluaran 2:18,فَلَمَّا أَتَيْنَ إِلَى رَعُوئِيلَ أَبِيهِنَّ قَالَ: «مَا بَالُكُنَّ أَسْرَعْتُنَّ فِي ٱلْمَجِيءِ ٱلْيَوْمَ؟»,"Ketika mereka kembali kepada Rehuel, ayah mereka, dia bertanya, “Mengapa hari ini kalian cepat sekali pulang?”","Ketika mereka kembali kepada Rehuel, ayah mereka, Rehuel berkata, “Mengapa kamu pulang cepat hari ini?”",
Keluaran,2,19,Keluaran 2:19,فَقُلْنَ: «رَجُلٌ مِصْرِيٌّ أَنْقَذَنَا مِنْ أَيْدِي ٱلرُّعَاةِ، وَإِنَّهُ ٱسْتَقَى لَنَا أَيْضًا وَسَقَى ٱلْغَنَمَ».,"Mereka menjawab, “Ada orang Mesir yang melepaskan kami dari tangan para gembala, bahkan dia menimbakan air untuk kami dan memberi minum kawanan domba kami.”","Jawab mereka, “Ada seorang Mesir yang menolong kami dari gangguan gembala-gembala, bahkan ia menimbakan air berlimpah-limpah untuk kami dan memberi minum kawanan kambing domba kita.”",
Keluaran,2,20,Keluaran 2:20,فَقَالَ لِبَنَاتِهِ: «وَأَيْنَ هُوَ؟ لِمَاذَا تَرَكْتُنَّ ٱلرَّجُلَ؟ ٱدْعُونَهُ لِيَأْكُلَ طَعَامًا».,"Dia bertanya kepada anak-anaknya, “Lalu, mana dia? Mengapa kamu meninggalkan orang itu? Panggillah dia, ajak dia untuk makan roti.”","Katanya kepada anak-anaknya, “Di manakah orang itu? Mengapa kamu tinggalkan dia? Ajaklah dia makan.”",
Keluaran,2,21,Keluaran 2:21,فَٱرْتَضَى مُوسَى أَنْ يَسْكُنَ مَعَ ٱلرَّجُلِ، فَأَعْطَى مُوسَى صَفُّورَةَ ٱبْنَتَهُ.,"Musa sepakat untuk tinggal bersama orang itu dan dia memberikan Zipora, anaknya, kepada Musa.","Musa bersedia tinggal di rumah orang itu, lalu orang itu memberikan Zipora, anaknya, kepada Musa untuk menjadi istrinya.",
Keluaran,2,22,Keluaran 2:22,فَوَلَدَتِ ٱبْنًا فَدَعَا ٱسْمَهُ «جَرْشُومَ»، لِأَنَّهُ قَالَ: «كُنْتُ نَزِيلًا فِي أَرْضٍ غَرِيبَةٍ».,"Kemudian, perempuan itu melahirkan seorang anak laki-laki dan Musa menamainya Gersom, sebab katanya, “Aku telah menjadi seorang pendatang di negeri asing.”","Perempuan itu melahirkan seorang anak laki-laki, lalu Musa menamainya Gersom sebab katanya, “Aku telah menjadi seorang pendatang di negeri asing.”",
Keluaran,2,23,Keluaran 2:23,وَحَدَثَ فِي تِلْكَ ٱلْأَيَّامِ ٱلْكَثِيرَةِ أَنَّ مَلِكَ مِصْرَ مَاتَ. وَتَنَهَّدَ بَنُو إِسْرَائِيلَ مِنَ ٱلْعُبُودِيَّةِ وَصَرَخُوا، فَصَعِدَ صُرَاخُهُمْ إِلَى ٱللهِ مِنْ أَجْلِ ٱلْعُبُودِيَّةِ.,"Beberapa lama berselang, Raja Mesir pun mati. Namun, keturunan Israel masih mengerang karena perbudakan, lalu mereka pun berseru-seru, dan seruan mereka karena perbudakan itu naik kepada Allah.","Dalam rentang waktu yang panjang itu mangkatlah raja Mesir. Bani Israil berkeluh kesah karena perhambaan yang berat. Mereka pun berseru-seru, hingga teriakan mereka karena perhambaan itu sampai ke hadirat Allah.",
Keluaran,2,24,Keluaran 2:24,فَسَمِعَ ٱللهُ أَنِينَهُمْ، فَتَذَكَّرَ ٱللهُ مِيثَاقَهُ مَعَ إِبْرَاهِيمَ وَإِسْحَاقَ وَيَعْقُوبَ.,"Allah mendengar erangan mereka dan Allah ingat akan perjanjian-Nya dengan Abraham, dengan Ishak, dan dengan Yakub.","Allah mendengar erangan mereka dan Allah mengingat perjanjian-Nya dengan Ibrahim, Ishak, dan Yakub.",
Keluaran,2,25,Keluaran 2:25,وَنَظَرَ ٱللهُ بَنِي إِسْرَائِيلَ وَعَلِمَ ٱللهُ.,Allah melihat keturunan Israel dan Allah memperhatikan mereka.,"Maka, Allah menilik bani Israil, dan Allah memperhatikan keadaan mereka.",
Keluaran,3,1,Keluaran 3:1,وَأَمَّا مُوسَى فَكَانَ يَرْعَى غَنَمَ يَثْرُونَ حَمِيهِ كَاهِنِ مِدْيَانَ، فَسَاقَ ٱلْغَنَمَ إِلَى وَرَاءِ ٱلْبَرِّيَّةِ وَجَاءَ إِلَى جَبَلِ ٱللهِ حُورِيبَ.,"Pada waktu itu, Musa sedang menggembalakan kawanan domba Yitro, ayah mertuanya, seorang imam dari Midian. Dia menggiring kawanan itu ke sebelah padang belantara dan tiba di gunung Allah, yaitu Horeb.","Pada suatu waktu Musa menggembalakan kawanan kambing domba milik Syu’aib, mertuanya, imam di Midian. Digiringnya hewan-hewan itu ke daerah belakang padang belantara sampai ke gunung Allah, yaitu Horeb.",
Keluaran,3,2,Keluaran 3:2,وَظَهَرَ لَهُ مَلَاكُ ٱلرَّبِّ بِلَهِيبِ نَارٍ مِنْ وَسَطِ عُلَّيْقَةٍ. فَنَظَرَ وَإِذَا ٱلْعُلَّيْقَةُ تَتَوَقَّدُ بِٱلنَّارِ، وَٱلْعُلَّيْقَةُ لَمْ تَكُنْ تَحْتَرِقُ.,"Lalu, malaikat TUHAN menampakkan diri kepadanya dalam api yang menyala-nyala dari tengah-tengah semak belukar. Dia mengamatinya, dan lihatlah, semak belukar itu menyala-nyala dalam api, tetapi semak belukar itu tidak dilahap olehnya.","Lalu, Malaikat ALLAH menampakkan diri kepadanya dalam nyala api di tengah semak-semak. Musa melihat api menyala-nyala di tengah semak-semak itu, tetapi semak-semak itu tidak terlalap api.",
Keluaran,3,3,Keluaran 3:3,فَقَالَ مُوسَى: «أَمِيلُ ٱلْآنَ لِأَنْظُرَ هَذَا ٱلْمَنْظَرَ ٱلْعَظِيمَ. لِمَاذَا لَا تَحْتَرِقُ ٱلْعُلَّيْقَةُ؟».,"Lalu, Musa berkata, “Aku akan berpaling untuk melihat pemandangan yang hebat itu, mengapa semak belukar itu tidak terbakar?”","Pikir Musa, “Sebaiknya aku mendekat ke sana untuk mengamati hal hebat yang kulihat itu. Mengapa semak-semak itu tidak terbakar?”",
Keluaran,3,4,Keluaran 3:4,فَلَمَّا رَأَى ٱلرَّبُّ أَنَّهُ مَالَ لِيَنْظُرَ، نَادَاهُ ٱللهُ مِنْ وَسَطِ ٱلْعُلَّيْقَةِ وَقَالَ: «مُوسَى، مُوسَى!». فَقَالَ: «هَأَنَذَا».,"Ketika TUHAN melihat bahwa dia berpaling untuk melihat, Allah memanggilnya dari tengah-tengah semak belukar itu dan berkata, “Musa, Musa!” Musa menjawab, “Ini, aku.”","Ketika ALLAH melihat bahwa Musa mendekat untuk mengamati, berserulah Allah kepadanya dari tengah-tengah semak-semak itu, firman-Nya, “Musa, Musa!” Jawabnya, “Ya, ini aku.”",
Keluaran,3,5,Keluaran 3:5,فَقَالَ: «لَا تَقْتَرِبْ إِلَى هَهُنَا. ٱخْلَعْ حِذَاءَكَ مِنْ رِجْلَيْكَ، لِأَنَّ ٱلْمَوْضِعَ ٱلَّذِي أَنْتَ وَاقِفٌ عَلَيْهِ أَرْضٌ مُقَدَّسَةٌ».,"Kemudian, Dia berfirman, “Jangan mendekat! Lepaskanlah kasut dari kakimu karena tempatmu berdiri itu adalah tanah yang suci.”","Allah berfirman, “Jangan dekat-dekat. Tanggalkanlah kasut dari kakimu karena tanah tempat engkau berdiri itu adalah tanah yang suci.”",
Keluaran,3,6,Keluaran 3:6,ثُمَّ قَالَ: «أَنَا إِلَهُ أَبِيكَ، إِلَهُ إِبْرَاهِيمَ وَإِلَهُ إِسْحَاقَ وَإِلَهُ يَعْقُوبَ». فَغَطَّى مُوسَى وَجْهَهُ لِأَنَّهُ خَافَ أَنْ يَنْظُرَ إِلَى ٱللهِ.,"Dia berfirman lagi, “Akulah Allah nenek moyangmu, Allah Abraham, Allah Ishak, dan Allah Yakub.” Lalu, Musa menyembunyikan wajahnya karena dia takut memandang Allah.","Firman-Nya lagi, “Akulah Tuhan yang disembah oleh ayahmu, juga oleh Ibrahim, Ishak, dan Yakub.” Lalu, Musa menudungi mukanya karena ia takut memandang Allah.",
Keluaran,3,7,Keluaran 3:7,فَقَالَ ٱلرَّبُّ: «إِنِّي قَدْ رَأَيْتُ مَذَلَّةَ شَعْبِي ٱلَّذِي فِي مِصْرَ وَسَمِعْتُ صُرَاخَهُمْ مِنْ أَجْلِ مُسَخِّرِيهِمْ. إِنِّي عَلِمْتُ أَوْجَاعَهُمْ،,"Kemudian, TUHAN berfirman, “Sesungguhnya, Aku telah melihat kesengsaraan umat-Ku di Mesir dan telah mendengar tangisan mereka karena para mandor mereka. Sebab, Aku mengetahui penderitaan mereka.","Firman ALLAH, “Telah Kulihat sungguh-sungguh kesusahan umat-Ku di Tanah Mesir, dan telah Kudengar seruan mereka akibat pengerah-pengerah mereka. Aku tahu penderitaan mereka.",
Keluaran,3,8,Keluaran 3:8,فَنَزَلْتُ لِأُنْقِذَهُمْ مِنْ أَيْدِي ٱلْمِصْرِيِّينَ، وَأُصْعِدَهُمْ مِنْ تِلْكَ ٱلْأَرْضِ إِلَى أَرْضٍ جَيِّدَةٍ وَوَاسِعَةٍ، إِلَى أَرْضٍ تَفِيضُ لَبَنًا وَعَسَلًا، إِلَى مَكَانِ ٱلْكَنْعَانِيِّينَ وَٱلْحِثِّيِّينَ وَٱلْأَمُورِيِّينَ وَٱلْفِرِزَّيِّينَ وَٱلْحِوِّيِّينَ وَٱلْيَبُوسِيِّينَ.,"Karena itu, Aku telah turun untuk melepaskan mereka dari tangan orang Mesir dan untuk menuntun mereka keluar dari negeri itu menuju ke suatu negeri yang baik dan luas, ke negeri yang berlimpah susu dan madu, yaitu ke negeri orang Kanaan, orang Het, orang Amori, orang Feris, orang Hewi, dan orang Yebus.","Oleh karena itu, Aku datang untuk melepaskan mereka dari tangan orang Mesir dan menuntun mereka keluar dari negeri itu. Akan Kubawa mereka ke suatu negeri yang baik dan luas, suatu negeri yang berlimpah susu dan madu, yaitu tempat tinggal orang Kanaan, orang Het, orang Amori, orang Feris, orang Hewi, dan orang Yebus.",
Keluaran,3,9,Keluaran 3:9,وَٱلْآنَ هُوَذَا صُرَاخُ بَنِي إِسْرَائِيلَ قَدْ أَتَى إِلَيَّ، وَرَأَيْتُ أَيْضًا ٱلضِّيقَةَ ٱلَّتِي يُضَايِقُهُمْ بِهَا ٱلْمِصْرِيُّونَ،,"Sekarang, lihatlah, tangisan keturunan Israel telah sampai kepada-Ku dan Aku juga telah melihat penindasan, yang dengannya orang Mesir menindas mereka.","Sesungguhnya, seruan bani Israil telah sampai kepada-Ku, dan Aku telah melihat pula penindasan yang dilakukan orang Mesir atas mereka.",
Keluaran,3,10,Keluaran 3:10,فَٱلْآنَ هَلُمَّ فَأُرْسِلُكَ إِلَى فِرْعَوْنَ، وَتُخْرِجُ شَعْبِي بَنِي إِسْرَائِيلَ مِنْ مِصْرَ».,"Jadi sekarang, pergilah! Aku akan mengutusmu kepada Firaun supaya kamu dapat membawa umat-Ku, keturunan Israel, keluar dari Mesir.”","Maka sekarang, pergilah. Aku mengutus engkau kepada Firaun untuk membawa umat-Ku, bani Israil, keluar dari Mesir.”",
Keluaran,3,11,Keluaran 3:11,فَقَالَ مُوسَى لِلهِ: «مَنْ أَنَا حَتَّى أَذْهَبَ إِلَى فِرْعَوْنَ، وَحَتَّى أُخْرِجَ بَنِي إِسْرَائِيلَ مِنْ مِصْرَ؟»,"Namun, Musa berkata kepada Allah, “Siapakah aku ini sehingga aku harus menghadap Firaun dan aku harus membawa keturunan Israel keluar dari Mesir?”","Akan tetapi, Musa berkata kepada Allah, “Siapakah hamba-Mu ini sehingga hamba harus pergi menghadap Firaun dan membawa bani Israil keluar dari Mesir?”",
Keluaran,3,12,Keluaran 3:12,فَقَالَ: «إِنِّي أَكُونُ مَعَكَ، وَهَذِهِ تَكُونُ لَكَ ٱلْعَلَامَةُ أَنِّي أَرْسَلْتُكَ: حِينَمَا تُخْرِجُ ٱلشَّعْبَ مِنْ مِصْرَ، تَعْبُدُونَ ٱللهَ عَلَى هَذَا ٱلْجَبَلِ».,"Dia berfirman, “Sesungguhnya, Aku akan menyertaimu dan inilah tanda bagimu bahwa Aku telah mengutusmu: ketika kamu telah membawa bangsa ini keluar dari Mesir, kamu akan melayani Allah di gunung ini.”","Firman Allah, “Sesungguhnya, Aku akan menyertai engkau. Inilah tanda bagimu bahwa Aku yang mengutus engkau: Apabila bangsa itu telah kaubawa keluar dari Mesir, maka kamu akan beribadah kepada Allah di gunung ini.”",
Keluaran,3,13,Keluaran 3:13,فَقَالَ مُوسَى لِلهِ: «هَا أَنَا آتِي إِلَى بَنِي إِسْرَائِيلَ وَأَقُولُ لَهُمْ: إِلَهُ آبَائِكُمْ أَرْسَلَنِي إِلَيْكُمْ. فَإِذَا قَالُوا لِي: مَا ٱسْمُهُ؟ فَمَاذَا أَقُولُ لَهُمْ؟»,"Kemudian, Musa berkata kepada Allah, “Lihatlah, ketika aku pergi kepada keturunan Israel dan berkata kepada mereka, ‘Allah nenek moyangmu telah mengutus aku kepadamu,’ lalu mereka akan bertanya kepadaku, ‘Siapa nama-Nya?’, apa yang harus kukatakan kepada mereka?”","Kata Musa kepada Allah, “Tetapi, apabila hamba datang kepada bani Israil dan berkata kepada mereka, ‘Tuhan yang disembah nenek moyangmu telah mengutus aku kepadamu,’ lalu mereka bertanya, ‘Siapakah nama-Nya,’ maka apa yang harus hamba katakan kepada mereka?”",
Keluaran,3,14,Keluaran 3:14,فَقَالَ ٱللهُ لِمُوسَى: «أَهْيَهِ ٱلَّذِي أَهْيَهْ». وَقَالَ: «هَكَذَا تَقُولُ لِبَنِي إِسْرَائِيلَ: أَهْيَهْ أَرْسَلَنِي إِلَيْكُمْ».,"Allah berfirman kepada Musa, “ AKU ADALAH AKU. ” Lalu, Dia berfirman, “Kamu harus mengatakan ini kepada keturunan Israel, ‘ SANG AKU yang telah mengutusku kepadamu.’”","Firman Allah kepada Musa, “Akulah AKU ADA.” Lagi firman-Nya, “Beginilah harus kaukatakan kepada bani Israil, ‘AKU ADA telah mengutus aku kepadamu.’”",
Keluaran,3,15,Keluaran 3:15,وَقَالَ ٱللهُ أَيْضًا لِمُوسَى: «هَكَذَا تَقُولُ لِبَنِي إِسْرَائِيلَ: يَهْوَهْ إِلَهُ آبَائِكُمْ، إِلَهُ إِبْرَاهِيمَ وَإِلَهُ إِسْحَاقَ وَإِلَهُ يَعْقُوبَ أَرْسَلَنِي إِلَيْكُمْ. هَذَا ٱسْمِي إِلَى ٱلْأَبَدِ وَهَذَا ذِكْرِي إِلَى دَوْرٍ فَدَوْرٍ.,"Allah berfirman lagi kepada Musa, “Inilah yang harus kamu katakan kepada keturunan Israel, ‘TUHAN, Allah nenek moyangmu, Allah Abraham, Allah Ishak, dan Allah Yakub telah mengutusku kepadamu.’ Itulah nama-Ku untuk selama-lamanya dan itulah pengingat akan Aku, turun-temurun.","Firman ALLAH lagi kepada Musa, “Beginilah harus kaukatakan kepada bani Israil, ‘ALLAH, Tuhan yang disembah oleh nenek moyangmu Ibrahim, Ishak, dan Yakub, telah mengutus aku kepadamu.’ Itulah nama-Ku untuk selama-lamanya dan itulah nama untuk mengenang Aku turun-temurun.",
Keluaran,3,16,Keluaran 3:16,اِذْهَبْ وَٱجْمَعْ شُيُوخَ إِسْرَائِيلَ وَقُلْ لَهُمُ: ٱلرَّبُّ إِلَهُ آبَائِكُمْ، إِلَهُ إِبْرَاهِيمَ وَإِسْحَاقَ وَيَعْقُوبَ ظَهَرَ لِي قَائِلًا: إِنِّي قَدِ ٱفْتَقَدْتُكُمْ وَمَا صُنِعَ بِكُمْ فِي مِصْرَ.,"Pergilah, dan kumpulkanlah tua-tua Israel dan katakanlah kepada mereka bahwa TUHAN, Allah nenek moyangmu, Allah Abraham, Ishak, dan Yakub telah menampakkan diri kepadaku dan berfirman, ‘Sesungguhnya, Aku telah memperhatikanmu dan yang terjadi atasmu di Mesir.","Pergilah, kumpulkanlah para tua-tua bani Israil, dan katakanlah kepada mereka, ‘ALLAH, Tuhan yang disembah oleh nenek moyangmu Ibrahim, Ishak, dan Yakub telah menampakkan diri kepadaku. Ia berfirman, “Aku benar-benar telah memperhatikan kamu dan melihat apa yang dilakukan terhadapmu di Mesir.",
Keluaran,3,17,Keluaran 3:17,فَقُلْتُ أُصْعِدُكُمْ مِنْ مَذَلَّةِ مِصْرَ إِلَى أَرْضِ ٱلْكَنْعَانِيِّينَ وَٱلْحِثِّيِّينَ وَٱلْأَمُورِيِّينَ وَٱلْفِرِزِّيِّينَ وَٱلْحِوِّيِّينَ وَٱلْيَبُوسِيِّينَ، إِلَى أَرْضٍ تَفِيضُ لَبَنًا وَعَسَلًا.,"Aku telah berfirman bahwa Aku akan membawamu keluar dari penderitaan di Mesir ke negeri orang Kanaan, orang Het, orang Amori, orang Feris, orang Hewi, dan orang Yebus, yaitu negeri yang berlimpah susu dan madu.’","Maka, Aku berfirman bahwa Aku akan menuntun kamu keluar dari kesusahan di Mesir, ke negeri orang Kanaan, orang Het, orang Amori, orang Feris, orang Hewi, dan orang Yebus, yaitu negeri yang berlimpah susu dan madu.”’",
Keluaran,3,18,Keluaran 3:18,«فَإِذَا سَمِعُوا لِقَوْلِكَ، تَدْخُلُ أَنْتَ وَشُيُوخُ بَنِي إِسْرَائِيلَ إِلَى مَلِكِ مِصْرَ وَتَقُولُونَ لَهُ: ٱلرَّبُّ إِلَهُ ٱلْعِبْرَانِيِّينَ ٱلْتَقَانَا، فَٱلْآنَ نَمْضِي سَفَرَ ثَلَاثَةِ أَيَّامٍ فِي ٱلْبَرِّيَّةِ وَنَذْبَحُ لِلرَّبِّ إِلَهِنَا.,"Mereka akan mendengarkan suaramu. Setelah itu, kamu dan tua-tua Israel harus menghadap Raja Mesir dan kamu harus berkata kepadanya, ‘TUHAN, Allah orang Ibrani telah menjumpai kami. Sebab itu, biarkanlah kami pergi ke padang belantara sejauh tiga hari perjalanan supaya kami dapat berkurban untuk TUHAN, Allah kami.’","Mereka akan mendengarkan perkataanmu. Kemudian, pergilah engkau bersama para tua-tua bani Israil menghadap raja Mesir dan katakanlah kepadanya, ‘ALLAH, Tuhan yang disembah orang Ibrani, telah menjumpai kami. Maka sekarang, izinkanlah kami pergi ke padang belantara sejauh tiga hari perjalanan supaya kami dapat mempersembahkan kurban kepada ALLAH, Tuhan kami.’",
Keluaran,3,19,Keluaran 3:19,وَلَكِنِّي أَعْلَمُ أَنَّ مَلِكَ مِصْرَ لَا يَدَعُكُمْ تَمْضُونَ وَلَا بِيَدٍ قَوِيَّةٍ،,"Namun, Aku tahu bahwa Raja Mesir tidak akan memberimu izin untuk pergi, kecuali dengan tangan yang kuat.","Tetapi, Aku tahu bahwa raja Mesir tidak akan membiarkan kamu pergi kalau tidak dipaksa dengan tangan yang kuat.",
Keluaran,3,20,Keluaran 3:20,فَأَمُدُّ يَدِي وَأَضْرِبُ مِصْرَ بِكُلِّ عَجَائِبِي ٱلَّتِي أَصْنَعُ فِيهَا. وَبَعْدَ ذَلِكَ يُطْلِقُكُمْ.,"Jadi, Aku akan mengulurkan tangan-Ku dan memukul Mesir dengan segala keajaiban-keajaiban-Ku, yang akan Aku lakukan di tengah-tengah mereka. Setelah itu, dia akan melepasmu pergi.","Oleh karena itu, Aku akan mengulurkan tangan-Ku serta mengazab Mesir dengan segala perbuatan ajaib yang akan Kuadakan di tengah-tengah mereka. Sesudah itu, barulah ia akan mengizinkan kamu pergi.",
Keluaran,3,21,Keluaran 3:21,وَأُعْطِي نِعْمَةً لِهَذَا ٱلشَّعْبِ فِي عُيُونِ ٱلْمِصْرِيِّينَ. فَيَكُونُ حِينَمَا تَمْضُونَ أَنَّكُمْ لَا تَمْضُونَ فَارِغِينَ.,"Aku pun akan memberikan kemurahan hati kepada bangsa ini dalam pandangan orang Mesir sehingga ketika kamu pergi, kamu tidak akan pergi dengan tangan kosong.","Akan Kubuat orang-orang Mesir berbaik hati kepada bangsa ini sehingga apabila kamu pergi nanti, kamu tidak akan pergi dengan tangan hampa.",
Keluaran,3,22,Keluaran 3:22,بَلْ تَطْلُبُ كُلُّ ٱمْرَأَةٍ مِنْ جَارَتِهَا وَمِنْ نَزِيلَةِ بَيْتِهَا أَمْتِعَةَ فِضَّةٍ وَأَمْتِعَةَ ذَهَبٍ وَثِيَابًا، وَتَضَعُونَهَا عَلَى بَنِيكُمْ وَبَنَاتِكُمْ. فَتَسْلُبُونَ ٱلْمِصْرِيِّينَ».,"Setiap perempuan harus meminta barang-barang perak, barang-barang emas, dan pakaian dari tetangganya maupun dari perempuan yang tinggal sementara di rumahnya. Kamu harus mengenakannya pada anak laki-lakimu dan anak perempuanmu. Demikianlah kamu akan merampasi orang Mesir.”","Setiap perempuan harus meminta dari tetangganya dan dari pendatang perempuan yang tinggal di rumahnya barang-barang perak, barang-barang emas, dan pakaian. Semua itu akan kamu kenakan pada anak-anakmu, baik laki-laki maupun perempuan. Demikianlah akan kamu rampasi harta orang Mesir.”",
Keluaran,4,1,Keluaran 4:1,فَأَجَابَ مُوسَى وَقَالَ: «وَلَكِنْ هَا هُمْ لَا يُصَدِّقُونَنِي وَلَا يَسْمَعُونَ لِقَوْلِي، بَلْ يَقُولُونَ: لَمْ يَظْهَرْ لَكَ ٱلرَّبُّ».,"Musa menjawab dan berkata, “Namun, lihatlah, mereka tidak akan percaya kepadaku atau tidak mau mendengarkan suaraku sebab mereka akan berkata, ‘TUHAN tidak menampakkan diri kepadamu.’”","Jawab Musa, “Tetapi, mereka tidak akan percaya kepadaku atau mendengarkan perkataanku. Mereka mungkin akan berkata, ‘ALLAH tidak menampakkan diri kepadamu!’”",
Keluaran,4,2,Keluaran 4:2,فَقَالَ لَهُ ٱلرَّبُّ: «مَا هَذِهِ فِي يَدِكَ؟» فَقَالَ: «عَصًا».,"TUHAN berfirman kepadanya, “Apa yang ada di tanganmu itu?” Dia berkata, “Sebatang tongkat.”","Firman ALLAH kepadanya, “Apa yang ada di tanganmu itu?” Jawab Musa, “Tongkat.”",
Keluaran,4,3,Keluaran 4:3,فَقَالَ: «ٱطْرَحْهَا إِلَى ٱلْأَرْضِ». فَطَرَحَهَا إِلَى ٱلْأَرْضِ فَصَارَتْ حَيَّةً، فَهَرَبَ مُوسَى مِنْهَا.,"Kemudian, Dia berfirman, “Lemparkanlah itu ke tanah!” Dia melemparkannya ke tanah dan tongkat itu menjadi seekor ular sehingga Musa lari darinya.","Firman-Nya, “Campakkanlah ke tanah.” Musa pun mencampakkannya ke tanah, lalu tongkat itu menjadi ular sehingga ia lari meninggalkannya.",
Keluaran,4,4,Keluaran 4:4,ثُمَّ قَالَ ٱلرَّبُّ لِمُوسَى: «مُدَّ يَدَكَ وَأَمْسِكْ بِذَنَبِهَا». فَمَدَّ يَدَهُ وَأَمْسَكَ بِهِ، فَصَارَتْ عَصًا فِي يَدِهِ.,"Lalu, TUHAN berfirman kepada Musa, “Ulurkan tanganmu dan tangkaplah ekornya.” Dia mengulurkan tangannya dan memegangnya, lalu ular itu menjadi sebatang tongkat di tangannya.","Firman ALLAH kepada Musa, “Ulurkanlah tanganmu dan tangkaplah ekornya.” Musa mengulurkan tangannya dan menangkapnya, lalu ular itu menjadi tongkat kembali di tangannya.",
Keluaran,4,5,Keluaran 4:5,«لِكَيْ يُصَدِّقُوا أَنَّهُ قَدْ ظَهَرَ لَكَ ٱلرَّبُّ إِلَهُ آبَائِهِمْ، إِلَهُ إِبْرَاهِيمَ وَإِلَهُ إِسْحَاقَ وَإِلَهُ يَعْقُوبَ».,"“Dengan demikian, mereka akan percaya bahwa TUHAN, Allah nenek moyangmu, Allah Abraham, Allah Ishak, dan Allah Yakub telah menampakkan diri kepadamu.”","“Lakukanlah hal itu supaya mereka percaya bahwa ALLAH, Tuhan yang disembah nenek moyang mereka Ibrahim, Ishak, dan Yakub, telah menampakkan diri kepadamu.”",
Keluaran,4,6,Keluaran 4:6,ثُمَّ قَالَ لَهُ ٱلرَّبُّ أَيْضًا: «أَدْخِلْ يَدَكَ فِي عُبِّكَ». فَأَدْخَلَ يَدَهُ فِي عُبِّهِ ثُمَّ أَخْرَجَهَا، وَإِذَا يَدُهُ بَرْصَاءُ مِثْلَ ٱلثَّلْجِ.,"Kemudian, TUHAN berfirman lagi kepadanya, “Sekarang, masukkanlah tanganmu ke dalam jubahmu.” Dia pun memasukkan tangannya ke dalam jubahnya. Ketika dia mengeluarkannya, lihatlah, tangannya kena kusta seperti salju.","Firman ALLAH lagi kepadanya, “Masukkanlah tanganmu ke dalam bajumu.” Musa memasukkan tangannya ke dalam bajunya. Setelah dikeluarkan, tampak tangannya kena kusta, putih seperti salju.",
Keluaran,4,7,Keluaran 4:7,ثُمَّ قَالَ لَهُ: «رُدَّ يَدَكَ إِلَى عُبِّكَ». فَرَدَّ يَدَهُ إِلَى عُبِّهِ ثُمَّ أَخْرَجَهَا مِنْ عُبِّهِ، وَإِذَا هِيَ قَدْ عَادَتْ مِثْلَ جَسَدِهِ.,"Lalu, Allah berfirman, “Masukanlah kembali tanganmu ke dalam jubahmu.” Dia pun memasukkan kembali tangannya ke dalam jubahnya. Ketika dia mengeluarkannya dari dalam jubahnya, lihatlah, tangannya pulih kembali seperti sekujur tubuhnya.","Firman Allah, “Masukkan kembali tanganmu ke dalam bajumu.” Ia pun memasukkan kembali tangannya ke dalam bajunya. Setelah dikeluarkan lagi dari dalam bajunya, tampak tangannya itu pulih kembali, sama seperti sekujur tubuhnya.",
Keluaran,4,8,Keluaran 4:8,«فَيَكُونُ إِذَا لَمْ يُصَدِّقُوكَ وَلَمْ يَسْمَعُوا لِصَوْتِ ٱلْآيَةِ ٱلْأُولَى، أَنَّهُمْ يُصَدِّقُونَ صَوْتَ ٱلْآيَةِ ٱلْأَخِيرَةِ.,"“Hal ini akan terjadi, jika mereka tidak percaya kepadamu dan tidak mau mendengarkan suaramu sejak tanda yang pertama, mereka akan percaya dengan suara dari tanda berikutnya.","“Jadi, jika mereka tidak percaya kepadamu dan tidak mengindahkan tanda ajaib yang pertama, mereka akan percaya setelah melihat tanda ajaib berikutnya.",
Keluaran,4,9,Keluaran 4:9,وَيَكُونُ إِذَا لَمْ يُصَدِّقُوا هَاتَيْنِ ٱلْآيَتَيْنِ، وَلَمْ يَسْمَعُوا لِقَوْلِكَ، أَنَّكَ تَأْخُذُ مِنْ مَاءِ ٱلنَّهْرِ وَتَسْكُبُ عَلَى ٱلْيَابِسَةِ، فَيَصِيرُ ٱلْمَاءُ ٱلَّذِي تَأْخُذُهُ مِنَ ٱلنَّهْرِ دَمًا عَلَى ٱلْيَابِسَةِ».,"Jika mereka tidak percaya juga dengan dua tanda tersebut atau tidak mau mendengarkan suaramu, kamu harus mengambil air dari sungai dan mencurahkannya ke atas tanah yang kering. Lalu, air yang kamu ambil dari sungai itu akan menjadi darah di atas tanah kering itu.”","Akan tetapi, jika mereka tidak juga percaya setelah melihat kedua tanda itu dan tidak mendengarkan perkataanmu, ambillah air Sungai Nil, lalu curahkanlah ke tanah yang kering, maka air yang kauambil dari Sungai Nil itu akan menjadi darah di tanah yang kering itu.”",
Keluaran,4,10,Keluaran 4:10,فَقَالَ مُوسَى لِلرَّبِّ: «ٱسْتَمِعْ أَيُّهَا ٱلسَّيِّدُ، لَسْتُ أَنَا صَاحِبَ كَلَامٍ مُنْذُ أَمْسِ وَلَا أَوَّلِ مِنْ أَمْسِ، وَلَا مِنْ حِينِ كَلَّمْتَ عَبْدَكَ، بَلْ أَنَا ثَقِيلُ ٱلْفَمِ وَٱللِّسَانِ».,"Namun, Musa berkata kepada TUHAN, “Oh, Tuhanku, aku bukan orang yang pandai berkata-kata, baik dahulu maupun sejak Engkau berfirman kepada hamba-Mu ini. Sebab, aku lambat berbicara dan lambat lidah.”","Namun, kata Musa kepada ALLAH, “Ya Rabbi, hamba-Mu ini bukanlah orang yang pandai bicara, baik dahulu maupun sekarang, saat Engkau berfirman kepada hamba-Mu ini karena hamba-Mu ini berat mulut dan berat lidah.”",
Keluaran,4,11,Keluaran 4:11,فَقَالَ لَهُ ٱلرَّبُّ: «مَنْ صَنَعَ لِلْإِنْسَانِ فَمًا؟ أَوْ مَنْ يَصْنَعُ أَخْرَسَ أَوْ أَصَمَّ أَوْ بَصِيرًا أَوْ أَعْمَى؟ أَمَا هُوَ أَنَا ٱلرَّبُّ؟,"Kemudian, TUHAN berfirman kepadanya, “Siapakah yang membuat mulut manusia? Siapakah yang menjadikan orang bisu, atau tuli, atau melihat, atau buta? Bukankah Aku, TUHAN?","Firman ALLAH kepadanya, “Siapakah yang menjadikan mulut manusia? Siapakah yang menjadikan orang bisu atau tuli, melek atau buta? Bukankah Aku, yaitu ALLAH?",
Keluaran,4,12,Keluaran 4:12,فَٱلْآنَ ٱذْهَبْ وَأَنَا أَكُونُ مَعَ فَمِكَ وَأُعَلِّمُكَ مَا تَتَكَلَّمُ بِهِ».,"Jadi, sekarang pergilah! Aku akan menyertai mulutmu dan mengajarkan kepadamu apa yang harus kamu ucapkan.”","Sekarang, pergilah. Aku akan menolong engkau berbicara dan Aku akan mengajari engkau apa yang harus kaukatakan.”",
Keluaran,4,13,Keluaran 4:13,فَقَالَ: «ٱسْتَمِعْ أَيُّهَا ٱلسَّيِّدُ، أَرْسِلْ بِيَدِ مَنْ تُرْسِلُ».,"Namun, dia berkata, “Oh, Tuhanku, aku mohon, utuslah orang lain saja.”","Akan tetapi, Musa berkata, “Ya Rabbi, hamba mohon utuslah yang lain, siapa saja yang patut Kauutus.”",
Keluaran,4,14,Keluaran 4:14,فَحَمِيَ غَضَبُ ٱلرَّبِّ عَلَى مُوسَى وَقَالَ: «أَلَيْسَ هَارُونُ ٱللَّاوِيُّ أَخَاكَ؟ أَنَا أَعْلَمُ أَنَّهُ هُوَ يَتَكَلَّمُ، وَأَيْضًا هَا هُوَ خَارِجٌ لِٱسْتِقْبَالِكَ. فَحِينَمَا يَرَاكَ يَفْرَحُ بِقَلْبِهِ،,"Kemarahan TUHAN pun menyala atas Musa, dan Dia berfirman, “Bukankah Harun, orang Lewi itu, kakakmu? Aku tahu, dia pandai berkata-kata. Lihat, dia akan datang untuk menemuimu. Ketika dia menemuimu, dia akan bersukacita dalam hatinya.","Maka, menyalalah murka ALLAH terhadap Musa, firman-Nya, “Bukankah ada Harun, abangmu, orang Lewi itu? Aku tahu, ia pandai bicara. Lagi pula, ia telah berangkat untuk menemuimu. Begitu ia melihat engkau, hatinya akan bersukacita.",
Keluaran,4,15,Keluaran 4:15,فَتُكَلِّمُهُ وَتَضَعُ ٱلْكَلِمَاتِ فِي فَمِهِ، وَأَنَا أَكُونُ مَعَ فَمِكَ وَمَعَ فَمِهِ، وَأُعْلِمُكُمَا مَاذَا تَصْنَعَانِ.,"Kamu harus berbicara dengannya dan menaruh perkataan-perkataan itu dalam mulutnya, dan Aku akan menyertai mulutmu dan mulutnya, dan akan mengajarkan kepadamu apa yang harus kalian lakukan.","Engkau harus berbicara dengannya dan memberitahukan perkataan tadi kepadanya. Aku akan menolong engkau dan dia untuk berbicara, dan Aku akan memberitahukan kepadamu apa yang harus kamu lakukan.",
Keluaran,4,16,Keluaran 4:16,وَهُوَ يُكَلِّمُ ٱلشَّعْبَ عَنْكَ. وَهُوَ يَكُونُ لَكَ فَمًا، وَأَنْتَ تَكُونُ لَهُ إِلَهًا.,"Jadi, dia harus berbicara bagimu kepada bangsa itu. Dia akan berbicara kepada bangsa itu bagimu, dan dia akan menjadi mulutmu, dan kamu akan menjadi seperti Allah baginya.","Ia harus berbicara kepada bangsa itu mewakilimu. Bagimu ia seolah-olah mulutmu, dan baginya engkau seolah-olah Tuhan.",
Keluaran,4,17,Keluaran 4:17,وَتَأْخُذُ فِي يَدِكَ هَذِهِ ٱلْعَصَا ٱلَّتِي تَصْنَعُ بِهَا ٱلْآيَاتِ».,"Kamu juga harus membawa tongkat ini di tanganmu, yang dengan itu kamu akan membuat tanda-tanda.”",Bawalah tongkat ini karena dengan tongkat inilah engkau akan mengadakan tanda-tanda ajaib.”,
Keluaran,4,18,Keluaran 4:18,فَمَضَى مُوسَى وَرَجَعَ إِلَى يَثْرُونَ حَمِيهِ وَقَالَ لَهُ: «أَنَا أَذْهَبُ وَأَرْجِعُ إِلَى إِخْوَتِي ٱلَّذِينَ فِي مِصْرَ لِأَرَى هَلْ هُمْ بَعْدُ أَحْيَاءٌ». فَقَالَ يَثْرُونُ لِمُوسَى: «ٱذْهَبْ بِسَلَامٍ».,"Kemudian, Musa kembali kepada Yitro, ayah mertuanya dan berkata kepadanya, “Aku mohon, izinkan aku pergi dan kembali kepada saudara-saudaraku yang berada di Mesir untuk melihat apakah mereka masih hidup?” Yitro berkata kepada Musa, “Pergilah dalam damai.”","Lalu, Musa pun kembali kepada mertuanya, Syu’aib, serta berkata kepadanya, “Izinkanlah aku kembali kepada saudara-saudaraku yang ada di Mesir untuk melihat apakah mereka masih hidup.” Kata Syu’aib kepada Musa, “Pergilah dengan selamat.”",
Keluaran,4,19,Keluaran 4:19,وَقَالَ ٱلرَّبُّ لِمُوسَى فِي مِدْيَانَ: «ٱذْهَبْ ٱرْجِعْ إِلَى مِصْرَ، لِأَنَّهُ قَدْ مَاتَ جَمِيعُ ٱلْقَوْمِ ٱلَّذِينَ كَانُوا يَطْلُبُونَ نَفْسَكَ».,"TUHAN telah berfirman kepada Musa di Midian, “Kembalilah ke Mesir karena orang-orang yang mengincar nyawamu sudah mati.”","Sebelumnya, ALLAH telah berfirman kepada Musa di Midian, “Kembalilah ke Mesir karena orang-orang yang hendak mengincar nyawamu sudah mati.”",
Keluaran,4,20,Keluaran 4:20,فَأَخَذَ مُوسَى ٱمْرَأَتَهُ وَبَنِيهِ وَأَرْكَبَهُمْ عَلَى ٱلْحَمِيرِ وَرَجَعَ إِلَى أَرْضِ مِصْرَ. وَأَخَذَ مُوسَى عَصَا ٱللهِ فِي يَدِهِ.,"Setelah itu, Musa menaikkan istri dan anak-anaknya ke atas keledai dan kembali ke tanah Mesir. Musa membawa tongkat Allah di tangannya.","Kemudian, Musa membawa istri dan anak-anaknya. Dinaikkannya mereka ke atas seekor keledai, lalu kembalilah ia ke Tanah Mesir. Tongkat Allah pun dibawanya di tangannya.",
Keluaran,4,21,Keluaran 4:21,وَقَالَ ٱلرَّبُّ لِمُوسَى: «عِنْدَمَا تَذْهَبُ لِتَرْجِعَ إِلَى مِصْرَ، ٱنْظُرْ جَمِيعَ ٱلْعَجَائِبِ ٱلَّتِي جَعَلْتُهَا فِي يَدِكَ وَٱصْنَعْهَا قُدَّامَ فِرْعَوْنَ. وَلَكِنِّي أُشَدِّدُ قَلْبَهُ حَتَّى لَا يُطْلِقَ ٱلشَّعْبَ.,"TUHAN berfirman kepada Musa, “Ketika kamu kembali ke Mesir, ingatlah akan segala keajaiban yang telah Aku serahkan ke dalam tanganmu dan lakukanlah itu di hadapan Firaun. Namun, Aku akan mengeraskan hatinya supaya dia tidak membiarkan bangsa itu pergi.","Firman ALLAH kepada Musa, “Sementara engkau kembali ke Mesir, ingatlah semua tanda ajaib yang telah Kuserahkan ke dalam wewenangmu. Buatlah semua itu di hadapan Firaun. Namun, Aku akan mengeraskan hatinya sehingga ia tidak mengizinkan bangsa itu pergi.",
Keluaran,4,22,Keluaran 4:22,فَتَقُولُ لِفِرْعَوْنَ: هَكَذَا يَقُولُ ٱلرَّبُّ: إِسْرَائِيلُ ٱبْنِي ٱلْبِكْرُ.,"Kemudian, kamu harus berkata kepada Firaun, ‘Inilah firman TUHAN: Israel adalah anak-Ku, anak sulung-Ku.","Katakanlah kepada Firaun, ‘Beginilah firman ALLAH, “Israil itu anak-Ku yang sulung,",
Keluaran,4,23,Keluaran 4:23,فَقُلْتُ لَكَ: أَطْلِقِ ٱبْنِي لِيَعْبُدَنِي، فَأَبَيْتَ أَنْ تُطْلِقَهُ. هَا أَنَا أَقْتُلُ ٱبْنَكَ ٱلْبِكْرَ».,"Karena itu, Aku berfirman kepadamu untuk melepaskan anak-Ku supaya mereka dapat melayani-Ku. Jika kamu menolak untuk membiarkannya pergi, lihatlah, Aku akan membunuh anakmu, anak sulungmu.’”","dan Aku berfirman kepadamu: Izinkanlah anak-Ku itu pergi supaya ia beribadah kepada-Ku. Jika engkau tidak mengizinkannya pergi, maka Aku akan menewaskan anakmu, anakmu yang sulung.”’”",
Keluaran,4,24,Keluaran 4:24,وَحَدَثَ فِي ٱلطَّرِيقِ فِي ٱلْمَنْزِلِ أَنَّ ٱلرَّبَّ ٱلْتَقَاهُ وَطَلَبَ أَنْ يَقْتُلَهُ.,"Dalam perjalanannya, di suatu tempat bermalam, TUHAN menjumpainya dan bermaksud untuk membunuhnya.","Di tengah perjalanan, di suatu tempat bermalam, ALLAH menjumpai anak sulung Musa dan bermaksud mengambil nyawanya.",
Keluaran,4,25,Keluaran 4:25,فَأَخَذَتْ صَفُّورَةُ صَوَّانَةً وَقَطَعَتْ غُرْلَةَ ٱبْنِهَا وَمَسَّتْ رِجْلَيْهِ. فَقَالَتْ: «إِنَّكَ عَرِيسُ دَمٍ لِي».,"Kemudian, Zipora mengambil batu tajam untuk mengerat kulit khitan anaknya, dan dia melemparkannya ke kaki Musa, katanya, “Sesungguhnya, kamu adalah mempelai darah bagiku.”","Tetapi, Zipora mengambil pisau batu, lalu mengerat kulit khatan anaknya. Setelah itu, ia menyentuhkannya pada kaki suaminya sambil berkata, “Sesungguhnya, engkau seorang pengantin darah bagiku.”",
Keluaran,4,26,Keluaran 4:26,فَٱنْفَكَّ عَنْهُ. حِينَئِذٍ قَالَتْ: «عَرِيسُ دَمٍ مِنْ أَجْلِ ٱلْخِتَانِ».,"Sebab itu, Allah membiarkannya. Kemudian, Zipora berkata, “Mempelai darah,” mengenai sunat itu.","Maka, Allah membiarkan anak itu. Pada waktu itulah perempuan itu berkata, “Engkau seorang pengantin darah,” sehubungan dengan pengkhitanan itu.",
Keluaran,4,27,Keluaran 4:27,وَقَالَ ٱلرَّبُّ لِهَارُونَ: «ٱذْهَبْ إِلَى ٱلْبَرِّيَّةِ لِٱسْتِقْبَالِ مُوسَى». فَذَهَبَ وَٱلْتَقَاهُ فِي جَبَلِ ٱللهِ وَقَبَّلَهُ.,"TUHAN berfirman kepada Harun, “Pergilah ke padang belantara untuk menjumpai Musa.” Lalu, dia pergi, dan berjumpa dengan Musa di gunung Allah, dan menciumnya.","Sementara itu, ALLAH berfirman kepada Harun, “Pergilah ke padang belantara menemui Musa.” Maka, Harun pun pergi. Ia bertemu dengan Musa di gunung Allah, lalu menciumnya.",
Keluaran,4,28,Keluaran 4:28,فَأَخْبَرَ مُوسَى هَارُونَ بِجَمِيعِ كَلَامِ ٱلرَّبِّ ٱلَّذِي أَرْسَلَهُ، وَبِكُلِّ ٱلْآيَاتِ ٱلَّتِي أَوْصَاهُ بِهَا.,"Musa mengatakan kepada Harun mengenai semua perkataan TUHAN, yang telah mengutusnya, dan tentang semua tanda yang telah diperintahkan-Nya.","Kemudian, Musa memberitahukan kepada Harun semua perkataan yang ALLAH suruh ia sampaikan dan semua tanda ajaib yang harus dibuatnya, seperti yang diperintahkan-Nya.",
Keluaran,4,29,Keluaran 4:29,ثُمَّ مَضَى مُوسَى وَهَارُونُ وَجَمَعَا جَمِيعَ شُيُوخِ بَنِي إِسْرَائِيلَ.,"Kemudian, Musa dan Harun pergi untuk mengumpulkan semua tua-tua keturunan Israel.","Setelah itu, pergilah Musa dan Harun. Mereka mengumpulkan semua tua-tua bani Israil,",
Keluaran,4,30,Keluaran 4:30,فَتَكَلَّمَ هَارُونُ بِجَمِيعِ ٱلْكَلَامِ ٱلَّذِي كَلَّمَ ٱلرَّبُّ مُوسَى بِهِ، وَصَنَعَ ٱلْآيَاتِ أَمَامَ عُيُونِ ٱلشَّعْبِ.,Harun menyampaikan semua firman yang telah TUHAN katakan kepada Musa serta melakukan tanda-tanda itu di hadapan orang-orang itu.,"lalu Harun menyampaikan kepada mereka semua yang difirmankan ALLAH kepada Musa, serta membuat tanda-tanda ajaib di depan mata bangsa itu.",
Keluaran,4,31,Keluaran 4:31,فَآمَنَ ٱلشَّعْبُ. وَلَمَّا سَمِعُوا أَنَّ ٱلرَّبَّ ٱفْتَقَدَ بَنِي إِسْرَائِيلَ وَأَنَّهُ نَظَرَ مَذَلَّتَهُمْ، خَرُّوا وَسَجَدُوا.,"Sebab itu, orang-orang itu percaya. Ketika mereka mendengar bahwa TUHAN telah memperhatikan keturunan Israel dan Dia telah melihat kesengsaraan mereka, mereka menundukkan kepala mereka dan menyembah.","Maka, percayalah bangsa itu, dan ketika mereka mendengar bahwa ALLAH telah memperhatikan bani Israil serta melihat kesusahan mereka, membungkuklah mereka serta sujud menyembah.",
Keluaran,5,1,Keluaran 5:1,وَبَعْدَ ذَلِكَ دَخَلَ مُوسَى وَهَارُونُ وَقَالَا لِفِرْعَوْنَ: «هَكَذَا يَقُولُ ٱلرَّبُّ إِلَهُ إِسْرَائِيلَ: أَطْلِقْ شَعْبِي لِيُعَيِّدُوا لِي فِي ٱلْبَرِّيَّةِ».,"Setelah itu, Musa dan Harun pergi dan berkata kepada Firaun, “Inilah firman TUHAN, Allah Israel, ‘Biarkanlah umat-Ku pergi supaya mereka dapat mengadakan perayaan bagi-Ku di padang belantara.’”","Sesudah itu, pergilah Musa dan Harun menghadap Firaun, lalu berkata, “Beginilah firman ALLAH, Tuhan yang disembah bani Israil, ‘Izinkanlah umat-Ku pergi supaya mereka dapat mengadakan perayaan bagi-Ku di padang belantara.’”",
Keluaran,5,2,Keluaran 5:2,فَقَالَ فِرْعَوْنُ: «مَنْ هُوَ ٱلرَّبُّ حَتَّى أَسْمَعَ لِقَوْلِهِ فَأُطْلِقَ إِسْرَائِيلَ؟ لَا أَعْرِفُ ٱلرَّبَّ، وَإِسْرَائِيلَ لَا أُطْلِقُهُ».,"Namun, Firaun berkata, “Siapa itu TUHAN? Apa aku harus taat kepada suara-Nya dan membiarkan orang Israel pergi? Aku tidak kenal TUHAN dan Aku tidak akan membiarkan orang Israel pergi!”","Tetapi, kata Firaun, “Siapakah ALLAH itu sehingga aku harus mematuhi-Nya dan mengizinkan bani Israil pergi? Aku tidak kenal ALLAH itu dan aku pun tidak mengizinkan bani Israil pergi.”",
Keluaran,5,3,Keluaran 5:3,فَقَالَا: «إِلَهُ ٱلْعِبْرَانِيِّينَ قَدِ ٱلْتَقَانَا، فَنَذْهَبُ سَفَرَ ثَلَاثَةِ أَيَّامٍ فِي ٱلْبَرِّيَّةِ وَنَذْبَحُ لِلرَّبِّ إِلَهِنَا، لِئَلَّا يُصِيبَنَا بِٱلْوَبَإِ أَوْ بِٱلسَّيْفِ».,"Kemudian, mereka berkata, “Allah orang Ibrani telah menjumpai kami. Kami mohon, izinkanlah kami pergi sejauh tiga hari perjalanan ke padang belantara untuk mempersembahkan kurban kepada TUHAN, Allah kami, supaya Dia tidak menimpakan wabah penyakit atau pedang atas kami.”","Kemudian, mereka berkata, “Tuhan yang disembah orang Ibrani menjumpai kami. Izinkanlah kami pergi sejauh tiga hari perjalanan ke padang belantara dan mempersembahkan kurban kepada ALLAH, Tuhan kami, supaya jangan Ia mengazab kami dengan penyakit sampar atau pedang.”",
Keluaran,5,4,Keluaran 5:4,فَقَالَ لَهُمَا مَلِكُ مِصْرَ: «لِمَاذَا يَا مُوسَى وَهَارُونُ تُبَطِّلَانِ ٱلشَّعْبَ مِنْ أَعْمَالِهِ؟ اِذْهَبَا إِلَى أَثْقَالِكُمَا».,"Namun, Raja Mesir berkata kepada mereka, “Musa dan Harun! Mengapa kalian menghentikan orang-orang itu dari pekerjaannya? Kembali saja pada pekerjaan kalian!”","Tetapi, kata raja Mesir kepada mereka, “Musa dan Harun, mengapa kamu menghambat pekerjaan bangsa itu? Pergilah, lakukan saja pekerjaanmu!”",
Keluaran,5,5,Keluaran 5:5,وَقَالَ فِرْعَوْنُ: «هُوَذَا ٱلْآنَ شَعْبُ ٱلْأَرْضِ كَثِيرٌ وَأَنْتُمَا تُرِيحَانِهِمْ مِنْ أَثْقَالِهِمْ».,"Firaun berkata lagi, “Lihat! Orang-orang itu sudah terlalu banyak di tanah ini dan kamu menghentikan mereka dari pekerjaannya!”","Lagi kata Firaun, “Lihat, sekarang sudah begitu banyak bangsa itu di negeri ini, dan kamu menghentikan mereka dari pekerjaannya.”",
Keluaran,5,6,Keluaran 5:6,فَأَمَرَ فِرْعَوْنُ فِي ذَلِكَ ٱلْيَوْمِ مُسَخِّرِي ٱلشَّعْبِ وَمُدَبِّرِيهِ قَائِلًا:,"Pada hari itu juga, Firaun bertitah kepada para mandor bangsa itu dan kepada kepala tukangnya, katanya,","Maka, pada hari itu juga Firaun memberi perintah kepada pengerah-pengerah bangsa itu dan kepada mandur-mandur mereka demikian,",
Keluaran,5,7,Keluaran 5:7,«لَا تَعُودُوا تُعْطُونَ ٱلشَّعْبَ تِبْنًا لِصُنْعِ ٱللِّبْنِ كَأَمْسِ وَأَوَّلَ مِنْ أَمْسِ. لِيَذْهَبُوا هُمْ وَيَجْمَعُوا تِبْنًا لِأَنْفُسِهِمْ.,“Kalian tidak boleh lagi memberikan jerami kepada bangsa itu untuk membuat batu bata seperti sebelumnya. Biar mereka sendiri yang pergi dan mengumpulkan jerami.,“Jangan lagi kamu beri bangsa itu jerami untuk membuat batu bata seperti sebelumnya. Biarkan mereka sendiri pergi mengumpulkan jerami.,
Keluaran,5,8,Keluaran 5:8,وَمِقْدَارَ ٱللِّبْنِ ٱلَّذِي كَانُوا يَصْنَعُونَهُ أَمْسِ، وَأَوَّلَ مِنْ أَمْسِ تَجْعَلُونَ عَلَيْهِمْ. لَا تَنْقُصُوا مِنْهُ، فَإِنَّهُمْ مُتَكَاسِلُونَ، لِذَلِكَ يَصْرُخُونَ قَائِلِينَ: نَذْهَبُ وَنَذْبَحُ لِإِلَهِنَا.,"Namun, jumlah batu bata yang sudah mereka buat selama tiga hari terakhir ini harus tetap kalian bebankan kepada mereka. Kalian tidak boleh menguranginya sebab mereka itu malas. Itulah sebabnya, mereka menuntut dan berkata, ‘Biarkan kami pergi untuk berkurban kepada Allah kami.’","Namun, jumlah batu bata yang harus mereka buat sama banyaknya dengan yang mereka buat sebelumnya, jangan kurang. Mereka itu pemalas. Itulah sebabnya, mereka berseru-seru, ‘Izinkanlah kami pergi mempersembahkan kurban kepada Tuhan kami.’",
Keluaran,5,9,Keluaran 5:9,لِيُثَقَّلِ ٱلْعَمَلُ عَلَى ٱلْقَوْمِ حَتَّى يَشْتَغِلُوا بِهِ وَلَا يَلْتَفِتُوا إِلَى كَلَامِ ٱلْكَذِبِ».,"Jadi, pekerjaan orang-orang itu harus diperberat supaya mereka tetap mengerjakannya dan tidak menghiraukan kata-kata dusta.”",Pekerjaan orang-orang itu harus diperberat supaya mereka terus bekerja dan tidak menghiraukan perkataan dusta.”,
Keluaran,5,10,Keluaran 5:10,فَخَرَجَ مُسَخِّرُو ٱلشَّعْبِ وَمُدَبِّرُوهُ وَكَلَّمُوا ٱلشَّعْبَ، قَائِلِينَ: «هَكَذَا يَقُولُ فِرْعَوْنُ: لَسْتُ أُعْطِيكُمْ تِبْنًا.,"Sebab itu, para mandor bangsa itu dan kepala-kepala tukangnya pergi untuk menyampaikannya kepada bangsa itu, katanya, “Inilah titah Firaun, ‘Aku tidak akan memberikan jerami lagi kepada kalian.","Maka, keluarlah para pengerah bangsa itu dan para mandurnya, lalu kepada bangsa itu mereka berkata, “Beginilah titah Firaun, ‘Aku tidak akan memberi jerami lagi kepadamu.",
Keluaran,5,11,Keluaran 5:11,ٱذْهَبُوا أَنْتُمْ وَخُذُوا لِأَنْفُسِكُمْ تِبْنًا مِنْ حَيْثُ تَجِدُونَ. إِنَّهُ لَا يُنْقَصُ مِنْ عَمَلِكُمْ شَيْءٌ».,"Kalian sendiri yang harus pergi mendapatkan jerami di mana pun kalian dapat menemukannya. Namun, pekerjaanmu tidak boleh berkurang sedikit pun.’”","Pergilah dan carilah sendiri jerami di mana saja bisa kamu dapat. Akan tetapi, pekerjaanmu tidak boleh kurang sedikit pun.’”",
Keluaran,5,12,Keluaran 5:12,فَتَفَرَّقَ ٱلشَّعْبُ فِي كُلِّ أَرْضِ مِصْرَ لِيَجْمَعُوا قَشًّا عِوَضًا عَنِ ٱلتِّبْنِ.,Bangsa itu pun berpencar ke seluruh tanah Mesir untuk mengumpulkan tunggul jerami.,"Jadi, berpencarlah bangsa itu ke seluruh Tanah Mesir untuk mengumpulkan tunggul jerami sebagai pengganti jerami.",
Keluaran,5,13,Keluaran 5:13,وَكَانَ ٱلْمُسَخِّرُونَ يُعَجِّلُونَهُمْ قَائِلِينَ: «كَمِّلُوا أَعْمَالَكُمْ، أَمْرَ كُلِّ يَوْمٍ بِيَوْمِهِ، كَمَا كَانَ حِينَمَا كَانَ ٱلتِّبْنُ».,"Para mandor menindas mereka, katanya, “Penuhi pekerjaan kalian sehari-hari sebagaimana yang dititahkan, seperti ketika masih ada jerami.”","Para pengerah pun mendesak mereka dengan berkata, “Selesaikanlah pekerjaanmu sehari-hari seperti biasanya, pada waktu masih ada jerami.”",
Keluaran,5,14,Keluaran 5:14,فَضُرِبَ مُدَبِّرُو بَنِي إِسْرَائِيلَ ٱلَّذِينَ أَقَامَهُمْ عَلَيْهِمْ مُسَخِّرُو فِرْعَوْنَ، وَقِيلَ لَهُمْ: «لِمَاذَا لَمْ تُكَمِّلُوا فَرِيضَتَكُمْ مِنْ صُنْعِ ٱللِّبْنِ أَمْسِ وَٱلْيَوْمَ كَٱلْأَمْسِ وَأَوَّلَ مِنْ أَمْسِ؟».,"Para mandor Firaun memukuli para kepala tukang dari keturunan Israel, yang mereka angkat atas bangsa itu dan berkata, “Mengapa kalian belum memenuhi pekerjaanmu, baik kemarin maupun hari ini, untuk membuat batu bata sebanyak sebelumnya?”","Lalu, para pengerah Firaun memukuli para mandur bani Israil yang mereka angkat atas bangsa itu sambil berkata, “Mengapa kemarin atau pun hari ini jumlah batu bata yang kamu buat tidak sesuai dengan ketentuan, yaitu seperti dahulu?”",
Keluaran,5,15,Keluaran 5:15,فَأَتَى مُدَبِّرُو بَنِي إِسْرَائِيلَ وَصَرَخُوا إِلَى فِرْعَوْنَ قَائِلِينَ: «لِمَاذَا تَفْعَلُ هَكَذَا بِعَبِيدِكَ؟,"Kemudian, para kepala tukang dari keturunan Israel itu menghadap dan berseru kepada Firaun, katanya, “Mengapa engkau memperlakukan hamba-hambamu seperti ini?","Setelah itu, pergilah para mandur bani Israil menghadap Firaun, lalu berseru, “Mengapa Tuanku bertindak seperti itu kepada hamba-hambamu ini?",
Keluaran,5,16,Keluaran 5:16,اَلتِّبْنُ لَيْسَ يُعْطَى لِعَبِيدِكَ، وَٱللِّبْنُ يَقُولُونَ لَنَا: ٱصْنَعُوهُ! وَهُوَذَا عَبِيدُكَ مَضْرُوبُونَ، وَقَدْ أَخْطَأَ شَعْبُكَ».,"Tidak ada lagi jerami yang diberikan kepada hamba-hambamu, tetapi mereka berkata kepada kami, ‘Buat batu bata!’ Lihatlah, hamba-hambamu ini dipukuli, padahal orang-orangmulah yang bersalah.”","Jerami tidak lagi diberikan kepada hamba-hambamu ini, tetapi para pengerah berkata kepada kami, ‘Buat batu bata!’ Ketahuilah, hamba-hambamu ini dipukuli, padahal orang-orang Tuankulah yang bersalah.”",
Keluaran,5,17,Keluaran 5:17,فَقَالَ: «مُتَكَاسِلُونَ أَنْتُمْ، مُتَكَاسِلُونَ! لِذَلِكَ تَقُولُونَ: نَذْهَبُ وَنَذْبَحُ لِلرَّبِّ.,"Namun, dia berkata, “Pemalas! Kalian pemalas! Itulah sebabnya kalian berkata, ‘Biarlah kami pergi dan berkurban kepada TUHAN.’","Kata Firaun, “Malas, kamu ini malas! Itulah sebabnya, kamu berkata, ‘Izinkanlah kami pergi mempersembahkan kurban kepada ALLAH.’",
Keluaran,5,18,Keluaran 5:18,فَٱلْآنَ ٱذْهَبُوا ٱعْمَلُوا. وَتِبْنٌ لَا يُعْطَى لَكُمْ وَمِقْدَارَ ٱللِّبْنِ تُقَدِّمُونَهُ».,"Sekarang, kembalilah bekerja! Jerami tidak akan diberikan kepada kalian, tetapi kalian tetap harus menyetorkan batu bata sejumlah yang sudah ditetapkan.”","Sekarang, pergilah bekerja! Jerami tidak akan diberikan kepadamu, tetapi batu bata yang harus kamu serahkan sama jumlahnya!”",
Keluaran,5,19,Keluaran 5:19,فَرَأَى مُدَبِّرُو بَنِي إِسْرَائِيلَ أَنْفُسَهُمْ فِي بَلِيَّةٍ إِذْ قِيلَ لَهُمْ لَا تُنَقِّصُوا مِنْ لِبْنِكُمْ أَمْرَ كُلِّ يَوْمٍ بِيَوْمِهِ.,"Para kepala tukang dari keturunan Israel itu pun menyadari bahwa mereka sedang dalam kesulitan setelah dikatakan, “Kalian tidak boleh mengurangi jumlah batu bata kalian sehari-hari sebagaimana yang sudah dititahkan!”","Maka, sadarlah para mandur bani Israil bahwa mereka berada dalam kesulitan sebab kepada mereka dikatakan, “Kamu tidak boleh mengurangi jumlah batu bata yang ditetapkan sehari-harinya.”",
Keluaran,5,20,Keluaran 5:20,وَصَادَفُوا مُوسَى وَهَارُونَ وَاقِفَيْنِ لِلِقَائِهِمْ حِينَ خَرَجُوا مِنْ لَدُنْ فِرْعَوْنَ.,"Setelah mereka undur dari Firaun, mereka berjumpa dengan Musa dan Harun yang sedang berdiri menantikan mereka.","Ketika mereka keluar meninggalkan Firaun, mereka bertemu dengan Musa dan Harun, yang sedang berdiri menantikan mereka.",
Keluaran,5,21,Keluaran 5:21,فَقَالُوا لَهُمَا: «يَنْظُرُ ٱلرَّبُّ إِلَيْكُمَا وَيَقْضِي، لِأَنَّكُمَا أَنْتَنْتُمَا رَائِحَتَنَا فِي عَيْنَيْ فِرْعَوْنَ وَفِي عُيُونِ عَبِيدِهِ حَتَّى تُعْطِيَا سَيْفًا فِي أَيْدِيهِمْ لِيَقْتُلُونَا».,"Mereka berkata kepada keduanya, “Semoga TUHAN melihatmu dan menghakimimu sebab engkau telah membusukkan nama kami di mata Firaun dan di mata para hambanya. Dengan demikian, engkau telah memberikan sebilah pedang di tangan mereka untuk membunuh kami.”","Lalu, kata mereka kepada keduanya, “Kiranya ALLAH melihat perbuatanmu serta menghukum kamu sebab kamu telah membusukkan nama kami di hadapan Firaun dan di hadapan pegawai-pegawainya. Kamu telah memberikan sebilah pedang kepada mereka untuk membunuh kami.”",
Keluaran,5,22,Keluaran 5:22,فَرَجَعَ مُوسَى إِلَى ٱلرَّبِّ وَقَالَ: «يَا سَيِّدُ، لِمَاذَا أَسَأْتَ إِلَى هَذَا ٱلشَّعْبِ؟ لِمَاذَا أَرْسَلْتَنِي؟,"Setelah itu, Musa kembali kepada TUHAN dan berkata, “Oh, TUHAN, mengapa Engkau melakukan hal yang jahat kepada bangsa ini? Mengapa pula Engkau mengutusku?","Maka, kembalilah Musa menghadap ALLAH, katanya, “Ya Rabbi, mengapa Engkau menyusahkan bangsa ini? Mengapa pula Engkau mengutus hamba-Mu ini?",
Keluaran,5,23,Keluaran 5:23,فَإِنَّهُ مُنْذُ دَخَلْتُ إِلَى فِرْعَوْنَ لِأَتَكَلَّمَ بِٱسْمِكَ، أَسَاءَ إِلَى هَذَا ٱلشَّعْبِ. وَأَنْتَ لَمْ تُخَلِّصْ شَعْبَكَ».,"Karena sejak aku menghadap Firaun untuk berbicara atas nama-Mu, dia telah berlaku jahat terhadap bangsa ini dan Engkau tidak melepaskan bangsa ini sama sekali.”","Karena sejak hamba-Mu menghadap Firaun untuk berbicara atas nama-Mu, ia telah berlaku jahat atas bangsa ini. Engkau sama sekali tidak melepaskan umat-Mu.”",
Keluaran,6,1,Keluaran 6:1,فَقَالَ ٱلرَّبُّ لِمُوسَى: «ٱلْآنَ تَنْظُرُ مَا أَنَا أَفْعَلُ بِفِرْعَوْنَ. فَإِنَّهُ بِيَدٍ قَوِيَّةٍ يُطْلِقُهُمْ، وَبِيَدٍ قَوِيَّةٍ يَطْرُدُهُمْ مِنْ أَرْضِهِ».,"Namun, TUHAN berfirman kepada Musa, “Sekarang, kamu akan melihat yang akan Kulakukan terhadap Firaun. Karena dipaksa oleh tangan yang kuat, dia akan membiarkanmu pergi dan oleh tangan yang kuat pula, dia akan mengusir mereka keluar dari negerinya.”","(5-24) Lalu, berfirmanlah ALLAH kepada Musa, “Sekarang engkau akan melihat apa yang akan Kulakukan terhadap Firaun, karena dipaksa oleh tangan yang kuat barulah ia akan mengizinkan bangsa itu pergi. Ya, dipaksa oleh tangan yang kuat barulah ia akan mengusir mereka dari negerinya.”",
Keluaran,6,2,Keluaran 6:2,ثُمَّ كَلَّمَ ٱللهُ مُوسَى وَقَالَ لَهُ: «أَنَا ٱلرَّبُّ.,"Allah berfirman kepada Musa, “Akulah TUHAN!","(6-1) Allah berfirman kepada Musa demikian, “Akulah ALLAH.",
Keluaran,6,3,Keluaran 6:3,وَأَنَا ظَهَرْتُ لِإِبْرَاهِيمَ وَإِسْحَاقَ وَيَعْقُوبَ بِأَنِّي ٱلْإِلَهُ ٱلْقَادِرُ عَلَى كُلِّ شَيْءٍ. وَأَمَّا بِٱسْمِي «يَهْوَهْ» فَلَمْ أُعْرَفْ عِنْدَهُمْ.,"Aku telah menampakkan diri kepada Abraham, kepada Ishak, dan kepada Yakub sebagai Allah Yang Mahakuasa. Namun, mengenai nama-Ku, yaitu TUHAN, Aku tidak menyatakannya kepada mereka.","(6-2) Aku telah menampakkan diri kepada Ibrahim, Ishak, dan Yakub sebagai Allah Yang Mahakuasa, tetapi dengan sepenuh makna nama-Ku, ALLAH, Aku belum menyatakan diri.",
Keluaran,6,4,Keluaran 6:4,وَأَيْضًا أَقَمْتُ مَعَهُمْ عَهْدِي: أَنْ أُعْطِيَهُمْ أَرْضَ كَنْعَانَ أَرْضَ غُرْبَتِهِمِ ٱلَّتِي تَغَرَّبُوا فِيهَا.,"Aku juga telah menetapkan perjanjian-Ku dengan mereka untuk memberikan tanah Kanaan kepada mereka, yaitu tanah tempat mereka tinggal sementara.","(6-3) Aku juga sudah menetapkan perjanjian-Ku dengan mereka untuk mengaruniakan kepada mereka Tanah Kanaan, tanah tempat mereka tinggal sebagai pendatang.",
Keluaran,6,5,Keluaran 6:5,وَأَنَا أَيْضًا قَدْ سَمِعْتُ أَنِينَ بَنِي إِسْرَائِيلَ ٱلَّذِينَ يَسْتَعْبِدُهُمُ ٱلْمِصْرِيُّونَ، وَتَذَكَّرْتُ عَهْدِي.,"Aku juga telah mendengar erangan keturunan Israel yang diperbudak oleh orang Mesir, maka Aku pun mengingat perjanjian-Ku.","(6-4) Aku sudah mendengar erangan bani Israil yang diperhamba oleh orang Mesir, dan Aku mengingat perjanjian-Ku.",
Keluaran,6,6,Keluaran 6:6,لِذَلِكَ قُلْ لِبَنِي إِسْرَائِيلَ: أَنَا ٱلرَّبُّ. وَأَنَا أُخْرِجُكُمْ مِنْ تَحْتِ أَثْقَالِ ٱلْمِصْرِيِّينَ وَأُنْقِذُكُمْ مِنْ عُبُودِيَّتِهِمْ وَأُخَلِّصُكُمْ بِذِرَاعٍ مَمْدُودَةٍ وَبِأَحْكَامٍ عَظِيمَةٍ،,"Sebab itu, katakanlah kepada keturunan Israel, ‘Akulah TUHAN! Aku akan mengeluarkanmu dari kerja paksa orang Mesir, dan Aku akan melepaskanmu dari perbudakan mereka, dan Aku akan menebusmu dengan tangan yang terentang, dan dengan hukuman-hukuman berat.","(6-5) Sebab itu, katakanlah kepada bani Israil, ‘Akulah ALLAH. Aku akan membebaskan kamu dari kerja paksa yang dibebankan orang Mesir. Aku akan melepaskan kamu dari perhambaan mereka, dan menebus kamu dengan kuasa yang nyata dan dengan hukuman-hukuman yang hebat.",
Keluaran,6,7,Keluaran 6:7,وَأَتَّخِذُكُمْ لِي شَعْبًا، وَأَكُونُ لَكُمْ إِلَهًا. فَتَعْلَمُونَ أَنِّي أَنَا ٱلرَّبُّ إِلَهُكُمُ ٱلَّذِي يُخْرِجُكُمْ مِنْ تَحْتِ أَثْقَالِ ٱلْمِصْرِيِّينَ.,"Aku akan mengangkatmu menjadi umat-Ku dan Aku akan menjadi Allahmu supaya kamu tahu bahwa Akulah TUHAN, Allahmu, yang mengeluarkanmu dari kerja paksa orang Mesir.","(6-6) Aku akan mengangkat kamu menjadi umat-Ku dan Aku akan menjadi Tuhanmu. Kamu akan tahu bahwa Akulah ALLAH, Tuhanmu, yang membebaskan kamu dari kerja paksa yang dibebankan orang Mesir.",
Keluaran,6,8,Keluaran 6:8,وَأُدْخِلُكُمْ إِلَى ٱلْأَرْضِ ٱلَّتِي رَفَعْتُ يَدِي أَنْ أُعْطِيَهَا لِإِبْرَاهِيمَ وَإِسْحَاقَ وَيَعْقُوبَ. وَأُعْطِيَكُمْ إِيَّاهَا مِيرَاثًا. أَنَا ٱلرَّبُّ».,"Aku akan membawamu ke negeri, yang dengan tangan terangkat Aku telah bersumpah untuk memberikannya kepada Abraham, kepada Ishak, dan kepada Yakub. Aku akan memberikannya kepadamu sebagai milikmu. Akulah TUHAN!’”","(6-7) Aku akan membawa kamu ke negeri yang dengan bersumpah telah Kujanjikan hendak Kukaruniakan kepada Ibrahim, Ishak, dan Yakub. Aku akan mengaruniakannya kepadamu menjadi milikmu. Akulah ALLAH.’”",
Keluaran,6,9,Keluaran 6:9,فَكَلَّمَ مُوسَى هَكَذَا بَنِي إِسْرَائِيلَ، وَلَكِنْ لَمْ يَسْمَعُوا لِمُوسَى مِنْ صِغَرِ ٱلنَّفْسِ، وَمِنَ ٱلْعُبُودِيَّةِ ٱلْقَاسِيَةِ.,"Setelah itu, Musa menyampaikannya kepada keturunan Israel, tetapi mereka tidak mau mendengarkan Musa karena patah semangatnya dan karena perbudakan yang berat itu.","(6-8) Lalu, Musa menyampaikan perkataan itu kepada bani Israil, tetapi mereka tidak mau mendengarkan Musa karena kesedihan hati mereka dan karena perhambaan yang berat itu.",
Keluaran,6,10,Keluaran 6:10,ثُمَّ كَلَّمَ ٱلرَّبُّ مُوسَى قَائِلًا:,"TUHAN berfirman kepada Musa,","(6-9) Firman ALLAH pula kepada Musa,",
Keluaran,6,11,Keluaran 6:11,«اُدْخُلْ قُلْ لِفِرْعَوْنَ مَلِكِ مِصْرَ أَنْ يُطْلِقَ بَنِي إِسْرَائِيلَ مِنْ أَرْضِهِ».,"“Pergilah dan katakan kepada Firaun, raja Mesir, bahwa dia harus membiarkan keturunan Israel keluar dari negerinya.”","(6-10) “Pergilah, katakanlah kepada Firaun, raja Mesir, supaya ia mengizinkan bani Israil pergi dari negerinya.”",
Keluaran,6,12,Keluaran 6:12,فَتَكَلَّمَ مُوسَى أَمَامَ ٱلرَّبِّ قَائِلًا: «هُوَذَا بَنُو إِسْرَائِيلَ لَمْ يَسْمَعُوا لِي، فَكَيْفَ يَسْمَعُنِي فِرْعَوْنُ وَأَنَا أَغْلَفُ ٱلشَّفَتَيْنِ؟»,"Namun, Musa berkata kepada TUHAN, katanya, “Lihatlah, keturunan Israel saja tidak mau mendengarkanku, bagaimana mungkin Firaun akan mendengarkan aku, orang yang tidak pandai bicara?”","(6-11) Tetapi, Musa berkata kepada ALLAH, “Sedangkan bani Israil tidak mendengarkan hamba-Mu ini. Bagaimana mungkin Firaun akan mendengarkan hamba-Mu ini, seorang yang tidak fasih lidahnya?”",
Keluaran,6,13,Keluaran 6:13,فَكَلَّمَ ٱلرَّبُّ مُوسَى وَهَارُونَ، وَأَوْصَى مَعَهُمَا إِلَى بَنِي إِسْرَائِيلَ وَإِلَى فِرْعَوْنَ مَلِكِ مِصْرَ فِي إِخْرَاجِ بَنِي إِسْرَائِيلَ مِنْ أَرْضِ مِصْرَ.,"Lalu, TUHAN berfirman kepada Musa dan Harun mengenai keturunan Israel dan Firaun, raja Mesir, dan Dia memerintahkan mereka untuk mengeluarkan keturunan Israel dari tanah Mesir.","(6-12) Demikianlah ALLAH berfirman kepada Musa dan Harun, serta mengutus mereka kepada bani Israil dan kepada Firaun, raja Mesir, untuk membawa bani Israil keluar dari Tanah Mesir.",
Keluaran,6,14,Keluaran 6:14,هَؤُلَاءِ رُؤَسَاءُ بُيُوتِ آبَائِهِمْ: بَنُو رَأُوبَيْنَ بِكْرِ إِسْرَائِيلَ: حَنُوكُ وَفَلُّو وَحَصْرُونُ وَكَرْمِي. هَذِهِ عَشَائِرُ رَأُوبَيْنَ.,"Inilah para kepala kaum nenek moyang mereka: keturunan Ruben, anak sulung Israel, Henokh, Palu, Hezron, dan Karmi. Itulah kaum-kaum Ruben.","(6-13) Berikut ini adalah kepala-kepala kaum keluarga mereka: Anak-anak Ruben, anak sulung Israil: Henokh, Palu, Hezron, dan Karmi. Itulah kaum-kaum Ruben.",
Keluaran,6,15,Keluaran 6:15,وَبَنُو شِمْعُونَ: يَمُوئِيلُ وَيَامِينُ وَأُوهَدُ وَيَاكِينُ وَصُوحَرُ وَشَأُولُ ٱبْنُ ٱلْكَنْعَانِيَّةِ. هَذِهِ عَشَائِرُ شِمْعُونَ.,"Keturunan Simeon adalah Yemuel, Yamin, Ohad, Yakhin, Zohar, dan Saul, anak seorang perempuan Kanaan. Itulah kaum Simeon","(6-14) Anak-anak Simeon: Yemuel, Yamin, Ohad, Yakhin, Zohar, dan Saul, anak seorang perempuan Kanaan. Itulah kaum-kaum Simeon.",
Keluaran,6,16,Keluaran 6:16,وَهَذِهِ أَسْمَاءُ بَنِي لَاوِي بِحَسَبِ مَوَالِيدِهِمْ: جِرْشُونُ وَقَهَاتُ وَمَرَارِي. وَكَانَتْ سِنُو حَيَاةِ لَاوِي مِئَةً وَسَبْعًا وَثَلَاثِينَ سَنَةً.,"Inilah nama anak-anak Lewi menurut generasinya: Gerson, dan Kehat, dan Merari. Tahun-tahun kehidupan Lewi adalah 137 tahun.","(6-15) Nama anak-anak Lewi menurut urutan kelahirannya: Gerson, Kehat, dan Merari. Lewi mencapai umur 137 tahun.",
Keluaran,6,17,Keluaran 6:17,اِبْنَا جِرْشُونَ: لِبْنِي وَشِمْعِي بِحَسَبِ عَشَائِرِهِمَا.,Keturunan Gerson: Libni dan Simei menurut kaumnya.,(6-16) Anak-anak Gerson: Libni dan Simei menurut kaum-kaum mereka.,
Keluaran,6,18,Keluaran 6:18,وَبَنُو قَهَاتَ: عَمْرَامُ وَيِصْهَارُ وَحَبْرُونُ وَعُزِّيئِيلُ. وَكَانَتْ سِنُو حَيَاةِ قَهَاتَ مِئَةً وَثَلَاثًا وَثَلَاثِينَ سَنَةً.,"Keturunan Kehat: Amram, Yizhar, Hebron, dan Uziel. Masa hidup Kehat adalah 133 tahun.","(6-17) Anak-anak Kehat: Amram, Yizhar, Hebron, dan Uziel. Kehat mencapai umur 133 tahun.",
Keluaran,6,19,Keluaran 6:19,وَٱبْنَا مَرَارِي: مَحْلِي وَمُوشِي. هَذِهِ عَشَائِرُ ٱللَّاوِيِّينَ بِحَسَبِ مَوَالِيدِهِمْ.,Keturunan Merari: Mahli dan Musi. Itulah kaum Lewi menurut generasi mereka.,(6-18) Anak-anak Merari: Mahli dan Musi. Itulah kaum-kaum Lewi menurut keturunannya.,
Keluaran,6,20,Keluaran 6:20,وَأَخَذَ عَمْرَامُ يُوكَابَدَ عَمَّتَهُ زَوْجَةً لَهُ. فَوَلَدَتْ لَهُ هَارُونَ وَمُوسَى. وَكَانَتْ سِنُو حَيَاةِ عَمْرَامَ مِئَةً وَسَبْعًا وَثَلَاثِينَ سَنَةً.,"Amram memperistri Yokhebed, saudara ayahnya. Dia melahirkan Harun dan Musa baginya. Masa hidup Amram adalah 137 tahun.","(6-19) Amram memperistri Yokhebed, saudara ayahnya, dan istrinya itu melahirkan Harun dan Musa baginya. Amram mencapai umur 137 tahun.",
Keluaran,6,21,Keluaran 6:21,وَبَنُو يِصْهَارَ: قُورَحُ وَنَافَجُ وَذِكْرِي.,"Keturunan Yizhar: Korah, Nefeg, dan Zikhri.","(6-20) Anak-anak Yizhar: Korah, Nefeg, dan Zikhri.",
Keluaran,6,22,Keluaran 6:22,وَبَنُو عُزِّيئِيلَ: مِيشَائِيلُ وَأَلْصَافَانُ وَسِتْرِي.,"Keturunan Uziel: Misael, Elsafan, dan Sitri.","(6-21) Anak-anak Uziel: Misael, Elsafan, dan Sitri.",
Keluaran,6,23,Keluaran 6:23,وَأَخَذَ هَارُونُ أَلِيشَابَعَ بِنْتَ عَمِّينَادَابَ أُخْتَ نَحْشُونَ زَوْجَةً لَهُ، فَوَلَدَتْ لَهُ نَادَابَ وَأَبِيهُوَ وَأَلِعَازَارَ وَإِيثَامَارَ.,"Harun memperistri Eliseba, anak perempuan Aminadab, saudara Nahason. Dia melahirkan Nadab dan Abihu, Eleazar dan Itamar.","(6-22) Harun memperistri Eliseba binti Aminadab, saudara Nahason, dan istrinya itu melahirkan Nadab, Abihu, Eleazar, serta Itamar baginya.",
Keluaran,6,24,Keluaran 6:24,وَبَنُو قُورَحَ: أَسِّيرُ وَأَلْقَانَةُ وَأَبِيَأَسَافُ. هَذِهِ عَشَائِرُ ٱلْقُورَحِيِّينَ.,"Keturunan Korah: Asir, Elkana, dan Abiasaf. Mereka inilah kaum Korah.","(6-23) Anak-anak Korah: Asir, Elkana, dan Abiasaf. Itulah kaum-kaum bani Korah.",
Keluaran,6,25,Keluaran 6:25,وَأَلِعَازَارُ بْنُ هَارُونَ أَخَذَ لِنَفْسِهِ مِنْ بَنَاتِ فُوطِيئِيلَ زَوْجَةً، فَوَلَدَتْ لَهُ فِينَحَاسَ. هَؤُلَاءِ هُمْ رُؤَسَاءُ آبَاءِ ٱللَّاوِيِّينَ بِحَسَبِ عَشَائِرِهِمْ.,"Eleazar, anak Harun, menikahi salah seorang anak perempuan Putiel. Dia melahirkan Pinehas baginya. Mereka adalah para kepala kaum Lewi.","(6-24) Eleazar bin Harun memperistri salah seorang anak perempuan Putiel, dan istrinya itu melahirkan Pinehas baginya. Itulah kepala-kepala kaum keluarga orang Lewi menurut keturunannya.",
Keluaran,6,26,Keluaran 6:26,هَذَانِ هُمَا هَارُونُ وَمُوسَى ٱللَّذَانِ قَالَ ٱلرَّبُّ لَهُمَا: «أَخْرِجَا بَنِي إِسْرَائِيلَ مِنْ أَرْضِ مِصْرَ» بِحَسَبِ أَجْنَادِهِمْ.,"Itulah Harun dan Musa yang kepada mereka, TUHAN berfirman, “Bawalah keturunan Israel keluar dari tanah Mesir menurut kelompoknya.”","(6-25) Itulah Harun dan Musa yang menerima firman ALLAH, “Bawalah bani Israil keluar dari Tanah Mesir menurut rombongan-rombongan mereka.”",
Keluaran,6,27,Keluaran 6:27,هُمَا ٱللَّذَانِ كَلَّمَا فِرْعَوْنَ مَلِكَ مِصْرَ فِي إِخْرَاجِ بَنِي إِسْرَائِيلَ مِنْ مِصْرَ. هَذَانِ هُمَا مُوسَى وَهَارُونُ.,"Merekalah yang berbicara kepada Firaun, raja Mesir, untuk mengeluarkan keturunan Israel dari Mesir. Mereka adalah Musa dan Harun.","(6-26) Merekalah yang berbicara kepada Firaun, raja Mesir, bahwa mereka akan membawa bani Israil keluar dari Mesir. Itulah Musa dan Harun.",
Keluaran,6,28,Keluaran 6:28,وَكَانَ يَوْمَ كَلَّمَ ٱلرَّبُّ مُوسَى فِي أَرْضِ مِصْرَ,"TUHAN berfirman lagi kepada Musa di tanah Mesir,","(6-27) Pada waktu ALLAH berfirman kepada Musa di Tanah Mesir,",
Keluaran,6,29,Keluaran 6:29,أَنَّ ٱلرَّبَّ كَلَّمَهُ قَائِلًا: «أَنَا ٱلرَّبُّ. كَلِّمْ فِرْعَوْنَ مَلِكَ مِصْرَ بِكُلِّ مَا أَنَا أُكَلِّمُكَ بِهِ».,"TUHAN berfirman kepada Musa, kata-Nya, “Akulah TUHAN! Katakanlah kepada Firaun, raja Mesir, segala sesuatu yang telah Kufirmankan kepadamu.”","(6-28) demikianlah firman ALLAH kepadanya, “Akulah ALLAH. Katakanlah kepada Firaun, raja Mesir, segala hal yang Kufirmankan kepadamu.”",
Keluaran,6,30,Keluaran 6:30,فَقَالَ مُوسَى أَمَامَ ٱلرَّبِّ: «هَا أَنَا أَغْلَفُ ٱلشَّفَتَيْنِ. فَكَيْفَ يَسْمَعُ لِي فِرْعَوْنُ؟».,"Akan tetapi, Musa berkata kepada TUHAN, “Lihatlah, aku tidak pandai berbicara, bagaimana mungkin Firaun mau mendengarku?”","(6-29) Tetapi, kata Musa kepada ALLAH, “Sesungguhnya, hamba-Mu ini seorang yang tidak fasih lidahnya, bagaimana mungkin Firaun akan mendengarkan hamba?”",
Keluaran,7,1,Keluaran 7:1,فَقَالَ ٱلرَّبُّ لِمُوسَى: «ٱنْظُرْ! أَنَا جَعَلْتُكَ إِلَهًا لِفِرْعَوْنَ. وَهَارُونُ أَخُوكَ يَكُونُ نَبِيَّكَ.,"TUHAN berfirman kepada Musa, “Lihat, Aku telah menjadikanmu seperti Allah bagi Firaun, dan kakakmu, Harun, akan menjadi nabimu.","ALLAH berfirman kepada Musa, “Lihat, Aku menjadikan engkau seolah-olah Tuhan bagi Firaun, dan Harun abangmu seolah-olah nabi bagimu. 2 Engkau harus mengatakan semua yang Kuperintahkan kepadamu, dan Harun abangmu harus berbicara kepada Firaun supaya ia mengizinkan bani Israil pergi dari negerinya. 3 Akan tetapi, Aku akan mengeraskan hati Firaun dan akan memperbanyak tanda-tanda serta mukjizat-mukjizat-Ku di Tanah Mesir. 4 Firaun tidak akan mendengarkan kamu. Sebab itu, Aku akan menaruh tangan-Ku atas Mesir dan membawa keluar rombongan umat-Ku, yaitu bani Israil, dari Tanah Mesir dengan hukuman-hukuman yang hebat. 5 Orang Mesir akan tahu bahwa Akulah ALLAH apabila Aku mengulurkan tangan-Ku atas Mesir serta membawa bani Israil keluar dari tengah-tengah mereka.” 6 Musa dan Harun pun melaksanakannya. Seperti yang diperintahkan ALLAH kepada mereka, demikianlah mereka perbuat. 7 Umur Musa delapan puluh tahun dan Harun delapan puluh tiga tahun ketika mereka berbicara kepada Firaun. 8 ALLAH berfirman kepada Musa dan Harun demikian, 9 “Apabila Firaun berkata kepada kamu begini, ‘Tunjukkanlah suatu mukjizat,’ maka haruslah kaukatakan kepada Harun, ‘Ambillah tongkatmu dan campakkanlah di hadapan Firaun,’ kemudian tongkat itu akan menjadi ular.” 10 Maka, pergilah Musa dan Harun menghadap Firaun, lalu mereka melaksanakan apa yang diperintahkan ALLAH. Harun mencampakkan tongkatnya di hadapan Firaun dan di hadapan para pegawainya, lalu tongkat itu menjadi ular. 11 Kemudian, Firaun memanggil orang-orang pintar dan para juru teluh. Mereka juga, para ahli ilmu gaib Mesir itu, membuat hal yang sama dengan ilmu mereka. 12 Masing-masing mereka mencampakkan tongkatnya, lalu tongkat-tongkat itu menjadi ular. Tetapi, tongkat Harun menelan tongkat-tongkat mereka. 13 Meskipun begitu, hati Firaun tetap keras. Ia tidak mau mendengarkan keduanya, seperti telah difirmankan ALLAH. Azab Pertama: Air Jadi Darah 14 Firman ALLAH kepada Musa, “Hati Firaun keras. Ia tidak mengizinkan bangsa itu pergi. 15 Temuilah Firaun pada pagi hari, saat ia biasa keluar ke sungai. Nantikanlah dia di tepi Sungai Nil dan bawalah di tanganmu tongkat yang pernah berubah menjadi ular itu. 16 Katakanlah kepadanya, ‘ALLAH, Tuhan yang disembah orang Ibrani, telah mengutus aku kepadamu dengan firman, “Izinkanlah umat-Ku pergi supaya mereka dapat beribadah kepada-Ku di padang belantara.” Tetapi, sampai sekarang engkau tidak mau mendengar. 17 Sebab itu, beginilah firman ALLAH, “Dengan hal yang berikut ini engkau akan tahu bahwa Akulah ALLAH.” Lihat, dengan tongkat di tanganku ini akan Kupukul air Sungai Nil, dan air itu akan berubah menjadi darah. 18 Ikan-ikan dalam Sungai Nil akan mati sehingga Sungai Nil berbau busuk, dan orang Mesir akan jijik meminum air dari Sungai Nil.’” 19 Firman ALLAH lagi kepada Musa, “Katakanlah kepada Harun, ‘Ambillah tongkatmu dan ulurkanlah tanganmu ke atas perairan di Mesir, yaitu ke atas sungai-sungainya, kanal-kanalnya, kolam-kolamnya, dan ke atas setiap penampungan airnya maka semua itu akan berubah menjadi darah. Dengan demikian, akan ada darah di seluruh Tanah Mesir, baik dalam wadah-wadah kayu maupun dalam wadah-wadah batu.’” 20 Musa dan Harun pun melaksanakan apa yang diperintahkan ALLAH. Di hadapan Firaun serta para pegawainya, Harun mengangkat tongkatnya dan memukulkannya pada air di Sungai Nil. Maka, seluruh air di Sungai Nil berubah menjadi darah. 21 Ikan-ikan di Sungai Nil mati sehingga Sungai Nil berbau busuk, dan orang Mesir tidak dapat meminum air dari Sungai Nil itu. Ada darah di seluruh Tanah Mesir. 22 Tetapi, para ahli ilmu gaib Mesir membuat hal yang sama dengan ilmunya sehingga hati Firaun tetap keras. Ia tidak mau mendengarkan keduanya, seperti yang telah difirmankan ALLAH. 23 Firaun berpaling, lalu masuk ke istananya tanpa mau memperhatikan hal itu. 24 Semua orang Mesir menggali-gali daerah sekitar Sungai Nil, mencari air untuk dapat diminum, karena mereka tidak dapat meminum air Sungai Nil. 25 Tujuh hari pun berlalu sesudah ALLAH memukul Sungai Nil. << Keluaran 7 >>",
Keluaran,7,2,Keluaran 7:2,أَنْتَ تَتَكَلَّمُ بِكُلِّ مَا آمُرُكَ، وَهَارُونُ أَخُوكَ يُكَلِّمُ فِرْعَوْنَ لِيُطْلِقَ بَنِي إِسْرَائِيلَ مِنْ أَرْضِهِ.,"Kamu harus menyampaikan semua yang Kuperintahkan kepadamu, sedangkan kakakmu, Harun, akan mengatakannya kepada Firaun agar dia melepaskan bangsa Israel keluar dari negerinya.","Engkau harus mengatakan semua yang Kuperintahkan kepadamu, dan Harun abangmu harus berbicara kepada Firaun supaya ia mengizinkan bani Israil pergi dari negerinya.",
Keluaran,7,3,Keluaran 7:3,وَلَكِنِّي أُقَسِّي قَلْبَ فِرْعَوْنَ وَأُكَثِّرُ آيَاتِي وَعَجَائِبِي فِي أَرْضِ مِصْرَ.,"Namun, Aku akan mengeraskan hati Firaun dan melipatgandakan tanda-tanda-Ku dan mukjizat-mukjizat-Ku di tanah Mesir.","Akan tetapi, Aku akan mengeraskan hati Firaun dan akan memperbanyak tanda-tanda serta mukjizat-mukjizat-Ku di Tanah Mesir.",
Keluaran,7,4,Keluaran 7:4,وَلَا يَسْمَعُ لَكُمَا فِرْعَوْنُ حَتَّى أَجْعَلَ يَدِي عَلَى مِصْرَ، فَأُخْرِجَ أَجْنَادِي، شَعْبِي بَنِي إِسْرَائِيلَ مِنْ أَرْضِ مِصْرَ بِأَحْكَامٍ عَظِيمَةٍ.,"Firaun tidak akan mendengarkanmu. Sebab itu, Aku akan meletakkan tangan-Ku atas Mesir dan membawa pasukan-Ku, yaitu umat-Ku, keturunan Israel, keluar dari tanah Mesir dengan hukuman-hukuman yang berat.","Firaun tidak akan mendengarkan kamu. Sebab itu, Aku akan menaruh tangan-Ku atas Mesir dan membawa keluar rombongan umat-Ku, yaitu bani Israil, dari Tanah Mesir dengan hukuman-hukuman yang hebat.",
Keluaran,7,5,Keluaran 7:5,فَيَعْرِفُ ٱلْمِصْرِيُّونَ أَنِّي أَنَا ٱلرَّبُّ حِينَمَا أَمُدُّ يَدِي عَلَى مِصْرَ وَأُخْرِجُ بَنِي إِسْرَائِيلَ مِنْ بَيْنِهِمْ».,"Orang Mesir pun akan tahu bahwa Akulah TUHAN, ketika Aku merentangkan tangan-Ku atas Mesir dan mengeluarkan keturunan Israel dari tengah-tengah mereka.”",Orang Mesir akan tahu bahwa Akulah ALLAH apabila Aku mengulurkan tangan-Ku atas Mesir serta membawa bani Israil keluar dari tengah-tengah mereka.”,
Keluaran,7,6,Keluaran 7:6,فَفَعَلَ مُوسَى وَهَارُونُ كَمَا أَمَرَهُمَا ٱلرَّبُّ. هَكَذَا فَعَلَا.,Musa dan Harun melakukan seperti yang diperintahkan TUHAN kepada mereka.,"Musa dan Harun pun melaksanakannya. Seperti yang diperintahkan ALLAH kepada mereka, demikianlah mereka perbuat.",
Keluaran,7,7,Keluaran 7:7,وَكَانَ مُوسَى ٱبْنَ ثَمَانِينَ سَنَةً، وَهَارُونُ ٱبْنَ ثَلَاثٍ وَثَمَانِينَ سَنَةً حِينَ كَلَّمَا فِرْعَوْنَ.,Musa berumur 80 tahun dan Harun 83 tahun ketika mereka berbicara kepada Firaun.,Umur Musa delapan puluh tahun dan Harun delapan puluh tiga tahun ketika mereka berbicara kepada Firaun.,
Keluaran,7,8,Keluaran 7:8,وَكَلَّمَ ٱلرَّبُّ مُوسَى وَهَارُونَ قَائِلًا:,"TUHAN berfirman kepada Musa dan Harun,","ALLAH berfirman kepada Musa dan Harun demikian,",
Keluaran,7,9,Keluaran 7:9,«إِذَا كَلَّمَكُمَا فِرْعَوْنُ قَائِلًا: هَاتِيَا عَجِيبَةً، تَقُولُ لِهَارُونَ: خُذْ عَصَاكَ وَٱطْرَحْهَا أَمَامَ فِرْعَوْنَ فَتَصِيرَ ثُعْبَانًا».,"“Jika Firaun berkata kepadamu, begini, ‘Berikanlah satu mukjizat,’ kamu harus berkata kepada Harun, ‘Ambil tongkatmu dan lemparkan itu di hadapan Firaun.’ Tongkat itu pun akan menjadi seekor ular.”","“Apabila Firaun berkata kepada kamu begini, ‘Tunjukkanlah suatu mukjizat,’ maka haruslah kaukatakan kepada Harun, ‘Ambillah tongkatmu dan campakkanlah di hadapan Firaun,’ kemudian tongkat itu akan menjadi ular.”",
Keluaran,7,10,Keluaran 7:10,فَدَخَلَ مُوسَى وَهَارُونُ إِلَى فِرْعَوْنَ وَفَعَلَا هَكَذَا كَمَا أَمَرَ ٱلرَّبُّ. طَرَحَ هَارُونُ عَصَاهُ أَمَامَ فِرْعَوْنَ وَأَمَامَ عَبِيدِهِ فَصَارَتْ ثُعْبَانًا.,"Jadi, Musa dan Harun menghadap Firaun dan mereka melaksanakan seperti yang diperintahkan TUHAN. Harun melemparkan tongkatnya di hadapan Firaun dan para hambanya, lalu tongkat itu menjadi seekor ular.","Maka, pergilah Musa dan Harun menghadap Firaun, lalu mereka melaksanakan apa yang diperintahkan ALLAH. Harun mencampakkan tongkatnya di hadapan Firaun dan di hadapan para pegawainya, lalu tongkat itu menjadi ular.",
Keluaran,7,11,Keluaran 7:11,فَدَعَا فِرْعَوْنُ أَيْضًا ٱلْحُكَمَاءَ وَٱلسَّحَرَةَ، فَفَعَلَ عَرَّافُو مِصْرَ أَيْضًا بِسِحْرِهِمْ كَذَلِكَ.,"Kemudian, Firaun memanggil orang-orang pintar dan para ahli sihir. Lalu, mereka, para ahli ilmu gaib Mesir itu, juga melakukan hal yang sama menggunakan mantra-mantra rahasia mereka.","Kemudian, Firaun memanggil orang-orang pintar dan para juru teluh. Mereka juga, para ahli ilmu gaib Mesir itu, membuat hal yang sama dengan ilmu mereka.",
Keluaran,7,12,Keluaran 7:12,طَرَحُوا كُلُّ وَاحِدٍ عَصَاهُ فَصَارَتِ ٱلْعِصِيُّ ثَعَابِينَ. وَلَكِنْ عَصَا هَارُونَ ٱبْتَلَعَتْ عِصِيَّهُمْ.,"Mereka masing-masing melemparkan tongkatnya dan tongkat-tongkat itu menjadi ular, tetapi tongkat Harun memakan tongkat-tongkat mereka.","Masing-masing mereka mencampakkan tongkatnya, lalu tongkat-tongkat itu menjadi ular. Tetapi, tongkat Harun menelan tongkat-tongkat mereka.",
Keluaran,7,13,Keluaran 7:13,فَٱشْتَدَّ قَلْبُ فِرْعَوْنَ فَلَمْ يَسْمَعْ لَهُمَا، كَمَا تَكَلَّمَ ٱلرَّبُّ.,"Namun, hati Firaun dikeraskan sehingga dia tidak mau mendengarkan mereka, seperti yang telah TUHAN katakan.","Meskipun begitu, hati Firaun tetap keras. Ia tidak mau mendengarkan keduanya, seperti telah difirmankan ALLAH.",
Keluaran,7,14,Keluaran 7:14,ثُمَّ قَالَ ٱلرَّبُّ لِمُوسَى: «قَلْبُ فِرْعَوْنَ غَلِيظٌ. قَدْ أَبَى أَنْ يُطْلِقَ ٱلشَّعْبَ.,"Kemudian, TUHAN berfirman kepada Musa, “Hati Firaun itu keras! Dia menolak untuk melepaskan bangsa itu pergi.","Firman ALLAH kepada Musa, “Hati Firaun keras. Ia tidak mengizinkan bangsa itu pergi.",
Keluaran,7,15,Keluaran 7:15,اِذْهَبْ إِلَى فِرْعَوْنَ فِي ٱلصَّبَاحِ. إِنَّهُ يَخْرُجُ إِلَى ٱلْمَاءِ، وَقِفْ لِلِقَائِهِ عَلَى حَافَةِ ٱلنَّهْرِ. وَٱلْعَصَا ٱلَّتِي تَحَوَّلَتْ حَيَّةً تَأْخُذُهَا فِي يَدِكَ.,"Pada pagi hari, pergilah kepada Firaun. Amatilah, ketika dia sedang menuju air, berdirilah di tepi sungai untuk menemuinya. Kamu harus membawa tongkat yang pernah berubah menjadi ular itu di tanganmu.","Temuilah Firaun pada pagi hari, saat ia biasa keluar ke sungai. Nantikanlah dia di tepi Sungai Nil dan bawalah di tanganmu tongkat yang pernah berubah menjadi ular itu.",
Keluaran,7,16,Keluaran 7:16,وَتَقُولُ لَهُ: ٱلرَّبُّ إِلَهُ ٱلْعِبْرَانِيِّينَ أَرْسَلَنِي إِلَيْكَ قَائِلًا: أَطْلِقْ شَعْبِي لِيَعْبُدُونِي فِي ٱلْبَرِّيَّةِ. وَهُوَذَا حَتَّى ٱلْآنَ لَمْ تَسْمَعْ.,"Kamu harus berkata kepadanya, ‘TUHAN, Allah orang Ibrani telah mengutus aku kepadamu, kata-Nya: Biarkan umat-Ku pergi supaya mereka dapat melayani-Ku di padang belantara. Namun, lihatlah, engkau tidak mau mendengarkan sampai sekarang.","Katakanlah kepadanya, ‘ALLAH, Tuhan yang disembah orang Ibrani, telah mengutus aku kepadamu dengan firman, “Izinkanlah umat-Ku pergi supaya mereka dapat beribadah kepada-Ku di padang belantara.” Tetapi, sampai sekarang engkau tidak mau mendengar.",
Keluaran,7,17,Keluaran 7:17,هَكَذَا يَقُولُ ٱلرَّبُّ: بِهَذَا تَعْرِفُ أَنِّي أَنَا ٱلرَّبُّ: هَا أَنَا أَضْرِبُ بِٱلْعَصَا ٱلَّتِي فِي يَدِي عَلَى ٱلْمَاءِ ٱلَّذِي فِي ٱلنَّهْرِ فَيَتَحَوَّلُ دَمًا.,"Karena itu, inilah firman TUHAN: Dengan ini engkau akan tahu bahwa Akulah TUHAN. Lihatlah, dengan tongkat di tanganku ini, aku akan memukul air sungai dan itu akan berubah menjadi darah.","Sebab itu, beginilah firman ALLAH, “Dengan hal yang berikut ini engkau akan tahu bahwa Akulah ALLAH.” Lihat, dengan tongkat di tanganku ini akan Kupukul air Sungai Nil, dan air itu akan berubah menjadi darah.",
Keluaran,7,18,Keluaran 7:18,وَيَمُوتُ ٱلسَّمَكُ ٱلَّذِي فِي ٱلنَّهْرِ وَيَنْتِنُ ٱلنَّهْرُ. فَيَعَافُ ٱلْمِصْرِيُّونَ أَنْ يَشْرَبُوا مَاءً مِنَ ٱلنَّهْرِ».,Ikan-ikan di sungai akan mati dan airnya akan berbau busuk. Orang Mesir tidak dapat lagi minum air dari sungai.’”,"Ikan-ikan dalam Sungai Nil akan mati sehingga Sungai Nil berbau busuk, dan orang Mesir akan jijik meminum air dari Sungai Nil.’”",
Keluaran,7,19,Keluaran 7:19,ثُمَّ قَالَ ٱلرَّبُّ لِمُوسَى: «قُلْ لِهَارُونَ: خُذْ عَصَاكَ وَمُدَّ يَدَكَ عَلَى مِيَاهِ ٱلْمِصْرِيِّينَ، عَلَى أَنْهَارِهِمْ وَعَلَى سَوَاقِيهِمْ، وَعَلَى آجَامِهِمْ، وَعَلَى كُلِّ مُجْتَمَعَاتِ مِيَاهِهِمْ لِتَصِيرَ دَمًا. فَيَكُونَ دَمٌ فِي كُلِّ أَرْضِ مِصْرَ فِي ٱلْأَخْشَابِ وَفِي ٱلْأَحْجَارِ».,"Kemudian, TUHAN berfirman kepada Musa, “Katakan kepada Harun, ‘Ambillah tongkatmu dan ulurkan tanganmu ke atas air orang Mesir, ke atas sungai-sungainya, kanal-kanalnya, dan ke atas kolam-kolamnya, atas semua penampungan air sehingga semuanya itu menjadi darah. Demikianlah, akan ada darah di seluruh tanah Mesir, baik dalam wadah-wadah kayu maupun wadah-wadah batu.’”","Firman ALLAH lagi kepada Musa, “Katakanlah kepada Harun, ‘Ambillah tongkatmu dan ulurkanlah tanganmu ke atas perairan di Mesir, yaitu ke atas sungai-sungainya, kanal-kanalnya, kolam-kolamnya, dan ke atas setiap penampungan airnya maka semua itu akan berubah menjadi darah. Dengan demikian, akan ada darah di seluruh Tanah Mesir, baik dalam wadah-wadah kayu maupun dalam wadah-wadah batu.’”",
Keluaran,7,20,Keluaran 7:20,فَفَعَلَ هَكَذَا مُوسَى وَهَارُونُ كَمَا أَمَرَ ٱلرَّبُّ. رَفَعَ ٱلْعَصَا وَضَرَبَ ٱلْمَاءَ ٱلَّذِي فِي ٱلنَّهْرِ أَمَامَ عَيْنَيْ فِرْعَوْنَ وَأَمَامَ عُيُونِ عَبِيدِهِ، فَتَحَوَّلَ كُلُّ ٱلْمَاءِ ٱلَّذِي فِي ٱلنَّهْرِ دَمًا.,"Musa dan Harun melaksanakannya seperti yang diperintahkan TUHAN. Lalu, dia mengangkat tongkat dan memukulkannya ke air di sungai, di depan mata Firaun dan para hambanya, dan seluruh air di sungai berubah menjadi darah.","Musa dan Harun pun melaksanakan apa yang diperintahkan ALLAH. Di hadapan Firaun serta para pegawainya, Harun mengangkat tongkatnya dan memukulkannya pada air di Sungai Nil. Maka, seluruh air di Sungai Nil berubah menjadi darah.",
Keluaran,7,21,Keluaran 7:21,وَمَاتَ ٱلسَّمَكُ ٱلَّذِي فِي ٱلنَّهْرِ وَأَنْتَنَ ٱلنَّهْرُ، فَلَمْ يَقْدِرِ ٱلْمِصْرِيُّونَ أَنْ يَشْرَبُوا مَاءً مِنَ ٱلنَّهْرِ. وَكَانَ ٱلدَّمُ فِي كُلِّ أَرْضِ مِصْرَ.,"Ikan-ikan di sungai pun mati sehingga sungai berbau busuk. Sebab itu, orang Mesir tidak dapat minum air dari sungai. Darah ada di seluruh Mesir.","Ikan-ikan di Sungai Nil mati sehingga Sungai Nil berbau busuk, dan orang Mesir tidak dapat meminum air dari Sungai Nil itu. Ada darah di seluruh Tanah Mesir.",
Keluaran,7,22,Keluaran 7:22,وَفَعَلَ عَرَّافُو مِصْرَ كَذَلِكَ بِسِحْرِهِمْ. فَٱشْتَدَّ قَلْبُ فِرْعَوْنَ فَلَمْ يَسْمَعْ لَهُمَا، كَمَا تَكَلَّمَ ٱلرَّبُّ.,"Namun, para ahli ilmu gaib Mesir melakukannya juga dengan mantra-mantra rahasianya sehingga hati Firaun dikeraskan. Sebab itu, dia tidak mau mendengarkan mereka, sebagaimana yang telah difirmankan TUHAN.","Tetapi, para ahli ilmu gaib Mesir membuat hal yang sama dengan ilmunya sehingga hati Firaun tetap keras. Ia tidak mau mendengarkan keduanya, seperti yang telah difirmankan ALLAH.",
Keluaran,7,23,Keluaran 7:23,ثُمَّ ٱنْصَرَفَ فِرْعَوْنُ وَدَخَلَ بَيْتَهُ وَلَمْ يُوَجِّهْ قَلْبَهُ إِلَى هَذَا أَيْضًا.,"Firaun berbalik dan kembali ke istananya. Bahkan, dia juga tidak menaruh hatinya terhadap hal ini.","Firaun berpaling, lalu masuk ke istananya tanpa mau memperhatikan hal itu.",
Keluaran,7,24,Keluaran 7:24,وَحَفَرَ جَمِيعُ ٱلْمِصْرِيِّينَ حَوَالَيِ ٱلنَّهْرِ لِأَجْلِ مَاءٍ لِيَشْرَبُوا، لِأَنَّهُمْ لَمْ يَقْدِرُوا أَنْ يَشْرَبُوا مِنْ مَاءِ ٱلنَّهْرِ.,Semua orang Mesir menggali di sekitar sungai untuk mencari air minum karena mereka tidak dapat minum air dari sungai.,"Semua orang Mesir menggali-gali daerah sekitar Sungai Nil, mencari air untuk dapat diminum, karena mereka tidak dapat meminum air Sungai Nil.",
Keluaran,7,25,Keluaran 7:25,وَكَمُلَتْ سَبْعَةُ أَيَّامٍ بَعْدَ مَا ضَرَبَ ٱلرَّبُّ ٱلنَّهْرَ.,Tujuh hari telah berlalu sesudah TUHAN memukul sungai.,Tujuh hari pun berlalu sesudah ALLAH memukul Sungai Nil.,
Keluaran,8,1,Keluaran 8:1,قَالَ ٱلرَّبُّ لِمُوسَى: «ٱدْخُلْ إِلَى فِرْعَوْنَ وَقُلْ لَهُ: هَكَذَا يَقُولُ ٱلرَّبُّ: أَطْلِقْ شَعْبِي لِيَعْبُدُونِي.,"Kemudian, TUHAN berfirman kepada Musa, “Pergilah kepada Firaun dan katakan kepadanya, ‘Inilah firman TUHAN: Biarkan umat-Ku pergi supaya mereka dapat melayani Aku!","ALLAH berfirman kepada Musa, “Pergilah menghadap Firaun dan katakanlah kepadanya, ‘Beginilah firman ALLAH, “Izinkanlah umat-Ku pergi supaya mereka dapat beribadah kepada-Ku.",
Keluaran,8,2,Keluaran 8:2,وَإِنْ كُنْتَ تَأْبَى أَنْ تُطْلِقَهُمْ فَهَا أَنَا أَضْرِبُ جَمِيعَ تُخُومِكَ بِٱلضَّفَادِعِ.,"Jika kamu menolak untuk membiarkan mereka pergi, lihatlah, Aku akan memukul seluruh wilayahmu dengan katak.","Jika engkau tidak mengizinkan mereka pergi, maka Aku akan mengazab seluruh daerahmu dengan mendatangkan katak.",
Keluaran,8,3,Keluaran 8:3,فَيَفِيضُ ٱلنَّهْرُ ضَفَادِعَ. فَتَصْعَدُ وَتَدْخُلُ إِلَى بَيْتِكَ وَإِلَى مِخْدَعِ فِرَاشِكَ وَعَلَى سَرِيرِكَ وَإِلَى بُيُوتِ عَبِيدِكَ وَعَلَى شَعْبِكَ وَإِلَى تَنَانِيرِكَ وَإِلَى مَعَاجِنِكَ.,"Sungai akan dikerumuni oleh katak yang akan naik dan masuk ke dalam istanamu, ke ruang ranjangmu, di ranjangmu, ke dalam rumah hamba-hambamu dan rakyatmu, ke dalam pemanggang rotimu, dan ke dalam loyang-loyang adonanmu.","Sungai Nil akan berlimpah dengan katak. Katak-katak itu akan naik, lalu masuk ke dalam istanamu, ke dalam kamar tidurmu, dan ke atas tempat tidurmu. Juga ke dalam rumah pegawai-pegawaimu dan rakyatmu, ke dalam tempat pembakaran rotimu, serta ke dalam tempat adonanmu.",
Keluaran,8,4,Keluaran 8:4,عَلَيْكَ وَعَلَى شَعْبِكَ وَعَبِيدِكَ تَصْعَدُ ٱلضَّفَادِعُ».,"Katak-katak itu akan naik ke atasmu, ke atas rakyatmu, dan ke atas semua hambamu.’”","Katak-katak itu pun akan naik memanjati engkau, rakyatmu, dan semua pegawaimu.”’”",
Keluaran,8,5,Keluaran 8:5,فَقَالَ ٱلرَّبُّ لِمُوسَى: «قُلْ لِهَارُونَ: مُدَّ يَدَكَ بِعَصَاكَ عَلَى ٱلْأَنْهَارِ وَٱلسَّوَاقِي وَٱلْآجَامِ، وَأَصْعِدِ ٱلضَّفَادِعَ عَلَى أَرْضِ مِصْرَ».,"Sesudah itu, TUHAN berfirman kepada Musa, “Katakan kepada Harun, ‘Ulurkanlah tanganmu dengan tongkatmu ke atas sungai-sungai, ke atas saluran-saluran air, dan ke atas kolam-kolam, lalu buatlah katak-katak bermunculan di atas tanah Mesir.’”","Firman ALLAH lagi kepada Musa, “Katakanlah kepada Harun, ‘Ulurkanlah tanganmu dengan tongkatmu ke atas sungai-sungai, kanal-kanal, serta kolam-kolam, dan buatlah katak-katak bermunculan di atas Tanah Mesir.’”",
Keluaran,8,6,Keluaran 8:6,فَمَدَّ هَارُونُ يَدَهُ عَلَى مِيَاهِ مِصْرَ، فَصَعِدَتِ ٱلضَّفَادِعُ وَغَطَّتْ أَرْضَ مِصْرَ.,"Harun pun merentangkan tangannya ke atas seluruh air di Mesir, lalu katak-katak bermunculan menutupi tanah Mesir.","Harun pun mengulurkan tangannya ke atas perairan Mesir, lalu bermunculanlah katak-katak menutupi Tanah Mesir.",
Keluaran,8,7,Keluaran 8:7,وَفَعَلَ كَذَلِكَ ٱلْعَرَّافُونَ بِسِحْرِهِمْ وَأَصْعَدُوا ٱلضَّفَادِعَ عَلَى أَرْضِ مِصْرَ.,"Namun, para ahli ilmu gaib juga melakukannya dengan mantra-mantra rahasianya sehingga mereka membuat katak-katak bermunculan di seluruh tanah Mesir.","Tetapi, para ahli ilmu gaib pun melakukan hal yang sama dengan ilmunya. Mereka membuat katak-katak bermunculan di atas Tanah Mesir.",
Keluaran,8,8,Keluaran 8:8,فَدَعَا فِرْعَوْنُ مُوسَى وَهَارُونَ وَقَالَ: «صَلِّيَا إِلَى ٱلرَّبِّ لِيَرْفَعَ ٱلضَّفَادِعَ عَنِّي وَعَنْ شَعْبِي فَأُطْلِقَ ٱلشَّعْبَ لِيَذْبَحُوا لِلرَّبِّ».,"Kemudian, Firaun memanggil Musa dan Harun dan berkata, “Berdoalah kepada TUHAN supaya Dia menjauhkan katak-katak ini dariku dan dari rakyatku. Setelah itu, aku akan membiarkan bangsa itu pergi supaya mereka dapat berkurban kepada TUHAN.”","Kemudian, Firaun memanggil Musa dan Harun serta berkata, “Berdoalah kepada ALLAH supaya Ia menyingkirkan katak-katak ini dariku dan dari rakyatku maka aku akan mengizinkan bangsa itu pergi supaya mereka dapat mempersembahkan kurban kepada ALLAH.”",
Keluaran,8,9,Keluaran 8:9,فَقَالَ مُوسَى لِفِرْعَوْنَ: «عَيِّنْ لِي مَتَى أُصَلِّي لِأَجْلِكَ وَلِأَجْلِ عَبِيدِكَ وَشَعْبِكَ لِقَطْعِ ٱلضَّفَادِعِ عَنْكَ وَعَنْ بُيُوتِكَ. وَلَكِنَّهَا تَبْقَى فِي ٱلنَّهْرِ».,"Musa berkata kepada Firaun, “Ini adalah kehormatan bagiku. Kapan aku harus berdoa untukmu, untuk hamba-hambamu, dan untuk rakyatmu agar katak-katak itu dilenyapkan dari rumah-rumahmu sehingga mereka akan ada di sungai saja?”","Kata Musa kepada Firaun, “Katakan saja kepadaku kapan aku harus berdoa untukmu, untuk pegawai-pegawaimu, dan untuk rakyatmu supaya katak-katak ini disingkirkan darimu dan dari rumah-rumahmu, hingga hanya ada di Sungai Nil saja.”",
Keluaran,8,10,Keluaran 8:10,فَقَالَ: «غَدًا». فَقَالَ: «كَقَوْلِكَ. لِكَيْ تَعْرِفَ أَنْ لَيْسَ مِثْلُ ٱلرَّبِّ إِلَهِنَا.,"Firaun berkata, “Besok.” Lalu, Musa berkata, “Jadilah seperti yang engkau katakan itu supaya engkau tahu bahwa tidak ada satu pun yang seperti TUHAN, Allah kami.","Kata Firaun, “Besok.” Lalu, kata Musa, “Jadilah seperti katamu itu supaya engkau tahu bahwa tidak ada yang seperti ALLAH, Tuhan kami.",
Keluaran,8,11,Keluaran 8:11,فَتَرْتَفِعُ ٱلضَّفَادِعُ عَنْكَ وَعَنْ بُيُوتِكَ وَعَبِيدِكَ وَشَعْبِكَ، وَلَكِنَّهَا تَبْقَى فِي ٱلنَّهْرِ».,"Katak-katak itu akan pergi darimu, dari istanamu, dari para hambamu, dan dari rakyatmu. Katak-katak itu hanya akan tinggal di sungai.”","Katak-katak ini akan disingkirkan darimu, dari rumah-rumahmu, dari pegawai-pegawaimu, dan dari rakyatmu hingga hanya ada di Sungai Nil saja.”",
Keluaran,8,12,Keluaran 8:12,ثُمَّ خَرَجَ مُوسَى وَهَارُونُ مِنْ لَدُنْ فِرْعَوْنَ، وَصَرَخَ مُوسَى إِلَى ٱلرَّبِّ مِنْ أَجْلِ ٱلضَّفَادِعِ ٱلَّتِي جَعَلَهَا عَلَى فِرْعَوْنَ،,"Musa dan Harun meninggalkan Firaun, lalu Musa berseru kepada TUHAN mengenai katak-katak yang didatangkan-Nya atas Firaun.","Setelah Musa dan Harun keluar meninggalkan Firaun, berserulah Musa kepada ALLAH sehubungan dengan katak-katak yang telah didatangkan-Nya atas Firaun,",
Keluaran,8,13,Keluaran 8:13,فَفَعَلَ ٱلرَّبُّ كَقَوْلِ مُوسَى. فَمَاتَتِ ٱلضَّفَادِعُ مِنَ ٱلْبُيُوتِ وَٱلدُّورِ وَٱلْحُقُولِ.,"TUHAN pun mengabulkan perkataan Musa sehingga katak-katak itu mati di dalam rumah, di halaman, dan di ladang.","dan ALLAH mengabulkan permintaan Musa. Katak-katak itu mati di rumah-rumah, di halaman-halaman, dan di ladang-ladang.",
Keluaran,8,14,Keluaran 8:14,وَجَمَعُوهَا كُوَمًا كَثِيرَةً حَتَّى أَنْتَنَتِ ٱلْأَرْضُ.,Mereka mengumpulkannya bertimbun-timbun sehingga seluruh negeri itu berbau busuk.,Bangkainya dikumpulkan sampai bertimbun-timbun sehingga tanah itu berbau busuk.,
Keluaran,8,15,Keluaran 8:15,فَلَمَّا رَأَى فِرْعَوْنُ أَنَّهُ قَدْ حَصَلَ ٱلْفَرَجُ أَغْلَظَ قَلْبَهُ وَلَمْ يَسْمَعْ لَهُمَا، كَمَا تَكَلَّمَ ٱلرَّبُّ.,"Namun, ketika Firaun melihat bahwa sudah ada kelegaan, dia mengeraskan hatinya dan tidak mau mendengarkan mereka, sebagaimana yang telah TUHAN katakan.","Akan tetapi, begitu Firaun melihat ada kelapangan, ia mengeraskan hatinya dan tidak mau mendengarkan keduanya, seperti telah difirmankan ALLAH.",
Keluaran,8,16,Keluaran 8:16,ثُمَّ قَالَ ٱلرَّبُّ لِمُوسَى: «قُلْ لِهَارُونَ: مُدَّ عَصَاكَ وَٱضْرِبْ تُرَابَ ٱلْأَرْضِ لِيَصِيرَ بَعُوضًا فِي جَمِيعِ أَرْضِ مِصْرَ».,"Kemudian, TUHAN berkata kepada Musa, “Katakanlah kepada Harun, ‘Ulurkanlah tongkatmu, lalu pukullah debu tanah supaya dia menjadi nyamuk di seluruh tanah Mesir.’”","ALLAH berfirman kepada Musa, “Katakanlah kepada Harun, ‘Ulurkanlah tongkatmu dan pukullah debu tanah maka debu itu berubah menjadi nyamuk di seluruh Tanah Mesir.’”",
Keluaran,8,17,Keluaran 8:17,فَفَعَلَا كَذَلِكَ. مَدَّ هَارُونُ يَدَهُ بِعَصَاهُ وَضَرَبَ تُرَابَ ٱلْأَرْضِ، فَصَارَ ٱلْبَعُوضُ عَلَى ٱلنَّاسِ وَعَلَى ٱلْبَهَائِمِ. كُلُّ تُرَابِ ٱلْأَرْضِ صَارَ بَعُوضًا فِي جَمِيعِ أَرْضِ مِصْرَ.,"Mereka pun melaksanakannya. Harun mengulurkan tangannya dengan tongkatnya, lalu memukul debu tanah sehingga debu itu menjadi nyamuk yang hinggap pada manusia dan binatang. Semua debu tanah itu menjadi nyamuk di seluruh tanah Mesir.","Mereka pun melaksanakan hal itu. Harun mengulurkan tangannya dengan tongkatnya, lalu dipukulnya debu tanah. Maka, muncullah nyamuk-nyamuk, lalu nyamuk-nyamuk itu hinggap pada manusia dan binatang. Semua debu tanah berubah menjadi nyamuk di seluruh Tanah Mesir.",
Keluaran,8,18,Keluaran 8:18,وَفَعَلَ كَذَلِكَ ٱلْعَرَّافُونَ بِسِحْرِهِمْ لِيُخْرِجُوا ٱلْبَعُوضَ فَلَمْ يَسْتَطِيعُوا. وَكَانَ ٱلْبَعُوضُ عَلَى ٱلنَّاسِ وَعَلَى ٱلْبَهَائِمِ.,"Para ahli ilmu gaib melakukannya pula dengan mantra-mantra rahasianya untuk mendatangkan nyamuk, tetapi mereka tidak berhasil. Demikianlah nyamuk-nyamuk itu hinggap atas manusia dan atas binatang.","Para ahli ilmu gaib pun berusaha memunculkan nyamuk-nyamuk dengan ilmunya, tetapi mereka tidak sanggup. Demikianlah nyamuk-nyamuk itu hinggap pada manusia dan binatang.",
Keluaran,8,19,Keluaran 8:19,فَقَالَ ٱلْعَرَّافُونَ لِفِرْعَوْنَ: «هَذَا إِصْبَعُ ٱللهِ». وَلَكِنِ ٱشْتَدَّ قَلْبُ فِرْعَوْنَ فَلَمْ يَسْمَعْ لَهُمَا، كَمَا تَكَلَّمَ ٱلرَّبُّ.,"Sebab itu, para ahli ilmu gaib itu berkata kepada Firaun, “Ini adalah jari Allah.” Namun, hati Firaun mengeras dan dia tidak mau mendengarkan mereka, sebagaimana yang telah difirmankan TUHAN.","Maka, kata para ahli ilmu gaib itu kepada Firaun, “Ini adalah kuasa Allah.” Tetapi, hati Firaun tetap keras sehingga ia tidak mau mendengarkan mereka, seperti yang telah difirmankan ALLAH.",
Keluaran,8,20,Keluaran 8:20,ثُمَّ قَالَ ٱلرَّبُّ لِمُوسَى: «بَكِّرْ فِي ٱلصَّبَاحِ وَقِفْ أَمَامَ فِرْعَوْنَ. إِنَّهُ يَخْرُجُ إِلَى ٱلْمَاءِ. وَقُلْ لَهُ: هَكَذَا يَقُولُ ٱلرَّبُّ: أَطْلِقْ شَعْبِي لِيَعْبُدُونِي.,"TUHAN berkata kepada Musa, “Bangunlah pagi-pagi dan berdirilah di hadapan Firaun. Amatilah, ketika dia menuju ke air, katakanlah kepadanya, ‘Inilah firman TUHAN: Biarkan umat-Ku pergi supaya mereka dapat melayani-Ku.","ALLAH berfirman kepada Musa, “Bangunlah pagi-pagi, lalu nantikanlah Firaun pada waktu ia biasa keluar ke sungai. Katakanlah kepadanya, ‘Beginilah firman ALLAH, “Izinkanlah umat-Ku pergi supaya mereka dapat beribadah kepada-Ku",
Keluaran,8,21,Keluaran 8:21,فَإِنَّهُ إِنْ كُنْتَ لَا تُطْلِقُ شَعْبِي، هَا أَنَا أُرْسِلُ عَلَيْكَ وَعَلَى عَبِيدِكَ وَعَلَى شَعْبِكَ وَعَلَى بُيُوتِكَ ٱلذُّبَّانَ، فَتَمْتَلِئُ بُيُوتُ ٱلْمِصْرِيِّينَ ذُبَّانًا. وَأَيْضًا ٱلْأَرْضُ ٱلَّتِي هُمْ عَلَيْهَا.,"Jika kamu tidak membiarkan umat-Ku pergi, lihatlah, Aku akan mengirim lalat-lalat kepadamu, dan kepada hamba-hambamu, dan kepada rakyatmu, dan ke dalam istanamu. Rumah orang Mesir akan penuh dengan lalat dan juga tanah tempat mereka berada.","karena jika engkau tidak mengizinkan umat-Ku pergi, maka akan Kubuat lalat pikat mendatangimu, mendatangi pegawai-pegawaimu, rakyatmu, serta rumah-rumahmu. Rumah orang Mesir akan penuh dengan lalat pikat, demikian pula tanah tempat mereka berdiri.",
Keluaran,8,22,Keluaran 8:22,وَلَكِنْ أُمَيِّزُ فِي ذَلِكَ ٱلْيَوْمِ أَرْضَ جَاسَانَ حَيْثُ شَعْبِي مُقِيمٌ حَتَّى لَا يَكُونُ هُنَاكَ ذُبَّانٌ. لِكَيْ تَعْلَمَ أَنِّي أَنَا ٱلرَّبُّ فِي ٱلْأَرْضِ.,"Namun, pada hari itu, Aku akan mengecualikan tanah Gosyen, tempat umat-Ku tinggal sehingga tidak akan ada lalat di sana. Dengan demikian, kamu akan tahu bahwa Aku, TUHAN, ada di tengah-tengah negeri ini.","Akan tetapi, pada hari itu Aku akan mengecualikan Tanah Gosyen, tempat umat-Ku tinggal. Di sana tidak akan ada lalat pikat supaya engkau tahu bahwa Aku, ALLAH, hadir di tengah-tengah negeri ini.",
Keluaran,8,23,Keluaran 8:23,وَأَجْعَلُ فَرْقًا بَيْنَ شَعْبِي وَشَعْبِكَ. غَدًا تَكُونُ هَذِهِ ٱلْآيَةُ».,Aku akan menempatkan pemisah antara umat-Ku dan rakyatmu. Tanda ini akan terjadi besok.’”,Aku akan membuat perbedaan antara umat-Ku dan rakyatmu. Besok mukjizat ini akan terjadi.”’”,
Keluaran,8,24,Keluaran 8:24,فَفَعَلَ ٱلرَّبُّ هَكَذَا، فَدَخَلَتْ ذُبَّانٌ كَثِيرَةٌ إِلَى بَيْتِ فِرْعَوْنَ وَبُيُوتِ عَبِيدِهِ. وَفِي كُلِّ أَرْضِ مِصْرَ خَرِبَتِ ٱلْأَرْضُ مِنَ ٱلذُّبَّانِ.,"Demikianlah TUHAN melakukannya. Sejumlah besar lalat masuk ke dalam istana Firaun dan ke rumah hamba-hambanya, sampai seluruh tanah Mesir. Maka, TUHAN melakukan yang telah dikatakan-Nya. Jutaan lalat masuk ke rumah Firaun dan ke rumah para pejabatnya. Lalat-lalat itu memenuhi seluruh Mesir dan merusak negeri itu.","Maka, ALLAH pun berbuat demikian. Sejumlah besar lalat pikat masuk ke dalam istana Firaun, ke dalam rumah pegawai-pegawainya, dan ke seluruh Tanah Mesir. Negeri itu pun menderita karena lalat-lalat pikat itu.",
Keluaran,8,25,Keluaran 8:25,فَدَعَا فِرْعَوْنُ مُوسَى وَهَارُونَ وَقَالَ: «ٱذْهَبُوا ٱذْبَحُوا لِإِلَهِكُمْ فِي هَذِهِ ٱلْأَرْضِ».,"Lalu, Firaun memanggil Musa dan Harun dan berkata, “Pergilah, persembahkanlah kurban bagi Allahmu di negeri ini!”","Lalu, Firaun memanggil Musa dan Harun. Katanya, “Pergilah, persembahkanlah kurban kepada Tuhanmu di negeri ini.”",
Keluaran,8,26,Keluaran 8:26,فَقَالَ مُوسَى: «لَا يَصْلَحُ أَنْ نَفْعَلَ هَكَذَا، لِأَنَّنَا إِنَّمَا نَذْبَحُ رِجْسَ ٱلْمِصْرِيِّينَ لِلرَّبِّ إِلَهِنَا. إِنْ ذَبَحْنَا رِجْسَ ٱلْمِصْرِيِّينَ أَمَامَ عُيُونِهِمْ أَفَلَا يَرْجُمُونَنَا؟,"Namun, Musa berkata, “Hal itu tidak tepat untuk dilakukan karena kami akan mempersembahkan hal yang keji bagi orang Mesir. Lihatlah, jika kami mempersembahkan hal yang keji bagi orang Mesir di depan mata mereka, bukankah mereka akan merajami kami?","Tetapi, Musa berkata, “Kami tidak dapat berbuat demikian karena kurban yang hendak kami persembahkan kepada ALLAH, Tuhan kami, adalah sesuatu yang dikejikan oleh orang Mesir. Apabila kami mempersembahkan kurban yang dikejikan orang Mesir di depan mata mereka, tidakkah mereka akan merajam kami?",
Keluaran,8,27,Keluaran 8:27,نَذْهَبُ سَفَرَ ثَلَاثَةِ أَيَّامٍ فِي ٱلْبَرِّيَّةِ وَنَذْبَحُ لِلرَّبِّ إِلَهِنَا كَمَا يَقُولُ لَنَا».,"Kami harus pergi sejauh tiga hari perjalanan ke padang belantara dan mempersembahkan kurban kepada TUHAN, Allah kami, sebagaimana yang difirmankan-Nya kepada kami.”","Kami harus pergi ke padang belantara sejauh tiga hari perjalanan, lalu mempersembahkan kurban kepada ALLAH, Tuhan kami, sesuai dengan yang difirmankan-Nya kepada kami.”",
Keluaran,8,28,Keluaran 8:28,فَقَالَ فِرْعَوْنُ: «أَنَا أُطْلِقُكُمْ لِتَذْبَحُوا لِلرَّبِّ إِلَهِكُمْ فِي ٱلْبَرِّيَّةِ، وَلَكِنْ لَا تَذْهَبُوا بَعِيدًا. صَلِّيَا لِأَجْلِي».,"Firaun berkata, “Aku akan membiarkan kamu pergi supaya kamu dapat mempersembahkan kurban kepada TUHAN, Allahmu, di padang belantara. Namun, kamu tidak boleh pergi terlalu jauh. Ayo, berdoalah untukku!”","Kata Firaun, “Aku akan mengizinkan kamu pergi mempersembahkan kurban kepada ALLAH, Tuhanmu, di padang belantara. Hanya, janganlah pergi terlalu jauh, dan doakanlah aku.”",
Keluaran,8,29,Keluaran 8:29,فَقَالَ مُوسَى: «هَا أَنَا أَخْرُجُ مِنْ لَدُنْكَ وَأُصَلِّي إِلَى ٱلرَّبِّ، فَتَرْتَفِعُ ٱلذُّبَّانُ عَنْ فِرْعَوْنَ وَعَبِيدِهِ وَشَعْبِهِ غَدًا. وَلَكِنْ لَا يَعُدْ فِرْعَوْنُ يُخَاتِلُ حَتَّى لَا يُطْلِقَ ٱلشَّعْبَ لِيَذْبَحَ لِلرَّبِّ».,"Musa berkata, “Lihatlah, aku akan undur dari hadapanmu dan aku akan berdoa kepada TUHAN supaya besok lalat-lalat itu menyingkir dari Firaun, dari hamba-hambanya, dan dari rakyatnya. Hanya, jangan sampai Firaun berbuat curang lagi dengan tidak membiarkan bangsa itu pergi untuk mempersembahkan kurban kepada TUHAN.”","Kata Musa, “Sekarang juga aku akan keluar meninggalkanmu dan aku akan berdoa kepada ALLAH supaya besok lalat pikat ini disingkirkan dari Firaun, dari pegawai-pegawainya, dan dari rakyatnya. Hanya, janganlah Firaun berbohong lagi dengan tidak mengizinkan umat ini pergi mempersembahkan kurban kepada ALLAH.”",
Keluaran,8,30,Keluaran 8:30,فَخَرَجَ مُوسَى مِنْ لَدُنْ فِرْعَوْنَ وَصَلَّى إِلَى ٱلرَّبِّ.,"Lalu, Musa pergi dari Firaun dan berdoa kepada TUHAN.","Setelah itu, keluarlah Musa meninggalkan Firaun, lalu berdoa kepada ALLAH.",
Keluaran,8,31,Keluaran 8:31,فَفَعَلَ ٱلرَّبُّ كَقَوْلِ مُوسَى، فَٱرْتَفَعَ ٱلذُّبَّانُ عَنْ فِرْعَوْنَ وَعَبِيدِهِ وَشَعْبِهِ. لَمْ تَبْقَ وَاحِدَةٌ.,"TUHAN melakukan yang diminta Musa dan menyingkirkan lalat-lalat itu dari Firaun, dari para hambanya, dan dari rakyatnya. Tidak ada satu pun yang tertinggal.","ALLAH pun mengabulkan permintaan Musa. Ia menyingkirkan lalat-lalat pikat itu dari Firaun, dari pegawai-pegawainya, dan dari rakyatnya. Seekor pun tidak tertinggal.",
Keluaran,8,32,Keluaran 8:32,وَلَكِنْ أَغْلَظَ فِرْعَوْنُ قَلْبَهُ هَذِهِ ٱلْمَرَّةَ أَيْضًا فَلَمْ يُطْلِقِ ٱلشَّعْبَ.,"Namun, kali ini pun Firaun mengeraskan hatinya dan tidak membiarkan bangsa itu pergi.","Namun, kali ini pun Firaun mengeraskan hatinya dan tidak mengizinkan bangsa itu pergi.",
Keluaran,9,1,Keluaran 9:1,ثُمَّ قَالَ ٱلرَّبُّ لِمُوسَى: «ٱدْخُلْ إِلَى فِرْعَوْنَ وَقُلْ لَهُ: هَكَذَا يَقُولُ ٱلرَّبُّ إِلَهُ ٱلْعِبْرَانِيِّينَ: أَطْلِقْ شَعْبِي لِيَعْبُدُونِي.,"Kemudian, TUHAN berfirman kepada Musa, “Pergilah kepada Firaun dan katakan kepadanya, ‘Inilah firman TUHAN, Allah orang Ibrani: Biarkanlah umat-Ku pergi supaya mereka dapat melayani Aku.","ALLAH berfirman kepada Musa, “Pergilah menghadap Firaun dan katakanlah kepadanya, ‘Beginilah firman ALLAH, Tuhan yang disembah orang Ibrani, “Izinkanlah umat-Ku pergi supaya mereka dapat beribadah kepada-Ku.",
Keluaran,9,2,Keluaran 9:2,فَإِنَّهُ إِنْ كُنْتَ تَأْبَى أَنْ تُطْلِقَهُمْ وَكُنْتَ تُمْسِكُهُمْ بَعْدُ،,"Sebab, jika engkau menolak untuk membiarkan mereka pergi dan terus-menerus menahan mereka,","Karena jika engkau tidak mengizinkan mereka pergi dan masih menahan mereka,",
Keluaran,9,3,Keluaran 9:3,فَهَا يَدُ ٱلرَّبِّ تَكُونُ عَلَى مَوَاشِيكَ ٱلَّتِي فِي ٱلْحَقْلِ، عَلَى ٱلْخَيْلِ وَٱلْحَمِيرِ وَٱلْجِمَالِ وَٱلْبَقَرِ وَٱلْغَنَمِ، وَبَأً ثَقِيلًا جِدًّا.,"lihatlah, tangan TUHAN akan datang dengan wabah penyakit yang sangat berat atas ternakmu di ladang, atas kuda, atas keledai, atas unta, atas kawanan sapi, dan atas kawanan domba.","maka tangan ALLAH akan mendatangkan penyakit sampar yang sangat hebat atas ternakmu di padang, yaitu kuda, keledai, unta, sapi, serta kambing domba.",
Keluaran,9,4,Keluaran 9:4,وَيُمَيِّزُ ٱلرَّبُّ بَيْنَ مَوَاشِي إِسْرَائِيلَ وَمَوَاشِي ٱلْمِصْرِيِّينَ. فَلَا يَمُوتُ مِنْ كُلِّ مَا لِبَنِي إِسْرَائِيلَ شَيْءٌ».,"Namun, TUHAN akan membedakan ternak orang Israel dengan ternak orang Mesir sehingga tidak ada yang akan mati dari milik keturunan Israel.","Tetapi, ALLAH akan membuat perbedaan antara ternak orang Israil dengan ternak orang Mesir. Tak seekor pun dari ternak bani Israil akan mati.”’”",
Keluaran,9,5,Keluaran 9:5,وَعَيَّنَ ٱلرَّبُّ وَقْتًا قَائِلًا: «غَدًا يَفْعَلُ ٱلرَّبُّ هَذَا ٱلْأَمْرَ فِي ٱلْأَرْضِ».,"TUHAN telah menetapkan satu waktu, kata-Nya: Besok, TUHAN akan melaksanakannya di negeri ini.’”","Kemudian, ALLAH menentukan waktu, firman-Nya, “Besok ALLAH akan melaksanakan hal itu di negeri ini.”",
Keluaran,9,6,Keluaran 9:6,فَفَعَلَ ٱلرَّبُّ هَذَا ٱلْأَمْرَ فِي ٱلْغَدِ. فَمَاتَتْ جَمِيعُ مَوَاشِي ٱلْمِصْرِيِّينَ. وَأَمَّا مَوَاشِي بَنِي إِسْرَائِيلَ فَلَمْ يَمُتْ مِنْهَا وَاحِدٌ.,"Keesokan harinya, TUHAN melaksanakan hal tersebut dan semua ternak orang Mesir pun mati, tetapi tidak ada satu pun ternak keturunan Israel yang mati.","Keesokan harinya, ALLAH pun melaksanakan hal itu. Semua ternak orang Mesir mati, tetapi ternak bani Israil tak seekor pun mati.",
Keluaran,9,7,Keluaran 9:7,وَأَرْسَلَ فِرْعَوْنُ وَإِذَا مَوَاشِي إِسْرَائِيلَ لَمْ يَمُتْ مِنْهَا وَلَا وَاحِدٌ. وَلَكِنْ غَلُظَ قَلْبُ فِرْعَوْنَ فَلَمْ يُطْلِقِ ٱلشَّعْبَ.,"Firaun mengutus orang, dan lihatlah, tidak ada satu pun ternak orang Israel yang mati. Namun, hati Firaun dikeraskan dan dia tidak membiarkan bangsa itu pergi.","Lalu, Firaun menyuruh orang memeriksa hal itu, dan sungguh, tak seekor pun ternak orang Israil mati. Namun, hati Firaun tetap keras. Ia tidak mengizinkan bangsa itu pergi.",
Keluaran,9,8,Keluaran 9:8,ثُمَّ قَالَ ٱلرَّبُّ لِمُوسَى وَهَارُونَ: «خُذَا مِلْءَ أَيْدِيكُمَا مِنْ رَمَادِ ٱلأَتُونِ، وَلْيُذَرِّهِ مُوسَى نَحْوَ ٱلسَّمَاءِ أَمَامَ عَيْنَيْ فِرْعَوْنَ،,"TUHAN berkata kepada Musa dan Harun, “Ambillah bagimu segenggam abu dari tungku dan biarkanlah Musa menghamburkannya ke udara di depan mata Firaun.","ALLAH berfirman kepada Musa dan Harun, “Ambillah segenggam penuh jelaga dari dapur peleburan, lalu Musa harus menghamburkannya ke udara di hadapan Firaun.",
Keluaran,9,9,Keluaran 9:9,لِيَصِيرَ غُبَارًا عَلَى كُلِّ أَرْضِ مِصْرَ. فَيَصِيرَ عَلَى ٱلنَّاسِ وَعَلَى ٱلْبَهَائِمِ دَمَامِلَ طَالِعَةً بِبُثُورٍ فِي كُلِّ أَرْضِ مِصْرَ».,Itu akan menjadi debu halus di seluruh tanah Mesir dan akan menjadi bisul yang pecah bernanah pada manusia dan binatang di seluruh tanah Mesir.”,Jelaga itu akan menjadi debu di seluruh Tanah Mesir serta menjadi bisul yang pecah bernanah pada manusia juga binatang di seluruh Tanah Mesir.”,
Keluaran,9,10,Keluaran 9:10,فَأَخَذَا رَمَادَ ٱلْأَتُونِ وَوَقَفَا أَمَامَ فِرْعَوْنَ، وَذَرَّاهُ مُوسَى نَحْوَ ٱلسَّمَاءِ، فَصَارَ دَمَامِلَ بُثُورٍ طَالِعَةً فِي ٱلنَّاسِ وَفِي ٱلْبَهَائِمِ.,"Lalu, mereka mengambil abu dari tungku dan berdiri di hadapan Firaun. Kemudian, Musa menghamburkannya ke udara dan itu menjadi bisul yang pecah bernanah pada manusia dan binatang.","Maka, mereka mengambil jelaga dari dapur peleburan, lalu berdiri di hadapan Firaun. Musa menghamburkan jelaga itu ke udara, lalu berjangkitlah penyakit berupa bisul yang pecah bernanah pada manusia serta binatang.",
Keluaran,9,11,Keluaran 9:11,وَلَمْ يَسْتَطِعِ ٱلْعَرَّافُونَ أَنْ يَقِفُوا أَمَامَ مُوسَى مِنْ أَجْلِ ٱلدَّمَامِلِ، لِأَنَّ ٱلدَّمَامِلَ كَانَتْ فِي ٱلْعَرَّافِينَ وَفِي كُلِّ ٱلْمِصْرِيِّينَ.,"Para ahli ilmu gaib tidak dapat berdiri di hadapan Musa karena bisul itu sebab bisul itu juga menjangkiti para ahli ilmu gaib, seperti semua orang Mesir.","Para ahli ilmu gaib tidak dapat berdiri lagi di hadapan Musa akibat bisul-bisul itu sebab bisul itu juga menjangkiti para ahli ilmu gaib, seperti semua orang Mesir lainnya.",
Keluaran,9,12,Keluaran 9:12,وَلَكِنْ شَدَّدَ ٱلرَّبُّ قَلْبَ فِرْعَوْنَ فَلَمْ يَسْمَعْ لَهُمَا، كَمَا كَلَّمَ ٱلرَّبُّ مُوسَى.,"Namun, TUHAN mengeraskan hati Firaun sehingga dia tidak mau mendengarkan mereka, sebagaimana yang telah difirmankan TUHAN kepada Musa.","Tetapi, ALLAH mengeraskan hati Firaun sehingga ia tidak mau mendengarkan keduanya, seperti yang telah difirmankan ALLAH kepada Musa.",
Keluaran,9,13,Keluaran 9:13,ثُمَّ قَالَ ٱلرَّبُّ لِمُوسَى: «بَكِّرْ فِي ٱلصَّبَاحِ وَقِفْ أَمَامَ فِرْعَوْنَ وَقُلْ لَهُ: هَكَذَا يَقُولُ ٱلرَّبُّ إِلَهُ ٱلْعِبْرَانِيِّينَ: أَطْلِقْ شَعْبِي لِيَعْبُدُونِي.,"Kemudian, TUHAN berfirman kepada Musa, “Bangunlah pagi-pagi dan berdirilah di hadapan Firaun. Lalu, katakan kepadanya, ‘Inilah firman TUHAN, Allah orang Ibrani: Biarkan umat-Ku pergi supaya mereka dapat melayani Aku!","ALLAH berfirman kepada Musa, “Bangunlah pagi-pagi, nantikanlah Firaun dan katakanlah kepadanya, ‘Beginilah firman ALLAH, Tuhan yang disembah orang Ibrani, “Izinkanlah umat-Ku pergi supaya mereka dapat beribadah kepada-Ku",
Keluaran,9,14,Keluaran 9:14,لِأَنِّي هَذِهِ ٱلْمَرَّةَ أُرْسِلُ جَمِيعَ ضَرَبَاتِي إِلَى قَلْبِكَ وَعَلَى عَبِيدِكَ وَشَعْبِكَ، لِكَيْ تَعْرِفَ أَنْ لَيْسَ مِثْلِي فِي كُلِّ ٱلْأَرْضِ.,"Sebab, kali ini Aku akan mengirimkan segala malapetaka-Ku atas dirimu, atas hamba-hambamu, dan atas rakyatmu supaya kamu tahu bahwa tidak ada satu pun yang seperti Aku di seluruh bumi.","karena kali ini Aku akan melepas segala tulah-Ku atas dirimu, atas pegawai-pegawaimu serta rakyatmu supaya engkau tahu bahwa tidak ada yang seperti Aku di seluruh bumi.",
Keluaran,9,15,Keluaran 9:15,فَإِنَّهُ ٱلْآنَ لَوْ كُنْتُ أَمُدُّ يَدِي وَأَضْرِبُكَ وَشَعْبَكَ بِٱلْوَبَإِ، لَكُنْتَ تُبَادُ مِنَ ٱلْأَرْضِ.,"Sekarang pun Aku dapat mengulurkan tangan-Ku untuk memukul kamu dan rakyatmu dengan wabah penyakit, dan kamu akan dilenyapkan dari bumi.",Sekarang pun Aku bisa saja mengulurkan tangan-Ku untuk mengazab engkau dan rakyatmu dengan penyakit sampar sehingga engkau lenyap dari atas bumi.,
Keluaran,9,16,Keluaran 9:16,وَلَكِنْ لِأَجْلِ هَذَا أَقَمْتُكَ، لِكَيْ أُرِيَكَ قُوَّتِي، وَلِكَيْ يُخْبَرَ بِٱسْمِي فِي كُلِّ ٱلْأَرْضِ.,"Namun, sesungguhnya, untuk alasan ini Aku masih membiarkanmu berdiri, yaitu untuk mempertunjukkan kuasa-Ku kepadamu dan untuk memasyhurkan nama-Ku di seluruh bumi!","Akan tetapi, inilah sebabnya Aku membiarkan engkau hidup, yaitu supaya Aku dapat memperlihatkan kepadamu kuasa-Ku, dan supaya nama-Ku dimasyhurkan di seluruh bumi.",
Keluaran,9,17,Keluaran 9:17,أَنْتَ مُعَانِدٌ بَعْدُ لِشَعْبِي حَتَّى لَا تُطْلِقَهُ.,"Meskipun demikian, kamu masih saja meninggikan diri terhadap umat-Ku dan tidak membiarkan mereka pergi.","Meskipun demikian, engkau masih saja meninggikan diri atas umat-Ku dan tidak mengizinkan mereka pergi.",
Keluaran,9,18,Keluaran 9:18,هَا أَنَا غَدًا مِثْلَ ٱلْآنَ أُمْطِرُ بَرَدًا عَظِيمًا جِدًّا لَمْ يَكُنْ مِثْلُهُ فِي مِصْرَ مُنْذُ يَوْمِ تَأْسِيسِهَا إِلَى ٱلْآنَ.,"Lihat, besok, kira-kira pada waktu seperti ini, Aku akan menurunkan hujan es yang sangat dahsyat, yang belum pernah terjadi di Mesir, sejak didirikan sampai sekarang.’","Sesungguhnya, besok, pada waktu seperti ini, Aku akan menurunkan hujan batu yang sangat hebat, yang belum pernah terjadi di Mesir sejak Mesir ada sampai sekarang ini.",
Keluaran,9,19,Keluaran 9:19,فَٱلْآنَ أَرْسِلِ ٱحْمِ مَوَاشِيَكَ وَكُلَّ مَا لَكَ فِي ٱلْحَقْلِ. جَمِيعُ ٱلنَّاسِ وَٱلْبَهَائِمِ ٱلَّذِينَ يُوجَدُونَ فِي ٱلْحَقْلِ وَلَا يُجْمَعُونَ إِلَى ٱلْبُيُوتِ، يَنْزِلُ عَلَيْهِمِ ٱلْبَرَدُ فَيَمُوتُونَ».,"Sebab itu, sekarang, amankanlah ternakmu dan segala yang kamu miliki di ladang. Setiap orang dan binatang yang ada di padang dan tidak dibawa ke rumah akan mati ketika hujan es menghujani mereka.”","Sekarang, suruhlah orang mengungsikan ternakmu dan segala sesuatu yang kaumiliki di padang. Semua orang dan binatang yang ada di padang dan tidak dibawa masuk ke rumah akan ditimpa oleh hujan batu itu sehingga mati.”’”",
Keluaran,9,20,Keluaran 9:20,فَٱلَّذِي خَافَ كَلِمَةَ ٱلرَّبِّ مِنْ عَبِيدِ فِرْعَوْنَ هَرَبَ بِعَبِيدِهِ وَمَوَاشِيهِ إِلَى ٱلْبُيُوتِ.,Beberapa orang dari antara hamba Firaun yang takut akan firman TUHAN melarikan para budaknya dan ternaknya ke dalam rumah.,Beberapa orang yang berkhidmat kepada firman ALLAH di antara para pegawai Firaun melarikan hamba-hambanya dan ternaknya ke rumah.,
Keluaran,9,21,Keluaran 9:21,وَأَمَّا ٱلَّذِي لَمْ يُوَجِّهْ قَلْبَهُ إِلَى كَلِمَةِ ٱلرَّبِّ فَتَرَكَ عَبِيدَهُ وَمَوَاشِيَهُ فِي ٱلْحَقْلِ.,"Namun, orang yang tidak mengacuhkan firman TUHAN meninggalkan para budaknya dan ternaknya di padang.","Tetapi, orang yang tidak mengindahkan firman ALLAH membiarkan hamba-hambanya dan ternaknya di padang.",
Keluaran,9,22,Keluaran 9:22,ثُمَّ قَالَ ٱلرَّبُّ لِمُوسَى: «مُدَّ يَدَكَ نَحْوَ ٱلسَّمَاءِ لِيَكُونَ بَرَدٌ فِي كُلِّ أَرْضِ مِصْرَ: عَلَى ٱلنَّاسِ وَعَلَى ٱلْبَهَائِمِ وَعَلَى كُلِّ عُشْبِ ٱلْحَقْلِ فِي أَرْضِ مِصْرَ».,"Kemudian, TUHAN berkata kepada Musa, “Acungkan tanganmu ke langit sehingga hujan es turun di seluruh tanah Mesir, atas manusia dan atas binatang, dan atas segala tumbuhan di padang, di tanah Mesir.”","Firman ALLAH kepada Musa, “Ulurkanlah tanganmu ke langit supaya hujan batu turun di seluruh Tanah Mesir melanda manusia, binatang, serta segala tumbuhan di padang, di Tanah Mesir.”",
Keluaran,9,23,Keluaran 9:23,فَمَدَّ مُوسَى عَصَاهُ نَحْوَ ٱلسَّمَاءِ، فَأَعْطَى ٱلرَّبُّ رُعُودًا وَبَرَدًا، وَجَرَتْ نَارٌ عَلَى ٱلْأَرْضِ، وَأَمْطَرَ ٱلرَّبُّ بَرَدًا عَلَى أَرْضِ مِصْرَ.,"Setelah itu, Musa mengacungkan tangannya ke langit dan TUHAN mengirim guntur, dan hujan es, dan api yang menyambar sampai ke bumi. Demikianlah, TUHAN menghujani tanah Mesir dengan hujan es.","Musa pun mengulurkan tongkatnya ke langit, lalu ALLAH mendatangkan guruh dan hujan batu, serta menurunkan pula api ke bumi. ALLAH menghujani Tanah Mesir dengan hujan batu.",
Keluaran,9,24,Keluaran 9:24,فَكَانَ بَرَدٌ، وَنَارٌ مُتَوَاصِلَةٌ فِي وَسَطِ ٱلْبَرَدِ. شَيْءٌ عَظِيمٌ جِدًّا لَمْ يَكُنْ مِثْلُهُ فِي كُلِّ أَرْضِ مِصْرَ مُنْذُ صَارَتْ أُمَّةً.,"Hujan es turun dan api terus-menerus menyambar di tengah-tengah hujan es itu, sangat dahsyat. Yang seperti itu belum pernah terjadi di seluruh tanah Mesir sejak Mesir menjadi suatu bangsa.",Hujan batu turun dan api sambar-menyambar di tengah-tengah hujan batu itu dengan sangat hebatnya. Belum pernah terjadi hal semacam itu di seluruh Tanah Mesir sejak Mesir menjadi suatu bangsa.,
Keluaran,9,25,Keluaran 9:25,فَضَرَبَ ٱلْبَرَدُ فِي كُلِّ أَرْضِ مِصْرَ جَمِيعَ مَا فِي ٱلْحَقْلِ مِنَ ٱلنَّاسِ وَٱلْبَهَائِمِ. وَضَرَبَ ٱلْبَرَدُ جَمِيعَ عُشْبِ ٱلْحَقْلِ وَكَسَّرَ جَمِيعَ شَجَرِ ٱلْحَقْلِ.,"Hujan es itu menghantam seluruh tanah Mesir, segala sesuatu yang ada di ladang, baik manusia maupun binatang. Hujan es juga menghantam segala tanaman di ladang dan menghancurkan setiap pohon di ladang.","Hujan batu itu membinasakan segala sesuatu yang ada di padang di seluruh Tanah Mesir, baik manusia maupun binatang. Tumbuh-tumbuhan serta pepohonan pun rusak dan hancur karena hujan batu itu.",
Keluaran,9,26,Keluaran 9:26,إِلَّا أَرْضَ جَاسَانَ حَيْثُ كَانَ بَنُو إِسْرَائِيلَ، فَلَمْ يَكُنْ فِيهَا بَرَدٌ.,"Hanya di tanah Gosyen, tempat tinggal keturunan Israel, yang tidak ditimpa oleh hujan es.","Hanya di Tanah Gosyen saja, yaitu tempat tinggal bani Israil, hujan batu tidak turun.",
Keluaran,9,27,Keluaran 9:27,فَأَرْسَلَ فِرْعَوْنُ وَدَعَا مُوسَى وَهَارُونَ وَقَالَ لَهُمَا: «أَخْطَأْتُ هَذِهِ ٱلْمَرَّةَ. ٱلرَّبُّ هُوَ ٱلْبَارُّ وَأَنَا وَشَعْبِي ٱلْأَشْرَارُ.,"Firaun menyuruh orang untuk memanggil Musa dan Harun, lalu berkata kepada mereka, “Kali ini, aku telah berdosa. TUHAN-lah yang benar. Aku dan rakyatku yang salah.","Maka, Firaun menyuruh agar Musa dan Harun dipanggil. Lalu, katanya kepada mereka, “Kali ini aku telah berdosa. ALLAH itulah yang benar, sedangkan aku dan rakyatku bersalah.",
Keluaran,9,28,Keluaran 9:28,صَلِّيَا إِلَى ٱلرَّبِّ، وَكَفَى حُدُوثُ رُعُودِ ٱللهِ وَٱلْبَرَدُ، فَأُطْلِقَكُمْ وَلَا تَعُودُوا تَلْبَثُونَ».,"Berdoalah kepada TUHAN sebab ini sudah cukup! Jangan lagi ada guntur Allah dan hujan es ini. Setelah itu, Aku akan membiarkan kalian pergi dan kalian tidak usah tinggal di sini lagi.”",Berdoalah kepada ALLAH. Cukuplah sudah guruh yang luar biasa dan hujan batu ini. Aku akan mengizinkan kamu pergi. Tidak usah lagi kamu tinggal di sini.”,
Keluaran,9,29,Keluaran 9:29,فَقَالَ لَهُ مُوسَى: «عِنْدَ خُرُوجِي مِنَ ٱلْمَدِينَةِ أَبْسِطُ يَدَيَّ إِلَى ٱلرَّبِّ، فَتَنْقَطِعُ ٱلرُّعُودُ وَلَا يَكُونُ ٱلْبَرَدُ أَيْضًا، لِكَيْ تَعْرِفَ أَنَّ لِلرَّبِّ ٱلْأَرْضَ.,"Musa berkata kepadanya, “Segera setelah aku keluar dari kota ini, aku akan menadahkan telapak tanganku kepada TUHAN, dan guntur akan berhenti serta tidak akan ada lagi hujan es supaya kamu akan mengetahui bahwa bumi ini adalah milik TUHAN.","Kata Musa kepadanya, “Apabila aku sudah keluar dari kota ini, aku akan menadahkan tanganku kepada ALLAH. Guruh akan berhenti dan hujan batu tidak akan turun lagi supaya engkau tahu bahwa bumi ini milik ALLAH.",
Keluaran,9,30,Keluaran 9:30,وَأَمَّا أَنْتَ وَعَبِيدُكَ فَأَنَا أَعْلَمُ أَنَّكُمْ لَمْ تَخْشَوْا بَعْدُ مِنَ ٱلرَّبِّ ٱلْإِلَهِ».,"Namun, aku tahu bahwa kamu dan para hambamu belum juga takut kepada TUHAN Allah.”","Akan tetapi, aku tahu bahwa sesungguhnya engkau dan para pegawaimu belum juga bertakwa kepada ALLAH, Al-Khalik.”",
Keluaran,9,31,Keluaran 9:31,فَٱلْكَتَّانُ وَٱلشَّعِيرُ ضُرِبَا. لِأَنَّ ٱلشَّعِيرَ كَانَ مُسْبِلًا وَٱلْكَتَّانُ مُبْزِرًا.,Benih rami dan jelai telah dihancurkan sebab jelai baru bertunas dan benih rami sedang mekar.,Saat itu tumbuhan rami dan jelai musnah karena jelai sedang berbulir dan rami sedang berbunga.,
Keluaran,9,32,Keluaran 9:32,وَأَمَّا ٱلْحِنْطَةُ وَٱلْقَطَانِيُّ فَلَمْ تُضْرَبْ لِأَنَّهَا كَانَتْ مُتَأَخِّرَةً.,"Akan tetapi, gandum dan jawawut belum tiba musimnya, jadi tumbuhan-tumbuhan ini tidak dihancurkan.","Tetapi, gandum dan sekoi tidak musnah karena belum tumbuh.",
Keluaran,9,33,Keluaran 9:33,فَخَرَجَ مُوسَى مِنَ ٱلْمَدِينَةِ مِنْ لَدُنْ فِرْعَوْنَ وَبَسَطَ يَدَيْهِ إِلَى ٱلرَّبِّ، فَٱنْقَطَعَتِ ٱلرُّعُودُ وَٱلْبَرَدُ وَلَمْ يَنْصَبَّ ٱلْمَطَرُ عَلَى ٱلْأَرْضِ.,"Musa keluar dari kota itu, dari Firaun, dan menadahkan telapak tangannya kepada TUHAN, maka guntur dan hujan es itu berhenti, dan hujan tidak lagi tercurah ke bumi.","Musa keluar dari kota itu meninggalkan Firaun, lalu ia menadahkan tangannya kepada ALLAH. Maka, berhentilah guruh dan hujan batu, dan hujan tidak lagi tercurah ke bumi.",
Keluaran,9,34,Keluaran 9:34,وَلَكِنْ فِرْعَوْنُ لَمَّا رَأَى أَنَّ ٱلْمَطَرَ وَٱلْبَرَدَ وَٱلرُّعُودَ ٱنْقَطَعَتْ، عَادَ يُخْطِئُ وَأَغْلَظَ قَلْبَهُ هُوَ وَعَبِيدُهُ.,"Ketika Firaun melihat bahwa hujan, hujan es, dan guntur telah berhenti, dia berdosa lagi. Dia dan para hambanya kembali mengeraskan hati mereka.","Begitu Firaun melihat bahwa hujan, hujan batu, dan guruh sudah berhenti, ia pun berdosa lagi dan mengeraskan hatinya, demikian pula pegawai-pegawainya.",
Keluaran,9,35,Keluaran 9:35,فَٱشْتَدَّ قَلْبُ فِرْعَوْنَ فَلَمْ يُطْلِقْ بَنِي إِسْرَائِيلَ، كَمَا تَكَلَّمَ ٱلرَّبُّ عَنْ يَدِ مُوسَى.,"Hati Firaun tetap keras dan dia tidak membiarkan keturunan Israel untuk pergi, sebagaimana yang telah difirmankan TUHAN melalui Musa.","Hati Firaun tetap keras. Ia tidak mengizinkan bani Israil pergi, seperti yang telah difirmankan ALLAH dengan perantaraan Musa.",
Keluaran,10,1,Keluaran 10:1,ثُمَّ قَالَ ٱلرَّبُّ لِمُوسَى: «ٱدْخُلْ إِلَى فِرْعَوْنَ، فَإِنِّي أَغْلَظْتُ قَلْبَهُ وَقُلُوبَ عَبِيدِهِ لِكَيْ أَصْنَعَ آيَاتِي هَذِهِ بَيْنَهُمْ.,"TUHAN berfirman kepada Musa, “Pergilah menghadap Firaun karena Aku telah mengeraskan hatinya dan hati para hambanya agar Aku dapat mempertunjukkan tanda-tanda-Ku di antara mereka,","ALLAH berfirman kepada Musa, “Pergilah menghadap Firaun karena Aku telah mengeraskan hatinya dan hati pegawai-pegawainya supaya Aku dapat mengadakan mukjizat-mukjizat-Ku ini di antara mereka,",
Keluaran,10,2,Keluaran 10:2,وَلِكَيْ تُخْبِرَ فِي مَسَامِعِ ٱبْنِكَ وَٱبْنِ ٱبْنِكَ بِمَا فَعَلْتُهُ فِي مِصْرَ، وَبِآيَاتِي ٱلَّتِي صَنَعْتُهَا بَيْنَهُمْ، فَتَعْلَمُونَ أَنِّي أَنَا ٱلرَّبُّ».,"dan agar kamu dapat menceritakannya di telinga anakmu dan cucumu bagaimana Aku mempermainkan orang Mesir dan bagaimana Aku mempertunjukkan tanda-tanda-Ku di antara mereka. Dengan demikian, kamu dapat mengetahui bahwa Akulah TUHAN.”","dan supaya engkau dapat menceritakan kepada anak cucumu bagaimana Aku mempermainkan orang Mesir, serta mukjizat-mukjizat apa saja yang telah Kuadakan di antara mereka. Dengan demikian, kamu tahu bahwa Akulah ALLAH.”",
Keluaran,10,3,Keluaran 10:3,فَدَخَلَ مُوسَى وَهَارُونُ إِلَى فِرْعَوْنَ وَقَالَا لَهُ: «هَكَذَا يَقُولُ ٱلرَّبُّ إِلَهُ ٱلْعِبْرَانِيِّينَ: إِلَى مَتَى تَأْبَى أَنْ تَخْضَعَ لِي؟ أَطْلِقْ شَعْبِي لِيَعْبُدُونِي.,"Kemudian, Musa dan Harun menghadap Firaun dan berkata kepadanya, “Inilah firman TUHAN, Allah orang Ibrani, ‘Berapa lama lagi kamu akan menolak untuk merendahkan dirimu di hadapan-Ku? Biarkan umat-Ku pergi supaya mereka dapat melayani Aku!","Maka, pergilah Musa dan Harun menghadap Firaun, lalu berkata kepadanya, “Beginilah firman ALLAH, Tuhan yang disembah orang Ibrani, ‘Berapa lama lagi engkau menolak untuk merendahkan diri di hadapan-Ku? Izinkanlah umat-Ku pergi supaya mereka dapat beribadah kepada-Ku.",
Keluaran,10,4,Keluaran 10:4,فَإِنَّهُ إِنْ كُنْتَ تَأْبَى أَنْ تُطْلِقَ شَعْبِي هَا أَنَا أَجِيءُ غَدًا بِجَرَادٍ عَلَى تُخُومِكَ،,"Jika kamu menolak untuk membiarkan umat-Ku pergi, lihatlah, besok Aku akan mendatangkan belalang di wilayahmu,","Karena jika engkau tidak mengizinkan umat-Ku pergi, maka besok Aku akan mendatangkan belalang-belalang ke daerahmu.",
Keluaran,10,5,Keluaran 10:5,فَيُغَطِّي وَجْهَ ٱلْأَرْضِ حَتَّى لَا يُسْتَطَاعَ نَظَرُ ٱلْأَرْضِ. وَيَأْكُلُ ٱلْفَضْلَةَ ٱلسَّالِمَةَ ٱلْبَاقِيَةَ لَكُمْ مِنَ ٱلْبَرَدِ. وَيَأْكُلُ جَمِيعَ ٱلشَّجَرِ ٱلنَّابِتِ لَكُمْ مِنَ ٱلْحَقْلِ.,"dan belalang-belalang itu akan menutupi permukaan tanah sehingga tidak ada yang dapat melihat tanah itu. Belalang-belalang itu akan memakan habis sisa-sisa yang masih tertinggal dari peristiwa hujan es dan mereka akan memakan semua pohon yang baru tumbuh bagimu di ladang,","Belalang-belalang itu akan menutupi permukaan tanah sehingga tanah tak lagi terlihat. Belalang-belalang itu pun akan memakan habis sisa yang terluput, yaitu yang masih tertinggal bagimu setelah peristiwa hujan batu itu, dan akan memakan habis semua pohon yang tumbuh bagimu di padang.",
Keluaran,10,6,Keluaran 10:6,وَيَمْلَأُ بُيُوتَكَ وَبُيُوتَ جَمِيعِ عَبِيدِكَ وَبُيُوتَ جَمِيعِ ٱلْمِصْرِيِّينَ، ٱلْأَمْرُ ٱلَّذِي لَمْ يَرَهُ آبَاؤُكَ وَلَا آبَاءُ آبَائِكَ مُنْذُ يَوْمَ وُجِدُوا عَلَى ٱلْأَرْضِ إِلَى هَذَا ٱلْيَوْمِ». ثُمَّ تَحَوَّلَ وَخَرَجَ مِنْ لَدُنْ فِرْعَوْنَ.,"dan mereka akan memenuhi istanamu, dan rumah hamba-hambamu, dan rumah seluruh orang Mesir. Ini adalah sesuatu yang belum pernah dilihat, baik oleh ayahmu maupun nenek moyangmu, sejak mereka lahir di dunia sampai pada hari ini.’” Kemudian, Musa dan Harun berbalik keluar meninggalkan Firaun.","Belalang-belalang itu akan memenuhi istanamu, rumah semua pegawaimu, dan rumah semua orang Mesir. Hal semacam itu belum pernah terjadi di zaman ayahmu serta nenek moyangmu sejak mereka lahir di dunia sampai hari ini.’” Lalu, Musa berpaling dan keluar meninggalkan Firaun.",
Keluaran,10,7,Keluaran 10:7,فَقَالَ عَبِيدُ فِرْعَوْنَ لَهُ: «إِلَى مَتَى يَكُونُ هَذَا لَنَا فَخًّا؟ أَطْلِقِ ٱلرِّجَالَ لِيَعْبُدُوا ٱلرَّبَّ إِلَهَهُمْ. أَلَمْ تَعْلَمْ بَعْدُ أَنَّ مِصْرَ قَدْ خَرِبَتْ؟».,"Hamba-hamba Firaun berkata kepadanya, “Berapa lama orang ini akan menjadi jerat bagi kita? Biarkanlah orang-orang itu pergi supaya mereka dapat melayani TUHAN, Allah mereka. Apakah engkau belum menyadari bahwa Mesir telah binasa?”","Kemudian, para pegawai Firaun berkata kepadanya, “Berapa lama lagi orang ini akan menjadi jerat bagi kita? Kami mohon lepaskan sajalah orang-orang itu pergi supaya mereka dapat beribadah kepada ALLAH, Tuhan mereka. Belum sadarkah Tuanku bahwa Mesir telah binasa?”",
Keluaran,10,8,Keluaran 10:8,فَرُدَّ مُوسَى وَهَارُونُ إِلَى فِرْعَوْنَ، فَقَالَ لَهُمَا: «ٱذْهَبُوا ٱعْبُدُوا ٱلرَّبَّ إِلَهَكُمْ. وَلَكِنْ مَنْ وَمَنْ هُمُ ٱلَّذِينَ يَذْهَبُونَ؟»,"Sebab itu, Musa dan Harun dibawa kembali kepada Firaun dan dia berkata kepada mereka, “Pergilah! Layani TUHAN, Allahmu. Namun, siapa dan siapa yang akan pergi?”","Musa dan Harun pun dibawa kembali ke hadapan Firaun, lalu ia berkata kepada mereka, “Pergilah, beribadahlah kepada ALLAH, Tuhanmu. Siapa saja sebenarnya yang akan pergi?”",
Keluaran,10,9,Keluaran 10:9,فَقَالَ مُوسَى: «نَذْهَبُ بِفِتْيَانِنَا وَشُيُوخِنَا. نَذْهَبُ بِبَنِينَا وَبَنَاتِنَا، بِغَنَمِنَا وَبَقَرِنَا، لِأَنَّ لَنَا عِيدًا لِلرَّبِّ».,"Musa menjawab, “Kami akan pergi bersama orang-orang muda dan orang-orang tua, bersama anak-anak laki-laki kami dan anak-anak perempuan kami, bersama kawanan domba kami dan kawanan sapi kami. Kami akan pergi sebab kami harus mengadakan perayaan bagi TUHAN.”","Kata Musa, “Kami akan pergi bersama orang-orang tua dan orang-orang muda. Kami akan pergi membawa anak-anak kami, baik laki-laki maupun perempuan, juga kawanan kambing domba dan kawanan sapi kami karena kami harus mengadakan perayaan bagi ALLAH.”",
Keluaran,10,10,Keluaran 10:10,فَقَالَ لَهُمَا: «يَكُونُ ٱلرَّبُّ مَعَكُمْ هَكَذَا كَمَا أُطْلِقُكُمْ وَأَوْلَادَكُمُ. ٱنْظُرُوا، إِنَّ قُدَّامَ وُجُوهِكُمْ شَرًّا.,"Firaun berkata kepada mereka, “Kiranya TUHAN menyertaimu ketika aku membiarkanmu pergi beserta anak-anakmu. Lihat, ada kejahatan di wajahmu.","Kata Firaun kepada mereka, “Kalau aku mengizinkan kamu pergi bersama anak-anakmu berarti aku meminta ALLAH menyertaimu! Lihat, jahat niatmu!",
Keluaran,10,11,Keluaran 10:11,لَيْسَ هَكَذَا. اِذْهَبُوا أَنْتُمُ ٱلرِّجَالَ وَٱعْبُدُوا ٱلرَّبَّ. لِأَنَّكُمْ لِهَذَا طَالِبُونَ». فَطُرِدَا مِنْ لَدُنْ فِرْعَوْنَ.,"Tidak boleh begitu! Pergilah sekarang, tetapi hanya laki-laki, dan layani TUHAN, sebab itulah yang kamu inginkan.” Kemudian, mereka diusir dari hadapan Firaun.","Tidak demikian! Biarlah kaum lelaki saja yang pergi beribadah kepada ALLAH karena itulah yang kamu inginkan.” Lalu, mereka diusir dari hadapan Firaun.",
Keluaran,10,12,Keluaran 10:12,ثُمَّ قَالَ ٱلرَّبُّ لِمُوسَى: «مُدَّ يَدَكَ عَلَى أَرْضِ مِصْرَ لِأَجْلِ ٱلْجَرَادِ، لِيَصْعَدَ عَلَى أَرْضِ مِصْرَ وَيَأْكُلَ كُلَّ عُشْبِ ٱلْأَرْضِ، كُلَّ مَا تَرَكَهُ ٱلْبَرَدُ».,"TUHAN berfirman kepada Musa, “Ulurkanlah tanganmu ke atas tanah Mesir supaya belalang datang ke atas tanah Mesir dan memakan segala tumbuhan di tanah itu, apa saja yang tersisa dari hujan es itu.”","ALLAH berfirman kepada Musa, “Ulurkanlah tanganmu ke atas Tanah Mesir supaya belalang-belalang bermunculan di Tanah Mesir dan memakan habis segala tumbuhan di tanah, yaitu segala sesuatu yang masih tertinggal setelah peristiwa hujan batu itu.”",
Keluaran,10,13,Keluaran 10:13,فَمَدَّ مُوسَى عَصَاهُ عَلَى أَرْضِ مِصْرَ، فَجَلَبَ ٱلرَّبُّ عَلَى ٱلْأَرْضِ رِيحًا شَرْقِيَّةً كُلَّ ذَلِكَ ٱلنَّهَارِ وَكُلَّ ٱللَّيْلِ. وَلَمَّا كَانَ ٱلصَّبَاحُ، حَمَلَتِ ٱلرِّيحُ ٱلشَّرْقِيَّةُ ٱلْجَرَادَ،,"Kemudian, Musa mengulurkan tongkatnya ke atas tanah Mesir, dan TUHAN mengembuskan angin timur di negeri itu sepanjang siang dan sepanjang malam. Besok paginya, angin dari timur itu telah membawa belalang-belalang.","Musa pun mengulurkan tongkatnya ke atas Tanah Mesir, lalu ALLAH mendatangkan angin timur ke negeri itu sehari-harian dan semalam-malaman. Pagi harinya angin timur itu membawa belalang-belalang.",
Keluaran,10,14,Keluaran 10:14,فَصَعِدَ ٱلْجَرَادُ عَلَى كُلِّ أَرْضِ مِصْرَ، وَحَلَّ فِي جَمِيعِ تُخُومِ مِصْرَ. شَيْءٌ ثَقِيلٌ جِدًّا لَمْ يَكُنْ قَبْلَهُ جَرَادٌ هَكَذَا مِثْلَهُ، وَلَا يَكُونُ بَعْدَهُ كَذَلِكَ،,"Belalang berdatangan di seluruh tanah Mesir dan hinggap di seluruh wilayah Mesir. Belum pernah ada belalang-belalang seperti itu sebelumnya, dan tidak akan pernah ada lagi sesudahnya.","Maka, bermunculanlah belalang di seluruh Tanah Mesir. Belalang-belalang itu hinggap di seluruh daerah Mesir, amat sangat banyak jumlahnya. Sebelum itu tidak pernah muncul belalang sedemikian banyaknya dan sesudah itu pun tidak pernah terjadi lagi yang demikian.",
Keluaran,10,15,Keluaran 10:15,وَغَطَّى وَجْهَ كُلِّ ٱلْأَرْضِ حَتَّى أَظْلَمَتِ ٱلْأَرْضُ. وَأَكَلَ جَمِيعَ عُشْبِ ٱلْأَرْضِ وَجَمِيعَ ثَمَرِ ٱلشَّجَرِ ٱلَّذِي تَرَكَهُ ٱلْبَرَدُ، حَتَّى لَمْ يَبْقَ شَيْءٌ أَخْضَرُ فِي ٱلشَّجَرِ وَلَا فِي عُشْبِ ٱلْحَقْلِ فِي كُلِّ أَرْضِ مِصْرَ».,"Belalang-belalang itu menutupi seluruh permukaan tanah sehingga negeri itu menjadi gelap. Mereka makan segala tumbuhan di tanah itu, segala buah dari pohon-pohon yang tersisa dari hujan es. Di pohon tidak ada hijau yang tersisa atau apa pun yang tumbuh di ladang, di seluruh tanah Mesir.","Belalang-belalang itu menutupi seluruh permukaan tanah hingga seluruh wilayah negeri itu menjadi gelap. Segala tumbuhan di tanah serta buah-buahan di pohon yang masih tertinggal setelah peristiwa hujan batu itu dimakan habis oleh belalang-belalang. Tidak tertinggal sesuatu pun yang hijau pada pohon serta tumbuh-tumbuhan di padang, di seluruh Tanah Mesir.",
Keluaran,10,16,Keluaran 10:16,فَدَعَا فِرْعَوْنُ مُوسَى وَهَارُونَ مُسْرِعًا وَقَالَ: «أَخْطَأْتُ إِلَى ٱلرَّبِّ إِلَهِكُمَا وَإِلَيْكُمَا.,"Dengan segera, Firaun memanggil Musa dan Harun dan berkata, “Aku telah berdosa kepada TUHAN, Allahmu, dan kepadamu.","Maka, segeralah Firaun memanggil Musa dan Harun, lalu katanya, “Aku telah berdosa terhadap ALLAH, Tuhanmu, dan terhadap kamu.",
Keluaran,10,17,Keluaran 10:17,وَٱلْآنَ ٱصْفَحَا عَنْ خَطِيَّتِي هَذِهِ ٱلْمَرَّةَ فَقَطْ، وَصَلِّيَا إِلَى ٱلرَّبِّ إِلَهِكُمَا لِيَرْفَعَ عَنِّي هَذَا ٱلْمَوْتَ فَقَطْ».,"Karena itu, sekarang, aku mohon kepadamu, ampunilah dosaku satu kali ini saja, dan berdoalah kepada TUHAN, Allahmu, supaya Dia menjauhkan aku dari kematian ini.”","Sekarang, mohon ampunilah dosaku sekali ini saja dan berdoalah kepada ALLAH, Tuhanmu, supaya Ia menyingkirkan pula bahaya maut ini dari diriku.”",
Keluaran,10,18,Keluaran 10:18,فَخَرَجَ مُوسَى مِنْ لَدُنْ فِرْعَوْنَ وَصَلَّى إِلَى ٱلرَّبِّ.,"Lalu, Musa undur dari Firaun dan berdoa kepada TUHAN.","Musa pun keluar meninggalkan Firaun, lalu berdoa kepada ALLAH.",
Keluaran,10,19,Keluaran 10:19,فَرَدَّ ٱلرَّبُّ رِيحًا غَرْبِيَّةً شَدِيدَةً جِدًّا، فَحَمَلَتِ ٱلْجَرَادَ وَطَرَحَتْهُ إِلَى بَحْرِ سُوفَ. لَمْ تَبْقَ جَرَادَةٌ وَاحِدَةٌ فِي كُلِّ تُخُومِ مِصْرَ.,"TUHAN pun mendatangkan angin barat yang sangat kuat, yang mengangkat belalang-belalang itu sehingga tercampak ke Laut Teberau. Tidak ada seekor belalang pun yang tertinggal di seluruh wilayah Mesir.","Maka, ALLAH membalikkan angin itu menjadi angin barat yang sangat kencang. Angin itu membawa semua belalang yang ada dan mencampakkannya ke dalam Laut Merah. Tak seekor belalang pun tertinggal di seluruh daerah Mesir.",
Keluaran,10,20,Keluaran 10:20,وَلَكِنْ شَدَّدَ ٱلرَّبُّ قَلْبَ فِرْعَوْنَ فَلَمْ يُطْلِقْ بَنِي إِسْرَائِيلَ.,"Akan tetapi, TUHAN mengeraskan hati Firaun supaya dia tidak membiarkan keturunan Israel pergi.","Namun, ALLAH mengeraskan hati Firaun sehingga ia tidak mengizinkan bani Israil pergi.",
Keluaran,10,21,Keluaran 10:21,ثُمَّ قَالَ ٱلرَّبُّ لِمُوسَى: «مُدَّ يَدَكَ نَحْوَ ٱلسَّمَاءِ لِيَكُونَ ظَلَامٌ عَلَى أَرْضِ مِصْرَ، حَتَّى يُلْمَسُ ٱلظَّلَامُ».,"Kemudian, TUHAN berfirman kepada Musa, “Ulurkanlah tanganmu ke langit dan akan datang gelap gulita yang menutupi seluruh tanah Mesir sehingga orang merasakan kegelapan itu.”","ALLAH berfirman kepada Musa, “Ulurkanlah tanganmu ke langit supaya kegelapan datang atas Tanah Mesir sehingga orang benar-benar merasakan kegelapan itu.”",
Keluaran,10,22,Keluaran 10:22,فَمَدَّ مُوسَى يَدَهُ نَحْوَ ٱلسَّمَاءِ فَكَانَ ظَلَامٌ دَامِسٌ فِي كُلِّ أَرْضِ مِصْرَ ثَلَاثَةَ أَيَّامٍ.,Musa pun mengulurkan tangannya ke langit dan gelap gulita meliputi seluruh tanah Mesir selama tiga hari.,"Musa pun mengulurkan tangannya ke langit, lalu datanglah kegelapan yang pekat atas seluruh Tanah Mesir selama tiga hari.",
Keluaran,10,23,Keluaran 10:23,لَمْ يُبْصِرْ أَحَدٌ أَخَاهُ، وَلَا قَامَ أَحَدٌ مِنْ مَكَانِهِ ثَلَاثَةَ أَيَّامٍ. وَلَكِنْ جَمِيعُ بَنِي إِسْرَائِيلَ كَانَ لَهُمْ نُورٌ فِي مَسَاكِنِهِمْ.,"Mereka tidak dapat saling melihat dan tidak dapat beranjak dari tempatnya selama tiga hari. Namun, ada terang di tempat tinggal keturunan Israel.","Orang tidak dapat melihat satu sama lain, dan tak seorang pun dapat beranjak dari tempatnya selama tiga hari. Akan tetapi, seluruh bani Israil menikmati terang di tempat tinggalnya.",
Keluaran,10,24,Keluaran 10:24,فَدَعَا فِرْعَوْنُ مُوسَى وَقَالَ: «ٱذْهَبُوا ٱعْبُدُوا ٱلرَّبَّ. غَيْرَ أَنَّ غَنَمَكُمْ وَبَقَرَكُمْ تَبْقَى. أَوْلَادُكُمْ أَيْضًا تَذْهَبُ مَعَكُمْ».,"Karena itu, Firaun memanggil Musa lagi dan berkata, “Pergi dan layanilah TUHAN! Hanya, kawanan domba dan ternakmu harus tetap tinggal. Anak-anakmu juga boleh pergi besertamu.”","Kemudian, Firaun memanggil Musa serta berkata, “Pergilah, beribadahlah kepada ALLAH. Hanya, tinggalkanlah kawanan kambing domba dan kawanan sapimu di sini. Anak-anakmu juga boleh pergi bersamamu.”",
Keluaran,10,25,Keluaran 10:25,فَقَالَ مُوسَى: «أَنْتَ تُعْطِي أَيْضًا فِي أَيْدِينَا ذَبَائِحَ وَمُحْرَقَاتٍ لِنَصْنَعَهَا لِلرَّبِّ إِلَهِنَا،,"Namun, Musa berkata, “Engkau juga harus memberikan kurban-kurban dan persembahan bakaran supaya kami dapat mempersembahkan kurban kepada TUHAN, Allah kami.","Tetapi, Musa berkata, “Engkau malah harus memberikan kepada kami beberapa kurban sembelihan dan kurban bakaran supaya kami dapat mempersembahkannya kepada ALLAH, Tuhan kami.",
Keluaran,10,26,Keluaran 10:26,فَتَذْهَبُ مَوَاشِينَا أَيْضًا مَعَنَا. لَا يَبْقَى ظِلْفٌ. لِأَنَّنَا مِنْهَا نَأْخُذُ لِعِبَادَةِ ٱلرَّبِّ إِلَهِنَا. وَنَحْنُ لَا نَعْرِفُ بِمَاذَا نَعْبُدُ ٱلرَّبَّ حَتَّى نَأْتِيَ إِلَى هُنَاكَ».,"Ternak kami pun harus ikut bersama kami, tidak seekor pun yang akan ditinggalkan sebab kami harus mengambil dari itu untuk melayani TUHAN, Allah kami. Sampai kami tiba di sana, kami sendiri tidak mengetahui dengan apa kami harus melayani TUHAN.”","Ternak kami pun harus kami bawa serta. Seekor pun tidak akan kami tinggalkan karena beberapa dari ternak itu harus kami ambil untuk beribadah kepada ALLAH, Tuhan kami. Sebelum sampai di sana, kami tidak tahu apa yang patut kami gunakan untuk beribadah kepada ALLAH, Tuhan kami.”",
Keluaran,10,27,Keluaran 10:27,وَلَكِنْ شَدَّدَ ٱلرَّبُّ قَلْبَ فِرْعَوْنَ فَلَمْ يَشَأْ أَنْ يُطْلِقَهُمْ.,"Namun, TUHAN mengeraskan hati Firaun sehingga dia tidak membiarkan mereka pergi.","Tetapi, ALLAH mengeraskan hati Firaun sehingga ia tidak mengizinkan mereka pergi.",
Keluaran,10,28,Keluaran 10:28,وَقَالَ لَهُ فِرْعَوْنُ: «ٱذْهَبْ عَنِّي. اِحْتَرِزْ. لَا تَرَ وَجْهِي أَيْضًا. إِنَّكَ يَوْمَ تَرَى وَجْهِي تَمُوتُ».,"Firaun berkata kepada Musa, “Pergi dari sini! Awas, jangan lihat wajahku! Pada hari kamu melihat wajahku, kamu akan mati!”","Kata Firaun kepada Musa, “Enyahlah dari hadapanku! Awas, jangan pandang mukaku lagi karena pada waktu engkau memandang mukaku, engkau akan mati.”",
Keluaran,10,29,Keluaran 10:29,فَقَالَ مُوسَى: «نِعِمَّا قُلْتَ. أَنَا لَا أَعُودُ أَرَى وَجْهَكَ أَيْضًا».,"Musa berkata, “Seperti yang engkau katakan, aku tidak akan melihat wajahmu lagi.”","Kata Musa, “Benar seperti katamu! Aku tidak akan memandang mukamu lagi.”",
Keluaran,11,1,Keluaran 11:1,ثُمَّ قَالَ ٱلرَّبُّ لِمُوسَى: «ضَرْبَةً وَاحِدَةً أَيْضًا أَجْلِبُ عَلَى فِرْعَوْنَ وَعَلَى مِصْرَ. بَعْدَ ذَلِكَ يُطْلِقُكُمْ مِنْ هُنَا. وَعِنْدَمَا يُطْلِقُكُمْ يَطْرُدُكُمْ طَرْدًا مِنْ هُنَا بِٱلتَّمَامِ.,"Kemudian, TUHAN berkata kepada Musa, “Aku masih akan menimpakan satu bencana lagi atas Firaun dan atas Mesir. Sesudah itu, dia baru akan membiarkanmu pergi dari sini. Ketika dia membiarkanmu pergi, dia akan benar-benar mengusirmu dari sini.","ALLAH berfirman kepada Musa, “Satu tulah lagi akan Kudatangkan atas Firaun dan atas Mesir, sesudah itu barulah ia akan mengizinkan kamu pergi dari sini. Ketika ia mengizinkan kamu pergi, ia akan benar-benar mengusir kamu dari sini.",
Keluaran,11,2,Keluaran 11:2,تَكَلَّمْ فِي مَسَامِعِ ٱلشَّعْبِ أَنْ يَطْلُبَ كُلُّ رَجُلٍ مِنْ صَاحِبِهِ، وَكُلُّ ٱمْرَأَةٍ مِنْ صَاحِبَتِهَا أَمْتِعَةَ فِضَّةٍ وَأَمْتِعَةَ ذَهَبٍ».,"Sekarang, sampaikanlah hal ini ke telinga umat itu agar setiap laki-laki meminta kepada tetangganya dan setiap perempuan kepada tetangganya, yaitu barang-barang emas dan perak.","Katakanlah kepada bani Israil, hendaknya setiap laki-laki meminta kepada tetangganya barang-barang perak dan emas, demikian pula setiap perempuan kepada tetangganya.”",
Keluaran,11,3,Keluaran 11:3,وَأَعْطَى ٱلرَّبُّ نِعْمَةً لِلشَّعْبِ فِي عُيُونِ ٱلْمِصْرِيِّينَ. وَأَيْضًا ٱلرَّجُلُ مُوسَى كَانَ عَظِيمًا جِدًّا فِي أَرْضِ مِصْرَ فِي عُيُونِ عَبِيدِ فِرْعَوْنَ وَعُيُونِ ٱلشَّعْبِ.,"TUHAN akan memberikan kepada umat itu kemurahan di mata orang Mesir, apalagi Musa adalah orang yang terpandang di tanah Mesir, baik di mata hamba-hamba Firaun dan di mata penduduknya.’”","Lalu, ALLAH membuat orang Mesir berbaik hati kepada bangsa itu. Lagi pula, Musa adalah seorang yang sangat terpandang di Tanah Mesir, baik di mata pegawai-pegawai Firaun maupun di mata rakyat.",
Keluaran,11,4,Keluaran 11:4,وَقَالَ مُوسَى: «هَكَذَا يَقُولُ ٱلرَّبُّ: إِنِّي نَحْوَ نِصْفِ ٱللَّيْلِ أَخْرُجُ فِي وَسَطِ مِصْرَ،,"Karena itu, Musa berkata, “Inilah firman TUHAN, ‘Kira-kira pada tengah malam, Aku akan keluar ke tengah-tengah Mesir,","Kata Musa, “Beginilah firman ALLAH, ‘Pada waktu tengah malam Aku akan datang ke tengah-tengah Mesir.",
Keluaran,11,5,Keluaran 11:5,فَيَمُوتُ كُلُّ بِكْرٍ فِي أَرْضِ مِصْرَ، مِنْ بِكْرِ فِرْعَوْنَ ٱلْجَالِسِ عَلَى كُرْسِيِّهِ إِلَى بِكْرِ ٱلْجَارِيَةِ ٱلَّتِي خَلْفَ ٱلرَّحَى، وَكُلُّ بِكْرِ بَهِيمَةٍ.,"dan semua anak sulung di tanah Mesir akan mati, mulai dari anak sulung Firaun, yang duduk di takhtanya, hingga anak sulung budak perempuan yang ada di balik kilangan, begitu juga dengan semua anak sulung binatang.","Maka, semua anak sulung di Tanah Mesir akan mati, mulai dari anak sulung Firaun yang duduk di atas takhtanya sampai anak sulung hamba perempuan yang bekerja dengan batu kisaran, juga semua anak sulung binatang.",
Keluaran,11,6,Keluaran 11:6,وَيَكُونُ صُرَاخٌ عَظِيمٌ فِي كُلِّ أَرْضِ مِصْرَ لَمْ يَكُنْ مِثْلُهُ وَلَا يَكُونُ مِثْلُهُ أَيْضًا.,Akan ada ratapan yang sangat hebat di seluruh Mesir; suatu ratapan yang belum pernah ada dan tidak akan pernah ada lagi.,Akan ada tangisan yang hebat di seluruh Tanah Mesir. Hal semacam itu belum pernah terjadi dan tidak akan pernah terjadi lagi.,
Keluaran,11,7,Keluaran 11:7,وَلَكِنْ جَمِيعُ بَنِي إِسْرَائِيلَ لَا يُسَنِّنُ كَلْبٌ لِسَانَهُ إِلَيْهِمْ، لَا إِلَى ٱلنَّاسِ وَلَا إِلَى ٱلْبَهَائِمِ. لِكَيْ تَعْلَمُوا أَنَّ ٱلرَّبَّ يُمَيِّزُ بَيْنَ ٱلْمِصْرِيِّينَ وَإِسْرَائِيلَ.,"Namun, seekor anjing pun tidak akan bergerak lidahnya atas keturunan Israel, baik manusia ataupun binatang, supaya kamu mengetahui bahwa TUHAN membuat perbedaan antara Mesir dan Israel.","Akan tetapi, kepada siapa pun dari bani Israil, baik manusia atau pun binatang, tak seekor anjing pun akan berani menyalak supaya kamu tahu bahwa ALLAH membuat perbedaan antara orang Mesir dengan orang Israil.’",
Keluaran,11,8,Keluaran 11:8,فَيَنْزِلُ إِلَيَّ جَمِيعُ عَبِيدِكَ هَؤُلَاءِ، وَيَسْجُدُونَ لِي قَائِلِينَ: ٱخْرُجْ أَنْتَ وَجَمِيعُ ٱلشَّعْبِ ٱلَّذِينَ فِي أَثَرِكَ. وَبَعْدَ ذَلِكَ أَخْرُجُ». ثُمَّ خَرَجَ مِنْ لَدُنْ فِرْعَوْنَ فِي حُمُوِّ ٱلْغَضَبِ.,"Semua hambamu akan bersujud kepadaku dan membungkukkan diri mereka kepadaku sambil berkata: Keluarlah kamu dan seluruh umat yang mengikutimu! Setelah itu, aku baru akan pergi.’” Kemudian, dia pergi dari Firaun dalam kemarahan yang menyala-nyala.","Semua pegawaimu akan datang kepadaku, sujud memberi hormat kepadaku dan berkata, ‘Keluarlah engkau bersama seluruh rakyat yang mengikut engkau.’ Sesudah itu, aku akan pergi.” Lalu, keluarlah Musa meninggalkan Firaun dengan amarah yang menyala-nyala.",
Keluaran,11,9,Keluaran 11:9,وَقَالَ ٱلرَّبُّ لِمُوسَى: «لَا يَسْمَعُ لَكُمَا فِرْعَوْنُ لِكَيْ تَكْثُرَ عَجَائِبِي فِي أَرْضِ مِصْرَ».,"TUHAN berfirman kepada Musa, “Firaun tidak akan mendengarkanmu. Dengan demikian, mukjizat-mukjizat-Ku akan berlipat ganda di tanah Mesir.”","Firman ALLAH kepada Musa, “Firaun tidak akan mendengarkan kamu, sehingga dengan demikian makin banyaklah mukjizat yang dapat Kubuat di Tanah Mesir.”",
Keluaran,11,10,Keluaran 11:10,وَكَانَ مُوسَى وَهَارُونُ يَفْعَلَانِ كُلَّ هَذِهِ ٱلْعَجَائِبِ أَمَامَ فِرْعَوْنَ، وَلَكِنْ شَدَّدَ ٱلرَّبُّ قَلْبَ فِرْعَوْنَ، فَلَمْ يُطْلِقْ بَنِي إِسْرَائِيلَ مِنْ أَرْضِهِ.,"Itulah sebabnya, Musa dan Harun melakukan semua mukjizat besar itu di depan Firaun, tetapi TUHAN mengeraskan hati Firaun sehingga dia tidak membiarkan keturunan Israel keluar dari negerinya.","Segala mukjizat itu diadakan oleh Musa dan Harun di hadapan Firaun, tetapi ALLAH mengeraskan hati Firaun sehingga ia tidak mengizinkan bani Israil pergi dari negerinya.",
Keluaran,12,1,Keluaran 12:1,وَكَلَّمَ ٱلرَّبُّ مُوسَى وَهَارُونَ فِي أَرْضِ مِصْرَ قَائِلًا:,"TUHAN berkata kepada Musa dan Harun di tanah Mesir, firman-Nya,","ALLAH berfirman kepada Musa dan Harun di Tanah Mesir demikian,",
Keluaran,12,2,Keluaran 12:2,«هَذَا ٱلشَّهْرُ يَكُونُ لَكُمْ رَأْسَ ٱلشُّهُورِ. هُوَ لَكُمْ أَوَّلُ شُهُورِ ٱلسَّنَةِ.,“Bulan ini akan menjadi permulaan bulan-bulan bagimu dan akan menjadi bulan pertama dalam setahun bagimu.,“Bulan ini akan menjadi bulan pertama bagimu dalam setahun.,
Keluaran,12,3,Keluaran 12:3,كَلِّمَا كُلَّ جَمَاعَةِ إِسْرَائِيلَ قَائِلَيْنِ: فِي ٱلْعَاشِرِ مِنْ هَذَا ٱلشَّهْرِ يَأْخُذُونَ لَهُمْ كُلُّ وَاحِدٍ شَاةً بِحَسَبِ بُيُوتِ ٱلْآبَاءِ، شَاةً لِلْبَيْتِ.,"Sampaikanlah kepada seluruh jemaat Israel, katakanlah, ‘Pada hari kesepuluh bulan ini, setiap laki-laki harus mengambil seekor domba untuk setiap rumah.","Katakanlah kepada seluruh jemaah Israil demikian, ‘Pada hari kesepuluh dalam bulan ini setiap orang harus mengambil seekor anak domba menurut kaum keluarganya, seekor anak domba untuk setiap rumah tangga.",
Keluaran,12,4,Keluaran 12:4,وَإِنْ كَانَ ٱلْبَيْتُ صَغِيرًا عَنْ أَنْ يَكُونَ كُفْوًا لِشَاةٍ، يَأْخُذُ هُوَ وَجَارُهُ ٱلْقَرِيبُ مِنْ بَيْتِهِ بِحَسَبِ عَدَدِ ٱلنُّفُوسِ. كُلُّ وَاحِدٍ عَلَى حَسَبِ أُكْلِهِ تَحْسُبُونَ لِلشَّاةِ.,"Jika satu rumah terlalu sedikit jumlahnya untuk seekor domba, biarlah dia bersama tetangga yang dekat dengan rumahnya mengambil berdasarkan jumlah jiwa. Kamu harus memperkirakan domba itu berdasarkan berapa banyak yang dimakan oleh setiap orang.","Jika sebuah rumah tangga terlalu kecil untuk menghabiskan seekor anak domba, maka ia bersama tetangga yang rumahnya terdekat harus mengambil satu ekor menurut jumlah jiwa. Perkirakanlah berapa banyak anak domba yang diperlukan sesuai dengan yang dapat dimakan oleh setiap orang.",
Keluaran,12,5,Keluaran 12:5,تَكُونُ لَكُمْ شَاةً صَحِيحَةً ذَكَرًا ٱبْنَ سَنَةٍ، تَأْخُذُونَهُ مِنَ ٱلْخِرْفَانِ أَوْ مِنَ ٱلْمَوَاعِزِ.,"Dombamu itu harus tidak bercacat, jantan, dan berumur setahun, dan kamu dapat mengambilnya dari antara domba atau kambing.","Anak domba atau anak kambing itu—kamu boleh memilihnya—haruslah jantan, berumur setahun, dan tak bercacat.",
Keluaran,12,6,Keluaran 12:6,وَيَكُونُ عِنْدَكُمْ تَحْتَ ٱلْحِفْظِ إِلَى ٱلْيَوْمِ ٱلرَّابِعَ عَشَرَ مِنْ هَذَا ٱلشَّهْرِ. ثُمَّ يَذْبَحُهُ كُلُّ جُمْهُورِ جَمَاعَةِ إِسْرَائِيلَ فِي ٱلْعَشِيَّةِ.,"Kamu harus menyimpannya sampai pada hari keempat belas bulan ini. Setelah itu, seluruh jemaat Israel harus menyembelihnya pada waktu senja.","Kamu harus mengurusnya sampai hari keempat belas dalam bulan ini, lalu setelah itu seluruh jemaah Israil harus menyembelihnya pada waktu magrib.",
Keluaran,12,7,Keluaran 12:7,وَيَأْخُذُونَ مِنَ ٱلدَّمِ وَيَجْعَلُونَهُ عَلَى ٱلْقَائِمَتَيْنِ وَٱلْعَتَبَةِ ٱلْعُلْيَا فِي ٱلْبُيُوتِ ٱلَّتِي يَأْكُلُونَهُ فِيهَا.,"Kemudian, mereka harus mengambil darahnya dan mengoleskannya pada kedua tiang dan ambang pintu rumah tempat mereka memakannya.’","Darahnya harus diambil sedikit, lalu dibubuhkan pada kedua tiang pintu serta ambang atas setiap pintu rumah, tempat orang memakannya.",
Keluaran,12,8,Keluaran 12:8,وَيَأْكُلُونَ ٱللَّحْمَ تِلْكَ ٱللَّيْلَةَ مَشْوِيًّا بِٱلنَّارِ مَعَ فَطِيرٍ. عَلَى أَعْشَابٍ مُرَّةٍ يَأْكُلُونَهُ.,"‘Pada malam itu juga, mereka harus makan daging itu, yang dipanggang pada api, dan mereka harus memakannya dengan roti tidak beragi dan sayur pahit.","Dagingnya, yang sudah dipanggang di atas api, harus mereka makan malam itu juga dengan roti yang tak beragi serta sayur pahit.",
Keluaran,12,9,Keluaran 12:9,لَا تَأْكُلُوا مِنْهُ نِيئًا أَوْ طَبِيخًا مَطْبُوخًا بِٱلْمَاءِ، بَلْ مَشْوِيًّا بِٱلنَّارِ. رَأْسَهُ مَعَ أَكَارِعِهِ وَجَوْفِهِ.,"Jangan memakannya mentah-mentah atau matang karena direbus dengan air, melainkan pangganglah dengan api, baik kepalanya, dan kakinya, beserta isi perutnya.","Janganlah makan daging itu mentah-mentah atau setelah direbus dalam air, tetapi makanlah setelah dipanggang di atas api lengkap dengan kepala, kaki, dan isi perutnya.",
Keluaran,12,10,Keluaran 12:10,وَلَا تُبْقُوا مِنْهُ إِلَى ٱلصَّبَاحِ. وَٱلْبَاقِي مِنْهُ إِلَى ٱلصَّبَاحِ، تُحْرِقُونَهُ بِٱلنَّارِ.,Kamu tidak boleh menyisakannya sampai pagi. Apa pun yang tersisa dari itu sampai pagi harus kamu bakar dengan api.’,Jangan tinggalkan sisa sampai pagi. Sisa yang tertinggal sampai pagi harus kamu bakar habis.,
Keluaran,12,11,Keluaran 12:11,وَهَكَذَا تَأْكُلُونَهُ: أَحْقَاؤُكُمْ مَشْدُودَةٌ، وَأَحْذِيَتُكُمْ فِي أَرْجُلِكُمْ، وَعِصِيُّكُمْ فِي أَيْدِيكُمْ. وَتَأْكُلُونَهُ بِعَجَلَةٍ. هُوَ فِصْحٌ لِلرَّبِّ.,"‘Beginilah kamu harus memakannya, yaitu dengan pinggangmu yang dililit sabuk, dengan kasutmu di kakimu, dan dengan tongkatmu di tanganmu, dan kamu harus memakannya dengan cepat, itulah Pesakh bagi TUHAN.’","Beginilah kamu harus memakannya, yaitu dengan pinggang berikat, kaki berkasut, dan dengan tongkat di tanganmu. Kamu harus memakannya buru-buru. Itulah perayaan Paskah bagi ALLAH.",
Keluaran,12,12,Keluaran 12:12,فَإِنِّي أَجْتَازُ فِي أَرْضِ مِصْرَ هَذِهِ ٱللَّيْلَةَ، وَأَضْرِبُ كُلَّ بِكْرٍ فِي أَرْضِ مِصْرَ مِنَ ٱلنَّاسِ وَٱلْبَهَائِمِ. وَأَصْنَعُ أَحْكَامًا بِكُلِّ آلِهَةِ ٱلْمِصْرِيِّينَ. أَنَا ٱلرَّبُّ.,"‘Pada malam itu, Aku akan melintasi seluruh tanah Mesir dan akan memukul setiap anak sulung di tanah Mesir, baik itu manusia maupun binatang, dan Aku akan menjatuhkan penghakiman atas seluruh ilah Mesir. Akulah TUHAN.","Pada malam itu juga, Aku akan melintasi Tanah Mesir dan menewaskan semua anak sulung di Tanah Mesir, dari anak manusia sampai anak binatang. Semua ilah orang Mesir akan Kujatuhi hukuman. Akulah ALLAH.",
Keluaran,12,13,Keluaran 12:13,وَيَكُونُ لَكُمُ ٱلدَّمُ عَلَامَةً عَلَى ٱلْبُيُوتِ ٱلَّتِي أَنْتُمْ فِيهَا، فَأَرَى ٱلدَّمَ وَأَعْبُرُ عَنْكُمْ، فَلَا يَكُونُ عَلَيْكُمْ ضَرْبَةٌ لِلْهَلَاكِ حِينَ أَضْرِبُ أَرْضَ مِصْرَ.,"Darah itu akan menjadi tanda bagimu pada rumah tempat kamu tinggal. Ketika Aku melihat darah itu, Aku akan melewatkan rumahmu agar tidak ada bencana yang akan menimpamu dan membinasakanmu ketika Aku memukul tanah Mesir.’","Darah itu akan menjadi tanda bagimu di rumah-rumah yang kamu tinggali. Apabila Aku melihat darah itu, maka Aku akan melewati kamu sehingga tidak akan ada tulah kemusnahan di antara kamu saat Aku mengazab Tanah Mesir.",
Keluaran,12,14,Keluaran 12:14,وَيَكُونُ لَكُمْ هَذَا ٱلْيَوْمُ تَذْكَارًا فَتُعَيِّدُونَهُ عِيدًا لِلرَّبِّ. فِي أَجْيَالِكُمْ تُعَيِّدُونَهُ فَرِيضَةً أَبَدِيَّةً.,"‘Hari ini akan menjadi hari peringatan bagimu dan kamu harus memeliharanya sebagai suatu hari raya bagi TUHAN, turun-temurun. Kamu harus memeliharanya sebagai suatu ketetapan untuk selama-lamanya.","Hari ini akan menjadi hari yang harus kamu peringati. Kamu harus merayakannya turun-temurun sebagai hari raya bagi ALLAH, dan hal ini menjadi ketetapan yang berlaku untuk seterusnya.",
Keluaran,12,15,Keluaran 12:15,«سَبْعَةَ أَيَّامٍ تَأْكُلُونَ فَطِيرًا. ٱلْيَوْمَ ٱلْأَوَّلَ تَعْزِلُونَ ٱلْخَمِيرَ مِنْ بُيُوتِكُمْ، فَإِنَّ كُلَّ مَنْ أَكَلَ خَمِيرًا مِنَ ٱلْيَوْمِ ٱلْأَوَّلِ إِلَى ٱلْيَوْمِ ٱلسَّابِعِ تُقْطَعُ تِلْكَ ٱلنَّفْسُ مِنْ إِسْرَائِيلَ.,"Selama tujuh hari kamu harus makan roti tidak beragi, tetapi pada hari pertama kamu harus menyingkirkan ragi dari rumahmu. Karena siapa pun yang makan sesuatu yang beragi sejak hari pertama sampai hari ketujuh, nyawanya harus dilenyapkan dari Israel.","Kamu harus makan roti yang tak beragi tujuh hari lamanya. Pada hari pertama, buanglah ragi dari rumahmu karena siapa pun makan sesuatu yang beragi dari hari pertama sampai hari ketujuh, ia harus disingkirkan dari Israil.",
Keluaran,12,16,Keluaran 12:16,وَيَكُونُ لَكُمْ فِي ٱلْيَوْمِ ٱلْأَوَّلِ مَحْفَلٌ مُقَدَّسٌ، وَفِي ٱلْيَوْمِ ٱلسَّابِعِ مَحْفَلٌ مُقَدَّسٌ. لَا يُعْمَلُ فِيهِمَا عَمَلٌ مَا إِلَّا مَا تَأْكُلُهُ كُلُّ نَفْسٍ، فَذَلِكَ وَحْدَهُ يُعْمَلُ مِنْكُمْ.,"Pada hari pertama akan ada pertemuan kudus, begitu pula pada hari ketujuh akan ada pertemuan kudus bagimu. Tidak ada pekerjaan yang boleh dilakukan pada hari-hari itu. Apa yang perlu dimakan oleh setiap orang, hanya itulah yang boleh kamu siapkan.","Pada hari pertama adakanlah ibadah berjemaah, demikian pula pada hari ketujuh. Pada hari-hari itu tidak boleh dilakukan pekerjaan apa pun, kecuali mempersiapkan makanan yang harus dimakan oleh setiap orang.",
Keluaran,12,17,Keluaran 12:17,وَتَحْفَظُونَ ٱلْفَطِيرَ لِأَنِّي فِي هَذَا ٱلْيَوْمِ عَيْنِهِ أَخْرَجْتُ أَجْنَادَكُمْ مِنْ أَرْضِ مِصْرَ، فَتَحْفَظُونَ هَذَا ٱلْيَوْمَ فِي أَجْيَالِكُمْ فَرِيضَةً أَبَدِيَّةً.,"Kamu harus tetap memelihara hari raya Roti Tidak Beragi sebab tepat pada hari itu Aku telah membawa pasukanmu keluar dari tanah Mesir. Karena itu, kamu harus memelihara hari ini turun-temurun sebagai ketetapan untuk selama-lamanya.","Rayakanlah selalu Hari Raya Roti Tak Beragi karena tepat pada hari ini, Aku membawa rombonganmu keluar dari Tanah Mesir. Sebab itu, rayakanlah selalu hari ini turun-temurun sebagai suatu ketetapan yang berlaku untuk seterusnya.",
Keluaran,12,18,Keluaran 12:18,فِي ٱلشَّهْرِ ٱلْأَوَّلِ، فِي ٱلْيَوْمِ ٱلرَّابِعَ عَشَرَ مِنَ ٱلشَّهْرِ، مَسَاءً، تَأْكُلُونَ فَطِيرًا إِلَى ٱلْيَوْمِ ٱلْحَادِي وَٱلْعِشْرِينَ مِنَ ٱلشَّهْرِ مَسَاءً.,"Dalam bulan pertama, pada hari keempat belas bulan itu, kamu harus makan roti tidak beragi sampai pada hari kedua puluh satu bulan itu, pada waktu sore.","Mulai dari petang hari di hari keempat belas bulan pertama, makanlah roti yang tidak beragi sampai pada petang hari di hari kedua puluh satu bulan itu juga.",
Keluaran,12,19,Keluaran 12:19,سَبْعَةَ أَيَّامٍ لَا يُوجَدْ خَمِيرٌ فِي بُيُوتِكُمْ. فَإِنَّ كُلَّ مَنْ أَكَلَ مُخْتَمِرًا تُقْطَعُ تِلْكَ ٱلنَّفْسُ مِنْ جَمَاعَةِ إِسْرَائِيلَ، ٱلْغَرِيبُ مَعَ مَوْلُودِ ٱلْأَرْضِ.,"Selama tujuh hari tidak boleh ada ragi yang didapati dalam rumahmu. Karena siapa pun makan sesuatu yang beragi, nyawanya akan dilenyapkan dari antara jemaat Israel, baik orang asing atau penduduk asli negeri itu.","Tujuh hari lamanya tidak boleh ada ragi dalam rumahmu karena siapa pun makan sesuatu yang beragi, ia harus disingkirkan dari antara jemaah Israil, baik pendatang maupun warga asli.",
Keluaran,12,20,Keluaran 12:20,لَا تَأْكُلُوا شَيْئًا مُخْتَمِرًا. فِي جَمِيعِ مَسَاكِنِكُمْ تَأْكُلُونَ فَطِيرًا».,"Kamu tidak boleh makan apa pun yang beragi. Di seluruh tempat tinggalmu, kamu harus makan roti tidak beragi.’”",Apa pun yang beragi tidak boleh kamu makan. Di seluruh tempat tinggalmu kamu harus makan roti yang tak beragi.’”,
Keluaran,12,21,Keluaran 12:21,فَدَعَا مُوسَى جَمِيعَ شُيُوخِ إِسْرَائِيلَ وَقَالَ لَهُمُ: «ٱسْحَبُوا وَخُذُوا لَكُمْ غَنَمًا بِحَسَبِ عَشَائِرِكُمْ وَٱذْبَحُوا ٱلْفِصْحَ.,"Kemudian, Musa memanggil semua tua-tua Israel dan berkata kepada mereka, “Pilihlah dan ambillah domba berdasarkan keluargamu dan sembelihlah domba Pesakh itu.","Kemudian, Musa memanggil semua tua-tua Israil dan berkata kepada mereka, “Pergilah, ambillah anak domba bagi kaum keluargamu, dan sembelihlah domba Paskah.",
Keluaran,12,22,Keluaran 12:22,وَخُذُوا بَاقَةَ زُوفَا وَٱغْمِسُوهَا فِي ٱلدَّمِ ٱلَّذِي فِي ٱلطَّسْتِ وَمُسُّوا ٱلْعَتَبَةَ ٱلْعُلْيَا وَٱلْقَائِمَتَيْنِ بِٱلدَّمِ ٱلَّذِي فِي ٱلطَّسْتِ. وَأَنْتُمْ لَا يَخْرُجْ أَحَدٌ مِنْكُمْ مِنْ بَابِ بَيْتِهِ حَتَّى ٱلصَّبَاحِ،,"Ambillah seikat hisop dan celupkan itu ke dalam darah di sebuah baskom. Lalu, oleslah ambang pintu dan dua tiangnya dengan darah di baskom itu. Tidak ada seorang pun yang boleh keluar dari pintu rumah sampai pagi,","Ambillah seikat ranting hisop, celupkan dalam darah yang telah ditempatkan dalam sebuah mangkuk, lalu sapukanlah darah itu pada ambang atas pintu serta kedua tiang pintu rumah. Tak seorang pun dari antara kamu boleh keluar dari pintu rumahnya sampai pagi hari,",
Keluaran,12,23,Keluaran 12:23,فَإِنَّ ٱلرَّبَّ يَجْتَازُ لِيَضْرِبَ ٱلْمِصْرِيِّينَ. فَحِينَ يَرَى ٱلدَّمَ عَلَى ٱلْعَتَبَةِ ٱلْعُلْيَا وَٱلْقَائِمَتَيْنِ يَعْبُرُ ٱلرَّبُّ عَنِ ٱلْبَابِ وَلَا يَدَعُ ٱلْمُهْلِكَ يَدْخُلُ بُيُوتَكُمْ لِيَضْرِبَ.,"sebab TUHAN akan melintas untuk memukul orang Mesir, dan ketika Dia melihat darah pada ambang pintu dan pada dua tiangnya, TUHAN akan melewatkan pintu itu dan tidak akan mengizinkan si pembinasa masuk ke dalam rumahmu untuk memukulmu.","karena ALLAH akan melintas untuk mengazab orang Mesir. Apabila Ia melihat darah pada ambang atas pintu serta kedua tiang pintu sebuah rumah, maka ALLAH akan melewati pintu itu dan tidak membiarkan pemusnah masuk ke dalam rumahmu untuk mengazab kamu.",
Keluaran,12,24,Keluaran 12:24,فَتَحْفَظُونَ هَذَا ٱلْأَمْرَ فَرِيضَةً لَكَ وَلِأَوْلَادِكَ إِلَى ٱلْأَبَدِ.,Kamu harus memelihara hal ini sebagai ketetapan bagimu dan anak-anakmu untuk selamanya.,Lakukanlah hal ini setiap kali dan jadikan sebagai suatu ketetapan bagimu serta bagi anak-anakmu sampai seterusnya.,
Keluaran,12,25,Keluaran 12:25,وَيَكُونُ حِينَ تَدْخُلُونَ ٱلْأَرْضَ ٱلَّتِي يُعْطِيكُمُ ٱلرَّبُّ كَمَا تَكَلَّمَ، أَنَّكُمْ تَحْفَظُونَ هَذِهِ ٱلْخِدْمَةَ.,"Saat kamu memasuki negeri yang akan diberikan TUHAN kepadamu, seperti yang telah dijanjikan-Nya, kamu harus tetap memelihara ibadah ini.","Jadi, apabila kamu telah memasuki negeri yang akan dikaruniakan ALLAH kepadamu seperti yang difirmankan-Nya, kamu harus tetap memegang ibadah ini.",
Keluaran,12,26,Keluaran 12:26,وَيَكُونُ حِينَ يَقُولُ لَكُمْ أَوْلَادُكُمْ: مَا هَذِهِ ٱلْخِدْمَةُ لَكُمْ؟,"Apabila anak-anakmu bertanya kepadamu, ‘Apa arti ibadah ini bagimu?’","Nanti, apabila anak-anakmu bertanya kepadamu, ‘Apa arti ibadah ini bagi Ayah?’",
Keluaran,12,27,Keluaran 12:27,أَنَّكُمْ تَقُولُونَ: هِيَ ذَبِيحَةُ فِصْحٍ لِلرَّبِّ ٱلَّذِي عَبَرَ عَنْ بُيُوتِ بَنِي إِسْرَائِيلَ فِي مِصْرَ لَمَّا ضَرَبَ ٱلْمِصْرِيِّينَ وَخَلَّصَ بُيُوتَنَا». فَخَرَّ ٱلشَّعْبُ وَسَجَدُوا.,"kamu harus menjawab, ‘Ini adalah kurban Pesakh bagi TUHAN yang melewatkan rumah keturunan Israel di Mesir ketika Dia memukul orang Mesir, tetapi meluputkan rumah kami.’” Lalu, umat itu bersujud dan menyembah.","maka kamu harus menjawab, ‘Ini adalah kurban Paskah bagi ALLAH. Ketika ALLAH mengazab orang Mesir, Ia melewatkan rumah-rumah bani Israil di Mesir dan menyelamatkan rumah-rumah kita.’” Lalu, bangsa itu pun membungkuk dan sujud menyembah.",
Keluaran,12,28,Keluaran 12:28,وَمَضَى بَنُو إِسْرَائِيلَ وَفَعَلُوا كَمَا أَمَرَ ٱلرَّبُّ مُوسَى وَهَارُونَ. هَكَذَا فَعَلُوا.,"Kemudian, keturunan Israel pergi dan melaksanakannya, sebagaimana yang telah diperintahkan TUHAN kepada Musa dan Harun, demikianlah mereka melaksanakannya.","Kemudian, pergilah bani Israil, melaksanakan apa yang diperintahkan ALLAH kepada Musa dan Harun.",
Keluaran,12,29,Keluaran 12:29,فَحَدَثَ فِي نِصْفِ ٱللَّيْلِ أَنَّ ٱلرَّبَّ ضَرَبَ كُلَّ بِكْرٍ فِي أَرْضِ مِصْرَ، مِنْ بِكْرِ فِرْعَوْنَ ٱلْجَالِسِ عَلَى كُرْسِيِّهِ إِلَى بِكْرِ ٱلْأَسِيرِ ٱلَّذِي فِي ٱلسِّجْنِ، وَكُلَّ بِكْرِ بَهِيمَةٍ.,"Terjadilah, pada tengah malam, TUHAN memukul semua anak sulung di tanah Mesir, mulai dari anak sulung Firaun yang duduk di takhtanya, sampai anak sulung para tahanan yang berada di penjara, dan juga setiap anak sulung ternak.","Pada tengah malam ALLAH menewaskan semua anak sulung di Tanah Mesir, dari anak sulung Firaun yang duduk di atas takhta sampai anak sulung para tawanan yang ada dalam penjara bawah tanah, juga semua anak sulung binatang.",
Keluaran,12,30,Keluaran 12:30,فَقَامَ فِرْعَوْنُ لَيْلًا هُوَ وَكُلُّ عَبِيدِهِ وَجَمِيعُ ٱلْمِصْرِيِّينَ. وَكَانَ صُرَاخٌ عَظِيمٌ فِي مِصْرَ، لِأَنَّهُ لَمْ يَكُنْ بَيْتٌ لَيْسَ فِيهِ مَيْتٌ.,"Pada malam itu, Firaun bangun, dia, dan semua hambanya, dan seluruh orang Mesir. Lalu, terdengarlah jerit tangis yang dahsyat di Mesir sebab tidak ada satu pun rumah yang tidak ada kematian.","Maka, bangunlah Firaun pada malam itu, demikian pula semua pegawainya dan semua orang Mesir. Lalu, terdengarlah tangisan yang hebat di Mesir karena tidak ada rumah yang tidak kematian.",
Keluaran,12,31,Keluaran 12:31,فَدَعَا مُوسَى وَهَارُونَ لَيْلًا وَقَالَ: «قُومُوا ٱخْرُجُوا مِنْ بَيْنِ شَعْبِي أَنْتُمَا وَبَنُو إِسْرَائِيلَ جَمِيعًا، وَٱذْهَبُوا ٱعْبُدُوا ٱلرَّبَّ كَمَا تَكَلَّمْتُمْ.,"Pada malam itu juga, Firaun memanggil Musa dan Harun, lalu berkata, “Bangkitlah, keluarlah kamu dari antara rakyatku, baik kamu maupun keturunan Israel, dan pergi, layanilah TUHAN seperti katamu itu.","Pada malam itu juga Firaun memanggil Musa dan Harun, katanya, “Segeralah keluar dari tengah-tengah rakyatku, baik kamu maupun bani Israil! Pergilah, beribadahlah kepada ALLAH seperti katamu itu.",
Keluaran,12,32,Keluaran 12:32,خُذُوا غَنَمَكُمْ أَيْضًا وَبَقَرَكُمْ كَمَا تَكَلَّمْتُمْ وَٱذْهَبُوا. وَبَارِكُونِي أَيْضًا».,"Bawa juga kawanan dombamu dan ternakmu seperti katamu itu, pergilah, dan berkatilah juga aku.”","Bawalah pula kawanan kambing domba dan kawanan sapimu seperti katamu itu, lalu pergilah. Mohonkanlah juga berkah bagiku.”",
Keluaran,12,33,Keluaran 12:33,وَأَلَحَّ ٱلْمِصْرِيُّونَ عَلَى ٱلشَّعْبِ لِيُطْلِقُوهُمْ عَاجِلًا مِنَ ٱلْأَرْضِ، لِأَنَّهُمْ قَالُوا: «جَمِيعُنَا أَمْوَاتٌ».,"Orang Mesir pun mendesak bangsa itu dan menyuruh mereka keluar dari negeri itu sesegera mungkin sebab mereka berkata, “Kami semua bisa mati.”","Orang Mesir pun mendesak bangsa itu untuk pergi dengan segera dari negeri itu karena kata mereka, “Nanti kami semua mati.”",
Keluaran,12,34,Keluaran 12:34,فَحَمَلَ ٱلشَّعْبُ عَجِينَهُمْ قَبْلَ أَنْ يَخْتَمِرَ، وَمَعَاجِنُهُمْ مَصْرُورَةٌ فِي ثِيَابِهِمْ عَلَى أَكْتَافِهِمْ.,"Kemudian, bangsa itu mengangkat adonan yang belum beragi beserta tempat adonannya yang dibungkus dengan pakaiannya ke atas bahu mereka.","Kemudian, bangsa itu mengambil wadah-wadah berisi adonan yang belum diragi, lalu membungkusnya dengan pakaian dan memikulnya di atas bahu mereka.",
Keluaran,12,35,Keluaran 12:35,وَفَعَلَ بَنُو إِسْرَائِيلَ بِحَسَبِ قَوْلِ مُوسَى. طَلَبُوا مِنَ ٱلْمِصْرِيِّينَ أَمْتِعَةَ فِضَّةٍ وَأَمْتِعَةَ ذَهَبٍ وَثِيَابًا.,"Keturunan Israel juga telah melaksanakan yang dikatakan Musa, yaitu mereka meminta barang-barang perak, barang-barang emas, dan pakaian dari orang Mesir.","Bani Israil juga melaksanakan apa yang dikatakan oleh Musa. Mereka meminta dari orang Mesir barang-barang perak, barang-barang emas, dan pakaian.",
Keluaran,12,36,Keluaran 12:36,وَأَعْطَى ٱلرَّبُّ نِعْمَةً لِلشَّعْبِ فِي عُيُونِ ٱلْمِصْرِيِّينَ حَتَّى أَعَارُوهُمْ. فَسَلَبُوا ٱلْمِصْرِيِّينَ.,TUHAN memberikan kepada bangsa ini kemurahan hati di mata orang Mesir sehingga orang Mesir memberi yang mereka minta. Demikianlah mereka merampasi orang Mesir.,ALLAH membuat orang Mesir berbaik hati kepada bangsa itu sehingga permintaan mereka dipenuhi. Demikianlah mereka merampasi orang Mesir.,
Keluaran,12,37,Keluaran 12:37,فَٱرْتَحَلَ بَنُو إِسْرَائِيلَ مِنْ رَعَمْسِيسَ إِلَى سُكُّوتَ، نَحْوَ سِتِّ مِئَةِ أَلْفِ مَاشٍ مِنَ ٱلرِّجَالِ عَدَا ٱلْأَوْلَادِ.,"Keturunan Israel berangkat dari Raamses ke Sukot, sekitar 600.000 laki-laki yang berjalan kaki, belum termasuk anak-anak.","Setelah itu, berangkatlah bani Israil dari Raamses menuju Sukot. Jumlah orang yang berjalan kaki kira-kira enam ratus ribu laki-laki, belum termasuk anak-anak.",
Keluaran,12,38,Keluaran 12:38,وَصَعِدَ مَعَهُمْ لَفِيفٌ كَثِيرٌ أَيْضًا مَعَ غَنَمٍ وَبَقَرٍ، مَوَاشٍ وَافِرَةٍ جِدًّا.,"Banyak bangsa campuran yang juga pergi bersama mereka, beserta kawanan domba, kawanan sapi, dan ternak yang sangat banyak.","Juga banyak orang dari berbagai bangsa ikut pergi bersama mereka, di samping ternak yang sangat banyak jumlahnya, baik kawanan kambing domba maupun kawanan sapi.",
Keluaran,12,39,Keluaran 12:39,وَخَبَزُوا ٱلْعَجِينَ ٱلَّذِي أَخْرَجُوهُ مِنْ مِصْرَ خُبْزَ مَلَّةٍ فَطِيرًا، إِذْ كَانَ لَمْ يَخْتَمِرْ. لِأَنَّهُمْ طُرِدُوا مِنْ مِصْرَ وَلَمْ يَقْدِرُوا أَنْ يَتَأَخَّرُوا، فَلَمْ يَصْنَعُوا لِأَنْفُسِهِمْ زَادًا.,"Kemudian, mereka memanggang adonan yang mereka bawa dari Mesir menjadi roti tidak beragi sebab mereka diusir dari Mesir dan tidak boleh berlambat-lambat. Mereka juga tidak sempat menyiapkan bekal bagi diri mereka.",Mereka membakar roti bundar yang tak beragi dari adonan yang mereka bawa dari Mesir. Adonan itu memang belum beragi karena mereka diusir dari Mesir dan tidak boleh berlambat-lambat. Mereka juga tidak sempat menyediakan bekal untuk keperluan mereka.,
Keluaran,12,40,Keluaran 12:40,وَأَمَّا إِقَامَةُ بَنِي إِسْرَائِيلَ ٱلَّتِي أَقَامُوهَا فِي مِصْرَ فَكَانَتْ أَرْبَعَ مِئَةٍ وَثَلَاثِينَ سَنَةً.,"Lamanya keturunan Israel tinggal sementara, yaitu ketika mereka tinggal di Mesir adalah 430 tahun.",Empat ratus tiga puluh tahun lamanya bani Israil tinggal di Mesir.,
Keluaran,12,41,Keluaran 12:41,وَكَانَ عِنْدَ نِهَايَةِ أَرْبَعِ مِئَةٍ وَثَلَاثِينَ سَنَةً، فِي ذَلِكَ ٱلْيَوْمِ عَيْنِهِ، أَنَّ جَمِيعَ أَجْنَادِ ٱلرَّبِّ خَرَجَتْ مِنْ أَرْضِ مِصْرَ.,"Pada akhir 430 tahun, pada hari itu, seluruh pasukan TUHAN keluar dari tanah Mesir.","Setelah lewat empat ratus tiga puluh tahun, tepat pada hari itu, keluarlah seluruh rombongan umat ALLAH dari Tanah Mesir.",
Keluaran,12,42,Keluaran 12:42,هِيَ لَيْلَةٌ تُحْفَظُ لِلرَّبِّ لِإِخْرَاجِهِ إِيَّاهُمْ مِنْ أَرْضِ مِصْرَ. هَذِهِ ٱللَّيْلَةُ هِيَ لِلرَّبِّ. تُحْفَظُ مِنْ جَمِيعِ بَنِي إِسْرَائِيلَ فِي أَجْيَالِهِمْ.,"Ini adalah malam yang harus diperingati bagi TUHAN karena telah membawa mereka keluar dari tanah Mesir. Malam ini adalah malam bagi TUHAN, untuk diperingati oleh seluruh keturunan Israel, turun-temurun.",Malam itu adalah malam yang harus diperingati bagi ALLAH karena Ia telah membawa mereka keluar dari Tanah Mesir. Itulah malam yang harus diperingati oleh seluruh bani Israil bagi ALLAH turun-temurun.,
Keluaran,12,43,Keluaran 12:43,وَقَالَ ٱلرَّبُّ لِمُوسَى وَهَارُونَ: «هَذِهِ فَرِيضَةُ ٱلْفِصْحِ: كُلُّ ٱبْنِ غَرِيبٍ لَا يَأْكُلُ مِنْهُ.,"TUHAN berfirman kepada Musa dan Harun, “Inilah peraturan tentang Pesakh: Orang asing tidak boleh memakannya,","ALLAH berfirman kepada Musa dan Harun, “Inilah ketetapan mengenai kurban Paskah: Tidak satu orang asing pun boleh memakannya.",
Keluaran,12,44,Keluaran 12:44,وَلَكِنْ كُلُّ عَبْدِ رَجُلٍ مُبْتَاعٍ بِفِضَّةٍ تَخْتِنُهُ ثُمَّ يَأْكُلُ مِنْهُ.,"tetapi setiap budak yang dibeli dengan uang, setelah kamu menyunatnya, mereka boleh memakannya.",Setiap budak yang dibeli dengan uang baru boleh memakannya setelah kamu mengkhitan dia.,
Keluaran,12,45,Keluaran 12:45,ٱلنَّزِيلُ وَٱلْأَجِيرُ لَا يَأْكُلَانِ مِنْهُ.,Orang asing dan orang upahan tidak boleh memakannya.,Sedangkan perantau dan orang upahan tidak boleh memakannya.,
Keluaran,12,46,Keluaran 12:46,فِي بَيْتٍ وَاحِدٍ يُؤْكَلُ. لَا تُخْرِجْ مِنَ ٱللَّحْمِ مِنَ ٱلْبَيْتِ إِلَى خَارِجٍ، وَعَظْمًا لَا تَكْسِرُوا مِنْهُ.,"Itu harus dimakan di dalam rumah, kamu tidak boleh membawa daging itu keluar dari rumah, dan satu pun tulangnya tidak boleh kamu patahkan.","Kurban Paskah itu harus dimakan dalam satu rumah. Kamu tidak boleh membawa sedikit pun dari daging itu ke luar rumah. Selain itu, satu tulang pun tidak boleh kamu patahkan.",
Keluaran,12,47,Keluaran 12:47,كُلُّ جَمَاعَةِ إِسْرَائِيلَ يَصْنَعُونَهُ.,Seluruh jemaat Israel harus melaksanakannya.,Seluruh jemaah Israil harus merayakannya.,
Keluaran,12,48,Keluaran 12:48,وَإِذَا نَزَلَ عِنْدَكَ نَزِيلٌ وَصَنَعَ فِصْحًا لِلرَّبِّ، فَلْيُخْتَنْ مِنْهُ كُلُّ ذَكَرٍ، ثُمَّ يَتَقَدَّمُ لِيَصْنَعَهُ، فَيَكُونُ كَمَوْلُودِ ٱلْأَرْضِ. وَأَمَّا كُلُّ أَغْلَفَ فَلَا يَأْكُلُ مِنْهُ.,"Jika ada orang asing yang tinggal sementara denganmu dan ingin merayakan Pesakh bagi TUHAN, setiap laki-laki dari mereka harus disunat. Setelah itu, mereka boleh datang untuk merayakannya dan dia akan menjadi seperti yang lahir di negeri itu. Orang yang tidak bersunat tidak boleh memakannya.","Apabila seorang pendatang yang tinggal di tengah-tengah kamu mau merayakan Paskah juga bagi ALLAH, maka semua laki-laki yang ada bersamanya harus dikhitan dahulu. Setelah itu, barulah ia boleh datang untuk merayakannya. Ia akan dianggap sama dengan warga asli. Tetapi, semua orang yang tak berkhitan tidak boleh memakannya.",
Keluaran,12,49,Keluaran 12:49,تَكُونُ شَرِيعَةٌ وَاحِدَةٌ لِمَوْلُودِ ٱلْأَرْضِ وَلِلنَّزِيلِ ٱلنَّازِلِ بَيْنَكُمْ».,Satu hukum ini berlaku bagi semua penduduk asli dan bagi orang asing yang tinggal sementara di tengah-tengah kamu.”,Satu hukum berlaku bagi warga Israil dan bagi pendatang yang tinggal di tengah-tengah kamu.”,
Keluaran,12,50,Keluaran 12:50,فَفَعَلَ جَمِيعُ بَنِي إِسْرَائِيلَ كَمَا أَمَرَ ٱلرَّبُّ مُوسَى وَهَارُونَ. هَكَذَا فَعَلُوا.,"Demikianlah seluruh keturunan Israel melaksanakannya, sebagaimana yang telah TUHAN perintahkan kepada Musa dan Harun, demikianlah mereka melaksanakannya.",Seluruh bani Israil pun melaksanakan apa yang diperintahkan ALLAH kepada Musa dan Harun.,
Keluaran,12,51,Keluaran 12:51,وَكَانَ فِي ذَلِكَ ٱلْيَوْمِ عَيْنِهِ أَنَّ ٱلرَّبَّ أَخْرَجَ بَنِي إِسْرَائِيلَ مِنْ أَرْضِ مِصْرَ بِحَسَبِ أَجْنَادِهِمْ.,"Pada hari itu juga, TUHAN membawa orang Israel keluar dari tanah Mesir menurut kelompok-kelompoknya.",Tepat pada hari itu ALLAH membawa bani Israil keluar dari Tanah Mesir menurut rombongan-rombongannya.,
Keluaran,13,1,Keluaran 13:1,وَكَلَّمَ ٱلرَّبُّ مُوسَى قَائِلًا:,"Kemudian, TUHAN berfirman kepada Musa,","ALLAH berfirman kepada Musa demikian,",
Keluaran,13,2,Keluaran 13:2,«قَدِّسْ لِي كُلَّ بِكْرٍ، كُلَّ فَاتِحِ رَحِمٍ مِنْ بَنِي إِسْرَائِيلَ، مِنَ ٱلنَّاسِ وَمِنَ ٱلْبَهَائِمِ. إِنَّهُ لِي».,"“Khususkanlah bagi-Ku setiap anak sulung, yang pertama kali membuka rahim di antara keturunan Israel, baik manusia maupun binatang, adalah milikku.”","“Khususkanlah bagi-Ku semua anak sulung. Semua yang pertama lahir dari rahim di antara bani Israil, baik manusia maupun binatang, Akulah yang mempunyainya.”",
Keluaran,13,3,Keluaran 13:3,وَقَالَ مُوسَى لِلشَّعْبِ: «ٱذْكُرُوا هَذَا ٱلْيَوْمَ ٱلَّذِي فِيهِ خَرَجْتُمْ مِنْ مِصْرَ مِنْ بَيْتِ ٱلْعُبُودِيَّةِ، فَإِنَّهُ بِيَدٍ قَوِيَّةٍ أَخْرَجَكُمُ ٱلرَّبُّ مِنْ هُنَا. وَلَا يُؤْكَلُ خَمِيرٌ.,"Musa berkata kepada umat itu, “Ingatlah hari ini, ketika kamu keluar dari Mesir, keluar dari rumah perbudakan, sebab dengan kekuatan tangan-Nya, TUHAN membawamu keluar dari sana: jangan makan apa pun yang beragi.","Lalu, kata Musa kepada bangsa itu, “Peringatilah hari ini, hari ketika kamu keluar dari Mesir, dari tempat perhambaan, karena dengan kuasa tangan-Nya ALLAH, telah membawa kamu keluar dari sana. Sesuatu yang beragi tidak boleh kamu makan.",
Keluaran,13,4,Keluaran 13:4,اَلْيَوْمَ أَنْتُمْ خَارِجُونَ فِي شَهْرِ أَبِيبَ.,"Hari ini, dalam bulan Abib, kamu telah keluar.","Hari ini, dalam bulan Abib, kamu keluar.",
Keluaran,13,5,Keluaran 13:5,وَيَكُونُ مَتَى أَدْخَلَكَ ٱلرَّبُّ أَرْضَ ٱلْكَنْعَانِيِّينَ وَٱلْحِثِّيِّينَ وَٱلْأَمُورِيِّينَ وَٱلْحِوِّيِّينَ وَٱلْيَبُوسِيِّينَ ٱلَّتِي حَلَفَ لِآبَائِكَ أَنْ يُعْطِيَكَ، أَرْضًا تَفِيضُ لَبَنًا وَعَسَلًا، أَنَّكَ تَصْنَعُ هَذِهِ ٱلْخِدْمَةَ فِي هَذَا ٱلشَّهْرِ.,"Apabila TUHAN telah membawamu ke negeri orang Kanaan, orang Het, orang Amori, dan orang Yebus, yang telah disumpahkan-Nya kepada nenek moyangmu untuk diberikan kepadamu, yaitu suatu negeri yang berlimpah susu dan madu, kamu harus melaksanakan ibadah ini pada bulan ini.”","Nanti, apabila ALLAH telah membawa kamu masuk ke negeri orang Kanaan, orang Het, orang Amori, orang Hewi, dan orang Yebus—negeri yang telah dijanjikan-Nya dengan bersumpah kepada nenek moyangmu untuk dikaruniakan kepadamu, yaitu negeri yang berlimpah susu dan madu—maka kamu harus melaksanakan ibadah ini di bulan ini juga.",
Keluaran,13,6,Keluaran 13:6,سَبْعَةَ أَيَّامٍ تَأْكُلُ فَطِيرًا، وَفِي ٱلْيَوْمِ ٱلسَّابِعِ عِيدٌ لِلرَّبِّ.,"“Selama tujuh hari, kamu harus makan roti tidak beragi, dan hari ketujuh harus menjadi perayaan bagi TUHAN.","Selama tujuh hari kamu harus makan roti yang tak beragi, dan pada hari ketujuh kamu harus mengadakan perayaan bagi ALLAH.",
Keluaran,13,7,Keluaran 13:7,فَطِيرٌ يُؤْكَلُ ٱلسَّبْعَةَ ٱلْأَيَّامِ، وَلَا يُرَى عِنْدَكَ مُخْتَمِرٌ، وَلَا يُرَى عِنْدَكَ خَمِيرٌ فِي جَمِيعِ تُخُومِكَ.,"Roti tidak beragi harus dimakan selama tujuh hari dan apa pun yang beragi tidak boleh terlihat di antara kamu, tidak boleh ada ragi yang terlihat di antara kamu, di seluruh wilayahmu.","Makanlah roti yang tak beragi selama tujuh hari itu. Sesuatu yang beragi tidak boleh terlihat di antaramu, demikian pula ragi di seluruh daerahmu.",
Keluaran,13,8,Keluaran 13:8,«وَتُخْبِرُ ٱبْنَكَ فِي ذَلِكَ ٱلْيَوْمِ قَائِلًا: مِنْ أَجْلِ مَا صَنَعَ إِلَيَّ ٱلرَّبُّ حِينَ أَخْرَجَنِي مِنْ مِصْرَ.,"Pada hari itu, katakanlah kepada anak-anakmu, ‘Ini karena apa yang telah TUHAN perbuat bagiku ketika aku keluar dari Mesir.’”","Pada hari itu kamu harus memberitahukan kepada anak-anak lelakimu demikian, ‘Hal ini Ayah lakukan untuk mengingat apa yang telah dilakukan oleh ALLAH bagi Ayah ketika Ayah keluar dari Mesir.’",
Keluaran,13,9,Keluaran 13:9,وَيَكُونُ لَكَ عَلَامَةً عَلَى يَدِكَ، وَتَذْكَارًا بَيْنَ عَيْنَيْكَ، لِكَيْ تَكُونَ شَرِيعَةُ ٱلرَّبِّ فِي فَمِكَ. لِأَنَّهُ بِيَدٍ قَوِيَّةٍ أَخْرَجَكَ ٱلرَّبُّ مِنْ مِصْرَ.,"“Itu harus menjadi tanda bagimu pada tanganmu dan sebagai pengingat di antara matamu supaya hukum TUHAN ada pada mulutmu, sebab dengan tangan yang kuat, TUHAN telah membawamu keluar dari Mesir.",Perayaan itu akan mengingatkan engkau—seperti tanda pada tanganmu dan pengingat di antara kedua matamu—supaya hukum ALLAH tetap kaupercakapkan karena ALLAH telah membawa kamu keluar dari Mesir dengan tangan yang kuat.,
Keluaran,13,10,Keluaran 13:10,فَتَحْفَظُ هَذِهِ ٱلْفَرِيضَةَ فِي وَقْتِهَا مِنْ سَنَةٍ إِلَى سَنَةٍ.,"Oleh sebab itu, kamu harus memelihara ketetapan ini pada waktu tertentu dari tahun ke tahun.”","Sebab itu, lakukanlah senantiasa ketetapan ini pada waktu yang sudah ditentukan, dari tahun ke tahun.",
Keluaran,13,11,Keluaran 13:11,«وَيَكُونُ مَتَى أَدْخَلَكَ ٱلرَّبُّ أَرْضَ ٱلْكَنْعَانِيِّينَ كَمَا حَلَفَ لَكَ وَلِآبَائِكَ، وَأَعْطَاكَ إِيَّاهَا،,"“Ketika TUHAN membawamu ke negeri orang Kanaan, seperti yang telah disumpahkan-Nya kepadamu dan kepada nenek moyangmu, dan akan diberikan kepadamu,","Nanti, apabila ALLAH sudah membawa kamu masuk ke negeri orang Kanaan, seperti yang telah dijanjikan-Nya dengan bersumpah kepada nenek moyangmu, dan apabila negeri itu sudah dikaruniakan-Nya kepadamu,",
Keluaran,13,12,Keluaran 13:12,أَنَّكَ تُقَدِّمُ لِلرَّبِّ كُلَّ فَاتِحِ رَحِمٍ، وَكُلَّ بِكْرٍ مِنْ نِتَاجِ ٱلْبَهَائِمِ ٱلَّتِي تَكُونُ لَكَ. ٱلذُّكُورُ لِلرَّبِّ.,"kamu harus mengkhususkan bagi TUHAN, semua yang pertama membuka rahim, yang pertama lahir dari binatang-binatang milikmu, yaitu yang jantan, itu adalah milik TUHAN.","maka kamu harus mengkhususkan bagi ALLAH semua yang pertama lahir dari rahim. Semua yang pertama lahir dari binatang yang kaupunyai, yaitu yang jantan, adalah milik ALLAH.",
Keluaran,13,13,Keluaran 13:13,وَلَكِنَّ كُلَّ بِكْرِ حِمَارٍ تَفْدِيهِ بِشَاةٍ. وَإِنْ لَمْ تَفْدِهِ فَتَكْسِرُ عُنُقَهُ. وَكُلُّ بِكْرِ إِنْسَانٍ مِنْ أَوْلَادِكَ تَفْدِيهِ.,"Setiap keledai jantan yang pertama lahir harus kamu tebus dengan domba, tetapi jika kamu tidak menebusnya, kamu harus mematahkan lehernya; dan setiap anak sulung manusia di antara anak laki-lakimu harus kamu tebus.”","Semua anak keledai yang pertama lahir harus kamu tebus dengan seekor anak domba. Jika kamu tidak menebusnya, maka kamu harus mematahkan lehernya. Semua anak sulung manusia di antara anak-anak lelakimu harus kamu tebus.",
Keluaran,13,14,Keluaran 13:14,«وَيَكُونُ مَتَى سَأَلَكَ ٱبْنُكَ غَدًا قَائِلًا: مَا هَذَا؟ تَقُولُ لَهُ: بِيَدٍ قَوِيَّةٍ أَخْرَجَنَا ٱلرَّبُّ مِنْ مِصْرَ مِنْ بَيْتِ ٱلْعُبُودِيَّةِ.,"“Pada suatu waktu, ketika anak laki-lakimu datang dan bertanya kepadamu, ‘Apa artinya ini?’, kamu harus berkata kepadanya, ‘Dengan kekuatan tangan-Nya, TUHAN telah membawa kita keluar dari Mesir, dari rumah perbudakan,","Nanti, apabila di kemudian hari anakmu bertanya kepadamu, ‘Apa artinya ini?’ maka kamu harus mengatakan kepadanya, ‘Dengan kekuatan tangan-Nya ALLAH telah membawa kami keluar dari Mesir, dari tempat perhambaan.",
Keluaran,13,15,Keluaran 13:15,وَكَانَ لَمَّا تَقَسَّى فِرْعَوْنُ عَنْ إِطْلَاقِنَا أَنَّ ٱلرَّبَّ قَتَلَ كُلَّ بِكْرٍ فِي أَرْضِ مِصْرَ، مِنْ بِكْرِ ٱلنَّاسِ إِلَى بِكْرِ ٱلْبَهَائِمِ. لِذَلِكَ أَنَا أَذْبَحُ لِلرَّبِّ ٱلذُّكُورَ مِنْ كُلِّ فَاتِحِ رَحِمٍ، وَأَفْدِي كُلَّ بِكْرٍ مِنْ أَوْلَادِي.,"dan terjadilah, ketika Firaun bersikeras menolak kami pergi, TUHAN membunuh semua anak sulung di tanah Mesir, baik anak sulung manusia maupun anak sulung binatang. Oleh sebab itu, aku mengurbankan kepada TUHAN semua yang membuka rahim, yang jantan, tetapi semua anak sulung laki-lakiku, aku tebus.","Pada waktu Firaun bersikeras tidak mengizinkan kami pergi, ALLAH menyudahi hidup semua anak sulung di Tanah Mesir, dari anak sulung manusia sampai anak sulung binatang. Itulah sebabnya, Ayah mempersembahkan kepada ALLAH semua binatang jantan yang pertama lahir dari rahim, sedangkan semua anak sulung di antara anak-anak Ayah yang lelaki, Ayah tebus.’",
Keluaran,13,16,Keluaran 13:16,فَيَكُونُ عَلَامَةً عَلَى يَدِكَ، وَعِصَابَةً بَيْنَ عَيْنَيْكَ. لِأَنَّهُ بِيَدٍ قَوِيَّةٍ أَخْرَجَنَا ٱلرَّبُّ مِنْ مِصْرَ».,"Hal ini harus menjadi tanda pada tanganmu dan lambang pada dahimu sebab dengan tangan yang kuat, TUHAN telah membawa kita keluar dari Mesir.’”","Hal itu harus menjadi tanda pada tanganmu dan menjadi lambang di antara kedua matamu karena dengan kekuatan tangan-Nya, ALLAH telah membawa kita keluar dari Mesir.”",
Keluaran,13,17,Keluaran 13:17,وَكَانَ لَمَّا أَطْلَقَ فِرْعَوْنُ ٱلشَّعْبَ أَنَّ ٱللهَ لَمْ يَهْدِهِمْ فِي طَرِيقِ أَرْضِ ٱلْفِلِسْطِينِيِّينَ مَعَ أَنَّهَا قَرِيبَةٌ، لِأَنَّ ٱللهَ قَالَ: «لِئَلَّا يَنْدَمَ ٱلشَّعْبُ إِذَا رَأَوْا حَرْبًا وَيَرْجِعُوا إِلَى مِصْرَ».,"Ketika Firaun telah membiarkan bangsa itu pergi, Allah menuntun mereka untuk tidak melewati negeri orang Filistin, meskipun itu lebih dekat, sebab Allah berkata, “Jangan-jangan bangsa ini berubah pikiran ketika mereka melihat perang, lalu kembali ke Mesir.”","Setelah Firaun mengizinkan bangsa itu pergi, Allah tidak memimpin mereka melalui jalan ke negeri orang Filistin meskipun itu adalah jalan terdekat karena Allah berfirman, “Jangan-jangan bangsa ini menyesal apabila mereka menghadapi peperangan, lalu kembali ke Mesir.”",
Keluaran,13,18,Keluaran 13:18,فَأَدَارَ ٱللهُ ٱلشَّعْبَ فِي طَرِيقِ بَرِّيَّةِ بَحْرِ سُوفٍ. وَصَعِدَ بَنُو إِسْرَائِيلَ مُتَجَهِّزِينَ مِنْ أَرْضِ مِصْرَ.,"Jadi, Allah menuntun bangsa itu berputar melalui padang belantara menuju Laut Teberau. Keturunan Israel keluar dari tanah Mesir dalam barisan perang.","Jadi, Allah membawa bangsa itu berputar melalui jalan padang belantara, yaitu jalan menuju Laut Merah. Bani Israil keluar dari Tanah Mesir dengan bersenjata lengkap.",
Keluaran,13,19,Keluaran 13:19,وَأَخَذَ مُوسَى عِظَامَ يُوسُفَ مَعَهُ، لِأَنَّهُ كَانَ قَدِ ٱسْتَحْلَفَ بَنِي إِسْرَائِيلَ بِحَلْفٍ قَائِلًا: «إِنَّ ٱللهَ سَيَفْتَقِدُكُمْ فَتُصْعِدُونَ عِظَامِي مِنْ هُنَا مَعَكُمْ».,"Musa membawa tulang-tulang Yusuf bersamanya sebab Yusuf telah meminta keturunan Israel untuk bersumpah, ya, bersumpah, katanya, “Allah pasti akan datang kepadamu, dan kamu harus membawa tulang-tulangku dari sini bersamamu.”","Musa membawa tulang-tulang Yusuf karena Yusuf telah meminta bani Israil sungguh-sungguh bersumpah, katanya, “Allah pasti akan memperhatikan kamu. Pada waktu itu kamu harus membawa tulang-tulangku dari sini.”",
Keluaran,13,20,Keluaran 13:20,وَٱرْتَحَلُوا مِنْ سُكُّوتَ وَنَزَلُوا فِي إِيثَامَ فِي طَرَفِ ٱلْبَرِّيَّةِ.,"Mereka berangkat dari Sukot dan berkemah di Etam, di pinggir padang belantara.","Mereka berangkat dari Sukot, lalu berkemah di Etam, di tepi padang belantara.",
Keluaran,13,21,Keluaran 13:21,وَكَانَ ٱلرَّبُّ يَسِيرُ أَمَامَهُمْ نَهَارًا فِي عَمُودِ سَحَابٍ لِيَهْدِيَهُمْ فِي ٱلطَّرِيقِ، وَلَيْلًا فِي عَمُودِ نَارٍ لِيُضِيءَ لَهُمْ. لِكَيْ يَمْشُوا نَهَارًا وَلَيْلًا.,"TUHAN berjalan di depan mereka dalam tiang awan pada siang hari untuk menuntun mereka di jalan, dan dalam tiang api pada malam hari untuk memberikan terang kepada mereka supaya mereka dapat berjalan pada siang dan malam hari.","ALLAH hadir di depan mereka. Pada siang hari Ia memimpin mereka di perjalanan dalam tiang awan, dan pada malam hari Ia menerangi mereka dalam tiang api sehingga mereka dapat berjalan, baik siang maupun malam.",
Keluaran,13,22,Keluaran 13:22,لَمْ يَبْرَحْ عَمُودُ ٱلسَّحَابِ نَهَارًا وَعَمُودُ ٱلنَّارِ لَيْلًا مِنْ أَمَامِ ٱلشَّعْبِ.,Dia tidak menyingkirkan tiang awan pada siang hari begitu pula dengan tiang api pada malam hari dari hadapan mereka.,"Pada siang hari tiang awan tidak beranjak dari depan bangsa itu, demikian pula tiang api pada malam hari.",
Keluaran,14,1,Keluaran 14:1,وَكَلَّمَ ٱلرَّبُ مُوسَى قَائِلًا:,"Kemudian, TUHAN berfirman kepada Musa,","ALLAH berfirman kepada Musa,",
Keluaran,14,2,Keluaran 14:2,«كَلِّمْ بَنِي إِسْرَائِيلَ أَنْ يَرْجِعُوا وَيَنْزِلُوا أَمَامَ فَمِ ٱلْحِيرُوثِ بَيْنَ مَجْدَلَ وَٱلْبَحْرِ، أَمَامَ بَعْلَ صَفُونَ. مُقَابِلَهُ تَنْزِلُونَ عِنْدَ ٱلْبَحْرِ.,"“Katakanlah kepada keturunan Israel untuk kembali dan berkemah di Pi-Hahirot, di antara Migdol dan laut, di depan Baal-Zefon, kamu harus berkemah di seberangnya, di tepi laut,","“Suruhlah bani Israil berbalik dan berkemah di hadapan Pi-Hahirot, di antara Migdol dengan laut. Mereka harus berkemah di tepi laut, di hadapan Baal-Zefon.",
Keluaran,14,3,Keluaran 14:3,فَيَقُولُ فِرْعَوْنُ عَنْ بَنِي إِسْرَائِيلَ: هُمْ مُرْتَبِكُونَ فِي ٱلْأَرْضِ. قَدِ ٱسْتَغْلَقَ عَلَيْهِمِ ٱلْقَفْرُ.,"sebab Firaun akan berkata mengenai keturunan Israel, ‘Mereka tersesat di negeri ini, padang belantara telah mengurung mereka.’","Firaun akan berkata, ‘Tentu bani Israil sudah tersesat di negeri ini. Padang belantara mengurung mereka.’",
Keluaran,14,4,Keluaran 14:4,وَأُشَدِّدُ قَلْبَ فِرْعَوْنَ حَتَّى يَسْعَى وَرَاءَهُمْ، فَأَتَمَجَّدُ بِفِرْعَوْنَ وَبِجَمِيعِ جَيْشِهِ، وَيَعْرِفُ ٱلْمِصْرِيُّونَ أَنِّي أَنَا ٱلرَّبُّ». فَفَعَلُوا هَكَذَا.,"Aku akan mengeraskan hati Firaun dan dia akan mengejar mereka, dan Aku akan dimuliakan atas Firaun, dan atas seluruh pasukannya sehingga orang Mesir akan tahu bahwa Akulah TUHAN.” Demikianlah mereka melaksanakannya.","Aku akan mengeraskan hati Firaun sehingga ia mengejar mereka. Aku akan dipermuliakan atas Firaun dan seluruh pasukannya sehingga orang Mesir tahu bahwa Akulah ALLAH.” Maka, orang Israil pun melaksanakan hal itu.",
Keluaran,14,5,Keluaran 14:5,فَلَمَّا أُخْبِرَ مَلِكُ مِصْرَ أَنَّ ٱلشَّعْبَ قَدْ هَرَبَ، تَغَيَّرَ قَلْبُ فِرْعَوْنَ وَعَبِيدِهِ عَلَى ٱلشَّعْبِ. فَقَالُوا: «مَاذَا فَعَلْنَا حَتَّى أَطْلَقْنَا إِسْرَائِيلَ مِنْ خِدْمَتِنَا؟»,"Ketika dikabarkan kepada Raja Mesir bahwa bangsa itu telah melarikan diri, hati Firaun maupun hamba-hambanya berubah terhadap bangsa itu dan mereka berkata, “Apa yang sudah kita lakukan? Kita telah melepaskan orang Israel pergi dari perbudakan kita?”","Ketika dikabarkan kepada raja Mesir bahwa bangsa itu sudah lari, maka berubahlah pikiran Firaun dan pegawai-pegawainya terhadap bangsa itu. Mereka berkata, “Apa yang telah kita lakukan ini? Kita melepaskan orang Israil dari perhambaan kita!”",
Keluaran,14,6,Keluaran 14:6,فَشَدَّ مَرْكَبَتَهُ وَأَخَذَ قَوْمَهُ مَعَهُ.,Dia pun menyiapkan keretanya dan membawa orang-orangnya besertanya.,"Lalu, ia mempersiapkan keretanya dan membawa serta pasukannya.",
Keluaran,14,7,Keluaran 14:7,وَأَخَذَ سِتَّ مِئَةِ مَرْكَبَةٍ مُنْتَخَبَةٍ وَسَائِرَ مَرْكَبَاتِ مِصْرَ وَجُنُودًا مَرْكَبِيَّةً عَلَى جَمِيعِهَا.,"Dia membawa enam ratus kereta pilihan dan semua kereta di Mesir, masing-masing lengkap dengan perwiranya.","Dibawanya enam ratus kereta pilihan serta semua kereta yang ada di Mesir, lengkap dengan para perwira yang mengepalai semuanya.",
Keluaran,14,8,Keluaran 14:8,وَشَدَّدَ ٱلرَّبُّ قَلْبَ فِرْعَوْنَ مَلِكِ مِصْرَ حَتَّى سَعَى وَرَاءَ بَنِي إِسْرَائِيلَ، وَبَنُو إِسْرَائِيلَ خَارِجُونَ بِيَدٍ رَفِيعَةٍ.,"TUHAN mengeraskan hati Firaun, raja Mesir, sehingga dia mengejar keturunan Israel sementara keturunan Israel telah berjalan dengan gagah berani.","ALLAH mengeraskan hati Firaun, raja Mesir, sehingga ia mengejar bani Israil. Sementara itu, bani Israil bergerak dengan semangat yang tinggi.",
Keluaran,14,9,Keluaran 14:9,فَسَعَى ٱلْمِصْرِيُّونَ وَرَاءَهُمْ وَأَدْرَكُوهُمْ. جَمِيعُ خَيْلِ مَرْكَبَاتِ فِرْعَوْنَ وَفُرْسَانِهِ وَجَيْشِهِ، وَهُمْ نَازِلُونَ عِنْدَ ٱلْبَحْرِ عِنْدَ فَمِ ٱلْحِيرُوثِ، أَمَامَ بَعْلَ صَفُونَ.,"Orang Mesir mengejar mereka dengan semua kuda dan kereta Firaun, dengan orang-orang berkuda dan pasukannya, dan menyusul mereka yang sedang berkemah di tepi laut, di dekat Pi-Hahirot, di depan Baal-Zefon.","Orang Mesir mengejar mereka dengan semua kuda dan kereta Firaun, dengan orang-orang berkuda dan dengan pasukannya. Mereka hendak menyusul bani Israil yang sedang berkemah di tepi laut, dekat Pi-Hahirot, berhadapan dengan Baal-Zefon.",
Keluaran,14,10,Keluaran 14:10,فَلَمَّا ٱقْتَرَبَ فِرْعَوْنُ رَفَعَ بَنُو إِسْرَائِيلَ عُيُونَهُمْ، وَإِذَا ٱلْمِصْرِيُّونَ رَاحِلُونَ وَرَاءَهُمْ. فَفَزِعُوِا جِدًّا، وَصَرَخَ بَنُو إِسْرَائِيلَ إِلَى ٱلرَّبِّ.,"Ketika Firaun sudah dekat, bangsa Israel mengangkat matanya, dan lihatlah, orang Mesir sedang mengikuti mereka dari belakang. Mereka sangat ketakutan sehingga keturunan Israel itu pun berseru-seru kepada TUHAN.","Ketika Firaun sudah dekat dan bani Israil melayangkan pandangnya, tampak orang Mesir bergerak menyusul mereka. Maka, bani Israil menjadi sangat ketakutan, lalu mereka berseru kepada ALLAH.",
Keluaran,14,11,Keluaran 14:11,وَقَالُوا لِمُوسَى: «هَلْ لِأَنَّهُ لَيْسَتْ قُبُورٌ فِي مِصْرَ أَخَذْتَنَا لِنَمُوتَ فِي ٱلْبَرِّيَّةِ؟ مَاذَا صَنَعْتَ بِنَا حَتَّى أَخْرَجْتَنَا مِنْ مِصْرَ؟,"Mereka berkata kepada Musa, “Apakah karena di Mesir tidak ada kuburan sehingga engkau membawa kami pergi untuk mati di padang belantara ini? Mengapa engkau melakukan hal ini terhadap kami dengan membawa kami keluar dari Mesir?","Kata mereka kepada Musa, “Apakah karena tidak ada kuburan di Mesir, maka engkau membawa kami pergi untuk mati di padang belantara ini? Apa yang kaulakukan ini terhadap kami dengan membawa kami keluar dari Mesir?",
Keluaran,14,12,Keluaran 14:12,أَلَيْسَ هَذَا هُوَ ٱلْكَلَامُ ٱلَّذِي كَلَّمْنَاكَ بِهِ فِي مِصْرَ قَائِلِينَ: كُفَّ عَنَّا فَنَخْدِمَ ٱلْمِصْرِيِّينَ؟ لِأَنَّهُ خَيْرٌ لَنَا أَنْ نَخْدِمَ ٱلْمِصْرِيِّينَ مِنْ أَنْ نَمُوتَ فِي ٱلْبَرِّيَّةِ».,"Bukankah kami sudah mengatakan ini kepadamu di Mesir, ‘Jangan ganggu kami, biarkan kami melayani orang Mesir’? Sebab, lebih baik kami melayani orang Mesir daripada kami harus mati di padang belantara.”","Bukankah di Mesir telah kami katakan kepadamu, ‘Jangan ganggu kami, biarlah kami menghamba kepada orang Mesir’? Lebih baik kami menghamba kepada orang Mesir daripada mati di padang belantara ini.”",
Keluaran,14,13,Keluaran 14:13,فَقَالَ مُوسَى لِلشَّعْبِ: «لَا تَخَافُوا. قِفُوا وَٱنْظُرُوا خَلَاصَ ٱلرَّبِّ ٱلَّذِي يَصْنَعُهُ لَكُمُ ٱلْيَوْمَ. فَإِنَّهُ كَمَا رَأَيْتُمُ ٱلْمِصْرِيِّينَ ٱلْيَوْمَ، لَا تَعُودُونَ تَرَوْنَهُمْ أَيْضًا إِلَى ٱلْأَبَدِ.,"Musa berkata kepada bangsa itu, “Jangan takut! Berdirilah teguh dan lihatlah keselamatan dari TUHAN yang akan ditunjukkan-Nya kepadamu pada hari ini, sebab orang Mesir yang kamu lihat hari ini tidak akan pernah kamu lihat lagi selamanya.","Lalu, kata Musa kepada bangsa itu, “Jangan takut. Tetaplah berdiri dan lihatlah keselamatan dari ALLAH yang akan diberikan-Nya kepadamu pada hari ini karena orang Mesir yang kamu lihat hari ini tidak akan kamu lihat lagi sampai selama-lamanya.",
Keluaran,14,14,Keluaran 14:14,ٱلرَّبُّ يُقَاتِلُ عَنْكُمْ وَأَنْتُمْ تَصْمُتُونَ».,TUHAN akan berperang bagimu dan kamu tinggal diam saja.”,"ALLAH akan berperang untuk kamu, dan kamu akan diam saja.”",
Keluaran,14,15,Keluaran 14:15,فَقَالَ ٱلرَّبُّ لِمُوسَى: «مَا لَكَ تَصْرُخُ إِلَيَّ؟ قُلْ لِبَنِي إِسْرَائِيلَ أَنْ يَرْحَلُوا.,"TUHAN berkata kepada Musa, “Mengapa kamu masih berseru-seru kepada-Ku? Katakanlah kepada keturunan Israel untuk terus maju,","Firman ALLAH kepada Musa, “Mengapa engkau berseru kepada-Ku? Suruhlah bani Israil berangkat.",
Keluaran,14,16,Keluaran 14:16,وَٱرْفَعْ أَنْتَ عَصَاكَ وَمُدَّ يَدَكَ عَلَى ٱلْبَحْرِ وَشُقَّهُ، فَيَدْخُلَ بَنُو إِسْرَائِيلَ فِي وَسَطِ ٱلْبَحْرِ عَلَى ٱلْيَابِسَةِ.,"tetapi kamu, angkatlah tongkatmu dan ulurkan tanganmu ke atas laut dan belahlah itu supaya keturunan Israel dapat berjalan di tengah-tengah laut di tanah yang kering.","Kemudian, engkau, angkatlah tongkatmu, ulurkanlah tanganmu ke atas laut dan belahlah airnya sehingga bani Israil dapat berjalan di tengah-tengah laut, di tempat yang kering.",
Keluaran,14,17,Keluaran 14:17,وَهَا أَنَا أُشَدِّدُ قُلُوبَ ٱلْمِصْرِيِّينَ حَتَّى يَدْخُلُوا وَرَاءَهُمْ، فَأَتَمَجَّدُ بِفِرْعَوْنَ وَكُلِّ جَيْشِهِ، بِمَرْكَبَاتِهِ وَفُرْسَانِهِ.,"Lihatlah, Aku akan mengeraskan hati orang Mesir sehingga mereka akan mengejar keturunan Israel, dan Aku akan dipermuliakan atas Firaun, dan atas seluruh pasukannya, dan atas kereta-keretanya, dan atas pasukan berkudanya.","Sementara Aku, Aku akan mengeraskan hati orang Mesir sehingga mereka akan bergerak mengikuti bani Israil. Aku akan dipermuliakan atas Firaun dan seluruh pasukannya, atas keretanya dan orang-orang berkudanya.",
Keluaran,14,18,Keluaran 14:18,فَيَعْرِفُ ٱلْمِصْرِيُّونَ أَنِّي أَنَا ٱلرَّبُّ حِينَ أَتَمَجَّدُ بِفِرْعَوْنَ وَمَرْكَبَاتِهِ وَفُرْسَانِهِ».,"Lalu, orang Mesir akan mengetahui bahwa Akulah TUHAN, ketika Aku dipermuliakan atas Firaun, atas kereta-keretanya, dan atas pasukan berkudanya.”","Orang Mesir akan mengetahui bahwa Akulah ALLAH pada waktu Aku dipermuliakan atas Firaun, keretanya, dan pasukan berkudanya.”",
Keluaran,14,19,Keluaran 14:19,فَٱنْتَقَلَ مَلَاكُ ٱللهِ ٱلسَّائِرُ أَمَامَ عَسْكَرِ إِسْرَائِيلَ وَسَارَ وَرَاءَهُمْ، وَٱنْتَقَلَ عَمُودُ ٱلسَّحَابِ مِنْ أَمَامِهِمْ وَوَقَفَ وَرَاءَهُمْ.,"Kemudian, malaikat Allah, yang berjalan di depan pasukan Israel, berpindah dan berjalan di belakang mereka. Lalu, tiang awan beranjak dari hadapan mereka untuk berdiri di belakang mereka,","Kemudian, Malaikat Allah, yang sebelumnya berjalan di depan pasukan Israil, pindah ke belakang mereka. Tiang awan itu bergerak dari depan mereka, lalu berdiri di belakang mereka,",
Keluaran,14,20,Keluaran 14:20,فَدَخَلَ بَيْنَ عَسْكَرِ ٱلْمِصْرِيِّينَ وَعَسْكَرِ إِسْرَائِيلَ، وَصَارَ ٱلسَّحَابُ وَٱلظَّلَامُ وَأَضَاءَ ٱللَّيْلَ. فَلَمْ يَقْتَرِبْ هَذَا إِلَى ذَاكَ كُلَّ ٱللَّيْلِ.,"dan tiang awan itu datang di antara pasukan orang Mesir dan pasukan orang Israel. Sepanjang malam, awan itu membawa kegelapan di sisi yang satu dan terang di sisi yang lainnya sehingga tidak ada satu pun yang dapat saling mendekati.",di antara pasukan Mesir dan pasukan Israil. Awan itu menimbulkan kegelapan di satu sisi dan terang di sisi yang lain pada malam hari sehingga pasukan yang satu tidak dapat menghampiri pasukan yang lain semalam-malaman itu.,
Keluaran,14,21,Keluaran 14:21,وَمَدَّ مُوسَى يَدَهُ عَلَى ٱلْبَحْرِ، فَأَجْرَى ٱلرَّبُّ ٱلْبَحْرَ بِرِيحٍ شَرْقِيَّةٍ شَدِيدَةٍ كُلَّ ٱللَّيْلِ، وَجَعَلَ ٱلْبَحْرَ يَابِسَةً وَٱنْشَقَّ ٱلْمَاءُ.,"Kemudian, Musa mengulurkan tangannya ke atas laut dan TUHAN menguak laut dengan angin timur yang sangat kencang sepanjang malam dan membuat laut itu menjadi tanah kering dan airnya terbelah.","Kemudian, Musa mengulurkan tangannya ke atas laut, dan ALLAH menguakkan laut dengan angin timur yang keras semalam-malaman itu, membuat dasar laut menjadi tanah yang kering. Air pun terbelah.",
Keluaran,14,22,Keluaran 14:22,فَدَخَلَ بَنُو إِسْرَائِيلَ فِي وَسَطِ ٱلْبَحْرِ عَلَى ٱلْيَابِسَةِ، وَٱلْمَاءُ سُورٌ لَهُمْ عَنْ يَمِينِهِمْ وَعَنْ يَسَارِهِمْ.,Keturunan Israel berjalan di tengah-tengah laut di atas tanah kering dan airnya menjadi tembok bagi mereka di sebelah kanan dan di sebelah kiri mereka.,"Lalu, masuklah bani Israil ke tengah-tengah laut dengan berjalan di tanah yang kering sementara air itu menjadi seperti tembok di sebelah kanan dan kiri mereka.",
Keluaran,14,23,Keluaran 14:23,وَتَبِعَهُمُ ٱلْمِصْرِيُّونَ وَدَخَلُوا وَرَاءَهُمْ. جَمِيعُ خَيْلِ فِرْعَوْنَ وَمَرْكَبَاتِهِ وَفُرْسَانِهِ إِلَى وَسَطِ ٱلْبَحْرِ.,"Kemudian, orang Mesir mengejar dan mengikuti mereka sampai ke tengah-tengah laut, bahkan semua kuda Firaun, kereta-keretanya, dan pasukan berkudanya.","Orang Mesir mengejar dan mengikuti mereka ke tengah-tengah laut—semua kuda Firaun, keretanya, dan pasukan berkudanya.",
Keluaran,14,24,Keluaran 14:24,وَكَانَ فِي هَزِيعِ ٱلصُّبْحِ أَنَّ ٱلرَّبَّ أَشْرَفَ عَلَى عَسْكَرِ ٱلْمِصْرِيِّينَ فِي عَمُودِ ٱلنَّارِ وَٱلسَّحَابِ، وَأَزْعَجَ عَسْكَرَ ٱلْمِصْرِيِّينَ،,"Dan, terjadilah, selama waktu jaga pagi hari, TUHAN mengamati pasukan orang Mesir melalui tiang api dan awan, lalu mengacaukan pasukan orang Mesir itu,","Menjelang pagi, ALLAH menatap pasukan orang Mesir dari dalam tiang api dan awan, lalu mengacaukan pasukan orang Mesir itu.",
Keluaran,14,25,Keluaran 14:25,وَخَلَعَ بَكَرَ مَرْكَبَاتِهِمْ حَتَّى سَاقُوهَا بِثَقْلَةٍ. فَقَالَ ٱلْمِصْرِيُّونَ: «نَهْرُبُ مِنْ إِسْرَائِيلَ، لِأَنَّ ٱلرَّبَّ يُقَاتِلُ ٱلْمِصْرِيِّينَ عَنْهُمْ».,"dan melepaskan roda kereta-keretanya sehingga mereka mengendarainya dengan berat. Oleh karena itu, orang Mesir berkata, “Ayo kita lari dari hadapan orang Israel karena TUHAN yang berperang bagi mereka untuk melawan orang Mesir.”","Ia melepaskan roda-roda kereta mereka sehingga berat untuk dikemudikan. Kata orang Mesir, “Mari kita lari dari orang Israil karena memang ALLAH yang berperang untuk mereka melawan Mesir.”",
Keluaran,14,26,Keluaran 14:26,فَقَالَ ٱلرَّبُّ لِمُوسَى: «مُدَّ يَدَكَ عَلَى ٱلْبَحْرِ لِيَرْجِعَ ٱلْمَاءُ عَلَى ٱلْمِصْرِيِّينَ، عَلَى مَرْكَبَاتِهِمْ وَفُرْسَانِهِمْ».,"Kemudian, TUHAN berfirman kepada Musa, “Ulurkan tanganmu ke atas laut supaya air itu berbalik ke atas orang Mesir, ke atas kereta-keretanya, dan ke atas pasukan berkudanya.”","Firman ALLAH kepada Musa, “Ulurkanlah tanganmu ke atas laut supaya air berbalik melanda orang Mesir, keretanya, dan pasukan berkudanya.”",
Keluaran,14,27,Keluaran 14:27,فَمَدَّ مُوسَى يَدَهُ عَلَى ٱلْبَحْرِ فَرَجَعَ ٱلْبَحْرُ عِنْدَ إِقْبَالِ ٱلصُّبْحِ إِلَى حَالِهِ ٱلدَّائِمَةِ، وَٱلْمِصْرِيُّونَ هَارِبُونَ إِلَى لِقَائِهِ. فَدَفَعَ ٱلرَّبُّ ٱلْمِصْرِيِّينَ فِي وَسَطِ ٱلْبَحْرِ.,Musa pun mengulurkan tangannya ke atas laut dan laut berbalik ke keadaan semula ketika pagi menjelang. Orang Mesir berlarian ke air itu dan TUHAN mencampakkan orang Mesir ke tengah-tengah laut.,"Musa pun mengulurkan tangannya ke atas laut, lalu pada waktu fajar terbit berbaliklah air laut ke tempatnya seperti sediakala sementara orang Mesir berlari ke arah air itu. Demikianlah ALLAH menghempaskan orang Mesir di tengah-tengah laut.",
Keluaran,14,28,Keluaran 14:28,فَرَجَعَ ٱلْمَاءُ وَغَطَّى مَرْكَبَاتِ وَفُرْسَانَ جَمِيعِ جَيْشِ فِرْعَوْنَ ٱلَّذِي دَخَلَ وَرَاءَهُمْ فِي ٱلْبَحْرِ. لَمْ يَبْقَ مِنْهُمْ وَلَا وَاحِدٌ.,"Air itu kembali pada keadaannya semula dan menenggelamkan semua kereta dan pasukan berkuda itu, yaitu semua pasukan Firaun yang masuk ke laut mengikuti bangsa Israel sehingga tidak ada satu pun yang tersisa dari mereka.","Air itu berbalik, lalu menutupi kereta dan pasukan berkuda, yaitu seluruh pasukan Firaun yang mengikuti bani Israil masuk ke laut. Tidak seorang pun luput dari antara mereka.",
Keluaran,14,29,Keluaran 14:29,وَأَمَّا بَنُو إِسْرَائِيلَ فَمَشَوْا عَلَى ٱلْيَابِسَةِ فِي وَسَطِ ٱلْبَحْرِ، وَٱلْمَاءُ سُورٌ لَهُمْ عَنْ يَمِينِهِمْ وَعَنْ يَسَارِهِمْ.,"Akan tetapi, bangsa Israel berjalan di atas tanah yang kering di tengah-tengah laut dan air menjadi seperti tembok bagi mereka, di sebelah kanan dan sebelah kirinya.","Sebaliknya, bani Israil berjalan di tanah yang kering di tengah-tengah laut, dan air itu menjadi seperti tembok di sebelah kanan dan kiri mereka.",
Keluaran,14,30,Keluaran 14:30,فَخَلَّصَ ٱلرَّبُّ فِي ذَلِكَ ٱلْيَوْمِ إِسْرَائِيلَ مِنْ يَدِ ٱلْمِصْرِيِّينَ. وَنَظَرَ إِسْرَائِيلُ ٱلْمِصْرِيِّينَ أَمْوَاتًا عَلَى شَاطِئِ ٱلْبَحْرِ.,"Demikianlah, pada hari itu, TUHAN menyelamatkan Israel dari tangan orang Mesir dan Israel melihat orang-orang Mesir itu mati terdampar di pantai.",Demikianlah ALLAH menyelamatkan orang Israil pada hari itu dari tangan orang Mesir. Orang Israil melihat orang Mesir mati terdampar di pantai laut.,
Keluaran,14,31,Keluaran 14:31,وَرَأَى إِسْرَائِيلُ ٱلْفِعْلَ ٱلْعَظِيمَ ٱلَّذِي صَنَعَهُ ٱلرَّبُّ بِٱلْمِصْرِيِّينَ، فَخَافَ ٱلشَّعْبُ ٱلرَّبَّ وَآمَنُوا بِٱلرَّبِّ وَبِعَبْدِهِ مُوسَى.,"Ketika Israel melihat perbuatan besar yang TUHAN lakukan atas orang Mesir, bangsa itu menjadi takut akan TUHAN dan percaya kepada TUHAN, dan kepada Musa, hamba-Nya.","Ketika orang Israil melihat betapa besarnya kuasa yang ditunjukkan ALLAH terhadap orang Mesir, maka bertakwalah bangsa itu kepada ALLAH. Mereka pun percaya kepada ALLAH dan kepada Musa, hamba-Nya.",
Keluaran,15,1,Keluaran 15:1,حِينَئِذٍ رَنَّمَ مُوسَى وَبَنُو إِسْرَائِيلَ هَذِهِ ٱلتَّسْبِيحَةَ لِلرَّبِّ وَقَالُوا: «أُرَنِّمُ لِلرَّبِّ فَإِنَّهُ قَدْ تَعَظَّمَ. ٱلْفَرَسَ وَرَاكِبَهُ طَرَحَهُمَا فِي ٱلْبَحْرِ.,"Kemudian Musa dan keturunan Israel menyanyikan lagu ini kepada TUHAN dengan perkataan yang berbunyi, “Aku akan bernyanyi bagi TUHAN, sebab Dia ditinggikan mulia. Kuda-kuda dan para penunggangnya telah dicampakkan-Nya ke laut.","Kemudian, Musa dan bani Israil melantunkan nyanyian ini bagi ALLAH, yang demikian bunyinya: “Menyanyilah bagi ALLAH karena Ia tinggi mulia, kuda dan penunggangnya dicampakkan-Nya ke dalam laut.",
Keluaran,15,2,Keluaran 15:2,ٱلرَّبُّ قُوَّتِي وَنَشِيدِي، وَقَدْ صَارَ خَلَاصِي. هَذَا إِلَهِي فَأُمَجِّدُهُ، إِلَهُ أَبِي فَأُرَفِّعُهُ.,"TUHAN adalah kekuatanku dan nyanyianku, Dia telah menjadi keselamatanku, Dialah Allahku dan aku akan memuji-Nya, Allah nenek moyangku, dan Aku akan meninggikan-Nya.","ALLAH itu kekuatanku dan puji-pujianku, Ia telah menjadi keselamatanku. Dialah Tuhanku, aku hendak memuji Dia, Dia Tuhan ayahku, aku hendak meninggikan Dia.",
Keluaran,15,3,Keluaran 15:3,ٱلرَّبُّ رَجُلُ ٱلْحَرْبِ. ٱلرَّبُّ ٱسْمُهُ.,"TUHAN adalah pahlawan perang, TUHAN adalah nama-Nya.","ALLAH itu pejuang, ALLAH, itulah nama-Nya.",
Keluaran,15,4,Keluaran 15:4,مَرْكَبَاتُ فِرْعَوْنَ وَجَيْشُهُ أَلْقَاهُمَا فِي ٱلْبَحْرِ، فَغَرِقَ أَفْضَلُ جُنُودِهِ ٱلْمَرْكَبِيَّةِ فِي بَحْرِ سُوفَ،,"Kereta-kereta Firaun dan pasukannya, telah dicampakkan-Nya ke laut, dan perwira-perwira pilihannya telah ditenggelamkan ke dalam Laut Teberau.",Kereta Firaun dan pasukannya dibuang-Nya ke dalam laut. Para perwira pilihannya pun dibenamkan ke dalam Laut Merah.,
Keluaran,15,5,Keluaran 15:5,تُغَطِّيهِمُ ٱللُّجَجُ. قَدْ هَبَطُوا فِي ٱلْأَعْمَاقِ كَحَجَرٍ.,"Kedalaman menutupi mereka, mereka tenggelam ke kedalaman bagaikan batu.”","Samudera meliputi mereka, mereka tenggelam ke air yang dalam seperti batu.",
Keluaran,15,6,Keluaran 15:6,يَمِينُكَ يَا رَبُّ مُعْتَزَّةٌ بِٱلْقُدْرَةِ. يَمِينُكَ يَا رَبُّ تُحَطِّمُ ٱلْعَدُوَّ.,"“Tangan kanan-Mu, ya TUHAN, diagungkan dalam kekuatan, tangan kanan-Mu, ya TUHAN, menghancurkan musuh.","Tangan-Mu, ya ALLAH, mulia dalam kekuatan, tangan-Mu, ya ALLAH, menghancurkan musuh.",
Keluaran,15,7,Keluaran 15:7,وَبِكَثْرَةِ عَظَمَتِكَ تَهْدِمُ مُقَاوِمِيكَ. تُرْسِلُ سُخْطَكَ فَيَأْكُلُهُمْ كَٱلْقَشِّ،,"Dalam kebesaran keagungan-Mu, Engkau merobohkan mereka yang bangkit untuk menentang-Mu. Engkau mengirim api murka-Mu yang melahap mereka bagaikan tunggul jerami.","Dengan keagungan-Mu yang besar Engkau menjatuhkan orang yang bangkit melawan Engkau. Engkau melepaskan murka-Mu yang menyala-nyala, yang memakan habis mereka seperti tunggul jerami.",
Keluaran,15,8,Keluaran 15:8,وَبِرِيحِ أَنْفِكَ تَرَاكَمَتِ ٱلْمِيَاهُ. ٱنْتَصَبَتِ ٱلْمَجَارِيَ كَرَابِيَةٍ. تَجَمَّدَتِ ٱللُّجَجُ فِي قَلْبِ ٱلْبَحْرِ.,"Dengan embusan dari lubang hidung-Mu, air naik bertimbun-timbun, Air yang mengalir menjadi seperti dinding, menjadi padat di jantung laut.”","Oleh napas hidung-Mu air naik bertimbun-timbun. Aliran air berdiri seperti suatu bendungan, sedang air yang dalam membeku di tengah-tengah laut.",
Keluaran,15,9,Keluaran 15:9,قَالَ ٱلْعَدُوُّ: أَتْبَعُ، أُدْرِكُ، أُقَسِّمُ غَنِيمَةً. تَمْتَلِئُ مِنْهُمْ نَفْسِي. أُجَرِّدُ سَيْفِي. تُفْنِيهِمْ يَدِي.,"“Musuh berkata, ‘Aku akan mengejar, aku akan menyusul, aku akan membagi-bagi jarahan, nafsuku akan terpuaskan atas mereka, aku akan menghunus pedangku, tanganku akan menghancurkan mereka.’","Kata musuh, ‘Aku mau mengejar, aku mau menyusul, aku mau membagi-bagi jarahan. Nafsuku akan kupuaskan atas mereka dan aku mau menghunus pedangku. Tanganku akan membinasakan mereka!’",
Keluaran,15,10,Keluaran 15:10,نَفَخْتَ بِرِيحِكَ فَغَطَّاهُمُ ٱلْبَحْرُ. غَاصُوا كَٱلرَّصَاصِ فِي مِيَاهٍ غَامِرَةٍ.,"Engkau meniup mereka dengan angin-MU, maka laut meliputi mereka. Mereka tenggelam bagaikan timah ke dalam air yang kuat.”","Engkau meniup dengan angin-Mu, dan laut pun meliputi mereka. Mereka tenggelam seperti timah dalam air yang besar.",
Keluaran,15,11,Keluaran 15:11,مَنْ مِثْلُكَ بَيْنَ ٱلْآلِهَةِ يَا رَبُّ؟ مَنْ مِثْلُكَ مُعْتَزًّا فِي ٱلْقَدَاسَةِ، مَخُوفًا بِٱلتَّسَابِيحِ، صَانِعًا عَجَائِبَ؟,"“Siapakah yang seperti Engkau, ya TUHAN, di antara para ilah? Siapakah yang seperti Engkau agung dalam kekudusan, mengagumkan dalam kemuliaan, yang mengerjakan keajaiban-keajaiban?","Siapakah seperti Engkau di antara para ilah, ya ALLAH? Siapakah seperti Engkau, mulia dalam kesucian, dahsyat puji-pujian-Nya, wahai Engkau pembuat keajaiban?",
Keluaran,15,12,Keluaran 15:12,تَمُدُّ يَمِينَكَ فَتَبْتَلِعُهُمُ ٱلْأَرْضُ.,"Engkau mengulurkan tangan kanan-Mu, dan bumi menelan mereka.",Engkau mengulurkan tangan-Mu maka bumi pun menelan mereka.,
Keluaran,15,13,Keluaran 15:13,تُرْشِدُ بِرَأْفَتِكَ ٱلشَّعْبَ ٱلَّذِي فَدَيْتَهُ. تَهْدِيهِ بِقُوَّتِكَ إِلَى مَسْكَنِ قُدْسِكَ.,"Dalam kebaikan-Mu, Engkau telah memimpin umat yang telah Engkau tebus. Dalam kekuatan-MU, Engkau telah membimbing mereka ke kediaman-Mu yang kudus.”",Dengan kasih abadi-Mu Engkau memimpin umat yang telah Kautebus. Dengan kekuatan-Mu Engkau membimbingnya ke tempat kediaman-Mu yang suci.,
Keluaran,15,14,Keluaran 15:14,يَسْمَعُ ٱلشُّعُوبُ فَيَرْتَعِدُونَ. تَأْخُذُ ٱلرَّعْدَةُ سُكَّانَ فِلِسْطِينَ.,“Bangsa-bangsa akan mendengar dan akan gemetar. Kegentaran akan mencekam penduduk Filistin.,"Bangsa-bangsa mendengarnya dan gemetar, rasa sakit bagai perempuan bersalin mencekam penduduk Tanah Filistin.",
Keluaran,15,15,Keluaran 15:15,حِينَئِذٍ يَنْدَهِشُ أُمَرَاءُ أَدُومَ. أَقْوِيَاءُ مُوآبَ تَأْخُذُهُمُ ٱلرَّجْفَةُ. يَذُوبُ جَمِيعُ سُكَّانِ كَنْعَانَ.,"Para pemimpin Edom akan cemas, para pemimpin Moab dicekam kegentaran, seluruh penduduk Kanaan tak berdaya.","Pada waktu itu para kepala kaum Edom terguncang, kegentaran mencekam orang-orang yang berkuasa di Moab, seluruh penduduk Kanaan cemas.",
Keluaran,15,16,Keluaran 15:16,تَقَعُ عَلَيْهِمِ ٱلْهَيْبَةُ وَٱلرُّعْبُ. بِعَظَمَةِ ذِرَاعِكَ يَصْمُتُونَ كَٱلْحَجَرِ حَتَّى يَعْبُرَ شَعْبُكَ يَا رَبُّ. حَتَّى يَعْبُرَ ٱلشَّعْبُ ٱلَّذِي ٱقْتَنَيْتَهُ.,"Kengerian dan ketakutan menimpa mereka. Oleh kedahsyatan tangan-Mu, mereka tidak dapat bergerak seperti batu, sampai umat-Mu menyeberang, ya TUHAN, sampai umat yang telah Engkau dapatkan itu menyeberang.","Kengerian dan ketakutan melanda mereka. Karena kebesaran kuasa-Mu, mereka bungkam seperti batu, sampai umat-Mu menyeberang, ya ALLAH, sampai umat yang Kauperoleh itu menyeberang.",
Keluaran,15,17,Keluaran 15:17,تَجِيءُ بِهِمْ وَتَغْرِسُهُمْ فِي جَبَلِ مِيرَاثِكَ، ٱلْمَكَانِ ٱلَّذِي صَنَعْتَهُ يَا رَبُّ لِسَكَنِكَ ٱلْمَقْدِسِ ٱلَّذِي هَيَّأَتْهُ يَدَاكَ يَا رَبُّ.,"Engkau akan membawa mereka dan menanam mereka di gunung milik pusaka-MU, di tempat yang telah Kaujadikan tempat kediaman-MU, ya TUHAN, di tempat kudus yang telah didirikan oleh tangan-MU, ya TUHAN.","Engkau akan membawa mereka masuk dan menanam mereka di gunung pusaka-Mu, di tempat yang telah Kaujadikan sebagai tempat tinggal-Mu, ya ALLAH, di tempat suci yang telah didirikan oleh tangan-Mu, ya Tuhan.",
Keluaran,15,18,Keluaran 15:18,ٱلرَّبُّ يَمْلِكُ إِلَى ٱلدَّهْرِ وَٱلْأَبَدِ».,TUHAN akan memerintah kekal selama-lamanya!”,ALLAH bertakhta untuk seterusnya dan selama-lamanya.”,
Keluaran,15,19,Keluaran 15:19,فَإِنَّ خَيْلَ فِرْعَوْنَ دَخَلَتْ بِمَرْكَبَاتِهِ وَفُرْسَانِهِ إِلَى ٱلْبَحْرِ، وَرَدَّ ٱلرَّبُّ عَلَيْهِمْ مَاءَ ٱلْبَحْرِ. وَأَمَّا بَنُو إِسْرَائِيلَ فَمَشَوْا عَلَى ٱلْيَابِسَةِ فِي وَسَطِ ٱلْبَحْرِ.,"Sebab, kuda-kuda Firaun beserta kereta-keretanya dan pasukan berkudanya masuk ke dalam laut dan TUHAN mengembalikan lagi air laut ke atas mereka. Namun, keturunan Israel berjalan di tanah yang kering di tengah-tengah laut.","Ketika kuda-kuda Firaun, kereta-keretanya, dan pasukan berkudanya telah masuk ke laut, ALLAH membalikkan air laut ke atas mereka. Sedangkan bani Israil berjalan di tanah yang kering di tengah-tengah laut itu.",
Keluaran,15,20,Keluaran 15:20,فَأَخَذَتْ مَرْيَمُ ٱلنَّبِيَّةُ أُخْتُ هَارُونَ ٱلدُّفَّ بِيَدِهَا، وَخَرَجَتْ جَمِيعُ ٱلنِّسَاءِ وَرَاءَهَا بِدُفُوفٍ وَرَقْصٍ.,"Kemudian Miryam, sang nabiah, adik Harun, memegang rebana di tangannya, dan semua perempuan keluar mengikutinya dengan rebana dan tari-tarian.","Kemudian, Miryam, seorang nabiah yang juga saudara Harun, mengambil rebana, lalu semua perempuan keluar mengikutinya sambil memukul rebana dan menari-nari.",
Keluaran,15,21,Keluaran 15:21,وَأَجَابَتْهُمْ مَرْيَمُ: «رَنِّمُوا لِلرَّبِّ فَإِنَّهُ قَدْ تَعَظَّمَ. ٱلْفَرَسَ وَرَاكِبَهُ طَرَحَهُمَا فِي ٱلْبَحْرِ».,"Miryam menyahut mereka, “Bernyanyilah bagi TUHAN! Sebab, Dia ditinggikan mulia. Kuda dan penunggangnya telah dicampakkan-Nya ke dalam laut.”","Miryam menyanyi berbalas-balasan dengan mereka, “Menyanyilah bagi ALLAH karena Ia tinggi mulia, kuda dan penunggangnya dicampakkan-Nya ke dalam laut.”",
Keluaran,15,22,Keluaran 15:22,ثُمَّ ٱرْتَحَلَ مُوسَى بِإِسْرَائِيلَ مِنْ بَحْرِ سُوفَ وَخَرَجُوا إِلَى بَرِّيَّةِ شُورٍ. فَسَارُوا ثَلَاثَةَ أَيَّامٍ فِي ٱلْبَرِّيَّةِ وَلَمْ يَجِدُوا مَاءً.,"Kemudian, Musa membawa Israel dari Laut Teberau dan mereka pergi ke Padang Belantara Syur. Mereka berjalan selama 3 hari di padang belantara dan tidak menemukan air.","Setelah itu, Musa memimpin orang Israil berangkat dari Laut Merah, lalu mereka memasuki Padang Belantara Syur. Tiga hari lamanya mereka berjalan di padang belantara itu tanpa mendapat air.",
Keluaran,15,23,Keluaran 15:23,فَجَاءُوا إِلَى مَارَّةَ، وَلَمْ يَقْدِرُوا أَنْ يَشْرَبُوا مَاءً مِنْ مَارَّةَ لِأَنَّهُ مُرٌّ. لِذَلِكَ دُعِيَ ٱسْمُهَا «مَارَّةَ».,"Ketika mereka tiba di Mara, mereka tidak dapat minum air di Mara itu karena rasanya pahit. Itulah sebabnya, tempat itu disebut Mara.","Kemudian, sampailah mereka di Mara, tetapi air di Mara tidak dapat mereka minum karena pahit rasanya. Itulah sebabnya, tempat itu dinamai Mara.",
Keluaran,15,24,Keluaran 15:24,فَتَذَمَّرَ ٱلشَّعْبُ عَلَى مُوسَى قَائِلِينَ: «مَاذَا نَشْرَبُ؟»,"Jadi, bangsa itu bersungut-sungut kepada Musa dan berkata, “Apa yang akan kita minum?”","Maka, bersungut-sungutlah bangsa itu kepada Musa. Kata mereka, “Apa yang akan kami minum?”",
Keluaran,15,25,Keluaran 15:25,فَصَرَخَ إِلَى ٱلرَّبِّ. فَأَرَاهُ ٱلرَّبُّ شَجَرَةً فَطَرَحَهَا فِي ٱلْمَاءِ فَصَارَ ٱلْمَاءُ عَذْبًا. هُنَاكَ وَضَعَ لَهُ فَرِيضَةً وَحُكْمًا، وَهُنَاكَ ٱمْتَحَنَهُ.,"Dia pun berseru kepada TUHAN dan TUHAN menunjukkan sepotong kayu kepadanya, dan ketika dia melemparkannya ke air, air itu menjadi manis. Di sana TUHAN membuat ketetapan dan peraturan bagi mereka, dan di sana Dia menguji mereka,","Musa berseru kepada ALLAH, lalu ALLAH menunjukkan kepadanya sepotong kayu. Musa melemparkan kayu itu ke dalam air, lalu air itu menjadi manis. Di sanalah ALLAH memberikan ketetapan dan peraturan kepada mereka dan di sanalah Ia menguji mereka.",
Keluaran,15,26,Keluaran 15:26,فَقَالَ: «إِنْ كُنْتَ تَسْمَعُ لِصَوْتِ ٱلرَّبِّ إِلَهِكَ، وَتَصْنَعُ ٱلْحَقَّ فِي عَيْنَيْهِ، وَتَصْغَى إِلَى وَصَايَاهُ وَتَحْفَظُ جَمِيعَ فَرَائِضِهِ، فَمَرَضًا مَا مِمَّا وَضَعْتُهُ عَلَى ٱلْمِصْرِيِّينَ لَا أَضَعُ عَلَيْكَ. فَإِنِّي أَنَا ٱلرَّبُّ شَافِيكَ».,"dan berfirman, “Jika kamu sungguh-sungguh mendengarkan suara TUHAN, Allahmu, melakukan yang benar dalam pandangan-Nya, memberikan telinga terhadap perintah-perintah-Nya, dan memelihara semua ketetapan-Nya, Aku tidak akan menimpakan satu pun penyakit yang telah Kutimpakan atas orang Mesir, sebab Akulah TUHAN yang menyembuhkanmu.”","Firman-Nya, “Jika kamu sungguh-sungguh mematuhi ALLAH, Tuhanmu, melakukan apa yang benar dalam pandangan-Nya, memperhatikan perintah-perintah-Nya, dan memegang teguh segala ketetapan-Nya, maka Aku tidak akan menimpakan atasmu penyakit mana pun yang telah Kutimpakan atas orang Mesir karena Akulah ALLAH, yang menyembuhkan engkau.”",
Keluaran,15,27,Keluaran 15:27,ثُمَّ جَاءُوا إِلَى إِيلِيمَ وَهُنَاكَ ٱثْنَتَا عَشْرَةَ عَيْنَ مَاءٍ وَسَبْعُونَ نَخْلَةً. فَنَزَلُوا هُنَاكَ عِنْدَ ٱلْمَاءِ.,"Kemudian, mereka tiba di Elim. Di sana ada dua belas mata air dan tujuh puluh pohon kurma. Mereka berkemah di sana, di dekat air itu.","Kemudian, sampailah mereka di Elim. Di sana ada dua belas mata air dan tujuh puluh pohon kurma. Mereka pun berkemah di sana, di dekat air itu.",
Keluaran,16,1,Keluaran 16:1,ثُمَّ ٱرْتَحَلُوا مِنْ إِيلِيمَ. وَأَتَى كُلُّ جَمَاعَةِ بَنِي إِسْرَائِيلَ إِلَى بَرِّيَّةِ سِينٍ، ٱلَّتِي بَيْنَ إِيلِيمَ وَسِينَاءَ فِي ٱلْيَوْمِ ٱلْخَامِسَ عَشَرَ مِنَ ٱلشَّهْرِ ٱلثَّانِي بَعْدَ خُرُوجِهِمْ مِنْ أَرْضِ مِصْرَ.,"Kemudian mereka melakukan perjalanan dari Elim, dan seluruh jemaat keturunan Israel itu tiba di Padang Belantara Sin, yang terletak di antara Elim dan Sinai, pada hari kelima belas, bulan kedua, sejak mereka keluar dari tanah Mesir.","Seluruh jemaah bani Israil berangkat dari Elim, lalu sampailah mereka di Padang Belantara Sin yang terletak di antara Elim dan Gunung Sinai, tepat pada hari kelima belas dalam bulan kedua sejak mereka keluar dari Tanah Mesir.",
Keluaran,16,2,Keluaran 16:2,فَتَذَمَّرَ كُلُّ جَمَاعَةِ بَنِي إِسْرَائِيلَ عَلَى مُوسَى وَهَارُونَ فِي ٱلْبَرِّيَّةِ.,"Seluruh jemaat keturunan Israel itu bersungut-sungut lagi kepada Musa dan Harun di padang belantara itu,","Akan tetapi, seluruh jemaah bani Israil bersungut-sungut kepada Musa dan Harun di padang belantara itu.",
Keluaran,16,3,Keluaran 16:3,وَقَالَ لَهُمَا بَنُو إِسْرَائِيلَ: «لَيْتَنَا مُتْنَا بِيَدِ ٱلرَّبِّ فِي أَرْضِ مِصْرَ، إِذْ كُنَّا جَالِسِينَ عِنْدَ قُدُورِ ٱللَّحْمِ نَأْكُلُ خُبْزًا لِلشَّبَعِ. فَإِنَّكُمَا أَخْرَجْتُمَانَا إِلَى هَذَا ٱلْقَفْرِ لِكَيْ تُمِيتَا كُلَّ هَذَا ٱلْجُمْهُورِ بِٱلْجُوعِ».,"lalu keturunan Israel itu berkata kepada mereka, “Seharusnya kami ini mati di tangan TUHAN di tanah Mesir ketika kami duduk di dekat kuali berisi daging dan ketika kami makan roti sampai kenyang. Namun, kamu telah membawa kami ke padang belantara ini untuk membunuh seluruh jemaat ini dengan kelaparan.”","Kata bani Israil kepada mereka, “Ah, kalau saja dahulu kami mati oleh tangan ALLAH di Tanah Mesir ketika kami duduk menghadapi kuali berisi daging dan makan roti sampai kenyang! Sebab kamu membawa kami keluar ke padang belantara ini untuk membunuh seluruh jemaah ini dengan kelaparan.”",
Keluaran,16,4,Keluaran 16:4,فَقَالَ ٱلرَّبُّ لِمُوسَى: «هَا أَنَا أُمْطِرُ لَكُمْ خُبْزًا مِنَ ٱلسَّمَاءِ. فَيَخْرُجُ ٱلشَّعْبُ وَيَلْتَقِطُونَ حَاجَةَ ٱلْيَوْمِ بِيَوْمِهَا. لِكَيْ أَمْتَحِنَهُمْ، أَيَسْلُكُونَ فِي نَامُوسِي أَمْ لَا.,"Kemudian, TUHAN berkata kepada Musa, “Lihat, Aku akan menghujanimu dengan roti dari langit, dan umat itu akan keluar dan mengumpulkannya sebanyak yang diperlukan setiap hari agar Aku dapat menguji mereka, apakah mereka akan berjalan menurut hukum-Ku atau tidak.","Kemudian, berfirmanlah ALLAH kepada Musa, “Sesungguhnya, Aku akan menghujani kamu dengan roti dari langit. Tiap-tiap hari bangsa itu harus keluar untuk memungut keperluan satu hari secukupnya. Dengan demikian, Aku dapat menguji mereka apakah mereka mau hidup menurut hukum-Ku atau tidak.",
Keluaran,16,5,Keluaran 16:5,وَيَكُونُ فِي ٱلْيَوْمِ ٱلسَّادِسِ أَنَّهُمْ يُهَيِّئُونَ مَا يَجِيئُونَ بِهِ فَيَكُونُ ضِعْفَ مَا يَلْتَقِطُونَهُ يَوْمًا فَيَوْمًا».,"Pada hari yang keenam, ketika mereka mengolah apa yang mereka bawa pulang, jumlahnya harus dua kali lipat dari yang mereka kumpulkan sehari-hari.”","Pada hari keenam mereka harus memungut dua kali lipat banyaknya daripada yang biasa mereka pungut sehari-hari, lalu memasak apa yang mereka bawa pulang.”",
Keluaran,16,6,Keluaran 16:6,فَقَالَ مُوسَى وَهَارُونُ لِجَمِيعِ بَنِي إِسْرَائِيلَ: «فِي ٱلْمَسَاءِ تَعْلَمُونَ أَنَّ ٱلرَّبَّ أَخْرَجَكُمْ مِنْ أَرْضِ مِصْرَ.,"Lalu, Musa dan Harun berkata kepada seluruh keturunan Israel, “Pada sore ini, kamu akan mengetahui bahwa TUHAN telah membawamu keluar dari tanah Mesir,","Musa dan Harun pun berkata kepada seluruh bani Israil, “Petang ini kamu akan tahu bahwa ALLAH sajalah yang sudah membawa kamu keluar dari Tanah Mesir,",
Keluaran,16,7,Keluaran 16:7,وَفِي ٱلصَّبَاحِ تَرَوْنَ مَجْدَ ٱلرَّبِّ لِٱسْتِمَاعِهِ تَذَمُّرَكُمْ عَلَى ٱلرَّبِّ. وَأَمَّا نَحْنُ فَمَاذَا حَتَّى تَتَذَمَّرُوا عَلَيْنَا؟».,"dan pada pagi hari, kamu akan melihat kemuliaan TUHAN karena Dia mendengar sungut-sungutmu terhadap TUHAN; dan siapakah kami ini sehingga kamu bersungut-sungut kepada kami?”","dan besok pagi kamu akan melihat kemuliaan ALLAH karena Ia telah mendengar sungut-sungutmu kepada ALLAH. Sebab, siapakah kami ini sehingga kamu bersungut-sungut kepada kami?”",
Keluaran,16,8,Keluaran 16:8,وَقَالَ مُوسَى: «ذَلِكَ بِأَنَّ ٱلرَّبَّ يُعْطِيكُمْ فِي ٱلْمَسَاءِ لَحْمًا لِتَأْكُلُوا، وَفِي ٱلصَّبَاحِ خُبْزًا لِتَشْبَعُوا، لِٱسْتِمَاعِ ٱلرَّبِّ تَذَمُّرَكُمُ ٱلَّذِي تَتَذَمَّرُونَ عَلَيْهِ. وَأَمَّا نَحْنُ فَمَاذَا؟ لَيْسَ عَلَيْنَا تَذَمُّرُكُمْ بَلْ عَلَى ٱلرَّبِّ».,"Musa berkata, “Hal ini akan terjadi ketika TUHAN memberimu daging untuk dimakan pada sore hari, dan roti pada pagi hari sampai kenyang; sebab TUHAN telah mendengar sungut-sungutmu yang kamu keluhkan kepada-Nya, dan apalah kami ini? Jadi, keluhanmu itu bukan kepada kami, melainkan kepada TUHAN.”","Kata Musa lagi, “ALLAH akan memberi kamu makan daging pada petang hari, dan roti pada pagi hari sampai kamu kenyang karena ALLAH telah mendengar sungut-sungut yang kamu tujukan kepada-Nya. Siapakah kami ini? Sesungguhnya, kamu tidak sedang bersungut-sungut kepada kami, melainkan kepada ALLAH.”",
Keluaran,16,9,Keluaran 16:9,وَقَالَ مُوسَى لِهَارُونَ: «قُلْ لِكُلِّ جَمَاعَةِ بَنِي إِسْرَائِيلَ: ٱقْتَرِبُوا إِلَى أَمَامِ ٱلرَّبِّ لِأَنَّهُ قَدْ سَمِعَ تَذَمُّرَكُمْ».,"Kemudian, Musa berkata kepada Harun, “Katakanlah kepada seluruh jemaat keturunan Israel, ‘Datanglah mendekat di hadapan TUHAN sebab Dia telah mendengar sungut-sungutmu.’”","Kemudian, Musa berkata kepada Harun, “Katakanlah kepada seluruh jemaah bani Israil, ‘Mari, mendekatlah ke hadirat ALLAH karena Ia telah mendengar sungut-sungutmu.’”",
Keluaran,16,10,Keluaran 16:10,فَحَدَثَ إِذْ كَانَ هَارُونُ يُكَلِّمُ كُلَّ جَمَاعَةِ بَنِي إِسْرَائِيلَ أَنَّهُمُ ٱلْتَفَتُوا نَحْوَ ٱلْبَرِّيَّةِ، وَإِذَا مَجْدُ ٱلرَّبِّ قَدْ ظَهَرَ فِي ٱلسَّحَابِ.,"Harun segera berbicara kepada seluruh jemaat keturunan Israel agar mereka menengok ke padang belantara, dan lihat, kemuliaan TUHAN tampak dalam awan.","Sementara Harun berbicara kepada seluruh jemaah bani Israil, mereka berpaling ke arah padang belantara. Tiba-tiba terlihatlah kemuliaan ALLAH dalam awan.",
Keluaran,16,11,Keluaran 16:11,فَكَلَّمَ ٱلرَّبُّ مُوسَى قَائِلًا:,"TUHAN berfirman kepada Musa,","Lalu, ALLAH berfirman kepada Musa,",
Keluaran,16,12,Keluaran 16:12,«سَمِعْتُ تَذَمُّرَ بَنِي إِسْرَائِيلَ. كَلِّمْهُمْ قَائِلًا: فِي ٱلْعَشِيَّةِ تَأْكُلُونَ لَحْمًا، وَفِي ٱلصَّبَاحِ تَشْبَعُونَ خُبْزًا، وَتَعْلَمُونَ أَنِّي أَنَا ٱلرَّبُّ إِلَهُكُمْ».,"“Aku telah mendengar keluhan umat Israel. Katakanlah kepada mereka, ‘Pada waktu senja, kamu akan makan daging, dan pada pagi hari kamu akan dikenyangkan dengan roti, dan kamu akan mengetahui bahwa Akulah TUHAN, Allahmu.’”","“Aku telah mendengar sungut-sungut bani Israil. Katakanlah kepada mereka demikian, ‘Pada waktu magrib kamu akan makan daging dan pada waktu pagi kamu akan kenyang dengan roti. Dengan begitu kamu akan tahu bahwa Akulah ALLAH, Tuhanmu.’”",
Keluaran,16,13,Keluaran 16:13,فَكَانَ فِي ٱلْمَسَاءِ أَنَّ ٱلسَّلْوَى صَعِدَتْ وَغَطَّتِ ٱلْمَحَلَّةَ. وَفِي ٱلصَّبَاحِ كَانَ سَقِيطُ ٱلنَّدَى حَوَالَيِ ٱلْمَحَلَّةِ.,"Lalu, terjadilah, pada sore hari itu, burung-buruh puyuh datang dan menutupi perkemahan; dan pada pagi hari, terdapat selapis embun di sekeliling perkemahan.","Pada petang hari datanglah burung-burung puyuh menutupi perkemahan, dan pada pagi hari terdapat embun di sekeliling perkemahan.",
Keluaran,16,14,Keluaran 16:14,وَلَمَّا ٱرْتَفَعَ سَقِيطُ ٱلنَّدَى إِذَا عَلَى وَجْهِ ٱلْبَرِّيَّةِ شَيْءٌ دَقِيقٌ مِثْلُ قُشُورٍ. دَقِيقٌ كَٱلْجَلِيدِ عَلَى ٱلْأَرْضِ.,"Ketika embun itu menguap, lihat, di permukaan padang belantara itu tampak sesuatu seperti serpihan yang halus, semacam embun beku di tanah.","Setelah embun itu menguap, tampaklah benda-benda seperti sisik di permukaan padang belantara, halus seperti embun beku di atas tanah.",
Keluaran,16,15,Keluaran 16:15,فَلَمَّا رَأَى بَنُو إِسْرَائِيلَ قَالُوا بَعْضُهُمْ لِبَعْضٍ: «مَنْ هُوَ؟» لِأَنَّهُمْ لَمْ يَعْرِفُوا مَا هُوَ. فَقَالَ لَهُمْ مُوسَى: «هُوَ ٱلْخُبْزُ ٱلَّذِي أَعْطَاكُمُ ٱلرَّبُّ لِتَأْكُلُوا.,"Ketika bangsa Israel melihatnya, mereka saling bertanya, “Apa ini?” sebab mereka tidak tahu itu apa. Lalu, Musa berkata kepada mereka, “Itulah roti yang diberikan TUHAN kepadamu sebagai makananmu.","Ketika bani Israil melihatnya, berkatalah mereka satu sama lain, “Apa ini?” karena mereka tidak tahu apa itu. Kata Musa kepada mereka, “Inilah roti yang dikaruniakan ALLAH kepadamu sebagai makanan.",
Keluaran,16,16,Keluaran 16:16,هَذَا هُوَ ٱلشَّيْءُ ٱلَّذِي أَمَرَ بِهِ ٱلرَّبُّ. اِلْتَقِطُوا مِنْهُ كُلُّ وَاحِدٍ عَلَى حَسَبِ أُكْلِهِ. عُمِرًا لِلرَّأْسِ عَلَى عَدَدِ نُفُوسِكُمْ تَأْخُذُونَ، كُلُّ وَاحِدٍ لِلَّذِينَ فِي خَيْمَتِهِ».,"Inilah perintah TUHAN, ‘Kumpulkanlah itu, masing-masing sesuai dengan yang dapat dimakannya, yaitu segomer untuk setiap orang, berdasarkan jumlah jiwa yang ada dalam tendanya.’”","Beginilah perintah ALLAH, ‘Pungutlah itu, masing-masing sebanyak yang dapat kamu makan. Ambillah segomer untuk tiap kepala sesuai dengan jumlah jiwa yang ada dalam kemah masing-masing.’”",
Keluaran,16,17,Keluaran 16:17,فَفَعَلَ بَنُو إِسْرَائِيلَ هَكَذَا، وَٱلْتَقَطُوا بَيْنَ مُكَثِّرٍ وَمُقَلِّلٍ.,"Bangsa Israel melaksanakannya dan mengumpulkannya, ada yang banyak, ada yang sedikit.","Demikianlah dilakukan bani Israil. Masing-masing memungutnya, ada yang banyak, ada yang sedikit.",
Keluaran,16,18,Keluaran 16:18,وَلَمَّا كَالُوا بِٱلْعُمِرِ، لَمْ يُفْضِلِ ٱلْمُكَثِّرُ وَٱلْمُقَلِّلُ لَمْ يُنْقِصْ. كَانُوا قَدِ ٱلْتَقَطُوا كُلُّ وَاحِدٍ عَلَى حَسَبِ أُكْلِهِ.,"Ketika mereka menakarnya dengan gomer, yang mengumpulkan banyak tidak kelebihan dan yang mengumpulkan sedikit tidak kekurangan. Masing-masing orang mengumpulkannya sebanyak yang dapat mereka makan.","Ketika mereka menakarnya dengan gomer, ternyata orang yang memungut banyak tidak kelebihan, dan orang yang memungut sedikit tidak kekurangan. Masing-masing memungut sebanyak yang dapat dimakannya.",
Keluaran,16,19,Keluaran 16:19,وَقَالَ لَهُمْ مُوسَى: «لَا يُبْقِ أَحَدٌ مِنْهُ إِلَى ٱلصَّبَاحِ».,"Musa berkata kepada mereka, “Jangan ada seorang pun yang menyisakannya sampai pagi.”","Kata Musa kepada mereka, “Tidak seorang pun boleh meninggalkan sisa sampai pagi.”",
Keluaran,16,20,Keluaran 16:20,لَكِنَّهُمْ لَمْ يَسْمَعُوا لِمُوسَى، بَلْ أَبْقَى مِنْهُ أُنَاسٌ إِلَى ٱلصَّبَاحِ، فَتَوَلَّدَ فِيهِ دُودٌ وَأَنْتَنَ. فَسَخَطَ عَلَيْهِمْ مُوسَى.,"Namun, mereka tidak mendengarkan Musa dan beberapa menyisakannya sampai pagi. Lalu, roti itu pun berulat dan berbau busuk. Musa pun marah kepada mereka.","Tetapi, ada beberapa orang yang tidak mendengarkan Musa. Mereka meninggalkan sisa sampai pagi hari, lalu sisa itu berulat dan berbau busuk. Maka, marahlah Musa kepada mereka.",
Keluaran,16,21,Keluaran 16:21,وَكَانُوا يَلْتَقِطُونَهُ صَبَاحًا فَصَبَاحًا كُلُّ وَاحِدٍ عَلَى حَسَبِ أُكْلِهِ. وَإِذَا حَمِيَتِ ٱلشَّمْسُ كَانَ يَذُوبُ.,"Mereka mengumpulkannya setiap pagi, setiap orang berdasarkan kebutuhannya, dan ketika matahari menjadi terik, dia meleleh.","Pagi demi pagi mereka memungutnya, masing-masing sebanyak yang dapat mereka makan. Tetapi, begitu ada panas matahari, mencairlah itu.",
Keluaran,16,22,Keluaran 16:22,ثُمَّ كَانَ فِي ٱلْيَوْمِ ٱلسَّادِسِ أَنَّهُمُ ٱلْتَقَطُوا خُبْزًا مُضَاعَفًا، عُمِرَيْنِ لِلْوَاحِدِ. فَجَاءَ كُلُّ رُؤَسَاءِ ٱلْجَمَاعَةِ وَأَخْبَرُوا مُوسَى.,"Pada hari keenam, mereka mengumpulkan makanan sebanyak dua kali lipat, yaitu 2 gomer untuk setiap orang. Semua pemimpin umat datang dan menceritakannya kepada Musa.","Pada hari keenam mereka memungut roti itu dua kali lipat banyaknya, dua gomer untuk setiap orang. Kemudian, datanglah semua pemimpin jemaah memberitahu Musa.",
Keluaran,16,23,Keluaran 16:23,فَقَالَ لَهُمْ: «هَذَا مَا قَالَ ٱلرَّبُّ: غَدًا عُطْلَةٌ، سَبْتٌ مُقَدَّسٌ لِلرَّبِّ. ٱخْبِزُوا مَا تَخْبِزُونَ وَٱطْبُخُوا مَا تَطْبُخُونَ. وَكُلُّ مَا فَضِلَ ضَعُوهُ عِنْدَكُمْ لِيُحْفَظَ إِلَى ٱلْغَدِ».,"Musa berkata kepada mereka, “Inilah perintah TUHAN, ‘Besok adalah peristirahatan, Sabat kudus bagi TUHAN. Pangganglah apa yang akan kamu panggang untuk hari ini, dan rebuslah apa yang akan kamu rebus. Lalu, sisihkanlah semua yang tersisa untuk kamu simpan sampai pagi.’”","Kata Musa kepada mereka, “Inilah yang telah difirmankan ALLAH, ‘Besok adalah hari istirahat penuh, Sabat yang suci bagi ALLAH, sebab itu bakarlah apa yang perlu kamu bakar dan rebuslah apa yang perlu kamu rebus. Selebihnya taruhlah dan simpanlah sampai pagi.’”",
Keluaran,16,24,Keluaran 16:24,فَوَضَعُوهُ إِلَى ٱلْغَدِ كَمَا أَمَرَ مُوسَى، فَلَمْ يُنْتِنْ وَلَا صَارَ فِيهِ دُودٌ.,"Mereka menyisihkannya sampai pagi sebagaimana perintah Musa, dan roti itu tidak berbau busuk maupun berulat.","Mereka menaruhnya sampai pagi sesuai dengan perintah Musa, tetapi roti itu tidak berbau busuk dan tidak berulat di dalamnya.",
Keluaran,16,25,Keluaran 16:25,فَقَالَ مُوسَى: «كُلُوهُ ٱلْيَوْمَ، لِأَنَّ لِلرَّبِّ ٱلْيَوْمَ سَبْتًا. ٱلْيَوْمَ لَا تَجِدُونَهُ فِي ٱلْحَقْلِ.,"Musa berkata, “Makanlah itu untuk hari ini sebab hari ini adalah Sabat bagi TUHAN. Pada hari ini, kamu tidak akan menemukannya di padang.","Kata Musa, “Makanlah itu pada hari ini karena hari ini adalah hari Sabat bagi ALLAH, dan kamu tidak akan mendapatinya di padang.",
Keluaran,16,26,Keluaran 16:26,سِتَّةَ أَيَّامٍ تَلْتَقِطُونَهُ، وَأَمَّا ٱلْيَوْمُ ٱلسَّابِعُ فَفِيهِ سَبْتٌ، لَا يُوجَدُ فِيهِ».,"Selama enam hari kamu akan mengumpulkannya, tetapi pada hari yang ketujuh, yaitu Sabat, tidak akan ada satu pun.”","Selama enam hari kamu harus memungutnya, tetapi pada hari ketujuh, yaitu hari Sabat, roti itu tidak akan ada.”",
Keluaran,16,27,Keluaran 16:27,وَحَدَثَ فِي ٱلْيَوْمِ ٱلسَّابِعِ أَنَّ بَعْضَ ٱلشَّعْبِ خَرَجُوا لِيَلْتَقِطُوا فَلَمْ يَجِدُوا.,"Pada hari yang ketujuh, beberapa dari bangsa itu keluar untuk mengumpulkan roti itu, tetapi mereka tidak menemukan apa-apa.","Pada hari ketujuh, beberapa orang dari bangsa itu keluar untuk memungutnya, tetapi mereka tidak mendapatinya.",
Keluaran,16,28,Keluaran 16:28,فَقَالَ ٱلرَّبُّ لِمُوسَى: «إِلَى مَتَى تَأْبَوْنَ أَنْ تَحْفَظُوا وَصَايَايَ وَشَرَائِعِي؟,"TUHAN berkata kepada Musa, “Berapa lama lagi kalian menolak untuk memelihara perintah-Ku dan hukum-hukum-Ku?","Lalu, berfirmanlah ALLAH dengan perantaraan Musa, “Berapa lama lagi kamu menolak untuk memegang teguh perintah-Ku dan hukum-Ku?",
Keluaran,16,29,Keluaran 16:29,اُنْظُرُوا! إِنَّ ٱلرَّبَّ أَعْطَاكُمُ ٱلسَّبْتَ. لِذَلِكَ هُوَ يُعْطِيكُمْ فِي ٱلْيَوْمِ ٱلسَّادِسِ خُبْزَ يَوْمَيْنِ. ٱجْلِسُوا كُلُّ وَاحِدٍ فِي مَكَانِهِ. لَا يَخْرُجْ أَحَدٌ مِنْ مَكَانِهِ فِي ٱلْيَوْمِ ٱلسَّابِعِ».,"Lihat! TUHAN telah memberikan Sabat bagimu. Karena itu, pada hari yang keenam, Dia memberikan roti untuk dua hari kepadamu. Kamu harus tinggal di tempatmu masing-masing, tidak seorang pun boleh keluar dari tempatnya pada hari ketujuh.”","Ingatlah bahwa ALLAH telah mengaruniakan kepadamu hari Sabat. Sebab itu, pada hari keenam Ia memberikan kepadamu roti untuk dua hari. Pada hari ketujuh masing-masing harus tinggal di tempatnya, tidak seorang pun boleh keluar dari tempatnya.”",
Keluaran,16,30,Keluaran 16:30,فَٱسْتَرَاحَ ٱلشَّعْبُ فِي ٱلْيَوْمِ ٱلسَّابِعِ.,Demikianlah bangsa itu beristirahat pada hari ketujuh.,Demikianlah bangsa itu beristirahat pada hari ketujuh.,
Keluaran,16,31,Keluaran 16:31,وَدَعَا بَيْتُ إِسْرَائِيلَ ٱسْمَهُ «مَنًّا». وَهُوَ كَبِزْرِ ٱلْكُزْبَرَةِ، أَبْيَضُ، وَطَعْمُهُ كَرِقَاقٍ بِعَسَلٍ.,"Orang Israel menyebut namanya manna. Ia seperti biji ketumbar, putih, dan rasanya seperti kue dengan madu.","Kaum keturunan Israil menamai roti itu manna. Besarnya seperti ketumbar, warnanya putih, dan rasanya seperti kue bercampur madu.",
Keluaran,16,32,Keluaran 16:32,وَقَالَ مُوسَى: «هَذَا هُوَ ٱلشَّيْءُ ٱلَّذِي أَمَرَ بِهِ ٱلرَّبُّ. مِلْءُ ٱلْعُمِرِ مِنْهُ يَكُونُ لِلْحِفْظِ فِي أَجْيَالِكُمْ. لِكَيْ يَرَوْا ٱلْخُبْزَ ٱلَّذِي أَطْعَمْتُكُمْ فِي ٱلْبَرِّيَّةِ حِينَ أَخْرَجْتُكُمْ مِنْ أَرْضِ مِصْرَ».,"Musa berkata, “Inilah perintah TUHAN: ‘Ambillah segomer penuh untuk disimpan bagi keturunanmu supaya mereka dapat melihat roti, yang dengannya, Aku memberimu makanan di padang belantara, ketika aku membawamu keluar dari Mesir.’”","Musa berkata, “Inilah yang diperintahkan ALLAH, ‘Ambillah segomer penuh untuk disimpan bagi keturunanmu supaya mereka dapat melihat roti yang Kuberikan kepadamu untuk dimakan di padang belantara, setelah Aku membawa kamu keluar dari Tanah Mesir.’”",
Keluaran,16,33,Keluaran 16:33,وَقَالَ مُوسَى لِهَارُونَ: «خُذْ قِسْطًا وَاحِدًا وَٱجْعَلْ فِيهِ مِلْءَ ٱلْعُمِرِ مَنًّا، وَضَعْهُ أَمَامَ ٱلرَّبِّ لِلْحِفْظِ فِي أَجْيَالِكُمْ».,"Musa berkata kepada Harun, “Ambillah sebuah buli-buli dan masukkan segomer manna ke dalamnya dan letakkanlah itu di hadapan TUHAN untuk disimpan bagi keturunanmu.”","Kemudian, Musa berkata kepada Harun, “Ambillah sebuah kendi, taruhlah manna di dalamnya segomer penuh, lalu letakkanlah di hadirat ALLAH untuk disimpan bagi keturunanmu.”",
Keluaran,16,34,Keluaran 16:34,كَمَا أَمَرَ ٱلرَّبُّ مُوسَى وَضَعَهُ هَارُونُ أَمَامَ ٱلشَّهَادَةِ لِلْحِفْظِ.,"Sebagaimana yang telah TUHAN perintahkan kepada Musa, demikianlah Harun meletakkannya di depan tabut kesaksian untuk disimpan.","Maka, seperti yang diperintahkan ALLAH kepada Musa, Harun pun menempatkan kendi itu di hadapan tabut loh hukum untuk disimpan.",
Keluaran,16,35,Keluaran 16:35,وَأَكَلَ بَنُو إِسْرَائِيلَ ٱلْمَنَّ أَرْبَعِينَ سَنَةً حَتَّى جَاءُوا إِلَى أَرْضٍ عَامِرَةٍ. أَكَلُوا ٱلْمَنَّ حَتَّى جَاءُوا إِلَى طَرَفِ أَرْضِ كَنْعَانَ.,"Bangsa Israel makan manna selama empat puluh tahun, sampai mereka tiba di tanah yang berpenghuni. Mereka makan manna sampai mereka tiba di perbatasan tanah Kanaan.",Empat puluh tahun lamanya bani Israil makan manna itu sampai mereka tiba di negeri yang berpenduduk. Mereka makan manna sampai tiba di perbatasan Tanah Kanaan.,
Keluaran,16,36,Keluaran 16:36,وَأَمَّا ٱلْعُمِرُ فَهُوَ عُشْرُ ٱلْإِيفَةِ.,Satu gomer adalah sepersepuluh efa.,Satu gomer adalah sepersepuluh efa.,
Keluaran,17,1,Keluaran 17:1,ثُمَّ ٱرْتَحَلَ كُلُّ جَمَاعَةِ بَنِي إِسْرَائِيلَ مِنْ بَرِّيَّةِ سِينٍ بِحَسَبِ مَرَاحِلِهِمْ عَلَى مُوجِبِ أَمْرِ ٱلرَّبِّ، وَنَزَلُوا فِي رَفِيدِيمَ. وَلَمْ يَكُنْ مَاءٌ لِيَشْرَبَ ٱلشَّعْبُ.,"Kemudian, seluruh jemaat keturunan Israel berjalan dari Padang Belantara Sin untuk menempuh tahap demi tahap perjalanan mereka, sebagaimana yang telah TUHAN perintahkan, dan berkemah di Rafidim, tetapi di sana tidak ada air untuk diminum oleh bangsa itu.","Kemudian, seluruh jemaah bani Israil berangkat dari Padang Belantara Sin untuk menempuh tahap demi tahap perjalanan mereka sesuai dengan firman ALLAH. Mereka berkemah di Rafidim, tetapi di sana tidak ada air untuk diminum oleh bangsa itu.",
Keluaran,17,2,Keluaran 17:2,فَخَاصَمَ ٱلشَّعْبُ مُوسَى وَقَالُوا: «أَعْطُونَا مَاءً لِنَشْرَبَ». فَقَالَ لَهُمْ مُوسَى: «لِمَاذَا تُخَاصِمُونَنِي؟ لِمَاذَا تُجَرِّبُونَ ٱلرَّبَّ؟»,"Karena itu, bangsa itu bertengkar dengan Musa dan berkata, “Berikan kami air supaya kami dapat minum!” Lalu, Musa berkata kepada mereka, “Mengapa kamu bertengkar denganku? Mengapa kamu mencobai TUHAN?”","Lalu, berbantahlah bangsa itu dengan Musa, kata mereka, “Berilah kami air supaya kami dapat minum.” Kata Musa kepada mereka, “Mengapa kamu berbantah dengan aku? Mengapa kamu mencobai ALLAH?”",
Keluaran,17,3,Keluaran 17:3,وَعَطِشَ هُنَاكَ ٱلشَّعْبُ إِلَى ٱلْمَاءِ، وَتَذَمَّرَ ٱلشَّعْبُ عَلَى مُوسَى وَقَالُوا: «لِمَاذَا أَصْعَدْتَنَا مِنْ مِصْرَ لِتُمِيتَنَا وَأَوْلَادَنَا وَمَوَاشِيَنَا بِٱلْعَطَشِ؟»,"Akan tetapi, bangsa itu haus akan air sehingga bangsa itu bersungut-sungut kepada Musa, katanya, “Mengapa engkau membawa kami keluar dari Mesir? Apakah untuk membunuh kami, anak-anak kami, dan ternak kami dengan dahaga?”","Tetapi, bangsa itu dahaga di sana dan ingin minum. Maka, bersungut-sungutlah bangsa itu kepada Musa dan berkata, “Mengapa engkau menuntun kami keluar dari Mesir? Untuk membunuh kami, anak-anak kami, dan ternak kami dengan dahaga?”",
Keluaran,17,4,Keluaran 17:4,فَصَرَخَ مُوسَى إِلَى ٱلرَّبِّ قَائِلًا: «مَاذَا أَفْعَلُ بِهَذَا ٱلشَّعْبِ؟ بَعْدَ قَلِيلٍ يَرْجُمُونَنِي».,"Musa pun berseru kepada TUHAN, katanya, “Apa yang harus aku lakukan terhadap bangsa ini? Mereka sudah siap untuk merajamku dengan batu.”","Maka, berserulah Musa kepada ALLAH, katanya, “Apa yang harus kulakukan terhadap bangsa ini? Sebentar lagi mereka akan merajam aku.”",
Keluaran,17,5,Keluaran 17:5,فَقَالَ ٱلرَّبُّ لِمُوسَى: «مُرَّ قُدَّامَ ٱلشَّعْبِ، وَخُذْ مَعَكَ مِنْ شُيُوخِ إِسْرَائِيلَ. وَعَصَاكَ ٱلَّتِي ضَرَبْتَ بِهَا ٱلنَّهْرَ خُذْهَا فِي يَدِكَ وَٱذْهَبْ.,"TUHAN pun menjawab Musa, “Berjalanlah di depan bangsa itu dan bawalah beberapa tua-tua Israel besertamu, juga tongkatmu yang kaupakai untuk memukul sungai, bawalah itu di tanganmu, lalu pergilah.","Firman ALLAH kepada Musa, “Berjalanlah di depan bangsa itu dan bawalah beberapa orang dari antara para tua-tua Israil. Bawalah di tanganmu tongkatmu yang kaupakai memukul Sungai Nil, lalu pergilah.",
Keluaran,17,6,Keluaran 17:6,هَا أَنَا أَقِفُ أَمَامَكَ هُنَاكَ عَلَى ٱلصَّخْرَةِ فِي حُورِيبَ، فَتَضْرِبُ ٱلصَّخْرَةَ فَيَخْرُجُ مِنْهَا مَاءٌ لِيَشْرَبَ ٱلشَّعْبُ». فَفَعَلَ مُوسَى هَكَذَا أَمَامَ عُيُونِ شُيُوخِ إِسْرَائِيلَ.,"Lihat, Aku akan berdiri di depanmu di atas batu itu, di Horeb, dan kamu akan memukul batu itu, lalu air akan menyembur dari situ sehingga bangsa itu dapat minum.” Lalu, Musa melaksanakan hal itu di depan mata para tua-tua Israel.","Aku akan hadir di hadapanmu di sana, yaitu di atas Gunung Batu Horeb. Pukullah gunung batu itu maka air akan keluar dari dalamnya sehingga bangsa itu dapat minum.” Lalu, Musa melaksanakan hal itu di depan mata para tua-tua Israil.",
Keluaran,17,7,Keluaran 17:7,وَدَعَا ٱسْمَ ٱلْمَوْضِعِ «مَسَّةَ وَمَرِيبَةَ» مِنْ أَجْلِ مُخَاصَمَةِ بَنِي إِسْرَائِيلَ، وَمِنْ أَجْلِ تَجْرِبَتِهِمْ لِلرَّبِّ قَائِلِينَ: «أَفِي وَسَطِنَا ٱلرَّبُّ أَمْ لَا؟».,"Kemudian, dia menamakan tempat itu Masa dan Meriba karena pertengkaran dengan keturunan Israel dan karena mereka mencobai TUHAN dengan berkata, “Apakah TUHAN ada di tengah-tengah kita atau tidak?”","Dinamainya tempat itu Masa dan Meriba karena di sana bani Israil berbantah-bantah dan mencobai ALLAH dengan berkata, “Hadirkah ALLAH di antara kita atau tidak?”",
Keluaran,17,8,Keluaran 17:8,وَأَتَى عَمَالِيقُ وَحَارَبَ إِسْرَائِيلَ فِي رَفِيدِيمَ.,"Kemudian, orang Amalek datang dan berperang dengan orang Israel di Rafidim.","Kemudian, datanglah orang Amalek dan berperang melawan orang Israil di Rafidim.",
Keluaran,17,9,Keluaran 17:9,فَقَالَ مُوسَى لِيَشُوعَ: «ٱنْتَخِبْ لَنَا رِجَالًا وَٱخْرُجْ حَارِبْ عَمَالِيقَ. وَغَدًا أَقِفُ أَنَا عَلَى رَأْسِ ٱلتَّلَّةِ وَعَصَا ٱللهِ فِي يَدِي».,"Musa pun berkata kepada Yosua, “Pilihlah beberapa orang bagi kita, lalu pergilah berperang melawan orang Amalek. Besok, aku akan berdiri di puncak bukit dengan tongkat Allah itu di tanganku.”","Kata Musa kepada Yusak, “Pilihlah bagi kita beberapa orang, lalu keluarlah berperang melawan orang Amalek. Besok aku akan berdiri di atas puncak bukit itu dengan tongkat Allah di tanganku.”",
Keluaran,17,10,Keluaran 17:10,فَفَعَلَ يَشُوعُ كَمَا قَالَ لَهُ مُوسَى لِيُحَارِبَ عَمَالِيقَ. وَأَمَّا مُوسَى وَهَارُونُ وَحُورُ فَصَعِدُوا عَلَى رَأْسِ ٱلتَّلَّةِ.,"Yosua melakukan seperti yang dikatakan Musa kepadanya dan berperang melawan orang Amalek. Sementara itu, Musa, Harun, dan Hur naik ke puncak bukit.","Yusak pun melaksanakan apa yang dikatakan Musa kepadanya dan memerangi orang Amalek. Sementara itu, Musa, Harun, dan Hur naik ke puncak bukit.",
Keluaran,17,11,Keluaran 17:11,وَكَانَ إِذَا رَفَعَ مُوسَى يَدَهُ أَنَّ إِسْرَائِيلَ يَغْلِبُ، وَإِذَا خَفَضَ يَدَهُ أَنَّ عَمَالِيقَ يَغْلِبُ.,"Setiap kali Musa mengangkat tangannya, Israel menjadi kuat, tetapi ketika dia menurunkan tangannya, Amalek menjadi kuat.","Lalu, inilah yang terjadi: Apabila Musa mengangkat tangannya, orang Israil menang, namun apabila ia menurunkan tangannya, orang Amalek menang.",
Keluaran,17,12,Keluaran 17:12,فَلَمَّا صَارَتْ يَدَا مُوسَى ثَقِيلَتَيْنِ، أَخَذَا حَجَرًا وَوَضَعَاهُ تَحْتَهُ فَجَلَسَ عَلَيْهِ. وَدَعَمَ هَارُونُ وَحُورُ يَدَيْهِ، ٱلْوَاحِدُ مِنْ هُنَا وَٱلْآخَرُ مِنْ هُنَاكَ. فَكَانَتْ يَدَاهُ ثَابِتَتَيْنِ إِلَى غُرُوبِ ٱلشَّمْسِ.,"Namun, tangan musa menjadi berat, lalu mereka mengambil batu dan meletakkannya di bawahnya sehingga Musa dapat duduk di situ. Kemudian, Harun dan Hur menopang tangannya, yang seorang di sisi yang satu, dan yang seorang di sisi yang lain agar tangan Musa tetap terangkat hingga matahari terbenam.","Akan tetapi, lama-kelamaan tangan Musa menjadi letih. Oleh sebab itu, mereka mengambil sebuah batu dan meletakkannya di dekat Musa supaya ia dapat duduk di atasnya. Kemudian, Harun dan Hur menopang tangan Musa, seorang di sisi yang satu, seorang di sisi yang lain, sehingga tangannya tetap terangkat sampai matahari terbenam.",
Keluaran,17,13,Keluaran 17:13,فَهَزَمَ يَشُوعُ عَمَالِيقَ وَقَوْمَهُ بِحَدِّ ٱلسَّيْفِ.,"Itulah sebabnya, Yosua mengalahkan Amalek dan rakyatnya dengan mata pedang.","Maka, Yusak melumpuhkan Amalek dan pasukannya dengan mata pedang.",
Keluaran,17,14,Keluaran 17:14,فَقَالَ ٱلرَّبُّ لِمُوسَى: «ٱكْتُبْ هَذَا تَذْكَارًا فِي ٱلْكِتَابِ، وَضَعْهُ فِي مَسَامِعِ يَشُوعَ. فَإِنِّي سَوْفَ أَمْحُو ذِكْرَ عَمَالِيقَ مِنْ تَحْتِ ٱلسَّمَاءِ».,"Kemudian, TUHAN berfirman kepada Musa, “Tulislah ini dalam sebuah kitab sebagai tanda peringatan dan taruhlah itu di telinga Yosua sebab Aku akan menghapuskan sama sekali ingatan akan Amalek dari bawah langit.”","ALLAH berfirman kepada Musa, “Tuliskanlah hal ini dalam sebuah kitab sebagai tanda pengingat, dan sampaikanlah kepada Yusak bahwa Aku akan menghapuskan sama sekali kenangan akan Amalek dari kolong langit.”",
Keluaran,17,15,Keluaran 17:15,فَبَنَى مُوسَى مَذْبَحًا وَدَعَا ٱسْمَهُ «يَهْوَهْ نِسِّي».,"Kemudian, Musa membangun sebuah mazbah dan menamakannya, “TUHAN adalah panji-panjiku,”","Musa pun membangun sebuah mazbah, yaitu tempat pembakaran kurban, dan menamainya “ALLAH itu Panji-panjiku”",
Keluaran,17,16,Keluaran 17:16,وَقَالَ: «إِنَّ ٱلْيَدَ عَلَى كُرْسِيِّ ٱلرَّبِّ. لِلرَّبِّ حَرْبٌ مَعَ عَمَالِيقَ مِنْ دَوْرٍ إِلَى دَوْرٍ».,"sebab katanya, “Tangan di atas panji-panji TUHAN! TUHAN akan berperang melawan Amalek turun-temurun.”","karena katanya, “Tangan terangkat ke arah takhta ALLAH, ALLAH berperang melawan Amalek turun-temurun.”",
Keluaran,18,1,Keluaran 18:1,فَسَمِعَ يَثْرُونُ كَاهِنُ مِدْيَانَ، حَمُو مُوسَى، كُلَّ مَا صَنَعَ ٱللهُ إِلَى مُوسَى وَإِلَى إِسْرَائِيلَ شَعْبِهِ: أَنَّ ٱلرَّبَّ أَخْرَجَ إِسْرَائِيلَ مِنْ مِصْرَ.,"Ketika Yitro, imam di Midian, ayah mertua Musa, mendengar segala yang telah Allah lakukan bagi Musa dan bagi Israel, umat-Nya, yaitu bahwa TUHAN telah membawa Israel keluar dari Mesir,","Syu’aib, imam di Midian, mertua Musa, mendengar semua yang dilakukan ALLAH terhadap Musa dan terhadap Israil, umat-Nya, yaitu bahwa ALLAH telah membawa orang Israil keluar dari Mesir.",
Keluaran,18,2,Keluaran 18:2,فَأَخَذَ يَثْرُونُ حَمُو مُوسَى صِفُّورَةَ ٱمْرَأَةَ مُوسَى بَعْدَ صَرْفِهَا,"maka Yitro, ayah mertua Musa itu, membawa Zipora, istri Musa, yang dahulu disuruhnya pulang,","Kemudian, Syu’aib, mertua Musa itu, membawa Zipora, istri Musa, yang sebelumnya disuruh Musa pulang,",
Keluaran,18,3,Keluaran 18:3,وَٱبْنَيْهَا، ٱللَّذَيْنِ ٱسْمُ أَحَدِهِمَا جِرْشُومُ، لِأَنَّهُ قَالَ: «كُنْتُ نَزِيلًا فِي أَرْضٍ غَرِيبَةٍ».,"beserta dua anak laki-lakinya. Yang seorang bernama Gersom, sebab kata Musa, “Aku telah menjadi pendatang di negeri asing,”","serta kedua anak laki-laki Zipora. Anak yang satu bernama Gersom karena kata Musa, “Aku telah menjadi pendatang di negeri asing,”",
Keluaran,18,4,Keluaran 18:4,وَٱسْمُ ٱلْآخَرِ أَلِيعَازَرُ، لِأَنَّهُ قَالَ: «إِلَهُ أَبِي كَانَ عَوْنِي وَأَنْقَذَنِي مِنْ سَيْفِ فِرْعَوْنَ».,"dan yang seorang bernama Eliezer, sebab katanya, “Allah ayahku adalah pertolonganku dan yang melepaskanku dari pedang Firaun.”","dan yang satu lagi bernama Eliezer karena katanya, “Tuhan yang disembah ayahku adalah penolongku. Ia telah menyelamatkan aku dari pedang Firaun.”",
Keluaran,18,5,Keluaran 18:5,وَأَتَى يَثْرُونُ حَمُو مُوسَى وَٱبْنَاهُ وَٱمْرَأَتُهُ إِلَى مُوسَى إِلَى ٱلْبَرِّيَّةِ حَيْثُ كَانَ نَازِلًا عِنْدَ جَبَلِ ٱللهِ.,"Yitro, ayah mertua Musa, datang kepada Musa beserta anak-anak laki-lakinya dan istrinya di padang belantara, tempat dia berkemah di gunung Allah.","Akhirnya sampailah Syu’aib mertua Musa beserta anak-anak dan istri Musa di padang belantara, tempat Musa berkemah dekat gunung ALLAH.",
Keluaran,18,6,Keluaran 18:6,فَقَالَ لِمُوسَى: «أَنَا حَمُوكَ يَثْرُونُ، آتٍ إِلَيْكَ وَٱمْرَأَتُكَ وَٱبْنَاهَا مَعَهَا».,"Dia mengirimkan pesan kepada Musa, “Aku Yitro, ayah mertuamu, datang kepadamu beserta istrimu dan dua anak laki-lakimu.”","Disuruhnya orang menyampaikan pesan kepada Musa, “Aku, mertuamu Syu’aib, datang mengunjungimu beserta istrimu dan kedua anaknya.”",
Keluaran,18,7,Keluaran 18:7,فَخَرَجَ مُوسَى لِٱسْتِقْبَالِ حَمِيهِ وَسَجَدَ وَقَبَّلَهُ. وَسَأَلَ كُلُّ وَاحِدٍ صَاحِبَهُ عَنْ سَلَامَتِهِ، ثُمَّ دَخَلَا إِلَى ٱلْخَيْمَةِ.,"Musa pun keluar untuk menemui ayah mertuanya, kemudian dia bersujud dan menciumnya, mereka saling menanyakan keadaan mereka, lalu mereka masuk ke tenda.","Lalu, keluarlah Musa menyongsong mertuanya. Ia sujud memberi hormat kepadanya dan menciumnya. Mereka menanyakan keadaan satu sama lain, lalu masuk ke dalam kemah.",
Keluaran,18,8,Keluaran 18:8,فَقَصَّ مُوسَى عَلَى حَمِيهِ كُلَّ مَا صَنَعَ ٱلرَّبُّ بِفِرْعَوْنَ وَٱلْمِصْرِيِّينَ مِنْ أَجْلِ إِسْرَائِيلَ، وَكُلَّ ٱلْمَشَقَّةِ ٱلَّتِي أَصَابَتْهُمْ فِي ٱلطَّرِيقِ فَخَلَّصَهُمُ ٱلرَّبُّ.,"Musa menceritakan kepada Yitro, ayah mertuanya, segala yang telah TUHAN lakukan terhadap Firaun demi Israel, dan segala kesukaran yang telah menimpa mereka dalam perjalanan, dan bagaimana TUHAN telah menyelamatkan mereka.","Musa menceritakan kepada mertuanya semua yang dilakukan ALLAH terhadap Firaun dan orang Mesir demi orang Israil, juga segala kesusahan yang mereka alami di perjalanan serta bagaimana ALLAH menyelamatkan mereka.",
Keluaran,18,9,Keluaran 18:9,فَفَرِحَ يَثْرُونُ بِجَمِيعِ ٱلْخَيْرِ ٱلَّذِي صَنَعَهُ إِلَى إِسْرَائِيلَ ٱلرَّبُّ، ٱلَّذِي أَنْقَذَهُ مِنْ أَيْدِي ٱلْمِصْرِيِّينَ.,"Yitro bersukacita atas segala kebaikan yang TUHAN lakukan terhadap Israel, yang telah Dia lepaskan dari tangan orang Mesir.","Maka, bersukacitalah Syu’aib mendengar segala kebaikan yang dilakukan ALLAH terhadap orang Israil dengan menyelamatkan mereka dari tangan orang Mesir.",
Keluaran,18,10,Keluaran 18:10,وَقَالَ يَثْرُونُ: «مُبَارَكٌ ٱلرَّبُّ ٱلَّذِي أَنْقَذَكُمْ مِنْ أَيْدِي ٱلْمِصْرِيِّينَ وَمِنْ يَدِ فِرْعَوْنَ. اَلَّذِي أَنْقَذَ ٱلشَّعْبَ مِنْ تَحْتِ أَيْدِي ٱلْمِصْرِيِّينَ.,"Yitro berkata, “Terpujilah TUHAN yang telah melepaskanmu dari tangan orang Mesir dan dari tangan Firaun, dan yang telah melepaskan bangsa ini dari bawah tangan orang Mesir.","Kata Syu’aib, “Segala puji bagi ALLAH yang telah menyelamatkan kamu dari tangan orang Mesir serta dari tangan Firaun, dan yang telah menyelamatkan bangsa ini dari tekanan tangan orang Mesir.",
Keluaran,18,11,Keluaran 18:11,ٱلْآنَ عَلِمْتُ أَنَّ ٱلرَّبَّ أَعْظَمُ مِنْ جَمِيعِ ٱلْآلِهَةِ، لِأَنَّهُ فِي ٱلشَّيْءِ ٱلَّذِي بَغَوْا بِهِ كَانَ عَلَيْهِمْ».,"Sekarang, aku tahu bahwa TUHAN lebih besar daripada semua ilah, sebab dalam hal ini, orang-orang itu telah bertindak angkuh terhadap mereka.”",Sekarang aku tahu bahwa ALLAH lebih besar daripada semua ilah karena hal ini dilakukan-Nya terhadap orang-orang yang bersikap angkuh terhadap Israil.”,
Keluaran,18,12,Keluaran 18:12,فَأَخَذَ يَثْرُونُ حَمُو مُوسَى مُحْرَقَةً وَذَبَائِحَ لِلهِ. وَجَاءَ هَارُونُ وَجَمِيعُ شُيُوخِ إِسْرَائِيلَ لِيَأْكُلُوا طَعَامًا مَعَ حَمِي مُوسَى أَمَامَ ٱللهِ.,"Yitro ayah mertua Musa, membawa persembahan bakaran dan kurban bagi Allah. Kemudian, Harun datang beserta semua tua-tua Israel untuk makan roti bersama dengan ayah mertua Musa di hadapan Allah.","Lalu, Syu’aib, mertua Musa, mempersembahkan kurban bakaran dan beberapa kurban sembelihan kepada Allah. Kemudian, Harun dan semua tua-tua Israil datang untuk makan roti dengan mertua Musa di hadirat Allah.",
Keluaran,18,13,Keluaran 18:13,وَحَدَثَ فِي ٱلْغَدِ أَنَّ مُوسَى جَلَسَ لِيَقْضِيَ لِلشَّعْبِ. فَوَقَفَ ٱلشَّعْبُ عِنْدَ مُوسَى مِنَ ٱلصَّبَاحِ إِلَى ٱلْمَسَاءِ.,"Pada hari berikutnya, Musa duduk untuk mengadili bangsa itu, dan bangsa itu berdiri di hadapan Musa dari pagi sampai sore.","Keesokan harinya, Musa duduk mengadili bangsa itu. Bangsa itu berdiri di hadapan Musa dari pagi sampai petang.",
Keluaran,18,14,Keluaran 18:14,فَلَمَّا رَأَى حَمُو مُوسَى كُلَّ مَا هُوَ صَانِعٌ لِلشَّعْبِ، قَالَ: «مَا هَذَا ٱلْأَمْرُ ٱلَّذِي أَنْتَ صَانِعٌ لِلشَّعْبِ؟ مَا بَالُكَ جَالِسًا وَحْدَكَ وَجَمِيعُ ٱلشَّعْبِ وَاقِفٌ عِنْدَكَ مِنَ ٱلصَّبَاحِ إِلَى ٱلْمَسَاءِ؟»,"Ketika ayah mertua Musa melihat semua yang dilakukannya terhadap bangsa itu, dia bertanya, “Apakah yang telah kamu lakukan terhadap bangsa ini? Mengapa kamu sendiri yang duduk sedangkan seluruh bangsa itu berdiri di hadapanmu dari pagi sampai sore?”","Ketika mertua Musa melihat semua yang dilakukan Musa terhadap bangsa itu, berkatalah ia, “Apa yang kaulakukan terhadap bangsa ini? Mengapa engkau sendiri saja yang duduk mengadili sementara seluruh bangsa itu berdiri di hadapanmu dari pagi sampai petang?”",
Keluaran,18,15,Keluaran 18:15,فَقَالَ مُوسَى لِحَمِيهِ: «إِنَّ ٱلشَّعْبَ يَأْتِي إِلَيَّ لِيَسْأَلَ ٱللهَ.,"Musa berkata kepada ayah mertuanya, “Sebab, bangsa ini datang kepadaku untuk mencari Allah.","Jawab Musa kepada mertuanya, “Sebab bangsa ini datang kepadaku untuk mencari petunjuk Allah.",
Keluaran,18,16,Keluaran 18:16,إِذَا كَانَ لَهُمْ دَعْوَى يَأْتُونَ إِلَيَّ فَأَقْضِي بَيْنَ ٱلرَّجُلِ وَصَاحِبِهِ، وَأُعَرِّفُهُمْ فَرَائِضَ ٱللهِ وَشَرَائِعَهُ».,"Ketika ada perkara di antara mereka, mereka datang kepadaku agar aku menghakimi yang satu dengan yang lain, dan aku memberitahukan ketetapan Allah dan hukum-hukum-Nya kepada mereka.”","Jika ada suatu perkara di antara mereka, maka mereka datang kepadaku dan aku mengadili di antara seorang dengan sesamanya. Aku pun memberitahukan kepada mereka ketetapan-ketetapan dan hukum-hukum Allah.”",
Keluaran,18,17,Keluaran 18:17,فَقَالَ حَمُو مُوسَى لَهُ: «لَيْسَ جَيِّدًا ٱلْأَمْرُ ٱلَّذِي أَنْتَ صَانِعٌ.,"Ayah mertua Musa berkata kepadanya, “Yang kaulakukan itu tidak baik.","Lalu, kata mertua Musa kepadanya, “Tidak baik yang kaulakukan itu.",
Keluaran,18,18,Keluaran 18:18,إِنَّكَ تَكِلُّ أَنْتَ وَهَذَا ٱلشَّعْبُ ٱلَّذِي مَعَكَ جَمِيعًا، لِأَنَّ ٱلْأَمْرَ أَعْظَمُ مِنْكَ. لَا تَسْتَطِيعُ أَنْ تَصْنَعَهُ وَحْدَكَ.,"Kamu pasti benar-benar lelah, baik kamu maupun bangsa ini yang bersamamu, sebab ini terlalu berat bagimu dan engkau tidak akan sanggup melakukannya seorang diri.","Dengan begitu engkau dan juga bangsa yang besertamu ini akan menjadi sangat penat. Pekerjaan ini terlalu berat bagimu, engkau tidak dapat mengerjakannya seorang diri.",
Keluaran,18,19,Keluaran 18:19,اَلْآنَ ٱسْمَعْ لِصَوْتِي فَأَنْصَحَكَ. فَلْيَكُنِ ٱللهُ مَعَكَ. كُنْ أَنْتَ لِلشَّعْبِ أَمَامَ ٱللهِ، وَقَدِّمْ أَنْتَ ٱلدَّعَاوِيَ إِلَى ٱللهِ،,"Sekarang, dengarkanlah suaraku, aku akan menasihatimu, dan Allah akan menyertaimu. Kamu harus mewakili bangsa ini di hadapan Allah dan membawa perkara-perkara mereka kepada Allah,","Sekarang, dengarkanlah perkataanku. Aku mau memberi nasihat kepadamu dan kiranya Allah menyertai engkau. Engkau harus menghadap Allah mewakili bangsa itu serta menyampaikan perkara-perkara mereka kepada Allah.",
Keluaran,18,20,Keluaran 18:20,وَعَلِّمْهُمُ ٱلْفَرَائِضَ وَٱلشَّرَائِعَ، وَعَرِّفْهُمُ ٱلطَّرِيقَ ٱلَّذِي يَسْلُكُونَهُ، وَٱلْعَمَلَ ٱلَّذِي يَعْمَلُونَهُ.,"dan kamu harus mengajarkan kepada mereka tentang ketetapan dan hukum-hukum itu, dan harus memberitahukan kepada mereka mengenai jalan yang harus mereka tempuh dan apa yang harus mereka lakukan.","Ajarkanlah kepada mereka ketetapan-ketetapan serta hukum-hukum, dan beritahukanlah kepada mereka jalan yang patut mereka tempuh serta pekerjaan yang patut mereka lakukan.",
Keluaran,18,21,Keluaran 18:21,وَأَنْتَ تَنْظُرُ مِنْ جَمِيعِ ٱلشَّعْبِ ذَوِي قُدْرَةٍ خَائِفِينَ ٱللهَ، أُمَنَاءَ مُبْغِضِينَ ٱلرَّشْوَةَ، وَتُقِيمُهُمْ عَلَيْهِمْ رُؤَسَاءَ أُلُوفٍ، وَرُؤَسَاءَ مِئَاتٍ، وَرُؤَسَاءَ خَمَاسِينَ، وَرُؤَسَاءَ عَشَرَاتٍ،,"Selain itu, kamu harus memilih orang-orang yang cakap dari antara bangsa itu, orang yang takut akan Allah, orang-orang benar, dan membenci laba hasil kecurangan. Lalu, tunjuklah beberapa orang di antara mereka untuk menjadi pemimpin seribu orang, pemimpin seratus orang, pemimpin lima puluh orang, dan pemimpin sepuluh orang.","Selain itu, dari antara seluruh bangsa itu carilah beberapa orang yang cakap dan bertakwa kepada Allah yaitu orang-orang yang dapat dipercaya dan yang membenci praktik suap. Angkatlah mereka atas rakyat menjadi pemimpin seribu orang, pemimpin seratus orang, pemimpin lima puluh orang, dan pemimpin sepuluh orang.",
Keluaran,18,22,Keluaran 18:22,فَيَقْضُونَ لِلشَّعْبِ كُلَّ حِينٍ. وَيَكُونُ أَنَّ كُلَّ ٱلدَّعَاوِي ٱلْكَبِيرَةِ يَجِيئُونَ بِهَا إِلَيْكَ، وَكُلَّ ٱلدَّعَاوِي ٱلصَّغِيرَةِ يَقْضُونَ هُمْ فِيهَا. وَخَفِّفْ عَنْ نَفْسِكَ، فَهُمْ يَحْمِلُونَ مَعَكَ.,"Biarlah mereka yang menghakimi bangsa itu sewaktu-waktu. Mereka harus membawa setiap perkara yang besar kepadamu, sedangkan perkara yang kecil harus mereka adili sendiri. Jadi, hal ini akan lebih ringan bagimu dan mereka akan ikut menanggungnya bersamamu.","Biarkanlah mereka mengadili bangsa itu pada waktu-waktu yang telah ditetapkan. Nanti, semua perkara yang besar harus mereka bawa kepadamu, tetapi semua perkara yang kecil harus mereka adili sendiri. Dengan demikian, pekerjaanmu akan menjadi ringan dan mereka turut menanggung beban bersamamu.",
Keluaran,18,23,Keluaran 18:23,إِنْ فَعَلْتَ هَذَا ٱلْأَمْرَ وَأَوْصَاكَ ٱللهُ تَسْتَطِيعُ ٱلْقِيَامَ. وَكُلُّ هَذَا ٱلشَّعْبِ أَيْضًا يَأْتِي إِلَى مَكَانِهِ بِٱلسَّلَامِ».,"Jika kamu melakukan ini dan Allah memang memerintahkan demikian kepadamu, kamu akan sanggup menanggungnya dan seluruh bangsa ini juga akan kembali ke tempatnya masing-masing dengan sejahtera.”","Jika hal itu kaulakukan dan Allah memang memerintahkannya kepadamu, maka engkau akan sanggup menanggungnya dan seluruh bangsa ini pun akan pulang ke tempatnya dengan sejahtera.”",
Keluaran,18,24,Keluaran 18:24,فَسَمِعَ مُوسَى لِصَوْتِ حَمِيهِ وَفَعَلَ كُلَّ مَا قَالَ.,Musa mendengarkan suara ayah mertuanya dan melaksanakan seperti yang telah dikatakannya.,Musa mendengarkan perkataan mertuanya serta melakukan semua yang dikatakannya.,
Keluaran,18,25,Keluaran 18:25,وَٱخْتَارَ مُوسَى ذَوِي قُدْرَةٍ مِنْ جَمِيعِ إِسْرَائِيلَ وَجَعَلَهُمْ رُؤُوسًا عَلَى ٱلشَّعْبِ، رُؤَسَاءَ أُلُوفٍ، وَرُؤَسَاءَ مِئَاتٍ، وَرُؤَسَاءَ خَمَاسِينَ، وَرُؤَسَاءَ عَشَرَاتٍ.,"Musa memilih orang-orang yang cakap dari antara bangsa Israel dan menjadikan mereka pemimpin atas bangsa itu: pemimpin seribu orang, seratus orang, lima puluh orang, dan sepuluh orang.","Dari antara seluruh orang Israil Musa memilih beberapa orang yang cakap, dan mengangkat mereka menjadi kepala atas bangsa itu sebagai pemimpin seribu orang, pemimpin seratus orang, pemimpin lima puluh orang, dan pemimpin sepuluh orang.",
Keluaran,18,26,Keluaran 18:26,فَكَانُوا يَقْضُونَ لِلشَّعْبِ كُلَّ حِينٍ. ٱلدَّعَاوِي ٱلْعَسِرَةُ يَجِيئُونَ بِهَا إِلَى مُوسَى، وَكُلُّ ٱلدَّعَاوِي ٱلصَّغِيرَةِ يَقْضُونَ هُمْ فِيهَا.,"Mereka menghakimi bangsa itu sewaktu-waktu. Mereka membawa perkara yang berat kepada Musa, sedangkan mereka dapat memutuskan sendiri untuk perkara-perkara yang kecil.","Mereka mengadili bangsa itu pada waktu-waktu yang telah ditetapkan. Perkara-perkara yang sukar mereka bawa kepada Musa, tetapi perkara-perkara yang kecil mereka adili sendiri.",
Keluaran,18,27,Keluaran 18:27,ثُمَّ صَرَفَ مُوسَى حَمَاهُ فَمَضَى إِلَى أَرْضِهِ.,"Tidak lama kemudian, Musa melepas ayah mertuanya pergi dan Yitro pun pulang ke negerinya sendiri.","Kemudian, Musa melepas mertuanya pergi, pulang ke negerinya.",
Keluaran,19,1,Keluaran 19:1,فِي ٱلشَّهْرِ ٱلثَّالِثِ بَعْدَ خُرُوجِ بَنِي إِسْرَائِيلَ مِنْ أَرْضِ مِصْرَ، فِي ذَلِكَ ٱلْيَوْمِ جَاءُوا إِلَى بَرِّيَّةِ سِينَاءَ.,"Pada bulan ketiga sejak keturunan Israel keluar dari tanah Mesir, pada hari itu juga mereka tiba di Padang Belantara Sinai.","Tepat pada hari pertama di bulan ketiga setelah bani Israil keluar dari Tanah Mesir, sampailah mereka di Padang Belantara Sinai.",
Keluaran,19,2,Keluaran 19:2,ٱرْتَحَلُوا مِنْ رَفِيدِيمَ وَجَاءُوا إِلَى بَرِّيَّةِ سِينَاءَ فَنَزَلُوا فِي ٱلْبَرِّيَّةِ. هُنَاكَ نَزَلَ إِسْرَائِيلُ مُقَابِلَ ٱلْجَبَلِ.,"Mereka berangkat dari Rafidim dan tiba di Padang Belantara Sinai, lalu mendirikan tendanya di padang belantara itu. Orang Israel berkemah di sana, di depan gunung.","Mereka berangkat dari Rafidim, lalu sampai di Padang Belantara Sinai. Di padang belantara itulah orang Israil berkemah, berhadapan dengan Gunung Sinai.",
Keluaran,19,3,Keluaran 19:3,وَأَمَّا مُوسَى فَصَعِدَ إِلَى ٱللهِ. فَنَادَاهُ ٱلرَّبُّ مِنَ ٱلْجَبَلِ قَائِلًا: «هَكَذَا تَقُولُ لِبَيْتِ يَعْقُوبَ، وَتُخْبِرُ بَنِي إِسْرَائِيلَ:,"Kemudian, Musa naik menghadap Allah, dan TUHAN berseru kepadanya dari gunung itu, firman-Nya, “Inilah yang harus kamu katakan kepada keluarga Yakub dan ceritakan kepada keturunan Israel,","Kemudian, naiklah Musa menghadap Allah, dan ALLAH berseru kepadanya dari gunung itu, firman-Nya, “Beginilah harus kaukatakan kepada kaum keturunan Yakub dan harus kauberitahukan kepada bani Israil,",
Keluaran,19,4,Keluaran 19:4,أَنْتُمْ رَأَيْتُمْ مَا صَنَعْتُ بِٱلْمِصْرِيِّينَ. وَأَنَا حَمَلْتُكُمْ عَلَى أَجْنِحَةِ ٱلنُّسُورِ وَجِئْتُ بِكُمْ إِلَيَّ.,‘Kamu telah melihat yang Aku lakukan terhadap orang Mesir dan bagaimana Aku menopangmu di atas sayap rajawali dan membawamu kepada-Ku.,"‘Kamu telah melihat apa yang Kulakukan terhadap orang Mesir, serta bagaimana Aku telah mengangkat kamu seperti di atas sayap burung rajawali dan membawa kamu kepada-Ku.",
Keluaran,19,5,Keluaran 19:5,فَٱلْآنَ إِنْ سَمِعْتُمْ لِصَوْتِي، وَحَفِظْتُمْ عَهْدِي تَكُونُونَ لِي خَاصَّةً مِنْ بَيْنِ جَمِيعِ ٱلشُّعُوبِ. فَإِنَّ لِي كُلَّ ٱلْأَرْضِ.,"Oleh sebab itu, sekarang, jika kamu sungguh-sungguh menaati suara-Ku dan memelihara perjanjian-Ku, kamu akan menjadi harta kesayangan-Ku di atas segala bangsa sebab seluruh bumi ini adalah milik-Ku.","Sekarang, jika kamu sungguh-sungguh mematuhi Aku dan memegang teguh perjanjian-Ku, maka kamu akan menjadi harta-Ku yang istimewa di antara segala bangsa karena seluruh bumi adalah milik-Ku.",
Keluaran,19,6,Keluaran 19:6,وَأَنْتُمْ تَكُونُونَ لِي مَمْلَكَةَ كَهَنَةٍ وَأُمَّةً مُقَدَّسَةً. هَذِهِ هِيَ ٱلْكَلِمَاتُ ٱلَّتِي تُكَلِّمُ بِهَا بَنِي إِسْرَائِيلَ».,"Kamu akan menjadi imamat rajani bagiku dan bangsa yang kudus,’ itulah firman yang harus kamu katakan kepada keturunan Israel.”",Bagi-Ku kamu akan menjadi kerajaan imam dan bangsa yang suci.’ Firman inilah yang harus kausampaikan kepada bani Israil.”,
Keluaran,19,7,Keluaran 19:7,فَجَاءَ مُوسَى وَدَعَا شُيُوخَ ٱلشَّعْبِ وَوَضَعَ قُدَّامَهُمْ كُلَّ هَذِهِ ٱلْكَلِمَاتِ ٱلَّتِي أَوْصَاهُ بِهَا ٱلرَّبُّ.,"Kemudian, Musa datang dan memanggil para tua-tua bangsa itu untuk menyampaikan semua firman yang telah TUHAN perintahkan kepadanya di hadapan mereka.","Lalu, kembalilah Musa. Dipanggilnyalah para tua-tua bangsa itu dan disampaikannyalah kepada mereka semua firman yang diperintahkan ALLAH kepadanya.",
Keluaran,19,8,Keluaran 19:8,فَأَجَابَ جَمِيعُ ٱلشَّعْبِ مَعًا وَقَالُوا: «كُلُّ مَا تَكَلَّمَ بِهِ ٱلرَّبُّ نَفْعَلُ». فَرَدَّ مُوسَى كَلَامَ ٱلشَّعْبِ إِلَى ٱلرَّبِّ.,"Seluruh bangsa itu serentak menjawab dan berkata, “Semua yang telah Allah firmankan itu akan kami lakukan.” Musa pun menyampaikan perkataan bangsa itu kepada TUHAN.","Seluruh bangsa pun menjawab bersama-sama, “Semua yang difirmankan ALLAH akan kami lakukan.” Lalu, Musa menyampaikan jawaban bangsa itu kepada ALLAH.",
Keluaran,19,9,Keluaran 19:9,فَقَالَ ٱلرَّبُّ لِمُوسَى: «هَا أَنَا آتٍ إِلَيْكَ فِي ظَلَامِ ٱلسَّحَابِ لِكَيْ يَسْمَعَ ٱلشَّعْبُ حِينَمَا أَتَكَلَّمُ مَعَكَ، فَيُؤْمِنُوا بِكَ أَيْضًا إِلَى ٱلْأَبَدِ». وَأَخْبَرَ مُوسَى ٱلرَّبَّ بِكَلَامِ ٱلشَّعْبِ.,"TUHAN berkata kepada Musa, “Lihatlah, Aku akan datang kepadamu dalam awan yang tebal supaya umat Israel dapat mendengar saat Aku berbicara kepadamu dan percaya kepadamu selamanya.” Lalu, Musa menyampaikan perkataan bangsa itu kepada TUHAN.","Firman ALLAH kepada Musa, “Sesungguhnya, Aku akan datang kepadamu dalam awan yang tebal supaya bangsa itu dapat mendengar apabila Aku berfirman kepadamu, dan supaya mereka percaya kepadamu untuk seterusnya.” Lalu, Musa memberitahukan perkataan bangsa itu kepada ALLAH.",
Keluaran,19,10,Keluaran 19:10,فَقَالَ ٱلرَّبُّ لِمُوسَى: «ٱذْهَبْ إِلَى ٱلشَّعْبِ وَقَدِّسْهُمُ ٱلْيَوْمَ وَغَدًا، وَلْيَغْسِلُوا ثِيَابَهُمْ،,"TUHAN berkata kepada Musa, “Pergilah kepada bangsa itu dan kuduskanlah mereka pada hari ini dan besok, lalu biarlah mereka mencuci pakaiannya,","Firman ALLAH kepada Musa, “Pergilah kepada bangsa itu. Sucikanlah mereka pada hari ini dan besok. Mereka harus mencuci pakaiannya",
Keluaran,19,11,Keluaran 19:11,وَيَكُونُوا مُسْتَعِدِّينَ لِلْيَوْمِ ٱلثَّالِثِ. لِأَنَّهُ فِي ٱلْيَوْمِ ٱلثَّالِثِ يَنْزِلُ ٱلرَّبُّ أَمَامَ عْيُونِ جَمِيعِ ٱلشَّعْبِ عَلَى جَبَلِ سِينَاءَ.,"Kemudian, bersiaplah untuk hari yang ketiga karena pada hari yang ketiga itu, TUHAN akan turun dari Gunung Sinai di depan mata seluruh bangsa itu.",dan bersiap-siap menjelang hari ketiga karena pada hari ketiga itu ALLAH akan hadir di atas Gunung Sinai di depan mata seluruh bangsa itu.,
Keluaran,19,12,Keluaran 19:12,وَتُقِيمُ لِلشَّعْبِ حُدُودًا مِنْ كُلِّ نَاحِيَةٍ، قَائِلًا: ٱحْتَرِزُوا مِنْ أَنْ تَصْعَدُوا إِلَى ٱلْجَبَلِ أَوْ تَمَسُّوا طَرَفَهُ. كُلُّ مَنْ يَمَسُّ ٱلْجَبَلَ يُقْتَلُ قَتْلًا.,"Kamu harus memasang batas bagi bangsa itu di sekelilingnya dan katakanlah, ‘Waspadalah, jangan sampai kamu naik ke gunung ini atau menyentuh batasnya. Siapa pun yang menyentuh gunung itu pasti akan dihukum mati.","Pasanglah batas di sekeliling bangsa itu dan katakan kepada mereka, ‘Hati-hati, jangan naik ke gunung ini atau bahkan hanya menyentuh kakinya. Siapa menyentuh gunung ini pastilah dihukum mati.",
Keluaran,19,13,Keluaran 19:13,لَا تَمَسُّهُ يَدٌ بَلْ يُرْجَمُ رَجْمًا أَوْ يُرْمَى رَمْيًا. بَهِيمَةً كَانَ أَمْ إِنْسَانًا لَا يَعِيشُ. أَمَّا عِنْدَ صَوْتِ ٱلْبُوقِ فَهُمْ يَصْعَدُونَ إِلَى ٱلْجَبَلِ».,"Tidak ada satu tangan pun yang boleh menyentuhnya karena dia pasti akan dirajam atau dipanah, entah itu binatang atau manusia, dia tidak akan hidup. Ketika trompet berbunyi panjang, mereka baru boleh mendaki gunung itu.’”","Tidak satu tangan pun boleh menyentuh gunung itu karena ia pasti dirajam atau dipanah sampai mati. Entah binatang atau pun manusia tidak akan dibiarkan hidup.’ Apabila sangkakala berbunyi panjang, barulah mereka boleh mendekati gunung itu.”",
Keluaran,19,14,Keluaran 19:14,فَٱنْحَدَرَ مُوسَى مِنَ ٱلْجَبَلِ إِلَى ٱلشَّعْبِ، وَقَدَّسَ ٱلشَّعْبَ وَغَسَلُوا ثِيَابَهُمْ.,"Lalu, Musa turun dari gunung itu kepada bangsa itu dan menguduskan bangsa itu, lalu mereka mencuci pakaian mereka.","Lalu, turunlah Musa dari gunung menemui bangsa itu. Ia menyucikan bangsa itu, dan mereka pun mencuci pakaiannya.",
Keluaran,19,15,Keluaran 19:15,وَقَالَ لِلشَّعْبِ: «كُونُوا مُسْتَعِدِّينَ لِلْيَوْمِ ٱلثَّالِثِ. لَا تَقْرُبُوا ٱمْرَأَةً».,"Setelah itu, dia berkata kepada bangsa itu, “Bersiaplah menghadapi hari yang ketiga, jangan bersetubuh dengan perempuan.”","Kata Musa kepada bangsa itu, “Bersiap-siaplah menjelang hari ketiga. Jangan bercampur dengan perempuan.”",
Keluaran,19,16,Keluaran 19:16,وَحَدَثَ فِي ٱلْيَوْمِ ٱلثَّالِثِ لَمَّا كَانَ ٱلصَّبَاحُ أَنَّهُ صَارَتْ رُعُودٌ وَبُرُوقٌ وَسَحَابٌ ثَقِيلٌ عَلَى ٱلْجَبَلِ، وَصَوْتُ بُوقٍ شَدِيدٌ جِدًّا. فَٱرْتَعَدَ كُلُّ ٱلشَّعْبِ ٱلَّذِي فِي ٱلْمَحَلَّةِ.,"Pada hari yang ketiga, pada pagi hari, terjadilah guruh, kilat, dan awan yang tebal di atas gunung itu. Lalu, terdengarlah suara trompet yang sangat keras sehingga semua orang di perkemahan itu gemetar.","Pagi hari pada hari ketiga timbullah guruh, kilat, dan awan pekat di atas gunung itu serta bunyi sangkakala yang sangat keras. Seluruh bangsa di perkemahan itu gemetar.",
Keluaran,19,17,Keluaran 19:17,وَأَخْرَجَ مُوسَى ٱلشَّعْبَ مِنَ ٱلْمَحَلَّةِ لِمُلَاقَاةِ ٱللهِ، فَوَقَفُوا فِي أَسْفَلِ ٱلْجَبَلِ.,Musa membawa bangsa itu keluar dari perkemahan untuk bertemu dengan Allah dan mereka pun berdiri di kaki gunung itu.,"Musa membawa bangsa itu keluar dari perkemahan untuk menemui Allah, lalu mereka berdiri di kaki gunung itu.",
Keluaran,19,18,Keluaran 19:18,وَكَانَ جَبَلُ سِينَاءَ كُلُّهُ يُدَخِّنُ مِنْ أَجْلِ أَنَّ ٱلرَّبَّ نَزَلَ عَلَيْهِ بِٱلنَّارِ، وَصَعِدَ دُخَانُهُ كَدُخَانِ ٱلْأَتُونِ، وَٱرْتَجَفَ كُلُّ ٱلْجَبَلِ جِدًّا.,"Pada saat itu, Gunung Sinai tertutup sepenuhnya oleh asap karena TUHAN turun dalam api dan asap membumbung seperti asap dari dapur api. Seluruh gunung pun berguncang hebat.",Gunung Sinai tertutup asap sepenuhnya sebab ALLAH hadir di atasnya dalam api. Asapnya naik seperti asap dapur peleburan dan seluruh gunung itu bergetar hebat.,
Keluaran,19,19,Keluaran 19:19,فَكَانَ صَوْتُ ٱلْبُوقِ يَزْدَادُ ٱشْتِدَادًا جِدًّا، وَمُوسَى يَتَكَلَّمُ وَٱللهُ يُجِيبُهُ بِصَوْتٍ.,"Ketika bunyi trompet semakin lama semakin keras, Musa berbicara dan Allah menjawabnya dalam guruh.","Bunyi sangkakala makin lama makin keras. Lalu, berbicaralah Musa, dan Allah menjawab dia dalam guruh.",
Keluaran,19,20,Keluaran 19:20,وَنَزَلَ ٱلرَّبُّ عَلَى جَبَلِ سِينَاءَ، إِلَى رَأْسِ ٱلْجَبَلِ، وَدَعَا ٱللهُ مُوسَى إِلَى رَأْسِ ٱلْجَبَلِ. فَصَعِدَ مُوسَى.,"TUHAN turun ke Gunung Sinai, ke puncak gunung itu, lalu TUHAN memanggil Musa untuk naik ke puncak gunung itu, dan Musa pun naik.","ALLAH hadir di atas puncak Gunung Sinai, lalu ALLAH memanggil Musa naik ke puncak gunung, dan Musa pun naik.",
Keluaran,19,21,Keluaran 19:21,فَقَالَ ٱلرَّبُّ لِمُوسَى: «ٱنْحَدِرْ حَذِّرِ ٱلشَّعْبَ لِئَلَّا يَقْتَحِمُوا إِلَى ٱلرَّبِّ لِيَنْظُرُوا، فَيَسْقُطَ مِنْهُمْ كَثِيرُونَ.,"TUHAN berfirman kepada Musa, “Turunlah dan peringatkan bangsa itu, jangan sampai mereka menerobos untuk melihat TUHAN sehingga banyak dari mereka yang akan binasa.","Firman ALLAH kepada Musa, “Turunlah, peringatkanlah bangsa itu supaya jangan menerobos batas untuk datang melihat kemuliaan ALLAH, nanti banyak dari mereka yang tewas.",
Keluaran,19,22,Keluaran 19:22,وَلْيَتَقَدَّسْ أَيْضًا ٱلْكَهَنَةُ ٱلَّذِينَ يَقْتَرِبُونَ إِلَى ٱلرَّبِّ لِئَلَّا يَبْطِشَ بِهِمِ ٱلرَّبُّ».,Katakanlah juga kepada para imam yang datang mendekati Allah untuk menguduskan diri mereka agar jangan sampai TUHAN menghanguskan mereka.”,Para imam yang datang mendekat kepada ALLAH pun harus menyucikan diri supaya jangan ALLAH menyambar mereka.”,
Keluaran,19,23,Keluaran 19:23,فَقَالَ مُوسَى لِلرَّبِّ: «لَا يَقْدِرُ ٱلشَّعْبُ أَنْ يَصْعَدَ إِلَى جَبَلِ سِينَاءَ، لِأَنَّكَ أَنْتَ حَذَّرْتَنَا قَائِلًا: أَقِمْ حُدُودًا لِلْجَبَلِ وَقَدِّسْهُ».,"Musa berkata kepada TUHAN, “Bangsa itu tidak dapat naik ke gunung sebab Engkau sendiri sudah memperingatkan kami, firman-Mu, ‘Tetapkanlah batas di sekitar gunung itu dan kuduskanlah itu!’”","Kata Musa kepada ALLAH, “Bangsa itu tidak dapat naik ke Gunung Sinai karena Engkau sendiri telah mengingatkan kami demikian, ‘Pasanglah batas di sekeliling gunung ini dan nyatakanlah bahwa itu suci.’”",
Keluaran,19,24,Keluaran 19:24,فَقَالَ لَهُ ٱلرَّبُّ: «ٱذْهَبِ ٱنْحَدِرْ ثُمَّ ٱصْعَدْ أَنْتَ وَهَارُونُ مَعَكَ. وَأَمَّا ٱلْكَهَنَةُ وَٱلشَّعْبُ فَلَا يَقْتَحِمُوا لِيَصْعَدُوا إِلَى ٱلرَّبِّ لِئَلَّا يَبْطِشَ بِهِمْ».,"Kemudian TUHAN berkata kepadanya, “Turun dan naiklah kembali, kamu dan Harun bersamamu, tetapi jangan sampai para imam dan bangsa itu menerobos untuk datang kepada TUHAN supaya Dia tidak menghanguskan mereka.”","Firman ALLAH kepadanya, “Pergilah, turunlah, kemudian naiklah lagi kemari beserta Harun. Tetapi, para imam dan rakyat tidak boleh menerobos naik mendekati hadirat ALLAH supaya jangan Ia menyambar mereka.”",
Keluaran,19,25,Keluaran 19:25,فَٱنْحَدَرَ مُوسَى إِلَى ٱلشَّعْبِ وَقَالَ لَهُمْ.,Musa pun turun kepada bangsa itu dan memberitahukan hal-hal ini kepada mereka.,"Maka, turunlah Musa mendapatkan bangsa itu dan menyampaikan hal itu kepada mereka.",
Keluaran,20,1,Keluaran 20:1,ثُمَّ تَكَلَّمَ ٱللهُ بِجَمِيعِ هَذِهِ ٱلْكَلِمَاتِ قَائِلًا:,"Kemudian, Allah menyampaikan semua firman ini, kata-Nya,","Lalu, Allah menyampaikan seluruh firman ini:",
Keluaran,20,2,Keluaran 20:2,«أَنَا ٱلرَّبُّ إِلَهُكَ ٱلَّذِي أَخْرَجَكَ مِنْ أَرْضِ مِصْرَ مِنْ بَيْتِ ٱلْعُبُودِيَّةِ.,"“Akulah TUHAN, Allahmu, yang membawamu keluar dari tanah Mesir, dari tempat perbudakan:","“Akulah ALLAH, Tuhanmu, yang membawa engkau keluar dari Tanah Mesir, dari tempat perhambaan.",
Keluaran,20,3,Keluaran 20:3,لَا يَكُنْ لَكَ آلِهَةٌ أُخْرَى أَمَامِي.,Jangan ada padamu ilah lain di hadapan-Ku.,"Jangan ada padamu ilah lain, selain Aku.",
Keluaran,20,4,Keluaran 20:4,لَا تَصْنَعْ لَكَ تِمْثَالًا مَنْحُوتًا، وَلَا صُورَةً مَا مِمَّا فِي ٱلسَّمَاءِ مِنْ فَوْقُ، وَمَا فِي ٱلْأَرْضِ مِنْ تَحْتُ، وَمَا فِي ٱلْمَاءِ مِنْ تَحْتِ ٱلْأَرْضِ.,"Jangan membuat berhala bagimu atau wujud apa pun yang ada di langit, di atas, atau di bumi, di bawah, atau di dalam air, di bawah bumi.","Jangan membuat bagimu patung ukiran dan wujud apa pun yang ada di langit di atas, atau yang ada di bumi di bawah, atau yang ada di dalam air di bawah bumi.",
Keluaran,20,5,Keluaran 20:5,لَا تَسْجُدْ لَهُنَّ وَلَا تَعْبُدْهُنَّ، لِأَنِّي أَنَا ٱلرَّبَّ إِلَهَكَ إِلَهٌ غَيُورٌ، أَفْتَقِدُ ذُنُوبَ ٱلْآبَاءِ فِي ٱلْأَبْنَاءِ فِي ٱلْجِيلِ ٱلثَّالِثِ وَٱلرَّابِعِ مِنْ مُبْغِضِيَّ،,"Janganlah kamu menyembah atau beribadah kepadanya sebab Aku, TUHAN, Allahmu, adalah Allah yang cemburu, yang membalas kesalahan ayah kepada anak-anaknya sampai keturunan yang ketiga dan keempat dari orang-orang yang membenci Aku.","Jangan sujud menyembahnya atau beribadah kepadanya karena Aku, ALLAH, Tuhanmu, adalah Tuhan yang tidak mau diduakan, yang membalaskan kesalahan ayah kepada anak-anaknya, kepada keturunan ketiga dan keempat dari orang-orang yang membenci Aku.",
Keluaran,20,6,Keluaran 20:6,وَأَصْنَعُ إِحْسَانًا إِلَى أُلُوفٍ مِنْ مُحِبِّيَّ وَحَافِظِي وَصَايَايَ.,"Namun, Aku akan menunjukkan kasih setia kepada beribu-ribu orang yang mengasihi Aku dan yang menaati perintah-perintah-Ku.","Namun, Aku menunjukkan rahmat-Ku kepada beribu-ribu orang yang mengasihi Aku dan yang memegang teguh perintah-perintah-Ku.",
Keluaran,20,7,Keluaran 20:7,لَا تَنْطِقْ بِٱسْمِ ٱلرَّبِّ إِلَهِكَ بَاطِلًا، لِأَنَّ ٱلرَّبَّ لَا يُبْرِئُ مَنْ نَطَقَ بِٱسْمِهِ بَاطِلًا.,"Jangan menyebut nama TUHAN, Allahmu, dengan sia-sia karena TUHAN akan memandang bersalah siapa pun yang menyebut nama-Nya dengan sia-sia.","Jangan menggunakan nama ALLAH, Tuhanmu, dengan sembarangan karena ALLAH akan memandang bersalah orang yang menggunakan nama-Nya dengan sembarangan.",
Keluaran,20,8,Keluaran 20:8,اُذْكُرْ يَوْمَ ٱلسَّبْتِ لِتُقَدِّسَهُ.,Ingatlah dan kuduskanlah hari Sabat.,Ingatlah hari Sabat dan jagalah kesuciannya.,
Keluaran,20,9,Keluaran 20:9,سِتَّةَ أَيَّامٍ تَعْمَلُ وَتَصْنَعُ جَمِيعَ عَمَلِكَ،,"Selama enam hari kamu akan bekerja dan melakukan semua pekerjaanmu,","Enam hari lamanya engkau harus bekerja dan melakukan segala pekerjaanmu,",
Keluaran,20,10,Keluaran 20:10,وَأَمَّا ٱلْيَوْمُ ٱلسَّابِعُ فَفِيهِ سَبْتٌ لِلرَّبِّ إِلَهِكَ. لَا تَصْنَعْ عَمَلًا مَّا أَنْتَ وَٱبْنُكَ وَٱبْنَتُكَ وَعَبْدُكَ وَأَمَتُكَ وَبَهِيمَتُكَ وَنَزِيلُكَ ٱلَّذِي دَاخِلَ أَبْوَابِكَ.,"tetapi hari ketujuh adalah Sabat TUHAN, Allahmu. Pada hari itu, kamu tidak boleh melakukan pekerjaan apa pun, kamu, ataupun anak laki-lakimu, ataupun anak perempuanmu, ataupun hamba laki-lakimu, ataupun hamba perempuanmu, ataupun ternakmu, ataupun orang asing yang ada di kotamu.","tetapi hari ketujuh adalah hari Sabat bagi ALLAH, Tuhanmu. Pada hari itu jangan lakukan pekerjaan apa pun, baik engkau, anak lelakimu, anak perempuanmu, hambamu yang laki-laki, hambamu yang perempuan, binatangmu, atau pun pendatang yang ada di kotamu.",
Keluaran,20,11,Keluaran 20:11,لِأَنْ فِي سِتَّةِ أَيَّامٍ صَنَعَ ٱلرَّبُّ ٱلسَّمَاءَ وَٱلْأَرْضَ وَٱلْبَحْرَ وَكُلَّ مَا فِيهَا، وَٱسْتَرَاحَ فِي ٱلْيَوْمِ ٱلسَّابِعِ. لِذَلِكَ بَارَكَ ٱلرَّبُّ يَوْمَ ٱلسَّبْتِ وَقَدَّسَهُ.,"Sebab, selama enam hari TUHAN menciptakan langit dan bumi, laut dan segala yang ada di dalamnya, lalu beristirahat pada hari ketujuh. Karena itu, TUHAN memberkati hari Sabat dan menguduskannya.","Karena enam hari lamanya ALLAH menjadikan langit dan bumi, laut dan segala isinya, lalu Ia berhenti pada hari ketujuh. Itulah sebabnya, ALLAH memberkahi hari Sabat dan menjadikannya suci.",
Keluaran,20,12,Keluaran 20:12,أَكْرِمْ أَبَاكَ وَأُمَّكَ لِكَيْ تَطُولَ أَيَّامُكَ عَلَى ٱلْأَرْضِ ٱلَّتِي يُعْطِيكَ ٱلرَّبُّ إِلَهُكَ.,"Hormatilah ayahmu dan ibumu supaya umurmu panjang di tanah yang diberikan TUHAN, Allahmu, kepadamu.","Hormatilah ayahmu dan ibumu supaya lanjut umurmu di tanah yang dikaruniakan ALLAH, Tuhanmu, kepadamu.",
Keluaran,20,13,Keluaran 20:13,لَا تَقْتُلْ.,Jangan membunuh.,Jangan membunuh.,
Keluaran,20,14,Keluaran 20:14,لَا تَزْنِ.,Jangan berzina.,Jangan berzina.,
Keluaran,20,15,Keluaran 20:15,لَا تَسْرِقْ.,Jangan mencuri.,Jangan mencuri.,
Keluaran,20,16,Keluaran 20:16,لَا تَشْهَدْ عَلَى قَرِيبِكَ شَهَادَةَ زُورٍ.,Jangan mengucapkan kesaksian dusta tentang sesamamu.,Jangan memberi kesaksian dusta tentang sesamamu.,
Keluaran,20,17,Keluaran 20:17,لَا تَشْتَهِ بَيْتَ قَرِيبِكَ. لَا تَشْتَهِ ٱمْرَأَةَ قَرِيبِكَ، وَلَا عَبْدَهُ، وَلَا أَمَتَهُ، وَلَا ثَوْرَهُ، وَلَا حِمَارَهُ، وَلَا شَيْئًا مِمَّا لِقَرِيبِكَ».,"Jangan mengingini rumah sesamamu, jangan mengingini istri sesamamu, hamba laki-lakinya atau perempuan, sapinya, keledainya, atau apa pun yang adalah milik sesamamu.”","Jangan mengingini rumah sesamamu. Jangan mengingini istri sesamamu, hambanya, baik laki-laki maupun perempuan, sapinya, keledainya, atau apa pun yang dipunyai sesamamu.”",
Keluaran,20,18,Keluaran 20:18,وَكَانَ جَمِيعُ ٱلشَّعْبِ يَرَوْنَ ٱلرُّعُودَ وَٱلْبُرُوقَ وَصَوْتَ ٱلْبُوقِ، وَٱلْجَبَلَ يُدَخِّنُ. وَلَمَّا رَأَى ٱلشَّعْبُ ٱرْتَعَدُوا وَوَقَفُوا مِنْ بَعِيدٍ،,"Seluruh bangsa itu menyaksikan guntur dan kilat, bunyi trompet, dan gunung yang berasap. Ketika bangsa itu menyaksikannya, mereka gemetar dan berdiri jauh-jauh.","Seluruh bangsa itu menyaksikan guruh dan kilat, bunyi sangkakala, dan gunung yang berasap. Maka, gemetarlah mereka ketakutan, lalu berdiri jauh-jauh.",
Keluaran,20,19,Keluaran 20:19,وَقَالُوا لِمُوسَى: «تَكَلَّمْ أَنْتَ مَعَنَا فَنَسْمَعَ. وَلَا يَتَكَلَّمْ مَعَنَا ٱللهُ لِئَلَّا نَمُوتَ».,"Kemudian, mereka berkata kepada Musa, “Berbicaralah kepada kami dan kami akan mendengarkan, tetapi jangan biarkan Allah berbicara dengan kami, atau kami akan mati.”","Kata mereka kepada Musa, “Engkau sajalah yang berbicara kepada kami, kami akan mendengarkan. Jangan Allah yang berbicara kepada kami, nanti kami mati.”",
Keluaran,20,20,Keluaran 20:20,فَقَالَ مُوسَى لِلشَّعْبِ: «لَا تَخَافُوا. لِأَنَّ ٱللهَ إِنَّمَا جَاءَ لِكَيْ يَمْتَحِنَكُمْ، وَلِكَيْ تَكُونَ مَخَافَتُهُ أَمَامَ وُجُوهِكُمْ حَتَّى لَا تُخْطِئُوا».,"Musa berkata kepada mereka, “Jangan takut! Sebab, Allah datang untuk mengujimu agar rasa takut akan Dia ada padamu sehingga kamu tidak berbuat dosa.”","Kata Musa kepada bangsa itu, “Jangan takut karena ALLAH telah datang untuk menguji kamu supaya ketakwaan kepada-Nya selalu ada padamu sehingga kamu tidak berbuat dosa.”",
Keluaran,20,21,Keluaran 20:21,فَوَقَفَ ٱلشَّعْبُ مِنْ بَعِيدٍ، وَأَمَّا مُوسَى فَٱقْتَرَبَ إِلَى ٱلضَّبَابِ حَيْثُ كَانَ ٱللهُ.,"Jadi, bangsa itu pun berdiri jauh-jauh dan Musa menghampiri kegelapan yang pekat, tempat Allah hadir.","Bangsa itu berdiri jauh-jauh, tetapi Musa menghampiri kelam pekat tempat Allah hadir.",
Keluaran,20,22,Keluaran 20:22,فَقَالَ ٱلرَّبُّ لِمُوسَى: «هَكَذَا تَقُولُ لِبَنِي إِسْرَائِيلَ: أَنْتُمْ رَأَيْتُمْ أَنَّنِي مِنَ ٱلسَّمَاءِ تَكَلَّمْتُ مَعَكُمْ.,"TUHAN berfirman kepada Musa, “Inilah yang harus kamu katakan kepada keturunan Israel, ‘Kamu sudah menyaksikan bahwa Aku telah berbicara kepadamu dari langit.","ALLAH berfirman kepada Musa, “Beginilah harus kaukatakan kepada bani Israil, ‘Kamu telah menyaksikan bahwa Aku berfirman kepadamu dari langit.",
Keluaran,20,23,Keluaran 20:23,لَا تَصْنَعُوا مَعِي آلِهَةَ فِضَّةٍ، وَلَا تَصْنَعُوا لَكُمْ آلِهَةَ ذَهَبٍ.,"Jangan kamu membuat ilah-ilah lain, di samping Aku, baik itu ilah dari perak maupun ilah dari emas, kamu tidak boleh membuatnya bagi dirimu.","Jangan buat sesuatu yang menduakan Aku. Jangan buat bagimu berhala perak atau pun berhala emas,",
Keluaran,20,24,Keluaran 20:24,مَذْبَحًا مِنْ تُرَابٍ تَصْنَعُ لِي وَتَذْبَحُ عَلَيْهِ مُحْرَقَاتِكَ وَذَبَائِحَ سَلَامَتِكَ، غَنَمَكَ وَبَقَرَكَ. فِي كُلِّ ٱلْأَمَاكِنِ ٱلَّتِي فِيهَا أَصْنَعُ لِٱسْمِي ذِكْرًا آتِي إِلَيْكَ وَأُبَارِكُكَ.,"Kamu harus membuat sebuah mazbah di bumi bagi-Ku dan harus mengurbankan persembahan bakaranmu dan persembahan pendamaianmu di atasnya, yaitu dombamu dan sapimu. Di setiap tempat yang Aku tentukan untuk mengingat nama-Ku, Aku akan datang kepadamu dan Aku akan memberkatimu.","tetapi buatlah bagi-Ku suatu mazbah dari tanah, lalu persembahkanlah di atasnya kurban bakaranmu dan kurban perdamaianmu, yaitu kambing domba dan sapimu. Di setiap tempat yang Kutetapkan menjadi tempat untuk mengingat nama-Ku, di situlah Aku akan datang kepadamu dan memberkahi kamu.",
Keluaran,20,25,Keluaran 20:25,وَإِنْ صَنَعْتَ لِي مَذْبَحًا مِنْ حِجَارَةٍ فَلَا تَبْنِهِ مِنْهَا مَنْحُوتَةً. إِذَا رَفَعْتَ عَلَيْهَا إِزْمِيلَكَ تُدَنِّسُهَا.,"Jika kamu membuat sebuah mazbah batu bagi-Ku, jangan kamu membangunnya dari batu yang dipahat. Sebab, jika kamu mengangkat peralatanmu atasnya, kamu sudah mencemarkannya.","Jika kamu hendak membuat bagi-Ku suatu mazbah dari batu, janganlah membangunnya dari batu pahat karena jika kamu mengenakan pahatmu padanya, maka kamu menajiskannya.",
Keluaran,20,26,Keluaran 20:26,وَلَا تَصْعَدْ بِدَرَجٍ إِلَى مَذْبَحِي كَيْلَا تَنْكَشِفَ عَوْرَتُكَ عَلَيْهِ.,Jangan kamu naik ke mazbah-Ku menggunakan tangga supaya ketelanjanganmu tidak terlihat di sana.’”,Jangan naik tangga ke mazbah-Ku supaya jangan auratmu tersingkap di atasnya.’,
Keluaran,21,1,Keluaran 21:1,«وَهَذِهِ هِيَ ٱلْأَحْكَامُ ٱلَّتِي تَضَعُ أَمَامَهُمْ:,"Kemudian, Allah berfirman kepada Musa, “Inilah peraturan-peraturan yang harus kamu tetapkan di depan mereka:",Inilah peraturan-peraturan yang harus kausampaikan kepada mereka.,
Keluaran,21,2,Keluaran 21:2,إِذَا ٱشْتَرَيْتَ عَبْدًا عِبْرَانِيًّا، فَسِتَّ سِنِينَ يَخْدِمُ، وَفِي ٱلسَّابِعَةِ يَخْرُجُ حُرًّا مَجَّانًا.,"Jika kamu membeli seorang budak Ibrani, dia harus bekerja untukmu selama 6 tahun. Namun, pada tahun yang ketujuh dia harus keluar dengan merdeka tanpa membayar apa pun.","‘Jika engkau membeli seorang budak Ibrani, hanya selama enam tahun saja ia boleh bekerja padamu. Pada tahun ketujuh ia harus keluar sebagai orang merdeka dengan cuma-cuma.",
Keluaran,21,3,Keluaran 21:3,إِنْ دَخَلَ وَحْدَهُ فَوَحْدَهُ يَخْرُجُ. إِنْ كَانَ بَعْلَ ٱمْرَأَةٍ، تَخْرُجُ ٱمْرَأَتُهُ مَعَهُ.,"Jika dia masuk seorang diri saja, dia juga harus keluar seorang diri. Namun, jika dia sudah kawin, istrinya juga harus keluar bersamanya.","Jika ia datang seorang diri, maka ia harus keluar seorang diri juga. Jika ia telah mempunyai istri, maka istrinya harus keluar juga bersamanya.",
Keluaran,21,4,Keluaran 21:4,إِنْ أَعْطَاهُ سَيِّدُهُ ٱمْرَأَةً وَوَلَدَتْ لَهُ بَنِينَ أَوْ بَنَاتٍ، فَٱلْمَرْأَةُ وَأَوْلَادُهَا يَكُونُونَ لِسَيِّدِهِ، وَهُوَ يَخْرُجُ وَحْدَهُ.,"Jika tuannya memberikan istri kepadanya dan istrinya itu melahirkan anak laki-laki atau anak perempuan, istri dan anak-anaknya akan menjadi milik tuannya, sedangkan dia harus keluar.","Jika tuannya memberikan kepadanya seorang istri dan perempuan itu melahirkan anak laki-laki atau perempuan baginya, maka istrinya itu dengan anak-anaknya tetap menjadi milik tuannya. Ia harus keluar seorang diri.",
Keluaran,21,5,Keluaran 21:5,وَلَكِنْ إِنْ قَالَ ٱلْعَبْدُ: أُحِبُّ سَيِّدِي وَٱمْرَأَتِي وَأَوْلَادِي، لَا أَخْرُجُ حُرًّا،,"Namun, jika hambanya itu berkata dengan sungguh-sungguh, ‘Aku mengasihi tuanku, istriku, dan anak-anakku, jadi aku tidak mau keluar sebagai orang merdeka,’","Tetapi, jika budak itu nyata-nyata berkata demikian, “Aku mengasihi tuanku, serta istriku dan anakku. Aku tidak mau keluar sebagai orang merdeka,”",
Keluaran,21,6,Keluaran 21:6,يُقَدِّمُهُ سَيِّدُهُ إِلَى ٱللهِ، وَيُقَرِّبُهُ إِلَى ٱلْبَابِ أَوْ إِلَى ٱلْقَائِمَةِ، وَيَثْقُبُ سَيِّدُهُ أُذْنَهُ بِٱلْمِثْقَبِ، فَيَخْدِمُهُ إِلَى ٱلْأَبَدِ.,"tuannya harus membawanya ke hadapan Allah dan juga harus membawanya ke pintu atau ke tiang pintu, lalu tuannya akan menindik telinganya dengan penindik dan dia pun akan bekerja untuk tuannya selama-lamanya.","maka tuannya harus membawanya ke hadirat ALLAH, kemudian membawanya ke pintu atau ke tiang pintu untuk menindik telinganya dengan penindik. Dengan begitu ia akan menjadi hambanya seumur hidupnya.",
Keluaran,21,7,Keluaran 21:7,وَإِذَا بَاعَ رَجُلٌ ٱبْنَتَهُ أَمَةً، لَا تَخْرُجُ كَمَا يَخْرُجُ ٱلْعَبِيدُ.,"Jika seseorang menjual anak perempuannya untuk menjadi budak, budak perempuan itu tidak dapat keluar seperti yang dilakukan oleh budak laki-laki.","Jika seseorang menjual anak perempuannya sebagai budak, maka perempuan itu tidak boleh keluar seperti pada budak laki-laki keluar.",
Keluaran,21,8,Keluaran 21:8,إِنْ قَبُحَتْ فِي عَيْنَيْ سَيِّدِهَا ٱلَّذِي خَطَبَهَا لِنَفْسِهِ، يَدَعُهَا تُفَكُّ. وَلَيْسَ لَهُ سُلْطَانٌ أَنْ يَبِيعَهَا لِقَوْمٍ أَجَانِبَ لِغَدْرِهِ بِهَا.,"Jika budak perempuan itu tidak menyenangkan di mata tuannya, yang telah memilih sendiri budak perempuan itu baginya, tuannya harus membiarkannya ditebus, tuannya tidak punya hak untuk menjualnya kepada orang asing karena sudah berlaku curang terhadapnya.","Jika perempuan itu tidak disukai oleh tuannya yang telah memilihnya bagi dirinya, maka ia harus mengizinkan perempuan itu ditebus. Ia tidak berhak menjualnya kepada bangsa asing sebab ia tidak menepati janjinya kepada perempuan itu.",
Keluaran,21,9,Keluaran 21:9,وَإِنْ خَطَبَهَا لِٱبْنِهِ فَبِحَسَبِ حَقِّ ٱلْبَنَاتِ يَفْعَلُ لَهَا.,"Jika tuannya memilih budak perempuan itu untuk anak laki-lakinya, tuannya itu harus memperlakukan dia sebagai anak perempuannya.","Jika ia memilih perempuan itu bagi anak lelakinya, maka ia harus memperlakukan dia sebagaimana layaknya anak-anak perempuan diperlakukan.",
Keluaran,21,10,Keluaran 21:10,إِنِ ٱتَّخَذَ لِنَفْسِهِ أُخْرَى، لَا يُنَقِّصُ طَعَامَهَا وَكِسْوَتَهَا وَمُعَاشَرَتَهَا.,"Jika tuannya mengambil istri lain, tuannya itu tidak boleh mengurangi makanan, pakaian, dan kewajiban dalam perkawinan terhadap budak perempuannya.","Jika ia memperistri perempuan lain, maka ia tidak boleh mengurangi makanan bagi perempuan itu, pakaiannya, dan juga nafkah batinnya.",
Keluaran,21,11,Keluaran 21:11,وَإِنْ لَمْ يَفْعَلْ لَهَا هَذِهِ ٱلثَّلَاثَ تَخْرُجُ مَجَّانًا بِلَا ثَمَنٍ.,"Jika dia tidak melakukan ketiga hal itu kepada budak perempuannya, budak perempuannya boleh keluar dengan merdeka tanpa membayar apa pun.","Jika ia tidak memenuhi ketiga hal itu baginya, maka perempuan itu boleh keluar dengan cuma-cuma tanpa bayaran.",
Keluaran,21,12,Keluaran 21:12,«مَنْ ضَرَبَ إِنْسَانًا فَمَاتَ يُقْتَلُ قَتْلًا.,"Siapa pun yang memukuli orang lain sampai mati, dia harus dihukum mati.","Siapa memukul orang hingga mati, ia pasti dihukum mati.",
Keluaran,21,13,Keluaran 21:13,وَلَكِنَّ ٱلَّذِي لَمْ يَتَعَمَّدْ، بَلْ أَوْقَعَ ٱللهُ فِي يَدِهِ، فَأَنَا أَجْعَلُ لَكَ مَكَانًا يَهْرُبُ إِلَيْهِ.,"Namun, jika dia tidak merencanakannya, melainkan Allahlah yang menyerahkan orang itu ke dalam tangannya, Aku akan menetapkan suatu tempat bagimu, ke mana dia dapat melarikan diri.","Meskipun begitu, jika pembunuhan itu tidak disengaja dan Allah membiarkan tangannya berbuat demikian, maka Aku akan menentukan bagimu suatu tempat ke mana ia dapat lari.",
Keluaran,21,14,Keluaran 21:14,وَإِذَا بَغَى إِنْسَانٌ عَلَى صَاحِبِهِ لِيَقْتُلَهُ بِغَدْرٍ فَمِنْ عِنْدِ مَذْبَحِي تَأْخُذُهُ لِلْمَوْتِ.,"Namun, jika seseorang naik darah terhadap sesamanya, lalu membunuhnya secara licik, kamu harus mengambil orang itu dari mazbah-Ku untuk dihukum mati.","Jika seseorang berbuat zalim kepada sesamanya dan membunuhnya dengan tipu daya, maka engkau harus mengambil orang itu dari mazbah atau tempat pembakaran kurban-Ku dan menghukumnya mati.",
Keluaran,21,15,Keluaran 21:15,وَمَنْ ضَرَبَ أَبَاهُ أَوْ أُمَّهُ يُقْتَلُ قَتْلًا.,Siapa yang membunuh ayahnya atau ibunya harus dihukum mati.,"Siapa memukul ayahnya atau ibunya, ia pasti dihukum mati.",
Keluaran,21,16,Keluaran 21:16,وَمَنْ سَرَقَ إِنْسَانًا وَبَاعَهُ، أَوْ وُجِدَ فِي يَدِهِ، يُقْتَلُ قَتْلًا.,"Siapa pun yang menculik seseorang, entah dia telah menjualnya atau masih berada di tangannya, dia harus dihukum mati.","Siapa menculik seseorang, entah orang itu sudah dijualnya atau pun masih ada di tangannya, ia pasti dihukum mati.",
Keluaran,21,17,Keluaran 21:17,وَمَنْ شَتَمَ أَبَاهُ أَوْ أُمَّهُ يُقْتَلُ قَتْلًا.,Siapa pun yang mengutuk ayahnya atau ibunya harus dihukum mati.,"Siapa mengutuki ayahnya atau ibunya, ia pasti dihukum mati.",
Keluaran,21,18,Keluaran 21:18,وَإِذَا تَخَاصَمَ رَجُلَانِ فَضَرَبَ أَحَدُهُمَا ٱلْآخَرَ بِحَجَرٍ أَوْ بِلَكْمَةٍ وَلَمْ يُقْتَلْ بَلْ سَقَطَ فِي ٱلْفِرَاشِ،,"Jika ada orang yang bertengkar, dan yang satu memukul yang lainnya dengan batu atau dengan tinjunya, tetapi dia tidak mati dan harus terbaring di tempat tidur,","Jika ada orang bertengkar, lalu yang seorang memukul yang lain dengan batu atau kepalan tinju, dan orang itu tidak mati, tetapi harus terbaring di tempat tidur",
Keluaran,21,19,Keluaran 21:19,فَإِنْ قَامَ وَتَمَشَّى خَارِجًا عَلَى عُكَّازِهِ يَكُونُ ٱلضَّارِبُ بَرِيئًا. إِلَّا أَنَّهُ يُعَوِّضُ عُطْلَتَهُ، وَيُنْفِقُ عَلَى شِفَائِهِ.,"jika dia dapat bangun kembali dan berjalan dengan tongkatnya, orang yang memukulnya itu bebas dari hukuman, orang itu harus membayar waktu berhenti kerjanya, dan orang itu harus menanggungnya sampai benar-benar sembuh.","serta kemudian dapat bangkit dan berjalan lagi di luar dengan memakai tongkat, maka orang yang memukulnya itu bebas dari kesalahan. Hanya, ia harus mengganti kerugian orang itu karena orang itu harus berhenti bekerja, dan ia harus menanggung pengobatannya sampai sembuh.",
Keluaran,21,20,Keluaran 21:20,وَإِذَا ضَرَبَ إِنْسَانٌ عَبْدَهُ أَوْ أَمَتَهُ بِٱلْعَصَا فَمَاتَ تَحْتَ يَدِهِ يُنْتَقَمُ مِنْهُ.,"Jika seseorang memukul budak laki-lakinya atau budak perempuannya dengan tongkat, dan budaknya itu mati di tangannya, dia harus dibalas.","Jika seseorang memukul budaknya, baik laki-laki atau pun perempuan, dengan tongkat hingga budak itu mati di tangannya, maka ia pasti dituntut balas.",
Keluaran,21,21,Keluaran 21:21,لَكِنْ إِنْ بَقِيَ يَوْمًا أَوْ يَوْمَيْنِ لَا يُنْتَقَمُ مِنْهُ لِأَنَّهُ مَالُهُ.,"Namun, jika budaknya itu dapat bertahan selama satu atau dua hari, dia tidak akan dibalas sebab budaknya itu adalah uangnya.","Tetapi, jika budak itu masih hidup satu dua hari, maka ia tidak akan dituntut balas karena budak itu miliknya sendiri.",
Keluaran,21,22,Keluaran 21:22,وَإِذَا تَخَاصَمَ رِجَالٌ وَصَدَمُوا ٱمْرَأَةً حُبْلَى فَسَقَطَ وَلَدُهَا وَلَمْ تَحْصُلْ أَذِيَّةٌ، يُغَرَّمُ كَمَا يَضَعُ عَلَيْهِ زَوْجُ ٱلْمَرْأَةِ، وَيَدْفَعُ عَنْ يَدِ ٱلْقُضَاةِ.,"Jika ada orang yang berkelahi dan melukai perempuan yang sedang mengandung sehingga janinnya gugur dari perempuan itu, tetapi tidak ada luka lainnya, orang itu harus didenda sebanyak yang dibebankan oleh suami perempuan itu atasnya, dan dia harus membayarnya sesuai dengan keputusan hakim.","Jika ada orang berkelahi dan tak sengaja memukul seorang perempuan yang mengandung sehingga anaknya gugur walau dirinya selamat, maka orang itu pasti didenda sebanyak yang dikenakan oleh suami perempuan itu kepadanya, dan ia harus membayarnya sesuai dengan keputusan hakim.",
Keluaran,21,23,Keluaran 21:23,وَإِنْ حَصَلَتْ أَذِيَّةٌ تُعْطِي نَفْسًا بِنَفْسٍ،,"Namun, jika ada luka lainnya, kamu harus membalas nyawa ganti nyawa,","Tetapi, jika terjadi luka serius, maka engkau harus membayar nyawa ganti nyawa,",
Keluaran,21,24,Keluaran 21:24,وَعَيْنًا بِعَيْنٍ، وَسِنًّا بِسِنٍّ، وَيَدًا بِيَدٍ، وَرِجْلًا بِرِجْلٍ،,"mata ganti mata, gigi ganti gigi, tangan ganti tangan, dan kaki ganti kaki,","mata ganti mata, gigi ganti gigi, tangan ganti tangan, kaki ganti kaki,",
Keluaran,21,25,Keluaran 21:25,وَكَيًّا بِكَيٍّ، وَجُرْحًا بِجُرْحٍ، وَرَضًّا بِرَضٍّ.,"luka bakar ganti luka bakar, luka ganti luka, bengkak ganti bengkak.","luka bakar ganti luka bakar, luka ganti luka, dan bilur ganti bilur.",
Keluaran,21,26,Keluaran 21:26,وَإِذَا ضَرَبَ إِنْسَانٌ عَيْنَ عَبْدِهِ، أَوْ عَيْنَ أَمَتِهِ فَأَتْلَفَهَا، يُطْلِقُهُ حُرًّا عِوَضًا عَنْ عَيْنِهِ.,"Jika seseorang memukul mata budak laki-lakinya atau mata budak perempuannya dan merusaknya, dia harus membiarkan budaknya merdeka karena matanya itu.","Jika seseorang memukul mata budaknya laki-laki atau mata budaknya perempuan hingga rusak, maka ia harus melepas budak itu pergi sebagai orang merdeka untuk mengganti matanya itu.",
Keluaran,21,27,Keluaran 21:27,وَإِنْ أَسْقَطَ سِنَّ عَبْدِهِ أَوْ سِنَّ أَمَتِهِ يُطْلِقُهُ حُرًّا عِوَضًا عَنْ سِنِّهِ.,"Jika dia memukul budaknya laki-laki dan budaknya perempuan sampai giginya tanggal, dia harus membiarkan budaknya merdeka karena giginya itu.","Jika ia menanggalkan gigi budaknya laki-laki atau gigi budaknya perempuan, maka ia harus melepas budak itu pergi sebagai orang merdeka untuk mengganti giginya itu.",
Keluaran,21,28,Keluaran 21:28,«وَإِذَا نَطَحَ ثَوْرٌ رَجُلًا أَوِ ٱمْرَأَةً فَمَاتَ، يُرْجَمُ ٱلثَّوْرُ وَلَا يُؤْكَلُ لَحْمُهُ. وَأَمَّا صَاحِبُ ٱلثَّوْرِ فَيَكُونُ بَرِيئًا.,"Jika seekor sapi jantan menanduk seorang laki-laki atau perempuan sehingga orang itu mati, sapi itu harus dirajam dan dagingnya tidak boleh dimakan, sedangkan pemilik sapi itu bebas dari hukuman.","Jika seekor sapi menanduk seorang laki-laki atau perempuan sehingga orang itu mati, maka sapi itu pasti dirajam dan dagingnya tidak boleh dimakan, sedangkan pemilik sapi itu bebas dari kesalahan.",
Keluaran,21,29,Keluaran 21:29,وَلَكِنْ إِنْ كَانَ ثَوْرًا نَطَّاحًا مِنْ قَبْلُ، وَقَدْ أُشْهِدَ عَلَى صَاحِبِهِ وَلَمْ يَضْبِطْهُ، فَقَتَلَ رَجُلًا أَوِ ٱمْرَأَةً، فَٱلثَّوْرُ يُرْجَمُ وَصَاحِبُهُ أَيْضًا يُقْتَلُ.,"Namun, jika sebelumnya sapi itu sudah sering menanduk dan pemiliknya juga sudah ditegur akan hal itu, tetapi dia tidak mengawasinya, lalu sapi itu membunuh seorang laki-laki atau perempuan, sapi itu harus dirajam dan pemiliknya pun harus dihukum mati.","Akan tetapi, jika sapi itu sejak dahulu telah sering menanduk dan pemiliknya tidak mau menjaganya walaupun sudah diperingatkan, lalu sapi itu menanduk mati seorang laki-laki atau perempuan, maka sapi itu harus dirajam dan pemiliknya pun harus dihukum mati.",
Keluaran,21,30,Keluaran 21:30,إِنْ وُضِعَتْ عَلَيْهِ فِدْيَةٌ، يَدْفَعُ فِدَاءَ نَفْسِهِ كُلُّ مَا يُوضَعُ عَلَيْهِ.,"Namun, jika kepadanya dibebankan uang tebusan, dia harus memberikannya sebagai tebusan untuk nyawanya berdasarkan segala sesuatu yang ditanggungkan kepadanya.","Namun, jika sejumlah uang tebusan ditanggungkan kepadanya, maka ia harus membayar semua yang ditanggungkan kepadanya itu sebagai tebusan nyawanya.",
Keluaran,21,31,Keluaran 21:31,أَوْ إِذَا نَطَحَ ٱبْنًا أَوْ نَطَحَ ٱبْنَةً فَبِحَسَبِ هَذَا ٱلْحُكْمِ يُفْعَلُ بِهِ.,"Entah sapi itu menanduk seorang anak laki-laki ataupun anak perempuan, berdasarkan peraturan ini begitulah akan diterapkan kepadanya.","Jika sapi itu menanduk seorang anak laki-laki atau perempuan, maka peraturan itu berlaku pula atas pemiliknya.",
Keluaran,21,32,Keluaran 21:32,إِنْ نَطَحَ ٱلثَّوْرُ عَبْدًا أَوْ أَمَةً، يُعْطِي سَيِّدَهُ ثَلَاثِينَ شَاقِلَ فِضَّةٍ، وَٱلثَّوْرُ يُرْجَمُ.,"Namun, jika sapi itu menanduk seorang budak laki-laki atau budak perempuan, pemilik sapi harus memberikan 30 syikal perak kepada tuannya, dan sapi itu harus dirajam.","Jika sapi itu menanduk seorang budak laki-laki atau perempuan, maka pemiliknya harus membayar tiga puluh syikal perak kepada tuan budak itu, dan sapi itu harus dirajam.",
Keluaran,21,33,Keluaran 21:33,وَإِذَا فَتَحَ إِنْسَانٌ بِئْرًا، أَوْحَفَرَ إِنْسَانٌ بِئْرًا وَلَمْ يُغَطِّهِ، فَوَقَعَ فِيهِ ثَوْرٌ أَوْ حِمَارٌ،,"Jika ada orang yang membuka sumur atau jika ada orang yang menggali sumur dan tidak menutupnya, lalu seekor sapi jantan atau seekor keledai jantan jatuh ke dalamnya,","Jika seseorang membuka sebuah sumur, atau jika seseorang menggali sebuah sumur dan tidak menutupnya, lalu seekor sapi atau keledai jatuh ke dalamnya,",
Keluaran,21,34,Keluaran 21:34,فَصَاحِبُ ٱلْبِئْرِ يُعَوِّضُ وَيَرُدُّ فِضَّةً لِصَاحِبِهِ، وَٱلْمَيْتُ يَكُونُ لَهُ.,"pemilik sumur itu harus mengganti rugi dan memberikan sejumlah uang kepada pemilik ternak itu, tetapi ternak yang mati itu akan menjadi milik pemilik sumur.","maka pemilik sumur itu harus membayar ganti rugi. Ia harus membayar seharga binatang itu kepada pemiliknya, dan bangkai binatang itu menjadi miliknya.",
Keluaran,21,35,Keluaran 21:35,وَإِذَا نَطَحَ ثَوْرُ إِنْسَانٍ ثَوْرَ صَاحِبِهِ فَمَاتَ، يَبِيعَانِ ٱلثَّوْرَ ٱلْحَيَّ وَيَقْتَسِمَانِ ثَمَنَهُ. وَٱلْمَيْتُ أَيْضًا يَقْتَسِمَانِهِ.,"Jika sapi seseorang melukai sapi lainnya dan mati, mereka harus menjual ternak yang masih hidup itu dan membagi uangnya. Sapi yang mati itu pun harus dibagi dua.","Jika sapi seseorang melukai sapi orang lain sampai mati, maka sapi yang hidup itu harus dijual dan uangnya harus dibagi dua. Sapi yang mati itu pun harus dibagi dua.",
Keluaran,21,36,Keluaran 21:36,لَكِنْ إِذَا عُلِمَ أَنَّهُ ثَوْرٌ نَطَّاحٌ مِنْ قَبْلُ وَلَمْ يَضْبِطْهُ صَاحِبُهُ، يُعَوِّضُ عَنِ ٱلثَّوْرِ بِثَوْرٍ، وَٱلْمَيْتُ يَكُونُ لَهُ.,"Atau, jika sudah diketahui bahwa sapi itu sudah sering menanduk sebelumnya, dan pemiliknya tidak menjaganya, dia harus membayar sapi jantan ganti sapi jantan, dan yang mati akan menjadi miliknya.”","Akan tetapi, jika sudah diketahui bahwa sapi itu sejak dahulu sering menanduk, dan pemiliknya tidak mau menjaganya, maka ia harus membayar ganti rugi penuh, sapi ganti sapi, sedangkan bangkai itu menjadi miliknya.",
Keluaran,22,1,Keluaran 22:1,«إِذَا سَرَقَ إِنْسَانٌ ثَوْرًا أَوْ شَاةً فَذَبَحَهُ أَوْ بَاعَهُ، يُعَوِّضُ عَنِ ٱلثَّوْرِ بِخَمْسَةِ ثِيرَانٍ، وَعَنِ ٱلشَّاةِ بِأَرْبَعَةٍ مِنَ ٱلْغَنَمِ.,"“Jika seseorang mencuri seekor sapi jantan atau domba, lalu membunuhnya atau menjualnya, dia harus membayar lima sapi untuk mengganti sapi jantan itu dan empat domba untuk mengganti domba itu.","Jika seseorang mencuri seekor sapi atau seekor domba dan menyembelihnya atau menjualnya, maka ia harus membayar ganti rugi, lima ekor sapi ganti sapi itu dan empat ekor domba ganti domba itu.",
Keluaran,22,2,Keluaran 22:2,إِنْ وُجِدَ ٱلسَّارِقُ وَهُوَ يَنْقُبُ، فَضُرِبَ وَمَاتَ، فَلَيْسَ لَهُ دَمٌ.,"Jika pencuri itu kedapatan sedang membobol, lalu dia dipukuli sampai mati, tidak akan ada utang darah atasnya.","Jika pencuri itu didapati tengah membongkar, lalu ia dipukuli orang sampai mati, maka darahnya tidak ditanggungkan kepada si pemukul.",
Keluaran,22,3,Keluaran 22:3,وَلَكِنْ إِنْ أَشْرَقَتْ عَلَيْهِ ٱلشَّمْسُ، فَلَهُ دَمٌ. إِنَّهُ يُعَوِّضُ. إِنْ لَمْ يَكُنْ لَهُ يُبَعْ بِسَرِقَتِهِ.,"Namun, jika matahari telah terbit atasnya, akan ada utang darah atasnya sehingga dia harus membayar kerugian sepenuhnya. Jika dia tidak memiliki apa-apa, dia harus dijual untuk mengganti curiannya itu.","Tetapi, jika pemukulan terjadi setelah matahari terbit, maka darahnya ditanggungkan kepada si pemukul. Seorang pencuri harus membayar ganti rugi penuh. Jika ia sudah tidak punya apa-apa lagi, maka ia harus dijual sebagai ganti barang curiannya itu.",
Keluaran,22,4,Keluaran 22:4,إِنْ وُجِدَتِ ٱلسَّرِقَةُ فِي يَدِهِ حَيَّةً، ثَوْرًا كَانَتْ أَمْ حِمَارًا أَمْ شَاةً، يُعَوِّضُ بِٱثْنَيْنِ.,"Jika yang dicurinya itu didapati masih dalam keadaan hidup di tangannya, baik sapi, keledai, atau domba, dia harus membayar dua kali lipat.","Jika binatang curian itu didapati di tangannya dalam keadaan hidup, entah itu sapi, keledai, atau anak domba, maka ia harus membayar ganti rugi dua kali lipat.",
Keluaran,22,5,Keluaran 22:5,«إِذَا رَعَى إِنْسَانٌ حَقْلًا أَوْ كَرْمًا وَسَرَّحَ مَوَاشِيَهُ فَرَعَتْ فِي حَقْلِ غَيْرِهِ، فَمِنْ أَجْوَدِ حَقْلِهِ، وَأَجْوَدِ كَرْمِهِ يُعَوِّضُ.,"Jika seseorang membiarkan suatu ladang atau kebun anggur dimakan oleh ternaknya, lalu ternak itu dibiarkan untuk makan di ladang orang lain, dia harus membayar ganti rugi dengan hasil yang terbaik dari ladangnya sendiri atau dengan hasil yang terbaik dari kebun anggurnya sendiri.","Jika seseorang menggembalakan ternak di ladang atau di kebun anggur, dan ternak itu dibiarkannya lepas sehingga makan di ladang orang lain, maka ia harus memberikan hasil terbaik dari ladangnya dan hasil terbaik dari kebun anggurnya sebagai bayaran ganti rugi.",
Keluaran,22,6,Keluaran 22:6,إِذَا خَرَجَتْ نَارٌ وَأَصَابَتْ شَوْكًا فَٱحْتَرَقَتْ أَكْدَاسٌ أَوْ زَرْعٌ أَوْ حَقْلٌ، فَٱلَّذِي أَوْقَدَ ٱلْوَقِيدَ يُعَوِّضُ.,"Jika api menyala dan melahap semak duri sehingga timbunan jagung atau ladang itu dimakan api, orang yang menyulut api itu harus membayar ganti rugi.","Jika api menyala dan menjilat semak duri sehingga tumpukan gandum atau gandum yang belum dipotong, bahkan seluruh ladang terlalap api, maka orang yang menyalakan api itu harus membayar ganti rugi penuh.",
Keluaran,22,7,Keluaran 22:7,إِذَا أَعْطَى إِنْسَانٌ صَاحِبَهُ فِضَّةً أَوْ أَمْتِعَةً لِلْحِفْظِ، فَسُرِقَتْ مِنْ بَيْتِ ٱلْإِنْسَانِ، فَإِنْ وُجِدَ ٱلسَّارِقُ، يُعَوِّضُ بِٱثْنَيْنِ.,"Jika seseorang menitipkan uang kepada temannya untuk disimpan, lalu uang itu dicuri dari rumah orang itu dan pencurinya tertangkap, dia harus membayar ganti rugi sebesar dua kali lipat.","Jika seseorang menitipkan uang atau barang kepada kawannya, lalu uang atau barang itu dicuri dari rumah kawan itu, maka pencuri itu harus membayar ganti rugi dua kali lipat jika ia kedapatan.",
Keluaran,22,8,Keluaran 22:8,وَإِنْ لَمْ يُوجَدِ ٱلسَّارِقُ يُقَدَّمُ صَاحِبُ ٱلْبَيْتِ إِلَى ٱللهِ لِيَحْكُمَ هَلْ لَمْ يَمُدَّ يَدَهُ إِلَى مُلْكِ صَاحِبِهِ.,"Jika pencurinya tidak tertangkap, pemilik rumah itu harus dibawa ke hadapan Allah untuk mengetahui apakah dia telah mengulurkan tangannya atas barang-barang temannya itu.","Jika pencuri itu tidak didapati, maka tuan rumah harus dihadapkan ke hadirat Allah untuk diperiksa apakah ia mengulurkan tangannya mengambil barang milik kawannya atau tidak.",
Keluaran,22,9,Keluaran 22:9,فِي كُلِّ دَعْوَى جِنَايَةٍ، مِنْ جِهَةِ ثَوْرٍ أَوْ حِمَارٍ أَوْ شَاةٍ أَوْ ثَوْبٍ أَوْ مَفْقُودٍ مَا، يُقَالُ: إِنَّ هَذَا هُوَ، تُقَدَّمُ إِلَى ٱللهِ دَعْوَاهُمَا. فَٱلَّذِي يَحْكُمُ ٱللهُ بِذَنْبِهِ، يُعَوِّضُ صَاحِبَهُ بِٱثْنَيْنِ.,"Untuk segala bentuk pelanggaran, baik itu tentang sapi, tentang keledai, tentang domba, tentang pakaian, atau tentang segala sesuatu yang hilang, dia yang mengatakan bahwa barang itu miliknya, keduanya harus membawanya ke hadapan Allah. Siapa pun yang Allah nyatakan bersalah harus membayar dua kali lipat kepada temannya.","Dalam segala perkara perselisihan, entah itu tentang sapi, keledai, domba, pakaian, atau barang apa pun yang hilang jika yang seorang berkata, “Ini milikku,” maka perkara kedua orang itu harus dibawa ke hadirat Allah. Siapa yang dipersalahkan oleh Allah harus membayar ganti rugi dua kali lipat kepada kawannya.",
Keluaran,22,10,Keluaran 22:10,إِذَا أَعْطَى إِنْسَانٌ صَاحِبَهُ حِمَارًا أَوْ ثَوْرًا أَوْ شَاةً أَوْ بَهِيمَةً مَّا لِلْحِفْظِ، فَمَاتَ أَوِ ٱنْكَسَرَ أَوْ نُهِبَ وَلَيْسَ نَاظِرٌ،,"Jika seseorang menitipkan keledai, atau sapi, atau domba, atau hewan apa pun kepada temannya agar dia menjaganya, lalu hewan itu mati atau terluka, atau diambil orang tanpa ada seorang pun yang melihatnya,","Jika seseorang menitipkan kepada kawannya seekor keledai, sapi, domba, atau binatang lainnya, lalu binatang itu mati, luka, atau diambil orang tanpa ada yang melihatnya,",
Keluaran,22,11,Keluaran 22:11,فَيَمِينُ ٱلرَّبِّ تَكُونُ بَيْنَهُمَا، هَلْ لَمْ يَمُدَّ يَدَهُ إِلَى مُلْكِ صَاحِبِهِ. فَيَقْبَلُ صَاحِبُهُ. فَلَا يُعَوِّضُ.,"harus ada sumpah di antara mereka demi TUHAN bahwa dia tidak mengulurkan tangannya atas milik temannya itu, dan pemiliknya harus menerimanya, dan dia tidak perlu membayar ganti rugi.","maka haruslah diangkat sumpah demi ALLAH di antara kedua orang itu untuk menentukan apakah ia mengulurkan tangannya mengambil barang kawannya atau tidak. Sumpah itu harus diterima oleh sang pemilik, dan kawannya itu tidak usah membayar ganti rugi.",
Keluaran,22,12,Keluaran 22:12,وَإِنْ سُرِقَ مِنْ عِنْدِهِ يُعَوِّضُ صَاحِبَهُ.,"Namun, jika hewan itu benar-benar dicuri darinya, dia harus membayar ganti rugi kepada pemiliknya.","Tetapi, jika binatang itu benar-benar dicuri darinya, maka ia harus membayar ganti rugi kepada sang pemilik.",
Keluaran,22,13,Keluaran 22:13,إِنِ ٱفْتُرِسَ يُحْضِرُهُ شَهَادَةً. لَا يُعَوِّضُ عَنِ ٱلْمُفْتَرَسِ.,"Jika hewan itu benar-benar tercabik-cabik, biarlah dia membawanya sebagai bukti sehingga dia tidak perlu membayar ganti rugi atas apa yang telah tercabik-cabik itu.","Jika binatang itu benar-benar dicabik-cabik oleh binatang buas, maka ia harus membawanya sebagai bukti, dan ia tidak usah membayar ganti rugi atas binatang yang dicabik-cabik itu.",
Keluaran,22,14,Keluaran 22:14,وَإِذَا ٱسْتَعَارَ إِنْسَانٌ مِنْ صَاحِبِهِ شَيْئًا فَٱنْكَسَرَ أَوْ مَاتَ، وَصَاحِبُهُ لَيْسَ مَعَهُ، يُعَوِّضُ.,"Jika seseorang meminjam hewan apa pun dari temannya, lalu hewan itu terluka atau mati ketika pemiliknya tidak bersama dengannya, orang itu benar-benar harus membayar ganti rugi.","Jika seseorang meminjam seekor binatang dari kawannya, lalu binatang itu luka atau mati ketika pemiliknya tidak ada di situ, maka ia harus membayar ganti rugi penuh.",
Keluaran,22,15,Keluaran 22:15,وَإِنْ كَانَ صَاحِبُهُ مَعَهُ لَا يُعَوِّضُ. إِنْ كَانَ مُسْتَأْجَرًا أَتَى بِأُجْرَتِهِ.,"Namun, jika pemiliknya ada bersama dengan hewan itu, orang itu tidak perlu membayar ganti rugi. Jika hewan itu disewa, itu sudah mencakup biaya sewanya.","Jika pemiliknya ada di situ, maka ia tidak usah membayar ganti rugi. Jika binatang itu disewa, maka kerugian itu sudah termasuk dalam sewanya.",
Keluaran,22,16,Keluaran 22:16,«وَإِذَا رَاوَدَ رَجُلٌ عَذْرَاءَ لَمْ تُخْطَبْ، فَٱضْطَجَعَ مَعَهَا يَمْهُرُهَا لِنَفْسِهِ زَوْجَةً.,"Jika seorang laki-laki merayu seorang gadis yang belum bertunangan untuk tidur dengannya, dia harus membelinya sebagai istrinya.","Jika seseorang membujuk seorang anak dara yang belum bertunangan, lalu tidur dengannya, maka ia harus membayar mas kawin untuk memperistri perempuan itu.",
Keluaran,22,17,Keluaran 22:17,إِنْ أَبَى أَبُوهَا أَنْ يُعْطِيَهُ إِيَّاهَا، يَزِنُ لَهُ فِضَّةً كَمَهْرِ ٱلْعَذَارَى.,"Jika ayah gadis itu menolak untuk memberikan anaknya kepada laki-laki itu, dia harus membayar sejumlah uang berdasarkan maskawin seorang gadis.","Jika ayah perempuan itu sama sekali menolak untuk memberikan anaknya kepadanya, maka orang itu tetap harus membayarkan uang senilai mas kawin anak dara.",
Keluaran,22,18,Keluaran 22:18,لَا تَدَعْ سَاحِرَةً تَعِيشُ.,Kamu tidak boleh membiarkan seorang perempuan penyihir hidup.,Jangan kaubiarkan hidup seorang perempuan yang menjadi juru teluh.,
Keluaran,22,19,Keluaran 22:19,كُلُّ مَنِ ٱضْطَجَعَ مَعَ بَهِيمَةٍ يُقْتَلُ قَتْلًا.,Siapa pun yang bersetubuh dengan hewan harus dihukum mati.,"Siapa bersetubuh dengan seekor binatang, ia pasti dihukum mati.",
Keluaran,22,20,Keluaran 22:20,مَنْ ذَبَحَ لِآلِهَةٍ غَيْرِ ٱلرَّبِّ وَحْدَهُ، يُهْلَكُ.,"Siapa pun yang berkurban bagi ilah-ilah lain, selain bagi TUHAN semata, dia harus dibinasakan.","Siapa mempersembahkan kurban kepada dewa-dewa, dan bukan kepada ALLAH semata-mata, ia harus ditumpas.",
Keluaran,22,21,Keluaran 22:21,«وَلَا تَضْطَهِدِ ٱلْغَرِيبَ وَلَا تُضَايِقْهُ، لِأَنَّكُمْ كُنْتُمْ غُرَبَاءَ فِي أَرْضِ مِصْرَ.,Kamu tidak boleh menindas orang asing ataupun menekannya karena dahulu kamu juga adalah orang asing di tanah Mesir.,Jangan menindas seorang pendatang atau menekan dia karena kamu pun dahulu pendatang di Tanah Mesir.,
Keluaran,22,22,Keluaran 22:22,لَا تُسِيءْ إِلَى أَرْمَلَةٍ مَّا وَلَا يَتِيمٍ.,Kamu tidak boleh menganiaya seorang janda atau anak yatim.,Jangan menindas seorang janda atau seorang anak yatim.,
Keluaran,22,23,Keluaran 22:23,إِنْ أَسَأْتَ إِلَيْهِ فَإِنِّي إِنْ صَرَخَ إِلَيَّ أَسْمَعُ صُرَاخَهُ،,"Jika kamu menganiaya mereka dengan cara apa pun, lalu mereka berseru kepada-Ku, Aku akan benar-benar mendengarkan seruan mereka,","Jika engkau menindas mereka, lalu mereka berseru kepada-Ku, Aku pasti akan mendengarkan seruan mereka.",
Keluaran,22,24,Keluaran 22:24,فَيَحْمَى غَضَبِي وَأَقْتُلُكُمْ بِٱلسَّيْفِ، فَتَصِيرُ نِسَاؤُكُمْ أَرَامِلَ، وَأَوْلَادُكُمْ يَتَامَى.,"dan murka-Ku akan menyala-nyala, lalu Aku akan membunuhmu dengan pedang sehingga istri-istrimu akan menjadi janda dan anak-anakmu menjadi yatim.",Murka-Ku akan menyala-nyala dan Aku akan menewaskan kamu dengan pedang sehingga istri-istrimu menjadi janda dan anak-anakmu menjadi yatim.,
Keluaran,22,25,Keluaran 22:25,إِنْ أَقْرَضْتَ فِضَّةً لِشَعْبِي ٱلْفَقِيرِ ٱلَّذِي عِنْدَكَ فَلَا تَكُنْ لَهُ كَٱلْمُرَابِي. لَا تَضَعُوا عَلَيْهِ رِبًا.,"Jika kamu meminjamkan uang kepada umat-Ku yang miskin di antaramu, kamu tidak boleh bertindak seperti penagih utang terhadapnya dan kamu juga tidak boleh menetapkan bunga kepadanya.","Jika engkau meminjamkan uang kepada seorang dari umat-Ku yang miskin di antara kamu, jangan menjadi seorang penagih utang terhadap dia dan jangan kaubebankan bunga kepadanya.",
Keluaran,22,26,Keluaran 22:26,إِنِ ٱرْتَهَنْتَ ثَوْبَ صَاحِبِكَ فَإِلَى غُرُوبِ ٱلشَّمْسِ تَرُدُّهُ لَهُ،,"Jika kamu mengambil jubah temanmu sebagai jaminan utang, kamu harus mengembalikan itu kepadanya sebelum matahari terbenam,","Jika engkau sampai harus mengambil pakaian kawanmu sebagai gadaian, kembalikanlah pakaian itu kepadanya sebelum matahari terbenam",
Keluaran,22,27,Keluaran 22:27,لِأَنَّهُ وَحْدَهُ غِطَاؤُهُ، هُوَ ثَوْبُهُ لِجِلْدِهِ، فِي مَاذَا يَنَامُ؟ فَيَكُونُ إِذَا صَرَخَ إِلَيَّ أَنِّي أَسْمَعُ، لِأَنِّي رَؤُوفٌ.,"sebab mungkin hanya itulah penutup tubuhnya, itulah pakaian bagi kulitnya, jadi dengan apakah dia akan tidur? Lalu, akan terjadi, ketika dia berseru kepada-Ku, Aku akan mendengarkannya sebab Aku ini murah hati.","karena hanya itulah penutup dan pakaian pada tubuhnya—dengan apakah ia akan tidur? Jadi, jika ia berseru kepada-Ku, Aku akan mendengarkannya karena Aku ini maha pengasih.",
Keluaran,22,28,Keluaran 22:28,«لَا تَسُبَّ ٱللهَ، وَلَا تَلْعَنْ رَئِيسًا فِي شَعْبِكَ.,Kamu tidak boleh mengutuk Allah ataupun pemimpin bangsamu.,Jangan menghina Allah dan jangan mengutuki seorang pemimpin bangsamu.,
Keluaran,22,29,Keluaran 22:29,لَا تُؤَخِّرْ مِلْءَ بَيْدَرِكَ، وَقَطْرَ مِعْصَرَتِكَ، وَأَبْكَارَ بَنِيكَ تُعْطِينِي.,Kamu tidak boleh menangguhkan persembahan dari hasil panenmu dan hasil anggurmu. Kamu harus menyerahkan anak laki-laki sulungmu kepada-Ku.,Jangan lalai mempersembahkan hasil tuaianmu dan hasil pemerasan anggurmu. Yang sulung dari anak-anak lelakimu harus kaukhususkan bagi-Ku.,
Keluaran,22,30,Keluaran 22:30,كَذَلِكَ تَفْعَلُ بِبَقَرِكَ وَغَنَمِكَ. سَبْعَةَ أَيَّامٍ يَكُونُ مَعَ أُمِّهِ، وَفِي ٱلْيَوْمِ ٱلثَّامِنِ تُعْطِينِي إِيَّاهُ.,"Demikianlah kamu juga harus melakukannya dengan sapi-sapimu dan dengan domba-dombamu. Selama 7 hari, hewan itu akan tinggal dengan induknya, lalu kamu harus menyerahkannya kepada-Ku pada hari kedelapan.","Demikian jugalah harus kaulakukan dengan kawanan sapi dan kawanan kambing dombamu. Tujuh hari lamanya anak-anak binatang itu harus tinggal dengan induknya, tetapi pada hari kedelapan engkau harus mempersembahkannya kepada-Ku.",
Keluaran,22,31,Keluaran 22:31,وَتَكُونُونَ لِي أُنَاسًا مُقَدَّسِينَ. وَلَحْمَ فَرِيسَةٍ فِي ٱلصَّحْرَاءِ لَا تَأْكُلُوا. لِلْكِلَابِ تَطْرَحُونَهُ.,"Kamu harus menjadi umat yang kudus bagi-Ku. Sebab itu, kamu tidak boleh makan daging apa pun yang dicabik-cabik oleh binatang di padang, melainkan kamu harus melemparkannya kepada anjing.”",Jadilah orang-orang yang suci bagi-Ku. Jangan kamu makan daging yang dicabik-cabik oleh binatang liar. Campakkanlah daging itu kepada anjing.,
Keluaran,23,1,Keluaran 23:1,«لَا تَقْبَلْ خَبَرًا كَاذِبًا، وَلَا تَضَعْ يَدَكَ مَعَ ٱلْمُنَافِقِ لِتَكُونَ شَاهِدَ ظُلْمٍ.,"“Jangan menyebarkan perkataan yang sia-sia, jangan melibatkan tanganmu dengan orang jahat untuk menjadi saksi palsu baginya.",Jangan menyebarkan kabar dusta. Jangan bekerja sama dengan orang fasik dengan menjadi saksi yang tidak benar.,
Keluaran,23,2,Keluaran 23:2,لَا تَتْبَعِ ٱلْكَثِيرِينَ إِلَى فِعْلِ ٱلشَّرِّ، وَلَا تُجِبْ فِي دَعْوَى مَائِلًا وَرَاءَ ٱلْكَثِيرِينَ لِلتَّحْرِيفِ.,"Jangan kamu ikut-ikutan dengan orang banyak dalam hal melakukan kejahatan dan jangan pula kamu menjadi saksi dalam suatu perkara hukum, mengikuti kebanyakan orang, untuk menyesatkan keadilan,","Jangan ikut-ikutan orang banyak berbuat jahat. Jika engkau menjadi saksi dalam suatu perkara, jangan menyimpang dengan ikut-ikutan orang banyak memutarbalikkan hukum.",
Keluaran,23,3,Keluaran 23:3,وَلَا تُحَابِ مَعَ ٱلْمِسْكِينِ فِي دَعْوَاهُ.,dan jangan pula berpihak pada orang miskin dalam perkaranya.,Jangan memihak orang miskin dalam perkaranya.,
Keluaran,23,4,Keluaran 23:4,إِذَا صَادَفْتَ ثَوْرَ عَدُوِّكَ أَوْ حِمَارَهُ شَارِدًا، تَرُدُّهُ إِلَيْهِ.,"Jika kamu mendapati sapi musuhmu atau keledainya berkeliaran, kamu harus mengembalikannya kepada pemiliknya.","Jika engkau mendapati sapi musuhmu atau keledainya tersesat, engkau harus mengembalikan binatang itu kepadanya.",
Keluaran,23,5,Keluaran 23:5,إِذَا رَأَيْتَ حِمَارَ مُبْغِضِكَ وَاقِعًا تَحْتَ حِمْلِهِ وَعَدَلْتَ عَنْ حَلِّهِ، فَلَا بُدَّ أَنْ تَحُلَّ مَعَهُ.,"Jika kamu melihat keledai milik orang yang membencimu rebah di bawah bebannya, jangan kamu meninggalkannya, kamu harus benar-benar melepaskan bebannya.","Jika engkau melihat keledai milik orang yang membencimu rebah karena berat tanggungannya, jangan enggan menolongnya. Tolonglah orang itu dan juga keledainya.",
Keluaran,23,6,Keluaran 23:6,لَا تُحَرِّفْ حَقَّ فَقِيرِكَ فِي دَعْوَاهُ.,Jangan kamu memutarbalikkan hak orang miskin dalam perkaranya.,Jangan memutarbalikkan hak orang miskin di antaramu dalam perkaranya.,
Keluaran,23,7,Keluaran 23:7,اِبْتَعِدْ عَنْ كَلَامِ ٱلْكَذِبِ، وَلَا تَقْتُلِ ٱلْبَرِيءَ وَٱلْبَارَّ، لِأَنِّي لَا أُبَرِّرُ ٱلْمُذْنِبَ.,"Menjauhlah dari perkara yang licik, dan jangan kamu membunuh orang yang tidak bersalah atau orang yang benar sebab Aku tidak membenarkan kejahatan.",Jauhkanlah dirimu dari perkara dusta. Orang yang tak bersalah dan orang benar tidak boleh kauhukum mati karena Aku tidak akan membenarkan orang fasik.,
Keluaran,23,8,Keluaran 23:8,وَلَا تَأْخُذْ رَشْوَةً، لِأَنَّ ٱلرَّشْوَةَ تُعْمِي ٱلْمُبْصِرِينَ، وَتُعَوِّجُ كَلَامَ ٱلْأَبْرَارِ.,Jangan kamu menerima suap sebab suap dapat membutakan mata orang yang dapat melihat dan memutarbalikkan perkara orang yang benar.,Jangan menerima suap karena suap membutakan mata orang yang melihat dan memutarbalikkan perkara orang benar.,
Keluaran,23,9,Keluaran 23:9,وَلَا تُضَايِقِ ٱلْغَرِيبَ فَإِنَّكُمْ عَارِفُونَ نَفْسَ ٱلْغَرِيبِ، لِأَنَّكُمْ كُنْتُمْ غُرَبَاءَ فِي أَرْضِ مِصْرَ.,Jangan menindas orang asing. Kamu sendiri tahu rasanya menjadi orang asing sebab kamu adalah orang yang tinggal sementara di tanah Mesir.”,Seorang pendatang jangan kautekan. Kamu sendiri tahu bagaimana rasanya menjadi pendatang karena kamu pun dahulu pendatang di Tanah Mesir.,
Keluaran,23,10,Keluaran 23:10,«وَسِتَّ سِنِينَ تَزْرَعُ أَرْضَكَ وَتَجْمَعُ غَلَّتَهَا،,"“Selama 6 tahun kamu harus menabur benih di tanahmu dan akan mengumpulkan hasilnya,","Enam tahun lamanya engkau harus menabur benih di tanahmu dan mengumpulkan hasilnya,",
Keluaran,23,11,Keluaran 23:11,وَأَمَّا فِي ٱلسَّابِعَةِ فَتُرِيحُهَا وَتَتْرُكُهَا لِيَأْكُلَ فُقَرَاءُ شَعْبِكَ. وَفَضْلَتُهُمْ تَأْكُلُهَا وُحُوشُ ٱلْبَرِّيَّةِ. كَذَلِكَ تَفْعَلُ بِكَرْمِكَ وَزَيْتُونِكَ.,"tetapi pada tahun ketujuh, kamu harus membiarkannya dan meninggalkannya supaya apa pun yang ditinggalkan oleh tanah itu dapat dimakan oleh binatang di ladang. Kamu harus melakukan hal yang sama dengan kebun anggurmu dan pohon-pohon zaitunmu.","tetapi pada tahun ketujuh engkau harus membiarkannya dan meninggalkannya begitu saja supaya kaum duafa di antara bangsamu dapat makan, dan apa yang mereka sisakan dapat dimakan binatang liar. Demikian jugalah harus kauperlakukan kebun anggurmu dan kebun zaitunmu.",
Keluaran,23,12,Keluaran 23:12,سِتَّةَ أَيَّامٍ تَعْمَلُ عَمَلَكَ. وَأَمَّا ٱلْيَوْمُ ٱلسَّابِعُ فَفِيهِ تَسْتَرِيحُ، لِكَيْ يَسْتَرِيحَ ثَوْرُكَ وَحِمَارُكَ، وَيَتَنَفَّسَ ٱبْنُ أَمَتِكَ وَٱلْغَرِيبُ.,"Enam hari lamanya kamu akan mengerjakan pekerjaanmu, tetapi pada hari ketujuh kamu harus beristirahat agar sapimu dan keledaimu dapat beristirahat, begitu pula dengan anak budak perempuanmu dan orang asing agar mereka dapat beristirahat.","Enam hari lamanya engkau harus melakukan pekerjaanmu, tetapi pada hari ketujuh engkau harus berhenti. Dengan demikian, sapimu serta keledaimu dapat beristirahat dan anak hambamu perempuan serta para pendatang dapat melepas lelah.",
Keluaran,23,13,Keluaran 23:13,وَكُلُّ مَا قُلْتُ لَكُمُ ٱحْتَفِظُوا بِهِ، وَلَا تَذْكُرُوا ٱسْمَ آلِهَةٍ أُخْرَى، وَلَا يُسْمَعْ مِنْ فَمِكَ.,Perhatikanlah segala sesuatu yang telah Aku firmankan kepadamu dan jangan menyebut nama ilah-ilah lain dan jangan biarkan itu terdengar dari mulutmu!,"Camkanlah segala hal yang Kufirmankan kepadamu. Jangan menyebut nama ilah lain, dan jangan biarkan nama itu terdengar dari mulutmu.",
Keluaran,23,14,Keluaran 23:14,«ثَلَاثَ مَرَّاتٍ تُعَيِّدُ لِي فِي ٱلسَّنَةِ.,Tiga kali dalam setahun kamu harus mengadakan perayaan bagi-Ku.,Tiga kali dalam setahun engkau harus mengadakan perayaan bagi-Ku.,
Keluaran,23,15,Keluaran 23:15,تَحْفَظُ عِيدَ ٱلْفَطِيرِ. تَأْكُلُ فَطِيرًا سَبْعَةَ أَيَّامٍ كَمَا أَمَرْتُكَ فِي وَقْتِ شَهْرِ أَبِيبَ، لِأَنَّهُ فِيهِ خَرَجْتَ مِنْ مِصْرَ. وَلَا يَظْهَرُوا أَمَامِي فَارِغِينَ.,"Kamu harus memelihara perayaan Roti Tidak Beragi. Selama 7 hari kamu harus makan roti yang tidak beragi seperti yang telah Aku perintahkan kepadamu, pada waktu yang telah ditetapkan pada bulan Abib. Sebab, pada bulan itulah kamu keluar dari Mesir dan jangan ada seorang pun yang terlihat dengan tangan hampa di hadapan-Ku.","Tetaplah rayakan Hari Raya Roti Tak Beragi. Tujuh hari lamanya engkau harus makan roti yang tak beragi, seperti yang Kuperintahkan kepadamu. Hal itu harus kaulakukan pada waktu yang ditetapkan, yaitu dalam bulan Abib, karena dalam bulan itulah engkau keluar dari Mesir. Jangan seorang pun menghadap hadirat-Ku dengan tangan hampa.",
Keluaran,23,16,Keluaran 23:16,وَعِيدَ ٱلْحَصَادِ أَبْكَارِ غَلَّاتِكَ ٱلَّتِي تَزْرَعُ فِي ٱلْحَقْلِ. وَعِيدَ ٱلْجَمْعِ فِي نِهَايَةِ ٱلسَّنَةِ عِنْدَمَا تَجْمَعُ غَلَّاتِكَ مِنَ ٱلْحَقْلِ.,"Kamu juga harus memelihara hari raya Panen, yaitu hasil pertama usahamu dari apa yang kamu tabur di ladang. Rayakanlah juga hari raya Pengumpulan Hasil pada setiap akhir tahun, yaitu ketika kamu mengumpulkan hasil usahamu dari ladang.","Tetaplah rayakan Hari Raya Penuaian, yaitu penuaian hasil pertama dari apa yang telah kautabur di ladang. Selain itu, tetaplah rayakan Hari Raya Pengumpulan Hasil pada akhir tahun, saat engkau mengumpulkan hasil pekerjaanmu dari ladang.",
Keluaran,23,17,Keluaran 23:17,ثَلَاثَ مَرَّاتٍ فِي ٱلسَّنَةِ يَظْهَرُ جَمِيعُ ذُكُورِكَ أَمَامَ ٱلسَّيِّدِ ٱلرَّبِّ.,"Jadi, tiga kali dalam setahun semua laki-laki harus datang ke hadapan TUHAN Allah.",Tiga kali setahun semua laki-laki harus menghadap ke hadirat ALLAH Taala.,
Keluaran,23,18,Keluaran 23:18,لَا تَذْبَحْ عَلَى خَمِيرٍ دَمَ ذَبِيحَتِي، وَلَا يَبِتْ شَحْمُ عِيدِي إِلَى ٱلْغَدِ.,Janganlah kamu persembahkan darah kurban untuk-Ku dengan roti yang beragi. Jangan sampai lemak dari perayaan-Ku tersisa hingga pagi.,Jangan kaupersembahkan kepada-Ku darah dari kurban sembelihan bersama-sama dengan sesuatu yang beragi. Lemak kurban hari raya-Ku pun tidak boleh kaubiarkan bermalam sampai pagi.,
Keluaran,23,19,Keluaran 23:19,أَوَّلَ أَبْكَارِ أَرْضِكَ تُحْضِرُهُ إِلَى بَيْتِ ٱلرَّبِّ إِلَهِكَ. لَا تَطْبُخْ جَدْيًا بِلَبَنِ أُمِّهِ.,"Kamu harus membawa hasil pertama yang terbaik dari ladangmu ke rumah TUHAN, Allahmu. Janganlah merebus anak kambing dalam susu induknya.”","Yang terbaik dari hasil pertama tanahmu harus kaubawa ke dalam Bait ALLAH, Tuhanmu. Jangan kaurebus anak kambing dalam air susu induknya.",
Keluaran,23,20,Keluaran 23:20,«هَا أَنَا مُرْسِلٌ مَلَاكًا أَمَامَ وَجْهِكَ لِيَحْفَظَكَ فِي ٱلطَّرِيقِ، وَلِيَجِيءَ بِكَ إِلَى ٱلْمَكَانِ ٱلَّذِي أَعْدَدْتُهُ.,"“Lihatlah, Aku akan mengutus malaikat di hadapanmu untuk melindungimu dalam perjalanan dan untuk membawamu ke tempat yang telah Aku siapkan.","Sesungguhnya, Aku mengutus Malaikat-Ku berjalan di depanmu untuk melindungimu di jalan dan untuk membawamu ke tempat yang telah Kusediakan.",
Keluaran,23,21,Keluaran 23:21,اِحْتَرِزْ مِنْهُ وَٱسْمَعْ لِصَوْتِهِ وَلَا تَتَمَرَّدْ عَلَيْهِ، لِأَنَّهُ لَا يَصْفَحُ عَنْ ذُنُوبِكُمْ، لِأَنَّ ٱسْمِي فِيهِ.,"Perhatikanlah dia dan taatilah suaranya, jangan kamu memberontak terhadapnya karena dia tidak akan mengampuni pelanggaran-pelanggaranmu. Sebab, nama-Ku ada dalam dia.","Jagalah dirimu di hadapannya dan dengarkanlah sabdanya. Nama-Ku ada di dalam dia. Oleh sebab itu, jangan mendurhaka kepadanya karena ia tidak akan mengampuni pelanggaranmu.",
Keluaran,23,22,Keluaran 23:22,وَلَكِنْ إِنْ سَمِعْتَ لِصَوْتِهِ وَفَعَلْتَ كُلَّ مَا أَتَكَلَّمُ بِهِ، أُعَادِي أَعْدَاءَكَ، وَأُضَايِقُ مُضَايِقِيكَ.,"Jika kamu benar-benar menaati suaranya dan melakukan semua yang Aku firmankan, Aku akan menjadi musuh bagi musuh-musuhmu dan lawan dari lawan-lawanmu.","Tetapi, jika engkau sungguh-sungguh mendengarkan sabdanya dan melakukan semua yang Kufirmankan, maka Aku akan menjadi musuh bagi musuh-musuhmu dan lawan bagi lawan-lawanmu.",
Keluaran,23,23,Keluaran 23:23,فَإِنَّ مَلَاكِي يَسِيرُ أَمَامَكَ وَيَجِيءُ بِكَ إِلَى ٱلْأَمُورِيِّينَ وَٱلْحِثِّيِّينَ وَٱلْفِرِزِّيِّينَ وَٱلْكَنْعَانِيِّينَ وَٱلْحِوِّيِّينَ وَٱلْيَبُوسِيِّينَ، فَأُبِيدُهُمْ.,"Sebab, malaikat-Ku akan berjalan di depanmu dan membawamu ke negeri orang Amori, dan orang Het, dan orang Feris, dan orang Kanaan, dan orang Hewi, dan orang Yebus, dan Aku akan melenyapkan mereka semua.","Malaikat-Ku akan berjalan di depanmu dan membawamu ke negeri orang Amori, orang Het, orang Feris, orang Kanaan, orang Hewi, serta orang Yebus, dan Aku akan melenyapkan mereka.",
Keluaran,23,24,Keluaran 23:24,لَا تَسْجُدْ لِآلِهَتِهِمْ، وَلَا تَعْبُدْهَا، وَلَا تَعْمَلْ كَأَعْمَالِهِمْ، بَلْ تُبِيدُهُمْ وَتَكْسِرُ أَنْصَابَهُمْ.,"Jangan kamu menyembah ilah-ilah mereka ataupun melayaninya. Jangan pula mengikuti perbuatannya, melainkan kamu harus benar-benar menggulingkan mereka dan menghancurkan tugu-tugu berhala mereka.","Jangan sujud menyembah dewa mereka atau beribadah kepadanya, dan jangan turuti kelakuan mereka. Sebaliknya, engkau harus meruntuhkan sama sekali semua itu juga menghancurkan sama sekali tiang-tiang berhala mereka.",
Keluaran,23,25,Keluaran 23:25,وَتَعْبُدُونَ ٱلرَّبَّ إِلَهَكُمْ، فَيُبَارِكُ خُبْزَكَ وَمَاءَكَ، وَأُزِيلُ ٱلْمَرَضَ مِنْ بَيْنِكُمْ.,"Kamu harus melayani TUHAN, Allahmu, maka Dia akan memberkati rotimu, airmu, dan akan menjauhkan segala penyakit dari antara kamu.","Beribadahlah kepada ALLAH, Tuhanmu, maka Ia akan memberkahi rotimu dan airmu. Aku akan menyingkirkan penyakit dari antara kamu.",
Keluaran,23,26,Keluaran 23:26,لَا تَكُونُ مُسْقِطَةٌ وَلَا عَاقِرٌ فِي أَرْضِكَ، وَأُكَمِّلُ عَدَدَ أَيَّامِكَ.,Tidak akan ada seorang pun yang keguguran atau mandul di tanahmu dan Aku akan menggenapkan hari-harimu.,Tidak akan ada seorang perempuan pun yang keguguran atau yang mandul di negerimu. Aku akan menggenapkan jumlah umurmu.,
Keluaran,23,27,Keluaran 23:27,أُرْسِلُ هَيْبَتِي أَمَامَكَ، وَأُزْعِجُ جَمِيعَ ٱلشُّعُوبِ ٱلَّذِينَ تَأْتِي عَلَيْهِمْ، وَأُعْطِيكَ جَمِيعَ أَعْدَائِكَ مُدْبِرِينَ.,Aku akan mengutus kengerian-Ku di depan mereka dan akan memusnahkan semua orang yang kaudatangi. Aku akan membuat musuh-musuhmu membalikkan punggung mereka terhadapmu.,Kengerian terhadap diri-Ku akan Kukirim mendahuluimu dan Aku akan mengacaukan semua bangsa yang kaudatangi. Aku akan membuat semua musuhmu lari membelakangimu.,
Keluaran,23,28,Keluaran 23:28,وَأُرْسِلُ أَمَامَكَ ٱلزَّنَابِيرَ. فَتَطْرُدُ ٱلْحِوِّيِّينَ وَٱلْكَنْعَانِيِّينَ وَٱلْحِثِّيِّينَ مِنْ أَمَامِكَ.,"Aku akan mengirimkan lebah di depanmu untuk menghalau orang Hewi, orang Kanaan, dan orang Het dari hadapan-Mu.","Aku akan melepas serangga penyengat mendahuluimu untuk menghalau orang Hewi, orang Kanaan, dan orang Het dari hadapanmu.",
Keluaran,23,29,Keluaran 23:29,لَا أَطْرُدُهُمْ مِنْ أَمَامِكَ فِي سَنَةٍ وَاحِدَةٍ، لِئَلَّا تَصِيرَ ٱلْأَرْضُ خَرِبَةً، فَتَكْثُرَ عَلَيْكَ وُحُوشُ ٱلْبَرِّيَّةِ.,Aku tidak akan menghalau mereka dari hadapanmu dalam waktu setahun supaya negeri itu tidak menjadi reruntuhan dan binatang liar di padang tidak bertambah jumlahnya untukmu.,Aku tidak akan menghalau mereka dari hadapanmu dalam satu tahun supaya jangan negeri itu menjadi sunyi sepi dan binatang liar bertambah banyak melebihi engkau.,
Keluaran,23,30,Keluaran 23:30,قَلِيلًا قَلِيلًا أَطْرُدُهُمْ مِنْ أَمَامِكَ إِلَى أَنْ تُثْمِرَ وَتَمْلِكَ ٱلْأَرْضَ.,"Jadi, Aku akan memaksa mereka keluar sedikit demi sedikit, sampai kamu bertambah banyak dan memiliki tanah itu.",Sedikit demi sedikit akan Kuhalau mereka dari hadapanmu sampai engkau beranak cucu dan memiliki negeri itu.,
Keluaran,23,31,Keluaran 23:31,وَأَجْعَلُ تُخُومَكَ مِنْ بَحْرِ سُوفٍ إِلَى بَحْرِ فِلِسْطِينَ، وَمِنَ ٱلْبَرِّيَّةِ إِلَى ٱلنَّهْرِ. فَإِنِّي أَدْفَعُ إِلَى أَيْدِيكُمْ سُكَّانَ ٱلْأَرْضِ، فَتَطْرُدُهُمْ مِنْ أَمَامِكَ.,"Aku akan menetapkan batasmu mulai dari Laut Teberau sampai ke Laut Filistin, dan dari padang belantara ke Sungai Efrat, sebab Aku akan memberikan penduduk negeri ini ke tanganmu dan kamu akan menghalau mereka dari hadapanmu.","Aku akan menentukan batas daerahmu, yaitu dari Laut Merah sampai ke Laut Filistin, dan dari padang belantara sampai ke Sungai Efrat. Aku akan menyerahkan penduduk negeri itu ke dalam tanganmu, dan engkau akan menghalau mereka dari hadapanmu.",
Keluaran,23,32,Keluaran 23:32,لَا تَقْطَعْ مَعَهُمْ وَلَا مَعَ آلِهَتِهِمْ عَهْدًا.,Jangan mengadakan perjanjian dengan mereka atau ilah-ilahnya.,Jangan mengikat perjanjian dengan mereka atau dengan dewa-dewa mereka.,
Keluaran,23,33,Keluaran 23:33,لَا يَسْكُنُوا فِي أَرْضِكَ لِئَلَّا يَجْعَلُوكَ تُخْطِئُ إِلَيَّ. إِذَا عَبَدْتَ آلِهَتَهُمْ فَإِنَّهُ يَكُونُ لَكَ فَخًّا».,"Mereka tidak akan menetap di tanahmu supaya mereka tidak membuatmu berdosa terhadapku. Sebab, jika kamu melayani ilah-ilah mereka, hal itu pasti akan menjadi perangkap bagimu.”","Jangan biarkan mereka tinggal di negerimu supaya jangan mereka membuat engkau berdosa terhadap Aku karena jika engkau beribadah kepada dewa-dewa mereka, pastilah hal itu akan menjadi jerat bagimu.’”",
Keluaran,24,1,Keluaran 24:1,وَقَالَ لِمُوسَى: «ٱصْعَدْ إِلَى ٱلرَّبِّ أَنْتَ وَهَارُونُ وَنَادَابُ وَأَبِيهُو، وَسَبْعُونَ مِنْ شُيُوخِ إِسْرَائِيلَ، وَٱسْجُدُوا مِنْ بَعِيدٍ.,"Kemudian, Dia berfirman kepada Musa, “Naiklah ke hadapan TUHAN, kamu, Harun, Nadab, Abihu, dan tujuh puluh tua-tua Israel, dan bersujudlah dari kejauhan.","Kemudian, Ia berfirman kepada Musa, “Naiklah menghadap ALLAH, engkau dan Harun, Nadab dan Abihu, beserta tujuh puluh orang dari antara para tua-tua Israil, lalu sujudlah menyembah dari kejauhan.",
Keluaran,24,2,Keluaran 24:2,وَيَقْتَرِبُ مُوسَى وَحْدَهُ إِلَى ٱلرَّبِّ، وَهُمْ لَا يَقْتَرِبُونَ. وَأَمَّا ٱلشَّعْبُ فَلَا يَصْعَدْ مَعَهُ».,"Hanya Musa yang boleh mendekati TUHAN, tetapi mereka tidak boleh mendekat, dan bangsa itu pun tidak boleh naik bersamanya.”","Musa saja yang boleh mendekat kepada ALLAH, sedangkan mereka itu tidak boleh mendekat. Bangsa itu pun tidak boleh naik bersamanya.”",
Keluaran,24,3,Keluaran 24:3,فَجَاءَ مُوسَى وَحَدَّثَ ٱلشَّعْبَ بِجَمِيعِ أَقْوَالِ ٱلرَّبِّ وَجَمِيعِ ٱلْأَحْكَامِ، فَأَجَابَ جَمِيعُ ٱلشَّعْبِ بِصَوْتٍ وَاحِدٍ وَقَالُوا: «كُلُّ ٱلْأَقْوَالِ ٱلَّتِي تَكَلَّمَ بِهَا ٱلرَّبُّ نَفْعَلُ».,"Musa datang dan menyampaikan segala firman TUHAN dan segala peraturan tersebut kepada bangsa itu. Seluruh bangsa itu menjawab dengan satu suara dan berkata, “Kami akan melaksanakan semua perintah yang telah difirmankan oleh TUHAN.”","Musa pun datang memberitahukan kepada bangsa itu segala firman ALLAH dan segala peraturan tersebut. Lalu, seluruh bangsa itu menjawab serempak, kata mereka, “Segala firman yang disampaikan ALLAH akan kami lakukan.”",
Keluaran,24,4,Keluaran 24:4,فَكَتَبَ مُوسَى جَمِيعَ أَقْوَالِ ٱلرَّبِّ. وَبَكَّرَ فِي ٱلصَّبَاحِ وَبَنَى مَذْبَحًا فِي أَسْفَلِ ٱلْجَبَلِ، وَٱثْنَيْ عَشَرَ عَمُودًا لِأَسْبَاطِ إِسْرَائِيلَ ٱلِٱثْنَيْ عَشَرَ.,"Musa pun menulis semua firman TUHAN itu, dan bangun pagi-pagi pada keesokan harinya untuk mendirikan sebuah mazbah di kaki gunung itu, dengan dua belas tiang sesuai dua belas suku Israel.","Kemudian, Musa menuliskan segala firman ALLAH itu. Keesokan harinya ia bangun pagi-pagi, lalu didirikannya di kaki gunung itu sebuah mazbah atau tempat pembakaran kurban lengkap dengan dua belas tiang sesuai dengan jumlah kedua belas suku Israil.",
Keluaran,24,5,Keluaran 24:5,وَأَرْسَلَ فِتْيَانَ بَنِي إِسْرَائِيلَ، فَأَصْعَدُوا مُحْرَقَاتٍ، وَذَبَحُوا ذَبَائِحَ سَلَامَةٍ لِلرَّبِّ مِنَ ٱلثِّيرَانِ.,"Dia mengutus beberapa pemuda dari keturunan Israel, lalu mereka mempersembahkan kurban bakaran dan mengurbankan sapi-sapi jantan muda sebagai persembahan pendamaian bagi TUHAN.",Ia menyuruh beberapa orang muda bani Israil mempersembahkan kurban bakaran serta menyembelih sapi-sapi jantan sebagai kurban perdamaian bagi ALLAH.,
Keluaran,24,6,Keluaran 24:6,فَأَخَذَ مُوسَى نِصْفَ ٱلدَّمِ وَوَضَعَهُ فِي ٱلطُّسُوسِ. وَنِصْفَ ٱلدَّمِ رَشَّهُ عَلَى ٱلْمَذْبَحِ.,"Musa mengambil setengah dari darah kurban itu dan memasukkannya ke dalam mangkuk-mangkuk, dan setengah darah yang lainnya dipercikkannya di mazbah.",Musa mengambil sebagian dari darah itu dan menuangkannya ke dalam mangkuk-mangkuk. Sedang sebagian lagi dipercikkannya pada mazbah.,
Keluaran,24,7,Keluaran 24:7,وَأَخَذَ كِتَابَ ٱلْعَهْدِ وَقَرَأَ فِي مَسَامِعِ ٱلشَّعْبِ، فَقَالُوا: «كُلُّ مَا تَكَلَّمَ بِهِ ٱلرَّبُّ نَفْعَلُ وَنَسْمَعُ لَهُ».,"Setelah itu, dia mengambil kitab perjanjian dan membacakannya di depan bangsa itu. Lalu, mereka berkata, “Segala yang telah TUHAN firmankan akan kami lakukan dan taati.”","Kemudian, ia mengambil kitab perjanjian itu dan membacakannya di hadapan seluruh bangsa yang mendengarkannya. Lalu, mereka berkata, “Segala firman ALLAH akan kami lakukan dan kami taati.”",
Keluaran,24,8,Keluaran 24:8,وَأَخَذَ مُوسَى ٱلدَّمَ وَرَشَّ عَلَى ٱلشَّعْبِ وَقَالَ: «هُوَذَا دَمُ ٱلْعَهْدِ ٱلَّذِي قَطَعَهُ ٱلرَّبُّ مَعَكُمْ عَلَى جَمِيعِ هَذِهِ ٱلْأَقْوَالِ».,"Musa mengambil darah itu dan memercikkannya ke atas bangsa itu dan berkata, “Lihatlah darah perjanjian yang telah TUHAN adakan denganmu berdasarkan semua firman itu.”","Selanjutnya, Musa mengambil darah itu, memercikkannya kepada bangsa itu dan berkata, “Inilah darah perjanjian yang diikat ALLAH dengan kamu sehubungan dengan segala firman-Nya ini.”",
Keluaran,24,9,Keluaran 24:9,ثُمَّ صَعِدَ مُوسَى وَهَارُونُ وَنَادَابُ وَأَبِيهُو وَسَبْعُونَ مِنْ شُيُوخِ إِسْرَائِيلَ،,"Kemudian, Musa, dan Harun, Nadab, dan Abihu, serta tujuh puluh tua-tua Israel naik ke gunung,","Lalu, naiklah Musa dan Harun, Nadab dan Abihu, serta tujuh puluh orang dari antara para tua-tua Israil.",
Keluaran,24,10,Keluaran 24:10,وَرَأَوْا إِلَهَ إِسْرَائِيلَ، وَتَحْتَ رِجْلَيْهِ شِبْهُ صَنْعَةٍ مِنَ ٱلْعَقِيقِ ٱلْأَزْرَقِ ٱلشَّفَّافِ، وَكَذَاتِ ٱلسَّمَاءِ فِي ٱلنَّقَاوَةِ.,"lalu mereka melihat Allah Israel, dan di bawah kaki-Nya tampak sesuatu seperti lantai dari batu nilam yang tampaknya bagaikan langit yang cerah.","Mereka melihat Tuhan yang disembah bani Israil. Di bawah kaki-Nya tampak sesuatu seperti lantai dari batu nilam, terang seperti langit.",
Keluaran,24,11,Keluaran 24:11,وَلَكِنَّهُ لَمْ يَمُدَّ يَدَهُ إِلَى أَشْرَافِ بَنِي إِسْرَائِيلَ. فَرَأَوْا ٱللهَ وَأَكَلُوا وَشَرِبُوا.,"Allah tidak mengulurkan tangan-Nya ke atas para pemimpin keturunan Israel itu, dan mereka pun melihat Allah, lalu makan dan minum.","Namun, Allah tidak membinasakan para pemuka bani Israil itu. Setelah mereka memandang Allah, mereka pun makan dan minum.",
Keluaran,24,12,Keluaran 24:12,وَقَالَ ٱلرَّبُّ لِمُوسَى: «ٱصْعَدْ إِلَيَّ إِلَى ٱلْجَبَلِ، وَكُنْ هُنَاكَ، فَأُعْطِيَكَ لَوْحَيِ ٱلْحِجَارَةِ وَٱلشَّرِيعَةِ وَٱلْوَصِيَّةِ ٱلَّتِي كَتَبْتُهَا لِتَعْلِيمِهِمْ».,"TUHAN berfirman kepada Musa, “Datanglah kepada-Ku di atas gunung dan tinggallah di sana. Aku hendak memberikan loh-loh batu kepadamu, dan hukum, dan perintah-perintah yang telah Aku tulis supaya kamu dapat mengajarkannya kepada mereka.”","ALLAH berfirman kepada Musa, “Naiklah menghadap Aku di atas gunung dan tinggallah di sana. Aku hendak memberikan kepadamu loh-loh batu. Pada loh-loh batu itu telah Kutuliskan hukum dan perintah yang harus diajarkan kepada mereka.”",
Keluaran,24,13,Keluaran 24:13,فَقَامَ مُوسَى وَيَشُوعُ خَادِمُهُ. وَصَعِدَ مُوسَى إِلَى جَبَلِ ٱللهِ.,"Setelah itu, Musa bangkit, begitu pula dengan Yosua yang melayaninya, dan Musa pun naik ke gunung Allah.","Maka, bangkitlah Musa, demikian pula Yusak, pelayannya, lalu Musa naik ke gunung Allah.",
Keluaran,24,14,Keluaran 24:14,وَأَمَّا ٱلشُّيُوخُ فَقَالَ لَهُمُ: «ٱجْلِسُوا لَنَا هَهُنَا حَتَّى نَرْجِعَ إِلَيْكُمْ. وَهُوَذَا هَارُونُ وَحُورُ مَعَكُمْ. فَمَنْ كَانَ صَاحِبَ دَعْوَى فَلْيَتَقَدَّمْ إِلَيْهِمَا».,"Dia berkata kepada para tua-tua, “Tunggulah kami di sini sampai kami kembali kepadamu. Lihat, Harun dan Hur bersama denganmu, jadi siapa pun yang beperkara biarlah dia datang kepada mereka.”","Sebelumnya, kepada para tua-tua itu ia berkata, “Tinggallah di sini sampai kami kembali kepadamu. Lihat, Harun dan Hur ada bersamamu. Siapa hendak mengadukan perkaranya, datanglah kepada mereka.”",
Keluaran,24,15,Keluaran 24:15,فَصَعِدَ مُوسَى إِلَى ٱلْجَبَلِ، فَغَطَّى ٱلسَّحَابُ ٱلْجَبَلَ،,"Kemudian, Musa naik ke gunung dan awan menyelimuti gunung itu.","Musa pun naik ke atas gunung, lalu awan menutupi gunung itu.",
Keluaran,24,16,Keluaran 24:16,وَحَلَّ مَجْدُ ٱلرَّبِّ عَلَى جَبَلِ سِينَاءَ، وَغَطَّاهُ ٱلسَّحَابُ سِتَّةَ أَيَّامٍ. وَفِي ٱلْيَوْمِ ٱلسَّابِعِ دُعِيَ مُوسَى مِنْ وَسَطِ ٱلسَّحَابِ.,"Kemuliaan TUHAN bersemayam di Gunung Sinai dan awan menyelimutinya selama 6 hari. Pada hari yang ketujuh, Dia memanggil Musa dari tengah-tengah awan itu.","Kemuliaan ALLAH bersemayam di atas Gunung Sinai, dan awan menutupinya enam hari lamanya. Pada hari ketujuh Ia memanggil Musa dari tengah-tengah awan itu.",
Keluaran,24,17,Keluaran 24:17,وَكَانَ مَنْظَرُ مَجْدِ ٱلرَّبِّ كَنَارٍ آكِلَةٍ عَلَى رَأْسِ ٱلْجَبَلِ أَمَامَ عُيُونِ بَنِي إِسْرَائِيلَ.,"Di mata keturunan Israel, wujud kemuliaan TUHAN itu seperti api yang melahap di puncak gunung itu.","Di mata bani Israil, kemuliaan ALLAH di puncak gunung itu tampak seperti api yang menghanguskan.",
Keluaran,24,18,Keluaran 24:18,وَدَخَلَ مُوسَى فِي وَسَطِ ٱلسَّحَابِ وَصَعِدَ إِلَى ٱلْجَبَلِ. وَكَانَ مُوسَى فِي ٱلْجَبَلِ أَرْبَعِينَ نَهَارًا وَأَرْبَعِينَ لَيْلَةً.,Musa masuk ke tengah-tengah awan itu dan dia naik ke atas gunung. Musa berada di gunung itu selama 40 hari dan 40 malam.,Musa masuk ke tengah-tengah awan itu dan naik ke atas gunung. Di atas gunung itu Musa tinggal empat puluh hari empat puluh malam lamanya.,
Keluaran,25,1,Keluaran 25:1,وَكَلَّمَ ٱلرَّبُّ مُوسَى قَائِلًا:,"TUHAN berfirman kepada Musa,","ALLAH berfirman kepada Musa demikian,",
Keluaran,25,2,Keluaran 25:2,«كَلِّمْ بَنِي إِسْرَائِيلَ أَنْ يَأْخُذُوا لِي تَقْدِمَةً. مِنْ كُلِّ مَنْ يَحِثُّهُ قَلْبُهُ تَأْخُذُونَ تَقْدِمَتِي.,“Katakanlah kepada keturunan Israel untuk membawa persembahan bagi-Ku. Kamu harus menerima persembahan bagi-Ku dari setiap orang yang tergerak hatinya.,“Katakanlah kepada bani Israil supaya mereka mewakafkan persembahan khusus bagi-Ku. Ambillah persembahan khusus bagi-Ku itu dari semua orang yang ikhlas hatinya.,
Keluaran,25,3,Keluaran 25:3,وَهَذِهِ هِيَ ٱلتَّقْدِمَةُ ٱلَّتِي تَأْخُذُونَهَا مِنْهُمْ: ذَهَبٌ وَفِضَّةٌ وَنُحَاسٌ،,"Inilah persembahan yang harus kamu ambil dari mereka: emas, dan perak, dan perunggu,","Persembahan khusus yang harus kauambil dari mereka itu ialah emas, perak, tembaga,",
Keluaran,25,4,Keluaran 25:4,وَأَسْمَانْجُونِيٌّ وَأُرْجُوَانٌ وَقِرْمِزٌ وَبُوصٌ وَشَعْرُ مِعْزَى،,"kain biru, dan kain ungu, dan kain kirmizi, dan linen halus, dan bulu kambing,","kain biru, kain ungu, kain merah tua, lenan halus, bulu kambing,",
Keluaran,25,5,Keluaran 25:5,وَجُلُودُ كِبَاشٍ مُحَمَّرَةٌ وَجُلُودُ تُخَسٍ وَخَشَبُ سَنْطٍ،,"dan kulit domba jantan yang dicelup merah, dan kulit lumba-lumba, dan kayu akasia,","kulit domba jantan yang dicelup merah, kulit lumba-lumba, kayu penaga,",
Keluaran,25,6,Keluaran 25:6,وَزَيْتٌ لِلْمَنَارَةِ وَأَطْيَابٌ لِدُهْنِ ٱلْمَسْحَةِ وَلِلْبَخُورِ ٱلْعَطِرِ،,"minyak untuk penerangan, rempah-rempah untuk minyak urapan, dan untuk dupa yang harum,","minyak untuk penerangan, rempah-rempah untuk minyak upacara dan untuk dupa harum,",
Keluaran,25,7,Keluaran 25:7,وَحِجَارَةُ جَزْعٍ وَحِجَارَةُ تَرْصِيعٍ لِلرِّدَاءِ وَٱلصُّدْرَةِ.,"dan permata krisopras, dan permata lainnya untuk dipahat pada baju efod dan untuk tutup dada.”","permata unam, dan permata tatahan untuk baju efod serta penutup dada.",
Keluaran,25,8,Keluaran 25:8,فَيَصْنَعُونَ لِي مَقْدِسًا لِأَسْكُنَ فِي وَسَطِهِمْ.,"“Kemudian, mereka harus membuat suatu tempat kudus bagi-Ku supaya Aku dapat bersemayam di tengah-tengah mereka.",Mereka harus membuat tempat suci bagi-Ku supaya Aku bersemayam di tengah-tengah mereka.,
Keluaran,25,9,Keluaran 25:9,بِحَسَبِ جَمِيعِ مَا أَنَا أُرِيكَ مِنْ مِثَالِ ٱلْمَسْكَنِ، وَمِثَالِ جَمِيعِ آنِيَتِهِ هَكَذَا تَصْنَعُونَ.,"Berdasarkan segala hal yang akan Aku tunjukkan kepadamu, begitulah kamu harus membuatnya, yaitu sesuai dengan pola Tenda Suci dan pola segala perkakasnya.”",Kemah Suci serta segala perlengkapannya haruslah kaubuat sesuai dengan semua contoh yang akan Kutunjukkan kepadamu.,
Keluaran,25,10,Keluaran 25:10,«فَيَصْنَعُونَ تَابُوتًا مِنْ خَشَبِ ٱلسَّنْطِ، طُولُهُ ذِرَاعَانِ وَنِصْفٌ، وَعَرْضُهُ ذِرَاعٌ وَنِصْفٌ، وَٱرْتِفَاعُهُ ذِرَاعٌ وَنِصْفٌ.,"“Mereka harus membuat sebuah tabut dari kayu akasia yang panjangnya 2,5 hasta, lebarnya 1,5 hasta, dan tingginya 1,5 hasta.","Suruhlah mereka membuat tabut dari kayu penaga, dua setengah hasta panjangnya, satu setengah hasta lebarnya, dan setengah hasta tingginya.",
Keluaran,25,11,Keluaran 25:11,وَتُغَشِّيهِ بِذَهَبٍ نَقِيٍّ. مِنْ دَاخِلٍ وَمِنْ خَارِجٍ تُغَشِّيهِ، وَتَصْنَعُ عَلَيْهِ إِكْلِيلًا مِنْ ذَهَبٍ حَوَالَيْهِ.,"Kamu harus melapisinya dengan emas murni, bagian dalam maupun luarnya harus kamu lapisi, dan kamu harus membuat bingkai emas di sekelilingnya.","Salutlah dengan emas tulen bagian dalam dan luarnya, lalu buatlah di atasnya bingkai emas berkeliling.",
Keluaran,25,12,Keluaran 25:12,وَتَسْبِكُ لَهُ أَرْبَعَ حَلَقَاتٍ مِنْ ذَهَبٍ، وَتَجْعَلُهَا عَلَى قَوَائِمِهِ ٱلْأَرْبَعِ. عَلَى جَانِبِهِ ٱلْوَاحِدِ حَلْقَتَانِ، وَعَلَى جَانِبِهِ ٱلثَّانِي حَلْقَتَانِ.,"Kamu harus menuang empat gelang emas untuknya dan memasangnya pada empat kakinya, yaitu dua gelang pada salah satu sisinya dan dua gelang di sisi yang lainnya.","Tuanglah empat gelang emas untuknya dan pasanglah pada keempat penjurunya, yaitu dua gelang pada rusuk yang satu dan dua gelang pada rusuk yang lain.",
Keluaran,25,13,Keluaran 25:13,وَتَصْنَعُ عَصَوَيْنِ مِنْ خَشَبِ ٱلسَّنْطِ وَتُغَشِّيهِمَا بِذَهَبٍ.,Kamu harus membuat tongkat-tongkat pengusung dari kayu akasia dan lapisilah itu dengan emas.,"Selanjutnya, buatlah pengusung dari kayu penaga dan salutlah dengan emas.",
Keluaran,25,14,Keluaran 25:14,وَتُدْخِلُ ٱلْعَصَوَيْنِ فِي ٱلْحَلَقَاتِ عَلَى جَانِبَيِ ٱلتَّابُوتِ لِيُحْمَلَ ٱلتَّابُوتُ بِهِمَا.,Kamu harus memasukkan tongkat-tongkat itu ke dalam gelangnya di setiap sisi tabut supaya tabut itu dapat diusung dengannya.,Masukkanlah kayu pengusung itu ke dalam gelang pada rusuk-rusuk tabut itu supaya dengan kayu itu tabut dapat diusung.,
Keluaran,25,15,Keluaran 25:15,تَبْقَى ٱلْعَصَوَانِ فِي حَلَقَاتِ ٱلتَّابُوتِ. لَا تُنْزَعَانِ مِنْهَا.,Tongkat-tongkat pengusung itu harus tetap berada dalam gelang-gelang tabut itu dan tidak boleh dilepas darinya.”,"Kayu pengusung itu harus tetap ada dalam gelang tabut itu, tidak boleh dicabut dari situ.",
Keluaran,25,16,Keluaran 25:16,وَتَضَعُ فِي ٱلتَّابُوتِ ٱلشَّهَادَةَ ٱلَّتِي أُعْطِيكَ.,“Kamu akan memasukkan kesaksian yang telah Aku berikan kepadamu ke dalam tabut itu.,Dalam tabut itu taruhlah loh hukum yang akan Kuberikan kepadamu.,
Keluaran,25,17,Keluaran 25:17,«وَتَصْنَعُ غِطَاءً مِنْ ذَهَبٍ نَقِيٍّ طُولُهُ ذِرَاعَانِ وَنِصْفٌ، وَعَرْضُهُ ذِرَاعٌ وَنِصْفٌ،,"Setelah itu, kamu harus membuat tutup pendamaian dari emas murni yang panjangnya 2,5 hasta dan lebarnya 1,5 hasta","Buatlah tutup tabut, yaitu tempat pendamaian, dari emas tulen, dua setengah hasta panjangnya dan satu setengah hasta lebarnya.",
Keluaran,25,18,Keluaran 25:18,وَتَصْنَعُ كَرُوبَيْنِ مِنْ ذَهَبٍ. صَنْعَةَ خِرَاطَةٍ تَصْنَعُهُمَا عَلَى طَرَفَيِ ٱلْغِطَاءِ.,"Lalu, kamu harus membuat dua kerub dari emas pada dua ujung tutup pendamaian dan buatlah itu dari emas tempaan.","Selain itu, buatlah dua malaikat kerub dari emas tempaan pada kedua ujung tutup pendamaian itu.",
Keluaran,25,19,Keluaran 25:19,فَٱصْنَعْ كَرُوبًا وَاحِدًا عَلَى ٱلطَّرَفِ مِنْ هُنَا، وَكَرُوبًا آخَرَ عَلَى ٱلطَّرَفِ مِنْ هُنَاكَ. مِنَ ٱلْغِطَاءِ تَصْنَعُونَ ٱلْكَرُوبَيْنِ عَلَى طَرَفَيْهِ.,"Buatlah satu kerub untuk ujung sebelah sini dan kerub yang satu pada ujung sebelah sana. Kamu harus membuat kerub-kerub itu ada di atas tutup pendamaian, pada kedua ujungnya.",Satu malaikat kerub harus kaubuat pada ujung sebelah sini dan malaikat kerub yang lain pada ujung sebelah sana. Kedua malaikat kerub itu harus kaubuat seiras dengan tutup pendamaian itu di atas kedua ujungnya.,
Keluaran,25,20,Keluaran 25:20,وَيَكُونُ ٱلْكَرُوبَانِ بَاسِطَيْنِ أَجْنِحَتَهُمَا إِلَى فَوْقُ، مُظَلِّلَيْنِ بِأَجْنِحَتِهِمَا عَلَى ٱلْغِطَاءِ، وَوَجْهَاهُمَا كُلُّ وَاحِدٍ إِلَى ٱلْآخَرِ. نَحْوَ ٱلْغِطَاءِ يَكُونُ وَجْهَا ٱلْكَرُوبَيْنِ.,"Kerub-kerub itu harus mengembangkan dua sayapnya ke atas untuk menundungi tutup pendamaian itu dengan sayapnya, wajahnya harus saling berhadapan, dan wajah mereka harus menghadap ke tutup pendamaian itu.”","Sayap-sayap dari kedua malaikat kerub itu harus dikembangkan ke atas sehingga tutup pendamaian tertudungi oleh sayap-sayap itu. Mukanya haruslah berhadapan satu sama lain, menghadap ke arah tutup pendamaian itu.",
Keluaran,25,21,Keluaran 25:21,وَتَجْعَلُ ٱلْغِطَاءَ عَلَى ٱلتَّابُوتِ مِنْ فَوْقُ، وَفِي ٱلتَّابُوتِ تَضَعُ ٱلشَّهَادَةَ ٱلَّتِي أُعْطِيكَ.,“Kamu harus memasang tutup pendamaian itu di atas tabut dan di dalam tabut itu kamu harus memasukkan kesaksian yang akan Aku berikan kepadamu.,"Letakkanlah tutup pendamaian itu di atas tabut, dan taruhlah di dalam tabut itu loh hukum yang akan Kuberikan kepadamu.",
Keluaran,25,22,Keluaran 25:22,وَأَنَا أَجْتَمِعُ بِكَ هُنَاكَ وَأَتَكَلَّمُ مَعَكَ، مِنْ عَلَى ٱلْغِطَاءِ مِنْ بَيْنِ ٱلْكَرُوبَيْنِ ٱللَّذَيْنِ عَلَى تَابُوتِ ٱلشَّهَادَةِ، بِكُلِّ مَا أُوصِيكَ بِهِ إِلَى بَنِي إِسْرَائِيلَ.,"Aku akan menemuimu di situ, dan dari atas tutup pendamaian itu, dari antara dua kerub di tabut hukum itu, Aku akan berbicara kepadamu mengenai segala sesuatu yang akan Aku berikan kepadamu, yaitu perintah untuk keturunan Israel.”","Di sanalah Aku akan menjumpaimu, dan dari atas tutup pendamaian itu, yaitu dari antara kedua malaikat kerub yang ada di atas tabut loh hukum itu, Aku akan berfirman kepadamu tentang segala sesuatu yang akan Kuperintahkan untuk disampaikan kepada bani Israil.",
Keluaran,25,23,Keluaran 25:23,«وَتَصْنَعُ مَائِدَةً مِنْ خَشَبِ ٱلسَّنْطِ طُولُهَا ذِرَاعَانِ، وَعَرْضُهَا ذِرَاعٌ، وَٱرْتِفَاعُهَا ذِرَاعٌ وَنِصْفٌ.,"“Kamu harus membuat sebuah meja dari kayu akasia yang panjangnya 2 hasta, lebarnya 1 hasta, tingginya 1,5 hasta.","Buatlah sebuah meja dari kayu penaga, dua hasta panjangnya, sehasta lebarnya, dan satu setengah hasta tingginya.",
Keluaran,25,24,Keluaran 25:24,وَتُغَشِّيهَا بِذَهَبٍ نَقِيٍّ، وَتَصْنَعُ لَهَا إِكْلِيلًا مِنْ ذَهَبٍ حَوَالَيْهَا.,Kamu harus melapisinya dengan emas murni dan membuat bingkai emas di sekelilingnya.,Salutlah meja itu dengan emas tulen dan buatlah bingkai emas di sekelilingnya.,
Keluaran,25,25,Keluaran 25:25,وَتَصْنَعُ لَهَا حَاجِبًا عَلَى شِبْرٍ حَوَالَيْهَا، وَتَصْنَعُ لِحَاجِبِهَا إِكْلِيلًا مِنْ ذَهَبٍ حَوَالَيْهَا.,Kamu harus membuat pinggiran sebesar telapak tangan di sekelilingnya dan kamu harus membuat bingkai emas untuk pinggiran di sekelilingnya.,Buatlah di sekelilingnya jalur pinggir setelapak tangan lebarnya dan buatlah bingkai emas di sekeliling jalur pinggir itu.,
Keluaran,25,26,Keluaran 25:26,وَتَصْنَعُ لَهَا أَرْبَعَ حَلَقَاتٍ مِنْ ذَهَبٍ، وَتَجْعَلُ ٱلْحَلَقَاتِ عَلَى ٱلزَّوَايَا ٱلْأَرْبَعِ ٱلَّتِي لِقَوَائِمِهَا ٱلْأَرْبَعِ.,"Lalu, kamu harus membuat empat gelang emas untuknya, dan pasanglah gelang-gelang itu pada empat sudut, yaitu di keempat kakinya.","Buatlah empat gelang emas untuk meja itu dan pasanglah gelang-gelang itu pada keempat penjurunya, di keempat kakinya.",
Keluaran,25,27,Keluaran 25:27,عِنْدَ ٱلْحَاجِبِ تَكُونُ ٱلْحَلَقَاتُ بُيُوتًا لِعَصَوَيْنِ لِحَمْلِ ٱلْمَائِدَةِ.,Gelang-gelang itu harus dipasang di dekat pinggiran meja sebagai tempat tongkat-tongkat pengusung untuk mengusung meja itu.,Gelang itu harus dekat dengan jalur pinggir tadi sebagai tempat memasukkan kayu pengusung supaya meja itu dapat diusung.,
Keluaran,25,28,Keluaran 25:28,وَتَصْنَعُ ٱلْعَصَوَيْنِ مِنْ خَشَبِ ٱلسَّنْطِ وَتُغَشِّيهِمَا بِذَهَبٍ، فَتُحْمَلُ بِهِمَا ٱلْمَائِدَةُ.,Kamu harus membuat tongkat-tongkat pengusung dari kayu akasia dan melapisinya dengan emas supaya meja itu dapat diusung dengannya.,"Pengusungnya harus kaubuat dari kayu penaga, lalu disalut dengan emas. Dengan kayu itulah meja itu harus diusung.",
Keluaran,25,29,Keluaran 25:29,وَتَصْنَعُ صِحَافَهَا وَصُحُونَهَا وَكَأْسَاتِهَا وَجَامَاتِهَا ٱلَّتِي يُسْكَبُ بِهَا. مِنْ ذَهَبٍ نَقِيٍّ تَصْنَعُهَا.,"Kamu harus membuat piring-piringnya, sendok-sendoknya, piala-pialanya, dan mangkuk-mangkuknya untuk persembahan curahan, kamu harus membuatnya dari emas murni.","Buat pulalah pinggan-pinggannya, pedupaan-pedupaannya, piala-pialanya, dan mangkuk-mangkuknya, yang akan dipakai untuk persembahan minuman. Semuanya harus kaubuat dari emas tulen.",
Keluaran,25,30,Keluaran 25:30,وَتَجْعَلُ عَلَى ٱلْمَائِدَةِ خُبْزَ ٱلْوُجُوهِ أَمَامِي دَائِمًا.,Kamu pun harus selalu meletakkan roti sajian di meja itu di hadapan-Ku.”,Engkau harus senantiasa meletakkan roti persembahan di atas meja itu di hadirat-Ku.,
Keluaran,25,31,Keluaran 25:31,«وَتَصْنَعُ مَنَارَةً مِنْ ذَهَبٍ نَقِيٍّ. عَمَلَ ٱلْخِرَاطَةِ تُصْنَعُ ٱلْمَنَارَةُ، قَاعِدَتُهَا وَسَاقُهَا. تَكُونُ كَأْسَاتُهَا وَعُجَرُهَا وَأَزْهَارُهَا مِنْهَا.,"“Kemudian, kamu harus membuat kaki dian dari emas murni dan kaki dian itu harus dibuat dari emas tempaan, bagian alasnya, cabang-cabangnya, mangkuk-mangkuknya, kelopak-kelopaknya, dan bunga-bunganya harus seiras dengannya.","Buatlah kaki pelita dari emas tulen. Bagian alas dan batang kaki pelita itu harus terbuat dari emas tempaan. Kuncup bunga hiasan, terdiri dari kelopak dan mahkotanya, haruslah seiras dengan alas dan kaki tadi.",
Keluaran,25,32,Keluaran 25:32,وَسِتُّ شُعَبٍ خَارِجَةٌ مِنْ جَانِبَيْهَا. مِنْ جَانِبِهَا ٱلْوَاحِدِ ثَلَاثُ شُعَبِ مَنَارَةٍ، وَمِنْ جَانِبِهَا ٱلثَّانِي ثَلَاثُ شُعَبِ مَنَارَةٍ.,"Kaki dian itu harus mempunyai enam cabang yang menonjol dari sisi-sisinya, tiga cabang kaki dian dari sisi yang satu dan tiga cabang kaki dian dari sisi yang lainnya,",Enam cabang harus timbul dari sisi-sisi kaki pelita itu: tiga cabang dari sisi yang satu dan tiga cabang dari sisi lainnya.,
Keluaran,25,33,Keluaran 25:33,فِي ٱلشُّعْبَةِ ٱلْوَاحِدَةِ ثَلَاثُ كَأْسَاتٍ لَوْزِيَّةٍ بِعُجْرَةٍ وَزَهْرٍ، وَفِي ٱلشُّعْبَةِ ٱلثَّانِيَةِ ثَلَاثُ كَأْسَاتٍ لَوْزِيَّةٍ بِعُجْرَةٍ وَزَهْرٍ، وَهَكَذَا إِلَى ٱلسِّتِّ ٱلشُّعَبِ ٱلْخَارِجَةِ مِنَ ٱلْمَنَارَةِ.,"dan tiga mangkuk yang dibuat seperti bunga badam dalam setiap cabang, masing-masing dengan satu kelopak dan satu bunga. Jadi, ada enam cabang yang menonjol dari kaki dian itu.","Pada masing-masing cabang, yaitu pada keenam cabang yang timbul dari kaki pelita itu, harus ada tiga hiasan berupa kuncup bunga badam lengkap dengan kelopak dan mahkota bunganya.",
Keluaran,25,34,Keluaran 25:34,وَفِي ٱلْمَنَارَةِ أَرْبَعُ كَأْسَاتٍ لَوْزِيَّةٍ بِعُجَرِهَا وَأَزْهَارِهَا.,"Lalu, pada kaki dian itu sendiri akan ada empat mangkuk yang dibuat seperti bunga badam dengan kelopak-kelopaknya dan bunga-bunganya.",Sedangkan pada batang kaki pelita itu harus ada empat hiasan berupa kuncup bunga badam lengkap dengan kelopak dan mahkota bunganya.,
Keluaran,25,35,Keluaran 25:35,وَتَحْتَ ٱلشُّعْبَتَيْنِ مِنْهَا عُجْرَةٌ، وَتَحْتَ ٱلشُّعْبَتَيْنِ مِنْهَا عُجْرَةٌ، وَتَحْتَ ٱلشُّعْبَتَيْنِ مِنْهَا عُجْرَةٌ إِلَى ٱلسِّتِّ ٱلشُّعَبِ ٱلْخَارِجَةِ مِنَ ٱلْمَنَارَةِ.,"Ada satu kelopak di bawah sepasang cabang yang pertama dan satu kelopak lagi di bawah sepasang cabang yang kedua yang menonjol dari kaki dian itu, dan satu kelopak di bawah sepasang cabang yang ketiga yang menonjol darinya, sesuai dengan enam cabang yang menonjol dari kaki dian itu.","Satu kelopak di bawah dua cabang pertama, satu kelopak di bawah dua cabang kedua, dan satu kelopak lagi di bawah dua cabang ketiga dari keenam cabang yang timbul di sisi batang kaki pelita itu.",
Keluaran,25,36,Keluaran 25:36,تَكُونُ عُجَرُهَا وَشُعَبُهَا مِنْهَا. جَمِيعُهَا خِرَاطَةٌ وَاحِدَةٌ مِنْ ذَهَبٍ نَقِيٍّ.,"Semua kelopak dan cabangnya harus seiras dengannya, keseluruhan bagian itu harus terbuat dari sebongkah emas murni tempaan.",Kelopak-kelopak serta cabang-cabang itu harus seiras dengan kaki pelita itu. Seluruhnya dibuat dari sepotong emas tulen yang ditempa.,
Keluaran,25,37,Keluaran 25:37,وَتَصْنَعُ سُرُجَهَا سَبْعَةً، فَتُصْعَدُ سُرُجُهَا لِتُضِيءَ إِلَى مُقَابِلِهَا.,Kamu harus membuat tujuh buah pelita untuk itu dan pelita-pelita itu harus dipasang begitu rupa untuk memberikan terang ke ruang di depannya.,"Buatlah tujuh buah pelita, kemudian pasanglah pelita-pelita itu di bagian atasnya sehingga menerangi tempat di hadapannya.",
Keluaran,25,38,Keluaran 25:38,وَمَلَاقِطُهَا وَمَنَافِضُهَا مِنْ ذَهَبٍ نَقِيٍّ.,Penyapit sumbu serta perbaraannya harus terbuat dari emas murni.,Penyepit sumbu serta perbaraannya haruslah dibuat dari emas tulen.,
Keluaran,25,39,Keluaran 25:39,مِنْ وَزْنَةِ ذَهَبٍ نَقِيٍّ تُصْنَعُ مَعَ جَمِيعِ هَذِهِ ٱلْأَوَانِي.,Itu harus dibuat dari 1 talenta emas murni termasuk segala perlengkapannya.,Kaki pelita dengan segala perlengkapannya itu harus dibuat dari satu talenta emas tulen.,
Keluaran,25,40,Keluaran 25:40,وَٱنْظُرْ فَٱصْنَعْهَا عَلَى مِثَالِهَا ٱلَّذِي أُظْهِرَ لَكَ فِي ٱلْجَبَلِ.,Pastikanlah kamu membuatnya berdasarkan pola yang telah Aku perlihatkan kepadamu di gunung.”,"Perhatikanlah, semua itu harus kaubuat menurut contoh yang telah ditunjukkan kepadamu di atas gunung.",
Keluaran,26,1,Keluaran 26:1,«وَأَمَّا ٱلْمَسْكَنُ فَتَصْنَعُهُ مِنْ عَشَرِ شُقَقِ بُوصٍ مَبْرُومٍ وَأَسْمَانْجُونِيٍّ وَأُرْجُوَانٍ وَقِرْمِزٍ. بِكَرُوبِيمَ صَنْعَةَ حَائِكٍ حَاذِقٍ تَصْنَعُهَا.,"“Kamu harus membuat Tenda Suci dengan sepuluh tirai dari kain linen halus, dan kain biru, dan kain ungu, dan kain kirmizi, buatlah itu dengan kerub-kerub yang dikerjakan oleh seorang ahli.","Buatlah Kemah Suci dari sepuluh helai kain dari lenan halus yang dipintal, kain biru, ungu, dan merah tua. Sulamkanlah pada kain-kain itu malaikat-malaikat kerub, buatan seorang ahli.",
Keluaran,26,2,Keluaran 26:2,طُولُ ٱلشُّقَّةِ ٱلْوَاحِدَةِ ثَمَانٍ وَعِشْرُونَ ذِرَاعًا، وَعَرْضُ ٱلشُّقَّةِ ٱلْوَاحِدَةِ أَرْبَعُ أَذْرُعٍ. قِيَاسًا وَاحِدًا لِجَمِيعِ ٱلشُّقَقِ.,Setiap tirai panjangnya harus 28 hasta dan masing-masing lebarnya adalah 4 hasta. Setiap tirai harus memiliki ukuran yang sama.,"Semua kain haruslah berukuran sama, panjangnya dua puluh delapan hasta dan lebarnya empat hasta.",
Keluaran,26,3,Keluaran 26:3,تَكُونُ خَمْسٌ مِنَ ٱلشُّقَقِ بَعْضُهَا مَوْصُولٌ بِبَعْضٍ، وَخَمْسُ شُقَقٍ بَعْضُهَا مَوْصُولٌ بِبَعْضٍ.,"Lima helai tirai harus disambung satu sama lain, demikian pula dengan lima tirai lainnya harus disambung satu sama lain.","Sambungkanlah lima helai kain satu sama lain menjadi satu rangkap, begitu pula lima helai kain lainnya.",
Keluaran,26,4,Keluaran 26:4,وَتَصْنَعُ عُرًى مِنْ أَسْمَانْجُونِيٍّ عَلَى حَاشِيَةِ ٱلشُّقَّةِ ٱلْوَاحِدَةِ فِي ٱلطَّرَفِ مِنَ ٱلْمُوَصَّلِ ٱلْوَاحِدِ. وَكَذَلِكَ تَصْنَعُ فِي حَاشِيَةِ ٱلشُّقَّةِ ٱلطَّرَفِيَّةِ مِنَ ٱلْمُوَصَّلِ ٱلثَّانِي.,Kamu harus membuat lubang pengancing dari kain biru pada tepi tirai paling luar dari masing-masing rangkaian tirai.,"Buatlah tali-tali kancing dari kain biru di tepi kain terujung rangkapan yang satu, demikian pula di tepi kain terujung rangkapan kedua,",
Keluaran,26,5,Keluaran 26:5,خَمْسِينَ عُرْوَةً تَصْنَعُ فِي ٱلشُّقَّةِ ٱلْوَاحِدَةِ، وَخَمْسِينَ عُرْوَةً تَصْنَعُ فِي طَرَفِ ٱلشُّقَّةِ ٱلَّذِي فِي ٱلْمُوَصَّلِ ٱلثَّانِي. تَكُونُ ٱلْعُرَى بَعْضُهَا مُقَابِلٌ لِبَعْضٍ.,"Kamu harus membuat lima puluh lubang pengancing pada tirai-tirai dari rangkaian yang pertama, dan kamu harus membuat lima puluh lubang pengancing di pinggir tirai, yaitu di ujung tirai dari rangkaian yang kedua, dan lubang-lubang kancing itu harus saling berhadapan.",jumlahnya lima puluh tali kancing pada masing-masing kain rangkapan. Tali-tali kancing itu haruslah saling berhadapan.,
Keluaran,26,6,Keluaran 26:6,وَتَصْنَعُ خَمْسِينَ شِظَاظًا مِنْ ذَهَبٍ، وَتَصِلُ ٱلشُّقَّتَيْنِ بَعْضَهُمَا بِبَعْضٍ بِٱلْأَشِظَّةِ. فَيَصِيرُ ٱلْمَسْكَنُ وَاحِدًا.,Kamu harus membuat lima puluh pengait emas dan sambunglah tirai-tirai itu dengan pengait tersebut sehingga Tenda Suci menjadi satu.,"Kemudian, buatlah lima puluh pengait emas, dan sambungkanlah kain-kain rangkapan Kemah Suci itu satu sama lain dengan pengait-pengait tadi sehingga menjadi satu kesatuan.",
Keluaran,26,7,Keluaran 26:7,«وَتَصْنَعُ شُقَقًا مِنْ شَعْرِ مِعْزَى خَيْمَةً عَلَى ٱلْمَسْكَنِ. إِحْدَى عَشْرَةَ شُقَّةً تَصْنَعُهَا.,Kamu juga harus membuat tirai dari bulu kambing sebagai tudung untuk Tenda Suci; kamu harus membuatnya sebanyak sebelas tirai.,Buatlah juga sebelas helai kain dari bulu kambing untuk dijadikan atap kemah yang menudungi Kemah Suci.,
Keluaran,26,8,Keluaran 26:8,طُولُ ٱلشُّقَّةِ ٱلْوَاحِدَةِ ثَلَاثُونَ ذِرَاعًا، وَعَرْضُ ٱلشُّقَّةِ ٱلْوَاحِدَةِ أَرْبَعُ أَذْرُعٍ. قِيَاسًا وَاحِدًا لِلْإِحْدَى عَشْرَةَ شُقَّةً.,"Panjang masing-masing tirai harus 30 hasta dan lebar masing-masing tirai harus 4 hasta, dan untuk sebelas tirai seluruhnya harus sama ukurannya.","Kesebelas kain itu harus sama ukurannya, panjang tiap helai kain tiga puluh hasta dan lebarnya empat hasta.",
Keluaran,26,9,Keluaran 26:9,وَتَصِلُ خَمْسًا مِنَ ٱلشُّقَقِ وَحْدَهَا، وَسِتًّا مِنَ ٱلشُّقَقِ وَحْدَهَا. وَتَثْنِي ٱلشُّقَّةَ ٱلسَّادِسَةَ فِي وَجْهِ ٱلْخَيْمَةِ.,Kamu harus menyambung lima tirai secara tersendiri dan enam tirai secara tersendiri; dan tirai yang keenam harus kamu lipat menjadi dua di bagian depan tenda itu.,"Sambungkanlah lima helai kain tersendiri dan enam helai kain tersendiri, tetapi helaian kain keenam harus kau lipat jadi dua di sebelah depan kemah itu.",
Keluaran,26,10,Keluaran 26:10,وَتَصْنَعُ خَمْسِينَ عُرْوَةً عَلَى حَاشِيَةِ ٱلشُّقَّةِ ٱلْوَاحِدَةِ ٱلطَّرَفِيَّةِ مِنَ ٱلْمُوَصَّلِ ٱلْوَاحِدِ، وَخَمْسِينَ عُرْوَةً عَلَى حَاشِيَةِ ٱلشُّقَّةِ مِنَ ٱلْمُوَصَّلِ ٱلثَّانِي.,Kamu harus membuat lima puluh lubang pengancing di tepi tirai yang paling luar dari rangkaian yang pertama dan lima puluh lubang pengancing di tepi tirai dari rangkaian yang kedua.,"Buatlah lima puluh tali kancing di tepi kain terujung rangkapan yang satu, dan lima puluh tali kancing di tepi kain terujung rangkapan kedua.",
Keluaran,26,11,Keluaran 26:11,وَتَصْنَعُ خَمْسِينَ شِظَاظًا مِنْ نُحَاسٍ، وَتُدْخِلُ ٱلْأَشِظَّةَ فِي ٱلْعُرَى، وَتَصِلُ ٱلْخَيْمَةَ فَتَصِيرُ وَاحِدَةً.,"Lalu, kamu harus membuat lima puluh pengait perunggu dan memasukkan pengait-pengait itu di lubang-lubang pengancing untuk menyambung tenda itu bersama-sama agar menjadi satu.","Buat pulalah lima puluh pengait tembaga, lalu masukkan pengait-pengait itu ke dalam tali-tali kancing tadi sehingga kemah itu tersambung menjadi satu kesatuan.",
Keluaran,26,12,Keluaran 26:12,وَأَمَّا ٱلْمُدَلَّى ٱلْفَاضِلُ مِنْ شُقَقِ ٱلْخَيْمَةِ، نِصْفُ ٱلشُّقَّةِ ٱلْمُوَصَّلَةِ ٱلْفَاضِلُ، فَيُدَلَّى عَلَى مُؤَخَّرِ ٱلْمَسْكَنِ.,"Bagian yang berlebih dari sisa tirai-tirai tenda itu, yaitu setengah tirai yang tersisa, harus menjuntai di bagian belakang Tenda Suci.",Biarkanlah setengah bagian kain yang berlebih terjuntai di belakang Kemah Suci.,
Keluaran,26,13,Keluaran 26:13,وَٱلذِّرَاعُ مِنْ هُنَا وَٱلذِّرَاعُ مِنْ هُنَاكَ، مِنَ ٱلْفَاضِلِ فِي طُولِ شُقَقِ ٱلْخَيْمَةِ، تَكُونَانِ مُدَلَّاتَيْنِ عَلَى جَانِبَيِ ٱلْمَسْكَنِ مِنْ هُنَا وَمِنْ هُنَاكَ لِتَغْطِيَتِهِ.,"Sehasta pada sisi yang satu dan sehasta pada sisi yang lain menurut yang tersisa dari panjangnya tirai tenda itu harus menjuntai di sisi Tenda Suci, yaitu di sisi yang satu dan di sisi yang lainnya, untuk menutupinya.","Sedangkan di masing-masing sisi Kemah Suci, yaitu di sisi sebelah sini dan sisi sebelah sana, haruslah ada kelebihan kain yang terjuntai selebar satu hasta untuk menudunginya.",
Keluaran,26,14,Keluaran 26:14,وَتَصْنَعُ غِطَاءً لِلْخَيْمَةِ مِنْ جُلُودِ كِبَاشٍ مُحَمَّرَةٍ، وَغِطَاءً مِنْ جُلُودِ تُخَسٍ مِنْ فَوْقُ.,"Setelah itu, kamu harus membuat tudung untuk tenda itu dari kulit domba jantan yang dicelup merah dan tudung dari kulit lumba-lumba pada bagian atasnya.","Selain itu, buat jugalah untuk kemah itu tudung dari kulit domba jantan yang dicelup merah, dan tudung dari kulit lumba-lumba yang akan melapisi atasnya lagi.",
Keluaran,26,15,Keluaran 26:15,«وَتَصْنَعُ ٱلْأَلْوَاحَ لِلْمَسْكَنِ مِنْ خَشَبِ ٱلسَّنْطِ قَائِمَةً.,Kamu harus membuat papan-papan Tenda Suci itu dari kayu akasia yang tegak lurus.,Buatlah papan-papan tegak dari kayu penaga untuk Kemah Suci.,
Keluaran,26,16,Keluaran 26:16,طُولُ ٱللَّوْحِ عَشَرُ أَذْرُعٍ، وَعَرْضُ ٱللَّوْحِ ٱلْوَاحِدِ ذِرَاعٌ وَنِصْفٌ.,"Panjang setiap papan harus 10 hasta dan lebar setiap papan harus 1,5 hasta.",Masing-masing papan sepuluh hasta panjangnya dan satu setengah hasta lebarnya.,
Keluaran,26,17,Keluaran 26:17,وَلِلَّوْحِ ٱلْوَاحِدِ رِجْلَانِ مَقْرُونَةٌ إِحْدَاهُمَا بِٱلْأُخْرَى. هَكَذَا تَصْنَعُ لِجَمِيعِ أَلْوَاحِ ٱلْمَسْكَنِ.,Harus ada dua pasak pada setiap papan untuk menyatukan yang satu dengan yang lainnya. Demikianlah kamu harus membuatnya untuk semua papan Tenda Suci.,"Pada tiap-tiap papan harus ada dua pasak, yang memungkinkan papan-papan terhubung satu sama lain. Lakukanlah hal itu untuk semua papan Kemah Suci.",
Keluaran,26,18,Keluaran 26:18,وَتَصْنَعُ ٱلْأَلْوَاحَ لِلْمَسْكَنِ عِشْرِينَ لَوْحًا إِلَى جِهَةِ ٱلْجَنُوبِ نَحْوَ ٱلتَّيْمَنِ.,"Kamu harus membuat papan-papan untuk Tenda Suci, yaitu dua puluh papan untuk sisi sebelah selatan ke arah selatan.","Buatlah dua puluh papan untuk sisi sebelah selatan Kemah Suci,",
Keluaran,26,19,Keluaran 26:19,وَتَصْنَعُ أَرْبَعِينَ قَاعِدَةً مِنْ فِضَّةٍ تَحْتَ ٱلْعِشْرِينَ لَوْحًا. تَحْتَ ٱللَّوْحِ ٱلْوَاحِدِ قَاعِدَتَانِ لِرِجْلَيْهِ، وَتَحْتَ ٱللَّوْحِ ٱلْوَاحِدِ قَاعِدَتَانِ لِرِجْلَيْهِ.,"Lalu, kamu harus membuat empat puluh alas perak di bawah dua puluh papan itu, yaitu dua alas di bawah satu papan untuk dua pasaknya, dan dua alas di bawah papan yang lain untuk dua pasaknya.","dan buatlah empat puluh alas perak untuk dipasangkan di bawah kedua puluh papan itu: dua alas di bawah tiap papan, masing-masing untuk kedua pasaknya.",
Keluaran,26,20,Keluaran 26:20,وَلِجَانِبِ ٱلْمَسْكَنِ ٱلثَّانِي إِلَى جِهَةِ ٱلشِّمَالِ عِشْرِينَ لَوْحًا.,"Untuk sisi kedua Tenda Suci, yaitu untuk sebelah utara, harus ada dua puluh papan,","Buat pulalah dua puluh papan untuk rusuk kedua dari Kemah Suci, yaitu di sebelah utara,",
Keluaran,26,21,Keluaran 26:21,وَأَرْبَعِينَ قَاعِدَةً لَهَا مِنْ فِضَّةٍ. تَحْتَ ٱللَّوْحِ ٱلْوَاحِدِ قَاعِدَتَانِ، وَتَحْتَ ٱللَّوْحِ ٱلْوَاحِدِ قَاعِدَتَانِ.,"dengan empat puluh alas peraknya, dua alas di bawah satu papan, dan dua alas di bawah papan yang lainnya.","lengkap dengan keempat puluh alas peraknya, dua alas di bawah masing-masing papan.",
Keluaran,26,22,Keluaran 26:22,وَلِمُؤَخَّرِ ٱلْمَسْكَنِ نَحْوَ ٱلْغَرْبِ تَصْنَعُ سِتَّةَ أَلْوَاحٍ.,"Untuk bagian belakang Tenda Suci di sebelah barat, kamu harus membuat enam papan.","Untuk bagian belakang Kemah Suci, yaitu di sebelah barat, buatlah enam papan.",
Keluaran,26,23,Keluaran 26:23,وَتَصْنَعُ لَوْحَيْنِ لِزَاوِيَتَيِ ٱلْمَسْكَنِ فِي ٱلْمُؤَخَّرِ،,Kamu harus membuat dua papan untuk sudut-sudut Tenda Suci bagian belakang.,"Selain itu, buatlah dua papan untuk sudut-sudut Kemah Suci bagian belakang.",
Keluaran,26,24,Keluaran 26:24,وَيَكُونَانِ مُزْدَوِجَيْنِ مِنْ أَسْفَلُ. وَعَلَى سَوَاءٍ يَكُونَانِ مُزْدَوِجَيْنِ إِلَى رَأْسِهِ إِلَى ٱلْحَلْقَةِ ٱلْوَاحِدَةِ. هَكَذَا يَكُونُ لِكِلَيْهِمَا. يَكُونَانِ لِلزَّاوِيَتَيْنِ.,"Papan-papan itu harus disambung pada bagian bawahnya, dan harus disambung sampai ke atas sampai pada gelang yang pertama. Demikianlah harus terjadi bagi keduanya, mereka akan membentuk dua sudut.",Kedua papan itu akan dipakai untuk merangkap papan di kedua sudut dari bagian bawah hingga atas dengan diikat sebentuk gelang.,
Keluaran,26,25,Keluaran 26:25,فَتَكُونُ ثَمَانِيَةَ أَلْوَاحٍ، وَقَوَاعِدُهَا مِنْ فِضَّةٍ سِتَّ عَشْرَةَ قَاعِدَةً. تَحْتَ ٱللَّوْحِ ٱلْوَاحِدِ قَاعِدَتَانِ، وَتَحْتَ ٱللَّوْحِ ٱلْوَاحِدِ قَاعِدَتَانِ.,"Jadi, harus ada delapan papan dan enam belas alas peraknya, dua alas di bawah papan yang satu dan dua alas di bawah papan lainnya.","Jadi, harus ada delapan papan lengkap dengan enam belas alas peraknya, dua alas di bawah masing-masing papan.",
Keluaran,26,26,Keluaran 26:26,«وَتَصْنَعُ عَوَارِضَ مِنْ خَشَبِ ٱلسَّنْطِ، خَمْسًا لِأَلْوَاحِ جَانِبِ ٱلْمَسْكَنِ ٱلْوَاحِدِ،,"Kamu harus membuat palang-palang dari kayu akasia, lima untuk papan-papan pada satu sisi Tenda Suci,","Buatlah juga palang-palang dari kayu penaga: lima batang kayu palang untuk papan-papan di rusuk yang satu dari Kemah Suci,",
Keluaran,26,27,Keluaran 26:27,وَخَمْسَ عَوَارِضَ لِأَلْوَاحِ جَانِبِ ٱلْمَسْكَنِ ٱلثَّانِي، وَخَمْسَ عَوَارِضَ لِأَلْوَاحِ جَانِبِ ٱلْمَسْكَنِ فِي ٱلْمُؤَخَّرِ نَحْوَ ٱلْغَرْبِ.,"dan lima palang untuk papan pada sisi lainnya dari Tenda Suci, dan lima palang untuk papan di sisi Tenda Suci, yaitu untuk dua sisi di sebelah barat.","lima kayu palang untuk papan-papan di rusuk seberangnya, dan lima kayu palang untuk papan-papan di rusuk belakang Kemah Suci, yaitu di sebelah barat.",
Keluaran,26,28,Keluaran 26:28,وَٱلْعَارِضَةُ ٱلْوُسْطَى فِي وَسَطِ ٱلْأَلْوَاحِ تَنْفُذُ مِنَ ٱلطَّرَفِ إِلَى ٱلطَّرَفِ.,"Palang yang di tengah, di tengah-tengah papan-papan itu, harus melintang dari ujung ke ujung.","Kayu palang yang di tengah haruslah melintang dari ujung ke ujung, setinggi setengah papan-papan itu.",
Keluaran,26,29,Keluaran 26:29,وَتُغَشِّي ٱلْأَلْوَاحَ بِذَهَبٍ، وَتَصْنَعُ حَلَقَاتِهَا مِنْ ذَهَبٍ بُيُوتًا لِلْعَوَارِضِ، وَتُغَشِّي ٱلْعَوَارِضَ بِذَهَبٍ.,Kamu harus melapisi papan-papan itu dengan emas dan membuat gelang-gelangnya dari emas untuk tempat palang-palang itu. Kamu harus melapisi palang-palang itu dengan emas.,"Salutlah papan-papan itu dengan emas, dan buatlah gelang-gelang emas tempat memasukkan kayu-kayu palang itu. Salutlah juga kayu-kayu palang itu dengan emas.",
Keluaran,26,30,Keluaran 26:30,وَتُقِيمُ ٱلْمَسْكَنَ كَرَسْمِهِ ٱلَّذِي أُظْهِرَ لَكَ فِي ٱلْجَبَلِ.,Kamu harus mendirikan Tenda Suci itu menurut rancangan yang telah ditunjukkan kepadamu di gunung itu.”,Dirikanlah Kemah Suci itu sesuai dengan rancangan yang telah ditunjukkan kepadamu di atas gunung ini.,
Keluaran,26,31,Keluaran 26:31,«وَتَصْنَعُ حِجَابًا مِنْ أَسْمَانْجُونِيٍّ وَأُرْجُوَانٍ وَقِرْمِزٍ وَبُوصٍ مَبْرُومٍ. صَنْعَةَ حَائِكٍ حَاذِقٍ يَصْنَعُهُ بِكَرُوبِيمَ.,"“Kamu harus membuat tirai dari benang berwarna biru, ungu, dan merah dan dari kain linen yang halus. Seorang ahli harus menyulam gambar kerub pada tirai itu.","Berikutnya, buatlah tabir dari kain biru, kain ungu, kain merah tua, dan lenan halus yang dipintal. Sulamkanlah pada tabir itu malaikat-malaikat kerub, buatan seorang ahli.",
Keluaran,26,32,Keluaran 26:32,وَتَجْعَلُهُ عَلَى أَرْبَعَةِ أَعْمِدَةٍ مِنْ سَنْطٍ مُغَشَّاةٍ بِذَهَبٍ. رُزَزُهَا مِنْ ذَهَبٍ. عَلَى أَرْبَعِ قَوَاعِدَ مِنْ فِضَّةٍ.,"Kamu harus menggantungnya pada empat tiang kayu akasia yang dilapisi emas, dengan kaitan emas, pada keempat alas perak.",Gantungkanlah tabir itu dengan kaitan-kaitan emas pada empat batang tiang dari kayu penaga yang disalut dengan emas dan disangga oleh empat alas perak.,
Keluaran,26,33,Keluaran 26:33,وَتَجْعَلُ ٱلْحِجَابَ تَحْتَ ٱلْأَشِظَّةِ. وَتُدْخِلُ إِلَى هُنَاكَ دَاخِلَ ٱلْحِجَابِ تَابُوتَ ٱلشَّهَادَةِ، فَيَفْصِلُ لَكُمُ ٱلْحِجَابُ بَيْنَ ٱلْقُدْسِ وَقُدْسِ ٱلْأَقْدَاسِ.,Kamu harus menggantung tirai itu di bawah kaitan-kaitan itu dan kamu harus membawa masuk tabut kesaksian ke sana ke bagian dalam tirai; dan tirai itu memisahkan Ruang Kudus dan Ruang Yang Mahakudus bagimu.,"Gantungkanlah tabir itu di bawah pengait, lalu bawalah masuk tabut loh hukum ke balik tabir. Tabir itu menjadi pemisah bagimu antara Ruang Suci dengan Ruang Teramat Suci.",
Keluaran,26,34,Keluaran 26:34,وَتَجْعَلُ ٱلْغِطَاءَ عَلَى تَابُوتِ ٱلشَّهَادَةِ فِي قُدْسِ ٱلْأَقْدَاسِ.,Taruhlah tutup pendamaian di atas Tabut Perjanjian di dalam Ruang Yang Mahakudus.,"Di dalam Ruang Teramat Suci itu letakkanlah tutup tabut, yaitu tempat pendamaian, di atas tabut loh hukum.",
Keluaran,26,35,Keluaran 26:35,وَتَضَعُ ٱلْمَائِدَةَ خَارِجَ ٱلْحِجَابِ، وَٱلْمَنَارَةَ مُقَابِلَ ٱلْمَائِدَةِ عَلَى جَانِبِ ٱلْمَسْكَنِ نَحْوَ ٱلتَّيْمَنِ، وَتَجْعَلُ ٱلْمَائِدَةَ عَلَى جَانِبِ ٱلشِّمَالِ.,"Kamu harus meletakkan meja itu di bagian luar tirai, dan kaki dian di sebelah selatan Tenda Suci yang berhadapan dengan meja itu, dan kamu harus menempatkan meja itu di sebelah utara.”","Letakkanlah meja di luar tabir dekat sisi sebelah utara Kemah Suci, lalu letakkanlah kaki pelita dekat rusuk sebelah selatan, berhadapan dengan meja itu.",
Keluaran,26,36,Keluaran 26:36,«وَتَصْنَعُ سَجْفًا لِمَدْخَلِ ٱلْخَيْمَةِ مِنْ أَسْمَانْجُونِيٍّ وَأُرْجُوَانٍ وَقِرْمِزٍ وَبُوصٍ مَبْرُومٍ صَنْعَةَ ٱلطَّرَّازِ.,"“kamu harus membuat tirai untuk pintu tenda dari kain biru, kain ungu, kain kirmizi, dan linen halus yang dipintal, suatu karya seorang ahli.","Selanjutnya, buatlah tirai untuk pintu kemah itu dari kain biru, kain ungu, kain merah tua, dan lenan halus yang dipintal, dihiasi sulaman.",
Keluaran,26,37,Keluaran 26:37,وَتَصْنَعُ لِلسَّجْفِ خَمْسَةَ أَعْمِدَةٍ مِنْ سَنْطٍ وَتُغَشِّيهَا بِذَهَبٍ. رُزَزُهَا مِنْ ذَهَبٍ، وَتَسْبِكُ لَهَا خَمْسَ قَوَاعِدَ مِنْ نُحَاسٍ.,"Kamu harus membuat lima tiang dari kayu akasia untuk tirai tersebut dan lapisilah dengan emas, kaitan-kaitannya juga harus terbuat dari emas, dan kamu harus menuang lima alas perunggu untuk itu.”","Lalu, buatlah lima batang tiang dari kayu penaga untuk tirai itu dan salutlah dengan emas. Buat pulalah kaitan-kaitan dari emas, dan tuanglah lima alas dari tembaga untuk tiang-tiang itu.",
Keluaran,27,1,Keluaran 27:1,«وَتَصْنَعُ ٱلْمَذْبَحَ مِنْ خَشَبِ ٱلسَّنْطِ، طُولُهُ خَمْسُ أَذْرُعٍ، وَعَرْضُهُ خَمْسُ أَذْرُعٍ. مُرَبَّعًا يَكُونُ ٱلْمَذْبَحُ. وَٱرْتِفَاعُهُ ثَلَاثُ أَذْرُعٍ.,“Kamu harus membuat mazbah dari kayu akasia yang panjangnya 5 hasta dan lebarnya 5 hasta sehingga mazbah itu berbentuk persegi dengan tinggi 3 hasta.,"Buatlah mazbah dari kayu penaga berbentuk empat persegi dengan panjang lima hasta, lebar lima hasta, dan tinggi tiga hasta.",
Keluaran,27,2,Keluaran 27:2,وَتَصْنَعُ قُرُونَهُ عَلَى زَوَايَاهُ ٱلْأَرْبَعِ. مِنْهُ تَكُونُ قُرُونُهُ، وَتُغَشِّيهِ بِنُحَاسٍ.,"Kamu harus membuat tanduk-tanduk untuk empat sudutnya dan tanduk-tanduk itu harus dibuat seiras dengannya, lalu kamu harus melapisinya dengan perunggu.","Seiras dengan mazbah itu, buatlah tanduk-tanduk pada keempat penjurunya, lalu salutlah keseluruhannya dengan tembaga.",
Keluaran,27,3,Keluaran 27:3,وَتَصْنَعُ قُدُورَهُ لِرَفْعِ رَمَادِهِ، وَرُفُوشَهُ وَمَرَاكِنَهُ وَمَنَاشِلَهُ وَمَجَامِرَهُ. جَمِيعَ آنِيَتِهِ تَصْنَعُهَا مِنْ نُحَاسٍ.,"Kamu harus membuat belanga-belanga untuk menampung abunya, dan sekop-sekopnya, dan bokor-bokornya, dan garpu-garpunya, dan perbaraan-perbaraannya. Semua perkakas itu harus kamu buat dari perunggu.","Buat pulalah kuali-kuali tempat menampung abunya, penyodok-penyodoknya, bokor-bokornya, garpu-garpunya, dan perbaraan-perbaraannya, semuanya dari tembaga.",
Keluaran,27,4,Keluaran 27:4,وَتَصْنَعُ لَهُ شُبَّاكَةً صَنْعَةَ ٱلشَّبَكَةِ مِنْ نُحَاسٍ، وَتَصْنَعُ عَلَى ٱلشَّبَكَةِ أَرْبَعَ حَلَقَاتٍ مِنْ نُحَاسٍ عَلَى أَرْبَعَةِ أَطْرَافِهِ.,Kamu harus membuat jala-jala dari perunggu dan pada jala-jala itu kamu harus membuat empat gelang perunggu pada empat sudutnya.,"Lengkapilah mazbah itu dengan jeruji atau jala-jala dari tembaga, lalu buatlah empat gelang tembaga di keempat ujung jala-jala itu.",
Keluaran,27,5,Keluaran 27:5,وَتَجْعَلُهَا تَحْتَ حَاجِبِ ٱلْمَذْبَحِ مِنْ أَسْفَلُ، وَتَكُونُ ٱلشَّبَكَةُ إِلَى نِصْفِ ٱلْمَذْبَحِ.,Kamu harus memasangnya di bawah pinggiran mazbah dari sebelah bawah supaya jala-jala itu sampai ke tengah-tengah mazbah.,"Pasanglah jala-jala itu di bawah jalur tepi mazbah, mulai dari bagian bawah hingga mencapai setengah tinggi mazbah itu.",
Keluaran,27,6,Keluaran 27:6,وَتَصْنَعُ عَصَوَيْنِ لِلْمَذْبَحِ، عَصَوَيْنِ مِنْ خَشَبِ ٱلسَّنْطِ وَتُغَشِّيهِمَا بِنُحَاسٍ.,"Kamu harus membuat tongkat-tongkat pengusung untuk mazbah itu, tongkat pengusung dari kayu akasia, dan lapisilah semuanya dengan perunggu.","Buatlah dua pengusung dari kayu penaga untuk mazbah itu, lalu salutlah dengan tembaga.",
Keluaran,27,7,Keluaran 27:7,وَتُدْخَلُ عَصَوَاهُ فِي ٱلْحَلَقَاتِ، فَتَكُونُ ٱلْعَصَوَانِ عَلَى جَانِبَيِ ٱلْمَذْبَحِ حِينَمَا يُحْمَلُ.,"Tongkat-tongkat pengusung itu harus dimasukkan ke dalam gelang-gelang, supaya tongkat-tongkat pengusung itu ada di dua sisi mazbah itu ketika diusung.",Masukkanlah kayu-kayu pengusung itu ke dalam gelang-gelang tadi sehingga kayu-kayu pengusung itu terletak di kedua sisi mazbah itu ketika orang mengusungnya.,
Keluaran,27,8,Keluaran 27:8,مُجَوَّفًا تَصْنَعُهُ مِنْ أَلْوَاحٍ، كَمَا أُظْهِرَ لَكَ فِي ٱلْجَبَلِ هَكَذَا يَصْنَعُونَهُ.,"Kamu harus membuatnya dari papan berongga, sebagaimana yang telah ditunjukkan kepadamu di gunung itu, demikianlah mereka harus membuatnya.”","Mazbah itu harus kaubuat dari papan serta berongga, seperti yang telah ditunjukkan kepadamu di atas gunung ini.",
Keluaran,27,9,Keluaran 27:9,«وَتَصْنَعُ دَارَ ٱلْمَسْكَنِ. إِلَى جِهَةِ ٱلْجَنُوبِ نَحْوَ ٱلتَّيْمَنِ لِلدَّارِ أَسْتَارٌ مِنْ بُوصٍ مَبْرُومٍ مِئَةُ ذِرَاعٍ طُولًا إِلَى ٱلْجِهَةِ ٱلْوَاحِدَةِ.,"“Kamu harus membuat pelataran Tenda Suci yang di sisi selatannya harus ada tirai untuk pelataran itu dari kain linen halus yang dipintal dengan panjang 100 hasta untuk sisi yang itu,","Buatlah pelataran Kemah Suci. Pagarilah sisi selatan pelataran itu dengan kain lenan halus yang dipintal sepanjang seratus hasta,",
Keluaran,27,10,Keluaran 27:10,وَأَعْمِدَتُهَا عِشْرُونَ، وَقَوَاعِدُهَا عِشْرُونَ مِنْ نُحَاسٍ. رُزَزُ ٱلْأَعْمِدَةِ وَقُضْبَانُهَا مِنْ فِضَّةٍ.,"dan harus ada dua puluh tiang dengan dua puluh alas tiangnya dari perunggu, sedangkan kaitan-kaitan tiang itu dan penyambung-penyambungnya harus terbuat dari perak.",disangga oleh dua puluh batang tiang tembaga dengan dua puluh alas dari tembaga pula. Kaitan-kaitan pada tiang serta penghubung-penghubungnya haruslah dari perak.,
Keluaran,27,11,Keluaran 27:11,وَكَذَلِكَ إِلَى جِهَةِ ٱلشِّمَالِ فِي ٱلطُّولِ أَسْتَارٌ مِئَةُ ذِرَاعٍ طُولًا. وَأَعْمِدَتُهَا عِشْرُونَ، وَقَوَاعِدُهَا عِشْرُونَ مِنْ نُحَاسٍ. رُزَزُ ٱلْأَعْمِدَةِ وَقُضْبَانُهَا مِنْ فِضَّةٍ.,"Demikian pula dengan sisi utara, harus ada tirai sepanjang 100 hasta dengan dua puluh tiang dan dua puluh alas tiangnya dari perunggu, sedangkan kaitan-kaitan tiang itu dan penyambung-penyambungnya harus terbuat dari perak.","Demikian jugalah halnya untuk sisi panjang sebelah utara. Bentangkanlah kain sepanjang seratus hasta, disangga oleh dua puluh batang tiang dengan dua puluh alas, semuanya dari tembaga. Kaitan-kaitan pada tiang serta penghubung-penghubungnya haruslah dari perak.",
Keluaran,27,12,Keluaran 27:12,وَفِي عَرْضِ ٱلدَّارِ إِلَى جِهَةِ ٱلْغَرْبِ أَسْتَارٌ خَمْسُونَ ذِرَاعًا. أَعْمِدَتُهَا عَشْرَةٌ، وَقَوَاعِدُهَا عَشْرٌ.,Untuk lebar pelataran di sisi barat harus ada tirai berukuran 50 hasta dengan sepuluh tiang dan sepuluh alas tiangnya.,"Pada sisi lebar di sebelah barat, bentangkanlah kain sepanjang lima puluh hasta, disangga oleh sepuluh batang tiang dengan sepuluh alasnya.",
Keluaran,27,13,Keluaran 27:13,وَعَرْضُ ٱلدَّارِ إِلَى جِهَةِ ٱلشَّرْقِ نَحْوَ ٱلشُّرُوقِ خَمْسُونَ ذِرَاعًا.,"Di sisi timur pelataran itu, lebarnya harus 50 hasta.",Lebar pelataran sisi sebelah timur pun lima puluh hasta.,
Keluaran,27,14,Keluaran 27:14,وَخَمْسَ عَشْرَةَ ذِرَاعًا مِنَ ٱلْأَسْتَارِ لِلْجَانِبِ ٱلْوَاحِدِ. أَعْمِدَتُهَا ثَلَاثَةٌ وَقَوَاعِدُهَا ثَلَاثٌ.,Tirai untuk satu sisi gerbang itu harus berukuran 15 hasta dengan tiga tiang dan tiga alas tiangnya.,"Di bagian tepi yang satu bentangkanlah kain sepanjang lima belas hasta, disangga oleh tiga batang tiang dengan tiga alasnya.",
Keluaran,27,15,Keluaran 27:15,وَلِلْجَانِبِ ٱلثَّانِي خَمْسَ عَشْرَةَ ذِرَاعًا مِنَ ٱلْأَسْتَارِ. أَعْمِدَتُهَا ثَلَاثَةٌ وَقَوَاعِدُهَا ثَلَاثٌ.,Di sisi lainnya harus ada tirai berukuran 15 hasta dengan tiga tiang dan tiga alas tiangnya.,"Di bagian tepi lainnya bentangkan pula kain sepanjang lima belas hasta, disangga oleh tiga batang tiang dengan tiga alasnya.",
Keluaran,27,16,Keluaran 27:16,وَلِبَابِ ٱلدَّارِ سَجْفٌ عِشْرُونَ ذِرَاعًا مِنْ أَسْمَانْجُونِيٍّ وَأُرْجُوَانٍ وَقِرْمِزٍ وَبُوصٍ مَبْرُومٍ صَنْعَةَ ٱلطَّرَّازِ. أَعْمِدَتُهُ أَرْبَعَةٌ، وَقَوَاعِدُهَا أَرْبَعٌ.,"Untuk gerbang pelataran harus ada tirai berukuran 20 hasta dari kain biru, kain ungu, kain kirmizi, dan kain linen halus yang dipintal, buatan ahli tenun, dengan empat tiang dan empat alas tiangnya.","Sedangkan untuk pintu masuk menuju pelataran, buatlah tirai sepanjang dua puluh hasta dari kain biru, kain ungu, kain merah tua, dan lenan halus yang dipintal, berhiaskan sulaman. Tirai itu harus disangga oleh empat batang tiang dengan empat alasnya.",
Keluaran,27,17,Keluaran 27:17,لِكُلِّ أَعْمِدَةِ ٱلدَّارِ حَوَالَيْهَا قُضْبَانٌ مِنْ فِضَّةٍ. رُزَزُهَا مِنْ فِضَّةٍ، وَقَوَاعِدُهَا مِنْ نُحَاسٍ.,"Semua tiang di sekeliling pelataran harus tersambung dengan perak, kaitan-kaitannya dari perak dan alas-alas tiangnya dari perunggu.","Semua tiang di sekeliling pelataran itu harus dihubungkan dengan penghubung-penghubung perak. Kaitan-kaitannya pun harus dari perak, sedangkan alas-alasnya dari tembaga.",
Keluaran,27,18,Keluaran 27:18,طُولُ ٱلدَّارِ مِئَةُ ذِرَاعٍ، وَعَرْضُهَا خَمْسُونَ فَخَمْسُونَ، وَٱرْتِفَاعُهَا خَمْسُ أَذْرُعٍ مِنْ بُوصٍ مَبْرُومٍ، وَقَوَاعِدُهَا مِنْ نُحَاسٍ.,"Panjang pelataran itu harus sebesar 100 hasta dan lebarnya 50 hasta, dan tingginya 5 hasta, yang dibuat dari kain linen halus yang dipintal dengan alas-alas tiangnya dari perunggu.","Panjang pelataran itu haruslah seratus hasta, lebarnya lima puluh hasta, dan tingginya lima hasta, dipagari oleh kain lenan halus yang dipintal, dengan alas-alas dari tembaga.",
Keluaran,27,19,Keluaran 27:19,جَمِيعُ أَوَانِي ٱلْمَسْكَنِ فِي كُلِّ خِدْمَتِهِ وَجَمِيعُ أَوْتَادِهِ وَجَمِيعُ أَوْتَادِ ٱلدَّارِ مِنْ نُحَاسٍ.,"Segala perlengkapan Tenda Suci untuk keperluan ibadah, semua patoknya, termasuk patok untuk pelataran harus terbuat dari perunggu.”","Segala perlengkapan Kemah Suci untuk keperluan ibadah, semua pancangnya, termasuk semua pancang pelataran itu, haruslah terbuat dari tembaga.",
Keluaran,27,20,Keluaran 27:20,«وَأَنْتَ تَأْمُرُ بَنِي إِسْرَائِيلَ أَنْ يُقَدِّمُوا إِلَيْكَ زَيْتَ زَيْتُونٍ مَرْضُوضٍ نَقِيًّا لِلضَّوْءِ لِإِصْعَادِ ٱلسُّرُجِ دَائِمًا.,“Kamu harus memerintahkan kepada keturunan Israel untuk membawa minyak zaitun tumbuk yang murni kepadamu untuk penerangan agar pelita terus-menerus menyala.,Perintahkanlah bani Israil untuk membawa kepadamu minyak zaitun tumbuk yang murni untuk penerangan supaya pelita dapat dipasang senantiasa.,
Keluaran,27,21,Keluaran 27:21,فِي خَيْمَةِ ٱلِٱجْتِمَاعِ، خَارِجَ ٱلْحِجَابِ ٱلَّذِي أَمَامَ ٱلشَّهَادَةِ، يُرَتِّبُهَا هَارُونُ وَبَنُوهُ مِنَ ٱلْمَسَاءِ إِلَى ٱلصَّبَاحِ أَمَامَ ٱلرَّبِّ. فَرِيضَةً دَهْرِيَّةً فِي أَجْيَالِهِمْ مِنْ بَنِي إِسْرَائِيلَ.,"Dalam tenda pertemuan, di bagian luar tirai yang menutupi tabut kesaksian, Harun dan anak-anaknya harus menjaga pelita itu dari petang hingga pagi di hadapan TUHAN. Hal itu harus menjadi ketetapan untuk selama-lamanya bagi keturunan mereka, yaitu bagi keturunan Israel.”","Di dalam Kemah Hadirat Allah, yaitu di sebelah luar tabir yang menutupi tabut loh hukum, Harun dan anak-anak lelakinya harus mengurus pelita itu agar tetap menyala di hadirat ALLAH dari petang sampai pagi hari. Ketetapan ini berlaku untuk seterusnya bagi bani Israil, turun-temurun.",
Keluaran,28,1,Keluaran 28:1,«وَقَرِّبْ إِلَيْكَ هَارُونَ أَخَاكَ وَبَنِيهِ مَعَهُ مِنْ بَيْنِ بَنِي إِسْرَائِيلَ لِيَكْهَنَ لِي. هَارُونَ نَادَابَ وَأَبِيهُوَ أَلِعَازَارَ وَإِيثَامَارَ بَنِي هَارُونَ.,"“Bawalah Harun, kakakmu, beserta anak-anaknya dari tengah-tengah keturunan Israel kepadamu supaya dia dapat melayani sebagai imam bagi-Ku, yaitu Harun, Nadab dan Abihu, Eleazar dan Itamar, para anak laki-laki Harun.","Suruhlah abangmu Harun dan anak-anaknya, yaitu Nadab, Abihu, Eleazar, dan Itamar, datang kepadamu dari tengah-tengah bani Israil untuk menunaikan tugas sebagai imam bagi-Ku.",
Keluaran,28,2,Keluaran 28:2,وَٱصْنَعْ ثِيَابًا مُقَدَّسَةً لِهَارُونَ أَخِيكَ لِلْمَجْدِ وَٱلْبَهَاءِ.,"Kamu harus membuat pakaian kudus untuk Harun, kakakmu, untuk kemuliaan dan keindahan.","Buatlah pakaian suci bagi Harun, abangmu, sebagai tanda kemuliaan dan kehormatan.",
Keluaran,28,3,Keluaran 28:3,وَتُكَلِّمُ جَمِيعَ حُكَمَاءِ ٱلْقُلُوبِ ٱلَّذِينَ مَلَأْتُهُمْ رُوحَ حِكْمَةٍ، أَنْ يَصْنَعُوا ثِيَابَ هَارُونَ لِتَقْدِيسِهِ لِيَكْهَنَ لِي.,"Kamu harus berbicara kepada semua orang ahli, yang telah Kupenuhi dengan roh hikmat, agar mereka membuat pakaian Harun untuk mengkhususkannya sehingga dia dapat melayani sebagai imam bagi-Ku.","Katakanlah kepada semua ahli, yang telah Kupenuhi dengan ruh hikmat, agar mereka membuat pakaian Harun. Dengan demikian, ia dikhususkan untuk menunaikan tugas sebagai imam bagi-Ku.",
Keluaran,28,4,Keluaran 28:4,وَهَذِهِ هِيَ ٱلثِّيَابُ ٱلَّتِي يَصْنَعُونَهَا: صُدْرَةٌ وَرِدَاءٌ وَجُبَّةٌ وَقَمِيصٌ مُخَرَّمٌ وَعِمَامَةٌ وَمِنْطَقَةٌ. فَيَصْنَعُونَ ثِيَابًا مُقَدَّسَةً لِهَارُونَ أَخِيكَ وَلِبَنِيهِ لِيَكْهَنَ لِي.,"Inilah pakaian yang harus mereka buat: tutup dada, dan baju efod, dan jubah, dan baju panjang yang bersulam, serban, dan ikat pinggang. Mereka harus membuat pakaian kudus itu untuk Harun, kakakmu, dan untuk para anak laki-lakinya supaya mereka dapat melayani-Ku sebagai imam.","Inilah pakaian yang harus mereka buat: penutup dada, baju efod, jubah, tunik berbordir, serban, dan ikat pinggang. Mereka harus membuat pakaian suci itu bagi abangmu Harun dan anak-anaknya supaya mereka dapat menunaikan tugas sebagai imam bagi-Ku.",
Keluaran,28,5,Keluaran 28:5,وَهُمْ يَأْخُذُونَ ٱلذَّهَبَ وَٱلْأَسْمَانْجُونِيَّ وَٱلْأُرْجُوَانَ وَٱلْقِرْمِزَ وَٱلْبُوصَ.,"Mereka harus menggunakan emas, dan kain biru, dan kain ungu, dan kain kirmizi, dan linen halus.”","Untuk itu mereka memerlukan emas, kain biru, kain ungu, kain merah tua, dan lenan halus.",
Keluaran,28,6,Keluaran 28:6,«فَيَصْنَعُونَ ٱلرِّدَاءَ مِنْ ذَهَبٍ وَأَسْمَانْجُونِيٍّ وَأُرْجُوَانٍ وَقِرْمِزٍ وَبُوصٍ مَبْرُومٍ صَنْعَةَ حَائِكٍ حَاذِقٍ.,"“Mereka harus membuat baju efod itu dari emas, kain biru, kain ungu, kain kirmizi, dan linen halus yang dipintal, buatan ahli tenun.","Baju efod harus mereka buat dari emas, kain biru, kain ungu, kain merah tua, dan lenan halus yang dipintal, buatan seorang ahli.",
Keluaran,28,7,Keluaran 28:7,يَكُونُ لَهُ كَتِفَانِ مَوْصُولَانِ فِي طَرَفَيْهِ لِيَتَّصِلَ.,"Pada baju efod itu harus ada dua penutup bahu yang saling menyambung pada dua ujungnya, demikianlah itu harus tersambung.",Pada baju efod itu harus dijahitkan dua tali penutup bahu yang bersambung di kedua ujungnya sehingga baju efod itu tersambung.,
Keluaran,28,8,Keluaran 28:8,وَزُنَّارُ شَدِّهِ ٱلَّذِي عَلَيْهِ يَكُونُ مِنْهُ كَصَنْعَتِهِ. مِنْ ذَهَبٍ وَأَسْمَانْجُونِيٍّ وَقِرْمِزٍ وَبُوصٍ مَبْرُومٍ.,"Ikat pinggang yang ditenun dengan terampil, yang ada pada baju efod, harus dibuat dari bahan yang sama, yaitu dari emas, kain biru, kain ungu, kain kirmizi, dan kain linen halus yang dipintal.","Selain itu, baju efod itu pun harus seiras dengan sabuk pengikat bertenun pelik yang sama bahannya, yaitu emas, kain biru, kain ungu, kain merah tua, dan lenan halus yang dipintal.",
Keluaran,28,9,Keluaran 28:9,وَتَأْخُذُ حَجَرَيْ جَزْعٍ وَتُنَقِّشُ عَلَيْهِمَا أَسْمَاءَ بَنِي إِسْرَائِيلَ.,"Kamu harus mengambil dua permata krisopras dan mengukir nama anak-anak Israel di atasnya,","Ambillah dua buah permata unam, lalu ukirkan padanya nama anak-anak Israil,",
Keluaran,28,10,Keluaran 28:10,سِتَّةً مِنْ أَسْمَائِهِمْ عَلَى ٱلْحَجَرِ ٱلْوَاحِدِ، وَأَسْمَاءَ ٱلسِّتَّةِ ٱلْبَاقِينَ عَلَى ٱلْحَجَرِ ٱلثَّانِي حَسَبَ مَوَالِيدِهِمْ.,"enam nama mereka pada batu permata yang satu dan enam nama sisanya pada batu permata yang lainnya, berdasarkan kelahiran mereka.","enam nama pada batu permata yang satu dan enam nama lainnya pada batu permata yang kedua, menurut urutan kelahiran mereka.",
Keluaran,28,11,Keluaran 28:11,صَنْعَةَ نَقَّاشِ ٱلْحِجَارَةِ نَقْشَ ٱلْخَاتِمِ تُنَقِّشُ ٱلْحَجَرَيْنِ عَلَى حَسَبِ أَسْمَاءِ بَنِي إِسْرَائِيلَ. مُحَاطَيْنِ بِطَوْقَيْنِ مِنْ ذَهَبٍ تَصْنَعُهُمَا.,"Sebagaimana ahli pengukir permata, demikianlah kamu harus mengukir dua batu permata itu dengan nama anak-anak Israel, lalu kamu harus melilitnya dengan emas.","Ukirkanlah nama anak-anak Israil pada kedua batu permata itu seperti tukang permata mengukir meterai, lalu lilitlah batu permata itu dengan ikatan emas.",
Keluaran,28,12,Keluaran 28:12,وَتَضَعُ ٱلْحَجَرَيْنِ عَلَى كَتِفَيِ ٱلرِّدَاءِ حَجَرَيْ تَذْكَارٍ لِبَنِي إِسْرَائِيلَ. فَيَحْمِلُ هَارُونُ أَسْمَاءَهُمْ أَمَامَ ٱلرَّبِّ عَلَى كَتِفَيْهِ لِلتَّذْكَارِ.,"Kamu harus meletakkan dua batu itu pada dua bahu baju efod sebagai batu permata peringatan akan anak-anak Israel, dan Harun harus membawa nama-nama mereka di bahunya, di hadapan TUHAN, sebagai tanda peringatan.",Taruhlah kedua permata itu pada kedua tali penutup bahu baju efod sebagai permata pengingat untuk mengingat anak-anak Israil. Harun harus membawa nama-nama mereka ke hadirat ALLAH pada kedua tali penutup bahunya sebagai tanda pengingat.,
Keluaran,28,13,Keluaran 28:13,وَتَصْنَعُ طَوْقَيْنِ مِنْ ذَهَبٍ،,"Kamu harus membuat sulaman dari emas,",Buatlah ikatan dari emas,
Keluaran,28,14,Keluaran 28:14,وَسِلْسِلَتَيْنِ مِنْ ذَهَبٍ نَقِيٍّ. مَجْدُولَتَيْنِ تَصْنَعُهُمَا صَنْعَةَ ٱلضَّفْرِ، وَتَجْعَلُ سِلْسِلَتَيِ ٱلضَّفَائِرِ فِي ٱلطَّوْقَيْنِ.,"dan dua rantai dari emas yang dijalin seperti tali, lalu kamu harus memasang untaian rantai itu pada sulaman emas itu.”","dan dua untai rantai dari emas tulen, terjalin seperti tali. Setelah itu, pasanglah jalinan rantai itu pada ikatan permata tadi.",
Keluaran,28,15,Keluaran 28:15,«وَتَصْنَعُ صُدْرَةَ قَضَاءٍ. صَنْعَةَ حَائِكٍ حَاذِقٍ كَصَنْعَةِ ٱلرِّدَاءِ تَصْنَعُهَا. مِنْ ذَهَبٍ وَأَسْمَانْجُونِيٍّ وَأُرْجُوَانٍ وَقِرْمِزٍ وَبُوصٍ مَبْرُومٍ تَصْنَعُهَا.,"“Kamu harus membuat tutup dada penghakiman, yang dikerjakan oleh seorang ahli. Kamu harus membuatnya seperti pada baju efod, yaitu terbuat dari emas, kain biru, kain ungu, kain kirmizi, dan kain linen halus yang dipintal, demikianlah kamu harus membuatnya.","Buatlah penutup dada yang berfungsi untuk menyatakan keputusan, melalui tangan seorang ahli. Penutup dada itu harus kaubuat seperti halnya baju efod, yaitu dari emas, kain biru, kain ungu, kain merah tua, dan lenan halus yang dipintal.",
Keluaran,28,16,Keluaran 28:16,تَكُونُ مُرَبَّعَةً مَثْنِيَّةً، طُولُهَا شِبْرٌ وَعَرْضُهَا شِبْرٌ.,"Tutup dada itu harus berbentuk persegi, dilipat dua, sejengkal panjangnya dan sejengkal lebarnya.","Bentuknya haruslah empat persegi, berlapis dua, sejengkal panjangnya, dan sejengkal lebarnya.",
Keluaran,28,17,Keluaran 28:17,وَتُرَصِّعُ فِيهَا تَرْصِيعَ حَجَرٍ أَرْبَعَةَ صُفُوفِ حِجَارَةٍ. صَفُّ: عَقِيقٍ أَحْمَرَ وَيَاقُوتٍ أَصْفَرَ وَزُمُرُّدٍ، ٱلصَّفُّ ٱلْأَوَّلُ.,"Kamu harus memasang empat baris batu permata padanya. Baris pertama harus terdiri dari permata yaspis merah, krisolit, dan malakit, itulah baris pertama.","Pasanglah pada penutup dada itu empat baris batu permata tatahan. Baris pertama terdiri dari akik merah, manikam kuning, dan zamrud.",
Keluaran,28,18,Keluaran 28:18,وَٱلصَّفُّ ٱلثَّانِي: بَهْرَمَانٌ وَيَاقُوتٌ أَزْرَقُ وَعَقِيقٌ أَبْيَضُ.,"Lalu, baris kedua harus terdiri dari permata batu darah, lazurit, dan yaspis hijau.","Baris kedua terdiri dari pirus, nilam, dan intan.",
Keluaran,28,19,Keluaran 28:19,وَٱلصَّفُّ ٱلثَّالِثُ: عَيْنُ ٱلْهِرِّ وَيَشْمٌ وَجَمَشْتٌ.,"Baris ketiga adalah permata ambar, akik, dan kecubung.","Baris ketiga terdiri dari yakut, akik putih, dan kecubung.",
Keluaran,28,20,Keluaran 28:20,وَٱلصَّفُّ ٱلرَّابِعُ: زَبَرْجَدٌ وَجَزْعٌ وَيَشْبٌ. تَكُونُ مُطَوَّقَةً بِذَهَبٍ فِي تَرْصِيعِهَا.,"Baris keempat adalah permata pirus, krisopras, dan nefrit. Semua itu harus dipasang dalam sulaman emas.","Sedangkan baris keempat terdiri dari topas, unam, dan giok. Semuanya harus diikat dengan emas dalam tatahannya.",
Keluaran,28,21,Keluaran 28:21,وَتَكُونُ ٱلْحِجَارَةُ عَلَى أَسْمَاءِ بَنِي إِسْرَائِيلَ، ٱثْنَيْ عَشَرَ عَلَى أَسْمَائِهِمْ. كَنَقْشِ ٱلْخَاتِمِ كُلُّ وَاحِدٍ عَلَى ٱسْمِهِ تَكُونُ لِلِٱثْنَيْ عَشَرَ سِبْطًا.,"Harus ada dua belas permata dengan namanya yang sesuai dengan nama anak-anak Israel, sejumlah dua belas, seperti ukiran pada meterai, setiap permata dengan namanya tersendiri berdasarkan dua belas suku.",Jumlah batu permata itu haruslah dua belas buah sesuai dengan jumlah nama anak Israil. Masing-masing harus diukir seperti meterai dengan nama salah satu dari kedua belas suku itu.,
Keluaran,28,22,Keluaran 28:22,«وَتَصْنَعُ عَلَى ٱلصُّدْرَةِ سَلَاسِلَ مَجْدُولَةً صَنْعَةَ ٱلضَّفْرِ مِنْ ذَهَبٍ نَقِيٍّ.,"Untuk tutup dada, kamu harus membuat rantai dari emas murni yang dijalin seperti tali.","Untuk penutup dada itu buatlah beberapa rantai dari emas tulen, terjalin seperti tali.",
Keluaran,28,23,Keluaran 28:23,وَتَصْنَعُ عَلَى ٱلصُّدْرَةِ حَلْقَتَيْنِ مِنْ ذَهَبٍ، وَتَجْعَلُ ٱلْحَلْقَتَيْنِ عَلَى طَرَفَيِ ٱلصُّدْرَةِ.,Kamu harus membuat dua gelang emas pada tutup dada itu dan harus memasang dua gelang itu di ujung-ujung tutup dada itu.,"Buat pulalah dua gelang emas, lalu pasanglah kedua gelang itu pada kedua ujung penutup dada.",
Keluaran,28,24,Keluaran 28:24,وَتَجْعَلُ ضَفِيرَتَيِ ٱلذَّهَبِ فِي ٱلْحَلْقَتَيْنِ عَلَى طَرَفَيِ ٱلصُّدْرَةِ.,"Kemudian, kamu harus memasang dua rantai emas itu pada dua gelang di ujung-ujung tutup dada itu.","Kemudian, pasanglah kedua jalinan rantai emas tadi pada kedua gelang di ujung penutup dada itu.",
Keluaran,28,25,Keluaran 28:25,وَتَجْعَلُ طَرَفَيِ ٱلضَّفِيرَتَيْنِ ٱلْآخَرَيْنِ فِي ٱلطَّوْقَيْنِ، وَتَجْعَلُهُمَا عَلَى كَتِفَيِ ٱلرِّدَاءِ إِلَى قُدَّامِهِ.,"Dua ujung lain dari rantai emas itu harus kamu pasang pada sulamannya, lalu pasanglah itu pada tutup bahu baju efod di bagian depannya.","Pasanglah ujung-ujung lain dari kedua jalinan itu pada dua ikatan batu permata tadi. Dengan demikian, kedua jalinan itu terpasang pada tali-tali penutup bahu baju efod di sebelah depan.",
Keluaran,28,26,Keluaran 28:26,وَتَصْنَعُ حَلْقَتَيْنِ مِنْ ذَهَبٍ وَتَضَعُهُمَا عَلَى طَرَفَيِ ٱلصُّدْرَةِ عَلَى حَاشِيَتِهَا ٱلَّتِي إِلَى جِهَةِ ٱلرِّدَاءِ مِنْ دَاخِلٍ.,"Kamu harus membuat dua gelang emas dan memasangnya pada kedua ujung tutup dada itu, di tepinya di bagian dalam baju efod.","Buatlah dua gelang emas dan pasanglah pada kedua ujung penutup dada itu di lapisan sebelah dalam, yang berhadapan langsung dengan baju efod.",
Keluaran,28,27,Keluaran 28:27,وَتَصْنَعُ حَلْقَتَيْنِ مِنْ ذَهَبٍ، وَتَجْعَلُهُمَا عَلَى كَتِفَيِ ٱلرِّدَاءِ مِنْ أَسْفَلُ مِنْ قُدَّامِهِ عِنْدَ وَصْلِهِ مِنْ فَوْقِ زُنَّارِ ٱلرِّدَاءِ.,"Kamu harus membuat dua gelang emas lainnya dan pasanglah itu pada kedua bahu efod di sebelah bawah, di bagian depannya, di dekat sambungannya, di atas pita efod.","Buatlah juga dua gelang emas lagi dan pasanglah pada kedua tali penutup bahu baju efod di bagian bawah sebelah depan, dekat sambungannya, di atas sabuk pengikat baju efod bertenun pelik.",
Keluaran,28,28,Keluaran 28:28,وَيَرْبُطُونَ ٱلصُّدْرَةَ بِحَلْقَتَيْهَا إِلَى حَلْقَتَيِ ٱلرِّدَاءِ بِخَيْطٍ مِنْ أَسْمَانْجُونِيٍّ لِتَكُونَ عَلَى زُنَّارِ ٱلرِّدَاءِ، وَلَا تُنْزَعُ ٱلصُّدْرَةُ عَنِ ٱلرِّدَاءِ.,Mereka harus mengikat tutup dada itu dengan gelang-gelang baju efod dengan tali biru supaya tutup dada itu tidak terlepas dari baju efod.,"Selanjutnya, gelang penutup dada haruslah diikatkan pada gelang baju efod dengan tali biru. Dengan demikian, penutup dada itu tetap berada di atas sabuk pengikat baju efod bertenun pelik serta tidak bergeser dari baju efod itu.",
Keluaran,28,29,Keluaran 28:29,فَيَحْمِلُ هَارُونُ أَسْمَاءَ بَنِي إِسْرَائِيلَ فِي صُدْرَةِ ٱلْقَضَاءِ عَلَى قَلْبِهِ عِنْدَ دُخُولِهِ إِلَى ٱلْقُدْسِ لِلتَّذْكَارِ أَمَامَ ٱلرَّبِّ دَائِمًا.,Harun akan menanggung nama anak-anak Israel pada tutup dada penghakiman itu di atas jantungnya ketika dia masuk ke Ruang Kudus sebagai peringatan di hadapan TUHAN senantiasa.,"Jadi, ketika Harun masuk ke dalam Ruang Suci, ia akan membawa nama anak-anak Israil tepat di depan jantungnya, yaitu pada penutup dada yang dipakai untuk menyatakan keputusan hukum itu sehingga menjadi tanda pengingat yang tetap di hadirat ALLAH.",
Keluaran,28,30,Keluaran 28:30,وَتَجْعَلُ فِي صُدْرَةِ ٱلْقَضَاءِ ٱلْأُورِيمَ وَٱلتُّمِّيمَ لِتَكُونَ عَلَى قَلْبِ هَارُونَ عِنْدَ دُخُولِهِ أَمَامَ ٱلرَّبِّ. فَيَحْمِلُ هَارُونُ قَضَاءَ بَنِي إِسْرَائِيلَ عَلَى قَلْبِهِ أَمَامَ ٱلرَّبِّ دَائِمًا.,"Pasanglah Urim dan Tumim di tutup dada penghakiman itu yang keduanya harus ada di atas jantung Harun ketika dia pergi ke hadapan TUHAN, dan Harun akan menanggung penghakiman atas bangsa Israel di jantungnya, di hadapan TUHAN, senantiasa.”","Dalam penutup dada yang dipakai untuk menyatakan keputusan hukum itu taruhlah Urim dan Tumim. Keduanya harus berada tepat di depan jantung Harun ketika ia masuk menghadap ALLAH. Dengan demikian, di hadirat ALLAH Harun akan senantiasa membawa tepat di depan jantungnya keputusan-keputusan hukum bagi bani Israil.",
Keluaran,28,31,Keluaran 28:31,«وَتَصْنَعُ جُبَّةَ ٱلرِّدَاءِ كُلَّهَا مِنْ أَسْمَانْجُونِيٍّ،,“Kamu harus membuat jubah efod yang semuanya terbuat dari kain biru.,"Buatlah jubah baju efod, seluruhnya dari kain biru,",
Keluaran,28,32,Keluaran 28:32,وَتَكُونُ فَتْحَةُ رَأْسِهَا فِي وَسَطِهَا، وَيَكُونُ لِفَتْحَتِهَا حَاشِيَةٌ حَوَالَيْهَا صَنْعَةَ ٱلْحَائِكِ. كَفَتْحَةِ ٱلدِّرْعِ يَكُونُ لَهَا. لَا تُشَقُّ.,"Jubah itu harus mempunyai lubang pada bagian atasnya di tengah-tengahnya. Di sekeliling lubang itu harus ada pinggiran hasil karya seorang penenun, seperti lubang pada baju zirah agar jubah itu tidak mudah koyak.",dengan lubang untuk kepala tepat di tengah-tengahnya. Seluruh keliling tepi lubang itu haruslah ditenun seperti halnya lubang baju zirah supaya jangan koyak.,
Keluaran,28,33,Keluaran 28:33,وَتَصْنَعُ عَلَى أَذْيَالِهَا رُمَّانَاتٍ مِنْ أَسْمَانْجُونِيٍّ وَأُرْجُوانٍ وَقِرْمِزٍ، عَلَى أَذْيَالِهَا حَوَالَيْهَا، وَجَلَاجِلَ مِنْ ذَهَبٍ بَيْنَهَا حَوَالَيْهَا.,"Kamu harus membuat hiasan delima dari kain biru, kain ungu, dan kain kirmizi di sekeliling tepi bawah jubah itu, dengan kerincing-kerincing emas di antaranya,","Di sekeliling ujung bawah jubah itu buatlah hiasan seperti buah delima dari kain biru, kain ungu, dan kain merah tua dengan kerincing emas yang berselang-seling di antaranya.",
Keluaran,28,34,Keluaran 28:34,جُلْجُلَ ذَهَبٍ وَرُمَّانَةً، جُلْجُلَ ذَهَبٍ وَرُمَّانَةً، عَلَى أَذْيَالِ ٱلْجُبَّةِ حَوَالَيْهَا.,"satu kerincing emas, satu delima, satu kerincing emas, satu delima, di sekeliling bawah tepi jubah itu.","Satu kerincing emas, lalu satu buah delima, kemudian satu kerincing emas lagi diikuti satu buah delima, demikian seterusnya di sekeliling ujung jubah itu.",
Keluaran,28,35,Keluaran 28:35,فَتَكُونُ عَلَى هَارُونَ لِلْخِدْمَةِ لِيُسْمَعَ صَوْتُهَا عِنْدَ دُخُولِهِ إِلَى ٱلْقُدْسِ أَمَامَ ٱلرَّبِّ، وَعِنْدَ خُرُوجِهِ، لِئَلَّا يَمُوتَ.,"Harun harus memakainya ketika dia melayani, lalu bunyinya akan terdengar ketika dia masuk ke Ruang Kudus di hadapan TUHAN dan ketika dia keluar supaya dia tidak mati.",Harun harus memakai jubah itu ketika ia menyelenggarakan peribadatan. Bunyinya harus terdengar ketika ia masuk ke dalam Ruang Suci di hadirat ALLAH dan ketika ia keluar supaya jangan ia mati.,
Keluaran,28,36,Keluaran 28:36,«وَتَصْنَعُ صَفِيحَةً مِنْ ذَهَبٍ نَقِيٍّ، وَتُنَقِّشُ عَلَيْهَا نَقْشَ خَاتِمٍ: «قُدْسٌ لِلرَّبِّ».,"Kamu harus membuat pelat dari emas murni dan ukirlah di atasnya, seperti ukiran pada meterai: ‘Kudus bagi TUHAN.’","Buatlah perhiasan kepala dari emas tulen dan ukirkanlah tulisan ‘Suci bagi ALLAH’ padanya, seperti ukiran meterai.",
Keluaran,28,37,Keluaran 28:37,وَتَضَعُهَا عَلَى خَيْطٍ أَسْمَانْجُونِيٍّ لِتَكُونَ عَلَى ٱلْعِمَامَةِ. إِلَى قُدَّامِ ٱلْعِمَامَةِ تَكُونُ.,"Kamu harus memasangnya pada tali biru supaya dapat dipasang pada serban, yang harus dipasang di bagian depan serban.",Pasanglah perhiasan itu di sebelah depan serban dengan tali biru.,
Keluaran,28,38,Keluaran 28:38,فَتَكُونُ عَلَى جِبْهَةِ هَارُونَ، فَيَحْمِلُ هَارُونُ إِثْمَ ٱلْأَقْدَاسِ ٱلَّتِي يُقَدِّسُهَا بَنُو إِسْرَائِيلَ، جَمِيعِ عَطَايَا أَقْدَاسِهِمْ. وَتَكُونُ عَلَى جِبْهَتِهِ دَائِمًا لِلرِّضَا عَنْهُمْ أَمَامَ ٱلرَّبِّ.,Serban itu harus ada di dahi Harun supaya Harun dapat menanggung kesalahan dari segala yang kudus yang dikhususkan oleh keturunan Israel sebagai persembahan kudus mereka. Itu akan selalu ada di dahinya supaya dia dapat diterima di hadapan TUHAN.,"Perhiasan itu harus ada pada dahi Harun, dan Harun harus menanggung akibat kesalahan terhadap barang-barang suci yang dikhususkan oleh bani Israil dari segala persembahan suci mereka. Perhiasan itu harus senantiasa ada pada dahinya supaya mereka diterima di hadirat ALLAH.",
Keluaran,28,39,Keluaran 28:39,وَتُخَرِّمُ ٱلْقَمِيصَ مِنْ بُوصٍ، وَتَصْنَعُ ٱلْعِمَامَةَ مِنْ بُوصٍ، وَٱلْمِنْطَقَةُ تَصْنَعُهَا صَنْعَةَ ٱلطَّرَّازِ.,"Kamu harus menyulam baju panjang dari linen halus, dan harus membuat serban dari linen halus, dan kamu harus membuat ikat pinggang, suatu karya seorang penyulam.","Tenunlah tunik dari lenan halus, lalu buatlah serban dari lenan halus pula serta ikat pinggang berhiaskan sulaman.",
Keluaran,28,40,Keluaran 28:40,«وَلِبَنِي هَارُونَ تَصْنَعُ أَقْمِصَةً، وَتَصْنَعُ لَهُمْ مَنَاطِقَ، وَتَصْنَعُ لَهُمْ قَلَانِسَ لِلْمَجْدِ وَٱلْبَهَاءِ.,"Untuk anak-anak Harun, kamu harus membuat baju-baju panjang, kamu juga harus membuat ikat pinggang-ikat pinggang bagi mereka, dan kamu harus membuat ikat-ikat kepala bagi mereka untuk kemuliaan dan keindahannya.","Buatlah pula beberapa tunik serta ikat pinggang bagi anak-anak Harun. Selain itu, buatlah ikat-ikat kepala bagi mereka sebagai tanda kemuliaan dan kehormatan.",
Keluaran,28,41,Keluaran 28:41,وَتُلْبِسُ هَارُونَ أَخَاكَ إِيَّاهَا وَبَنِيهِ مَعَهُ، وَتَمْسَحُهُمْ، وَتَمْلَأُ أَيَادِيهِمْ، وَتُقَدِّسُهُمْ لِيَكْهَنُوا لِي.,"Kamu harus mengenakannya pada Harun, kakakmu, beserta anak-anaknya. Kamu harus mengurapi, menahbiskan, dan menguduskan mereka supaya mereka dapat melayani-Ku sebagai imam.","Semua itu harus kaukenakan pada abangmu Harun dan kepada anak-anaknya. Kemudian, engkau harus meminyaki mereka, melantik, dan menyucikan mereka supaya mereka dapat menunaikan tugas sebagai imam bagi-Ku.",
Keluaran,28,42,Keluaran 28:42,وَتَصْنَعُ لَهُمْ سَرَاوِيلَ مِنْ كَتَّانٍ لِسَتْرِ ٱلْعَوْرَةِ. مِنَ ٱلْحَقَوَيْنِ إِلَى ٱلْفَخْذَيْنِ تَكُونُ.,"Kamu harus membuat celana-celana linen putih untuk ketelanjangan mereka, mulai dari pinggang sampai ke paha.",Buatlah bagi mereka celana-celana dari kain lenan untuk menutupi aurat mereka. Celana itu haruslah dari pinggang sampai ke paha.,
Keluaran,28,43,Keluaran 28:43,فَتَكُونُ عَلَى هَارُونَ وَبَنِيهِ عِنْدَ دُخُولِهِمْ إِلَى خَيْمَةِ ٱلِٱجْتِمَاعِ، أَوْ عِنْدَ ٱقْتِرَابِهِمْ إِلَى ٱلْمَذْبَحِ لِلْخِدْمَةِ فِي ٱلْقُدْسِ، لِئَلَّا يَحْمِلُوا إِثْمًا وَيَمُوتُوا. فَرِيضَةً أَبَدِيَّةً لَهُ وَلِنَسْلِهِ مِنْ بَعْدِهِ.,"Semua itu harus dipakai oleh Harun dan anak-anaknya ketika mereka masuk ke tenda pertemuan, atau ketika mereka di dekat mazbah untuk melayani di Ruang Kudus agar mereka tidak menanggung kesalahan dan mati. Ini harus menjadi ketetapan baginya dan keturunannya untuk selama-lamanya.”","Pada waktu Harun dan anak-anaknya masuk ke dalam Kemah Hadirat Allah, atau pada waktu mereka menghampiri mazbah untuk menyelenggarakan peribadatan di Ruang Suci, mereka harus memakainya supaya jangan mereka mendatangkan kesalahan atas diri mereka sendiri, lalu mati. Itulah ketetapan yang berlaku untuk seterusnya, baik bagi mereka maupun bagi keturunan mereka kelak.",
Keluaran,29,1,Keluaran 29:1,«وَهَذَا مَا تَصْنَعُهُ لَهُمْ لِتَقْدِيسِهِمْ لِيَكْهَنُوا لِي: خُذْ ثَوْرًا وَاحِدًا ٱبْنَ بَقَرٍ، وَكَبْشَيْنِ صَحِيحَيْنِ،,"“Sekarang, inilah yang harus kamu lakukan kepada mereka, untuk menahbiskan mereka supaya mereka dapat melayani-Ku sebagai imam, ambillah seekor sapi jantan dan dua ekor domba jantan yang tidak bercacat,",Inilah yang harus kaulakukan untuk menyucikan Harun dan anak-anaknya sehingga mereka dapat menunaikan tugas sebagai imam bagi-Ku. Ambillah seekor sapi jantan muda dan dua ekor domba jantan yang tak bercacat.,
Keluaran,29,2,Keluaran 29:2,وَخُبْزَ فَطِيرٍ، وَأَقْرَاصَ فَطِيرٍ مَلْتُوتَةً بِزَيْتٍ، وَرُقَاقَ فَطِيرٍ مَدْهُونَةً بِزَيْتٍ. مِنْ دَقِيقِ حِنْطَةٍ تَصْنَعُهَا.,"dan roti tidak beragi, dan kue tidak beragi yang dicampur dengan minyak, dan roti tipis tidak beragi yang diolesi minyak. Kamu harus membuat semua itu dari tepung gandum yang baik.","Sediakanlah roti yang tak beragi, kue tak beragi yang dicampur dengan minyak, dan kue tipis tak beragi yang diolesi minyak. Semua itu harus kaubuat dari tepung gandum yang terbaik.",
Keluaran,29,3,Keluaran 29:3,وَتَجْعَلُهَا فِي سَلَّةٍ وَاحِدَةٍ، وَتُقَدِّمُهَا فِي ٱلسَّلَّةِ مَعَ ٱلثَّوْرِ وَٱلْكَبْشَيْنِ.,Kamu harus memasukkannya dalam satu keranjang dan mempersembahkannya dalam keranjang dengan sapi jantan dan dua domba jantan itu.,"Taruhlah semuanya dalam sebuah bakul, lalu persembahkanlah bersama-sama dengan sapi jantan dan kedua ekor domba jantan itu.",
Keluaran,29,4,Keluaran 29:4,«وَتُقَدِّمُ هَارُونَ وَبَنِيهِ إِلَى بَابِ خَيْمَةِ ٱلِٱجْتِمَاعِ وَتَغْسِلُهُمْ بِمَاءٍ.,Kamu harus membawa Harun dan anak-anaknya masuk ke tenda pertemuan dan membasuh mereka dengan air.,"Bawalah Harun dan anak-anaknya mendekat ke pintu Kemah Hadirat Allah, lalu basuhlah mereka dengan air.",
Keluaran,29,5,Keluaran 29:5,وَتَأْخُذُ ٱلثِّيَابَ وَتُلْبِسُ هَارُونَ ٱلْقَمِيصَ وَجُبَّةَ ٱلرِّدَاءِ وَٱلرِّدَاءَ وَٱلصُّدْرَةَ، وَتَشُدُّهُ بِزُنَّارِ ٱلرِّدَاءِ،,"Kemudian, kamu harus mengambil pakaian-pakaian itu dan mengenakan jubah, jubah baju efod, baju efod, dan tutup dada, lalu sabukkanlah dia dengan pita efod yang dikerjakan secara terampil itu.","Kemudian, ambillah pakaian keimaman dan kenakanlah pada Harun tunik, jubah baju efod, baju efod, dan penutup dada. Ikatlah pinggangnya dengan sabuk pengikat efod bertenun pelik.",
Keluaran,29,6,Keluaran 29:6,وَتَضَعُ ٱلْعِمَامَةَ عَلَى رَأْسِهِ، وَتَجْعَلُ ٱلْإِكْلِيلَ ٱلْمُقَدَّسَ عَلَى ٱلْعِمَامَةِ،,Kamu harus memasangkan serban di kepalanya dan memasang mahkota kudus pada serban itu.,Kenakanlah serban di kepalanya dan sematkanlah perhiasan suci pada serban itu.,
Keluaran,29,7,Keluaran 29:7,وَتَأْخُذُ دُهْنَ ٱلْمَسْحَةِ وَتَسْكُبُهُ عَلَى رَأْسِهِ وَتَمْسَحُهُ.,"Kemudian, ambillah minyak urapan dan curahkanlah itu di atas kepalanya dan urapilah dia.","Selanjutnya, ambillah minyak upacara, curahkanlah ke atas kepalanya, dan minyakilah dia.",
Keluaran,29,8,Keluaran 29:8,وَتُقَدِّمُ بَنِيهِ وَتُلْبِسُهُمْ أَقْمِصَةً.,"Setelah itu, kamu harus membawa anak-anaknya untuk mendekat dan kenakanlah jubah itu pada mereka.","Setelah itu, bawalah anak-anaknya mendekat dan kenakanlah pada mereka tunik.",
Keluaran,29,9,Keluaran 29:9,وَتُنَطِّقُهُمْ بِمَنَاطِقَ، هَارُونَ وَبَنِيهِ، وَتَشُدُّ لَهُمْ قَلَانِسَ. فَيَكُونُ لَهُمْ كَهَنُوتٌ فَرِيضَةً أَبَدِيَّةً. وَتَمْلَأُ يَدَ هَارُونَ وَأَيْدِيَ بَنِيهِ.,"Kamu harus menyabuki mereka dengan ikat pinggang, yaitu Harun dan anak-anaknya, dan lilitkanlah ikat-ikat kepala kepada mereka supaya jabatan imam itu akan berlaku atas mereka menurut ketetapan selama-lamanya. Demikianlah kamu harus menahbiskan Harun dan anak-anaknya.","Ikatkanlah ikat pinggang pada mereka, yaitu pada Harun dan anak-anaknya, dan lilitkanlah ikat kepala di kepala mereka. Maka, jabatan imam itu akan menjadi bagian mereka melalui ketetapan yang berlaku untuk seterusnya. Demikianlah harus kaulantik Harun dan anak-anaknya.",
Keluaran,29,10,Keluaran 29:10,«وَتُقَدِّمُ ٱلثَّوْرَ إِلَى قُدَّامِ خَيْمَةِ ٱلِٱجْتِمَاعِ، فَيَضَعُ هَارُونُ وَبَنُوهُ أَيْدِيَهُمْ عَلَى رَأْسِ ٱلثَّوْرِ.,"Kemudian, kamu harus membawa sapi jantan ke depan tenda pertemuan, lalu Harun dan anak-anaknya akan meletakkan tangan mereka di atas kepala sapi itu.","Setelah itu, bawalah sapi jantan tadi ke depan Kemah Hadirat Allah, lalu Harun dan anak-anaknya harus meletakkan tangan di atas kepala sapi jantan itu.",
Keluaran,29,11,Keluaran 29:11,فَتَذْبَحُ ٱلثَّوْرَ أَمَامَ ٱلرَّبِّ عِنْدَ بَابِ خَيْمَةِ ٱلِٱجْتِمَاعِ.,"Setelah itu, kamu harus menyembelih sapi jantan itu di hadapan TUHAN, di pintu tenda pertemuan,","Sembelihlah sapi jantan itu di hadirat ALLAH, di depan pintu Kemah Hadirat Allah.",
Keluaran,29,12,Keluaran 29:12,وَتَأْخُذُ مِنْ دَمِ ٱلثَّوْرِ وَتَجْعَلُهُ عَلَى قُرُونِ ٱلْمَذْبَحِ بِإِصْبِعِكَ، وَسَائِرَ ٱلدَّمِ تَصُبُّهُ إِلَى أَسْفَلِ ٱلْمَذْبَحِ.,"dan ambillah sebagian darah sapi itu, dan oleslah itu pada tanduk-tanduk mazbah dengan jarimu, lalu tuanglah seluruh darah itu ke dasar mazbah.","Kemudian, ambillah sebagian dari darah sapi jantan itu dan oleskan dengan jarimu pada tanduk-tanduk mazbah, yaitu tempat pembakaran kurban. Curahkanlah semua darah yang tersisa ke dasar mazbah.",
Keluaran,29,13,Keluaran 29:13,وَتَأْخُذُ كُلَّ ٱلشَّحْمِ ٱلَّذِي يُغَشِّي ٱلْجَوْفَ، وَزِيَادَةَ ٱلْكَبِدِ وَٱلْكُلْيَتَيْنِ وَٱلشَّحْمَ ٱلَّذِي عَلَيْهِمَا، وَتُوقِدُهَا عَلَى ٱلْمَذْبَحِ.,"Kamu harus mengambil semua lemak yang menutupi isi perutnya, dan hati bagian atas, dan dua ginjal dengan lemaknya, lalu bakarlah itu di atas mazbah.","Selanjutnya, ambillah semua lemak yang menutupi isi perut, umbai hati, dan kedua buah pinggang dengan lemak yang melekat padanya, lalu bakarlah semuanya di atas mazbah.",
Keluaran,29,14,Keluaran 29:14,وَأَمَّا لَحْمُ ٱلثَّوْرِ وَجِلْدُهُ وَفَرْثُهُ فَتَحْرِقُهَا بِنَارٍ خَارِجَ ٱلْمَحَلَّةِ. هُوَ ذَبِيحَةُ خَطِيَّةٍ.,"Namun, untuk daging sapi jantan itu, kulitnya, dan kotorannya harus kamu bakar di luar tenda, itu adalah persembahan penghapus dosa.","Tetapi, daging sapi jantan itu, kulit, dan kotorannya harus kaubakar habis di luar perkemahan. Itulah kurban penghapus dosa.",
Keluaran,29,15,Keluaran 29:15,«وَتَأْخُذُ ٱلْكَبْشَ ٱلْوَاحِدَ، فَيَضَعُ هَارُونُ وَبَنُوهُ أَيْدِيَهُمْ عَلَى رَأْسِ ٱلْكَبْشِ.,"Kemudian, kamu harus mengambil seekor domba jantan, lalu Harun dan anak-anaknya harus meletakkan tangan mereka di kepala domba itu.","Selanjutnya, ambillah domba jantan yang seekor, lalu Harun dan anak-anaknya harus meletakkan tangan di atas kepala domba jantan itu.",
Keluaran,29,16,Keluaran 29:16,فَتَذْبَحُ ٱلْكَبْشَ وَتَأْخُذُ دَمَهُ وَتَرُشُّهُ عَلَى ٱلْمَذْبَحِ مِنْ كُلِّ نَاحِيَةٍ.,"Kamu harus menyembelih domba itu, dan harus mengambil darahnya, dan memercikkannya ke sekeliling mazbah.","Sembelihlah domba jantan itu, ambil darahnya, lalu percikkan ke sekeliling mazbah.",
Keluaran,29,17,Keluaran 29:17,وَتَقْطَعُ ٱلْكَبْشَ إِلَى قِطَعِهِ، وَتَغْسِلُ جَوْفَهُ وَأَكَارِعَهُ وَتَجْعَلُهَا عَلَى قِطَعِهِ وَعَلَى رَأْسِهِ،,"Kemudian, kamu harus memotong domba jantan itu menurut bagian-bagiannya, dan cucilah isi perutnya, kaki-kakinya, dan taruhlah itu di atas bagian-bagiannya dan di atas kepalanya.","Potonglah domba jantan itu menjadi beberapa potongan. Basuhlah isi perutnya dan kakinya, lalu letakkan bersama kepala dan potongan-potongan lainnya.",
Keluaran,29,18,Keluaran 29:18,وَتُوقِدُ كُلَّ ٱلْكَبْشِ عَلَى ٱلْمَذْبَحِ. هُوَ مُحْرَقَةٌ لِلرَّبِّ. رَائِحَةُ سَرُورٍ، وَقُودٌ هُوَ لِلرَّبِّ.,"Kamu harus membakar seluruh domba jantan itu di atas mazbah, inilah persembahan bakaran bagi TUHAN, inilah bau yang harum, inilah persembahan dengan api bagi TUHAN.","Bakarlah seluruh domba jantan itu di atas mazbah. Itulah kurban bakaran yang dipersembahkan kepada ALLAH, suatu kurban yang dibakar, yang harum aromanya di hadirat ALLAH.",
Keluaran,29,19,Keluaran 29:19,«وَتَأْخُذُ ٱلْكَبْشَ ٱلثَّانِي، فَيَضَعُ هَارُونُ وَبَنُوهُ أَيْدِيَهُمْ عَلَى رَأْسِ ٱلْكَبْشِ.,"Kemudian, kamu harus mengambil domba jantan yang seekor lagi, dan Harun beserta anak-anaknya harus meletakkan tangan mereka di kepala domba itu.","Setelah itu, ambillah domba jantan yang seekor lagi, lalu Harun dan anak-anaknya harus meletakkan tangan mereka di atas kepala domba jantan itu.",
Keluaran,29,20,Keluaran 29:20,فَتَذْبَحُ ٱلْكَبْشَ وَتَأْخُذُ مِنْ دَمِهِ وَتَجْعَلُ عَلَى شَحْمَةِ أُذُنِ هَارُونَ، وَعَلَى شَحْمِ آذَانِ بَنِيهِ ٱلْيُمْنَى، وَعَلَى أَبَاهِمِ أَيْدِيهِمِ ٱلْيُمْنَى، وَعَلَى أَبَاهِمِ أَرْجُلِهِمِ ٱلْيُمْنَى. وَتَرُشُّ ٱلدَّمَ عَلَى ٱلْمَذْبَحِ مِنْ كُلِّ نَاحِيَةٍ.,"Kamu harus menyembelih domba jantan itu, dan mengambil darahnya, dan mengoleskannya pada cuping telinga kanan Harun dan pada cuping telinga kanan anak-anaknya, dan pada ibu jari tangan kanan mereka, dan pada ibu jari kaki kanan mereka, lalu percikkanlah sisa darah itu di sekeliling mazbah.","Sembelihlah domba jantan itu, ambillah sebagian dari darahnya, dan oleskanlah pada cuping telinga kanan Harun serta anak-anaknya, juga pada ibu jari tangan kanan dan kaki kanan mereka. Percikkanlah darah yang selebihnya ke sekeliling mazbah.",
Keluaran,29,21,Keluaran 29:21,وَتَأْخُذُ مِنَ ٱلدَّمِ ٱلَّذِي عَلَى ٱلْمَذْبَحِ وَمِنْ دُهْنِ ٱلْمَسْحَةِ، وَتَنْضِحُ عَلَى هَارُونَ وَثِيَابِهِ، وَعَلَى بَنِيهِ وَثِيَابِ بَنِيهِ مَعَهُ، فَيَتَقَدَّسُ هُوَ وَثِيَابُهُ وَبَنُوهُ وَثِيَابُ بَنِيهِ مَعَهُ.,"Kemudian, kamu harus mengambil darah yang di atas mazbah dan dari minyak urapan, lalu percikkanlah itu kepada Harun dan pada jubahnya, pada anak-anaknya dan pada jubah anak-anaknya yang bersamanya. Demikianlah dia akan dikuduskan, dan jubahnya, dan anak-anaknya, dan jubah anak-anaknya.","Selanjutnya, ambillah sebagian dari darah yang ada di atas mazbah dan sebagian dari minyak upacara tadi, lalu percikkanlah pada Harun dan pakaiannya, juga pada anak-anaknya dan pakaian anak-anaknya. Dengan demikian, ia dan pakaiannya akan menjadi suci, begitu juga anak-anaknya dan pakaian anak-anaknya.",
Keluaran,29,22,Keluaran 29:22,ثُمَّ تَأْخُذُ مِنَ ٱلْكَبْشِ: ٱلشَّحْمَ وَٱلْإِلْيَةَ وَٱلشَّحْمَ ٱلَّذِي يُغَشِّي ٱلْجَوْفَ، وَزِيَادَةَ ٱلْكَبِدِ وَٱلْكُلْيَتَيْنِ، وَٱلشَّحْمَ ٱلَّذِي عَلَيْهِمَا، وَٱلسَّاقَ ٱلْيُمْنَى. فَإِنَّهُ كَبْشُ مِلْءٍ.,"Kamu juga harus mengambil lemak dari domba jantan itu, dan ekornya yang berlemak, dan lemak yang menutupi isi perutnya, dan umbai hatinya, dan dua ginjal dengan lemaknya, dan paha kanannya karena ini adalah domba jantan penahbisan,","Dari domba jantan itu ambillah juga lemaknya, ekornya yang gemuk, lemak yang menutupi isi perutnya, umbai hatinya, kedua buah pinggangnya dengan lemak yang melekat padanya, dan paha kanannya karena domba itu adalah domba jantan kurban pelantikan.",
Keluaran,29,23,Keluaran 29:23,وَرَغِيفًا وَاحِدًا مِنَ ٱلْخُبْزِ، وَقُرْصًا وَاحِدًا مِنَ ٱلْخُبْزِ بِزَيْتٍ، وَرُقَاقَةً وَاحِدَةً مِنْ سَلَّةِ ٱلْفَطِيرِ ٱلَّتِي أَمَامَ ٱلرَّبِّ.,"dan sepotong roti, dan sepotong kue berminyak, dan satu roti tipis dari keranjang roti tidak beragi yang ada di hadapan TUHAN,","Dari bakul berisi roti tak beragi di hadirat ALLAH ambillah pula sepotong roti, sepotong kue dari roti yang dicampur minyak, dan sepotong kue tipis.",
Keluaran,29,24,Keluaran 29:24,وَتَضَعُ ٱلْجَمِيعَ فِي يَدَيْ هَارُونَ وَفِي أَيْدِي بَنِيهِ، وَتُرَدِّدُهَا تَرْدِيدًا أَمَامَ ٱلرَّبِّ.,"lalu kamu harus meletakkan semua itu di tangan Harun dan di tangan anak-anaknya, dan harus mengunjukkannya sebagai persembahan unjukan di hadapan TUHAN.","Taruhlah semua itu di telapak tangan Harun beserta anak-anaknya, lalu unjukkanlah sebagai persembahan unjukan di hadirat ALLAH.",
Keluaran,29,25,Keluaran 29:25,ثُمَّ تَأْخُذُهَا مِنْ أَيْدِيهِمْ وَتُوقِدُهَا عَلَى ٱلْمَذْبَحِ فَوْقَ ٱلْمُحْرَقَةِ رَائِحَةَ سَرُورٍ أَمَامَ ٱلرَّبِّ. وَقُودٌ هُوَ لِلرَّبِّ.,"Kemudian, kamu harus mengambilnya dari tangan mereka dan membakarnya di atas mazbah untuk persembahan bakaran sebagai bau yang harum di hadapan TUHAN, inilah suatu persembahan dengan api untuk TUHAN.","Kemudian, ambillah semuanya dari tangan mereka dan bakarlah di atas mazbah, tepatnya di atas kurban bakaran, sebagai kurban yang dibakar, yang harum aromanya di hadirat ALLAH.",
Keluaran,29,26,Keluaran 29:26,«ثُمَّ تَأْخُذُ ٱلْقَصَّ مِنْ كَبْشِ ٱلْمِلْءِ ٱلَّذِي لِهَارُونَ، وَتُرَدِّدُهُ تَرْدِيدًا أَمَامَ ٱلرَّبِّ، فَيَكُونُ لَكَ نَصِيبًا.,"Kamu harus mengambil dada domba jantan dari penahbisan Harun dan mengunjukkannya sebagai persembahan unjukan di hadapan TUHAN, dan itu akan menjadi bagianmu.","Selanjutnya, ambillah dada dari domba jantan kurban pelantikan Harun dan unjukkanlah di hadirat ALLAH sebagai persembahan unjukan. Itulah bagian untukmu.",
Keluaran,29,27,Keluaran 29:27,وَتُقَدِّسُ قَصَّ ٱلتَّرْدِيدِ وَسَاقَ ٱلرَّفِيعَةِ ٱلَّذِي رُدِّدَ وَٱلَّذِي رُفِعَ مِنْ كَبْشِ ٱلْمِلْءِ مِمَّا لِهَارُونَ وَلِبَنِيهِ،,"Lalu, kamu harus menguduskan dada persembahan unjukan dan paha persembahan unjukan itu, yang diunjukkan dan dipersembahkan dari domba jantan penahbisan, yaitu dari bagian untuk Harun dan dari bagian untuk anak-anaknya.","Sucikanlah dada persembahan unjukan dan paha persembahan khusus yang diunjukkan dan yang dipersembahkan tadi dari domba jantan kurban pelantikan, yang diperuntukkan bagi Harun dan bagi anak-anaknya.",
Keluaran,29,28,Keluaran 29:28,فَيَكُونَانِ لِهَارُونَ وَبَنِيهِ فَرِيضَةً أَبَدِيَّةً مِنْ بَنِي إِسْرَائِيلَ لِأَنَّهُمَا رَفِيعَةٌ. وَيَكُونَانِ رَفِيعَةً مِنْ بَنِي إِسْرَائِيلَ مِنْ ذَبَائِحِ سَلَامَتِهِمْ، رَفِيعَتَهُمْ لِلرَّبِّ.,"Itu harus menjadi bagian Harun dan anak-anaknya dari keturunan Israel yang ditetapkan untuk selama-lamanya karena hal itu adalah persembahan, dan ini harus menjadi persembahan dari keturunan Israel dari kurban persembahan pendamaian mereka, persembahan mereka bagi TUHAN.","Semua itu menjadi jatah tetap untuk seterusnya bagi Harun dan anak-anaknya dari bani Israil, karena itu adalah persembahan khusus. Itu harus menjadi persembahan khusus dari bani Israil yang diambil dari kurban perdamaian mereka. Itulah persembahan unjukan bagi ALLAH.",
Keluaran,29,29,Keluaran 29:29,«وَٱلثِّيَابُ ٱلْمُقَدَّسَةُ ٱلَّتِي لِهَارُونَ تَكُونُ لِبَنِيهِ بَعْدَهُ، لِيُمْسَحُوا فِيهَا، وَلِتُمْلَأَ فِيهَا أَيْدِيهِمْ.,Pakaian kudus Harun harus menjadi milik anak-anaknya setelah dia agar mereka diurapi dengan itu dan ditahbiskan pula dengan itu.,Pakaian Harun yang suci itu harus diturunkan kepada anak-anaknya kelak. Mereka harus memakainya ketika mereka diminyaki dan dilantik.,
Keluaran,29,30,Keluaran 29:30,سَبْعَةَ أَيَّامٍ يَلْبَسُهَا ٱلْكَاهِنُ ٱلَّذِي هُوَ عِوَضٌ عَنْهُ مِنْ بَنِيهِ، ٱلَّذِي يَدْخُلُ خَيْمَةَ ٱلِٱجْتِمَاعِ لِيَخْدِمَ فِي ٱلْقُدْسِ.,Anak yang menggantikannya sebagai imam harus mengenakan pakaian itu selama tujuh hari ketika dia memasuki tenda pertemuan untuk melayani di Ruang Kudus.,Anaknya yang menggantikannya sebagai imam harus memakainya selama tujuh hari ketika ia masuk ke dalam Kemah Hadirat Allah untuk menyelenggarakan peribadatan di Ruang Suci.,
Keluaran,29,31,Keluaran 29:31,«وَأَمَّا كَبْشُ ٱلْمِلْءِ فَتَأْخُذُهُ وَتَطْبُخُ لَحْمَهُ فِي مَكَانٍ مُقَدَّسٍ.,Ambillah domba jantan dari penahbisan itu dan rebuslah dagingnya di Ruang Kudus.,Ambillah domba jantan kurban pelantikan tadi dan rebuslah dagingnya di sebuah tempat yang suci.,
Keluaran,29,32,Keluaran 29:32,فَيَأْكُلُ هَارُونُ وَبَنُوهُ لَحْمَ ٱلْكَبْشِ وَٱلْخُبْزَ ٱلَّذِي فِي ٱلسَّلَّةِ عِنْدَ بَابِ خَيْمَةِ ٱلِٱجْتِمَاعِ.,Harun dan anak-anaknya harus memakan daging domba itu dan roti yang ada dalam keranjang di pintu tenda pertemuan.,Harun dan anak-anaknya harus memakan daging domba jantan itu serta roti yang ada di dalam bakul itu di depan pintu Kemah Hadirat Allah.,
Keluaran,29,33,Keluaran 29:33,يَأْكُلُهَا ٱلَّذِينَ كُفِّرَ بِهَا عَنْهُمْ لِمِلْءِ أَيْدِيهِمْ لِتَقْدِيسِهِمْ. وَأَمَّا ٱلْأَجْنَبِيُّ فَلَا يَأْكُلُ لِأَنَّهَا مُقَدَّسَةٌ.,"Mereka harus makan segala sesuatu yang dengannya penebusan itu diadakan untuk menahbiskan dan menguduskan mereka. Namun, orang biasa tidak boleh memakannya karena hal-hal ini adalah kudus.",Apa yang telah dipakai untuk mengadakan pendamaian pada waktu mereka dilantik dan disucikan haruslah mereka makan. Orang awam tidak boleh memakannya karena semua itu suci.,
Keluaran,29,34,Keluaran 29:34,وَإِنْ بَقِيَ شَيْءٌ مِنْ لَحْمِ ٱلْمِلْءِ أَوْ مِنَ ٱلْخُبْزِ إِلَى ٱلصَّبَاحِ، تُحْرِقُ ٱلْبَاقِيَ بِٱلنَّارِ. لَا يُؤْكَلُ لِأَنَّهُ مُقَدَّسٌ.,"Jika ada daging dari persembahan penahbisan itu atau roti yang tersisa sampai pagi, kamu harus membakarnya dengan api. Itu tidak boleh dimakan karena itu kudus.","Jika dari daging kurban pelantikan atau dari roti itu ada yang tersisa sampai pagi, bakarlah habis sisa itu dan jangan memakannya karena semua itu suci.",
Keluaran,29,35,Keluaran 29:35,وَتَصْنَعُ لِهَارُونَ وَبَنِيهِ هَكَذَا بِحَسَبِ كُلِّ مَا أَمَرْتُكَ. سَبْعَةَ أَيَّامٍ تَمْلَأُ أَيْدِيَهُمْ.,Demikianlah yang harus dilakukan Harun dan anak-anaknya menurut semua yang telah Aku perintahkan kepadamu. Selama tujuh hari kamu harus menahbiskan mereka.,Demikianlah harus kaulakukan terhadap Harun dan anak-anaknya sesuai dengan semua yang Kuperintahkan kepadamu. Tujuh hari lamanya engkau harus melantik mereka.,
Keluaran,29,36,Keluaran 29:36,وَتُقَدِّمُ ثَوْرَ خَطِيَّةٍ كُلَّ يَوْمٍ لِأَجْلِ ٱلْكَفَّارَةِ. وَتُطَهِّرُ ٱلْمَذْبَحَ بِتَكْفِيرِكَ عَلَيْهِ، وَتَمْسَحُهُ لِتَقْدِيسِهِ.,"Setiap hari, kamu harus mempersembahkan seekor sapi jantan sebagai persembahan penghapus dosa untuk pendamaian. Kamu juga harus membersihkan mazbah ketika kamu mengadakan pendamaian untuknya, lalu kamu harus mengurapinya untuk menguduskannya.","Tiap-tiap hari olahlah seekor sapi jantan menjadi kurban penghapus dosa untuk mengadakan pendamaian. Sucikanlah juga mazbah dan adakanlah pendamaian untuknya, lalu minyakilah mazbah itu untuk menyucikannya.",
Keluaran,29,37,Keluaran 29:37,سَبْعَةَ أَيَّامٍ تُكَفِّرُ عَلَى ٱلْمَذْبَحِ وَتُقَدِّسُهُ، فَيَكُونُ ٱلْمَذْبَحُ قُدْسَ أَقْدَاسٍ. كُلُّ مَا مَسَّ ٱلْمَذْبَحَ يَكُونُ مُقَدَّسًا.,Selama tujuh hari kamu harus mengadakan pendamaian untuk mazbah itu dan menguduskannya sehingga mazbah itu akan menjadi mahakudus. Apa pun yang menyentuh mazbah itu akan menjadi kudus.,"Adakanlah pendamaian serta penyucian untuk mazbah itu selama tujuh hari maka mazbah itu akan menjadi teramat suci, dan apa pun yang menyentuh mazbah itu akan menjadi suci pula.",
Keluaran,29,38,Keluaran 29:38,«وَهَذَا مَا تُقَدِّمُهُ عَلَى ٱلْمَذْبَحِ: خَرُوفَانِ حَوْلِيَّانِ كُلَّ يَوْمٍ دَائِمًا.,Inilah yang harus kamu persembahkan di atas mazbah itu secara teratur setiap hari: dua ekor anak domba yang berumur setahun.,Sehari-harinya inilah yang harus senantiasa kauolah di atas mazbah itu: dua ekor anak domba berumur setahun.,
Keluaran,29,39,Keluaran 29:39,ٱلْخَرُوفُ ٱلْوَاحِدُ تُقَدِّمُهُ صَبَاحًا، وَٱلْخَرُوفُ ٱلثَّانِي تُقَدِّمُهُ فِي ٱلْعَشِيَّةِ.,Kamu harus mempersembahkan seekor domba pada pagi hari dan domba yang lainnya harus kamu persembahkan pada petang hari.,Olahlah anak domba yang satu pada pagi hari dan anak domba yang lain pada petang hari.,
Keluaran,29,40,Keluaran 29:40,وَعُشْرٌ مِنْ دَقِيقٍ مَلْتُوتٍ بِرُبْعِ ٱلْهِينِ مِنْ زَيْتِ ٱلرَّضِّ، وَسَكِيبٌ رُبْعُ ٱلْهِينِ مِنَ ٱلْخَمْرِ لِلْخَرُوفِ ٱلْوَاحِدِ.,"Bersama dengan domba yang pertama, campurlah 1/10 efa tepung halus dengan 1/4 hin minyak zaitun yang ditumbuk dan 1/4 hin anggur sebagai persembahan curahan.","Bersama-sama dengan anak domba yang satu, olahlah sepersepuluh efa tepung terbaik yang dicampur dengan seperempat hin minyak tumbuk dan seperempat hin anggur sebagai persembahan minuman.",
Keluaran,29,41,Keluaran 29:41,وَٱلْخَرُوفُ ٱلثَّانِي تُقَدِّمُهُ فِي ٱلْعَشِيَّةِ. مِثْلَ تَقْدِمَةِ ٱلصَّبَاحِ وَسَكِيبِهِ تَصْنَعُ لَهُ. رَائِحَةُ سَرُورٍ، وَقُودٌ لِلرَّبِّ.,"Domba berikutnya harus kamu persembahkan pada waktu senja. Persembahkanlah itu bersama dengan persembahan sajian dan persembahan curahan seperti yang diberikan pada pagi hari, yang harum baunya, suatu kurban bakaran bagi TUHAN.","Sedangkan bersama-sama dengan anak domba lain yang kauolah pada waktu magrib, olahlah persembahan bahan makanan dan persembahan minuman seperti pada pagi hari sebagai kurban yang dibakar, yang harum aromanya di hadirat ALLAH.",
Keluaran,29,42,Keluaran 29:42,مُحْرَقَةٌ دَائِمَةٌ فِي أَجْيَالِكُمْ عِنْدَ بَابِ خَيْمَةِ ٱلِٱجْتِمَاعِ أَمَامَ ٱلرَّبِّ، حَيْثُ أَجْتَمِعُ بِكُمْ لِأُكَلِّمَكَ هُنَاكَ.,"Ini harus menjadi persembahan bakaran yang terus ada secara turun-temurun, di pintu tenda pertemuan, di hadapan TUHAN, tempat Aku akan bertemu denganmu dan berbicara denganmu.","Itu harus menjadi suatu kurban bakaran yang tetap turun-temurun di depan pintu Kemah Hadirat Allah, di hadapan ALLAH, sebab Aku akan menjumpai kamu di sana untuk berfirman kepadamu.",
Keluaran,29,43,Keluaran 29:43,وَأَجْتَمِعُ هُنَاكَ بِبَنِي إِسْرَائِيلَ فَيُقَدَّسُ بِمَجْدِي.,"Di sana, Aku akan bertemu dengan keturunan Israel dan tempat itu akan dikuduskan oleh kemuliaan-Ku.","Di sana juga Aku akan menjumpai bani Israil, dan kemah itu akan disucikan oleh kemuliaan-Ku.",
Keluaran,29,44,Keluaran 29:44,وَأُقَدِّسُ خَيْمَةَ الِٱجْتِمَاعِ وَٱلْمَذْبَحَ، وَهَارُونُ وَبَنُوهُ أُقَدِّسُهُمْ لِكَيْ يَكْهَنُوا لِي.,Aku akan menguduskan tenda pertemuan dan mazbahnya. Aku juga akan menguduskan Harun maupun anak-anaknya untuk melayani-Ku sebagai imam.,Aku akan menyucikan Kemah Hadirat Allah dan mazbah itu. Harun dan anak-anaknya pun akan Kusucikan supaya mereka dapat menunaikan tugas sebagai imam bagi-Ku.,
Keluaran,29,45,Keluaran 29:45,وَأَسْكُنُ فِي وَسَطِ بَنِي إِسْرَائِيلَ وَأَكُونُ لَهُمْ إِلَهًا،,Aku akan tinggal di antara keturunan Israel dan Aku akan menjadi Allah mereka.,"Aku akan bersemayam di tengah-tengah bani Israil, dan Aku akan menjadi Tuhan mereka.",
Keluaran,29,46,Keluaran 29:46,فَيَعْلَمُونَ أَنِّي أَنَا ٱلرَّبُّ إِلَهُهُمُ ٱلَّذِي أَخْرَجَهُمْ مِنْ أَرْضِ مِصْرَ لِأَسْكُنَ فِي وَسْطِهِمْ. أَنَا ٱلرَّبُّ إِلَهُهُمْ.,"Mereka harus tahu bahwa Akulah TUHAN, Allah mereka, yang telah membawa mereka keluar dari tanah Mesir agar Aku dapat tinggal di antara mereka. Akulah TUHAN, Allah mereka.”","Maka, mereka akan tahu bahwa Akulah ALLAH, Tuhan mereka, yang telah membawa mereka keluar dari Tanah Mesir untuk bersemayam di tengah-tengah mereka. Akulah ALLAH, Tuhan mereka.",
Keluaran,30,1,Keluaran 30:1,«وَتَصْنَعُ مَذْبَحًا لِإِيقَادِ ٱلْبَخُورِ. مِنْ خَشَبِ ٱلسَّنْطِ تَصْنَعُهُ.,“Kamu harus membuat mazbah untuk membakar dupa dan kamu harus membuatnya dari kayu akasia.,"Buatlah mazbah dari kayu penaga untuk membakar dupa,",
Keluaran,30,2,Keluaran 30:2,طُولُهُ ذِرَاعٌ وَعَرْضُهُ ذِرَاعٌ. مُرَبَّعًا يَكُونُ. وَٱرْتِفَاعُهُ ذِرَاعَانِ. مِنْهُ تَكُونُ قُرُونُهُ.,"Panjangnya harus sehasta, lebarnya harus sehasta, bentuknya harus persegi, dan tingginya harus 2 hasta, tanduk-tanduknya harus seiras dengannya.","berbentuk empat persegi dengan panjang sehasta, lebar sehasta, dan tinggi dua hasta. Tanduk-tanduknya haruslah seiras dengannya.",
Keluaran,30,3,Keluaran 30:3,وَتُغَشِّيهِ بِذَهَبٍ نَقِيٍّ: سَطْحَهُ وَحِيطَانَهُ حَوَالَيْهِ وَقُرُونَهُ. وَتَصْنَعُ لَهُ إِكْلِيلًا مِنْ ذَهَبٍ حَوَالَيْهِ.,"Kamu harus melapisinya dengan emas murni pada bagian atasnya, dan sisi-sisi di sekelilingnya, dan tanduk-tanduknya, lalu kamu harus membuat bingkai emas di sekelilingnya.","Salutlah sisi atasnya, sisi-sisi sekelilingnya, juga tanduk-tanduknya dengan emas tulen, dan buatlah bingkai emas di sekelilingnya.",
Keluaran,30,4,Keluaran 30:4,وَتَصْنَعُ لَهُ حَلْقَتَيْنِ مِنْ ذَهَبٍ تَحْتَ إِكْلِيلِهِ عَلَى جَانِبَيْهِ. عَلَى ٱلْجَانِبَيْنِ تَصْنَعُهُمَا، لِتَكُونَا بَيْتَيْنِ لِعَصَوَيْنِ لِحَمْلِهِ بِهِمَا.,"Kamu harus membuat dua gelang emas di bawah bingkainya dan kamu harus membuatnya pada dua sisinya karena itu akan menjadi tempat tongkat pengusung, yang dengannya mazbah itu dapat diusung.",Di bawah bingkai itu buatlah masing-masing dua gelang emas pada rusuk kiri dan kanannya. Kayu pengusung akan dimasukkan ke lubang gelang-gelang itu sehingga dengan kayu itu mazbah dapat diusung.,
Keluaran,30,5,Keluaran 30:5,وَتَصْنَعُ ٱلْعَصَوَيْنِ مِنْ خَشَبِ ٱلسَّنْطِ وَتُغَشِّيهِمَا بِذَهَبٍ.,Kamu harus membuat tongkat-tokat pengusung dari kayu akasia dan melapisinya dengan emas.,"Pengusungnya harus kaubuat dari kayu penaga, lalu disalut dengan emas.",
Keluaran,30,6,Keluaran 30:6,وَتَجْعَلُهُ قُدَّامَ ٱلْحِجَابِ ٱلَّذِي أَمَامَ تَابُوتِ ٱلشَّهَادَةِ. قُدَّامَ ٱلْغِطَاءِ ٱلَّذِي عَلَى ٱلشَّهَادَةِ حَيْثُ أَجْتَمِعُ بِكَ.,"Kamu harus meletakkannya di depan tirai, di hadapan tabut kesaksian, di depan tutup pendamaian di atas tabut kesaksian itu, tempat Aku akan menemuimu.","Taruhlah mazbah itu di depan tabir dekat tabut loh hukum, di depan tutup tabut, yaitu tempat pendamaian, yang ada di atas loh hukum itu, tempat Aku akan menjumpaimu.",
Keluaran,30,7,Keluaran 30:7,فَيُوقِدُ عَلَيْهِ هَارُونُ بَخُورًا عَطِرًا كُلَّ صَبَاحٍ، حِينَ يُصْلِحُ ٱلسُّرُجَ يُوقِدُهُ.,"Setiap pagi, Harun harus membakar dupa yang harum di atas mazbah, ketika dia membersihkan pelita-pelita, dia harus membakarnya.","Tiap-tiap pagi, ketika Harun membersihkan pelita-pelita, ia harus membakar dupa harum di atas mazbah itu.",
Keluaran,30,8,Keluaran 30:8,وَحِينَ يُصْعِدُ هَارُونُ ٱلسُّرُجَ فِي ٱلْعَشِيَّةِ يُوقِدُهُ. بَخُورًا دَائِمًا أَمَامَ ٱلرَّبِّ فِي أَجْيَالِكُمْ.,"Ketika Harun menyalakan pelita-pelita itu pada waktu senja, dia harus membakar dupa itu, suatu persembahan dupa di hadapan TUHAN yang harus terus-menerus dilakukan oleh keturunanmu.",Harun harus membakar dupa harum itu sekali lagi ketika ia memasang pelita-pelita pada waktu magrib. Hal itu harus kamu lakukan secara tetap di hadirat ALLAH turun-temurun.,
Keluaran,30,9,Keluaran 30:9,لَا تُصْعِدُوا عَلَيْهِ بَخُورًا غَرِيبًا وَلَا مُحْرَقَةً أَوْ تَقْدِمَةً، وَلَا تَسْكُبُوا عَلَيْهِ سَكِيبًا.,"Kamu tidak boleh mempersembahkan dupa asing di atasnya, atau persembahan bakaran, atau persembahan sajian, dan kamu juga tidak boleh menuangkan persembahan curahan di atasnya.","Jangan persembahkan di atasnya dupa lain, kurban bakaran, atau pun persembahan bahan makanan, dan jangan curahkan persembahan minuman di atasnya.",
Keluaran,30,10,Keluaran 30:10,وَيَصْنَعُ هَارُونُ كَفَّارَةً عَلَى قُرُونِهِ مَرَّةً فِي ٱلسَّنَةِ. مِنْ دَمِ ذَبِيحَةِ ٱلْخَطِيَّةِ ٱلَّتِي لِلْكَفَّارَةِ مَرَّةً فِي ٱلسَّنَةِ يَصْنَعُ كَفَّارَةً عَلَيْهِ فِي أَجْيَالِكُمْ. قُدْسُ أَقْدَاسٍ هُوَ لِلرَّبِّ».,"Harun harus mengadakan pendamaian pada tanduk-tanduknya setahun sekali dengan darah dari persembahan penghapus dosa. Setahun sekali, dia harus mengadakan pendamaian itu, turun-temurun, sebab mazbah itu adalah yang mahakudus bagi TUHAN.”","Setahun sekali Harun harus mengadakan pendamaian bagi mazbah pembakaran dupa itu dengan darah kurban penghapus dosa pembawa pendamaian pada tanduk-tanduknya. Hal itu harus dilakukan setahun sekali di antara kamu turun-temurun, karena itu adalah benda yang teramat suci bagi ALLAH.”",
Keluaran,30,11,Keluaran 30:11,وَكَلَّمَ ٱلرَّبُّ مُوسَى قَائِلًا:,"TUHAN berfirman kepada Musa, firman-Nya,","ALLAH berfirman kepada Musa,",
Keluaran,30,12,Keluaran 30:12,«إِذَا أَخَذْتَ كَمِّيَّةَ بَنِي إِسْرَائِيلَ بِحَسَبِ ٱلْمَعْدُودِينَ مِنْهُمْ، يُعْطُونَ كُلُّ وَاحِدٍ فِدْيَةَ نَفْسِهِ لِلرَّبِّ عِنْدَمَا تَعُدُّهُمْ، لِئَلَّا يَصِيرَ فِيهِمْ وَبَأٌ عِنْدَمَا تَعُدُّهُمْ.,"“Ketika kamu mengadakan sensus bagi keturunan Israel untuk menghitung mereka, setiap orang dari mereka harus memberikan pendamaian bagi dirinya sendiri kepada TUHAN ketika kamu menghitung mereka supaya tidak ada wabah di antara mereka ketika kamu menghitungnya.","“Pada waktu engkau mendaftarkan bani Israil dan menghitung jumlahnya, mereka masing-masing harus mempersembahkan uang tebusan dirinya di hadirat ALLAH saat mereka didaftarkan supaya jangan ada tulah di antara mereka.",
Keluaran,30,13,Keluaran 30:13,هَذَا مَا يُعْطِيهِ كُلُّ مَنِ ٱجْتَازَ إِلَى ٱلْمَعْدُودِينَ: نِصْفُ ٱلشَّاقِلِ بِشَاقِلِ ٱلْقُدْسِ. ٱلشَّاقِلُ هُوَ عِشْرُونَ جِيرَةً. نِصْفُ ٱلشَّاقِلِ تَقْدِمَةً لِلرَّبِّ.,"Setiap orang yang dihitung pada sensus tersebut harus memberi ini: 0,5 syikal menurut syikal tempat kudus, berat 1 syikal adalah 20 gera, 0,5 syikal itu sebagai persembahan bagi TUHAN.",Setiap orang yang turut didaftarkan harus mempersembahkan setengah syikal menurut syikal resmi Kemah Suci yang beratnya dua puluh gera. Setengah syikal itu adalah persembahan khusus bagi ALLAH.,
Keluaran,30,14,Keluaran 30:14,كُلُّ مَنِ ٱجْتَازَ إِلَى ٱلْمَعْدُودِينَ مِنِ ٱبْنِ عِشْرِينَ سَنَةً فَصَاعِدًا يُعْطِي تَقْدِمَةً لِلرَّبِّ.,"Setiap orang yang dihitung, yaitu yang berusia 20 tahun ke atas, harus memberikan persembahan kepada TUHAN.","Setiap orang yang turut didaftarkan, yaitu mereka yang berumur dua puluh tahun ke atas, harus memberikan persembahan khusus itu kepada ALLAH.",
Keluaran,30,15,Keluaran 30:15,اَلْغَنِيُّ لَا يُكَثِّرُ وَٱلْفَقِيرُ لَا يُقَلِّلُ عَنْ نِصْفِ ٱلشَّاقِلِ حِينَ تُعْطُونَ تَقْدِمَةَ ٱلرَّبِّ لِلتَّكْفِيرِ عَنْ نُفُوسِكُمْ.,"Orang kaya tidak boleh memberi lebih banyak, dan orang miskin tidak boleh memberi lebih sedikit dari 0,5 syikal, ketika mereka memberikan persembahan kepada TUHAN untuk mengadakan pendamaian atas jiwamu.","Ketika kamu memberikan persembahan khusus itu kepada ALLAH demi pendamaian dirimu dengan-Nya, janganlah orang kaya mempersembahkan lebih dari setengah syikal itu dan janganlah orang miskin mempersembahkan kurang dari jumlah itu.",
Keluaran,30,16,Keluaran 30:16,وَتَأْخُذُ فِضَّةَ ٱلْكَفَّارَةِ مِنْ بَنِي إِسْرَائِيلَ، وَتَجْعَلُهَا لِخِدْمَةِ خَيْمَةِ ٱلِٱجْتِمَاعِ. فَتَكُونُ لِبَنِي إِسْرَائِيلَ تَذْكَارًا أَمَامَ ٱلرَّبِّ لِلتَّكْفِيرِ عَنْ نُفُوسِكُمْ».,"Kamu harus mengambil uang pendamaian itu dari bangsa Israel dan harus memberikannya untuk pelayanan tenda pertemuan supaya itu menjadi peringatan bagi keturunan Israel di hadapan TUHAN, yaitu untuk mengadakan pendamaian bagi jiwamu.”",Terimalah uang pendamaian itu dari bani Israil dan gunakanlah untuk peribadatan dalam Kemah Hadirat Allah sehingga itu menjadi tanda pengingat akan bani Israil di hadirat ALLAH demi pendamaian dirimu dengan-Nya.”,
Keluaran,30,17,Keluaran 30:17,وَكَلَّمْ ٱلرَّبُّ مُوسَى قَائِلًا:,"Kemudian, TUHAN berfirman kepada Musa,","ALLAH berfirman kepada Musa,",
Keluaran,30,18,Keluaran 30:18,«وَتَصْنَعُ مِرْحَضَةً مِنْ نُحَاسٍ، وَقَاعِدَتَهَا مِنْ نُحَاسٍ، لِلِٱغْتِسَالِ. وَتَجْعَلُهَا بَيْنَ خَيْمَةِ ٱلِٱجْتِمَاعِ وَٱلْمَذْبَحِ، وَتَجْعَلُ فِيهَا مَاءً.,"“Kamu harus membuat sebuah bejana perunggu untuk membasuh dengan alasnya yang terbuat dari perunggu, dan kamu harus meletakkannya di antara tenda pertemuan dan mazbah, lalu kamu harus memasukkan air ke dalamnya.","“Buatlah sebuah bejana dari tembaga dengan alas dari tembaga juga sebagai tempat membasuh. Taruhlah bejana itu di antara Kemah Hadirat Allah dengan mazbah, yaitu tempat pembakaran kurban, dan tuanglah air ke dalamnya.",
Keluaran,30,19,Keluaran 30:19,فَيَغْسِلُ هَارُونُ وَبَنُوهُ أَيْدِيَهُمْ وَأَرْجُلَهُمْ مِنْهَا.,Harun dan anak-anaknya harus mencuci tangan dan kaki mereka dengan air dari bejana ini.,Di situlah Harun dan anak-anaknya harus membasuh tangan dan kaki mereka.,
Keluaran,30,20,Keluaran 30:20,عِنْدَ دُخُولِهِمْ إِلَى خَيْمَةِ ٱلِٱجْتِمَاعِ يَغْسِلُونَ بِمَاءٍ لِئَلَّا يَمُوتُوا، أَوْ عِنْدَ ٱقْتِرَابِهِمْ إِلَى ٱلْمَذْبَحِ لِلْخِدْمَةِ لِيُوقِدُوا وَقُودًا لِلرَّبِّ.,"Ketika mereka masuk ke tenda pertemuan, mereka harus dibasuh dengan air supaya mereka tidak mati, atau ketika mereka mendekati mazbah untuk melayani, yaitu untuk membakar persembahan dengan api kepada TUHAN,","Sebelum mereka masuk ke dalam Kemah Hadirat Allah, mereka harus dibasuh dengan air supaya jangan mereka mati. Demikian pula halnya ketika mereka menghampiri mazbah untuk menyelenggarakan peribadatan dengan membakar kurban bagi ALLAH,",
Keluaran,30,21,Keluaran 30:21,يَغْسِلُونَ أَيْدِيَهُمْ وَأَرْجُلَهُمْ لِئَلَّا يَمُوتُوا. وَيَكُونُ لَهُمْ فَرِيضَةً أَبَدِيَّةً لَهُ وَلِنَسْلِهِ فِي أَجْيَالِهِمْ».,"mereka harus membasuh tangan mereka dan kaki mereka supaya mereka tidak mati. Ini akan menjadi peraturan yang berlaku selamanya bagi Harun dan keturunannya, turun-temurun.”","mereka harus membasuh tangan dan kaki mereka supaya jangan mereka mati. Ketetapan itu berlaku untuk seterusnya bagi mereka, yaitu bagi Harun dan bagi keturunannya turun-temurun.”",
Keluaran,30,22,Keluaran 30:22,وَكَلَّمَ ٱلرَّبُّ مُوسَى قَائِلًا:,"Kemudian, TUHAN berkata kepada Musa,","ALLAH berfirman kepada Musa,",
Keluaran,30,23,Keluaran 30:23,«وَأَنْتَ تَأْخُذُ لَكَ أَفْخَرَ ٱلْأَطْيَابِ: مُرًّا قَاطِرًا خَمْسَ مِئَةِ شَاقِلٍ، وَقِرْفَةً عَطِرَةً نِصْفَ ذَلِكَ: مِئَتَيْنِ وَخَمْسِينَ، وَقَصَبَ ٱلذَّرِيرَةِ مِئَتَيْنِ وَخَمْسِينَ،,"“Ambillah rempah-rempah yang terbaik: 500 syikal minyak mur, dan kayu manis harum sebanyak setengah dari itu, yaitu 250 syikal, dan 250 syikal tebu yang baik,","“Ambillah rempah-rempah yang terbaik: 500 syikal damar wangi cair, separuh jumlah tadi (250 syikal) kayu manis harum, 250 syikal tebu wangi,",
Keluaran,30,24,Keluaran 30:24,وَسَلِيخَةً خَمْسَ مِئَةٍ بِشَاقِلِ ٱلْقُدْسِ، وَمِنْ زَيْتِ ٱلزَّيْتُونِ هِينًا.,"dan 500 syikal kasia menurut syikal kudus, dan 1 hin minyak zaitun.",kulit lawang 500 syikal—semuanya menurut syikal resmi Kemah Suci—serta minyak zaitun satu hin.,
Keluaran,30,25,Keluaran 30:25,وَتَصْنَعُهُ دُهْنًا مُقَدَّسًا لِلْمَسْحَةِ. عِطْرَ عِطَارَةٍ صَنْعَةَ ٱلْعَطَّارِ. دُهْنًا مُقَدَّسًا لِلْمَسْحَةِ يَكُونُ.,"Kamu harus membuat minyak urapan kudus dari semua bahan itu, suatu campuran rempah-rempah yang dibuat oleh seorang ahli wewangian. Itulah yang akan menjadi minyak urapan kudus.","Dari semua itu buatlah minyak upacara yang suci, yaitu suatu campuran yang selayaknya dihasilkan oleh juru rempah-rempah. Campuran itu haruslah menjadi minyak upacara yang suci.",
Keluaran,30,26,Keluaran 30:26,وَتَمْسَحُ بِهِ خَيْمَةَ ٱلِٱجْتِمَاعِ، وَتَابُوتَ ٱلشَّهَادَةِ،,"Lalu, dengan itu kamu harus mengurapi tenda pertemuan dan tabut kesaksian,","Dengan campuran itu minyakilah Kemah Hadirat Allah, tabut loh hukum,",
Keluaran,30,27,Keluaran 30:27,وَٱلْمَائِدَةَ وَكُلَّ آنِيَتِهَا، وَٱلْمَنَارَةَ وَآنِيَتَهَا، وَمَذْبَحَ ٱلْبَخُورِ،,"meja dan segala perkakasnya, kaki dian dan segala perkakasnya, dan mazbah dupa,","meja dengan segala perlengkapannya, kaki pelita dengan segala perlengkapannya, mazbah pembakaran dupa,",
Keluaran,30,28,Keluaran 30:28,وَمَذْبَحَ ٱلْمُحْرَقَةِ وَكُلَّ آنِيَتِهِ، وَٱلْمِرْحَضَةَ وَقَاعِدَتَهَا.,"mazbah persembahan bakaran dan segala perkakasnya, dan bejana pembasuhan dengan alasnya.","mazbah kurban bakaran dengan segala perlengkapannya, dan bejana pembasuhan dengan alasnya.",
Keluaran,30,29,Keluaran 30:29,وَتُقَدِّسُهَا فَتَكُونُ قُدْسَ أَقْدَاسٍ. كُلُّ مَا مَسَّهَا يَكُونُ مُقَدَّسًا.,Kamu harus menguduskan semua itu sehingga semuanya menjadi mahakudus. Segala sesuatu yang menyentuh barang-barang itu juga akan menjadi kudus.,Sucikanlah semua itu sehingga menjadi teramat suci. Apa pun yang menyentuhnya akan menjadi suci.,
Keluaran,30,30,Keluaran 30:30,وَتَمْسَحُ هَارُونَ وَبَنِيهِ وَتُقَدِّسُهُمْ لِيَكْهَنُوا لِي.,Kamu juga harus mengurapi Harun dan anak-anaknya dan menguduskan mereka supaya mereka dapat melayani-Ku sebagai imam.,Minyakilah Harun dan anak-anaknya dan sucikanlah mereka supaya mereka dapat menunaikan tugas sebagai imam bagi-Ku.,
Keluaran,30,31,Keluaran 30:31,وَتُكَلِّمُ بَنِي إِسْرَائِيلَ قَائِلًا: يَكُونُ هَذَا لِي دُهْنًا مُقَدَّسًا لِلْمَسْحَةِ فِي أَجْيَالِكُمْ.,"Kamu harus mengatakan kepada keturunan Israel begini, ‘Ini akan menjadi minyak urapan kudus untuk seluruh keturunanmu.","Katakanlah kepada bani Israil, ‘Inilah minyak upacara yang suci bagi-Ku di antara kamu turun-temurun.",
Keluaran,30,32,Keluaran 30:32,عَلَى جَسَدِ إِنْسَانٍ لَا يُسْكَبُ، وَعَلَى مَقَادِيرِهِ لَا تَصْنَعُوا مِثْلَهُ. مُقَدَّسٌ هُوَ، وَيَكُونُ مُقَدَّسًا عِنْدَكُمْ.,"Minyak itu tidak boleh dicurahkan atas tubuh orang-orang biasa. Juga, jangan membuat tiruan dari minyak ini sebab ini kudus dan haruslah itu kudus bagi kamu.",Jangan curahkan minyak itu pada tubuh orang biasa dan jangan buat minyak yang sama campurannya. Minyak itu suci dan harus kaupandang suci.,
Keluaran,30,33,Keluaran 30:33,كُلُّ مَنْ رَكَّبَ مِثْلَهُ وَمَنْ جَعَلَ مِنْهُ عَلَى أَجْنَبِيٍّ يُقْطَعُ مِنْ شَعْبِهِ».,"Siapa pun membuat yang seperti itu atau siapa pun yang mengoleskannya pada orang biasa, harus dilenyapkan dari antara bangsanya.’”",Orang yang membuat campuran minyak seperti ini atau yang mengoleskannya pada orang awam harus disingkirkan dari antara bangsanya.’”,
Keluaran,30,34,Keluaran 30:34,وَقَالَ ٱلرَّبُّ لِمُوسَى: «خُذْ لَكَ أَعْطَارًا: مَيْعَةً وَأَظْفَارًا وَقِنَّةً عَطِرَةً وَلُبَانًا نَقِيًّا. تَكُونُ أَجْزَاءً مُتَسَاوِيَةً،,"TUHAN berkata kepada Musa, “Ambillah rempah-rempah yang harum ini bagimu: getah damar, kulit lokan, getah rasamala, dan dupa murni. Jumlah masing-masing haruslah sama.","ALLAH berfirman kepada Musa, “Ambillah rempah-rempah yang harum, yaitu getah damar wangi, kulit lokan, dan rasamala, juga kemenyan yang murni, masing-masing sama banyaknya.",
Keluaran,30,35,Keluaran 30:35,فَتَصْنَعُهَا بَخُورًا عَطِرًا صَنْعَةَ ٱلْعَطَّارِ، مُمَلَّحًا نَقِيًّا مُقَدَّسًا.,"Dari semua itu, kamu harus membuat dupa, suatu wangi-wangian, yang dikerjakan oleh ahli wewangian, lalu garamilah agar murni dan kudus.","Dari semua itu buatlah dupa campuran seperti buatan seorang juru rempah-rempah, lalu garamilah agar tetap murni dan suci.",
Keluaran,30,36,Keluaran 30:36,وَتَسْحَقُ مِنْهُ نَاعِمًا، وَتَجْعَلُ مِنْهُ قُدَّامَ ٱلشَّهَادَةِ فِي خَيْمَةِ ٱلِٱجْتِمَاعِ حَيْثُ أَجْتَمِعُ بِكَ. قُدْسَ أَقْدَاسٍ يَكُونُ عِنْدَكُمْ.,"Kamu harus menumbuk sebagian dupa itu hingga halus dan meletakkannya di depan tenda pertemuan, tempat Aku akan bertemu denganmu. Itu harus menjadi mahakudus bagimu.","Tumbuklah halus-halus sebagian dari dupa campuran itu dan taruhlah di depan tabut loh hukum dalam Kemah Hadirat Allah, tempat Aku akan menjumpaimu. Tumbukan dupa campuran yang halus itu harus kaupandang teramat suci.",
Keluaran,30,37,Keluaran 30:37,وَٱلْبَخُورُ ٱلَّذِي تَصْنَعُهُ عَلَى مَقَادِيرِهِ لَا تَصْنَعُوا لِأَنْفُسِكُمْ. يَكُونُ عِنْدَكَ مُقَدَّسًا لِلرَّبِّ.,"Dupa yang kamu buat itu tidak boleh kamu buat dengan takaranmu sendiri. Itu harus kudus bagimu, untuk TUHAN.",Jangan pernah buat campuran dupa seperti itu bagi dirimu sendiri. Engkau harus memandangnya sebagai sesuatu yang suci bagi ALLAH.,
Keluaran,30,38,Keluaran 30:38,كُلُّ مَنْ صَنَعَ مِثْلَهُ لِيَشُمَّهُ يُقْطَعُ مِنْ شَعْبِهِ».,"Siapa pun yang membuat yang seperti itu sebagai wewangian, harus dilenyapkan dari bangsanya.”",Orang yang membuat dupa seperti itu untuk menikmati wanginya harus disingkirkan dari bangsanya.”,
Keluaran,31,1,Keluaran 31:1,وَكَلَّمَ ٱلرَّبُّ مُوسَى قَائِلًا:,"Kemudian, TUHAN berfirman kepada Musa, firman-Nya,","ALLAH berfirman kepada Musa,",
Keluaran,31,2,Keluaran 31:2,«اُنْظُرْ. قَدْ دَعَوْتُ بَصَلْئِيلَ بْنَ أُورِي بْنَ حُورَ مِنْ سِبْطِ يَهُوذَا بِٱسْمِهِ،,"“Lihat, Aku telah memanggil nama Bezaleel, anak Uri, anak Hur, dari suku Yehuda,","“Lihat, Aku telah memanggil Bezaleel bin Uri bin Hur, dari suku Yuda.",
Keluaran,31,3,Keluaran 31:3,وَمَلَأْتُهُ مِنْ رُوحِ ٱللهِ بِٱلْحِكْمَةِ وَٱلْفَهْمِ وَٱلْمَعْرِفَةِ وَكُلِّ صَنْعَةٍ،,"dan Aku telah memenuhinya dengan Roh Allah dalam hal hikmat, dan pengertian, dan pengetahuan, dan bermacam-macam keahlian","Telah Kupenuhi dia dengan Ruh Allah, dengan hikmat, pengertian, pengetahuan, dan segala kepandaian",
Keluaran,31,4,Keluaran 31:4,لِٱخْتِرَاعِ مُخْتَرَعَاتٍ لِيَعْمَلَ فِي ٱلذَّهَبِ وَٱلْفِضَّةِ وَٱلنُّحَاسِ،,"untuk membuat berbagai rancangan dari emas, perak, dan perunggu,","untuk merancang pengerjaan emas, perak, dan tembaga,",
Keluaran,31,5,Keluaran 31:5,وَنَقْشِ حِجَارَةٍ لِلتَّرْصِيعِ، وَنِجَارَةِ ٱلْخَشَبِ، لِيَعْمَلَ فِي كُلِّ صَنْعَةٍ.,"dan dalam hal mengasah permata untuk pahatannya, dan dalam hal mengukir kayu untuk mengerjakan bermacam-macam keahlian.","juga untuk mengukir permata tatahan, mengukir kayu, serta mengerjakan segala macam pekerjaan.",
Keluaran,31,6,Keluaran 31:6,وَهَا أَنَا قَدْ جَعَلْتُ مَعَهُ أُهُولِيآبَ بْنَ أَخِيسَامَاكَ مِنْ سِبْطِ دَانَ. وَفِي قَلْبِ كُلِّ حَكِيمِ ٱلْقَلْبِ جَعَلْتُ حِكْمَةً، لِيَصْنَعُوا كُلَّ مَا أَمَرْتُكَ:,"Lihatlah, Aku juga telah menetapkan seseorang untuk menyertainya, yaitu Aholiab, anak Ahisamakh, dari suku Dan. Bahkan, Aku telah memberikan keahlian kepada semua pekerja lainnya supaya mereka dapat membuat segala sesuatu yang telah Kuperintahkan kepadamu, yaitu:","Aku pun telah menetapkan orang untuk menyertainya, yaitu Aholiab bin Ahisamakh dari suku Dan. Selain itu, Aku telah mengaruniakan hikmat di dalam hati semua ahli. Mereka harus membuat semua yang telah Kuperintahkan kepadamu:",
Keluaran,31,7,Keluaran 31:7,خَيْمَةَ ٱلِٱجْتِمَاعِ، وَتَابُوتَ ٱلشَّهَادَةِ، وَٱلْغِطَاءَ ٱلَّذِي عَلَيْهِ، وَكُلَّ آنِيَةِ ٱلْخَيْمَةِ،,"Tenda pertemuan, tabut kesaksian, tutup pendamaian di atasnya, dan semua perlengkapan tenda;","Kemah Hadirat Allah, tabut loh hukum dan tutupnya di atasnya, yaitu tempat pendamaian, dan segala perlengkapan kemah itu,",
Keluaran,31,8,Keluaran 31:8,وَٱلْمَائِدَةَ وَآنِيَتَهَا، وَٱلْمَنَارَةَ ٱلطَّاهِرَةَ وَكُلَّ آنِيَتِهَا، وَمَذْبَحَ ٱلْبَخُورِ،,"meja dan perkakasnya, kaki dian dari emas murni dan segala perkakasnya, mazbah pembakaran dupa,","yaitu meja dengan perlengkapannya, kaki pelita dari emas tulen dengan segala perlengkapannya, mazbah pembakaran dupa,",
Keluaran,31,9,Keluaran 31:9,وَمَذْبَحَ ٱلْمُحْرَقَةِ وَكُلَّ آنِيَتِهِ، وَٱلْمِرْحَضَةَ وَقَاعِدَتَهَا،,"mazbah kurban bakaran dan segala perkakasnya, bejana pembasuhan dan alasnya,","mazbah kurban bakaran dengan segala perlengkapannya, bejana pembasuhan dengan alasnya,",
Keluaran,31,10,Keluaran 31:10,وَٱلثِّيَابَ ٱلْمَنْسُوجَةَ، وَٱلثِّيَابَ ٱلْمُقَدَّسَةَ لِهَارُونَ ٱلْكَاهِنِ وَثِيَابَ بَنِيهِ لِلْكَهَانَةِ،,"pakaian khusus untuk Harun dan anak-anaknya apabila mereka melayani sebagai imam,","pakaian yang halus tenunannya, pakaian suci untuk Imam Harun dan pakaian anak-anaknya untuk menunaikan tugas sebagai imam,",
Keluaran,31,11,Keluaran 31:11,وَدُهْنَ ٱلْمَسْحَةِ وَٱلْبَخُورَ ٱلْعَطِرَ لِلْقُدْسِ. حَسَبَ كُلِّ مَا أَمَرْتُكَ بِهِ يَصْنَعُونَ».,"minyak urapan yang harum, dan dupa yang harum untuk Ruang Kudus. Mereka harus membuat semua itu sebagaimana yang Aku perintahkan kepadamu.”","minyak upacara, serta dupa dari rempah-rempah harum untuk tempat suci. Mereka harus membuatnya sesuai dengan semua yang telah Kuperintahkan kepadamu.”",
Keluaran,31,12,Keluaran 31:12,وَكَلَّمَ ٱلرَّبُّ مُوسَى قَائِلًا:,"TUHAN berfirman kepada Musa, firman-Nya,","ALLAH berfirman kepada Musa,",
Keluaran,31,13,Keluaran 31:13,«وَأَنْتَ تُكَلِّمُ بَنِي إِسْرَائِيلَ قَائِلًا: سُبُوتِي تَحْفَظُونَهَا، لِأَنَّهُ عَلَامَةٌ بَيْنِي وَبَيْنَكُمْ فِي أَجْيَالِكُمْ لِتَعْلَمُوا أَنِّي أَنَا ٱلرَّبُّ ٱلَّذِي يُقَدِّسُكُمْ،,"“Katakanlah kepada bangsa Israel, begini, ‘Kamu harus sungguh-sungguh memelihara sabat-sabat-Ku sebab itu adalah tanda antara Aku dan kamu bagi keturunanmu supaya kamu mengetahui bahwa Akulah, TUHAN, yang telah menguduskan kamu.","“Katakanlah kepada bani Israil, ‘Kamu harus memelihara hari-hari Sabat-Ku karena itulah tanda pengingat antara Aku dengan kamu turun-temurun supaya kamu tahu bahwa Akulah ALLAH yang menyucikan kamu.",
Keluaran,31,14,Keluaran 31:14,فَتَحْفَظُونَ ٱلسَّبْتَ لِأَنَّهُ مُقَدَّسٌ لَكُمْ. مَنْ دَنَّسَهُ يُقْتَلُ قَتْلًا. إِنَّ كُلَّ مَنْ صَنَعَ فِيهِ عَمَلًا تُقْطَعُ تِلْكَ ٱلنَّفْسُ مِنْ بَيْنِ شَعْبِهَا.,"Oleh sebab itu, kamu harus memelihara hari Sabat karena itu adalah hari yang kudus bagimu. Setiap orang yang mencemarkannya harus dihukum mati sebab siapa saja yang bekerja saat itu, orang itu harus dilenyapkan dari antara bangsanya.","Oleh sebab itu, peliharalah hari Sabat. Hari Sabat adalah hari yang suci bagimu. Siapa yang mencemarinya, pastilah dihukum mati karena siapa pun yang melakukan pekerjaan pada hari itu, nyawanya harus dilenyapkan dari antara bangsanya.",
Keluaran,31,15,Keluaran 31:15,سِتَّةَ أَيَّامٍ يُصْنَعُ عَمَلٌ، وَأَمَّا ٱلْيَوْمُ ٱلْسَّابِعُ فَفِيهِ سَبْتُ عُطْلَةٍ مُقَدَّسٌ لِلرَّبِّ. كُلُّ مَنْ صَنَعَ عَمَلًا فِي يَوْمِ ٱلسَّبْتِ يُقْتَلُ قَتْلًا.,"Selama enam hari kamu boleh bekerja, tetapi hari ketujuh adalah hari Sabat, hari peristirahatan yang kudus bagi TUHAN. Siapa pun yang bekerja pada hari Sabat harus dihukum mati.","Enam hari lamanya orang harus melakukan pekerjaannya, tetapi hari ketujuh adalah hari Sabat, hari istirahat penuh, suci bagi ALLAH. Siapa pun yang melakukan pekerjaan pada hari Sabat, ia pasti dihukum mati.",
Keluaran,31,16,Keluaran 31:16,فَيَحْفَظُ بَنُو إِسْرَائِيلَ ٱلسَّبْتَ لِيَصْنَعُوا ٱلسَّبْتَ فِي أَجْيَالِهِمْ عَهْدًا أَبَدِيًّا.,"Sebab itu, bangsa Israel harus memelihara Sabat untuk merayakan Sabat, turun-temurun, sebagai suatu perjanjian untuk selamanya.","Sebab itu, bani Israil harus memelihara hari Sabat dengan merayakannya turun-temurun sebagai suatu perjanjian untuk seterusnya.",
Keluaran,31,17,Keluaran 31:17,هُوَ بَيْنِي وَبَيْنَ بَنِي إِسْرَائِيلَ عَلَامَةٌ إِلَى ٱلْأَبَدِ. لِأَنَّهُ فِي سِتَّةِ أَيَّامٍ صَنَعَ ٱلرَّبُّ ٱلسَّمَاءَ وَٱلْأَرْضَ، وَفِي ٱلْيَوْمِ ٱلسَّابِعِ ٱسْتَرَاحَ وَتَنَفَّسَ».,"Itu adalah tanda antara Aku dan keturunan Israel selama-lamanya. Sebab, selama enam hari TUHAN bekerja menciptakan langit dan bumi, dan pada hari ketujuh Dia berhenti dan beristirahat.”","Itulah tanda pengingat antara Aku dengan bani Israil untuk selama-lamanya karena enam hari lamanya ALLAH menjadikan langit dan bumi, dan pada hari ketujuh Ia berhenti mencipta serta merasa puas.’”",
Keluaran,31,18,Keluaran 31:18,ثُمَّ أَعْطَى مُوسَى عِنْدَ فَرَاغِهِ مِنَ ٱلْكَلَامِ مَعَهُ فِي جَبَلِ سِينَاءَ لَوْحَيِ ٱلشَّهَادَةِ: لَوْحَيْ حَجَرٍ مَكْتُوبَيْنِ بِإِصْبِعِ ٱللهِ.,"Setelah TUHAN selesai berbicara kepada Musa di Gunung Sinai, Dia memberikan kepadanya dua loh batu, yang bertuliskan hukum-hukum yang ditulis dengan jari Allah sendiri.","Setelah ALLAH selesai berfirman kepada Musa di Gunung Sinai, diserahkan-Nya kepada Musa kedua loh hukum Allah, yaitu loh batu yang ditulisi ALLAH sendiri.",
Keluaran,32,1,Keluaran 32:1,وَلَمَّا رَأَى ٱلشَّعْبُ أَنَّ مُوسَى أَبْطَأَ فِي ٱلنُّزُولِ مِنَ ٱلْجَبَلِ، ٱجْتَمَعَ ٱلشَّعْبُ عَلَى هَارُونَ وَقَالُوا لَهُ: «قُمِ ٱصْنَعْ لَنَا آلِهَةً تَسِيرُ أَمَامَنَا، لِأَنَّ هَذَا مُوسَى ٱلرَّجُلَ ٱلَّذِي أَصْعَدَنَا مِنْ أَرْضِ مِصْرَ، لَا نَعْلَمُ مَاذَا أَصَابَهُ».,"Ketika bangsa Israel melihat bahwa Musa menunda untuk turun dari gunung, bangsa itu berkumpul untuk datang kepada Harun dan berkata kepadanya, “Ayo, buatlah ilah bagi kami yang akan berjalan di depan kami, sebab Musa, orang yang telah membawa kami keluar dari tanah Mesir, kami tidak tahu yang terjadi atasnya.”","Ketika bangsa Israil melihat bahwa Musa belum juga turun dari gunung itu, berkumpullah mereka mengerumuni Harun dan berkata kepadanya, “Ayo, buatlah bagi kami berhala yang akan memimpin kami karena kami tidak tahu apa yang terjadi pada Musa, orang yang telah menuntun kami keluar dari Tanah Mesir itu.”",
Keluaran,32,2,Keluaran 32:2,فَقَالَ لَهُمْ هَارُونُ: «ٱنْزِعُوا أَقْرَاطَ ٱلذَّهَبِ ٱلَّتِي فِي آذَانِ نِسَائِكُمْ وَبَنِيكُمْ وَبَنَاتِكُمْ وَآتُونِي بِهَا».,"Lalu, Harun berkata kepada mereka, “Lepaskanlah semua anting-anting emas yang ada di telinga istrimu, anak laki-lakimu, dan anak perempuanmu, lalu bawalah itu kepadaku.”","Lalu, Harun berkata kepada mereka, “Tanggalkanlah anting-anting emas yang ada pada telinga istrimu, anak laki-lakimu, dan anak perempuanmu. Bawalah semua itu kepadaku.”",
Keluaran,32,3,Keluaran 32:3,فَنَزَعَ كُلُّ ٱلشَّعْبِ أَقْرَاطَ ٱلذَّهَبِ ٱلَّتِي فِي آذَانِهِمْ وَأَتَوْا بِهَا إِلَى هَارُونَ.,"Oleh karena itu, seluruh bangsa itu melepas anting-anting emas yang ada di telinga mereka dan membawanya kepada Harun.","Maka, seluruh bangsa itu menanggalkan anting-anting emas yang ada pada telinga mereka dan membawanya kepada Harun.",
Keluaran,32,4,Keluaran 32:4,فَأَخَذَ ذَلِكَ مِنْ أَيْدِيهِمْ وَصَوَّرَهُ بِٱلْإِزْمِيلِ، وَصَنَعَهُ عِجْلًا مَسْبُوكًا. فَقَالُوا: «هَذِهِ آلِهَتُكَ يَا إِسْرَائِيلُ ٱلَّتِي أَصْعَدَتْكَ مِنْ أَرْضِ مِصْرَ».,"Dia menerimanya dari tangan mereka dan membentuknya dengan alat pahat, lalu dia membuatnya menjadi anak sapi tuangan. Kemudian, mereka berkata, “Inilah ilahmu, hai Israel, yang telah membawamu keluar dari tanah Mesir!”","Harun menerima semua itu dari tangan mereka, meleburnya dalam sebuah cetakan dan membentuknya menjadi sebuah anak sapi tuangan. Kemudian, berkatalah orang-orang itu, “Hai orang Israil, inilah tuhanmu, yang telah menuntun kamu keluar dari Tanah Mesir!”",
Keluaran,32,5,Keluaran 32:5,فَلَمَّا نَظَرَ هَارُونُ بَنَى مَذْبَحًا أَمَامَهُ، وَنَادَى هَارُونُ وَقَالَ: «غَدًا عِيدٌ لِلرَّبِّ».,"Ketika Harun melihatnya, dia membangun mazbah di hadapan anak sapi itu, lalu Harun membuat pengumuman dan berkata, “Besok akan menjadi hari raya bagi TUHAN.”","Ketika Harun melihat hal itu, dibangunnyalah sebuah mazbah atau tempat pembakaran kurban di depan anak sapi itu, lalu ia berseru, katanya, “Besok adalah hari raya bagi ALLAH!”",
Keluaran,32,6,Keluaran 32:6,فَبَكَّرُوا فِي ٱلْغَدِ وَأَصْعَدُوا مُحْرَقَاتٍ وَقَدَّمُوا ذَبَائِحَ سَلَامَةٍ. وَجَلَسَ ٱلشَّعْبُ لِلْأَكْلِ وَٱلشُّرْبِ ثُمَّ قَامُوا لِلَّعِبِ.,"Mereka bangun pagi-pagi pada keesokan harinya dan mempersembahkan persembahan bakaran, dan membawa persembahan pendamaian. Lalu, bangsa itu duduk untuk makan dan minum, dan bangkit untuk bersenang-senang.","Keesokan harinya bangunlah mereka pagi-pagi, lalu mempersembahkan kurban bakaran dan membawa kurban perdamaian. Bangsa itu duduk untuk makan dan minum, lalu bangkit untuk berhura-hura.",
Keluaran,32,7,Keluaran 32:7,فَقَالَ ٱلرَّبُّ لِمُوسَى: «ٱذْهَبِ ٱنْزِلْ. لِأَنَّهُ قَدْ فَسَدَ شَعْبُكَ ٱلَّذِي أَصْعَدْتَهُ مِنْ أَرْضِ مِصْرَ.,"Lalu, TUHAN berfirman kepada Musa, “Pergilah, turunlah, sebab bangsamu, yang kamu bawa keluar dari tanah Mesir telah merusak diri mereka sendiri.","Berfirmanlah ALLAH kepada Musa, “Pergilah, turunlah, karena bangsamu yang kautuntun keluar dari Tanah Mesir telah rusak kelakuannya.",
Keluaran,32,8,Keluaran 32:8,زَاغُوا سَرِيعًا عَنِ ٱلطَّرِيقِ ٱلَّذِي أَوْصَيْتُهُمْ بِهِ. صَنَعُوا لَهُمْ عِجْلًا مَسْبُوكًا، وَسَجَدُوا لَهُ وَذَبَحُوا لَهُ وَقَالُوا: هَذِهِ آلِهَتُكَ يَا إِسْرَائِيلُ ٱلَّتِي أَصْعَدَتْكَ مِنْ أَرْضِ مِصْرَ».,"Mereka dengan cepat menyimpang dari jalan yang telah Kuperintahkan kepada mereka. Mereka telah membuat anak sapi tuangan bagi diri mereka sendiri, dan menyembahnya, dan mempersembahkan kurban kepadanya, lalu berkata, ‘Inilah ilahmu, hai Israel, yang telah membawamu keluar dari tanah Mesir.’”","Cepat sekali mereka menyimpang dari jalan yang Kuperintahkan kepada mereka. Mereka telah membuat sebuah anak sapi tuangan, lalu sujud menyembahnya dan mempersembahkan kurban kepadanya sambil berkata, ‘Hai orang Israil, inilah tuhanmu, yang telah menuntun kamu keluar dari Tanah Mesir!’”",
Keluaran,32,9,Keluaran 32:9,وَقَالَ ٱلرَّبُّ لِمُوسَى: «رَأَيْتُ هَذَا ٱلشَّعْبَ وَإِذَا هُوَ شَعْبٌ صُلْبُ ٱلرَّقَبَةِ.,"TUHAN berfirman kepada Musa, “Aku telah melihat bangsa ini, dan lihatlah, mereka adalah bangsa yang tegar tengkuk.","Firman ALLAH lagi kepada Musa “Aku telah melihat bangsa ini. Sesungguhnya, mereka adalah suatu bangsa yang keras kepala.",
Keluaran,32,10,Keluaran 32:10,فَٱلْآنَ ٱتْرُكْنِي لِيَحْمَى غَضَبِي عَلَيْهِمْ وَأُفْنِيَهُمْ، فَأُصَيِّرَكَ شَعْبًا عَظِيمًا».,"Sebab itu, tinggalkan Aku sendiri supaya murka-Ku menyala atas mereka sehingga Aku dapat menghabisi mereka. Namun, Aku akan membuat suatu bangsa yang besar darimu.”","Sekarang, biarkanlah Aku. Biarkan murka-Ku menyala atas mereka. Akan Kuhabisi mereka, tetapi engkau akan Kubuat menjadi suatu bangsa yang besar.”",
Keluaran,32,11,Keluaran 32:11,فَتَضَرَّعَ مُوسَى أَمَامَ ٱلرَّبِّ إِلَهِهِ، وَقَالَ: «لِمَاذَا يَا رَبُّ يَحْمَى غَضَبُكَ عَلَى شَعْبِكَ ٱلَّذِي أَخْرَجْتَهُ مِنْ أَرْضِ مِصْرَ بِقُوَّةٍ عَظِيمَةٍ وَيَدٍ شَدِيدَةٍ؟,"Namun, Musa memohon kepada TUHAN, Allahnya, dan berkata, “Ya TUHAN, mengapa murkamu menyala atas umat-Mu yang telah Engkau bawa keluar dari tanah Mesir dengan kekuatan yang besar dan dengan tangan yang kuat?","Namun, Musa memohon belas kasihan ALLAH, Tuhannya. Ia berkata, “Ya ALLAH, mengapa murka-Mu menyala atas umat-Mu, yang telah Kaubawa keluar dari Tanah Mesir dengan kuasa yang besar dan dengan tangan yang kuat?",
Keluaran,32,12,Keluaran 32:12,لِمَاذَا يَتَكَلَّمُ ٱلْمِصْرِيُّونَ قَائِلِينَ: أَخْرَجَهُمْ بِخُبْثٍ لِيَقْتُلَهُمْ فِي ٱلْجِبَالِ، وَيُفْنِيَهُمْ عَنْ وَجْهِ ٱلْأَرْضِ؟ اِرْجِعْ عَنْ حُمُوِّ غَضَبِكَ، وَٱنْدَمْ عَلَى ٱلشَّرِّ بِشَعْبِكَ.,"Mengapa orang Mesir harus berkata begini, ‘Dengan niat jahat, Dia telah membawa mereka keluar untuk membunuh mereka di pegunungan dan untuk membinasakan mereka dari muka bumi’? Berbaliklah dari murkamu yang menyala-nyala dan ubahlah niat-Mu untuk mendatangkan malapetaka atas umat-Mu.","Mengapa orang Mesir harus berkata demikian, ‘Ia membawa mereka keluar dengan maksud jahat, yaitu untuk menghabisi mereka di pegunungan dan untuk menghabisi mereka dari muka bumi’? Berpalinglah kiranya dari murka-Mu yang menyala-nyala dan berbelaskasihanlah, jangan datangkan malapetaka atas umat-Mu.",
Keluaran,32,13,Keluaran 32:13,اُذْكُرْ إِبْرَاهِيمَ وَإِسْحَاقَ وَإِسْرَائِيلَ عَبِيدَكَ ٱلَّذِينَ حَلَفْتَ لَهُمْ بِنَفْسِكَ وَقُلْتَ لَهُمْ: أُكَثِّرُ نَسْلَكُمْ كَنُجُومِ ٱلسَّمَاءِ، وَأُعْطِي نَسْلَكُمْ كُلَّ هَذِهِ ٱلْأَرْضِ ٱلَّتِي تَكَلَّمْتُ عَنْهَا فَيَمْلِكُونَهَا إِلَى ٱلْأَبَدِ».,"Ingatlah akan Abraham, Ishak, dan Israel, hamba-hamba-Mu, yang kepada mereka, Engkau telah bersumpah demi diri-Mu sendiri dan berkata kepada mereka, ‘Aku akan melipatgandakan keturunanmu seperti bintang di langit dan semua tanah yang telah Kukatakan akan Kuberikan kepada keturunanmu, dan mereka akan mewarisinya untuk selamanya.’”","Ingatlah Ibrahim, Ishak, dan Israil, hamba-hamba-Mu, sebab Engkau telah bersumpah kepada mereka demi diri-Mu sendiri dan telah berfirman kepada mereka, ‘Aku akan memperbanyak keturunanmu seperti bintang di langit. Seluruh negeri yang telah Kujanjikan ini akan Kukaruniakan kepada keturunanmu, dan mereka akan mewarisinya untuk selama-lamanya.’”",
Keluaran,32,14,Keluaran 32:14,فَنَدِمَ ٱلرَّبُّ عَلَى ٱلشَّرِّ ٱلَّذِي قَالَ إِنَّهُ يَفْعَلُهُ بِشَعْبِهِ.,TUHAN pun mengubah niat-Nya mengenai malapateka yang telah difirmankan-Nya terhadap umat-Nya.,"Maka, ALLAH pun berbelaskasihan dan tidak mendatangkan malapetaka atas umat-Nya seperti yang direncanakan-Nya.",
Keluaran,32,15,Keluaran 32:15,فَٱنْصَرَفَ مُوسَى وَنَزَلَ مِنَ ٱلْجَبَلِ وَلَوْحَا ٱلشَّهَادَةِ فِي يَدِهِ: لَوْحَانِ مَكْتُوبَانِ عَلَى جَانِبَيْهِمَا. مِنْ هُنَا وَمِنْ هُنَا كَانَا مَكْتُوبَيْنِ.,Musa pun berbalik dan turun dari gunung dengan dua loh batu kesaksian di tangannya. Loh-loh batu itu dibubuhi tulisan pada dua sisinya; tertera di sisi satu dan sisi yang lain.,"Musa berpaling, lalu turun dari gunung itu dengan kedua loh hukum Allah di tangannya. Pada kedua sisi loh-loh itu, sebelah-menyebelah, tertera tulisan.",
Keluaran,32,16,Keluaran 32:16,وَٱللَّوْحَانِ هُمَا صَنْعَةُ ٱللهِ، وَٱلْكِتَابَةُ كِتَابَةُ ٱللهِ مَنْقُوشَةٌ عَلَى ٱللَّوْحَيْنِ.,"Allah sendiri yang membuat loh batu itu dan tulisan itu adalah tulisan Allah, terukir pada loh-loh batu itu.","Kedua loh itu buatan Allah dan tulisannya adalah tulisan Allah, terukir pada loh-loh itu.",
Keluaran,32,17,Keluaran 32:17,وَسَمِعَ يَشُوعُ صَوْتَ ٱلشَّعْبِ فِي هُتَافِهِ فَقَالَ لِمُوسَى: «صَوْتُ قِتَالٍ فِي ٱلْمَحَلَّةِ».,"Ketika Yosua mendengar suara bangsa itu selagi mereka bersorak-sorak, dia berkata kepada Musa, “Ada suara perang di perkemahan!”","Ketika Yusak mendengar suara bangsa itu bersorak, ia berkata kepada Musa, “Ada sorak peperangan di perkemahan.”",
Keluaran,32,18,Keluaran 32:18,فَقَالَ: «لَيْسَ صَوْتَ صِيَاحِ ٱلنُّصْرَةِ وَلَا صَوْتَ صِيَاحِ ٱلْكَسْرَةِ، بَلْ صَوْتَ غِنَاءٍ أَنَا سَامِعٌ».,"Namun, Musa menjawab, “Itu bukan suara sorak kemenangan atau suara tangis kekalahan, melainkan suara nyanyian, itu yang kudengar.”","Jawab Musa, “Bukan bunyi teriakan kemenangan dan bukan bunyi teriakan kekalahan, melainkan bunyi orang menyanyi berbalas-balasan, itu yang kudengar.”",
Keluaran,32,19,Keluaran 32:19,وَكَانَ عِنْدَمَا ٱقْتَرَبَ إِلَى ٱلْمَحَلَّةِ أَنَّهُ أَبْصَرَ ٱلْعِجْلَ وَٱلرَّقْصَ، فَحَمِيَ غَضَبُ مُوسَى، وَطَرَحَ ٱللَّوْحَيْنِ مِنْ يَدَيْهِ وَكَسَّرَهُمَا فِي أَسْفَلِ ٱلْجَبَلِ.,"Ketika Musa mendekati perkemahan dan melihat anak sapi itu serta orang yang menari-nari, kemarahan Musa menyala-nyala. Dia membanting loh-loh batu dari tangannya dan memecahkannya di kaki gunung.","Begitu ia mendekati perkemahan dan melihat anak sapi itu serta orang menari-nari, menyalalah amarah Musa. Ia menghempaskan loh-loh itu dari tangannya dan memecahkannya di kaki gunung itu.",
Keluaran,32,20,Keluaran 32:20,ثُمَّ أَخَذَ ٱلْعِجْلَ ٱلَّذِي صَنَعُوا وَأَحْرَقَهُ بِٱلنَّارِ، وَطَحَنَهُ حَتَّى صَارَ نَاعِمًا، وَذَرَّاهُ عَلَى وَجْهِ ٱلْمَاءِ، وَسَقَى بَنِي إِسْرَائِيلَ.,"Dia mengambil anak sapi yang mereka buat itu dan membakarnya dalam api, menggilingnya sampai halus, dan mencampurnya ke dalam air. Setelah itu, dia menyuruh bangsa Israel meminumnya.","Diambilnya anak sapi yang mereka buat itu, lalu dibakarnya habis. Digilingnya lumat-lumat, lalu ditaburkannya ke air. Setelah itu, disuruhnya bani Israil meminumnya.",
Keluaran,32,21,Keluaran 32:21,وَقَالَ مُوسَى لِهَارُونَ: «مَاذَا صَنَعَ بِكَ هَذَا ٱلشَّعْبُ حَتَّى جَلَبْتَ عَلَيْهِ خَطِيَّةً عَظِيمَةً؟»,"Dia berkata kepada Harun, “Apa yang telah diperbuat bangsa ini kepadamu sehingga kamu mendatangkan dosa yang sangat besar kepada mereka?”","Musa berkata kepada Harun, “Apa yang dilakukan bangsa ini terhadap engkau sehingga engkau mendatangkan dosa yang begitu besar atas mereka?”",
Keluaran,32,22,Keluaran 32:22,فَقَالَ هَارُونُ: «لَا يَحْمَ غَضَبُ سَيِّدِي. أَنْتَ تَعْرِفُ ٱلشَّعْبَ أَنَّهُ فِي شَرٍّ.,"Harun menjawab, “Jangan biarkan kemarahanmu menyala-nyala, Tuanku, kamu kenal bangsa ini, mereka memang jahat.","Kata Harun, “Janganlah amarah Tuan menyala-nyala. Tuan sendiri tahu bahwa bangsa ini memang jahat.",
Keluaran,32,23,Keluaran 32:23,فَقَالُوا لِيَ: ٱصْنَعْ لَنَا آلِهَةً تَسِيرُ أَمَامَنَا، لِأَنَّ هَذَا مُوسَى ٱلرَّجُلَ ٱلَّذِي أَصْعَدَنَا مِنْ أَرْضِ مِصْرَ، لَا نَعْلَمُ مَاذَا أَصَابَهُ.,"Sebab, mereka berkata kepadaku, ‘Buatlah ilah bagi kami yang akan berjalan di depan kami, sebab Musa, orang yang telah membawa kami keluar dari tanah Mesir, kami tidak tahu yang terjadi atasnya.’","Mereka berkata kepada hamba, ‘Buatlah bagi kami berhala yang akan memimpin kami karena kami tidak tahu apa yang terjadi dengan Musa, orang yang telah menuntun kami keluar dari Tanah Mesir.’",
Keluaran,32,24,Keluaran 32:24,فَقُلْتُ لَهُمْ: مَنْ لَهُ ذَهَبٌ فَلْيَنْزِعْهُ وَيُعْطِنِي. فَطَرَحْتُهُ فِي ٱلنَّارِ فَخَرَجَ هَذَا ٱلْعِجْلُ».,"Jadi, aku berkata kepada mereka, ‘Siapa pun yang mempunyai emas, lepaskanlah itu.’ Lalu, mereka memberikannya kepadaku, dan aku melemparnya dalam api, dan anak sapi itu keluar dari situ.”","Lalu, hamba berkata kepada mereka, ‘Siapa yang mempunyai emas, tanggalkanlah.’ Mereka pun memberikannya kepada hamba dan hamba mencampakkannya ke dalam api, lalu keluarlah anak sapi ini.”",
Keluaran,32,25,Keluaran 32:25,وَلَمَّا رَأَى مُوسَى ٱلشَّعْبَ أَنَّهُ مُعَرًّى لِأَنَّ هَارُونَ كَانَ قَدْ عَرَّاهُ لِلْهُزْءِ بَيْنَ مُقَاوِمِيهِ،,"Ketika Musa melihat bahwa bangsa itu sudah di luar kendali, sebab Harun telah membiarkan mereka lepas kendali sehingga menjadi ejekan bagi musuh-musuh mereka,",Musa melihat bahwa bangsa itu lepas kendali karena Harun menyebabkannya demikian sehingga mereka menjadi bahan hinaan di antara lawan-lawan mereka.,
Keluaran,32,26,Keluaran 32:26,وَقَفَ مُوسَى فِي بَابِ ٱلْمَحَلَّةِ، وَقَالَ: «مَنْ لِلرَّبِّ فَإِلَيَّ». فَٱجْتَمَعَ إِلَيْهِ جَمِيعُ بَنِي لَاوِي.,"Musa berdiri di depan gerbang perkemahan itu dan berkata, “Siapa yang berada di sisi TUHAN? Datanglah kepadaku.” Lalu, semua keturunan Lewi berkumpul kepadanya.","Oleh karena itu, Musa berdiri di pintu gerbang perkemahan itu dan berkata, “Siapa yang memihak kepada ALLAH, datanglah kepadaku!” Lalu, berkumpullah seluruh bani Lewi di sekelilingnya.",
Keluaran,32,27,Keluaran 32:27,فَقَالَ لَهُمْ: «هَكَذَا قَالَ ٱلرَّبُّ إِلَهُ إِسْرَائِيلَ: ضَعُوا كُلُّ وَاحِدٍ سَيْفَهُ عَلَى فَخْذِهِ وَمُرُّوا وَٱرْجِعُوا مِنْ بَابٍ إِلَى بَابٍ فِي ٱلْمَحَلَّةِ، وَٱقْتُلُوا كُلُّ وَاحِدٍ أَخَاهُ وَكُلُّ وَاحِدٍ صَاحِبَهُ وَكُلُّ وَاحِدٍ قَرِيبَهُ».,"Dia pun berkata kepada mereka, “Inilah yang difirmankan TUHAN, Allah Israel, ‘Setiap orang, sandanglah pedang di pinggangnya dan pergilah dari gerbang ke gerbang di seluruh perkemahan, lalu bunuhlah saudaramu masing-masing, temanmu masing-masing, dan tetanggamu masing-masing.’”","Kata Musa kepada mereka, “Beginilah firman ALLAH, Tuhan yang disembah bani Israil, ‘Masing-masing kamu, sandanglah pedang di pinggang! Lintasilah perkemahan ini dari pintu ke pintu, lalu habisilah saudara, sahabat, dan tetanggamu masing-masing!’”",
Keluaran,32,28,Keluaran 32:28,فَفَعَلَ بَنُو لَاوِي بِحَسَبِ قَوْلِ مُوسَى. وَوَقَعَ مِنَ ٱلشَّعْبِ فِي ذَلِكَ ٱلْيَوْمِ نَحْوُ ثَلَاثَةِ آلَافِ رَجُلٍ.,Keturunan Lewi melaksanakannya sesuai perkataan Musa sehingga sekitar tiga ribu orang dari bangsa itu mati pada hari itu.,Bani Lewi pun melaksanakan apa yang dikatakan oleh Musa. Pada hari itu tewaslah kira-kira tiga ribu orang dari antara bangsa itu.,
Keluaran,32,29,Keluaran 32:29,وَقَالَ مُوسَى: «ٱمْلَأُوا أَيْدِيَكُمُ ٱلْيَوْمَ لِلرَّبِّ، حَتَّى كُلُّ وَاحِدٍ بِٱبْنِهِ وَبِأَخِيهِ، فَيُعْطِيَكُمُ ٱلْيَوْمَ بَرَكَةً».,"Kemudian, Musa berkata, “Pada hari ini, kamu telah menahbiskan diri bagi TUHAN dengan tanganmu karena setiap orang telah melawan anaknya atau melawan saudaranya sehingga Dia dapat memberikan berkat atasmu pada hari ini.”","Kemudian, Musa berkata, “Pada hari ini kamu telah mengkhususkan dirimu bagi ALLAH karena masing-masing mengorbankan anaknya dan saudaranya. Dengan demikian, Ia mengaruniakan kepadamu berkah pada hari ini.”",
Keluaran,32,30,Keluaran 32:30,وَكَانَ فِي ٱلْغَدِ أَنَّ مُوسَى قَالَ لِلشَّعْبِ: «أَنْتُمْ قَدْ أَخْطَأْتُمْ خَطِيَّةً عَظِيمَةً، فَأَصْعَدُ ٱلْآنَ إِلَى ٱلرَّبِّ لَعَلِّي أُكَفِّرُ خَطِيَّتَكُمْ».,"Pada hari berikutnya, Musa berkata kepada bangsa itu, “Kamu berbuat dosa, dosa yang besar, dan sekarang aku akan pergi kepada TUHAN, mungkin aku dapat membuat pendamaian atas dosamu.”","Keesokan harinya Musa berkata kepada bangsa itu, “Kamu sudah melakukan dosa yang besar. Sekarang, aku hendak naik menghadap ALLAH, siapa tahu aku dapat mengadakan pendamaian karena dosamu itu.”",
Keluaran,32,31,Keluaran 32:31,فَرَجَعَ مُوسَى إِلَى ٱلرَّبِّ، وَقَالَ: «آهِ، قَدْ أَخْطَأَ هَذَا ٱلشَّعْبُ خَطِيَّةً عَظِيمَةً وَصَنَعُوا لِأَنْفُسِهِمْ آلِهَةً مِنْ ذَهَبٍ.,"Musa pun kembali kepada TUHAN dan berkata, “Oh, bangsa ini telah melakukan dosa yang besar dan mereka telah membuat ilah emas untuk diri mereka sendiri.","Lalu, kembalilah Musa menghadap ALLAH dan berkata, “Aduh, bangsa ini telah melakukan dosa besar. Mereka telah membuat bagi diri mereka berhala dari emas.",
Keluaran,32,32,Keluaran 32:32,وَٱلْآنَ إِنْ غَفَرْتَ خَطِيَّتَهُمْ، وَإِلَّا فَٱمْحُنِي مِنْ كِتَابِكَ ٱلَّذِي كَتَبْتَ».,"Namun, sekarang, jika Engkau berkenan, ampunilah dosa mereka; tetapi jika tidak, hapuslah namaku keluar dari kitab-Mu yang telah Engkau tulis.”","Sekarang, ampunilah kiranya dosa mereka itu. Tetapi, jika tidak, hapus sajalah kiranya namaku dari kitab yang telah Kautulis.”",
Keluaran,32,33,Keluaran 32:33,فَقَالَ ٱلرَّبُّ لِمُوسَى: «مَنْ أَخْطَأَ إِلَيَّ أَمْحُوهُ مِنْ كِتَابِي.,"Namun, TUHAN berfirman kepada Musa, “Siapa pun yang berdosa terhadap-Ku, Aku akan menghapusnya dari kitab-Ku.","Firman ALLAH kepada Musa, “Siapa yang berdosa terhadap Aku, dialah yang akan Kuhapuskan dari kitab-Ku.",
Keluaran,32,34,Keluaran 32:34,وَٱلْآنَ ٱذْهَبِ ٱهْدِ ٱلشَّعْبَ إِلَى حَيْثُ كَلَّمْتُكَ. هُوَذَا مَلَاكِي يَسِيرُ أَمَامَكَ. وَلَكِنْ فِي يَوْمِ ٱفْتِقَادِي أَفْتَقِدُ فِيهِمْ خَطِيَّتَهُمْ».,"Jadi sekarang, pergilah, pimpinlah bangsa itu ke tempat yang telah Aku katakan kepadamu. Lihatlah, malaikat-Ku akan berjalan di depanmu. Meski demikian, pada hari penghakiman-Ku, aku akan menghukum mereka yang berbuat dosa.”","Sekarang, pergilah. Pimpinlah bangsa itu ke tempat yang telah Kusebutkan kepadamu. Sesungguhnya, Malaikat-Ku akan berjalan di depanmu. Akan tetapi, saat hari pembalasan-Ku tiba, Aku akan membalas dosa mereka atas mereka.”",
Keluaran,32,35,Keluaran 32:35,فَضَرَبَ ٱلرَّبُّ ٱلشَّعْبَ، لِأَنَّهُمْ صَنَعُوا ٱلْعِجْلَ ٱلَّذِي صَنَعَهُ هَارُونُ.,"Kemudian, TUHAN menimpakan wabah atas bangsa itu karena mereka telah membuat anak sapi yang dibuat oleh Harun.","Kemudian, ALLAH mengazab bangsa itu dengan tulah karena apa yang mereka lakukan dengan anak sapi yang dibuat Harun itu.",
Keluaran,33,1,Keluaran 33:1,وَقَالَ ٱلرَّبُّ لِمُوسَى: «ٱذْهَبِ ٱصْعَدْ مِنْ هُنَا أَنْتَ وَٱلشَّعْبُ ٱلَّذِي أَصْعَدْتَهُ مِنْ أَرْضِ مِصْرَ إِلَى ٱلْأَرْضِ ٱلَّتِي حَلَفْتُ لِإِبْرَاهِيمَ وَإِسْحَاقَ وَيَعْقُوبَ قَائِلًا: لِنَسْلِكَ أُعْطِيهَا.,"Kemudian, TUHAN berkata kepada Musa, “Berangkatlah, pergilah dari sini, kamu dan bangsa yang telah kaubawa dari tanah Mesir ke negeri yang telah Kusumpahkan kepada Abraham, Ishak, dan Yakub dengan berfirman, ‘Aku akan memberikannya kepada keturunanmu.’","ALLAH berfirman kepada Musa, “Pergilah, berjalanlah dari sini, engkau dan bangsa yang telah kautuntun keluar dari Tanah Mesir itu. Tujulah negeri yang telah Kujanjikan dengan bersumpah kepada Ibrahim, Ishak, dan Yakub dengan berfirman, ‘Kepada keturunanmu Aku akan mengaruniakannya.’",
Keluaran,33,2,Keluaran 33:2,وَأَنَا أُرْسِلُ أَمَامَكَ مَلَاكًا، وَأَطْرُدُ ٱلْكَنْعَانِيِّينَ وَٱلْأَمُورِيِّينَ وَٱلْحِثِّيِّينَ وَٱلْفِرِزِّيِّينَ وَٱلْحِوِّيِّينَ وَٱلْيَبُوسِيِّينَ.,"Aku akan mengutus malaikat berjalan di depanmu, dan Aku akan menghalau orang Kanaan, orang Amori, orang Het, orang Feris, orang Hewi, dan orang Yebus.","Aku akan mengutus Malaikat-Ku berjalan di depanmu dan Aku akan menghalau orang Kanaan, orang Amori, orang Het, orang Feris, orang Hewi, dan orang Yebus.",
Keluaran,33,3,Keluaran 33:3,إِلَى أَرْضٍ تَفِيضُ لَبَنًا وَعَسَلًا. فَإِنِّي لَا أَصْعَدُ فِي وَسَطِكَ لِأَنَّكَ شَعْبٌ صُلْبُ ٱلرَّقَبَةِ، لِئَلَّا أُفْنِيَكَ فِي ٱلطَّرِيقِ».,"Pergilah ke negeri yang berlimpah susu dan madu, tetapi Aku tidak akan ada di tengah-tengah kamu karena kamu adalah bangsa yang tegar tengkuk supaya Aku tidak menghabisi kamu di jalan.”",Pergilah ke negeri yang berlimpah susu dan madu itu. Aku sendiri tidak akan hadir menyertai kamu supaya jangan Aku menghabisi kamu di jalan karena kamu ini bangsa yang keras kepala.”,
Keluaran,33,4,Keluaran 33:4,فَلَمَّا سَمِعَ ٱلشَّعْبُ هَذَا ٱلْكَلَامَ ٱلسُّوءَ نَاحُوا وَلَمْ يَضَعْ أَحَدٌ زِينَتَهُ عَلَيْهِ.,"Ketika umat Israel mendengar perkataan yang mengerikan itu, mereka pun berkabung dan tidak ada seorang pun yang memakai perhiasannya.","Mendengar perkataan yang keras ini, berkabunglah bangsa itu. Tak seorang pun memakai perhiasannya.",
Keluaran,33,5,Keluaran 33:5,وَكَانَ ٱلرَّبُّ قَدْ قَالَ لِمُوسَى: «قُلْ لِبَنِي إِسْرَائِيلَ: أَنْتُمْ شَعْبٌ صُلْبُ ٱلرَّقَبَةِ. إِنْ صَعِدْتُ لَحْظَةً وَاحِدَةً فِي وَسَطِكُمْ أَفْنَيْتُكُمْ. وَلَكِنِ ٱلْآنَ ٱخْلَعْ زِينَتَكَ عَنْكَ فَأَعْلَمَ مَاذَا أَصْنَعُ بِكَ».,"Sebab, TUHAN berfirman kepada Musa, “Katakanlah kepada keturunan Israel, ‘Kamu adalah bangsa yang tegar tengkuk. Jika Aku pergi ke tengah-tengah kamu, Aku akan menghabisimu. Sekarang, tanggalkanlah perhiasan-perhiasanmu supaya Aku tahu yang harus Aku lakukan terhadapmu.’”","Firman ALLAH kepada Musa, “Katakanlah kepada bani Israil, ‘Kamu ini bangsa yang keras kepala. Jika Aku sendiri hadir menyertai kamu sesaat saja, tentu Aku akan menghabisi kamu. Sekarang, tanggalkanlah perhiasanmu, dan Aku akan mempertimbangkan apa yang akan Kulakukan terhadapmu.’”",
Keluaran,33,6,Keluaran 33:6,فَنَزَعَ بَنُو إِسْرَائِيلَ زِينَتَهُمْ مِنْ جَبَلِ حُورِيبَ.,"Sejak itu, di Gunung Horeb, bangsa Israel menanggalkan perhiasan-perhiasan mereka.","Maka, sejak dari Gunung Horeb itu bani Israil melepaskan perhiasan mereka.",
Keluaran,33,7,Keluaran 33:7,وَأَخَذَ مُوسَى ٱلْخَيْمَةَ وَنَصَبَهَا لَهُ خَارِجَ ٱلْمَحَلَّةِ، بَعِيدًا عَنِ ٱلْمَحَلَّةِ، وَدَعَاهَا «خَيْمَةَ ٱلِٱجْتِمَاعِ». فَكَانَ كُلُّ مَنْ يَطْلُبُ ٱلرَّبَّ يَخْرُجُ إِلَى خَيْمَةِ ٱلِٱجْتِمَاعِ ٱلَّتِي خَارِجَ ٱلْمَحَلَّةِ.,"Lalu, Musa mengambil sebuah tenda dan mendirikannya di luar perkemahan, jauh dari perkemahan, dan dia menyebutnya tenda pertemuan, dan setiap orang yang mencari TUHAN harus pergi ke tenda pertemuan yang berada di luar perkemahan itu.","Musa mengambil sebuah kemah seperti yang biasa dilakukannya, lalu memasangnya di luar perkemahan, jauh dari perkemahan. Dinamainya kemah itu Allah. Jadi, siapa pun yang hendak menanyakan petunjuk ALLAH, ia akan pergi ke Kemah Hadirat Allah, yang terletak di luar perkemahan itu.",
Keluaran,33,8,Keluaran 33:8,وَكَانَ جَمِيعُ ٱلشَّعْبِ إِذَا خَرَجَ مُوسَى إِلَى ٱلْخَيْمَةِ يَقُومُونَ وَيَقِفُونَ كُلُّ وَاحِدٍ فِي بَابِ خَيْمَتِهِ وَيَنْظُرُونَ وَرَاءَ مُوسَى حَتَّى يَدْخُلَ ٱلْخَيْمَةَ.,"Setiap kali Musa pergi ke tenda itu, semua orang akan bangkit, dan masing-masing akan berdiri di pintu tendanya, dan mengikuti Musa dengan pandangan mereka sampai dia masuk ke dalam tenda itu.","Apabila Musa pergi ke kemah itu, seluruh bangsa bangkit berdiri, masing-masing di pintu kemahnya. Pandangan mereka mengikuti Musa sampai ia masuk ke dalam kemah itu.",
Keluaran,33,9,Keluaran 33:9,وَكَانَ عَمُودُ ٱلسَّحَابِ إِذَا دَخَلَ مُوسَى ٱلْخَيْمَةَ، يَنْزِلُ وَيَقِفُ عِنْدَ بَابِ ٱلْخَيْمَةِ. وَيَتَكَلَّمُ ٱلرَّبُّ مَعَ مُوسَى.,"Kapan pun Musa masuk ke dalam tenda itu, tiang awan akan turun dan berdiri di pintu tenda itu, dan TUHAN akan berbicara dengan Musa.","Setelah Musa masuk ke dalam kemah itu, turunlah tiang awan, berdiri tegak di pintu kemah. Kemudian, Allah pun berfirman kepada Musa.",
Keluaran,33,10,Keluaran 33:10,فَيَرَى جَمِيعُ ٱلشَّعْبِ عَمُودَ ٱلسَّحَابِ، وَاقِفًا عِنْدَ بَابِ ٱلْخَيْمَةِ، وَيَقُومُ كُلُّ ٱلشَّعْبِ وَيَسْجُدُونَ كُلُّ وَاحِدٍ فِي بَابِ خَيْمَتِهِ.,"Ketika seluruh bangsa itu melihat tiang awan berdiri di pintu tenda itu, seluruh bangsa itu akan bangkit dan menyembah di pintu tendanya masing-masing.","Ketika seluruh bangsa melihat tiang awan berdiri di pintu kemah, mereka pun segera sujud menyembah, masing-masing di pintu kemahnya.",
Keluaran,33,11,Keluaran 33:11,وَيُكَلِّمُ ٱلرَّبُّ مُوسَى وَجْهًا لِوَجْهٍ، كَمَا يُكَلِّمُ ٱلرَّجُلُ صَاحِبَهُ. وَإِذَا رَجَعَ مُوسَى إِلَى ٱلْمَحَلَّةِ كَانَ خَادِمُهُ يَشُوعُ بْنُ نُونَ ٱلْغُلَامُ، لَا يَبْرَحُ مِنْ دَاخِلِ ٱلْخَيْمَةِ.,"Demikianlah biasanya TUHAN berbicara kepada Musa, muka dengan muka, sebagaimana orang berbicara dengan temannya. Ketika Musa kembali lagi ke perkemahan, pelayannya yang masih muda, yaitu Yosua, anak Nun, tidak beranjak dari tenda itu.","Dengan Musa, ALLAH bicara berhadapan muka, sama seperti manusia berbicara dengan sahabatnya. Setelah itu, kembalilah Musa ke perkemahan, tetapi pelayannya, Yusak bin Nun, seorang pemuda, tidak meninggalkan kemah itu.",
Keluaran,33,12,Keluaran 33:12,وَقَالَ مُوسَى لِلرَّبِّ: «ٱنْظُرْ. أَنْتَ قَائِلٌ لِي: أَصْعِدْ هَذَا ٱلشَّعْبَ، وَأَنْتَ لَمْ تُعَرِّفْنِي مَنْ تُرْسِلُ مَعِي. وَأَنْتَ قَدْ قُلْتَ: عَرَفْتُكَ بِٱسْمِكَ، وَوَجَدْتَ أَيْضًا نِعْمَةً فِي عَيْنَيَّ.,"Musa berkata kepada TUHAN, “Memang, Engkau mengatakan kepadaku untuk membawa umat ini, tetapi Engkau tidak mengatakan siapa yang akan Kauutus bersamaku. Bahkan, Engkau berkata kepadaku, ‘Aku sangat mengenalmu dengan namamu, dan kamu juga mendapat kemurahan hati di mata-Ku.’","Musa berkata kepada ALLAH, “Memang Engkau berfirman kepadaku, ‘Tuntunlah bangsa ini,’ tetapi Engkau tidak memberitahukan kepadaku siapa yang akan Kauutus menyertai aku. Namun, Engkau pun berfirman, ‘Aku mengenal namamu dan Aku berkenan kepadamu.’",
Keluaran,33,13,Keluaran 33:13,فَٱلْآنَ إِنْ كُنْتُ قَدْ وَجَدْتُ نِعْمَةً فِي عَيْنَيْكَ فَعَلِّمْنِي طَرِيقَكَ حَتَّى أَعْرِفَكَ لِكَيْ أَجِدَ نِعْمَةً فِي عَيْنَيْكَ. وَٱنْظُرْ أَنَّ هَذِهِ ٱلْأُمَّةَ شَعْبُكَ».,"Oleh sebab itu, aku mohon kepada-Mu, jika aku mendapat kemurahan hati di mata-Mu, mohon tunjukkan jalan-jalan-Mu kepadaku supaya aku dapat mengenal-Mu agar Aku mendapatkan kemurahan hati di mata-Mu. Pertimbangkanlah juga, bangsa ini adalah umat-Mu.”","Sekarang, jikalau memang Engkau berkenan kepadaku, nyatakanlah kiranya jalan-jalan-Mu kepadaku supaya aku dapat mengenal Engkau dan Engkau tetap berkenan kepadaku. Ingatlah bahwa bangsa ini umat-Mu.”",
Keluaran,33,14,Keluaran 33:14,فَقَالَ: «وَجْهِي يَسِيرُ فَأُرِيحُكَ».,"TUHAN menjawab, “Kehadiran-Ku akan menyertaimu dan Aku akan memberikan ketenteraman kepadamu.”","Firman-Nya, “Hadirat-Ku akan memimpin engkau dan Aku akan memberikan ketenteraman kepadamu.”",
Keluaran,33,15,Keluaran 33:15,فَقَالَ لَهُ: «إِنْ لَمْ يَسِرْ وَجْهُكَ فَلَا تُصْعِدْنَا مِنْ هَهُنَا،,"Musa pun berkata kepada-Nya, “Jika kehadiran-Mu tidak menyertai kami, jangan membawa kami dari sini.","Kata Musa kepada-Nya, “Jika hadirat-Mu tidak memimpin aku, jangan suruh kami pergi dari sini.",
Keluaran,33,16,Keluaran 33:16,فَإِنَّهُ بِمَاذَا يُعْلَمُ أَنِّي وَجَدْتُ نِعْمَةً فِي عَيْنَيْكَ أَنَا وَشَعْبُكَ؟ أَلَيْسَ بِمَسِيرِكَ مَعَنَا؟ فَنَمْتَازَ أَنَا وَشَعْبُكَ عَنْ جَمِيعِ ٱلشُّعُوبِ ٱلَّذِينَ عَلَى وَجْهِ ٱلْأَرْضِ».,"Sebab, bagaimana hal itu akan diketahui, bahwa aku telah mendapat kemurahan hati di mata-Mu, aku dan umat-Mu ini? Bukankah dengan penyertaan-Mu itu, kami, yaitu Aku dan umat-Mu, dapat dibedakan dari segala bangsa lain di permukaan bumi?”","Dari manakah orang akan tahu bahwa Engkau berkenan kepadaku, yaitu aku dan umat-Mu ini? Bukankah karena Engkau hadir menyertai kami, maka kami, yaitu aku dan umat-Mu ini, dibedakan dari semua bangsa yang ada di muka bumi?”",
Keluaran,33,17,Keluaran 33:17,فَقَالَ ٱلرَّبُّ لِمُوسَى: «هَذَا ٱلْأَمْرُ أَيْضًا ٱلَّذِي تَكَلَّمْتَ عَنْهُ أَفْعَلُهُ، لِأَنَّكَ وَجَدْتَ نِعْمَةً فِي عَيْنَيَّ، وَعَرَفْتُكَ بِٱسْمِكَ».,"TUHAN menjawab Musa, “Aku juga akan melakukan yang telah kamu minta sebab kamu mendapatkan kemurahan hati di mata-Ku dan Aku telah mengenalmu dengan namamu.”","Firman ALLAH kepada Musa, “Hal yang kaukatakan ini pun akan Kulakukan sebab Aku berkenan kepadamu dan Aku mengenal namamu.”",
Keluaran,33,18,Keluaran 33:18,فَقَالَ: «أَرِنِي مَجْدَكَ».,"Lalu, Musa berkata, “Aku mohon kepada-Mu, tunjukkanlah kemuliaan-Mu.”","Kata Musa, “Tunjukkanlah kiranya padaku kemuliaan-Mu.”",
Keluaran,33,19,Keluaran 33:19,فَقَالَ: «أُجِيزُ كُلَّ جُودَتِي قُدَّامَكَ. وَأُنَادِي بِٱسْمِ ٱلرَّبِّ قُدَّامَكَ. وَأَتَرَاءَفُ عَلَى مَنْ أَتَرَاءَفُ، وَأَرْحَمُ مَنْ أَرْحَمُ».,"Dia menjawab, “Aku akan membuat seluruh kebaikan-Ku lewat di depanmu dan akan menyerukan nama TUHAN di hadapanmu, dan Aku akan berbelas kasihan terhadap orang-orang yang kepadanya Aku akan berbelas kasihan, dan Aku akan menyatakan kasih kepada siapa pun yang kepadanya Aku akan mengasihinya.”","Firman-Nya, “Aku akan melewatkan segala kegemilangan-Ku di depanmu dan akan menyerukan nama ALLAH di depanmu. Aku akan mengasihani siapa yang Kukasihani dan Aku akan menyayangi siapa yang Kusayangi.”",
Keluaran,33,20,Keluaran 33:20,وَقَالَ: «لَا تَقْدِرُ أَنْ تَرَى وَجْهِي، لِأَنَّ ٱلْإِنْسَانَ لَا يَرَانِي وَيَعِيشُ».,"“Namun,” Dia berkata, “kamu tidak dapat melihat wajah-Ku karena tidak seorang pun dapat melihat-Ku dan hidup.”","Firman-Nya lagi, “Engkau tidak dapat memandang muka-Ku karena tidak ada manusia yang memandang Aku dapat hidup.”",
Keluaran,33,21,Keluaran 33:21,وَقَالَ ٱلرَّبُّ: «هُوَذَا عِنْدِي مَكَانٌ، فَتَقِفُ عَلَى ٱلصَّخْرَةِ.,"Kemudian, TUHAN berfirman, “Lihat, ada satu tempat di dekat-Ku, dan kamu harus berdiri di sana, di atas gunung batu.","Firman ALLAH, “Ada suatu tempat di dekat-Ku. Engkau dapat berdiri di tempat itu, di atas gunung batu.",
Keluaran,33,22,Keluaran 33:22,وَيَكُونُ مَتَى ٱجْتَازَ مَجْدِي، أَنِّي أَضَعُكَ فِي نُقْرَةٍ مِنَ ٱلصَّخْرَةِ، وَأَسْتُرُكَ بِيَدِي حَتَّى أَجْتَازَ.,"Ketika kemuliaan-Ku lewat, Aku akan menempatkanmu di celah di gunung batu itu dan akan menudungimu dengan tangan-Ku sampai Aku berlalu.","Nanti, apabila kemuliaan-Ku lewat, Aku akan menaruh engkau di celah gunung batu itu dan Aku akan menudungi engkau dengan tangan-Ku sampai Aku melintas.",
Keluaran,33,23,Keluaran 33:23,ثُمَّ أَرْفَعُ يَدِي فَتَنْظُرُ وَرَائِي، وَأَمَّا وَجْهِي فَلَا يُرَى».,"Kemudian, Aku akan menarik tangan-Ku, dan kamu akan melihat punggung-Ku. Namun, wajahku tidak dapat dilihat.”","Kemudian, Aku akan menarik tangan-Ku dan engkau akan melihat belakang-Ku, tetapi muka-Ku tidak akan terlihat.”",
Keluaran,34,1,Keluaran 34:1,ثُمَّ قَالَ ٱلرَّبُّ لِمُوسَى: «ٱنْحَتْ لَكَ لَوْحَيْنِ مِنْ حَجَرٍ مِثْلَ ٱلْأَوَّلَيْنِ، فَأَكْتُبَ أَنَا عَلَى ٱللَّوْحَيْنِ ٱلْكَلِمَاتِ ٱلَّتِي كَانَتْ عَلَى ٱللَّوْحَيْنِ ٱلْأَوَّلَيْنِ ٱللَّذَيْنِ كَسَرْتَهُمَا.,"Kemudian, TUHAN berkata kepada Musa, “Pahatlah dua loh batu seperti yang sebelumnya, dan Aku akan menulisi loh-loh batu itu dengan kata-kata yang terdapat pada loh-loh batu sebelumnya, yang telah kamu pecahkan.","ALLAH berfirman kepada Musa, “Pahatlah dua keping loh batu seperti yang terdahulu. Aku akan menuliskan pada loh-loh itu firman yang ada pada loh-loh terdahulu, yang telah kaupecahkan.",
Keluaran,34,2,Keluaran 34:2,وَكُنْ مُسْتَعِدًّا لِلصَّبَاحِ. وَٱصْعَدْ فِي ٱلصَّبَاحِ إِلَى جَبَلِ سِينَاءَ، وَقِفْ عِنْدِي هُنَاكَ عَلَى رَأْسِ ٱلْجَبَلِ.,"Bersiap-siaplah pada pagi hari dan naiklah ke Gunung Sinai pada pagi itu, lalu berdirilah kamu di puncak gunung itu.","Bersiaplah menjelang pagi hari dan naiklah pagi-pagi ke Gunung Sinai. Berdirilah menghadap Aku di sana, di puncak gunung itu.",
Keluaran,34,3,Keluaran 34:3,وَلَا يَصْعَدْ أَحَدٌ مَعَكَ، وَأَيْضًا لَا يُرَ أَحَدٌ فِي كُلِّ ٱلْجَبَلِ. ٱلْغَنَمُ أَيْضًا وَٱلْبَقَرُ لَا تَرْعَ إِلَى جِهَةِ ذَلِكَ ٱلْجَبَلِ».,"Tidak boleh ada orang yang naik bersamamu, dan tidak ada orang yang boleh terlihat di seluruh gunung itu, dan jangan biarkan kawanan domba atau kawanan sapi memakan rumput di depan gunung itu.”","Tak seorang pun boleh naik denganmu dan tak seorang pun boleh kelihatan di seluruh gunung itu, bahkan kawanan kambing domba dan kawanan sapi pun tidak boleh merumput di kaki gunung itu.”",
Keluaran,34,4,Keluaran 34:4,فَنَحَتَ لَوْحَيْنِ مِنْ حَجَرٍ كَٱلْأَوَّلَيْنِ. وَبَكَّرَ مُوسَى فِي ٱلصَّبَاحِ وَصَعِدَ إِلَى جَبَلِ سِينَاءَ كَمَا أَمَرَهُ ٱلرَّبُّ، وَأَخَذَ فِي يَدِهِ لَوْحَيِ ٱلْحَجَرِ.,"Lalu, Musa memahat dua loh batu seperti yang sebelumnya dan Musa bangun pagi-pagi sekali untuk naik ke Gunung Sinai, seperti yang telah diperintahkan TUHAN kepadanya, dan dia membawa dua loh batu itu di tangannya.","Lalu, Musa memahat dua keping loh batu seperti yang terdahulu. Ia bangun pagi-pagi dan naik ke Gunung Sinai, seperti yang diperintahkan ALLAH kepadanya, sambil membawa kedua loh batu itu di tangannya.",
Keluaran,34,5,Keluaran 34:5,فَنَزَلَ ٱلرَّبُّ فِي ٱلسَّحَابِ، فَوَقَفَ عِنْدَهُ هُنَاكَ وَنَادَى بِٱسْمِ ٱلرَّبِّ.,"Kemudian, TUHAN turun di awan dan berdiri dengan Musa di sana, dan menyerukan nama TUHAN.","ALLAH pun datang dalam awan, lalu hadir di sana di dekatnya, dan menyerukan nama ALLAH.",
Keluaran,34,6,Keluaran 34:6,فَٱجْتَازَ ٱلرَّبُّ قُدَّامَهُ، وَنَادَى ٱلرَّبُّ: «ٱلرَّبُّ إِلَهٌ رَحِيمٌ وَرَؤُوفٌ، بَطِيءُ ٱلْغَضَبِ وَكَثِيرُ ٱلْإِحْسَانِ وَٱلْوَفَاءِ.,"TUHAN lewat di depannya dan berseru, “TUHAN, TUHAN Allah, yang penuh kasih dan murah hati, yang lambat marah dan berlimpah dalam kebaikan dan kebenaran,","ALLAH melintas di depannya dan berseru, “ALLAH, ALLAH, Tuhan Yang Maha Penyayang dan Maha Pengasih, panjang sabar, serta berlimpah rahmat-Nya dan kesetiaan-Nya;",
Keluaran,34,7,Keluaran 34:7,حَافِظُ ٱلْإِحْسَانِ إِلَى أُلُوفٍ. غَافِرُ ٱلْإِثْمِ وَٱلْمَعْصِيَةِ وَٱلْخَطِيَّةِ. وَلَكِنَّهُ لَنْ يُبْرِئَ إِبْرَاءً. مُفْتَقِدٌ إِثْمَ ٱلْآبَاءِ فِي ٱلْأَبْنَاءِ، وَفِي أَبْنَاءِ ٱلْأَبْنَاءِ، فِي ٱلْجِيلِ ٱلثَّالِثِ وَٱلرَّابِعِ».,"yang memelihara kebaikan untuk beribu-ribu orang, mengampuni kesalahan, pelanggaran, dan dosa, yang sama sekali tidak membiarkan yang bersalah tidak dihukum, melainkan membalaskan kesalahan ayah atas anak-anaknya, atas cucu-cucunya, kepada keturunan yang ketiga dan yang keempat.”","Tuhan yang mempertahankan kasih abadi bagi beribu-ribu orang, yang mengampuni kesalahan, pelanggaran, dan dosa, tetapi sekali-kali tidak membebaskan orang yang bersalah dari hukuman, melainkan yang membalaskan kesalahan ayah kepada anak-anaknya dan cucunya, kepada keturunan yang ketiga dan yang keempat.”",
Keluaran,34,8,Keluaran 34:8,فَأَسْرَعَ مُوسَى وَخَرَّ إِلَى ٱلْأَرْضِ وَسَجَدَ.,Musa segera menundukkan kepalanya sampai ke tanah dan menyembah.,Dengan segera Musa membungkuk sampai ke tanah dan sujud menyembah.,
Keluaran,34,9,Keluaran 34:9,وَقَالَ: «إِنْ وَجَدْتُ نِعْمَةً فِي عَيْنَيْكَ أَيُّهَا ٱلسَّيِّدُ فَلْيَسِرِ ٱلسَّيِّدُ فِي وَسَطِنَا، فَإِنَّهُ شَعْبٌ صُلْبُ ٱلرَّقَبَةِ. وَٱغْفِرْ إِثْمَنَا وَخَطِيَّتَنَا وَٱتَّخِذْنَا مُلْكًا».,"Dia berkata, “Jika saat ini aku telah mendapat kemurahan di mata-Mu, oh TUHAN, aku mohon, biarlah TUHAN berjalan di tengah-tengah kami meskipun bangsa ini sangat tegar tengkuk, dan ampunilah kesalahan kami dan dosa kami, dan ambillah kami menjadi milik pusaka-Mu.”","Ia berkata, “Ya Tuhan, jika sekarang Engkau berkenan kepadaku, maka hadirlah kiranya Tuhan menyertai kami. Memang bangsa ini adalah bangsa yang keras kepala. Sekalipun demikian, ampunilah kesalahan dan dosa kami, serta terimalah kami menjadi milik-Mu.”",
Keluaran,34,10,Keluaran 34:10,فَقَالَ: «هَا أَنَا قَاطِعٌ عَهْدًا. قُدَّامَ جَمِيعِ شَعْبِكَ أَفْعَلُ عَجَائِبَ لَمْ تُخْلَقْ فِي كُلِّ ٱلْأَرْضِ وَفِي جَمِيعِ ٱلْأُمَمِ، فَيَرَى جَمِيعُ ٱلشَّعْبِ ٱلَّذِي أَنْتَ فِي وَسَطِهِ فِعْلَ ٱلرَّبِّ. إِنَّ ٱلَّذِي أَنَا فَاعِلُهُ مَعَكَ رَهِيبٌ.,"Kemudian, Dia berfirman, “Lihat, Aku akan mengadakan suatu perjanjian: di hadapan seluruh bangsamu ini, Aku akan melakukan keajaiban-keajaiban yang belum pernah dilakukan di seluruh bumi dan di antara bangsa-bangsa. Semua bangsa, yang di tengah-tengah mereka kamu tinggal, akan melihat perbuatan TUHAN karena yang akan Aku lakukan adalah sesuatu yang mengerikan.","Firman-Nya, “Ketahuilah, Aku mengikat suatu perjanjian. Di hadapan seluruh bangsamu ini Aku akan melakukan perbuatan-perbuatan ajaib yang belum pernah terjadi di seluruh bumi di antara bangsa mana pun. Seluruh bangsa, yang di tengah-tengahnya engkau tinggal, akan menyaksikan pekerjaan ALLAH karena dahsyatlah apa yang akan Kulakukan denganmu.",
Keluaran,34,11,Keluaran 34:11,«اِحْفَظْ مَا أَنَا مُوصِيكَ ٱلْيَوْمَ. هَا أَنَا طَارِدٌ مِنْ قُدَّامِكَ ٱلْأَمُورِيِّينَ وَٱلْكَنْعَانِيِّينَ وَٱلْحِثِّيِّينَ وَٱلْفِرِزِّيِّينَ وَٱلْحِوِّيِّينَ وَٱلْيَبُوسِيِّينَ.,"Taatilah apa yang Kuperintahkan kepadamu pada hari ini. Lihatlah, Aku akan mengusir orang Amori, orang Kanaan, orang Het, orang Feris, orang Hewi, dan orang Yebus dari hadapanmu.","Peganglah teguh apa yang Kuperintahkan kepadamu pada hari ini. Sesungguhnya, Aku akan menghalau dari hadapanmu orang Amori, orang Kanaan, orang Het, orang Feris, orang Hewi, dan orang Yebus.",
Keluaran,34,12,Keluaran 34:12,اِحْتَرِزْ مِنْ أَنْ تَقْطَعَ عَهْدًا مَعَ سُكَّانِ ٱلْأَرْضِ ٱلَّتِي أَنْتَ آتٍ إِلَيْهَا لِئَلَّا يَصِيرُوا فَخًّا فِي وَسَطِكَ،,"Jagalah dirimu, jangan sampai kamu mengadakan perjanjian dengan penduduk negeri yang kamu datangi, atau hal itu akan menjadi perangkap di antara kamu.","Berhati-hatilah, jangan mengikat perjanjian dengan penduduk negeri yang kaudatangi itu supaya jangan mereka menjadi jerat di antaramu.",
Keluaran,34,13,Keluaran 34:13,بَلْ تَهْدِمُونَ مَذَابِحَهُمْ، وَتُكَسِّرُونَ أَنْصَابَهُمْ، وَتَقْطَعُونَ سَوَارِيَهُمْ.,"Kamu harus merobohkan mazbah-mazbah mereka, menghancurkan tiang-tiang berhala mereka, dan menebang patung-patung Dewi Asyera mereka.","Sebaliknya, rubuhkanlah mazbah-mazbah atau tempat-tempat pembakaran kurban mereka, hancurkanlah tiang-tiang berhala mereka, dan tebanglah patung-patung Dewi Asyera mereka.",
Keluaran,34,14,Keluaran 34:14,فَإِنَّكَ لَا تَسْجُدُ لِإِلَهٍ آخَرَ، لِأَنَّ ٱلرَّبَّ ٱسْمُهُ غَيُورٌ. إِلَهٌ غَيُورٌ هُوَ.,"Kamu tidak boleh menyembah ilah lain sebab TUHAN, yang namanya Cemburu, adalah Allah yang cemburu.","Engkau tidak boleh sujud menyembah ilah lain karena ALLAH, yang nama-Nya Penuntut Kesetiaan, adalah Tuhan yang tidak mau diduakan.",
Keluaran,34,15,Keluaran 34:15,اِحْتَرِزْ مِنْ أَنْ تَقْطَعَ عَهْدًا مَعَ سُكَّانِ ٱلْأَرْضِ، فَيَزْنُونَ وَرَاءَ آلِهَتِهِمْ وَيَذْبَحُونَ لِآلِهَتِهِمْ، فَتُدْعَى وَتَأْكُلُ مِنْ ذَبِيحَتِهِمْ،,"Jangan sampai kamu mengadakan perjanjian dengan penduduk negeri itu, sebab ketika mereka melacurkan diri di depan ilahnya dan berkurban untuk ilah mereka, mereka akan mengundangmu dan kamu pun akan makan dari kurban mereka.","Jangan mengikat perjanjian dengan penduduk negeri itu karena ketika mereka berbuat kafir dengan mengikuti berhala-berhala mereka dan mempersembahkan kurban kepada berhala-berhala mereka, mereka akan mengundang engkau dan engkau akan ikut memakan kurban sembelihan mereka.",
Keluaran,34,16,Keluaran 34:16,وَتَأْخُذُ مِنْ بَنَاتِهِمْ لِبَنِيكَ، فَتَزْنِي بَنَاتُهُمْ وَرَاءَ آلِهَتِهِنَّ، وَيَجْعَلْنَ بَنِيكَ يَزْنُونَ وَرَاءَ آلِهَتِهِنَّ.,"Kemudian, kamu akan mengambil anak-anak perempuan mereka untuk anak-anak laki-lakimu, dan anak perempuan mereka akan melacurkan diri mereka dengan ilah-ilahnya sehingga membuat anak laki-lakimu juga melacurkan diri dengan ilah-ilah mereka.","Apabila engkau mengambil anak-anak perempuan mereka menjadi istri anak-anakmu, dan anak-anak perempuan itu berbuat kafir dengan mengikuti berhala-berhala mereka, maka mereka akan membuat anak-anak lelakimu berbuat kafir dengan mengikuti berhala-berhala mereka.",
Keluaran,34,17,Keluaran 34:17,«لَا تَصْنَعْ لِنَفْسِكَ آلِهَةً مَسْبُوكَةً.,Kamu tidak boleh membuat ilah-ilah tuangan untuk dirimu.,Jangan membuat bagi dirimu berhala tuangan.,
Keluaran,34,18,Keluaran 34:18,تَحْفَظُ عِيدَ ٱلْفَطِيرِ. سَبْعَةَ أَيَّامٍ تَأْكُلُ فَطِيرًا كَمَا أَمَرْتُكَ فِي وَقْتِ شَهْرِ أَبِيبَ، لِأَنَّكَ فِي شَهْرِ أَبِيبَ خَرَجْتَ مِنْ مِصْرَ.,"Kamu harus memelihara perayaan Roti Tidak Beragi. Selama tujuh hari kamu harus makan roti yang tidak beragi seperti yang telah Kuperintahkan kepadamu pada waktu yang telah ditetapkan, yaitu pada bulan Abib, sebab pada bulan Abib itulah kamu keluar dari Mesir.","Tetaplah rayakan Hari Raya Roti Tak Beragi. Seperti yang telah Kuperintahkan kepadamu, tujuh hari lamanya engkau harus makan roti yang tak beragi pada waktu yang ditetapkan dalam bulan Abib karena dalam bulan Abib itulah engkau keluar dari Mesir.",
Keluaran,34,19,Keluaran 34:19,لِي كُلُّ فَاتِحِ رَحِمٍ، وَكُلُّ مَا يُولَدُ ذَكَرًا مِنْ مَوَاشِيكَ بِكْرًا مِنْ ثَوْرٍ وَشَاةٍ.,"Setiap anak yang pertama kali membuka kandungan adalah milik-Ku, begitu pula dengan semua yang jantan dari ternakmu, yang pertama lahir dari sapi atau dombamu.","Milik-Kulah semua yang pertama lahir dari rahim, begitu pula semua ternakmu yang jantan, yang pertama lahir dari sapi atau domba.",
Keluaran,34,20,Keluaran 34:20,وَأَمَّا بِكْرُ ٱلْحِمَارِ فَتَفْدِيهِ بِشَاةٍ، وَإِنْ لَمْ تَفْدِهِ تَكْسِرُ عُنُقَهُ. كُلُّ بِكْرٍ مِنْ بَنِيكَ تَفْدِيهِ، وَلَا يَظْهَرُوا أَمَامِي فَارِغِينَ.,"Keledai yang pertama lahir harus kamu tebus dengan seekor domba, tetapi jika kamu tidak menebusnya, kamu harus mematahkan lehernya. Kamu harus menebus setiap anak laki-laki sulungmu. Tidak boleh ada seorang pun yang tampak di hadapan-Ku dengan tangan kosong.","Anak keledai yang pertama lahir harus kautebus dengan seekor anak domba. Jika tidak kautebus, engkau harus mematahkan lehernya. Semua anak laki-lakimu yang sulung harus kautebus. Jangan seorang pun menghadap hadirat-Ku dengan tangan hampa.",
Keluaran,34,21,Keluaran 34:21,سِتَّةَ أَيَّامٍ تَعْمَلُ، وَأَمَّا ٱلْيَوْمُ ٱلسَّابِعُ فَتَسْتَرِيحُ فِيهِ. فِي ٱلْفَلَاحَةِ وَفِي ٱلْحَصَادِ تَسْتَرِيحُ.,"Kamu harus bekerja selama enam hari, tetapi pada hari ketujuh kamu harus beristirahat, sekalipun itu pada musim membajak atau musim panen, kamu harus beristirahat.","Enam hari lamanya engkau harus bekerja, tetapi pada hari ketujuh engkau harus berhenti. Pada musim membajak dan pada musim menuai pun engkau harus berhenti.",
Keluaran,34,22,Keluaran 34:22,وَتَصْنَعُ لِنَفْسِكَ عِيدَ ٱلْأَسَابِيعِ أَبْكَارِ حِصَادِ ٱلْحِنْطَةِ. وَعِيدَ ٱلْجَمْعِ فِي آخِرِ ٱلسَّنَةِ.,"Kamu harus merayakan hari raya Tujuh Minggu dengan hasil pertama dari panen gandum, dan juga perayaan Pengumpulan pada pergantian tahun.","Rayakanlah Hari Raya Tujuh Pekan, yaitu Hari Raya Panen Pertama dari penuaian gandum, begitu juga Hari Raya Kumpul Hasil pada pergantian tahun.",
Keluaran,34,23,Keluaran 34:23,ثَلَاثَ مَرَّاتٍ فِي ٱلسَّنَةِ يَظْهَرُ جَمِيعُ ذُكُورِكَ أَمَامَ ٱلسَّيِّدِ ٱلرَّبِّ إِلَهِ إِسْرَائِيلَ.,"Tiga kali setahun, semua laki-laki harus datang ke hadapan TUHAN Allah, Allah Israel.","Tiga kali setahun semua laki-laki di antaramu harus menghadap ke hadirat ALLAH Taala, Tuhan yang disembah bani Israil.",
Keluaran,34,24,Keluaran 34:24,فَإِنِّي أَطْرُدُ ٱلْأُمَمَ مِنْ قُدَّامِكَ وَأُوَسِّعُ تُخُومَكَ، وَلَا يَشْتَهِي أَحَدٌ أَرْضَكَ حِينَ تَصْعَدُ لِتَظْهَرَ أَمَامَ ٱلرَّبِّ إِلَهِكَ ثَلَاثَ مَرَّاتٍ فِي ٱلسَّنَةِ.,"Sebab, Aku akan mengusir bangsa-bangsa di hadapanmu dan memperluas wilayahmu, dan tidak seorang pun akan mengingini tanahmu ketika kamu pergi untuk menghadap ke hadapan TUHAN, Allahmu, tiga kali setahun.","Aku akan menghalau bangsa-bangsa dari hadapanmu dan meluaskan daerahmu. Tak seorang pun akan merebut negerimu ketika engkau pergi menghadap ke hadirat ALLAH, Tuhanmu, tiga kali setahun.",
Keluaran,34,25,Keluaran 34:25,لَا تَذْبَحْ عَلَى خَمِيرٍ دَمَ ذَبِيحَتِي، وَلَا تَبِتْ إِلَى ٱلْغَدِ ذَبِيحَةُ عِيدِ ٱلْفِصْحِ.,"Kamu tidak boleh mempersembahkan darah kurban sembelihan dengan roti yang beragi, dan kurban dari perayaan Pesakh tidak boleh tersisa sampai pagi.",Jangan persembahkan darah dari kurban sembelihan yang diperuntukkan bagi Hari Raya-Ku dengan sesuatu yang beragi. Kurban sembelihan Hari Raya Paskah tidak boleh tersisa sampai pagi.,
Keluaran,34,26,Keluaran 34:26,أَوَّلُ أَبْكَارِ أَرْضِكَ تُحْضِرُهُ إِلَى بَيْتِ ٱلرَّبِّ إِلَهِكَ. لَا تَطْبُخْ جَدْيًا بِلَبَنِ أُمِّهِ».,"Bawalah hasil panen pertama yang terbaik dari tanahmu ke bait TUHAN, Allahmu. Kamu tidak boleh merebus anak kambing dalam susu induknya.”","Bawalah yang terbaik dari hasil pertama tanahmu ke dalam Bait ALLAH, Tuhanmu. Jangan rebus anak kambing dalam air susu induknya.”",
Keluaran,34,27,Keluaran 34:27,وَقَالَ ٱلرَّبُّ لِمُوسَى: «ٱكْتُبْ لِنَفْسِكَ هَذِهِ ٱلْكَلِمَاتِ، لِأَنَّنِي بِحَسَبِ هَذِهِ ٱلْكَلِمَاتِ قَطَعْتُ عَهْدًا مَعَكَ وَمَعَ إِسْرَائِيلَ».,"Kemudian, TUHAN berfirman kepada Musa, “Tulislah segala perkataan ini, sebab berdasarkan perkataan inilah, Aku telah mengadakan perjanjian denganmu dan dengan Israel.”","Firman ALLAH kepada Musa, “Tuliskanlah firman ini karena berdasarkan firman inilah Aku telah mengikat perjanjian dengan engkau dan dengan Israil.”",
Keluaran,34,28,Keluaran 34:28,وَكَانَ هُنَاكَ عِنْدَ ٱلرَّبِّ أَرْبَعِينَ نَهَارًا وَأَرْبَعِينَ لَيْلَةً، لَمْ يَأْكُلْ خُبْزًا وَلَمْ يَشْرَبْ مَاءً. فَكَتَبَ عَلَى ٱللَّوْحَيْنِ كَلِمَاتِ ٱلْعَهْدِ، ٱلْكَلِمَاتِ ٱلْعَشَرَ.,"Dia berada di sana bersama TUHAN selama 40 hari dan 40 malam. Dia tidak makan roti atau minum air. Dia menulisi loh-loh batu itu dengan kata-kata perjanjian, yaitu Sepuluh Perintah.","Empat puluh hari empat puluh malam lamanya Musa di sana beserta ALLAH, dan selama itu ia tidak makan roti dan tidak minum air. Allah menuliskan di atas loh-loh itu firman perjanjian, yaitu Kesepuluh Firman.",
Keluaran,34,29,Keluaran 34:29,وَكَانَ لَمَّا نَزَلَ مُوسَى مِنْ جَبَلِ سِينَاءَ وَلَوْحَا ٱلشَّهَادَةِ فِي يَدِ مُوسَى، عِنْدَ نُزُولِهِ مِنَ ٱلْجَبَلِ، أَنَّ مُوسَى لَمْ يَعْلَمْ أَنَّ جِلْدَ وَجْهِهِ صَارَ يَلْمَعُ فِي كَلَامِهِ مَعَهُ.,"Ketika Musa turun dari Gunung Sinai dengan dua loh batu kesaksian di tangannya, dia tidak menyadari bahwa kulit wajahnya bercahaya karena dia telah berbicara dengan TUHAN.","Pada waktu Musa turun dari Gunung Sinai sambil membawa kedua loh hukum Allah di tangannya, Musa tidak tahu bahwa kulit mukanya bercahaya karena ia telah berbicara dengan Allah.",
Keluaran,34,30,Keluaran 34:30,فَنَظَرَ هَارُونُ وَجَمِيعُ بَنِي إِسْرَائِيلَ مُوسَى وَإِذَا جِلْدُ وَجْهِهِ يَلْمَعُ، فَخَافُوا أَنْ يَقْتَرِبُوا إِلَيْهِ.,"Harun dan seluruh orang Israel melihat Musa, dan lihatlah, kulit wajahnya bercahaya sehingga mereka takut untuk mendekatinya.","Ketika Harun dan bani Israil melihat Musa, tampak kulit mukanya bercahaya sehingga mereka takut mendekati dia.",
Keluaran,34,31,Keluaran 34:31,فَدَعَاهُمْ مُوسَى. فَرَجَعَ إِلَيْهِ هَارُونُ وَجَمِيعُ ٱلرُّؤَسَاءِ فِي ٱلْجَمَاعَةِ، فَكَلَّمَهُمْ مُوسَى.,"Namun, Musa memanggil mereka. Kemudian, Harun dan seluruh pemimpin umat itu kembali kepadanya, dan Musa berbicara kepada mereka.","Tetapi, Musa memanggil mereka, lalu Harun dan semua pemimpin di antara jemaah itu kembali kepadanya, dan Musa berbicara dengan mereka.",
Keluaran,34,32,Keluaran 34:32,وَبَعْدَ ذَلِكَ ٱقْتَرَبَ جَمِيعُ بَنِي إِسْرَائِيلَ، فَأَوْصَاهُمْ بِكُلِّ مَا تَكَلَّمَ بِهِ ٱلرَّبُّ مَعَهُ فِي جَبَلِ سِينَاءَ.,"Sesudah itu, seluruh keturunan Israel mendekatinya, dan kepada mereka, dia memberikan semua perintah yang telah TUHAN berikan kepadanya di Gunung Sinai.","Sesudah itu, seluruh bani Israil mendekatinya, lalu Musa mengamanatkan kepada mereka semua yang difirmankan ALLAH kepadanya di atas Gunung Sinai.",
Keluaran,34,33,Keluaran 34:33,وَلَمَّا فَرَغَ مُوسَى مِنَ ٱلْكَلَامِ مَعَهُمْ، جَعَلَ عَلَى وَجْهِهِ بُرْقُعًا.,"Setelah Musa selesai berbicara kepada mereka, Musa menudungi wajahnya dengan kerudung.","Setelah Musa selesai berbicara dengan mereka, ia menyelubungi mukanya.",
Keluaran,34,34,Keluaran 34:34,وَكَانَ مُوسَى عِنْدَ دُخُولِهِ أَمَامَ ٱلرَّبِّ لِيَتَكَلَّمَ مَعَهُ يَنْزِعُ ٱلْبُرْقُعَ حَتَّى يَخْرُجَ، ثُمَّ يَخْرُجُ وَيُكَلِّمُ بَنِي إِسْرَائِيلَ بِمَا يُوصَى.,"Setiap kali Musa pergi ke hadapan TUHAN untuk berbicara dengan-Nya, dia membuka kerudungnya sampai dia keluar. Ketika keluar dan berbicara kepada keturunan Israel tentang apa yang telah diperintahkan kepadanya,","Tetapi, ketika Musa masuk menghadap ALLAH untuk berbicara dengan-Nya, ditanggalkannyalah selubung itu sampai ia keluar lagi. Setelah keluar, ia mengatakan kepada bani Israil apa yang diperintahkan Allah kepadanya,",
Keluaran,34,35,Keluaran 34:35,فَإِذَا رَأَى بَنُو إِسْرَائِيلَ وَجْهَ مُوسَى أَنَّ جِلْدَهُ يَلْمَعُ كَانَ مُوسَى يَرُدُّ ٱلْبُرْقُعَ عَلَى وَجْهِهِ حَتَّى يَدْخُلَ لِيَتَكَلَّمَ مَعَهُ.,"keturunan Israel dapat melihat wajah Musa, bahwa kulit wajah Musa itu bercahaya. Lalu, Musa akan menudungi wajahnya kembali sampai dia pergi lagi untuk berbicara dengan TUHAN.","dan bani Israil melihat kulit muka Musa yang bercahaya. Kemudian, Musa pun menyelubungi kembali mukanya sampai ia masuk lagi untuk berbicara dengan ALLAH.",
Keluaran,35,1,Keluaran 35:1,وَجَمَعَ مُوسَى كُلَّ جَمَاعَةِ بَنِي إِسْرَائِيلَ وَقَالَ لَهُمْ: «هَذِهِ هِيَ ٱلْكَلِمَاتُ ٱلَّتِي أَمَرَ ٱلرَّبُّ أَنْ تُصْنَعَ:,"Musa mengumpulkan seluruh jemaat keturunan Israel dan berkata kepada mereka, “Inilah firman yang telah TUHAN perintahkan untuk kamu lakukan:","Musa mengumpulkan seluruh jemaah bani Israil dan berkata kepada mereka, “Inilah hal-hal yang diperintahkan ALLAH agar dilakukan.",
Keluaran,35,2,Keluaran 35:2,سِتَّةَ أَيَّامٍ يُعْمَلُ عَمَلٌ، وَأَمَّا ٱلْيَوْمُ ٱلْسَّابِعُ فَفِيهِ يَكُونُ لَكُمْ سَبْتُ عُطْلَةٍ مُقَدَّسٌ لِلرَّبِّ. كُلُّ مَنْ يَعْمَلُ فِيهِ عَمَلًا يُقْتَلُ.,"Enam hari lamanya pekerjaan harus dilakukan, tetapi hari yang ketujuh harus menjadi hari yang kudus, yaitu Sabat peristirahatan bagi TUHAN. Siapa pun yang melakukan pekerjaan pada saat itu harus dihukum mati.","Enam hari lamanya pekerjaan harus dilakukan, tetapi hari ketujuh adalah hari yang suci bagimu, yaitu hari Sabat, hari istirahat penuh yang dikhususkan bagi ALLAH. Siapa pun yang melakukan pekerjaan pada hari itu harus dihukum mati.",
Keluaran,35,3,Keluaran 35:3,لَا تُشْعِلُوا نَارًا فِي جَمِيعِ مَسَاكِنِكُمْ يَوْمَ ٱلسَّبْتِ».,Kamu tidak boleh menyalakan api di seluruh kediamanmu pada hari Sabat.”,Jangan nyalakan api di seluruh tempat tinggalmu pada hari Sabat.”,
Keluaran,35,4,Keluaran 35:4,وَكَلَّمَ مُوسَى كُلَّ جَمَاعَةِ بَنِي إِسْرَائِيلَ قَائِلًا: «هَذَا هُوَ ٱلشَّيْءُ ٱلَّذِي أَمَرَ بِهِ ٱلرَّبُّ قَائِلًا:,"Musa berkata kepada seluruh jemaat keturunan Israel, katanya, “Inilah yang telah TUHAN perintahkan, firman-Nya:","Musa berkata kepada seluruh jemaah bani Israil, “Inilah hal yang diperintahkan ALLAH,",
Keluaran,35,5,Keluaran 35:5,خُذُوا مِنْ عِنْدِكُمْ تَقْدِمَةً لِلرَّبِّ. كُلُّ مَنْ قَلْبُهُ سَمُوحٌ فَلْيَأْتِ بِتَقْدِمَةِ ٱلرَّبِّ: ذَهَبًا وَفِضَّةً وَنُحَاسًا،,"‘Ambillah persembahan bagi TUHAN dari antara kamu. Siapa pun yang tergerak hatinya, biarlah dia membawa ini sebagai persembahan bagi TUHAN: emas, perak, dan perunggu;","‘Wakafkanlah persembahan khusus dari barang kepunyaanmu kepada ALLAH. Setiap orang yang ikhlas hatinya harus membawa persembahan khusus kepada ALLAH berupa emas, perak, tembaga,",
Keluaran,35,6,Keluaran 35:6,وَأَسْمَانْجُونِيًّا وَأُرْجُوَانًا وَقِرْمِزًا وَبُوصًا وَشَعْرَ مِعْزًى،,"kain biru, kain ungu, kain kirmizi, dan linen halus, dan bulu kambing,","kain biru, kain ungu, kain merah tua, lenan halus, bulu kambing,",
Keluaran,35,7,Keluaran 35:7,وَجُلُودَ كِبَاشٍ مُحَمَّرَةً وَجُلُودَ تُخَسٍ وَخَشَبَ سَنْطٍ،,"kulit domba jantan yang dicelup merah, kulit lumba-lumba, dan kayu akasia,","kulit domba jantan yang dicelup merah, kulit lumba-lumba, kayu penaga,",
Keluaran,35,8,Keluaran 35:8,وَزَيْتًا لِلضَّوْءِ وَأَطْيَابًا لِدُهْنِ ٱلْمَسْحَةِ وَلِلْبَخُورِ ٱلْعَطِرِ،,"minyak untuk pelita, rempah-rempah untuk minyak urapan dan untuk dupa yang harum,","minyak untuk penerangan, rempah-rempah untuk minyak upacara dan untuk dupa harum,",
Keluaran,35,9,Keluaran 35:9,وَحِجَارَةَ جَزْعٍ وَحِجَارَةَ تَرْصِيعٍ لِلرِّدَاءِ وَٱلصُّدْرَةِ.,"dan permata krisopras, dan permata ukiran untuk efod dan untuk tutup dada.’",serta permata unam dan permata tatahan untuk baju efod serta penutup dada.,
Keluaran,35,10,Keluaran 35:10,وَكُلُّ حَكِيمِ ٱلْقَلْبِ بَيْنَكُمْ فَلْيَأْتِ وَيَصْنَعْ كُلَّ مَا أَمَرَ بِهِ ٱلرَّبُّ:,"‘Biarlah setiap orang yang ahli di antara kamu datang dan membuat semua yang telah TUHAN perintahkan,",Setiap orang yang memiliki keahlian di antara kamu harus datang untuk membuat semua yang diperintahkan ALLAH:,
Keluaran,35,11,Keluaran 35:11,ٱلْمَسْكَنَ وَخَيْمَتَهُ وَغِطَاءَهُ وَأَشِظَّتَهُ وَأَلْوَاحَهُ وَعَوَارِضَهُ وَأَعْمِدَتَهُ وَقَوَاعِدَهُ،,"yaitu Tenda Suci: tendanya, tudungnya, pengait-pengaitnya, papan-papannya, palang-palangnya, tiang-tiangnya, dan alas-alasnya;","Kemah Suci dengan kemah dan penudungnya, pengait-pengaitnya, papan-papannya, kayu-kayu palangnya, tiang-tiangnya, serta alas-alasnya;",
Keluaran,35,12,Keluaran 35:12,وَٱلتَّابُوتَ وَعَصَوَيْهِ، وَٱلْغِطَاءَ وَحِجَابَ ٱلسَّجْفِ،,"tabut dengan tongkat-tongkat pengusungnya, tutup pendamaian, dan tirai penudungnya;","tabut dengan kayu pengusungnya, tutup pendamaian, dan tabir penudung;",
Keluaran,35,13,Keluaran 35:13,وَٱلْمَائِدَةَ وَعَصَوَيْهَا وَكُلَّ آنِيَتِهَا، وَخُبْزَ ٱلْوُجُوهِ،,"meja dan tongkat-tongkat pengusungnya, dan segala perlengkapannya, dan roti sajiannya;","meja dengan kayu pengusungnya, segala perlengkapannya, dan roti persembahan;",
Keluaran,35,14,Keluaran 35:14,وَمَنَارَةَ ٱلضَّوْءِ وَآنِيَتَهَا وَسُرُجَهَا وَزَيْتَ ٱلضَّوْءِ،,"juga kaki dian untuk penerangan, dan perlengkapannya, dan pelita-pelitanya, dengan minyak untuk penerangan;","kaki pelita untuk penerangan dengan perlengkapannya, pelitanya, dan minyak untuk penerangan;",
Keluaran,35,15,Keluaran 35:15,وَمَذْبَحَ ٱلْبَخُورِ وَعَصَوَيْهِ، وَدُهْنَ ٱلْمَسْحَةِ وَٱلْبَخُورَ ٱلْعَطِرَ، وَسَجْفَ ٱلْبَابِ لِمَدْخَلِ ٱلْمَسْكَنِ،,"dan mazbah dupa dengan tongkat pengusungnya, dan minyak urapan, dan dupa harum, dan tirai pintu di pintu Tenda Suci;","mazbah pembakaran dupa dengan kayu pengusungnya, minyak upacara, dan dupa harum; tirai pintu untuk pintu Kemah Suci;",
Keluaran,35,16,Keluaran 35:16,وَمَذْبَحَ ٱلْمُحْرَقَةِ وَشُبَّاكَةَ ٱلنُّحَاسِ ٱلَّتِي لَهُ وَعَصَوَيْهِ وَكُلَّ آنِيَتِهِ، وَٱلْمِرْحَضَةَ وَقَاعِدَتَهَا،,"mazbah persembahan bakaran dengan jala-jala perunggunya, tongkat pengusungnya, dan segala perlengkapannya, bejana pembasuhan dengan alasnya;","mazbah kurban bakaran dengan jeruji tembaganya, kayu pengusungnya, dan segala perlengkapannya; bejana pembasuhan dengan alasnya;",
Keluaran,35,17,Keluaran 35:17,وَأَسْتَارَ ٱلدَّارِ وَأَعْمِدَتَهَا وَقَوَاعِدَهَا، وَسَجْفَ بَابِ ٱلدَّارِ،,"tirai-tirai pelataran, tiang-tiangnya, dan alas-alasnya, dan tirai-tirai untuk gerbang pelataran;","kain yang memagari pelataran, tiang-tiangnya, alas-alasnya, dan tirai pintu gerbang pelataran;",
Keluaran,35,18,Keluaran 35:18,وَأَوْتَادَ ٱلْمَسْكَنِ، وَأَوْتَادَ ٱلدَّارِ وَأَطْنَابَهَا،,"patok-patok Tenda Suci, dan patok-patok pelataran, dan tali-talinya;",pancang-pancang Kemah Suci dan pancang pelataran dengan talinya;,
Keluaran,35,19,Keluaran 35:19,وَٱلثِّيَابَ ٱلْمَنْسُوجَةَ لِلْخِدْمَةِ فِي ٱلْمَقْدِسِ، وَٱلثِّيَابَ ٱلْمُقَدَّسَةَ لِهَارُونَ ٱلْكَاهِنِ، وَثِيَابَ بَنِيهِ لِلْكَهَانَةِ».,"dan pakaian-pakaian yang dipintal untuk melayani di tempat kudus, pakaian kudus untuk Imam Harun dan pakaian anak-anaknya untuk melayani sebagai imam.’”","pakaian yang halus tenunannya untuk menyelenggarakan peribadatan di tempat suci, pakaian suci untuk Imam Harun, dan pakaian anak-anaknya untuk menunaikan tugas sebagai imam.’”",
Keluaran,35,20,Keluaran 35:20,فَخَرَجَ كُلُّ جَمَاعَةِ بَنِي إِسْرَائِيلَ مِنْ قُدَّامِ مُوسَى،,"Kemudian, seluruh jemaat keturunan Israel pergi dari hadapan Musa.","Kemudian, pergilah seluruh jemaah bani Israil dari hadapan Musa.",
Keluaran,35,21,Keluaran 35:21,ثُمَّ جَاءَ كُلُّ مَنْ أَنْهَضَهُ قَلْبُهُ، وَكُلُّ مَنْ سَمَّحَتْهُ رُوحُهُ. جَاءُوا بِتَقْدِمَةِ ٱلرَّبِّ لِعَمَلِ خَيْمَةِ ٱلِٱجْتِمَاعِ وَلِكُلِّ خِدْمَتِهَا وَلِلثِّيَابِ ٱلْمُقَدَّسَةِ.,"Sesudah itu, setiap orang yang digerakkan oleh hatinya dan setiap orang yang digerakkan oleh rohnya pun datang serta membawa persembahan bagi TUHAN untuk pengerjaan tenda pertemuan dan untuk segala pelayanannya, dan untuk pakaian-pakaian kudus itu.","Sesudah itu, datanglah semua orang yang tergerak hatinya dan semua orang yang ikhlas jiwanya mewakafkan persembahan khusus kepada ALLAH untuk pengerjaan Kemah Hadirat Allah, untuk seluruh peribadatannya, dan untuk pakaian suci.",
Keluaran,35,22,Keluaran 35:22,وَجَاءَ ٱلرِّجَالُ مَعَ ٱلنِّسَاءِ، كُلُّ سَمُوحِ ٱلْقَلْبِ، جَاءَ بِخَزَائِمَ وَأَقْرَاطٍ وَخَوَاتِمَ وَقَلَائِدَ، كُلِّ مَتَاعٍ مِنَ ٱلذَّهَبِ. وَكُلُّ مَنْ قَدَّمَ تَقْدِمَةَ ذَهَبٍ لِلرَّبِّ.,"Mereka pun datang, laki-laki maupun perempuan, setiap orang yang rela hatinya, membawa bros, dan anting-anting, dan cincin meterai, dan gelang, dan segala macam barang dari emas. Demikianlah setiap orang yang membawa persembahan, mempersembahkan emas untuk TUHAN.","Setiap orang yang ikhlas hatinya, baik laki-laki maupun perempuan, datang membawa anting-anting hidung, anting-anting telinga, cincin, dan gelang tangan—segala macam barang emas. Mereka semua mewakafkan persembahan unjukan dari emas kepada ALLAH.",
Keluaran,35,23,Keluaran 35:23,وَكُلُّ مَنْ وُجِدَ عِنْدَهُ أَسْمَانْجُونِيٌّ وَأُرْجُوانٌ وَقِرْمِزٌ وَبُوصٌ وَشَعْرُ مِعْزًى وَجُلُودُ كِبَاشٍ مُحَمَّرَةٌ وَجُلُودُ تُخَسٍ، جَاءَ بِهَا.,"Setiap orang yang mempunyai kain biru, dan kain ungu, dan kain kirmizi, dan kain linen halus, dan bulu kambing, dan kulit domba jantan yang dicelup merah, dan kulit lumba-lumba, datang membawanya.","Selain itu, setiap orang yang mempunyai kain biru, kain ungu, kain merah tua, lenan halus, bulu kambing, kulit domba jantan yang dicelup merah, dan kulit lumba-lumba, datang membawanya.",
Keluaran,35,24,Keluaran 35:24,كُلُّ مَنْ قَدَّمَ تَقْدِمَةَ فِضَّةٍ وَنُحَاسٍ جَاءَ بِتَقْدِمَةِ ٱلرَّبِّ. وَكُلُّ مَنْ وُجِدَ عِنْدَهُ خَشَبُ سَنْطٍ لِصَنْعَةٍ مَا مِنَ ٱلْعَمَلِ جَاءَ بِهِ.,"Setiap orang yang dapat memberikan persembahan dari perak atau perunggu membawanya sebagai persembahan bagi TUHAN, dan setiap orang yang memiliki kayu akasia membawanya untuk berbagai pekerjaan pelayanan itu.","Setiap orang yang dapat mempersembahkan persembahan khusus dari perak atau tembaga, mewakafkannya sebagai persembahan khusus kepada ALLAH, dan setiap orang yang mempunyai kayu penaga untuk segala pekerjaan peribadatan datang pula membawanya.",
Keluaran,35,25,Keluaran 35:25,وَكُلُّ ٱلنِّسَاءِ ٱلْحَكِيمَاتِ ٱلْقَلْبِ غَزَلْنَ بِأَيْدِيهِنَّ وَجِئْنَ مِنَ ٱلْغَزْلِ بِٱلْأَسْمَانْجُونِيِّ وَٱلْأُرْجُوَانِ وَٱلْقِرْمِزِ وَٱلْبُوصِ.,"Setiap perempuan yang ahli, memintal dengan tangannya dan mereka membawa yang mereka pintal itu, yaitu kain biru, kain ungu, kain kirmizi, dan kain linen halus.","Setiap perempuan yang ahli memintal dengan tangannya sendiri datang membawa barang yang dipintalnya, yaitu kain biru, kain ungu, kain merah tua, dan lenan halus.",
Keluaran,35,26,Keluaran 35:26,وَكُلُّ ٱلنِّسَاءِ ٱللَّوَاتِي أَنْهَضَتْهُنَّ قُلُوبُهُنَّ بِٱلْحِكْمَةِ غَزَلْنَ شَعْرَ ٱلْمِعْزَى.,"Semua perempuan yang digerakkan oleh hatinya, memintal bulu kambing dengan keahliannya.","Kemudian, setiap perempuan yang tergerak hatinya karena memiliki keahlian itu pun memintal bulu kambing.",
Keluaran,35,27,Keluaran 35:27,وَٱلرُّؤَسَاءُ جَاءُوا بِحِجَارَةِ ٱلْجَزْعِ وَحِجَارَةِ ٱلتَّرْصِيعِ لِلرِّدَاءِ وَٱلصُّدْرَةِ،,"Para pemimpin membawa permata krisopras dan permata-permata ukiran untuk baju efod dan untuk tutup dada,","Para pemimpin membawa permata unam dan permata tatahan untuk baju efod serta penutup dada,",
Keluaran,35,28,Keluaran 35:28,وَبِٱلطِّيبِ وَٱلزَّيْتِ لِلضَّوْءِ وَلِدُهْنِ ٱلْمَسْحَةِ وَلِلْبَخُورِ ٱلْعَطِرِ.,"dan rempah-rempah, dan minyak untuk pelita, dan untuk minyak urapan, dan untuk dupa yang harum.","rempah-rempah dan minyak untuk penerangan, untuk minyak upacara, dan untuk dupa harum.",
Keluaran,35,29,Keluaran 35:29,بَنُو إِسْرَائِيلَ، جَمِيعُ ٱلرِّجَالِ وَٱلنِّسَاءِ ٱلَّذِينَ سَمَّحَتْهُمْ قُلُوبُهُمْ أَنْ يَأْتُوا بِشَيْءٍ لِكُلِّ ٱلْعَمَلِ ٱلَّذِي أَمَرَ ٱلرَّبُّ أَنْ يُصْنَعَ عَلَى يَدِ مُوسَى، جَاءُوا بِهِ تَبَرُّعًا إِلَى ٱلرَّبِّ.,"Keturunan Israel membawa persembahan sukarela kepada TUHAN, semua laki-laki dan perempuan yang digerakkan oleh hatinya untuk membawa segala keperluan pekerjaan yang telah diperintahkan TUHAN untuk dilaksanakan melalui Musa, mereka membawanya sebagai persembahan sukarela kepada TUHAN.",Semua laki-laki dan perempuan yang ikhlas hatinya membawa sesuatu bagi segala pekerjaan yang harus dilakukan sesuai dengan yang diperintahkan ALLAH dengan perantaraan Musa. Bani Israil datang mewakafkan semuanya sebagai persembahan sukarela kepada ALLAH.,
Keluaran,35,30,Keluaran 35:30,وَقَالَ مُوسَى لِبَنِي إِسْرَائِيلَ: «ٱنْظُرُوا. قَدْ دَعَا ٱلرَّبُّ بَصَلْئِيلَ بْنَ أُورِي بْنَ حُورَ مِنْ سِبْطِ يَهُوذَا بِٱسْمِهِ،,"Kemudian, Musa berkata kepada bangsa Israel, “Lihatlah, TUHAN telah memanggil nama Bezaleel, anak Uri, anak Hur, dari suku Yehuda,","Musa berkata kepada bani Israil, “Lihat, ALLAH telah memanggil Bezaleel bin Uri bin Hur, dari suku Yuda.",
Keluaran,35,31,Keluaran 35:31,وَمَلَأَهُ مِنْ رُوحِ ٱللهِ بِٱلْحِكْمَةِ وَٱلْفَهْمِ وَٱلْمَعْرِفَةِ وَكُلِّ صَنْعَةٍ،,"dan Dia memenuhinya dengan Roh Allah, dengan hikmat, dan dengan pengertian, dan dengan pengetahuan, dan dengan segala macam pekerjaan tangan,","Ia sudah memenuhi Bezaleel dengan Ruh Allah, dengan hikmat, pengertian, pengetahuan, dan segala kepandaian",
Keluaran,35,32,Keluaran 35:32,وَلِٱخْتِرَاعِ مُخْتَرَعَاتٍ، لِيَعْمَلَ فِي ٱلذَّهَبِ وَٱلْفِضَّةِ وَٱلنُّحَاسِ،,"untuk membuat rancangan pengerjaan emas, dan perak, dan perunggu,","supaya ia merancang pengerjaan emas, perak, dan tembaga,",
Keluaran,35,33,Keluaran 35:33,وَنَقْشِ حِجَارَةٍ لِلتَّرْصِيعِ، وَنِجَارَةِ ٱلْخَشَبِ، لِيَعْمَلَ فِي كُلِّ صَنْعَةٍ مِنَ ٱلْمُخْتَرَعَاتِ.,"untuk memotong batu-batu permata untuk diukir, dan untuk mengukir kayu, untuk membuat segala macam pekerjaan rancangan itu.","pengukiran permata untuk ditatahkan, serta pengukiran kayu, dan supaya ia dapat mengerjakan semua rancangannya itu.",
Keluaran,35,34,Keluaran 35:34,وَجَعَلَ فِي قَلْبِهِ أَنْ يُعَلِّمَ هُوَ وَأُهُولِيآبُ بْنَ أَخِيسَامَاكَ مِنْ سِبْطِ دَانَ.,"TUHAN juga telah menaruh dalam hatinya supaya dia dapat mengajar, baik dia maupun Aholiab, anak Ahisamakh, dari suku Dan.","Di dalam hatinya, Allah telah mengaruniakan kemampuan untuk mengajari orang-orang lain, demikian juga di dalam hati Aholiab bin Ahisamakh dari suku Dan.",
Keluaran,35,35,Keluaran 35:35,قَدْ مَلَأَهُمَا حِكْمَةَ قَلْبٍ لِيَصْنَعَا كُلَّ عَمَلِ ٱلنَّقَّاشِ وَٱلْحَائِكِ ٱلْحَاذِقِ وَٱلطَّرَّازِ فِي ٱلْأَسْمَانْجُونِيِّ وَٱلْأُرْجُوَانِ وَٱلْقِرْمِزِ وَٱلْبُوصِ وَكُلَّ عَمَلِ ٱلنَّسَّاجِ. صَانِعِي كُلِّ صَنْعَةٍ وَمُخْتَرِعِي ٱلْمُخْتَرَعَاتِ.,"Dia memenuhi mereka dengan keahlian untuk mengerjakan segala macam pekerjaan pemahat, perancang, dan pemintal kain biru, kain ungu, kain kirmizi, dan kain linen halus, dan penenun, yang melakukan setiap pekerjaan dan yang merancang segala sesuatunya.”","Ia pun memenuhi orang-orang itu dengan hikmat untuk mengerjakan segala pekerjaan tukang, pekerjaan ahli, pekerjaan menyulam kain biru, kain ungu, kain merah tua, dan lenan halus, serta pekerjaan tukang tenun. Jadi, mereka semua adalah pelaksana segala macam pekerjaan serta pembuat rancangan.",
Keluaran,36,1,Keluaran 36:1,«فَيَعْمَلُ بَصَلْئِيلُ وَأُهُولِيآبُ وَكُلُّ إِنْسَانٍ حَكِيمِ ٱلْقَلْبِ، قَدْ جَعَلَ فِيهِ ٱلرَّبُّ حِكْمَةً وَفَهْمًا لِيَعْرِفَ أَنْ يَصْنَعَ صَنْعَةً مَّا مِنْ عَمَلِ ٱلْمَقْدِسِ، بِحَسَبِ كُلِّ مَا أَمَرَ ٱلرَّبُّ».,"“Bezaleel, Aholiab, dan setiap orang yang ahli, yang telah dikaruniai TUHAN dengan keahlian dan pengertian untuk mengetahui bagaimana mengerjakan segala pekerjaan tempat kudus harus bekerja berdasarkan segala sesuatu yang telah diperintahkan Allah.”","Bezaleel, Aholiab, juga setiap ahli yang dikaruniai ALLAH hikmat serta pengertian agar tahu bagaimana mengerjakan segala macam pekerjaan untuk peribadatan di tempat suci, harus bekerja sesuai dengan semua yang diperintahkan ALLAH.” 2 Kemudian, Musa memanggil Bezaleel, Aholiab, serta setiap ahli, yang dalam hatinya telah dikaruniakan ALLAH hikmat, yaitu setiap orang yang tergerak hatinya untuk datang mengerjakan pekerjaan itu. 3 Mereka menerima dari tangan Musa semua persembahan khusus yang telah dibawa oleh bani Israil untuk melaksanakan pekerjaan mendirikan tempat suci. Sementara itu, tiap-tiap pagi orang masih terus membawa persembahan sukarela kepada Musa. 4 Maka, datanglah semua ahli pelaksana segala pekerjaan tempat suci itu, masing-masing dari pekerjaan yang sedang dikerjakannya. 5 Mereka berkata kepada Musa, “Bahan yang dibawa oleh rakyat agar pekerjaan yang diperintahkan ALLAH dapat dilaksanakan sudah lebih dari cukup.” 6 Lalu, Musa memerintahkan supaya disiarkan pengumuman di perkemahan itu demikian, “Jangan lagi ada laki-laki atau perempuan yang membuat sesuatu untuk dijadikan persembahan khusus bagi tempat suci.” Dengan demikian, rakyat dicegah untuk membawa persembahan lagi 7 karena bahan yang mereka perlukan untuk melakukan segala pekerjaan itu sudah cukup, bahkan berlebih. Membuat Kemah Suci 8 Lalu, semua ahli di antara para pelaksana pekerjaan Kemah Suci itu membuat sepuluh helai kain dari lenan halus yang dipintal serta dari kain biru, kain ungu, dan kain merah tua, dilengkapi dengan sulaman-sulaman malaikat kerub, buatan seorang ahli. 9 Panjang tiap helai kain itu dua puluh delapan hasta, sedangkan lebarnya empat hasta. Semuanya sama ukurannya. 10 Lima helai kain mereka sambungkan satu sama lain, demikian pula lima helai kain lainnya. 11 Mereka membuat tali-tali kancing dari kain biru di tepi kain terujung rangkapan yang satu, demikian pula di tepi kain terujung rangkapan kedua, 12 lima puluh tali kancing pada kain yang satu dan lima puluh tali kancing di tepi kain kedua. Tali-tali kancing itu saling berhadapan. 13 Setelah itu, mereka membuat lima puluh pengait emas dan menyambungkan kain-kain Kemah Suci itu satu sama lain dengan pengait-pengait tersebut sehingga menjadi satu kesatuan. 14 Selanjutnya, mereka juga membuat sebelas helai kain dari bulu kambing untuk dijadikan atap kemah yang menudungi Kemah Suci. 15 Panjang tiap helai kain adalah tiga puluh hasta dan lebarnya empat hasta. Jadi, kesebelas helai kain itu sama ukurannya. 16 Lima helai kain di antaranya disambung tersendiri, lalu enam helai kain selebihnya disambung tersendiri pula. 17 Mereka membuat lima puluh tali kancing di tepi kain rangkapan yang pertama, dan lima puluh tali kancing di tepi kain rangkapan kedua. 18 Lalu, mereka membuat lima puluh pengait tembaga untuk menyambung kain-kain itu menjadi satu kesatuan. 19 Selain itu, mereka pun membuat untuk kemah itu tudung dari kulit domba jantan yang dicelup merah, dan tudung dari kulit lumba-lumba untuk melapisi bagian atasnya lagi. 20 Kemudian, dari kayu penaga mereka membuat papan-papan tegak untuk Kemah Suci. 21 Setiap keping papan sepuluh hasta panjangnya dan satu setengah hasta lebarnya. 22 Pada tiap-tiap papan ada dua pasak yang memungkinkan papan-papan itu dihubungkan satu sama lain. Hal itu mereka lakukan terhadap semua papan Kemah Suci. 23 Untuk sisi sebelah selatan Kemah Suci, mereka membuat dua puluh papan. 24 Mereka pun membuat empat puluh alas perak untuk dipasangkan di bawah kedua puluh papan itu, dua alas di bawah tiap papan, masing-masing untuk kedua pasaknya. 25 Untuk rusuk kedua Kemah Suci, yaitu di sebelah utara, mereka membuat dua puluh papan 26 lengkap dengan keempat puluh alas peraknya, dua alas di bawah tiap papan. 27 Untuk bagian belakang Kemah Suci, yaitu di sebelah barat, mereka membuat enam papan. 28 Selain itu, mereka pun membuat dua papan untuk bagian sudut belakang Kemah Suci itu. 29 Kedua papan itu dirangkap dari bagian bawah hingga atas, dan diikat dengan sebentuk gelang. Demikianlah kedua papan untuk kedua sudut itu mereka buat. 30 Jadi, ada delapan papan lengkap dengan enam belas alas peraknya, dua alas di bawah tiap-tiap papan. 31 Juga mereka membuat kayu-kayu palang dari kayu penaga: lima batang untuk papan-papan pada rusuk yang satu dari Kemah Suci, 32 lima batang untuk papan-papan pada rusuk kedua, dan lima batang untuk papan-papan pada bagian belakang Kemah Suci, yaitu di sebelah barat. 33 Kayu palang di bagian tengah mereka buat melintang dari ujung ke ujung, setinggi setengah papan. 34 Lalu, mereka menyalut papan-papan itu dengan emas dan membuat gelang-gelang dari emas sebagai tempat memasukkan kayu palang itu. Kayu-kayu palang itu mereka salut pula dengan emas. 35 Setelah itu, mereka membuat tabir dari kain biru, kain ungu, kain merah tua, dan lenan halus yang dipintal, lengkap dengan sulaman-sulaman malaikat kerub, buatan seorang ahli. 36 Untuk tabir itu mereka membuat empat batang tiang dari kayu penaga dan menyalutnya dengan emas. Mereka pun membuat kaitan-kaitan emas untuk tiang itu, serta menuang empat alas perak. 37 Kemudian, mereka membuat tirai untuk pintu kemah itu dari kain biru, kain ungu, kain merah tua, dan lenan halus yang dipintal, berhiaskan sulaman. 38 Untuk tirai itu dibuat lima batang tiang lengkap dengan kaitannya. Mereka menyalut kepalanya dan penghubungnya dengan emas, sedangkan kelima alasnya terbuat dari tembaga. << Keluaran 36 >>",
Keluaran,36,2,Keluaran 36:2,فَدَعَا مُوسَى بَصَلْئِيلَ وَأُهُولِيآبَ وَكُلَّ رَجُلٍ حَكِيمِ ٱلْقَلْبِ، قَدْ جَعَلَ ٱلرَّبُّ حِكْمَةً فِي قَلْبِهِ، كُلَّ مَنْ أَنْهَضَهُ قَلْبُهُ أَنْ يَتَقَدَّمَ إِلَى ٱلْعَمَلِ لِيَصْنَعَهُ.,"Lalu, Musa memanggil Bezaleel, Aholiab, dan semua orang yang ahli, yang telah dikaruniai dengan keahlian dari TUHAN, dan setiap orang yang hatinya menggerakkan dia untuk datang melakukan pekerjaan itu.","Kemudian, Musa memanggil Bezaleel, Aholiab, serta setiap ahli, yang dalam hatinya telah dikaruniakan ALLAH hikmat, yaitu setiap orang yang tergerak hatinya untuk datang mengerjakan pekerjaan itu.",
Keluaran,36,3,Keluaran 36:3,فَأَخَذُوا مِنْ قُدَّامِ مُوسَى كُلَّ ٱلتَّقْدِمَةِ ٱلَّتِي جَاءَ بِهَا بَنُو إِسْرَائِيلَ لِصَنْعَةِ عَمَلِ ٱلْمَقْدِسِ لِكَيْ يَصْنَعُوهُ. وَهُمْ جَاءُوا إِلَيْهِ أَيْضًا بِشَيْءٍ تَبَرُّعًا كُلَّ صَبَاحٍ.,"Dari Musa, mereka menerima segala persembahan itu, yang dibawa oleh keturunan Israel untuk pekerjaan pelayanan tempat kudus. Mereka pun masih terus membawa persembahan sukarela setiap pagi.","Mereka menerima dari tangan Musa semua persembahan khusus yang telah dibawa oleh bani Israil untuk melaksanakan pekerjaan mendirikan tempat suci. Sementara itu, tiap-tiap pagi orang masih terus membawa persembahan sukarela kepada Musa.",
Keluaran,36,4,Keluaran 36:4,فَجَاءَ كُلُّ ٱلْحُكَمَاءِ ٱلصَّانِعِينَ كُلَّ عَمَلِ ٱلْمَقْدِسِ، كُلُّ وَاحِدٍ مِنْ عَمَلِهِ ٱلَّذِي هُمْ يَصْنَعُونَهُ.,"Lalu, semua orang yang ahli, yang melakukan setiap pekerjaan tempat kudus itu datang, masing-masing menurut tugas yang sedang mereka kerjakan,","Maka, datanglah semua ahli pelaksana segala pekerjaan tempat suci itu, masing-masing dari pekerjaan yang sedang dikerjakannya.",
Keluaran,36,5,Keluaran 36:5,وَكَلَّمُوا مُوسَى قَائِلِينَ: «يَجِيءُ ٱلشَّعْبُ بِكَثِيرٍ فَوْقَ حَاجَةِ ٱلْعَمَلِ لِلصَّنْعَةِ ٱلَّتِي أَمَرَ ٱلرَّبُّ بِصُنْعِهَا».,"dan berkata kepada Musa, “Bangsa ini membawa lebih banyak dari yang dibutuhkan untuk melakukan pekerjaan yang telah TUHAN perintahkan kepada kita.”","Mereka berkata kepada Musa, “Bahan yang dibawa oleh rakyat agar pekerjaan yang diperintahkan ALLAH dapat dilaksanakan sudah lebih dari cukup.”",
Keluaran,36,6,Keluaran 36:6,فَأَمَرَ مُوسَى أَنْ يُنْفِذُوا صَوْتًا فِي ٱلْمَحَلَّةِ قَائِلِينَ: «لَا يَصْنَعْ رَجُلٌ أَوِ ٱمْرَأَةٌ عَمَلًا أَيْضًا لِتَقْدِمَةِ ٱلْمَقْدِسِ». فَٱمْتَنَعَ ٱلشَّعْبُ عَنِ ٱلْجَلَبِ.,"Oleh sebab itu, Musa memerintahkan dan mengumumkan ke seluruh perkemahan, katanya, “Jangan ada lagi laki-laki atau perempuan yang membuat apa pun sebagai persembahan untuk tempat kudus.” Demikianlah bangsa itu dicegah dari memberikan persembahan,","Lalu, Musa memerintahkan supaya disiarkan pengumuman di perkemahan itu demikian, “Jangan lagi ada laki-laki atau perempuan yang membuat sesuatu untuk dijadikan persembahan khusus bagi tempat suci.” Dengan demikian, rakyat dicegah untuk membawa persembahan lagi",
Keluaran,36,7,Keluaran 36:7,وَٱلْمَوَادُّ كَانَتْ كِفَايَتَهُمْ لِكُلِّ ٱلْعَمَلِ لِيَصْنَعُوهُ وَأَكْثَرَ.,"sebab bahan-bahan yang mereka miliki sudah cukup untuk melaksanakan segala pekerjaan itu, bahkan berlebih.","karena bahan yang mereka perlukan untuk melakukan segala pekerjaan itu sudah cukup, bahkan berlebih.",
Keluaran,36,8,Keluaran 36:8,فَصَنَعُوا كُلُّ حَكِيمِ قَلْبٍ مِنْ صَانِعِي ٱلْعَمَلِ ٱلْمَسْكَنَ عَشَرَ شُقَقٍ مِنْ بُوصٍ مَبْرُومٍ وَأَسْمَانْجُونِيٍّ وَأُرْجُوانٍ وَقِرْمِزٍ بِكَرُوبِيمَ، صَنْعَةَ حَائِكٍ حَاذِقٍ صَنَعَهَا.,"Lalu, semua orang yang ahli di antara orang-orang yang mengerjakan pekerjaan itu membuat Tenda Suci dengan sepuluh tirai dari linen halus yang dipintal, dari kain biru, dan kain ungu, dan kain kirmizi, dengan kerub-kerub yang dikerjakan oleh orang yang ahli.","Lalu, semua ahli di antara para pelaksana pekerjaan Kemah Suci itu membuat sepuluh helai kain dari lenan halus yang dipintal serta dari kain biru, kain ungu, dan kain merah tua, dilengkapi dengan sulaman-sulaman malaikat kerub, buatan seorang ahli.",
Keluaran,36,9,Keluaran 36:9,طُولُ ٱلشُّقَّةِ ٱلْوَاحِدَةِ ثَمَانٍ وَعِشْرُونَ ذِرَاعًا، وَعَرْضُ ٱلشُّقَّةِ ٱلْوَاحِدَةِ أَرْبَعُ أَذْرُعٍ. قِيَاسًا وَاحِدًا لِجَمِيعِ ٱلشُّقَقِ.,"Panjang setiap tirai harus 28 hasta, dan lebar setiap tirai harus 4 hasta, dan ukuran semua tirai harus sama.","Panjang tiap helai kain itu dua puluh delapan hasta, sedangkan lebarnya empat hasta. Semuanya sama ukurannya.",
Keluaran,36,10,Keluaran 36:10,وَوَصَلَ خَمْسًا مِنَ ٱلشُّقَقِ بَعْضَهَا بِبَعْضٍ. وَوَصَلَ خَمْسًا مِنَ ٱلشُّقَقِ بَعْضَهَا بِبَعْضٍ.,"Dia menyambung lima tirai satu sama lain, dan menyambung juga lima tirai yang lainnya satu sama lain.","Lima helai kain mereka sambungkan satu sama lain, demikian pula lima helai kain lainnya.",
Keluaran,36,11,Keluaran 36:11,وَصَنَعَ عُرًى مِنْ أَسْمَانْجُونِيٍّ عَلَى حَاشِيَةِ ٱلشُّقَّةِ ٱلْوَاحِدَةِ فِي ٱلطَّرَفِ مِنَ ٱلْمُوَصَّلِ ٱلْوَاحِدِ. كَذَلِكَ صَنَعَ فِي حَاشِيَةِ ٱلشُّقَّةِ ٱلطَّرَفِيَّةِ مِنَ ٱلْمُوَصَّلِ ٱلثَّانِي.,Dia membuat lubang pengancing dari kain biru di tepi tirai yang terluar dari kelompok tirai yang pertama. Dia juga membuat hal yang sama di tepi tirai terluar dari kelompok tirai yang kedua.,"Mereka membuat tali-tali kancing dari kain biru di tepi kain terujung rangkapan yang satu, demikian pula di tepi kain terujung rangkapan kedua,",
Keluaran,36,12,Keluaran 36:12,خَمْسِينَ عُرْوَةً صَنَعَ فِي ٱلشُّقَّةِ ٱلْوَاحِدَةِ، وَخَمْسِينَ عُرْوَةً صَنَعَ فِي طَرَفِ ٱلشُّقَّةِ ٱلَّذِي فِي ٱلْمُوَصَّلِ ٱلثَّانِي. مُقَابِلَةً كَانَتِ ٱلْعُرَى بَعْضُهَا لِبَعْضٍ.,Dia membuat lima puluh lubang pada tirai yang pertama dan dia membuat lima puluh lubang di tepi tirai dari rangkaian yang kedua. Lubang-lubang itu saling berhadapan.,lima puluh tali kancing pada kain yang satu dan lima puluh tali kancing di tepi kain kedua. Tali-tali kancing itu saling berhadapan.,
Keluaran,36,13,Keluaran 36:13,وَصَنَعَ خَمْسِينَ شِظَاظًا مِنْ ذَهَبٍ، وَوَصَلَ ٱلشُّقَّتَيْنِ بَعْضَهُمَا بِبَعْضٍ بِٱلْأَشِظَّةِ، فَصَارَ ٱلْمَسْكَنُ وَاحِدًا.,"Lalu, dia membuat lima puluh kaitan emas dan menyambungkan tirai-tirai itu satu sama lain dengan kaitan-kaitan itu sehingga Tenda Suci itu menjadi satu.","Setelah itu, mereka membuat lima puluh pengait emas dan menyambungkan kain-kain Kemah Suci itu satu sama lain dengan pengait-pengait tersebut sehingga menjadi satu kesatuan.",
Keluaran,36,14,Keluaran 36:14,وَصَنَعَ شُقَقًا مِنْ شَعْرِ مِعْزًى خَيْمَةً فَوْقَ ٱلْمَسْكَنِ. إِحْدَى عَشْرَةَ شُقَّةً صَنَعَهَا.,"Kemudian, dia membuat tirai dari bulu kambing sebagai tudung Tenda Suci, dan dia membuatnya sebanyak sebelas tirai.","Selanjutnya, mereka juga membuat sebelas helai kain dari bulu kambing untuk dijadikan atap kemah yang menudungi Kemah Suci.",
Keluaran,36,15,Keluaran 36:15,طُولُ ٱلشُّقَّةِ ٱلْوَاحِدَةِ ثَلَاثُونَ ذِرَاعًا، وَعَرْضُ ٱلشُّقَّةِ ٱلْوَاحِدَةِ أَرْبَعُ أَذْرُعٍ. قِيَاسًا وَاحِدًا لِلْإِحْدَى عَشْرَةَ شُقَّةً.,Panjang masing-masing tirai harus 30 hasta dan lebar masing-masing tirai harus 4 hasta. Sebelas tirai itu harus sama ukurannya.,"Panjang tiap helai kain adalah tiga puluh hasta dan lebarnya empat hasta. Jadi, kesebelas helai kain itu sama ukurannya.",
Keluaran,36,16,Keluaran 36:16,وَوَصَلَ خَمْسًا مِنَ ٱلشُّقَقِ وَحْدَهَا، وَسِتًّا مِنَ ٱلشُّقَقِ وَحْدَهَا.,Dia menyambung lima tirai secara tersendiri dan enam tirai secara tersendiri.,"Lima helai kain di antaranya disambung tersendiri, lalu enam helai kain selebihnya disambung tersendiri pula.",
Keluaran,36,17,Keluaran 36:17,وَصَنَعَ خَمْسِينَ عُرْوَةً عَلَى حَاشِيَةِ ٱلشُّقَّةِ ٱلطَّرَفِيَّةِ مِنَ ٱلْمُوَصَّلِ ٱلْوَاحِدِ. وَصَنَعَ خَمْسِينَ عُرْوَةً عَلَى حَاشِيَةِ ٱلشُّقَّةِ ٱلْمُوَصَّلَةِ ٱلثَّانِيَةِ.,"Kemudian, dia membuat lima puluh lubang di tepi tirai yang paling luar dari rangkaian yang pertama dan lima puluh lubang di tepi tirai dari rangkaian yang kedua.","Mereka membuat lima puluh tali kancing di tepi kain rangkapan yang pertama, dan lima puluh tali kancing di tepi kain rangkapan kedua.",
Keluaran,36,18,Keluaran 36:18,وَصَنَعَ خَمْسِينَ شِظَاظًا مِنْ نُحَاسٍ لِيَصِلَ ٱلْخَيْمَةَ لِتَصِيرَ وَاحِدَةً.,Dia membuat lima puluh kaitan perunggu untuk menyambung tirai-tirai itu agar menjadi satu kesatuan.,"Lalu, mereka membuat lima puluh pengait tembaga untuk menyambung kain-kain itu menjadi satu kesatuan.",
Keluaran,36,19,Keluaran 36:19,وَصَنَعَ غِطَاءً لِلْخَيْمَةِ مِنْ جُلُودِ كِبَاشٍ مُحَمَّرَةً، وَغِطَاءً مِنْ جُلُودِ تُخَسٍ مِنْ فَوْقُ.,"Lalu, dia membuat tudung tenda dari kulit domba jantan yang dicelup merah dan tudung dari kulit lumba-lumba pada bagian atasnya.","Selain itu, mereka pun membuat untuk kemah itu tudung dari kulit domba jantan yang dicelup merah, dan tudung dari kulit lumba-lumba untuk melapisi bagian atasnya lagi.",
Keluaran,36,20,Keluaran 36:20,وَصَنَعَ ٱلْأَلْوَاحَ لِلْمَسْكَنِ مِنْ خَشَبِ ٱلسَّنْطِ قَائِمَةً.,"Lalu, dia membuat papan-papan Tenda Suci itu dari kayu akasia yang tegak lurus.","Kemudian, dari kayu penaga mereka membuat papan-papan tegak untuk Kemah Suci.",
Keluaran,36,21,Keluaran 36:21,طُولُ ٱللَّوْحِ عَشْرُ أَذْرُعٍ، وَعَرْضُ ٱللَّوْحِ ٱلْوَاحِدِ ذِرَاعٌ وَنِصْفٌ.,"Panjang setiap papan harus 10 hasta dan lebar setiap papan harus 1,5 hasta.",Setiap keping papan sepuluh hasta panjangnya dan satu setengah hasta lebarnya.,
Keluaran,36,22,Keluaran 36:22,وَلِلَّوْحِ ٱلْوَاحِدِ رِجْلَانِ، مَقْرُونَةٌ إِحْدَاهُمَا بِٱلْأُخْرَى. هَكَذَا صَنَعَ لِجَمِيعِ أَلْوَاحِ ٱلْمَسْكَنِ.,"Pada setiap papan ada dua pasak untuk menyatukan yang satu dengan yang lainnya, demikianlah dia membuat semua papan untuk Tenda Suci.",Pada tiap-tiap papan ada dua pasak yang memungkinkan papan-papan itu dihubungkan satu sama lain. Hal itu mereka lakukan terhadap semua papan Kemah Suci.,
Keluaran,36,23,Keluaran 36:23,وَصَنَعَ ٱلْأَلْوَاحَ لِلْمَسْكَنِ عِشْرِينَ لَوْحًا إِلَى جِهَةِ ٱلْجَنُوبِ نَحْوَ ٱلتَّيْمَنِ.,"Dia membuat papan-papan untuk Tenda Suci, yaitu dua puluh papan untuk sisi sebelah selatan ke arah selatan,","Untuk sisi sebelah selatan Kemah Suci, mereka membuat dua puluh papan.",
Keluaran,36,24,Keluaran 36:24,وَصَنَعَ أَرْبَعِينَ قَاعِدَةً مِنْ فِضَّةٍ تَحْتَ ٱلْعِشْرِينَ لَوْحًا، تَحْتَ ٱللَّوْحِ ٱلْوَاحِدِ قَاعِدَتَانِ لِرِجْلَيْهِ، وَتَحْتَ ٱللَّوْحِ ٱلْوَاحِدِ قَاعِدَتَانِ لِرِجْلَيْهِ.,"dan dia membuat empat puluh alas perak di bawah dua puluh papan itu, yaitu dua alas di bawah satu papan untuk dua pasaknya, dan dua alas di bawah papan yang lain untuk dua pasaknya.","Mereka pun membuat empat puluh alas perak untuk dipasangkan di bawah kedua puluh papan itu, dua alas di bawah tiap papan, masing-masing untuk kedua pasaknya.",
Keluaran,36,25,Keluaran 36:25,وَلِجَانِبِ ٱلْمَسْكَنِ ٱلثَّانِي إِلَى جِهَةِ ٱلشِّمَالِ صَنَعَ عِشْرِينَ لَوْحًا،,"Kemudian, untuk sisi kedua Tenda Suci, yaitu untuk sebelah utara, dia membuat dua puluh papan,","Untuk rusuk kedua Kemah Suci, yaitu di sebelah utara, mereka membuat dua puluh papan",
Keluaran,36,26,Keluaran 36:26,وَأَرْبَعِينَ قَاعِدَةً لَهَا مِنْ فِضَّةٍ. تَحْتَ ٱللَّوْحِ ٱلْوَاحِدِ قَاعِدَتَانِ، وَتَحْتَ ٱللَّوْحِ ٱلْوَاحِدِ قَاعِدَتَانِ.,"dengan empat puluh alas peraknya, dua alas di bawah satu papan, dan dua alas di bawah papan yang lainnya.","lengkap dengan keempat puluh alas peraknya, dua alas di bawah tiap papan.",
Keluaran,36,27,Keluaran 36:27,وَلِمُؤَخَّرِ ٱلْمَسْكَنِ نَحْوَ ٱلْغَرْبِ صَنَعَ سِتَّةَ أَلْوَاحٍ.,"Untuk dua sisi Tenda Suci di sebelah barat, dia membuat enam papan.","Untuk bagian belakang Kemah Suci, yaitu di sebelah barat, mereka membuat enam papan.",
Keluaran,36,28,Keluaran 36:28,وَصَنَعَ لَوْحَيْنِ لِزَاوِيَتَيِ ٱلْمَسْكَنِ فِي ٱلْمُؤَخَّرِ.,Dia membuat dua papan untuk dua sudut Tenda Suci di bagian belakang.,"Selain itu, mereka pun membuat dua papan untuk bagian sudut belakang Kemah Suci itu.",
Keluaran,36,29,Keluaran 36:29,وَكَانَا مُزْدَوِجَيْنِ مِنْ أَسْفَلُ، وَعَلَى سَوَاءٍ كَانَا مُزْدَوِجَيْنِ إِلَى رَأْسِهِ إِلَى ٱلْحَلْقَةِ ٱلْوَاحِدَةِ. هَكَذَا صَنَعَ لِكِلْتَيْهِمَا، لِكِلْتَا ٱلزَّاوِيَتَيْنِ.,"Papan-papan itu harus disambung pada bagian bawahnya, dan harus disambung sampai ke atas sampai pada gelang yang pertama. Demikianlah harus terjadi bagi keduanya, mereka akan membentuk dua sudut.","Kedua papan itu dirangkap dari bagian bawah hingga atas, dan diikat dengan sebentuk gelang. Demikianlah kedua papan untuk kedua sudut itu mereka buat.",
Keluaran,36,30,Keluaran 36:30,فَكَانَتْ ثَمَانِيَةَ أَلْوَاحٍ وَقَوَاعِدُهَا مِنْ فِضَّةٍ سِتَّ عَشْرَةَ قَاعِدَةً. قَاعِدَتَيْنِ قَاعِدَتَيْنِ تَحْتَ ٱللَّوْحِ ٱلْوَاحِدِ.,"Jadi, ada delapan papan dengan enam belas alas peraknya, dua alas di bawah masing-masing papan.","Jadi, ada delapan papan lengkap dengan enam belas alas peraknya, dua alas di bawah tiap-tiap papan.",
Keluaran,36,31,Keluaran 36:31,وَصَنَعَ عَوَارِضَ مِنْ خَشَبِ ٱلسَّنْطِ، خَمْسًا لِأَلْوَاحِ جَانِبِ ٱلْمَسْكَنِ ٱلْوَاحِدِ،,"Kemudian, dia membuat palang-palang dari kayu akasia, lima untuk papan-papan pada satu sisi Tenda Suci,","Juga mereka membuat kayu-kayu palang dari kayu penaga: lima batang untuk papan-papan pada rusuk yang satu dari Kemah Suci,",
Keluaran,36,32,Keluaran 36:32,وَخَمْسَ عَوَارِضَ لِأَلْوَاحِ جَانِبِ ٱلْمَسْكَنِ ٱلثَّانِي، وَخَمْسَ عَوَارِضَ لِأَلْوَاحِ ٱلْمَسْكَنِ فِي ٱلْمُؤَخَّرِ نَحْوَ ٱلْغَرْبِ.,"dan lima palang untuk papan pada sisi lain Tenda Suci, dan lima palang untuk papan-papan Tenda Suci bagian belakang di sisi sebelah barat.","lima batang untuk papan-papan pada rusuk kedua, dan lima batang untuk papan-papan pada bagian belakang Kemah Suci, yaitu di sebelah barat.",
Keluaran,36,33,Keluaran 36:33,وَصَنَعَ ٱلْعَارِضَةَ ٱلْوُسْطَى لِتَنْفُذَ فِي وَسَطِ ٱلْأَلْوَاحِ مِنَ ٱلطَّرَفِ إِلَى ٱلطَّرَفِ.,Mereka membuat palang tengah yang melintang di tengah-tengah papan-papan itu dari ujung ke ujung.,"Kayu palang di bagian tengah mereka buat melintang dari ujung ke ujung, setinggi setengah papan.",
Keluaran,36,34,Keluaran 36:34,وَغَشَّى ٱلْأَلْوَاحَ بِذَهَبٍ. وَصَنَعَ حَلَقَاتِهَا مِنْ ذَهَبٍ بُيُوتًا لِلْعَوَارِضِ، وَغَشَّى ٱلْعَوَارِضَ بِذَهَبٍ.,"Lalu, dia melapisi papan-papan itu dengan emas dan membuat gelang-gelangnya dari emas untuk memasang palang-palang itu, dan melapisi palang-palangnya dengan emas.","Lalu, mereka menyalut papan-papan itu dengan emas dan membuat gelang-gelang dari emas sebagai tempat memasukkan kayu palang itu. Kayu-kayu palang itu mereka salut pula dengan emas.",
Keluaran,36,35,Keluaran 36:35,وَصَنَعَ ٱلْحِجَابَ مِنْ أَسْمَانْجُونِيٍّ وَأُرْجُوَانٍ وَقِرْمِزٍ وَبُوصٍ مَبْرُومٍ. صَنْعَةَ حَائِكٍ حَاذِقٍ صَنَعَهُ بِكَرُوبِيمَ.,"Kemudian, dia membuat tirai dari kain biru, dan kain ungu, dan kain kirmizi, dan kain linen halus yang disulam dengan kerub-kerub oleh orang yang ahli.","Setelah itu, mereka membuat tabir dari kain biru, kain ungu, kain merah tua, dan lenan halus yang dipintal, lengkap dengan sulaman-sulaman malaikat kerub, buatan seorang ahli.",
Keluaran,36,36,Keluaran 36:36,وَصَنَعَ لَهُ أَرْبَعَةَ أَعْمِدَةٍ مِنْ سَنْطٍ، وَغَشَّاهَا بِذَهَبٍ. رُزَزُهَا مِنْ ذَهَبٍ. وَسَبَكَ لَهَا أَرْبَعَ قَوَاعِدَ مِنْ فِضَّةٍ.,"Untuk tirai itu, dia membuat empat tiang dari kayu akasia dan melapisinya dengan emas, dengan kaitan-kaitan emasnya, dan untuk tiang-tiangnya, dia menuang empat alas dari perak.","Untuk tabir itu mereka membuat empat batang tiang dari kayu penaga dan menyalutnya dengan emas. Mereka pun membuat kaitan-kaitan emas untuk tiang itu, serta menuang empat alas perak.",
Keluaran,36,37,Keluaran 36:37,وَصَنَعَ سَجْفًا لِمَدْخَلِ ٱلْخَيْمَةِ مِنْ أَسْمَانْجُونِيٍّ وَأُرْجُوَانٍ وَقِرْمِزٍ وَبُوصٍ مَبْرُومٍ صَنْعَةَ ٱلطَّرَّازِ.,"Kemudian, dia membuat tirai untuk pintu masuk ke tenda itu dari kain biru, kain ungu, dan kain kirmizi, dan kain linen halus yang dipintal dengan sulaman.","Kemudian, mereka membuat tirai untuk pintu kemah itu dari kain biru, kain ungu, kain merah tua, dan lenan halus yang dipintal, berhiaskan sulaman.",
Keluaran,36,38,Keluaran 36:38,وَأَعْمِدَتَهُ خَمْسَةً وَرُزَزَهَا. وَغَشَّى رُؤُوسَهَا وَقُضْبَانَهَا بِذَهَبٍ، وَقَوَاعِدَهَا خَمْسًا مِنْ نُحَاسٍ.,"Untuk tirai ini, dia membuat lima tiang dari kayu akasia dan melapisi ujung-ujung dan penyambung-penyambungnya dengan emas, tetapi lima alasnya dibuat dari perunggu.","Untuk tirai itu dibuat lima batang tiang lengkap dengan kaitannya. Mereka menyalut kepalanya dan penghubungnya dengan emas, sedangkan kelima alasnya terbuat dari tembaga.",
Keluaran,37,1,Keluaran 37:1,وَصَنَعَ بَصَلْئِيلُ ٱلتَّابُوتَ مِنْ خَشَبِ ٱلسَّنْطِ، طُولُهُ ذِرَاعَانِ وَنِصْفٌ، وَعَرْضُهُ ذِرَاعٌ وَنِصْفٌ، وَٱرْتِفَاعُهُ ذِرَاعٌ وَنِصْفٌ.,"Bezaleel membuat tabut dari kayu akasia yang panjangnya 2,5 hasta dan lebarnya 1,5 hasta, dan tingginya 1,5 hasta,","Bezaleel membuat tabut dari kayu penaga, dua setengah hasta panjangnya, satu setengah hasta lebarnya, dan setengah hasta tingginya.",
Keluaran,37,2,Keluaran 37:2,وَغَشَّاهُ بِذَهَبٍ نَقِيٍّ مِنْ دَاخِلٍ وَمِنْ خَارِجٍ. وَصَنَعَ لَهُ إِكْلِيلًا مِنْ ذَهَبٍ حَوَالَيْهِ.,"dan dia melapisinya dengan emas murni di dalam dan di luarnya, dan membuat bingkai emas di sekelilingnya.","Disalutnya bagian dalam dan luarnya dengan emas tulen, serta dibuatnya di atasnya bingkai emas berkeliling.",
Keluaran,37,3,Keluaran 37:3,وَسَبَكَ لَهُ أَرْبَعَ حَلَقَاتٍ مِنْ ذَهَبٍ عَلَى أَرْبَعِ قَوَائِمِهِ. عَلَى جَانِبِهِ ٱلْوَاحِدِ حَلْقَتَانِ، وَعَلَى جَانِبِهِ ٱلثَّانِي حَلْقَتَانِ.,"Dia menuang empat gelang emas untuknya dan memasangnya pada empat kakinya, yaitu dua gelang di sisi yang satu dan dua gelang di sisi yang satunya.","Ia menuang empat gelang emas pada keempat penjurunya, yaitu dua gelang pada rusuk yang satu dan dua gelang pada rusuk yang lain.",
Keluaran,37,4,Keluaran 37:4,وَصَنَعَ عَصَوَيْنِ مِنْ خَشَبِ ٱلسَّنْطِ وَغَشَّاهُمَا بِذَهَبٍ.,"Kemudian, dia membuat pengusung dari kayu akasia dan melapisinya dengan emas.","Lalu, ia membuat pengusung dari kayu penaga dan menyalutnya dengan emas.",
Keluaran,37,5,Keluaran 37:5,وَأَدْخَلَ ٱلْعَصَوَيْنِ فِي ٱلْحَلَقَاتِ عَلَى جَانِبَيِ ٱلتَّابُوتِ، لِحَمْلِ ٱلتَّابُوتِ.,Dia memasukkan pengusung-pengusung itu ke dalam gelang di setiap sisi tabut untuk mengusung tabut itu.,Dimasukkannya kayu pengusung itu ke dalam gelang pada rusuk-rusuk tabut itu supaya dengannya tabut itu dapat diusung.,
Keluaran,37,6,Keluaran 37:6,وَصَنَعَ غِطَاءً مِنْ ذَهَبٍ نَقِيٍّ، طُولُهُ ذِرَاعَانِ وَنِصْفٌ، وَعَرْضُهُ ذِرَاعٌ وَنِصْفٌ.,"Lalu, dia membuat tutup pendamaian dari emas murni yang panjangnya 2,5 hasta dan lebarnya 1,5 hasta.","Kemudian, ia membuat tutup tabut, yaitu tempat pendamaian, dari emas tulen, dua setengah hasta panjangnya dan satu setengah hasta lebarnya.",
Keluaran,37,7,Keluaran 37:7,وَصَنَعَ كَرُوبَيْنِ مِنْ ذَهَبٍ صَنْعَةَ ٱلْخِرَاطَةِ، صَنَعَهُمَا عَلَى طَرَفَيِ ٱلْغِطَاءِ.,"Dia membuat dua kerub emas yang dibuatnya dari emas tempaan untuk kedua ujung tutup pendamaian,",Dibuatnya dua malaikat kerub dari emas tempaan pada kedua ujung tutup pendamaian itu.,
Keluaran,37,8,Keluaran 37:8,كَرُوبًا وَاحِدًا عَلَى ٱلطَّرَفِ مِنْ هُنَا، وَكَرُوبًا وَاحِدًا عَلَى ٱلطَّرَفِ مِنْ هُنَاكَ. مِنَ ٱلْغِطَاءِ صَنَعَ ٱلْكَرُوبَيْنِ عَلَى طَرَفَيْهِ.,satu kerub di ujung sebelah sini dan kerub yang lain di ujung sebelah sana. Dia membuat kerub-kerub itu seiras dengan tutup pendamaian pada dua ujungnya.,"Satu malaikat kerub di ujung sebelah sini dan satu malaikat kerub di ujung sebelah sana. Kedua malaikat kerub itu dibuat seiras dengan tutup pendamaian itu, pada kedua ujungnya.",
Keluaran,37,9,Keluaran 37:9,وَكَانَ ٱلْكَرُوبَانِ بَاسِطَيْنِ أَجْنِحَتَهُمَا إِلَى فَوْقُ، مُظَلِّلَيْنِ بِأَجْنِحَتِهِمَا فَوْقَ ٱلْغِطَاءِ، وَوَجْهَاهُمَا كُلُّ ٱلْوَاحِدِ إِلَى ٱلْآخَرِ. نَحْوَ ٱلْغِطَاءِ كَانَ وَجْهَا ٱلْكَرُوبَيْنِ.,Kerub-kerub itu mengembangkan dua sayapnya ke atas untuk menundungi tutup pendamaian itu dengan sayapnya dan wajahnya harus saling berhadapan. Kerub-kerub itu harus menghadap tutup pendamaian.,"Malaikat-malaikat kerub itu mengembangkan sayap-sayapnya ke atas, menudungi tutup pendamaian itu dengan sayap-sayapnya, sementara mukanya berhadapan satu sama lain, menghadap ke arah tutup pendamaian itu.",
Keluaran,37,10,Keluaran 37:10,وَصَنَعَ ٱلْمَائِدَةَ مِنْ خَشَبِ ٱلسَّنْطِ، طُولُهَا ذِرَاعَانِ، وَعَرْضُهَا ذِرَاعٌ، وَٱرْتِفَاعُهَا ذِرَاعٌ وَنِصْفٌ.,"Kemudian, Bezaleel membuat meja dari kayu akasia yang panjangnya 2 hasta, lebarnya 1 hasta, dan tingginya 1,5 hasta.","Bezaleel pun membuat meja dari kayu penaga, dua hasta panjangnya, sehasta lebarnya, dan satu setengah hasta tingginya.",
Keluaran,37,11,Keluaran 37:11,وَغَشَّاهَا بِذَهَبٍ نَقِيٍّ، وَصَنَعَ لَهَا إِكْلِيلًا مِنْ ذَهَبٍ حَوَالَيْهَا.,Dia melapisinya dengan emas murni dan membuat bingkai emas di sekelilingnya.,"Disalutnya meja itu dengan emas tulen, lalu dibuatnya bingkai emas di sekelilingnya.",
Keluaran,37,12,Keluaran 37:12,وَصَنَعَ لَهَا حَاجِبًا عَلَى شِبْرٍ حَوَالَيْهَا، وَصَنَعَ لِحَاجِبِهَا إِكْلِيلًا مِنْ ذَهَبٍ حَوَالَيْهَا.,"Kemudian, dia membuat pinggiran sebesar telapak tangan di sekelilingnya dan membuat bingkai emas untuk pinggiran di sekelilingnya.","Selanjutnya, ia membuat di sekelilingnya jalur pinggir selebar telapak tangan, lengkap dengan bingkai emas di sekeliling jalur pinggir itu.",
Keluaran,37,13,Keluaran 37:13,وَسَبَكَ لَهَا أَرْبَعَ حَلَقَاتٍ مِنْ ذَهَبٍ، وَجَعَلَ ٱلْحَلَقَاتِ عَلَى ٱلزَّوَايَا ٱلْأَرْبَعِ ٱلَّتِي لِقَوَائِمِهَا ٱلْأَرْبَعِ.,"Dia menuang empat gelang emas untuk itu dan memasang gelang-gelang itu pada empat sudut, yaitu pada keempat kakinya.","Lalu, dituangnya empat gelang emas, dan dipasangnya gelang-gelang itu pada keempat penjuru meja itu, di keempat kakinya,",
Keluaran,37,14,Keluaran 37:14,عِنْدَ ٱلْحَاجِبِ كَانَتِ ٱلْحَلَقَاتُ بُيُوتًا لِلْعَصَوَيْنِ لِحَمْلِ ٱلْمَائِدَةِ.,"Gelang-gelang itu harus dipasang di dekat pinggiran meja, sebagai tempat tongkat-tongkat pengusung untuk mengusung meja itu.",berdekatan dengan jalur pinggir tadi. Gelang-gelang itu berfungsi sebagai tempat memasukkan kayu pengusung sehingga meja itu dapat diusung.,
Keluaran,37,15,Keluaran 37:15,وَصَنَعَ ٱلْعَصَوَيْنِ مِنْ خَشَبِ ٱلسَّنْطِ، وَغَشَّاهُمَا بِذَهَبٍ لِحَمْلِ ٱلْمَائِدَةِ.,Dia membuat pengusung-pengusung dari kayu akasia untuk mengangkut meja itu dan melapisinya dengan emas.,"Setelah itu, ia membuat pengusung dari kayu penaga dan menyalutnya dengan emas supaya dengan itu meja dapat diusung.",
Keluaran,37,16,Keluaran 37:16,وَصَنَعَ ٱلْأَوَانِيَ ٱلَّتِي عَلَى ٱلْمَائِدَةِ، صِحَافَهَا وَصُحُونَهَا وَجَامَاتِهَا وَكَأْسَاتِهَا ٱلَّتِي يُسْكَبُ بِهَا مِنْ ذَهَبٍ نَقِيٍّ.,"Dia membuat semua perlengkapan meja itu, yaitu piring-piringnya, sendok-sendoknya, mangkuk-mangkuknya, dan kendi dari emas murni. Mangkuk dan kendi dipakai untuk menuang persembahan curahan.","Ia membuat perlengkapan-perlengkapan yang harus diletakkan di atas meja, yaitu pinggan-pinggan dan pedupaan-pedupaannya, mangkuk-mangkuk dan piala-pialanya, yang akan dipakai untuk persembahan minuman. Semuanya dari emas tulen.",
Keluaran,37,17,Keluaran 37:17,وَصَنَعَ ٱلْمَنَارَةَ مِنْ ذَهَبٍ نَقِيٍّ. صَنْعَةَ ٱلْخِرَاطَةِ صَنَعَ ٱلْمَنَارَةَ، قَاعِدَتَهَا وَسَاقَهَا. كَانَتْ كَأْسَاتُهَا وَعُجَرُهَا وَأَزْهَارُهَا مِنْهَا.,"Kemudian, Bezaleel membuat kaki dian dari emas murni dan kaki dian itu harus dibuat dari emas tempaan, baik alasnya maupun cabang-cabangnya, mangkuk-mangkuknya, kelopak-kelopaknya, dan bunga-bunganya harus dibuat seiras dengannya.","Kemudian, Bezaleel membuat kaki pelita dari emas tulen. Dari emas tempaan dibuatnya kaki pelita itu, baik kakinya maupun batangnya. Kuncupnya, kelopaknya, dan mahkotanya dibuatnya seiras dengan kaki pelita itu.",
Keluaran,37,18,Keluaran 37:18,وَسِتُّ شُعَبٍ خَارِجَةٌ مِنْ جَانِبَيْهَا. مِنْ جَانِبِهَا ٱلْوَاحِدِ ثَلَاثُ شُعَبِ مَنَارَةٍ، وَمِنْ جَانِبِهَا ٱلثَّانِي ثَلَاثُ شُعَبِ مَنَارَةٍ.,"Kaki dian itu mempunyai enam cabang yang menonjol dari sisi-sisinya, tiga cabang kaki dian dari sisi yang satu dan tiga cabang kaki dian dari sisi yang lain,",Enam cabang timbul dari sisi-sisi kaki pelita itu: tiga cabang dari sisi yang satu dan tiga cabang dari sisi yang lain.,
Keluaran,37,19,Keluaran 37:19,فِي ٱلشُّعْبَةِ ٱلْوَاحِدَةِ ثَلَاثُ كَأْسَاتٍ لَوْزِيَّةٍ بِعُجْرَةٍ وَزَهْرٍ، وَفِي ٱلشُّعْبَةِ ٱلثَّانِيَةِ ثَلَاثُ كَأْسَاتٍ لَوْزِيَّةٍ بِعُجْرَةٍ وَزَهْرٍ، وَهَكَذَا إِلَى ٱلسِّتِّ ٱلشُّعَبِ ٱلْخَارِجَةِ مِنَ ٱلْمَنَارَةِ.,"dan tiga mangkuk yang dibuat seperti bunga badam dalam setiap cabang, masing-masing dengan satu kelopak dan satu bunga. Jadi, ada enam cabang yang menonjol dari kaki dian itu.","Ada tiga kuncup bunga badam pada cabang yang satu, lengkap dengan kelopak dan mahkotanya, dan tiga kuncup bunga badam pada cabang yang lain, lengkap dengan kelopak dan mahkotanya. Demikian pulalah keenam cabang yang timbul dari kaki pelita itu.",
Keluaran,37,20,Keluaran 37:20,وَفِي ٱلْمَنَارَةِ أَرْبَعُ كَأْسَاتٍ لَوْزِيَّةٍ بِعُجَرِهَا وَأَزْهَارِهَا.,"Pada kaki dian itu sendiri terdapat empat mangkuk yang dibentuk seperti bunga badam dengan kelopak dan bunganya,",Pada kaki pelita itu sendiri ada empat kuncup bunga badam lengkap dengan kelopak dan mahkotanya.,
Keluaran,37,21,Keluaran 37:21,وَتَحْتَ ٱلشُّعْبَتَيْنِ مِنْهَا عُجْرَةٌ، وَتَحْتَ ٱلشُّعْبَتَيْنِ مِنْهَا عُجْرَةٌ، وَتَحْتَ ٱلشُّعْبَتَيْنِ مِنْهَا عُجْرَةٌ. إِلَى ٱلسِّتِّ ٱلشُّعَبِ ٱلْخَارِجَةِ مِنْهَا.,"dan ada satu kelopak di bawah sepasang cabang yang pertama dan satu kelopak lagi di bawah sepasang cabang yang kedua yang menonjol dari kaki dian itu, dan satu kelopak di bawah sepasang cabang yang ketiga yang menonjol darinya, sesuai dengan enam cabang yang menonjol dari kaki dian itu.","Satu kelopak di bawah dua cabang pertama, satu kelopak di bawah dua cabang kedua, dan satu kelopak lagi di bawah dua cabang ketiga dari keenam cabang yang timbul dari kaki pelita itu.",
Keluaran,37,22,Keluaran 37:22,كَانَتْ عُجَرُهَا وَشُعَبُهَا مِنْهَا، جَمِيعُهَا خِرَاطَةٌ وَاحِدَةٌ مِنْ ذَهَبٍ نَقِيٍّ.,"Semua kelopak dan cabangnya harus seiras dengannya, keseluruhan bagian itu harus terbuat dari sebongkah emas murni tempaan.","Kelopak-kelopak serta cabang-cabang itu seiras dengan kaki pelita itu, seluruhnya dari sepotong emas tulen yang ditempa.",
Keluaran,37,23,Keluaran 37:23,وَصَنَعَ سُرُجَهَا سَبْعَةً، وَمَلَاقِطَهَا وَمَنَافِضَهَا مِنْ ذَهَبٍ نَقِيٍّ.,Bezaleel membuat tujuh pelita dengan penyapit sumbu dan perbaraannya dari emas murni.,"Dibuatnya pula tujuh buah pelita untuk kaki pelita itu, penyepit sumbu, serta perbaraannya dari emas tulen.",
Keluaran,37,24,Keluaran 37:24,مِنْ وَزْنَةِ ذَهَبٍ نَقِيٍّ صَنَعَهَا وَجَمِيعَ أَوَانِيهَا.,Dia menggunakan 1 talenta emas murni untuk membuat kaki dian itu dengan segala perlengkapannya.,Kaki pelita dengan segala perlengkapannya itu dibuatnya dari setalenta emas tulen.,
Keluaran,37,25,Keluaran 37:25,وَصَنَعَ مَذْبَحَ ٱلْبَخُورِ مِنْ خَشَبِ ٱلسَّنْطِ، طُولُهُ ذِرَاعٌ، وَعَرْضُهُ ذِرَاعٌ، مُرَبَّعًا. وَٱرْتِفَاعُهُ ذِرَاعَانِ. مِنْهُ كَانَتْ قُرُونُهُ.,"Kemudian, Bezaleel membuat mazbah pembakaran dupa yang dibuat dari kayu akasia yang panjangnya 1 hasta, lebarnya 1 hasta, dan bentuknya persegi, dan tingginya 2 hasta. Tanduk-tanduknya harus seiras dengannya.","Selanjutnya, ia membuat mazbah pembakaran dupa dari kayu penaga berbentuk empat persegi, sehasta panjangnya, sehasta lebarnya, dan dua hasta tingginya. Tanduk-tanduknya seiras dengannya.",
Keluaran,37,26,Keluaran 37:26,وَغَشَّاهُ بِذَهَبٍ نَقِيٍّ: سَطْحَهُ وَحِيطَانَهُ حَوَالَيْهِ وَقُرُونَهُ. وَصَنَعَ لَهُ إِكْلِيلًا مِنْ ذَهَبٍ حَوَالَيْهِ.,"Dia melapisinya dengan emas murni pada bagian atasnya, dan sisi-sisi di sekelilingnya, dan tanduk-tanduknya, lalu dia membuat bingkai emas di sekelilingnya.","Disalutnya semuanya dengan emas tulen, baik sisi atasnya, sisi-sisi sekelilingnya, maupun tanduk-tanduknya, lalu dibuatnya bingkai emas di sekelilingnya.",
Keluaran,37,27,Keluaran 37:27,وَصَنَعَ لَهُ حَلْقَتَيْنِ مِنْ ذَهَبٍ تَحْتَ إِكْلِيلِهِ عَلَى جَانِبَيْهِ، عَلَى ٱلْجَانِبَيْنِ بَيْتَيْنِ لِعَصَوَيْنِ لِحَمْلِهِ بِهِمَا.,"Dia membuat dua gelang emas di bawah bingkainya pada kedua sisinya, sebagai tempat pengusung yang dengannya mazbah itu dapat diangkut.","Pada bagian bawah bingkai di kedua rusuknya, dibuatnya dua gelang emas sebagai tempat memasukkan kayu pengusung supaya dengan itu tempat pembakaran dapat diusung.",
Keluaran,37,28,Keluaran 37:28,وَصَنَعَ ٱلْعَصَوَيْنِ مِنْ خَشَبِ ٱلسَّنْطِ وَغَشَّاهُمَا بِذَهَبٍ.,Dia membuat tongkat-tongkat pengusung-pengusung itu dari kayu akasia dan melapisinya dengan emas.,"Sedangkan pengusungnya dibuatnya dari kayu penaga, lalu disalutnya dengan emas.",
Keluaran,37,29,Keluaran 37:29,وَصَنَعَ دُهْنَ ٱلْمَسْحَةِ مُقَدَّسًا، وَٱلْبَخُورَ ٱلْعَطِرَ نَقِيًّا صَنْعَةَ ٱلْعَطَّارِ.,Dia juga membuat minyak urapan kudus dan dupa murni yang harum buatan seorang ahli wewangian.,"Ia pun membuat minyak upacara yang suci dan dupa yang murni dari rempah-rempah yang harum, seperti buatan seorang juru rempah-rempah.",
Keluaran,38,1,Keluaran 38:1,وَصَنَعَ مَذْبَحَ ٱلْمُحْرَقَةِ مِنْ خَشَبِ ٱلسَّنْطِ، طُولُهُ خَمْسُ أَذْرُعٍ، وَعَرْضُهُ خَمْسُ أَذْرُعٍ، مُرَبَّعًا. وَٱرْتِفَاعُهُ ثَلَاثُ أَذْرُعٍ.,"Bezaleel membuat mazbah persembahan bakaran dari kayu akasia yang panjangnya 5 hasta dan lebarnya 5 hasta, bentuknya persegi dengan tinggi 3 hasta.","Bezaleel membuat mazbah kurban bakaran dari kayu penaga berbentuk empat persegi, lima hasta panjangnya, lima hasta lebarnya, dan tiga hasta tingginya.",
Keluaran,38,2,Keluaran 38:2,وَصَنَعَ قُرُونَهُ عَلَى زَوَايَاهُ ٱلْأَرْبَعِ. مِنْهُ كَانَتْ قُرُونُهُ. وَغَشَّاهُ بِنُحَاسٍ.,"Dia membuat tanduk-tanduk untuk empat sudutnya dan tanduk-tanduk dibuat seiras dengannya, lalu dia melapisinya dengan perunggu.","Dibuatnya tanduk-tanduk pada keempat penjurunya, seiras dengan tempat persembahan itu, lalu disalutnya dengan tembaga.",
Keluaran,38,3,Keluaran 38:3,وَصَنَعَ جَمِيعَ آنِيَةِ ٱلْمَذْبَحِ: ٱلْقُدُورَ وَٱلرُّفُوشَ وَٱلْمَرَاكِنَ وَٱلْمَنَاشِلَ وَٱلْمَجَامِرَ، جَمِيعَ آنِيَتِهِ صَنَعَهَا مِنْ نُحَاسٍ.,"Dia membuat segala perkakas untuk mazbah itu, yaitu belanga-belanganya, sekop-sekopnya, bokor-bokornya, garpu-garpunya, dan perbaraannya; dia membuat segala perkakas itu dari perunggu.","Ia juga membuat segala perlengkapan mazbah atau tempat pembakaran kurban itu, yaitu kuali-kualinya, penyodok-penyodoknya, bokor-bokornya, garpu-garpunya, dan perbaraan-perbaraannya, semuanya dari tembaga.",
Keluaran,38,4,Keluaran 38:4,وَصَنَعَ لِلْمَذْبَحِ شُبَّاكَةً صَنْعَةَ ٱلشَّبَكَةِ مِنْ نُحَاسٍ، تَحْتَ حَاجِبِهِ مِنْ أَسْفَلُ إِلَى نِصْفِهِ.,"Kemudian, dia membuat terali dari jala-jala perunggu di bawah pinggiran mazbah dari sebelah bawah sampai ke tengah-tengah mazbah itu.","Kemudian, dipasangnya jeruji, yaitu jala-jala tembaga, pada mazbah itu di bawah jalur tepi, mulai dari bagian bawah hingga jala-jala itu mencapai setengah tinggi mazbah.",
Keluaran,38,5,Keluaran 38:5,وَسَبَكَ أَرْبَعَ حَلَقَاتٍ فِي ٱلْأَرْبَعَةِ ٱلْأَطْرَافِ لِشُبَّاكَةِ ٱلنُّحَاسِ بُيُوتًا لِلْعَصَوَيْنِ.,"Kemudian, dia menuang empat gelang untuk empat sudut terali perunggu itu sebagai tempat pengusung-pengusungnya.",Dituangnya empat gelang untuk dipasang pada keempat penjuru jeruji tembaga itu sebagai tempat memasukkan kayu pengusung.,
Keluaran,38,6,Keluaran 38:6,وَصَنَعَ ٱلْعَصَوَيْنِ مِنْ خَشَبِ ٱلسَّنْطِ وَغَشَّاهُمَا بِنُحَاسٍ.,Dia membuat pengusung-pengusung itu dari kayu akasia dan melapisinya dengan perunggu.,"Lalu, dibuatnya pengusung dari kayu penaga dan disalutnya dengan tembaga.",
Keluaran,38,7,Keluaran 38:7,وَأَدْخَلَ ٱلْعَصَوَيْنِ فِي ٱلْحَلَقَاتِ عَلَى جَانِبَيِ ٱلْمَذْبَحِ لِحَمْلِهِ بِهِمَا. مُجَوَّفًا صَنَعَهُ مِنْ أَلْوَاحٍ.,Dia memasukkan pengusung-pengusung itu ke dalam gelang-gelang yang ada di sisi mazbah yang dengannya mazbah itu dapat diusung. Dia membuat mazbah itu dari papan yang berongga.,"Selanjutnya, ia memasukkan kayu-kayu pengusung itu ke dalam gelang-gelang yang ada pada rusuk-rusuk mazbah itu supaya dengan kayu itu mazbah dapat diusung. Mazbah itu dibuatnya dari papan serta berongga.",
Keluaran,38,8,Keluaran 38:8,وَصَنَعَ ٱلْمِرْحَضَةَ مِنْ نُحَاسٍ وَقَاعِدَتَهَا مِنْ نُحَاسٍ. مِنْ مَرَائِي ٱلْمُتَجَنِّدَاتِ ٱللَّوَاتِي تَجَنَّدْنَ عِنْدَ بَابِ خَيْمَةِ ٱلِٱجْتِمَاعِ.,Dia membuat bejana perunggu. Alasnya juga dibuat dari perunggu yang diperoleh dari cermin-cermin para perempuan yang melayani di pintu tenda pertemuan.,Bezaleel pun membuat bejana pembasuhan dari tembaga dengan alas dari tembaga juga. Tembaga itu didapatnya dari cermin-cermin para pelayan perempuan yang menunaikan tugas di pintu Kemah Hadirat Allah.,
Keluaran,38,9,Keluaran 38:9,وَصَنَعَ ٱلدَّارَ: إِلَى جِهَةِ ٱلْجَنُوبِ نَحْوَ ٱلتَّيْمَنِ، أَسْتَارُ ٱلدَّارِ مِنْ بُوصٍ مَبْرُومٍ مِئَةُ ذِرَاعٍ،,"Selanjutnya, Bezaleel membuat pelataran. Di sisi selatan, tirai pelataran itu terbuat dari linen halus yang dipintal yang panjangnya 100 hasta,","Selanjutnya, Bezaleel membuat pelataran. Dipagarinya sebelah selatan pelataran itu dengan kain lenan halus yang dipintal, seratus hasta panjangnya,",
Keluaran,38,10,Keluaran 38:10,أَعْمِدَتُهَا عِشْرُونَ، وَقَوَاعِدُهَا عِشْرُونَ مِنْ نُحَاسٍ. رُزَزُ ٱلْأَعْمِدَةِ وَقُضْبَانُهَا مِنْ فِضَّةٍ.,dengan dua puluh tiang dan dua puluh alasnya yang terbuat dari perunggu. Kaitan tiang-tiang itu dan penyambungnya terbuat dari perak.,disangga oleh dua puluh batang tiang dengan dua puluh alas dari tembaga. Kaitan-kaitan tiang itu serta penghubung-penghubungnya dibuat dari perak.,
Keluaran,38,11,Keluaran 38:11,وَإِلَى جِهَةِ ٱلشِّمَالِ، مِئَةُ ذِرَاعٍ، أَعْمِدَتُهَا عِشْرُونَ وَقَوَاعِدُهَا عِشْرُونَ مِنْ نُحَاسٍ. رُزَزُ ٱلْأَعْمِدَةِ وَقُضْبَانُهَا مِنْ فِضَّةٍ.,"Tirai di sisi utara panjangnya 100 hasta, dengan dua puluh tiang dan dua puluh alasnya yang terbuat dari perunggu. Pada sisi utara, juga terdapat tirai sepanjang 100 hasta, dua puluh tiang penyangga tirai, dan dua puluh alasnya yang terbuat dari perunggu. Kaitan tiang-tiang itu dan penyambungnya terbuat dari perak.","Demikian pula halnya di sebelah utara, kain lenan sepanjang seratus hasta dibentangkan, disangga oleh dua puluh batang tiang dengan dua puluh alas dari tembaga. Kaitan-kaitan tiang serta penghubung-penghubungnya dibuat dari perak.",
Keluaran,38,12,Keluaran 38:12,وَإِلَى جِهَةِ ٱلْغَرْبِ أَسْتَارٌ، خَمْسُونَ ذِرَاعًا، أَعْمِدَتُهَا عَشَرَةٌ وَقَوَاعِدُهَا عَشْرٌ. رُزَزُ ٱلْأَعْمِدَةِ وَقُضْبَانُهَا مِنْ فِضَّةٍ.,"Di sisi barat, terdapat tirai berukuran 50 hasta dengan sepuluh tiang dan sepuluh alasnya. Kaitan tiang-tiang itu dan penyambungnya terbuat dari perak.","Di sebelah barat dibentangkan kain lenan sepanjang lima puluh hasta, disangga oleh sepuluh batang tiang lengkap dengan sepuluh alasnya. Kaitan-kaitan tiang itu serta penghubung-penghubungnya dibuat dari perak.",
Keluaran,38,13,Keluaran 38:13,وَإِلَى جِهَةِ ٱلشَّرْقِ نَحْوَ ٱلشُّرُوقِ، خَمْسُونَ ذِرَاعًا.,"Untuk sisi timur, ukurannya juga 50 hasta.","Lebar batas sebelah timur pun lima puluh hasta,",
Keluaran,38,14,Keluaran 38:14,لِلْجَانِبِ ٱلْوَاحِدِ أَسْتَارٌ خَمْسَ عَشْرَةَ ذِرَاعًا، أَعْمِدَتُهَا ثَلَاثَةٌ وَقَوَاعِدُهَا ثَلَاثٌ.,Tirai-tirai untuk satu sisi gerbang berukuran 15 hasta dengan tiga tiang dan tiga alasnya.,"di sisi yang satu dibentangkan lima belas hasta kain lenan, disangga oleh tiga batang tiang dengan tiga alasnya,",
Keluaran,38,15,Keluaran 38:15,وَلِلْجَانِبِ ٱلثَّانِي مِنْ بَابِ ٱلدَّارِ إِلَى هُنَا وَإِلَى هُنَا أَسْتَارٌ خَمْسَ عَشَرَةَ ذِرَاعًا، أَعْمِدَتُهَا ثَلَاثَةٌ وَقَوَاعِدُهَا ثَلَاثٌ.,Begitu pula untuk sisi yang satunya. Pada dua sisi gerbang pelataran itu terdapat tirai berukuran 15 hasta dengan tiga tiang dan tiga alasnya.,"demikian juga di sisi lainnya. Jadi, sebelah kiri dan kanan pintu gerbang pelataran itu tertutup kain sepanjang lima belas hasta, disangga oleh tiga batang tiang lengkap dengan tiga alasnya.",
Keluaran,38,16,Keluaran 38:16,جَمِيعُ أَسْتَارِ ٱلدَّارِ حَوَالَيْهَا مِنْ بُوصٍ مَبْرُومٍ،,Semua tirai di sekeliling pelataran terbuat dari linen halus yang dipintal.,"Dengan demikian, sekeliling pelataran itu dipagari oleh kain lenan halus yang dipintal.",
Keluaran,38,17,Keluaran 38:17,وَقَوَاعِدُ ٱلْأَعْمِدَةِ مِنْ نُحَاسٍ. رُزَزُ ٱلْأَعْمِدَةِ وَقُضْبَانُهَا مِنْ فِضَّةٍ وَتَغْشِيَةُ رُؤُوسِهَا مِنْ فِضَّةٍ وَجَمِيعُ أَعْمِدَةِ ٱلدَّارِ مَوْصُولَةٌ بِقُضْبَانٍ مِنْ فِضَّةٍ.,"Alas tiang-tiangnya terbuat dari perunggu, kaitan tiang-tiang dan penyambung-penyambungnya terbuat dari perak, dan lapisan bagian atasnya terbuat dari perak. Semua tiang pelataran itu tersambung dengan perak.","Alas-alas untuk tiang-tiangnya dibuat dari tembaga, sedangkan kaitan-kaitan serta penghubung-penghubungnya dari perak. Kepala masing-masing tiang bersalutkan perak, dan semua tiang pelataran itu dihubungkan dengan perak.",
Keluaran,38,18,Keluaran 38:18,وَسَجْفُ بَابِ ٱلدَّارِ صَنْعَةَ ٱلطَّرَّازِ مِنْ أَسْمَانْجُونِيٍّ وَأُرْجُوَانٍ وَقِرْمِزٍ وَبُوصٍ مَبْرُومٍ، وَطُولُهُ عِشْرُونَ ذِرَاعًا، وَٱرْتِفَاعُهُ بِٱلْعَرْضِ خَمْسُ أَذْرُعٍ بِسَوِيَّةِ أَسْتَارِ ٱلدَّارِ،,"Tirai gerbang untuk pelataran itu adalah karya seorang penyulam yang terbuat dari kain biru, kain ungu, kain kirmizi, dan linen halus yang dipintal. Panjangnya adalah 20 hasta dan lebarnya adalah 5 hasta, sama dengan tirai-tirai pelataran.","Tirai pintu gerbang pelataran terbuat dari kain biru, kain ungu, kain merah tua, dan lenan halus yang dipintal, berhiaskan sulaman. Panjangnya dua puluh hasta, dan tingginya—yaitu lebarnya—lima hasta, sama seperti lebar kain yang memagari pelataran itu.",
Keluaran,38,19,Keluaran 38:19,وَأَعْمِدَتُهَا أَرْبَعَةٌ، وَقَوَاعِدُهَا أَرْبَعٌ مِنْ نُحَاسٍ. رُزَزُهَا مِنْ فِضَّةٍ، وَتَغْشِيَةُ رُؤُوسِهَا وَقُضْبَانِهَا مِنْ فِضَّةٍ.,"Empat tiang dan empat alasnya terbuat dari perunggu, kaitan tiang-tiangnya dari perak, dan lapisan bagian atasnya maupun penyambung-penyambungnya terbuat dari perak.","Tirai pintu itu disangga oleh empat batang tiang, lengkap dengan empat alas dari tembaga. Kaitan-kaitan serta penghubung-penghubungnya dibuat dari perak, kepala tiangnya pun bersalutkan perak.",
Keluaran,38,20,Keluaran 38:20,وَجَمِيعُ أَوْتَادِ ٱلْمَسْكَنِ وَٱلدَّارِ حَوَالَيْهَا مِنْ نُحَاسٍ.,Semua patok untuk Tenda Suci dan untuk pelataran di sekelilingnya terbuat dari perunggu.,Semua pancang untuk Kemah Suci serta pancang untuk sekeliling pelataran itu dibuat dari tembaga.,
Keluaran,38,21,Keluaran 38:21,هَذَا هُوَ ٱلْمَحْسُوبُ لِلْمَسْكَنِ، مَسْكَنِ ٱلشَّهَادَةِ ٱلَّذِي حُسِبَ بِمُوجَبِ أَمْرِ مُوسَى بِخِدْمَةِ ٱللَّاوِيِّينَ عَلَى يَدِ إِيثَامَارَ بْنِ هَارُونَ ٱلْكَاهِنِ.,"Inilah jumlah segala sesuatu untuk Tenda Suci, yaitu Tenda Kesaksian, yang dihitung berdasarkan perintah Musa sebagai pelayanan dari orang Lewi, di bawah pimpinan Itamar, anak Imam Harun.","Inilah daftar dari segala sesuatu yang dipakai untuk Kemah Suci, yaitu Kemah Suci tempat loh hukum. Daftar itu disusun oleh orang Lewi di bawah pimpinan Itamar, anak Imam Harun, atas perintah Musa.",
Keluaran,38,22,Keluaran 38:22,وَبَصَلْئِيلُ بْنُ أُورِي بْنِ حُورَ مِنْ سِبْطِ يَهُوذَا صَنَعَ كُلَّ مَا أَمَرَ بِهِ ٱلرَّبُّ مُوسَى.,"Bezaleel anak Uri, anak Hur, dari suku Yehuda mengerjakan segala sesuatu yang diperintahkan TUHAN kepada Musa.","Bezaleel bin Uri bin Hur, dari suku Yuda, mengerjakan semua yang diperintahkan ALLAH kepada Musa.",
Keluaran,38,23,Keluaran 38:23,وَمَعَهُ أُهُولِيآبُ بْنُ أَخِيسَامَاكَ مِنْ سِبْطِ دَانَ، نَقَّاشٌ وَمُوَشٍّ وَطَرَّازٌ بِٱلْأَسْمَانْجُونِيِّ وَٱلْأُرْجُوَانِ وَٱلْقِرْمِزِ وَٱلْبُوصِ.,"Bersama dengan dia ada Aholiab, anak Ahisamakh, dari suku Dan, orang yang ahli dalam mengukir, dan merancang, dan menyulam kain biru, kain ungu, dan kain kirmizi, dan linen halus.","Ia dibantu oleh Aholiab bin Ahisamakh dari suku Dan, seorang yang ahli dalam mengukir, merancang, juga menyulam kain biru, kain ungu, kain merah tua, dan lenan halus.",
Keluaran,38,24,Keluaran 38:24,كُلُّ ٱلذَّهَبِ ٱلْمَصْنُوعِ لِلْعَمَلِ فِي جَمِيعِ عَمَلِ ٱلْمَقْدِسِ، وَهُوَ ذَهَبُ ٱلتَّقْدِمَةِ: تِسْعٌ وَعِشْرُونَ وَزْنَةً وَسَبْعُ مِئَةِ شَاقِلٍ وَثَلَاثُونَ شَاقِلًا بِشَاقِلِ ٱلْمَقْدِسِ.,"Seluruh jumlah emas yang digunakan dalam pekerjaan itu, berkaitan dengan segala pekerjaan tempat kudus itu, termasuk emas persembahan adalah 29 talenta dan 730 syikal, menurut ukuran syikal tempat kudus.","Jumlah seluruh emas, yaitu emas persembahan unjukan yang dipakai untuk segala jenis pekerjaan mendirikan tempat suci adalah 29 talenta dan 730 syikal, menurut syikal resmi Kemah Suci.",
Keluaran,38,25,Keluaran 38:25,وَفِضَّةُ ٱلْمَعْدُودِينَ مِنَ ٱلْجَمَاعَةِ مِئَةُ وَزْنَةٍ وَأَلْفٌ وَسَبْعُ مِئَةِ شَاقِلٍ وَخَمْسَةٌ وَسَبْعُونَ شَاقِلًا بِشَاقِلِ ٱلْمَقْدِسِ.,"Jumlah perak dari jemaat yang terhitung adalah 100 talenta dan 1.775 syikal, menurut ukuran syikal tempat kudus,",Sedangkan perak persembahan dari orang-orang yang terdaftar di antara umat itu berjumlah 100 talenta dan 1.775 syikal menurut syikal resmi Kemah Suci.,
Keluaran,38,26,Keluaran 38:26,لِلرَّأْسِ نِصْفٌ، نِصْفُ ٱلشَّاقِلِ بِشَاقِلِ ٱلْمَقْدِسِ. لِكُلِّ مَنِ ٱجْتَازَ إِلَى ٱلْمَعْدُودِينَ مِنِ ٱبْنِ عِشْرِينَ سَنَةً فَصَاعِدًا، لِسِتِّ مِئَةِ أَلْفٍ وَثَلَاثَةِ آلَافٍ وَخَمْسِ مِئَةٍ وَخَمْسِينَ.,"satu beka per orang, yaitu setengah syikal, menurut syikal tempat kudus, untuk setiap orang yang terhitung, mulai dari yang berumur 20 tahun ke atas, yaitu 603.550 orang.","Setiap orang mempersembahkan sebeka, yaitu setengah syikal, menurut syikal resmi Kemah Suci. Jumlah mereka yang terdaftar, yaitu mereka yang berumur dua puluh tahun ke atas, adalah 603.550 orang.",
Keluaran,38,27,Keluaran 38:27,وَكَانَتْ مِئَةُ وَزْنَةٍ مِنَ ٱلْفِضَّةِ لِسَبْكِ قَوَاعِدِ ٱلْمَقْدِسِ وَقَوَاعِدِ ٱلْحِجَابِ. مِئَةُ قَاعِدَةٍ لِلْمِئَةِ وَزْنَةٍ. وَزْنَةٌ لِلْقَاعِدَةِ.,"Seratus talenta perak digunakan untuk menuang alas-alas tempat kudus dan alas-alas tirai; seratus alas dari seratus talenta, satu talenta untuk satu alas.","Seratus talenta perak dipakai sebagai perak tuangan untuk alas-alas tempat suci dan alas-alas tiang tabir itu, yang seluruhnya berjumlah seratus. Jadi, satu talenta untuk satu alas.",
Keluaran,38,28,Keluaran 38:28,وَٱلْأَلْفُ وَٱلسَّبْعُ مِئَةِ شَاقِلٍ وَٱلْخَمْسَةُ وَٱلسَّبْعُونَ شَاقِلًا صَنَعَ مِنْهَا رُزَزًا لِلْأَعْمِدَةِ وَغَشَّى رُؤُوسَهَا وَوَصَلَهَا بِقُضْبَانٍ.,"Dari 1.775 syikal perak, dia membuat kaitan-kaitan tiang, dan melapisi bagian atasnya, lalu menyambungkannya.","Sedangkan 1.775 syikal perak sisanya dipakai untuk membuat kaitan-kaitan tiang-tiang, untuk menyalut kepala-kepala tiang, dan membuat penghubung-penghubungnya.",
Keluaran,38,29,Keluaran 38:29,وَنُحَاسُ ٱلتَّقْدِمَةِ سَبْعُونَ وَزْنَةً وَأَلْفَانِ وَأَرْبَعُ مِئَةِ شَاقِلٍ.,Jumlah persembahan unjukan yang berupa perunggu adalah 70 talenta dan 2.400 syikal.,Tembaga persembahan unjukan berjumlah 70 talenta dan 2.400 syikal.,
Keluaran,38,30,Keluaran 38:30,وَمِنْهُ صَنَعَ قَوَاعِدَ بَابِ خَيْمَةِ ٱلِٱجْتِمَاعِ وَمَذْبَحَ ٱلنُّحَاسِ وَشُبَّاكَةَ ٱلنُّحَاسِ ٱلَّتِي لَهُ وَجَمِيعَ آنِيَةِ ٱلْمَذْبَحِ,"Dengan itu, dia membuat alas untuk pintu tenda pertemuan, mazbah perunggu, dan jala-jala perunggunya, dan segala perkakas mazbah,","Dari semua itu dibuat alas-alas pintu Kemah Hadirat Allah, mazbah dari tembaga lengkap dengan jala-jalanya, segala perlengkapan mazbah,",
Keluaran,38,31,Keluaran 38:31,وَقَوَاعِدَ ٱلدَّارِ حَوَالَيْهَا وَقَوَاعِدَ بَابِ ٱلدَّارِ وَجَمِيعَ أَوْتَادِ ٱلْمَسْكَنِ وَجَمِيعَ أَوْتَادِ ٱلدَّارِ حَوَالَيْهَا.,"dan alas-alas untuk pelataran di sekelilingnya, dan alas untuk gerbang pelataran, termasuk semua patok Tenda Suci dan patok-patok di sekeliling pelataran.","alas-alas sekeliling pelataran, alas-alas pintu gerbang pelataran, semua pancang Kemah Suci, dan semua pancang sekeliling pelataran.",
Keluaran,39,1,Keluaran 39:1,وَمِنَ ٱلْأَسْمَانْجُونِيِّ وَٱلْأُرْجُوَانِ وَٱلْقِرْمِزِ صَنَعُوا ثِيَابًا مَنْسُوجَةً لِلْخِدْمَةِ فِي ٱلْمَقْدِسِ، وَصَنَعُوا ٱلثِّيَابَ ٱلْمُقَدَّسَةَ ٱلَّتِي لِهَارُونَ، كَمَا أَمَرَ ٱلرَّبُّ مُوسَى.,"Dari kain biru, dan kain ungu, dan kain kirmizi, mereka membuat pakaian yang dipintal untuk melakukan pelayanan di tempat kudus, dan membuat pakaian kudus untuk Harun, sebagaimana yang TUHAN perintahkan kepada Musa.","Dari kain biru, kain ungu, dan kain merah tua, Bezaleel dan Aholiab membuat pakaian yang halus tenunannya untuk penyelenggaraan ibadah di tempat suci. Mereka juga membuat pakaian suci untuk Harun, seperti yang diperintahkan ALLAH kepada Musa.",
Keluaran,39,2,Keluaran 39:2,فَصَنَعَ ٱلرِّدَاءَ مِنْ ذَهَبٍ وَأَسْمَانْجُونِيٍّ وَأُرْجُوَانٍ وَقِرْمِزٍ وَبُوصٍ مَبْرُومٍ.,"Bezaleel membuat baju efod dari emas, dan dari kain biru, kain ungu, kain kirmizi, dan linen halus yang dipintal.","Baju efod mereka buat dari bahan emas, kain biru, kain ungu, kain merah tua, dan lenan halus yang dipintal.",
Keluaran,39,3,Keluaran 39:3,وَمَدُّوا ٱلذَّهَبَ صَفَائِحَ وَقَدُّوهَا خُيُوطًا لِيَصْنَعُوهَا فِي وَسَطِ ٱلْأَسْمَانْجُونِيِّ وَٱلْأُرْجُوَانِ وَٱلْقِرْمِزِ وَٱلْبُوصِ، صَنْعَةَ ٱلْمُوَشِّي.,"Kemudian, mereka menempa emas menjadi lembaran-lembaran emas dan memotong-motongnya menjadi benang untuk disulamkan pada kain biru, dan kain ungu, dan kain kirmizi, dan linen halus, buatan ahli tenun.","Emas ditempa menjadi lembaran, lalu dipotong-potong menjadi benang untuk disulamkan pada kain biru, kain ungu, kain merah tua, dan lenan halus menurut rancangan seorang ahli.",
Keluaran,39,4,Keluaran 39:4,وَصَنَعُوا لَهُ كَتِفَيْنِ مَوْصُولَيْنِ. عَلَى طَرَفَيْهِ ٱتَّصَلَ.,Mereka membuat penutup bahu untuk baju efod itu dan menyambungnya menjadi satu dengan menyatukannya pada dua ujungnya.,"Kemudian, dibuat tali penutup bahu yang bersambung pada kedua ujung baju efod itu.",
Keluaran,39,5,Keluaran 39:5,وَزُنَّارُ شَدِّهِ ٱلَّذِي عَلَيْهِ كَانَ مِنْهُ كَصَنْعَتِهِ مِنْ ذَهَبٍ وَأَسْمَانْجُونِيٍّ وَقِرْمِزٍ وَبُوصٍ مَبْرُومٍ، كَمَا أَمَرَ ٱلرَّبُّ مُوسَى.,"Ikat pinggang yang ditenun dengan terampil, yang terdapat padanya, dibuat dari bahan yang sama menurut pengerjaannya, yaitu dari emas, dan kain biru, dan kain ungu, dan kain kirmizi, dan linen halus yang dipintal, sebagaimana yang telah diperintahkan TUHAN kepada Musa.","Sabuk pengikat bertenun pelik disambungkan pula pada baju efod itu, seiras dan sama buatannya, yaitu dari emas, kain biru, kain ungu, kain merah tua, dan lenan halus yang dipintal, seperti yang diperintahkan ALLAH kepada Musa.",
Keluaran,39,6,Keluaran 39:6,وَصَنَعُوا حَجَرَيِ ٱلْجَزْعِ مُحَاطَيْنِ بِطَوْقَيْنِ مِنْ ذَهَبٍ مَنْقُوشَيْنِ نَقْشَ ٱلْخَاتِمِ عَلَى حَسَبِ أَسْمَاءِ بَنِي إِسْرَائِيلَ.,"Mereka mengerjakan permata-permata krisopras yang dililit dengan ikatan emas, lalu diukir seperti ukiran meterai dengan nama-nama anak Israel.","Mereka mengerjakan pula permata unam. Permata-permata itu dililit dengan ikatan emas, lalu padanya diukirkan nama-nama anak-anak Israil, seperti tukang permata mengukir meterai.",
Keluaran,39,7,Keluaran 39:7,وَوَضَعَهُمَا عَلَى كَتِفَيِ ٱلرِّدَاءِ حَجَرَيْ تَذْكَارٍ لِبَنِي إِسْرَائِيلَ، كَمَا أَمَرَ ٱلرَّبُّ مُوسَى.,"Mereka menempatkannya pada penutup bahu efod sebagai permata peringatan akan anak-anak Israel, seperti yang telah diperintahkan TUHAN kepada Musa.","Setelah itu, mereka menaruh permata-permata itu pada tali-tali penutup bahu baju efod sebagai permata pengingat untuk mengingat anak-anak Israil, seperti yang diperintahkan ALLAH kepada Musa.",
Keluaran,39,8,Keluaran 39:8,وَصَنَعَ ٱلصُّدْرَةَ صَنْعَةَ ٱلْمُوَشِّي كَصَنْعَةِ ٱلرِّدَاءِ مِنْ ذَهَبٍ وَأَسْمَانْجُونِيٍّ وَأُرْجُوَانٍ وَقِرْمِزٍ وَبُوصٍ مَبْرُومٍ.,"Kemudian, Bezaleel membuat tutup dada, buatan seorang ahli, seperti pengerjaan untuk baju efod: dari emas, kain biru, kain ungu, kain kirmizi, dan linen halus yang dipintal.","Selanjutnya, mereka membuat penutup dada, melalui tangan seorang ahli. Bahannya sama seperti baju efod itu, yaitu emas, kain biru, kain ungu, kain merah tua, dan lenan halus yang dipintal.",
Keluaran,39,9,Keluaran 39:9,كَانَتْ مُرَبَّعَةً. مَثْنِيَّةً صَنَعُوا ٱلصُّدْرَةَ. طُولُهَا شِبْرٌ وَعَرْضُهَا شِبْرٌ مَثْنِيَّةً.,"Bentuknya persegi, mereka membuat tutup dada itu dilipat dua, sejengkal panjangnya dan sejengkal lebarnya.","Bentuknya empat persegi, dibuat berlapis dua, sejengkal panjangnya, dan sejengkal lebarnya.",
Keluaran,39,10,Keluaran 39:10,وَرَصَّعُوا فِيهَا أَرْبَعَةَ صُفُوفِ حِجَارَةٍ. صَفُّ: عَقِيقٌ أَحْمَرُ وَيَاقُوتٌ أَصْفَرُ وَزُمُرُّدٌ، ٱلصَّفُّ ٱلْأَوَّلُ.,"Lalu, mereka memasang empat baris batu permata pada baju efod itu. Baris pertama: permata yaspis merah, krisolit, dan malakit, itulah baris pertama.","Padanya mereka tatahkan empat baris permata. Baris pertama terdiri dari akik merah, manikam kuning, dan zamrud.",
Keluaran,39,11,Keluaran 39:11,وَٱلصَّفُّ ٱلثَّانِي: بَهْرَمَانُ وَيَاقُوتٌ أَزْرَقُ وَعَقِيقٌ أَبْيَضُ.,"Baris kedua: permata batu darah, lazurit, dan yaspis hijau.","Baris kedua terdiri dari pirus, nilam, dan intan.",
Keluaran,39,12,Keluaran 39:12,وَٱلصَّفُّ ٱلثَّالِثُ: عَيْنُ ٱلْهِرِّ وَيَشْمٌ وَجَمَسْتُ.,"Baris ketiga: permata ambar, akik, dan kecubung.","Baris ketiga terdiri dari yakut, akik putih, dan kecubung.",
Keluaran,39,13,Keluaran 39:13,وَٱلصَّفُّ ٱلرَّابِعُ: زَبَرْجَدٌ وَجَزْعٌ وَيَشْبٌ. مُحَاطَةٌ بِأَطْوَاقٍ مِنْ ذَهَبٍ فِي تَرْصِيعِهَا.,"Baris keempat: permata pirus, krisopras, dan nefrit. Semua dililit dengan ikatan emas ketika mereka memasangnya.","Baris keempat terdiri dari topas, unam, dan giok. Semua itu dililit dengan ikatan emas dalam tatahannya.",
Keluaran,39,14,Keluaran 39:14,وَٱلْحِجَارَةُ كَانَتْ عَلَى أَسْمَاءِ بَنِي إِسْرَائِيلَ، ٱثْنَيْ عَشَرَ عَلَى أَسْمَائِهِمْ كَنَقْشِ ٱلْخَاتِمِ. كُلُّ وَاحِدٍ عَلَى ٱسْمِهِ لِلِٱثْنَيْ عَشَرَ سِبْطًا.,"Batu-batu permata itu sesuai dengan nama anak-anak Israel, yaitu dua belas, yang diukir seperti ukiran meterai, masing-masing dengan namanya untuk dua belas suku.","Jumlah permata ini dua belas buah sesuai dengan jumlah nama anak Israil. Masing-masing diukir seperti meterai, bertuliskan satu nama dari kedua belas suku itu.",
Keluaran,39,15,Keluaran 39:15,وَصَنَعُوا عَلَى ٱلصُّدْرَةِ سَلَاسِلَ مَجْدُولَةً صَنْعَةَ ٱلضَّفْرِ مِنْ ذَهَبٍ نَقِيٍّ.,"Pada tutup dada itu, mereka membuat rantai dari emas murni yang dijalin seperti tali.","Untuk penutup dada itu mereka membuat beberapa rantai dari emas tulen, yang terjalin seperti tali.",
Keluaran,39,16,Keluaran 39:16,وَصَنَعُوا طَوْقَيْنِ مِنْ ذَهَبٍ وَحَلْقَتَيْنِ مِنْ ذَهَبٍ، وَجَعَلُوا ٱلْحَلْقَتَيْنِ عَلَى طَرَفَيِ ٱلصُّدْرَةِ.,"Mereka membuat dua sulaman emas dan dua gelang emas, lalu memasang dua gelang itu pada kedua ujung tutup dada.","Lalu, mereka membuat dua ikatan emas dan dua gelang emas. Kedua gelang itu mereka pasangkan pada kedua ujung penutup dada,",
Keluaran,39,17,Keluaran 39:17,وَجَعَلُوا ضَفِيرَتَيِ ٱلذَّهَبِ فِي ٱلْحَلْقَتَيْنِ عَلَى طَرَفَيِ ٱلصُّدْرَةِ.,Mereka memasukkan dua rantai emas itu ke dalam dua gelang yang ada pada kedua ujung tutup dada.,dan pada gelang itu mereka sambungkan kedua jalinan rantai emas tadi.,
Keluaran,39,18,Keluaran 39:18,وَطَرَفَا ٱلضَّفِيرَتَيْنِ جَعَلُوهُمَا فِي ٱلطَّوْقَيْنِ، وَجَعَلُوهُمَا عَلَى كَتِفَيِ ٱلرِّدَاءِ إِلَى قُدَّامِهِ.,"Lalu, dua ujung dari dua rantai emas itu mereka sambungkan dengan dua sulaman emas dan dipasang pada penutup bahu baju efod di bagian depannya.","Dua ujung yang lain dari kedua jalinan itu mereka pasangkan pada dua ikatan permata tadi. Dengan demikian, keduanya terpasang pada tali-tali bahu baju efod di sebelah depan.",
Keluaran,39,19,Keluaran 39:19,وَصَنَعُوا حَلْقَتَيْنِ مِنْ ذَهَبٍ وَوَضَعُوهُمَا عَلَى طَرَفَيِ ٱلصُّدْرَةِ. عَلَى حَاشِيَتِهَا ٱلَّتِي إِلَى جِهَةِ ٱلرِّدَاءِ مِنْ دَاخِلٍ.,"Setelah itu, mereka membuat dua gelang emas dan memasangnya pada dua ujung tutup dada, yaitu di pinggirannya, yang ada di sisi sebelah dalam baju efod.","Kemudian, mereka membuat lagi dua gelang emas dan memasangnya pada dua ujung penutup dada di lapisan sebelah dalam, yang berhadapan langsung dengan baju efod.",
Keluaran,39,20,Keluaran 39:20,وَصَنَعُوا حَلْقَتَيْنِ مِنْ ذَهَبٍ وَجَعَلُوهُمَا عَلَى كَتِفَيِ ٱلرِّدَاءِ مِنْ أَسْفَلُ مِنْ قُدَّامِهِ عِنْدَ وَصْلِهِ فَوْقَ زُنَّارِ ٱلرِّدَاءِ.,"Lalu, mereka membuat lagi dua gelang emas dan menempatkannya di bawah penutup bahu baju efod bagian depan, di dekat sambungannya, di atas ikat pinggang baju efod.","Selain itu, mereka juga membuat dua gelang emas lain dan memasangnya pada bagian bawah dari kedua tali bahu baju efod di sebelah depan, dekat sambungannya, di atas sabuk pengikat baju efod bertenun pelik.",
Keluaran,39,21,Keluaran 39:21,وَرَبَطُوا ٱلصُّدْرَةَ بِحَلْقَتَيْهَا إِلَى حَلْقَتَيِ ٱلرِّدَاءِ بِخَيْطٍ مِنْ أَسْمَانْجُونِيٍّ لِيَكُونَ عَلَى زُنَّارِ ٱلرِّدَاءِ، وَلَا تُنْزَعُ ٱلصُّدْرَةُ عَنِ ٱلرِّدَاءِ، كَمَا أَمَرَ ٱلرَّبُّ مُوسَى.,"Mereka mengikat tutup dada itu dari gelang-gelangnya ke gelang-gelang baju efod dengan tali biru agar berada di ikat pinggang baju efod dan agar tutup dada itu tidak lepas dari baju efod, sebagaimana yang telah diperintahkan TUHAN kepada Musa.","Kemudian, gelang penutup dada itu mereka ikatkan pada gelang baju efod dengan tali biru supaya penutup dada itu tetap berada di atas sabuk pengikat baju efod bertenun pelik serta tidak bergeser dari baju efod itu, seperti yang diperintahkan ALLAH kepada Musa.",
Keluaran,39,22,Keluaran 39:22,وَصَنَعَ جُبَّةَ ٱلرِّدَاءِ صَنْعَةَ ٱلنَّسَّاجِ، كُلَّهَا مِنْ أَسْمَانْجُونِيٍّ.,"Bezaleel membuat jubah efod, karya seorang ahli tenun, semuanya dari kain biru,","Mereka juga membuat jubah baju efod, seluruhnya dari kain biru, melalui tangan seorang tukang tenun.",
Keluaran,39,23,Keluaran 39:23,وَفَتْحَةُ ٱلْجُبَّةِ فِي وَسَطِهَا كَفَتْحَةِ ٱلدِّرْعِ، وَلِفَتْحَتِهَا حَاشِيَةٌ حَوَالَيْهَا. لَا تَنْشَقُّ.,dan ada satu lubang di tengah-tengah jubah itu seperti lubang untuk baju zirah dengan pinggiran di sekelilingnya agar tidak mudah koyak.,Tepat di tengah-tengah jubah itu dibuat lubang untuk kepala seperti pada baju zirah dengan pita tenunan di seluruh kelilingnya supaya jangan koyak.,
Keluaran,39,24,Keluaran 39:24,وَصَنَعُوا عَلَى أَذْيَالِ ٱلْجُبَّةِ رُمَّانَاتٍ مِنْ أَسْمَانْجُونِيٍّ وَأُرْجُوَانٍ وَقِرْمِزٍ مَبْرُومٍ.,"Mereka membuat hiasan delima dari kain biru, kain ungu, dan kain kirmizi, dan dari linen halus yang dipintal untuk tepi bawah jubah itu.","Di sekeliling ujung jubah bagian bawah mereka membuat hiasan seperti buah delima dari kain biru, kain ungu, kain merah tua, dan lenan halus yang dipintal.",
Keluaran,39,25,Keluaran 39:25,وَصَنَعُوا جَلَاجِلَ مِنْ ذَهَبٍ نَقِيٍّ، وَجَعَلُوا ٱلْجَلَاجِلَ فِي وَسَطِ ٱلرُّمَّانَاتِ عَلَى أَذْيَالِ ٱلْجُبَّةِ حَوَالَيْهَا فِي وَسَطِ ٱلرُّمَّانَاتِ.,"Mereka juga membuat beberapa kerincing dari emas murni dan memasang kerincing-kerincing itu di antara hiasan delima di sekeliling tepi jubah itu,","Selain itu, mereka membuat kerincing-kerincing dari emas tulen, lalu memasangnya berselang-seling dengan hiasan-hiasan buah delima tadi di sekeliling ujung jubah bagian bawah.",
Keluaran,39,26,Keluaran 39:26,جُلْجُلٌ وَرُمَّانَةٌ. جُلْجُلٌ وَرُمَّانَةٌ. عَلَى أَذْيَالِ ٱلْجُبَّةِ حَوَالَيْهَا لِلْخِدْمَةِ، كَمَا أَمَرَ ٱلرَّبُّ مُوسَى.,"satu kerincing, satu delima, satu kerincing, satu delima, di sekeliling tepi bawah jubah yang dipakai untuk melayani, sebagaimana yang telah diperintahkan TUHAN kepada Musa.","Satu kerincing, lalu satu buah delima, kemudian satu kerincing lagi diikuti satu buah delima, dan seterusnya di sekeliling ujung jubah yang akan dipakai untuk penyelenggaraan ibadah itu, seperti yang diperintahkan ALLAH kepada Musa.",
Keluaran,39,27,Keluaran 39:27,وَصَنَعُوا ٱلْأَقْمِصَةَ مِنْ بُوصٍ صَنْعَةَ ٱلنَّسَّاجِ لِهَارُونَ وَبَنِيهِ.,"Mereka juga membuat baju panjang dari linen halus, karya seorang ahli tenun, untuk Harun dan anak-anaknya,","Setelah itu, untuk Harun dan anak-anaknya dibuat tunik-tunik dari lenan halus, buatan seorang tukang tenun,",
Keluaran,39,28,Keluaran 39:28,وَٱلْعِمَامَةَ مِنْ بُوصٍ، وَعَصَائِبَ ٱلْقَلَانِسِ مِنْ بُوصٍ، وَسَرَاوِيلَ ٱلْكَتَّانِ مِنْ بُوصٍ مَبْرُومٍ.,"dan serban dari linen halus, dan ikat-ikat kepala dari linen halus, dan pakaian dalam dari linen halus yang dipintal,","begitu juga serban-serban dari lenan halus, ikat-ikat kepala yang indah dari lenan halus, celana-celana lenan dari lenan halus yang dipintal,",
Keluaran,39,29,Keluaran 39:29,وَٱلْمِنْطَقَةَ مِنْ بُوصٍ مَبْرُومٍ وَأَسْمَانْجُونِيٍّ وَأُرْجُوَانٍ وَقِرْمِزٍ صَنْعَةَ ٱلطَّرَّازِ، كَمَا أَمَرَ ٱلرَّبُّ مُوسَى.,"ikat-ikat pinggang dari linen halus, dan dari kain biru, kain ungu, dan kain kirmizi buatan seorang penenun, sebagaimana yang telah diperintahkan TUHAN kepada Musa.","serta ikat-ikat pinggang dari lenan halus yang dipintal, kain biru, kain ungu, dan kain merah tua berhiaskan sulaman, seperti yang diperintahkan ALLAH kepada Musa.",
Keluaran,39,30,Keluaran 39:30,وَصَنَعُوا صَفِيحَةَ ٱلْإِكْلِيلِ ٱلْمُقَدَّسِ مِنْ ذَهَبٍ نَقِيٍّ، وَكَتَبُوا عَلَيْهَا كِتَابَةَ نَقْشِ ٱلْخَاتِمِ: «قُدْسٌ لِلرَّبِّ».,"Mereka membuat hiasan mahkota kudus dari emas murni dan menulis tulisan di atasnya, seperti ukiran meterai, “Kudus bagi TUHAN”.","Mereka membuat pula perhiasan kepala yang suci dari emas tulen dan mengukirkan padanya tulisan “Suci bagi ALLAH”, seperti ukiran pada meterai.",
Keluaran,39,31,Keluaran 39:31,وَجَعَلُوا عَلَيْهَا خَيْطَ أَسْمَانْجُونِيٍّ لِتُجْعَلَ عَلَى ٱلْعِمَامَةِ مِنْ فَوْقُ، كَمَا أَمَرَ ٱلرَّبُّ مُوسَى.,"Mereka memasang seutas tali biru pada hiasan itu untuk mengikatnya dengan serban di bagian atas, sebagaimana yang telah diperintahkan TUHAN kepada Musa.","Hiasan itu mereka lengkapi dengan tali biru agar dapat dipasangkan pada bagian atas serban, seperti yang diperintahkan ALLAH kepada Musa.",
Keluaran,39,32,Keluaran 39:32,فَكَمُلَ كُلُّ عَمَلِ مَسْكَنِ خَيْمَةِ ٱلِٱجْتِمَاعِ. وَصَنَعَ بَنُو إِسْرَائِيلَ بِحَسَبِ كُلِّ مَا أَمَرَ ٱلرَّبُّ مُوسَى. هَكَذَا صَنَعُوا.,"Demikianlah semua pengerjaan Tenda Suci, tenda pertemuan itu, selesai. Seluruh keturunan Israel melaksanakannya sesuai dengan semua yang telah TUHAN perintahkan kepada Musa, demikianlah mereka melaksanakannya.","Dengan demikian, selesailah pengerjaan seluruh Kemah Suci, yaitu Kemah Hadirat Allah. Segala sesuatunya dilaksanakan oleh bani Israil sesuai dengan semua yang diperintahkan ALLAH kepada Musa.",
Keluaran,39,33,Keluaran 39:33,وَجَاءُوا إِلَى مُوسَى بِٱلْمَسْكَنِ: ٱلْخَيْمَةِ وَجَمِيعِ أَوَانِيهَا، أَشِظَّتِهَا وَأَلْوَاحِهَا وَعَوَارِضِهَا وَأَعْمِدَتِهَا وَقَوَاعِدِهَا،,"Mereka membawa Tenda Suci itu kepada Musa, yaitu tenda dengan segala perlengkapannya: kait-kaitnya, papan-papannya, palang-palangnya, dan alas-alasnya,","Kemudian, mereka membawa Kemah Suci itu ke hadapan Musa, yaitu: kemah dengan segala perlengkapannya seperti pengait-pengaitnya, papan-papannya, kayu-kayu palangnya, tiang-tiangnya, dan alas-alasnya;",
Keluaran,39,34,Keluaran 39:34,وَٱلْغِطَاءِ مِنْ جُلُودِ ٱلْكِبَاشِ ٱلْمُحَمَّرَةِ، وَٱلْغِطَاءِ مِنْ جُلُودِ ٱلتُّخَسِ، وَحِجَابِ ٱلسَّجْفِ،,"dan tudung dari kulit domba jantan yang dicelup merah, tudung dari kulit lumba-lumba, dan tirai untuk tudung itu,","tudung dari kulit domba jantan yang dicelup merah, tudung dari kulit lumba-lumba, dan tabir penudung;",
Keluaran,39,35,Keluaran 39:35,وَتَابُوتِ ٱلشَّهَادَةِ وَعَصَوَيْهِ، وَٱلْغِطَاءِ،,"tabut kesaksian dan tongkat-tongkat pengusungnya, dan tutup pendamaian,",tabut loh hukum dengan kayu-kayu pengusungnya dan tutup pendamaian;,
Keluaran,39,36,Keluaran 39:36,وَٱلْمَائِدَةِ وَكُلِّ آنِيَتِهَا، وَخُبْزِ ٱلْوُجُوهِ،,"meja dengan segala perlengkapannya dan roti sajian,",meja dengan segala perlengkapannya dan roti persembahan;,
Keluaran,39,37,Keluaran 39:37,وَٱلْمَنَارَةِ ٱلطَّاهِرَةِ وَسُرُجِهَا: ٱلسُّرُجِ لِلتَّرْتِيبِ، وَكُلِّ آنِيَتِهَا وَٱلزَّيْتِ لِلضَّوْءِ،,"kaki dian dari emas murni dengan pelita-pelitanya, pelita yang diatur sesuai susunannya, dan segala perlengkapannya, dan minyak untuk penerangan,","kaki pelita dari emas tulen dengan pelitanya—pelita yang berderet, segala perlengkapannya, dan minyak untuk penerangan;",
Keluaran,39,38,Keluaran 39:38,وَمَذْبَحِ ٱلذَّهَبِ، وَدُهْنِ ٱلْمَسْحَةِ، وَٱلْبَخُورِ ٱلْعَطِرِ، وَٱلسَّجْفِ لِمَدْخَلِ ٱلْخَيْمَةِ،,"dan mazbah emas, dan minyak urapan, dan dupa yang harum, dan tirai untuk pintu Tenda Suci,","mazbah pembakaran dupa dari emas, minyak upacara, dan dupa harum; tirai untuk pintu kemah itu;",
Keluaran,39,39,Keluaran 39:39,وَمَذْبَحِ ٱلنُّحَاسِ، وَشُبَّاكَةِ ٱلنُّحَاسِ ٱلَّتِي لَهُ وَعَصَوَيْهِ وَكُلِّ آنِيَتِهِ، وَٱلْمِرْحَضَةِ وَقَاعِدَتِهَا،,"mazbah perunggu dan jala-jala perunggunya, kayu-kayu pengusungnya dan segala perlengkapannya, bejana dan alasnya,","mazbah dari tembaga dengan jeruji tembaganya, kayu-kayu pengusungnya, dan segala perlengkapannya; bejana pembasuhan dengan alasnya;",
Keluaran,39,40,Keluaran 39:40,وَأَسْتَارِ ٱلدَّارِ وَأَعْمِدَتِهَا وَقَوَاعِدِهَا، وَٱلسَّجْفِ لِبَابِ ٱلدَّارِ وَأَطْنَابِهَا وَأَوْتَادِهَا، وَجَمِيعِ أَوَانِي خِدْمَةِ ٱلْمَسْكَنِ لِخَيْمَةِ ٱلِٱجْتِمَاعِ،,"tirai-tirai untuk pelataran, tiang-tiang dan alas-alasnya, tirai untuk gerbang pelataran, tali-talinya, patok-patoknya, dan segala perlengkapan untuk pelayanan Tenda Suci, untuk tenda pertemuan itu,","kain untuk pagar pelataran dengan tiang-tiang dan alas-alasnya, tirai pintu gerbang pelataran dengan tali-talinya dan pancang-pancangnya, serta segala perlengkapan untuk peribadatan di Kemah Suci, yaitu Kemah Hadirat Allah.",
Keluaran,39,41,Keluaran 39:41,وَٱلثِّيَابِ ٱلْمَنْسُوجَةِ لِلْخِدْمَةِ فِي ٱلْمَقْدِسِ، وَٱلثِّيَابِ ٱلْمُقَدَّسَةِ لِهَارُونَ ٱلْكَاهِنِ وَثِيَابِ بَنِيهِ لِلْكَهَانَةِ.,"pakaian yang dipintal untuk melayani di tempat kudus, pakaian kudus untuk Imam Harun dan untuk anak-anaknya saat melayani sebagai imam.","Selain itu, dibawa pula pakaian yang halus tenunannya untuk penyelenggaraan ibadah di tempat suci, pakaian suci untuk Imam Harun, dan pakaian anak-anaknya untuk menunaikan tugas sebagai imam.",
Keluaran,39,42,Keluaran 39:42,بِحَسَبِ كُلِّ مَا أَمَرَ ٱلرَّبُّ مُوسَى هَكَذَا صَنَعَ بَنُو إِسْرَائِيلَ كُلَّ ٱلْعَمَلِ.,Keturunan Israel melaksanakan segala pekerjaan itu sesuai dengan yang telah TUHAN perintahkan kepada Musa.,Bani Israil melaksanakan segala pekerjaan itu sesuai dengan semua yang diperintahkan ALLAH kepada Musa.,
Keluaran,39,43,Keluaran 39:43,فَنَظَرَ مُوسَى جَمِيعَ ٱلْعَمَلِ، وَإِذَا هُمْ قَدْ صَنَعُوهُ كَمَا أَمَرَ ٱلرَّبُّ. هَكَذَا صَنَعُوا. فَبَارَكَهُمْ مُوسَى.,"Musa memeriksa segala pekerjaan itu, dan lihatlah, mereka melakukannya sesuai dengan yang telah TUHAN perintahkan, demikianlah mereka melaksanakannya, lalu Musa memberkati mereka.","Musa memeriksa seluruh pekerjaan itu, dan nyatalah bahwa mereka sudah melaksanakannya seperti yang diperintahkan ALLAH. Kemudian, Musa memohonkan berkah atas mereka.",
Keluaran,40,1,Keluaran 40:1,وَكَلَّمَ ٱلرَّبُّ مُوسَى قَائِلًا:,"Kemudian, TUHAN berkata kepada Musa, firman-Nya,","ALLAH berfirman kepada Musa,",
Keluaran,40,2,Keluaran 40:2,«فِي ٱلشَّهْرِ ٱلْأَوَّلِ، فِي ٱلْيَوْمِ ٱلْأَوَّلِ مِنَ ٱلشَّهْرِ، تُقِيمُ مَسْكَنَ خَيْمَةِ ٱلِٱجْتِمَاعِ،,"“Pada hari pertama dalam bulan pertama, kamu harus mendirikan Tenda Suci, tenda pertemuan itu.","“Pada hari pertama di bulan pertama dirikanlah Kemah Suci, yaitu Kemah Hadirat Allah.",
Keluaran,40,3,Keluaran 40:3,وَتَضَعُ فِيهِ تَابُوتَ ٱلشَّهَادَةِ. وَتَسْتُرُ ٱلتَّابُوتَ بِٱلْحِجَابِ.,Kamu harus menempatkan tabut kesaksian itu di sana dan tudungilah tabut itu dengan tirai.,Taruhlah di dalamnya tabut loh hukum dan pasanglah tabir di depan tabut itu sebagai sekat.,
Keluaran,40,4,Keluaran 40:4,وَتُدْخِلُ ٱلْمَائِدَةَ وَتُرَتِّبُ تَرْتِيبَهَا. وَتُدْخِلُ ٱلْمَنَارَةَ وَتُصْعِدُ سُرُجَهَا.,"Kamu harus membawa masuk meja itu dan mengatur segala sesuatu yang harus diatur di atasnya, dan kamu juga harus membawa masuk kaki dian itu beserta pelita-pelitanya.","Bawalah meja ke dalam ruangan itu dan aturlah segala perlengkapannya menurut aturannya. Bawa pulalah kaki pelita ke dalamnya, lalu pasanglah pelita-pelitanya.",
Keluaran,40,5,Keluaran 40:5,وَتَجْعَلُ مَذْبَحَ ٱلذَّهَبِ لِلْبَخُورِ أَمَامَ تَابُوتِ ٱلشَّهَادَةِ. وَتَضَعُ سَجْفَ ٱلْبَابِ لِلْمَسْكَنِ.,"Kamu harus menempatkan mazbah emas untuk dupa itu di depan tabut kesaksian, lalu pasanglah tirai di pintu ke Tenda Suci.","Taruhlah mazbah pembakaran dupa dari emas di depan tabut loh hukum, dan gantungkanlah tirai pintu Kemah Suci.",
Keluaran,40,6,Keluaran 40:6,وَتَجْعَلُ مَذْبَحَ ٱلْمُحْرَقَةِ قُدَّامَ بَابِ مَسْكَنِ خَيْمَةِ ٱلِٱجْتِمَاعِ.,"Kamu harus meletakkan mazbah persembahan bakaran di depan pintu Tenda Suci, tenda pertemuan itu,","Taruhlah mazbah kurban bakaran di depan pintu Kemah Suci, yaitu Kemah Hadirat Allah.",
Keluaran,40,7,Keluaran 40:7,وَتَجْعَلُ ٱلْمِرْحَضَةَ بَيْنَ خَيْمَةِ ٱلِٱجْتِمَاعِ وَٱلْمَذْبَحِ، وَتَجْعَلُ فِيهَا مَاءً.,"dan tempatkanlah bejana itu di antara tenda pertemuan dan mazbah, lalu isilah bejana itu dengan air.","Setelah itu, taruhlah bejana pembasuhan di antara Kemah Hadirat Allah dengan mazbah, yaitu tempat pembakaran kurban, dan tuangkanlah air ke dalamnya.",
Keluaran,40,8,Keluaran 40:8,وَتَضَعُ ٱلدَّارَ حَوْلَهُنَّ، وَتَجْعَلُ ٱلسَّجْفَ لِبَابِ ٱلدَّارِ.,Kamu harus membuat pelataran di sekelilingnya dan pasanglah tirai di gerbang pelataran itu.,Buatlah pelataran di sekelilingnya dan gantungkanlah tirai pintu gerbang pelataran.,
Keluaran,40,9,Keluaran 40:9,وَتَأْخُذُ دُهْنَ ٱلْمَسْحَةِ وَتَمْسَحُ ٱلْمَسْكَنَ وَكُلَّ مَا فِيهِ، وَتُقَدِّسُهُ وَكُلَّ آنِيَتِهِ لِيَكُونَ مُقَدَّسًا.,"Kemudian, kamu harus mengambil minyak urapan dan mengurapi Tenda Suci beserta segala sesuatu di dalamnya, dan kuduskanlah itu dengan segala perkakasnya sehingga semua itu menjadi kudus.","Ambillah minyak upacara, lalu minyakilah Kemah Suci dengan segala yang ada di dalamnya. Sucikanlah kemah itu dengan segala perlengkapannya maka kemah itu akan menjadi suci.",
Keluaran,40,10,Keluaran 40:10,وَتَمْسَحُ مَذْبَحَ ٱلْمُحْرَقَةِ وَكُلَّ آنِيَتِهِ، وَتُقَدِّسُ ٱلْمَذْبَحَ لِيَكُونَ ٱلْمَذْبَحُ قُدْسَ أَقْدَاسٍ.,"Kamu juga harus mengurapi mazbah persembahan bakaran dengan segala perkakasnya, dan kuduskanlah mazbah itu sehingga mazbah itu menjadi mahakudus.","Minyakilah mazbah kurban bakaran dengan segala perlengkapannya, dan sucikanlah mazbah itu, maka mazbah itu akan menjadi teramat suci.",
Keluaran,40,11,Keluaran 40:11,وَتَمْسَحُ ٱلْمِرْحَضَةَ وَقَاعِدَتَهَا وَتُقَدِّسُهَا.,Kamu juga harus mengurapi bejana itu dengan alasnya dan menguduskannya.,"Minyakilah bejana pembasuhan itu dengan alasnya, dan sucikanlah.",
Keluaran,40,12,Keluaran 40:12,وَتُقَدِّمُ هَارُونَ وَبَنِيهِ إِلَى بَابِ خَيْمَةِ ٱلِٱجْتِمَاعِ وَتَغْسِلُهُمْ بِمَاءٍ.,"Kemudian, kamu harus membawa Harun dan anak-anaknya ke pintu tenda pertemuan dan basuhlah mereka dengan air.","Bawalah Harun dan anak-anaknya ke pintu Kemah Hadirat Allah, lalu basuhlah mereka dengan air.",
Keluaran,40,13,Keluaran 40:13,وَتُلْبِسُ هَارُونَ ٱلثِّيَابَ ٱلْمُقَدَّسَةَ وَتَمْسَحُهُ وَتُقَدِّسُهُ لِيَكْهَنَ لِي.,"Kamu harus mengenakan pakaian kudus kepada Harun dan mengurapinya, dan menguduskannya, agar dia dapat melayani-Ku sebagai imam.",Kenakanlah pada Harun pakaian yang suci. Minyakilah dia dan khususkanlah dia untuk menunaikan tugas sebagai imam bagi-Ku.,
Keluaran,40,14,Keluaran 40:14,وَتُقَدِّمُ بَنِيهِ وَتُلْبِسُهُمْ أَقْمِصَةً.,"Lalu, kamu harus membawa anak-anaknya dan mengenakan jubah panjang kepada mereka,","Setelah itu, bawalah anak-anaknya, lalu kenakanlah tunik-tunik pada mereka.",
Keluaran,40,15,Keluaran 40:15,وَتَمْسَحُهُمْ كَمَا مَسَحْتَ أَبَاهُمْ لِيَكْهَنُوا لِي. وَيَكُونُ ذَلِكَ لِتَصِيرَ لَهُمْ مَسْحَتُهُمْ كَهَنُوتًا أَبَدِيًّا فِي أَجْيَالِهِمْ.,"dan urapilah mereka, seperti kamu telah mengurapi ayahnya sebagai seorang imam, supaya mereka dapat melayani-Ku sebagai imam. Pengurapan atas mereka ini sungguh-sungguh akan menjadi keimaman yang kekal turun-temurun.”","Minyakilah mereka seperti engkau meminyaki ayah mereka supaya mereka pun dapat menunaikan tugas sebagai imam bagi-Ku. Maka, upacara pelantikan dengan minyak itu akan membuat mereka resmi memegang jabatan imam, dan hal itu terus berlaku turun-temurun.”",
Keluaran,40,16,Keluaran 40:16,فَفَعَلَ مُوسَى بِحَسَبِ كُلِّ مَا أَمَرَهُ ٱلرَّبُّ. هَكَذَا فَعَلَ.,"Musa melaksanakannya sesuai dengan segala yang telah TUHAN perintahkan kepadanya, demikianlah dia melaksanakannya.",Musa pun melaksanakan semuanya sesuai dengan segala yang diperintahkan ALLAH kepadanya.,
Keluaran,40,17,Keluaran 40:17,وَكَانَ فِي ٱلشَّهْرِ ٱلْأَوَّلِ مِنَ ٱلسَّنَةِ ٱلثَّانِيَةِ فِي أَوَّلِ ٱلشَّهْرِ أَنَّ ٱلْمَسْكَنَ أُقِيمَ.,"Pada bulan pertama dalam tahun kedua, yaitu pada hari pertama bulan itu, Tenda Suci itu pun didirikan.","Dalam tahun kedua, yaitu pada hari pertama di bulan pertama, Kemah Suci didirikan.",
Keluaran,40,18,Keluaran 40:18,أَقَامَ مُوسَى ٱلْمَسْكَنَ، وَجَعَلَ قَوَاعِدَهُ وَوَضَعَ أَلْوَاحَهُ وَجَعَلَ عَوَارِضَهُ وَأَقَامَ أَعْمِدَتَهُ.,"Musa mendirikan Tenda Suci: dia memasang alas-alasnya, dan memasang papan-papannya, memasang palang-palangnya, dan mendirikan tiang-tiangnya.","Musa mendirikan Kemah Suci itu, memasang alas-alasnya, dan menegakkan papan-papannya. Dipasangnya kayu palangnya dan didirikannya tiang-tiangnya.",
Keluaran,40,19,Keluaran 40:19,وَبَسَطَ ٱلْخَيْمَةَ فَوْقَ ٱلْمَسْكَنِ، وَوَضَعَ غِطَاءَ ٱلْخَيْمَةِ عَلَيْهَا مِنْ فَوْقُ، كَمَا أَمَرَ ٱلرَّبُّ مُوسَى.,"Sesudah itu, dia membentangkan tenda bagian luar di atas Tenda Suci dan memasang tudung di atasnya, sebagaimana yang telah diperintahkan TUHAN kepadanya.","Dibentangkannya atap kemah yang menudungi Kemah Suci, lalu dipasangnya tudung kemah di atasnya, seperti yang diperintahkan ALLAH kepadanya.",
Keluaran,40,20,Keluaran 40:20,وَأَخَذَ ٱلشَّهَادَةَ وَجَعَلَهَا فِي ٱلتَّابُوتِ، وَوَضَعَ ٱلْعَصَوَيْنِ عَلَى ٱلتَّابُوتِ مِنْ فَوْقُ.,"Dia pun mengambil kesaksian itu dan meletakkannya di dalam tabut, dan memasang kayu-kayu pengusung di tabut itu, lalu memasang tutup pendamaian di atas tabut itu.","Selanjutnya, ia mengambil loh hukum ALLAH dan menaruhnya di dalam tabut. Dipasangnya kayu pengusung pada tabut itu dan diletakkannya tutup pendamaian di atas tabut itu.",
Keluaran,40,21,Keluaran 40:21,وَأَدْخَلَ ٱلتَّابُوتَ إِلَى ٱلْمَسْكَنِ، وَوَضَعَ حِجَابَ ٱلسَّجْفِ وَسَتَرَ تَابُوتَ ٱلشَّهَادَةِ، كَمَا أَمَرَ ٱلرَّبُّ مُوسَى.,"Kemudian, dia membawa tabut itu ke dalam Tenda Suci, dan memasang tirai penudung untuk menudungi tabut kesaksian itu, sebagaimana yang telah diperintahkan TUHAN kepadanya.","Kemudian, dibawanya tabut itu ke dalam Kemah Suci, digantungkannya tabir penyekat menudungi tabut loh hukum, seperti yang diperintahkan ALLAH kepadanya.",
Keluaran,40,22,Keluaran 40:22,وَجَعَلَ ٱلْمَائِدَةَ فِي خَيْمَةِ ٱلِٱجْتِمَاعِ فِي جَانِبِ ٱلْمَسْكَنِ نَحْوَ ٱلشِّمَالِ خَارِجَ ٱلْحِجَابِ.,"Dia menempatkan meja itu di tenda pertemuan, di sebelah utara Tenda Suci, di luar tirai.","Musa menempatkan meja dalam Kemah Hadirat Allah, yaitu di sebelah luar tabir, pada sisi Kemah Suci sebelah utara.",
Keluaran,40,23,Keluaran 40:23,وَرَتَّبَ عَلَيْهَا تَرْتِيبَ ٱلْخُبْزِ أَمَامَ ٱلرَّبِّ، كَمَا أَمَرَ ٱلرَّبُّ مُوسَى.,"Dia meletakkan roti sajian di atasnya, di hadapan TUHAN, seperti yang telah diperintahkan TUHAN kepadanya.","Lalu, disusunnya roti di atasnya di hadirat ALLAH menurut aturan seperti yang diperintahkan ALLAH kepadanya.",
Keluaran,40,24,Keluaran 40:24,وَوَضَعَ ٱلْمَنَارَةَ فِي خَيْمَةِ ٱلِٱجْتِمَاعِ مُقَابِلَ ٱلْمَائِدَةِ فِي جَانِبِ ٱلْمَسْكَنِ نَحْوَ ٱلْجَنُوبِ.,"Dia menempatkan kaki dian di tenda pertemuan itu, berhadapan dengan meja itu, di sebelah selatan Tenda Suci,","Berhadapan dengan meja itu, ditempatkannya kaki pelita di dalam Kemah Hadirat Allah, yaitu pada sisi Kemah Suci sebelah selatan.",
Keluaran,40,25,Keluaran 40:25,وَأَصْعَدَ ٱلسُّرُجَ أَمَامَ ٱلرَّبِّ، كَمَا أَمَرَ ٱلرَّبُّ مُوسَى.,"dan dia menyalakan pelita-pelita itu di hadapan TUHAN, sebagaimana yang telah diperintahkan TUHAN kepadanya.","Kemudian, dipasangnya pelita-pelita di hadirat ALLAH, seperti yang diperintahkan ALLAH kepadanya.",
Keluaran,40,26,Keluaran 40:26,وَوَضَعَ مَذْبَحَ ٱلذَّهَبِ فِي خَيْمَةِ ٱلِٱجْتِمَاعِ قُدَّامَ ٱلْحِجَابِ،,"Kemudian, dia menempatkan mazbah emas di tenda pertemuan, di depan tirai,","Di dalam Kemah Hadirat Allah itu pula, yaitu di depan tabir, ditempatkannya mazbah dari emas.",
Keluaran,40,27,Keluaran 40:27,وَبَخَّرَ عَلَيْهِ بِبَخُورٍ عَطِرٍ، كَمَا أَمَرَ ٱلرَّبُّ مُوسَى.,"dan dia membakar dupa yang harum di atasnya, sebagaimana yang telah diperintahkan TUHAN kepada Musa.","Di atasnya dibakarnya dupa dari rempah-rempah harum, seperti yang diperintahkan ALLAH kepada Musa.",
Keluaran,40,28,Keluaran 40:28,وَوَضَعَ سَجْفَ ٱلْبَابِ لِلْمَسْكَنِ.,"Setelah itu, dia memasang tirai di pintu Tenda Suci.","Selanjutnya, Musa menggantungkan tirai pintu Kemah Suci.",
Keluaran,40,29,Keluaran 40:29,وَوَضَعَ مَذْبَحَ ٱلْمُحْرَقَةِ عِنْدَ بَابِ مَسْكَنِ خَيْمَةِ ٱلِٱجْتِمَاعِ، وَأَصْعَدَ عَلَيْهِ ٱلْمُحْرَقَةَ وَٱلتَّقْدِمَةَ، كَمَا أَمَرَ ٱلرَّبُّ مُوسَى.,"Dia menempatkan mazbah persembahan bakaran di depan pintu Tenda Suci, tenda pertemuan itu, dan mempersembahkan persembahan bakaran di atasnya, dan persembahan sajian, seperti yang telah diperintahkan TUHAN kepada Musa.","Ditempatkannya mazbah di muka pintu Kemah Suci, yaitu Kemah Hadirat Allah, lalu dipersembahkannya di atasnya kurban bakaran dan persembahan bahan makanan, seperti yang diperintahkan ALLAH kepadanya.",
Keluaran,40,30,Keluaran 40:30,وَوَضَعَ ٱلْمِرْحَضَةَ بَيْنَ خَيْمَةِ ٱلِٱجْتِمَاعِ وَٱلْمَذْبَحِ وَجَعَلَ فِيهَا مَاءً لِلِٱغْتِسَالِ،,"Lalu, dia meletakkan bejana di antara tenda pertemuan dan mazbah itu, dan memasukkan air ke dalamnya untuk membasuh.","Ia menempatkan bejana pembasuhan di antara Kemah Hadirat Allah dengan mazbah itu, lalu dituangkannya air ke dalamnya untuk pembasuhan.",
Keluaran,40,31,Keluaran 40:31,لِيَغْسِلَ مِنْهَا مُوسَى وَهَارُونُ وَبَنُوهُ أَيْدِيَهُمْ وَأَرْجُلَهُمْ.,"Musa, dan Harun, dan anak-anaknya membasuh tangannya dan kakinya di situ.","Kemudian, Musa, Harun, dan anak-anak Harun membasuh tangan serta kaki mereka di situ.",
Keluaran,40,32,Keluaran 40:32,عِنْدَ دُخُولِهِمْ إِلَى خَيْمَةِ ٱلِٱجْتِمَاعِ وَعِنْدَ ٱقْتِرَابِهِمْ إِلَى ٱلْمَذْبَحِ يَغْسِلُونَ، كَمَا أَمَرَ ٱلرَّبُّ مُوسَى.,"Ketika mereka masuk ke tenda pertemuan, dan ketika mereka mendekat ke mazbah, mereka pun membasuh, seperti yang telah diperintahkan TUHAN kepada Musa.","Kapan pun mereka masuk ke dalam Kemah Hadirat Allah dan menghampiri mazbah, mereka harus membasuh tangan dan kaki, seperti yang diperintahkan ALLAH kepada Musa.",
Keluaran,40,33,Keluaran 40:33,وَأَقَامَ ٱلدَّارَ حَوْلَ ٱلْمَسْكَنِ وَٱلْمَذْبَحِ وَوَضَعَ سَجْفَ بَابِ ٱلدَّارِ. وَأَكْمَلَ مُوسَى ٱلْعَمَلَ.,"Lalu, dia mendirikan pelataran di sekeliling Tenda Suci dan mazbah itu, dan memasang tirai gerbang pelataran. Demikianlah Musa menyelesaikan pekerjaan itu.","Setelah itu, Musa mendirikan pagar-pagar pelataran di sekeliling Kemah Suci dan mazbah, lalu menggantungkan tirai pintu gerbang pelataran itu. Demikianlah Musa menyelesaikan pekerjaan itu.",
Keluaran,40,34,Keluaran 40:34,ثُمَّ غَطَّتِ ٱلسَّحَابَةُ خَيْمَةَ ٱلِٱجْتِمَاعِ وَمَلَأَ بَهَاءُ ٱلرَّبِّ ٱلْمَسْكَنَ.,"Kemudian, awan melingkupi tenda pertemuan itu dan kemuliaan TUHAN memenuhi Tenda Suci.","Kemudian, awan menutupi Kemah Hadirat Allah dan kemuliaan ALLAH memenuhi Kemah Suci itu.",
Keluaran,40,35,Keluaran 40:35,فَلَمْ يَقْدِرْ مُوسَى أَنْ يَدْخُلَ خَيْمَةَ ٱلِٱجْتِمَاعِ، لِأَنَّ ٱلسَّحَابَةَ حَلَّتْ عَلَيْهَا وَبَهَاءُ ٱلرَّبِّ مَلَأَ ٱلْمَسْكَنَ.,"Musa tidak dapat memasuki tenda pertemuan itu karena awan itu berdiam di dalamnya, dan kemuliaan TUHAN memenuhi Tenda Suci.",Musa tidak dapat masuk ke dalam Kemah Hadirat Allah sebab awan itu berdiam di atasnya dan kemuliaan ALLAH memenuhi Kemah Suci.,
Keluaran,40,36,Keluaran 40:36,وَعِنْدَ ٱرْتِفَاعِ ٱلسَّحَابَةِ عَنِ ٱلْمَسْكَنِ كَانَ بَنُو إِسْرَائِيلَ يَرْتَحِلُونَ فِي جَمِيعِ رِحْلَاتِهِمْ.,"Ketika awan itu naik dari Tenda Suci, keturunan Israel pun berangkat untuk melanjutkan perjalanan mereka.","Apabila awan itu naik dari atas Kemah Suci, berangkatlah bani Israil melanjutkan perjalanan mereka.",
Keluaran,40,37,Keluaran 40:37,وَإِنْ لَمْ تَرْتَفِعِ ٱلسَّحَابَةُ لَا يَرْتَحِلُونَ إِلَى يَوْمِ ٱرْتِفَاعِهَا،,"Namun, jika awan itu tidak terangkat, mereka tidak akan berangkat sampai pada hari awan itu naik.","Tetapi, jika awan itu tidak terangkat, maka mereka juga tidak berangkat sampai suatu saat awan itu naik.",
Keluaran,40,38,Keluaran 40:38,لِأَنَّ سَحَابَةَ ٱلرَّبِّ كَانَتْ عَلَى ٱلْمَسْكَنِ نَهَارًا. وَكَانَتْ فِيهَا نَارٌ لَيْلًا أَمَامَ عُيُونِ كُلِّ بَيْتِ إِسْرَائِيلَ فِي جَمِيعِ رِحْلَاتِهِمْ.,"Sebab, awan TUHAN ada di atas Tenda Suci itu pada siang hari, dan ada api dalam awan itu pada malam hari di mata semua keturunan Israel, di sepanjang perjalanan mereka.","Awan ALLAH itu ada di atas Kemah Suci pada siang hari, dan pada malam hari ada api di dalam awan itu, di depan mata seluruh kaum keturunan Israil dalam seluruh tahapan perjalanan mereka.",
